
	dat input file for DRAGON5
------------------------------------------------------------


* typge, nbfo, node, elem, macr, nreg,    z, mac2
      1,    3,   941,  1882,     8,  941,     0,     1
* index  kindex
      0       0  1
*     eps    eps0
  1.000000E-05   1.000000E-05
*   flux region number per geometry region (mesh)
   1,   2,   3,   4,   5,   6,   7,   8,   9,  10,  11,  12,
  13,  14,  15,  16,  17,  18,  19,  20,  21,  22,  23,  24,
  25,  26,  27,  28,  29,  30,  31,  32,  33,  34,  35,  36,
  37,  38,  39,  40,  41,  42,  43,  44,  45,  46,  47,  48,
  49,  50,  51,  52,  53,  54,  55,  56,  57,  58,  59,  60,
  61,  62,  63,  64,  65,  66,  67,  68,  69,  70,  71,  72,
  73,  74,  75,  76,  77,  78,  79,  80,  81,  82,  83,  84,
  85,  86,  87,  88,  89,  90,  91,  92,  93,  94,  95,  96,
  97,  98,  99, 100, 101, 102, 103, 104, 105, 106, 107, 108,
 109, 110, 111, 112, 113, 114, 115, 116, 117, 118, 119, 120,
 121, 122, 123, 124, 125, 126, 127, 128, 129, 130, 131, 132,
 133, 134, 135, 136, 137, 138, 139, 140, 141, 142, 143, 144,
 145, 146, 147, 148, 149, 150, 151, 152, 153, 154, 155, 156,
 157, 158, 159, 160, 161, 162, 163, 164, 165, 166, 167, 168,
 169, 170, 171, 172, 173, 174, 175, 176, 177, 178, 179, 180,
 181, 182, 183, 184, 185, 186, 187, 188, 189, 190, 191, 192,
 193, 194, 195, 196, 197, 198, 199, 200, 201, 202, 203, 204,
 205, 206, 207, 208, 209, 210, 211, 212, 213, 214, 215, 216,
 217, 218, 219, 220, 221, 222, 223, 224, 225, 226, 227, 228,
 229, 230, 231, 232, 233, 234, 235, 236, 237, 238, 239, 240,
 241, 242, 243, 244, 245, 246, 247, 248, 249, 250, 251, 252,
 253, 254, 255, 256, 257, 258, 259, 260, 261, 262, 263, 264,
 265, 266, 267, 268, 269, 270, 271, 272, 273, 274, 275, 276,
 277, 278, 279, 280, 281, 282, 283, 284, 285, 286, 287, 288,
 289, 290, 291, 292, 293, 294, 295, 296, 297, 298, 299, 300,
 301, 302, 303, 304, 305, 306, 307, 308, 309, 310, 311, 312,
 313, 314, 315, 316, 317, 318, 319, 320, 321, 322, 323, 324,
 325, 326, 327, 328, 329, 330, 331, 332, 333, 334, 335, 336,
 337, 338, 339, 340, 341, 342, 343, 344, 345, 346, 347, 348,
 349, 350, 351, 352, 353, 354, 355, 356, 357, 358, 359, 360,
 361, 362, 363, 364, 365, 366, 367, 368, 369, 370, 371, 372,
 373, 374, 375, 376, 377, 378, 379, 380, 381, 382, 383, 384,
 385, 386, 387, 388, 389, 390, 391, 392, 393, 394, 395, 396,
 397, 398, 399, 400, 401, 402, 403, 404, 405, 406, 407, 408,
 409, 410, 411, 412, 413, 414, 415, 416, 417, 418, 419, 420,
 421, 422, 423, 424, 425, 426, 427, 428, 429, 430, 431, 432,
 433, 434, 435, 436, 437, 438, 439, 440, 441, 442, 443, 444,
 445, 446, 447, 448, 449, 450, 451, 452, 453, 454, 455, 456,
 457, 458, 459, 460, 461, 462, 463, 464, 465, 466, 467, 468,
 469, 470, 471, 472, 473, 474, 475, 476, 477, 478, 479, 480,
 481, 482, 483, 484, 485, 486, 487, 488, 489, 490, 491, 492,
 493, 494, 495, 496, 497, 498, 499, 500, 501, 502, 503, 504,
 505, 506, 507, 508, 509, 510, 511, 512, 513, 514, 515, 516,
 517, 518, 519, 520, 521, 522, 523, 524, 525, 526, 527, 528,
 529, 530, 531, 532, 533, 534, 535, 536, 537, 538, 539, 540,
 541, 542, 543, 544, 545, 546, 547, 548, 549, 550, 551, 552,
 553, 554, 555, 556, 557, 558, 559, 560, 561, 562, 563, 564,
 565, 566, 567, 568, 569, 570, 571, 572, 573, 574, 575, 576,
 577, 578, 579, 580, 581, 582, 583, 584, 585, 586, 587, 588,
 589, 590, 591, 592, 593, 594, 595, 596, 597, 598, 599, 600,
 601, 602, 603, 604, 605, 606, 607, 608, 609, 610, 611, 612,
 613, 614, 615, 616, 617, 618, 619, 620, 621, 622, 623, 624,
 625, 626, 627, 628, 629, 630, 631, 632, 633, 634, 635, 636,
 637, 638, 639, 640, 641, 642, 643, 644, 645, 646, 647, 648,
 649, 650, 651, 652, 653, 654, 655, 656, 657, 658, 659, 660,
 661, 662, 663, 664, 665, 666, 667, 668, 669, 670, 671, 672,
 673, 674, 675, 676, 677, 678, 679, 680, 681, 682, 683, 684,
 685, 686, 687, 688, 689, 690, 691, 692, 693, 694, 695, 696,
 697, 698, 699, 700, 701, 702, 703, 704, 705, 706, 707, 708,
 709, 710, 711, 712, 713, 714, 715, 716, 717, 718, 719, 720,
 721, 722, 723, 724, 725, 726, 727, 728, 729, 730, 731, 732,
 733, 734, 735, 736, 737, 738, 739, 740, 741, 742, 743, 744,
 745, 746, 747, 748, 749, 750, 751, 752, 753, 754, 755, 756,
 757, 758, 759, 760, 761, 762, 763, 764, 765, 766, 767, 768,
 769, 770, 771, 772, 773, 774, 775, 776, 777, 778, 779, 780,
 781, 782, 783, 784, 785, 786, 787, 788, 789, 790, 791, 792,
 793, 794, 795, 796, 797, 798, 799, 800, 801, 802, 803, 804,
 805, 806, 807, 808, 809, 810, 811, 812, 813, 814, 815, 816,
 817, 818, 819, 820, 821, 822, 823, 824, 825, 826, 827, 828,
 829, 830, 831, 832, 833, 834, 835, 836, 837, 838, 839, 840,
 841, 842, 843, 844, 845, 846, 847, 848, 849, 850, 851, 852,
 853, 854, 855, 856, 857, 858, 859, 860, 861, 862, 863, 864,
 865, 866, 867, 868, 869, 870, 871, 872, 873, 874, 875, 876,
 877, 878, 879, 880, 881, 882, 883, 884, 885, 886, 887, 888,
 889, 890, 891, 892, 893, 894, 895, 896, 897, 898, 899, 900,
 901, 902, 903, 904, 905, 906, 907, 908, 909, 910, 911, 912,
 913, 914, 915, 916, 917, 918, 919, 920, 921, 922, 923, 924,
 925, 926, 927, 928, 929, 930, 931, 932, 933, 934, 935, 936,
 937, 938, 939, 940, 941
*   names of macros
 MACRO02 MACRO03 MACRO04 MACRO06
 MACRO08 MACRO12 MACRO16 MACRO01
*   macro order number per flux region
  1,  1,  1,  1,  1,  1,  1,  1,  1,  1,  1,  1,
  1,  1,  1,  1,  1,  1,  2,  2,  2,  2,  2,  2,
  2,  2,  2,  2,  2,  2,  2,  2,  2,  2,  2,  2,
  2,  2,  2,  2,  2,  2,  2,  2,  2,  2,  2,  2,
  2,  2,  2,  2,  2,  2,  2,  2,  2,  2,  2,  2,
  2,  2,  2,  2,  2,  2,  2,  2,  2,  2,  2,  2,
  3,  3,  3,  3,  3,  3,  3,  3,  3,  3,  3,  3,
  3,  3,  3,  3,  3,  3,  3,  3,  3,  3,  3,  3,
  3,  3,  3,  3,  3,  3,  3,  3,  3,  3,  3,  3,
  1,  1,  1,  1,  1,  1,  1,  1,  1,  1,  1,  1,
  1,  1,  1,  1,  1,  1,  2,  2,  2,  2,  2,  2,
  2,  2,  2,  2,  2,  2,  2,  2,  2,  2,  2,  2,
  3,  3,  3,  3,  3,  3,  3,  3,  3,  3,  3,  3,
  3,  3,  3,  3,  3,  3,  4,  4,  4,  4,  4,  4,
  4,  4,  4,  4,  4,  4,  4,  4,  4,  4,  4,  4,
  4,  4,  4,  4,  4,  4,  4,  4,  4,  4,  4,  4,
  4,  4,  4,  4,  4,  4,  4,  4,  4,  4,  4,  4,
  4,  4,  4,  4,  4,  4,  4,  4,  4,  4,  4,  4,
  4,  4,  4,  4,  4,  4,  4,  4,  4,  4,  4,  4,
  4,  4,  4,  4,  4,  4,  4,  4,  5,  5,  5,  5,
  5,  5,  5,  5,  5,  5,  5,  5,  5,  5,  5,  5,
  5,  5,  5,  5,  4,  4,  4,  4,  4,  4,  4,  4,
  4,  4,  4,  4,  4,  4,  4,  4,  4,  4,  4,  4,
  4,  4,  4,  4,  4,  4,  4,  4,  4,  4,  4,  4,
  4,  4,  4,  4,  5,  5,  5,  5,  5,  5,  5,  5,
  5,  5,  5,  5,  5,  5,  5,  5,  5,  5,  4,  4,
  4,  4,  4,  4,  4,  4,  4,  4,  4,  4,  4,  4,
  4,  4,  4,  4,  5,  5,  5,  5,  5,  5,  5,  5,
  5,  5,  5,  5,  5,  5,  5,  5,  5,  5,  5,  5,
  5,  5,  5,  5,  5,  5,  5,  5,  5,  5,  5,  5,
  5,  5,  5,  5,  4,  4,  4,  4,  4,  4,  4,  4,
  4,  4,  4,  4,  4,  4,  4,  4,  4,  4,  4,  4,
  4,  4,  4,  4,  4,  4,  4,  4,  4,  4,  4,  4,
  4,  4,  4,  4,  4,  4,  6,  6,  6,  6,  6,  6,
  6,  6,  6,  6,  6,  6,  6,  6,  6,  6,  6,  6,
  6,  6,  6,  6,  6,  6,  6,  6,  6,  6,  6,  6,
  6,  6,  6,  6,  6,  6,  6,  6,  4,  4,  4,  4,
  4,  4,  4,  4,  4,  4,  4,  4,  4,  4,  4,  4,
  4,  4,  4,  4,  4,  4,  4,  4,  4,  4,  4,  4,
  4,  4,  4,  4,  6,  6,  6,  6,  6,  6,  6,  6,
  6,  6,  6,  6,  6,  6,  6,  6,  6,  6,  4,  4,
  4,  4,  4,  4,  4,  4,  4,  4,  4,  4,  4,  4,
  6,  6,  6,  6,  6,  6,  6,  6,  6,  6,  6,  6,
  6,  6,  6,  6,  6,  6,  6,  6,  6,  6,  6,  6,
  6,  6,  6,  6,  6,  6,  6,  6,  6,  6,  6,  6,
  6,  6,  7,  7,  7,  7,  7,  7,  7,  7,  7,  7,
  7,  7,  7,  7,  7,  7,  7,  7,  7,  7,  7,  7,
  7,  7,  7,  7,  7,  7,  7,  7,  7,  7,  8,  8,
  8,  8,  8,  8,  8,  8,  8,  8,  8,  8,  8,  8,
  8,  8,  8,  8,  8,  8,  8,  8,  8,  8,  8,  8,
  8,  8,  8,  8,  8,  8,  1,  1,  1,  1,  1,  1,
  1,  1,  1,  1,  1,  1,  1,  1,  1,  1,  1,  1,
  1,  1,  1,  1,  1,  1,  1,  1,  1,  1,  1,  1,
  1,  1,  1,  1,  1,  1,  1,  1,  1,  1,  1,  1,
  1,  1,  1,  1,  1,  1,  1,  1,  1,  1,  1,  1,
  2,  2,  2,  2,  2,  2,  2,  2,  2,  2,  2,  2,
  2,  2,  2,  2,  2,  2,  2,  2,  4,  4,  4,  4,
  4,  4,  4,  4,  4,  4,  4,  4,  4,  4,  4,  4,
  4,  4,  4,  4,  4,  4,  4,  4,  4,  4,  4,  4,
  4,  4,  4,  4,  4,  4,  5,  5,  5,  5,  5,  5,
  5,  5,  5,  5,  5,  5,  5,  5,  5,  5,  5,  5,
  4,  4,  4,  4,  4,  4,  4,  4,  4,  4,  4,  4,
  4,  4,  4,  4,  4,  4,  4,  4,  4,  4,  4,  4,
  4,  4,  4,  4,  4,  4,  8,  8,  8,  8,  8,  8,
  8,  8,  8,  8,  1,  1,  1,  1,  1,  1,  1,  1,
  1,  1,  1,  1,  1,  1,  2,  2,  2,  2,  2,  2,
  2,  2,  2,  2,  2,  2,  2,  2,  3,  3,  3,  3,
  3,  3,  3,  3,  3,  3,  3,  3,  3,  3,  5,  5,
  5,  5,  5,  5,  5,  5,  5,  5,  5,  5,  5,  5,
  4,  4,  4,  4,  4,  4,  4,  4,  4,  4,  4,  4,
  4,  4,  4,  4,  4,  4,  4,  4,  6,  6,  6,  6,
  6,  6,  6,  6,  6,  6,  6,  6,  6,  6,  7,  7,
  7,  7,  7,  7,  7,  7,  7,  7,  8,  8,  8,  8,
  8,  8,  1,  1,  1,  1,  1,  1,  1,  1,  1,  2,
  2,  2,  2,  2,  2,  2,  2,  2,  3,  3,  3,  3,
  3,  3,  3,  3,  3,  3,  3,  3,  5,  5,  5,  5,
  5,  5,  5,  5,  5,  6,  6,  6,  6,  6,  6,  6,
  6,  6,  7,  7,  7,  7,  7,  7,  8,  8,  3,  3,
  7,  7,  8,  3,  7
   elements
* ELEM  1  line segment
 1, 629, 1
*
  6.3200000E+00, 1.5007612E+00, 0.0000000E+00, -3.8076118E-01
* ELEM  2  line segment
 1, 1, 3
*
  6.3200000E+00, 1.5007612E+00, 3.8076118E-01, -3.8076118E-01
* ELEM  3  line segment
 1, 885, 1
*
  6.3200000E+00, 1.1200000E+00, 3.8076118E-01, 0.0000000E+00
* ELEM  4  line segment
 1, 3, 2
*
  6.7729180E+00, 1.2942020E+00, -7.2156848E-02, -1.7420204E-01
* ELEM  5  circular arc
 3, 13, 2
*
  6.9700000E+00, 1.7700000E+00, 5.1500000E-01, 2.4750000E+02, 4.5000000E+01
* ELEM  6  line segment
 1, 2, 6
*
  7.1670820E+00, 1.2942020E+00, 7.2156848E-02, -1.7420204E-01
* ELEM  7  line segment
 1, 885, 2
*
  6.7007612E+00, 1.1200000E+00, 5.3847763E-01, 0.0000000E+00
* ELEM  8  line segment
 1, 4, 3
*
  6.4942020E+00, 1.5729180E+00, -1.7420204E-01, -7.2156848E-02
* ELEM  9  circular arc
 3, 13, 3
*
  6.9700000E+00, 1.7700000E+00, 5.1500000E-01, 2.0250000E+02, 4.5000000E+01
* ELEM  10  line segment
 1, 633, 4
*
  6.3200000E+00, 2.0392388E+00, 0.0000000E+00, -5.3847763E-01
* ELEM  11  line segment
 1, 7, 4
*
  6.4942020E+00, 1.9670820E+00, -1.7420204E-01, 7.2156848E-02
* ELEM  12  circular arc
 3, 13, 4
*
  6.9700000E+00, 1.7700000E+00, 5.1500000E-01, 1.5750000E+02, 4.5000000E+01
* ELEM  13  line segment
 1, 5, 6
*
  7.2392388E+00, 1.1200000E+00, 3.8076118E-01, 3.8076118E-01
* ELEM  14  line segment
 1, 19, 5
*
  7.6200000E+00, 1.1200000E+00, 0.0000000E+00, 3.8076118E-01
* ELEM  15  line segment
 1, 885, 5
*
  7.2392388E+00, 1.1200000E+00, 3.8076118E-01, 0.0000000E+00
* ELEM  16  circular arc
 3, 13, 6
*
  6.9700000E+00, 1.7700000E+00, 5.1500000E-01, 2.9250000E+02, 4.5000000E+01
* ELEM  17  line segment
 1, 6, 9
*
  7.4457980E+00, 1.5729180E+00, 1.7420204E-01, -7.2156848E-02
* ELEM  18  line segment
 1, 8, 7
*
  6.7007612E+00, 2.4200000E+00, -3.8076118E-01, -3.8076118E-01
* ELEM  19  line segment
 1, 10, 7
*
  6.7729180E+00, 2.2457980E+00, -7.2156848E-02, 1.7420204E-01
* ELEM  20  circular arc
 3, 13, 7
*
  6.9700000E+00, 1.7700000E+00, 5.1500000E-01, 1.1250000E+02, 4.5000000E+01
* ELEM  21  line segment
 1, 635, 8
*
  6.3200000E+00, 2.4200000E+00, 0.0000000E+00, -3.8076118E-01
* ELEM  22  line segment
 1, 645, 8
*
  6.7007612E+00, 2.4200000E+00, -3.8076118E-01, 0.0000000E+00
* ELEM  23  circular arc
 3, 13, 9
*
  6.9700000E+00, 1.7700000E+00, 5.1500000E-01, 3.3750000E+02, 2.2500000E+01
* ELEM  24  circular arc
 3, 13, 9
*
  6.9700000E+00, 1.7700000E+00, 5.1500000E-01, 0.0000000E+00, 2.2500000E+01
* ELEM  25  line segment
 1, 9, 12
*
  7.4457980E+00, 1.9670820E+00, 1.7420204E-01, 7.2156848E-02
* ELEM  26  line segment
 1, 22, 9
*
  7.6200000E+00, 1.5007612E+00, 0.0000000E+00, 5.3847763E-01
* ELEM  27  line segment
 1, 643, 10
*
  7.2392388E+00, 2.4200000E+00, -5.3847763E-01, 0.0000000E+00
* ELEM  28  line segment
 1, 12, 10
*
  7.1670820E+00, 2.2457980E+00, 7.2156848E-02, 1.7420204E-01
* ELEM  29  circular arc
 3, 13, 10
*
  6.9700000E+00, 1.7700000E+00, 5.1500000E-01, 6.7500000E+01, 4.5000000E+01
* ELEM  30  line segment
 1, 11, 12
*
  7.6200000E+00, 2.0392388E+00, -3.8076118E-01, 3.8076118E-01
* ELEM  31  line segment
 1, 646, 11
*
  7.6200000E+00, 2.4200000E+00, -3.8076118E-01, 0.0000000E+00
* ELEM  32  line segment
 1, 26, 11
*
  7.6200000E+00, 2.0392388E+00, 0.0000000E+00, 3.8076118E-01
* ELEM  33  circular arc
 3, 13, 12
*
  6.9700000E+00, 1.7700000E+00, 5.1500000E-01, 2.2500000E+01, 4.5000000E+01
* ELEM  34  circle
 2, 14, 13
*
  6.9700000E+00, 1.7700000E+00, 4.4700000E-01, 0.0000000E+00
* ELEM  35  circle
 2, 15, 14
*
  6.9700000E+00, 1.7700000E+00, 4.3800000E-01, 0.0000000E+00
* ELEM  36  circle
 2, 16, 15
*
  6.9700000E+00, 1.7700000E+00, 4.2690959E-01, 0.0000000E+00
* ELEM  37  circle
 2, 17, 16
*
  6.9700000E+00, 1.7700000E+00, 3.9175911E-01, 0.0000000E+00
* ELEM  38  circle
 2, 18, 17
*
  6.9700000E+00, 1.7700000E+00, 3.0971277E-01, 0.0000000E+00
* ELEM  39  line segment
 1, 19, 21
*
  7.6200000E+00, 1.5007612E+00, 3.8076118E-01, -3.8076118E-01
* ELEM  40  line segment
 1, 888, 19
*
  7.6200000E+00, 1.1200000E+00, 3.8076118E-01, 0.0000000E+00
* ELEM  41  line segment
 1, 21, 20
*
  8.0729180E+00, 1.2942020E+00, -7.2156848E-02, -1.7420204E-01
* ELEM  42  circular arc
 3, 31, 20
*
  8.2700000E+00, 1.7700000E+00, 5.1500000E-01, 2.4750000E+02, 4.5000000E+01
* ELEM  43  line segment
 1, 20, 24
*
  8.4670820E+00, 1.2942020E+00, 7.2156848E-02, -1.7420204E-01
* ELEM  44  line segment
 1, 888, 20
*
  8.0007612E+00, 1.1200000E+00, 5.3847763E-01, 0.0000000E+00
* ELEM  45  line segment
 1, 22, 21
*
  7.7942020E+00, 1.5729180E+00, -1.7420204E-01, -7.2156848E-02
* ELEM  46  circular arc
 3, 31, 21
*
  8.2700000E+00, 1.7700000E+00, 5.1500000E-01, 2.0250000E+02, 4.5000000E+01
* ELEM  47  line segment
 1, 25, 22
*
  7.7942020E+00, 1.9670820E+00, -1.7420204E-01, 7.2156848E-02
* ELEM  48  circular arc
 3, 31, 22
*
  8.2700000E+00, 1.7700000E+00, 5.1500000E-01, 1.5750000E+02, 4.5000000E+01
* ELEM  49  line segment
 1, 23, 24
*
  8.5392388E+00, 1.1200000E+00, 3.8076118E-01, 3.8076118E-01
* ELEM  50  line segment
 1, 37, 23
*
  8.9200000E+00, 1.1200000E+00, 0.0000000E+00, 3.8076118E-01
* ELEM  51  line segment
 1, 888, 23
*
  8.5392388E+00, 1.1200000E+00, 3.8076118E-01, 0.0000000E+00
* ELEM  52  circular arc
 3, 31, 24
*
  8.2700000E+00, 1.7700000E+00, 5.1500000E-01, 2.9250000E+02, 4.5000000E+01
* ELEM  53  line segment
 1, 24, 27
*
  8.7457980E+00, 1.5729180E+00, 1.7420204E-01, -7.2156848E-02
* ELEM  54  line segment
 1, 26, 25
*
  8.0007612E+00, 2.4200000E+00, -3.8076118E-01, -3.8076118E-01
* ELEM  55  line segment
 1, 28, 25
*
  8.0729180E+00, 2.2457980E+00, -7.2156848E-02, 1.7420204E-01
* ELEM  56  circular arc
 3, 31, 25
*
  8.2700000E+00, 1.7700000E+00, 5.1500000E-01, 1.1250000E+02, 4.5000000E+01
* ELEM  57  line segment
 1, 129, 26
*
  8.0007612E+00, 2.4200000E+00, -3.8076118E-01, 0.0000000E+00
* ELEM  58  circular arc
 3, 31, 27
*
  8.2700000E+00, 1.7700000E+00, 5.1500000E-01, 3.3750000E+02, 2.2500000E+01
* ELEM  59  circular arc
 3, 31, 27
*
  8.2700000E+00, 1.7700000E+00, 5.1500000E-01, 0.0000000E+00, 2.2500000E+01
* ELEM  60  line segment
 1, 27, 30
*
  8.7457980E+00, 1.9670820E+00, 1.7420204E-01, 7.2156848E-02
* ELEM  61  line segment
 1, 40, 27
*
  8.9200000E+00, 1.5007612E+00, 0.0000000E+00, 5.3847763E-01
* ELEM  62  line segment
 1, 127, 28
*
  8.5392388E+00, 2.4200000E+00, -5.3847763E-01, 0.0000000E+00
* ELEM  63  line segment
 1, 30, 28
*
  8.4670820E+00, 2.2457980E+00, 7.2156848E-02, 1.7420204E-01
* ELEM  64  circular arc
 3, 31, 28
*
  8.2700000E+00, 1.7700000E+00, 5.1500000E-01, 6.7500000E+01, 4.5000000E+01
* ELEM  65  line segment
 1, 29, 30
*
  8.9200000E+00, 2.0392388E+00, -3.8076118E-01, 3.8076118E-01
* ELEM  66  line segment
 1, 130, 29
*
  8.9200000E+00, 2.4200000E+00, -3.8076118E-01, 0.0000000E+00
* ELEM  67  line segment
 1, 44, 29
*
  8.9200000E+00, 2.0392388E+00, 0.0000000E+00, 3.8076118E-01
* ELEM  68  circular arc
 3, 31, 30
*
  8.2700000E+00, 1.7700000E+00, 5.1500000E-01, 2.2500000E+01, 4.5000000E+01
* ELEM  69  circle
 2, 32, 31
*
  8.2700000E+00, 1.7700000E+00, 4.4700000E-01, 0.0000000E+00
* ELEM  70  circle
 2, 33, 32
*
  8.2700000E+00, 1.7700000E+00, 4.3800000E-01, 0.0000000E+00
* ELEM  71  circle
 2, 34, 33
*
  8.2700000E+00, 1.7700000E+00, 4.2690959E-01, 0.0000000E+00
* ELEM  72  circle
 2, 35, 34
*
  8.2700000E+00, 1.7700000E+00, 3.9175911E-01, 0.0000000E+00
* ELEM  73  circle
 2, 36, 35
*
  8.2700000E+00, 1.7700000E+00, 3.0971277E-01, 0.0000000E+00
* ELEM  74  line segment
 1, 37, 39
*
  8.9200000E+00, 1.5007612E+00, 3.8076118E-01, -3.8076118E-01
* ELEM  75  line segment
 1, 891, 37
*
  8.9200000E+00, 1.1200000E+00, 3.8076118E-01, 0.0000000E+00
* ELEM  76  line segment
 1, 39, 38
*
  9.3729180E+00, 1.2942020E+00, -7.2156848E-02, -1.7420204E-01
* ELEM  77  circular arc
 3, 49, 38
*
  9.5700000E+00, 1.7700000E+00, 5.1500000E-01, 2.4750000E+02, 4.5000000E+01
* ELEM  78  line segment
 1, 38, 42
*
  9.7670820E+00, 1.2942020E+00, 7.2156848E-02, -1.7420204E-01
* ELEM  79  line segment
 1, 891, 38
*
  9.3007612E+00, 1.1200000E+00, 5.3847763E-01, 0.0000000E+00
* ELEM  80  line segment
 1, 40, 39
*
  9.0942020E+00, 1.5729180E+00, -1.7420204E-01, -7.2156848E-02
* ELEM  81  circular arc
 3, 49, 39
*
  9.5700000E+00, 1.7700000E+00, 5.1500000E-01, 2.0250000E+02, 4.5000000E+01
* ELEM  82  line segment
 1, 43, 40
*
  9.0942020E+00, 1.9670820E+00, -1.7420204E-01, 7.2156848E-02
* ELEM  83  circular arc
 3, 49, 40
*
  9.5700000E+00, 1.7700000E+00, 5.1500000E-01, 1.5750000E+02, 4.5000000E+01
* ELEM  84  line segment
 1, 41, 42
*
  9.8392388E+00, 1.1200000E+00, 3.8076118E-01, 3.8076118E-01
* ELEM  85  line segment
 1, 55, 41
*
  1.0220000E+01, 1.1200000E+00, 0.0000000E+00, 3.8076118E-01
* ELEM  86  line segment
 1, 891, 41
*
  9.8392388E+00, 1.1200000E+00, 3.8076118E-01, 0.0000000E+00
* ELEM  87  circular arc
 3, 49, 42
*
  9.5700000E+00, 1.7700000E+00, 5.1500000E-01, 2.9250000E+02, 4.5000000E+01
* ELEM  88  line segment
 1, 42, 45
*
  1.0045798E+01, 1.5729180E+00, 1.7420204E-01, -7.2156848E-02
* ELEM  89  line segment
 1, 44, 43
*
  9.3007612E+00, 2.4200000E+00, -3.8076118E-01, -3.8076118E-01
* ELEM  90  line segment
 1, 46, 43
*
  9.3729180E+00, 2.2457980E+00, -7.2156848E-02, 1.7420204E-01
* ELEM  91  circular arc
 3, 49, 43
*
  9.5700000E+00, 1.7700000E+00, 5.1500000E-01, 1.1250000E+02, 4.5000000E+01
* ELEM  92  line segment
 1, 789, 44
*
  9.3007612E+00, 2.4200000E+00, -3.8076118E-01, 0.0000000E+00
* ELEM  93  circular arc
 3, 49, 45
*
  9.5700000E+00, 1.7700000E+00, 5.1500000E-01, 3.3750000E+02, 2.2500000E+01
* ELEM  94  circular arc
 3, 49, 45
*
  9.5700000E+00, 1.7700000E+00, 5.1500000E-01, 0.0000000E+00, 2.2500000E+01
* ELEM  95  line segment
 1, 45, 48
*
  1.0045798E+01, 1.9670820E+00, 1.7420204E-01, 7.2156848E-02
* ELEM  96  line segment
 1, 58, 45
*
  1.0220000E+01, 1.5007612E+00, 0.0000000E+00, 5.3847763E-01
* ELEM  97  line segment
 1, 787, 46
*
  9.8392388E+00, 2.4200000E+00, -5.3847763E-01, 0.0000000E+00
* ELEM  98  line segment
 1, 48, 46
*
  9.7670820E+00, 2.2457980E+00, 7.2156848E-02, 1.7420204E-01
* ELEM  99  circular arc
 3, 49, 46
*
  9.5700000E+00, 1.7700000E+00, 5.1500000E-01, 6.7500000E+01, 4.5000000E+01
* ELEM  100  line segment
 1, 47, 48
*
  1.0220000E+01, 2.0392388E+00, -3.8076118E-01, 3.8076118E-01
* ELEM  101  line segment
 1, 790, 47
*
  1.0220000E+01, 2.4200000E+00, -3.8076118E-01, 0.0000000E+00
* ELEM  102  line segment
 1, 62, 47
*
  1.0220000E+01, 2.0392388E+00, 0.0000000E+00, 3.8076118E-01
* ELEM  103  circular arc
 3, 49, 48
*
  9.5700000E+00, 1.7700000E+00, 5.1500000E-01, 2.2500000E+01, 4.5000000E+01
* ELEM  104  circle
 2, 50, 49
*
  9.5700000E+00, 1.7700000E+00, 4.4700000E-01, 0.0000000E+00
* ELEM  105  circle
 2, 51, 50
*
  9.5700000E+00, 1.7700000E+00, 4.3800000E-01, 0.0000000E+00
* ELEM  106  circle
 2, 52, 51
*
  9.5700000E+00, 1.7700000E+00, 4.2690959E-01, 0.0000000E+00
* ELEM  107  circle
 2, 53, 52
*
  9.5700000E+00, 1.7700000E+00, 3.9175911E-01, 0.0000000E+00
* ELEM  108  circle
 2, 54, 53
*
  9.5700000E+00, 1.7700000E+00, 3.0971277E-01, 0.0000000E+00
* ELEM  109  line segment
 1, 55, 57
*
  1.0220000E+01, 1.5007612E+00, 3.8076118E-01, -3.8076118E-01
* ELEM  110  line segment
 1, 894, 55
*
  1.0220000E+01, 1.1200000E+00, 3.8076118E-01, 0.0000000E+00
* ELEM  111  line segment
 1, 57, 56
*
  1.0672918E+01, 1.2942020E+00, -7.2156848E-02, -1.7420204E-01
* ELEM  112  circular arc
 3, 67, 56
*
  1.0870000E+01, 1.7700000E+00, 5.1500000E-01, 2.4750000E+02, 4.5000000E+01
* ELEM  113  line segment
 1, 56, 60
*
  1.1067082E+01, 1.2942020E+00, 7.2156848E-02, -1.7420204E-01
* ELEM  114  line segment
 1, 894, 56
*
  1.0600761E+01, 1.1200000E+00, 5.3847763E-01, 0.0000000E+00
* ELEM  115  line segment
 1, 58, 57
*
  1.0394202E+01, 1.5729180E+00, -1.7420204E-01, -7.2156848E-02
* ELEM  116  circular arc
 3, 67, 57
*
  1.0870000E+01, 1.7700000E+00, 5.1500000E-01, 2.0250000E+02, 4.5000000E+01
* ELEM  117  line segment
 1, 61, 58
*
  1.0394202E+01, 1.9670820E+00, -1.7420204E-01, 7.2156848E-02
* ELEM  118  circular arc
 3, 67, 58
*
  1.0870000E+01, 1.7700000E+00, 5.1500000E-01, 1.5750000E+02, 4.5000000E+01
* ELEM  119  line segment
 1, 59, 60
*
  1.1139239E+01, 1.1200000E+00, 3.8076118E-01, 3.8076118E-01
* ELEM  120  line segment
 1, 73, 59
*
  1.1520000E+01, 1.1200000E+00, 0.0000000E+00, 3.8076118E-01
* ELEM  121  line segment
 1, 894, 59
*
  1.1139239E+01, 1.1200000E+00, 3.8076118E-01, 0.0000000E+00
* ELEM  122  circular arc
 3, 67, 60
*
  1.0870000E+01, 1.7700000E+00, 5.1500000E-01, 2.9250000E+02, 4.5000000E+01
* ELEM  123  line segment
 1, 60, 63
*
  1.1345798E+01, 1.5729180E+00, 1.7420204E-01, -7.2156848E-02
* ELEM  124  line segment
 1, 62, 61
*
  1.0600761E+01, 2.4200000E+00, -3.8076118E-01, -3.8076118E-01
* ELEM  125  line segment
 1, 64, 61
*
  1.0672918E+01, 2.2457980E+00, -7.2156848E-02, 1.7420204E-01
* ELEM  126  circular arc
 3, 67, 61
*
  1.0870000E+01, 1.7700000E+00, 5.1500000E-01, 1.1250000E+02, 4.5000000E+01
* ELEM  127  line segment
 1, 663, 62
*
  1.0600761E+01, 2.4200000E+00, -3.8076118E-01, 0.0000000E+00
* ELEM  128  circular arc
 3, 67, 63
*
  1.0870000E+01, 1.7700000E+00, 5.1500000E-01, 3.3750000E+02, 2.2500000E+01
* ELEM  129  circular arc
 3, 67, 63
*
  1.0870000E+01, 1.7700000E+00, 5.1500000E-01, 0.0000000E+00, 2.2500000E+01
* ELEM  130  line segment
 1, 63, 66
*
  1.1345798E+01, 1.9670820E+00, 1.7420204E-01, 7.2156848E-02
* ELEM  131  line segment
 1, 76, 63
*
  1.1520000E+01, 1.5007612E+00, 0.0000000E+00, 5.3847763E-01
* ELEM  132  line segment
 1, 661, 64
*
  1.1139239E+01, 2.4200000E+00, -5.3847763E-01, 0.0000000E+00
* ELEM  133  line segment
 1, 66, 64
*
  1.1067082E+01, 2.2457980E+00, 7.2156848E-02, 1.7420204E-01
* ELEM  134  circular arc
 3, 67, 64
*
  1.0870000E+01, 1.7700000E+00, 5.1500000E-01, 6.7500000E+01, 4.5000000E+01
* ELEM  135  line segment
 1, 65, 66
*
  1.1520000E+01, 2.0392388E+00, -3.8076118E-01, 3.8076118E-01
* ELEM  136  line segment
 1, 664, 65
*
  1.1520000E+01, 2.4200000E+00, -3.8076118E-01, 0.0000000E+00
* ELEM  137  line segment
 1, 80, 65
*
  1.1520000E+01, 2.0392388E+00, 0.0000000E+00, 3.8076118E-01
* ELEM  138  circular arc
 3, 67, 66
*
  1.0870000E+01, 1.7700000E+00, 5.1500000E-01, 2.2500000E+01, 4.5000000E+01
* ELEM  139  circle
 2, 68, 67
*
  1.0870000E+01, 1.7700000E+00, 4.4700000E-01, 0.0000000E+00
* ELEM  140  circle
 2, 69, 68
*
  1.0870000E+01, 1.7700000E+00, 4.3800000E-01, 0.0000000E+00
* ELEM  141  circle
 2, 70, 69
*
  1.0870000E+01, 1.7700000E+00, 4.2690959E-01, 0.0000000E+00
* ELEM  142  circle
 2, 71, 70
*
  1.0870000E+01, 1.7700000E+00, 3.9175911E-01, 0.0000000E+00
* ELEM  143  circle
 2, 72, 71
*
  1.0870000E+01, 1.7700000E+00, 3.0971277E-01, 0.0000000E+00
* ELEM  144  line segment
 1, 73, 75
*
  1.1520000E+01, 1.5007612E+00, 3.8076118E-01, -3.8076118E-01
* ELEM  145  line segment
 1, 897, 73
*
  1.1520000E+01, 1.1200000E+00, 3.8076118E-01, 0.0000000E+00
* ELEM  146  line segment
 1, 75, 74
*
  1.1972918E+01, 1.2942020E+00, -7.2156848E-02, -1.7420204E-01
* ELEM  147  circular arc
 3, 85, 74
*
  1.2170000E+01, 1.7700000E+00, 5.1500000E-01, 2.4750000E+02, 4.5000000E+01
* ELEM  148  line segment
 1, 74, 78
*
  1.2367082E+01, 1.2942020E+00, 7.2156848E-02, -1.7420204E-01
* ELEM  149  line segment
 1, 897, 74
*
  1.1900761E+01, 1.1200000E+00, 5.3847763E-01, 0.0000000E+00
* ELEM  150  line segment
 1, 76, 75
*
  1.1694202E+01, 1.5729180E+00, -1.7420204E-01, -7.2156848E-02
* ELEM  151  circular arc
 3, 85, 75
*
  1.2170000E+01, 1.7700000E+00, 5.1500000E-01, 2.0250000E+02, 4.5000000E+01
* ELEM  152  line segment
 1, 79, 76
*
  1.1694202E+01, 1.9670820E+00, -1.7420204E-01, 7.2156848E-02
* ELEM  153  circular arc
 3, 85, 76
*
  1.2170000E+01, 1.7700000E+00, 5.1500000E-01, 1.5750000E+02, 4.5000000E+01
* ELEM  154  line segment
 1, 77, 78
*
  1.2439239E+01, 1.1200000E+00, 3.8076118E-01, 3.8076118E-01
* ELEM  155  line segment
 1, 94, 77
*
  1.2820000E+01, 1.1200000E+00, 0.0000000E+00, 3.8076118E-01
* ELEM  156  line segment
 1, 897, 77
*
  1.2439239E+01, 1.1200000E+00, 3.8076118E-01, 0.0000000E+00
* ELEM  157  circular arc
 3, 85, 78
*
  1.2170000E+01, 1.7700000E+00, 5.1500000E-01, 2.9250000E+02, 4.5000000E+01
* ELEM  158  line segment
 1, 78, 81
*
  1.2645798E+01, 1.5729180E+00, 1.7420204E-01, -7.2156848E-02
* ELEM  159  line segment
 1, 80, 79
*
  1.1900761E+01, 2.4200000E+00, -3.8076118E-01, -3.8076118E-01
* ELEM  160  line segment
 1, 82, 79
*
  1.1972918E+01, 2.2457980E+00, -7.2156848E-02, 1.7420204E-01
* ELEM  161  circular arc
 3, 85, 79
*
  1.2170000E+01, 1.7700000E+00, 5.1500000E-01, 1.1250000E+02, 4.5000000E+01
* ELEM  162  line segment
 1, 803, 80
*
  1.1900761E+01, 2.4200000E+00, -3.8076118E-01, 0.0000000E+00
* ELEM  163  circular arc
 3, 85, 81
*
  1.2170000E+01, 1.7700000E+00, 5.1500000E-01, 3.3750000E+02, 2.2500000E+01
* ELEM  164  circular arc
 3, 85, 81
*
  1.2170000E+01, 1.7700000E+00, 5.1500000E-01, 0.0000000E+00, 2.2500000E+01
* ELEM  165  line segment
 1, 81, 84
*
  1.2645798E+01, 1.9670820E+00, 1.7420204E-01, 7.2156848E-02
* ELEM  166  line segment
 1, 91, 81
*
  1.2820000E+01, 1.5007612E+00, 0.0000000E+00, 5.3847763E-01
* ELEM  167  line segment
 1, 801, 82
*
  1.2439239E+01, 2.4200000E+00, -5.3847763E-01, 0.0000000E+00
* ELEM  168  line segment
 1, 84, 82
*
  1.2367082E+01, 2.2457980E+00, 7.2156848E-02, 1.7420204E-01
* ELEM  169  circular arc
 3, 85, 82
*
  1.2170000E+01, 1.7700000E+00, 5.1500000E-01, 6.7500000E+01, 4.5000000E+01
* ELEM  170  line segment
 1, 83, 84
*
  1.2820000E+01, 2.0392388E+00, -3.8076118E-01, 3.8076118E-01
* ELEM  171  line segment
 1, 804, 83
*
  1.2820000E+01, 2.4200000E+00, -3.8076118E-01, 0.0000000E+00
* ELEM  172  line segment
 1, 93, 83
*
  1.2820000E+01, 2.0392388E+00, 0.0000000E+00, 3.8076118E-01
* ELEM  173  circular arc
 3, 85, 84
*
  1.2170000E+01, 1.7700000E+00, 5.1500000E-01, 2.2500000E+01, 4.5000000E+01
* ELEM  174  circle
 2, 86, 85
*
  1.2170000E+01, 1.7700000E+00, 4.4700000E-01, 0.0000000E+00
* ELEM  175  circle
 2, 87, 86
*
  1.2170000E+01, 1.7700000E+00, 4.3800000E-01, 0.0000000E+00
* ELEM  176  circle
 2, 88, 87
*
  1.2170000E+01, 1.7700000E+00, 4.2690959E-01, 0.0000000E+00
* ELEM  177  circle
 2, 89, 88
*
  1.2170000E+01, 1.7700000E+00, 3.9175911E-01, 0.0000000E+00
* ELEM  178  circle
 2, 90, 89
*
  1.2170000E+01, 1.7700000E+00, 3.0971277E-01, 0.0000000E+00
* ELEM  179  line segment
 1, 92, 91
*
  1.2994202E+01, 1.9670820E+00, -1.7420204E-01, 7.2156848E-02
* ELEM  180  circular arc
 3, 103, 91
*
  1.3470000E+01, 1.7700000E+00, 5.1500000E-01, 1.5750000E+02, 4.5000000E+01
* ELEM  181  line segment
 1, 91, 95
*
  1.2994202E+01, 1.5729180E+00, -1.7420204E-01, -7.2156848E-02
* ELEM  182  line segment
 1, 93, 92
*
  1.3200761E+01, 2.4200000E+00, -3.8076118E-01, -3.8076118E-01
* ELEM  183  line segment
 1, 96, 92
*
  1.3272918E+01, 2.2457980E+00, -7.2156848E-02, 1.7420204E-01
* ELEM  184  circular arc
 3, 103, 92
*
  1.3470000E+01, 1.7700000E+00, 5.1500000E-01, 1.1250000E+02, 4.5000000E+01
* ELEM  185  line segment
 1, 147, 93
*
  1.3200761E+01, 2.4200000E+00, -3.8076118E-01, 0.0000000E+00
* ELEM  186  line segment
 1, 94, 95
*
  1.2820000E+01, 1.5007612E+00, 3.8076118E-01, -3.8076118E-01
* ELEM  187  line segment
 1, 900, 94
*
  1.2820000E+01, 1.1200000E+00, 3.8076118E-01, 0.0000000E+00
* ELEM  188  circular arc
 3, 103, 95
*
  1.3470000E+01, 1.7700000E+00, 5.1500000E-01, 2.0250000E+02, 4.5000000E+01
* ELEM  189  line segment
 1, 95, 97
*
  1.3272918E+01, 1.2942020E+00, -7.2156848E-02, -1.7420204E-01
* ELEM  190  line segment
 1, 145, 96
*
  1.3739239E+01, 2.4200000E+00, -5.3847763E-01, 0.0000000E+00
* ELEM  191  line segment
 1, 98, 96
*
  1.3667082E+01, 2.2457980E+00, 7.2156848E-02, 1.7420204E-01
* ELEM  192  circular arc
 3, 103, 96
*
  1.3470000E+01, 1.7700000E+00, 5.1500000E-01, 6.7500000E+01, 4.5000000E+01
* ELEM  193  circular arc
 3, 103, 97
*
  1.3470000E+01, 1.7700000E+00, 5.1500000E-01, 2.4750000E+02, 4.5000000E+01
* ELEM  194  line segment
 1, 97, 101
*
  1.3667082E+01, 1.2942020E+00, 7.2156848E-02, -1.7420204E-01
* ELEM  195  line segment
 1, 900, 97
*
  1.3200761E+01, 1.1200000E+00, 5.3847763E-01, 0.0000000E+00
* ELEM  196  line segment
 1, 99, 98
*
  1.4120000E+01, 2.0392388E+00, -3.8076118E-01, 3.8076118E-01
* ELEM  197  line segment
 1, 102, 98
*
  1.3945798E+01, 1.9670820E+00, 1.7420204E-01, 7.2156848E-02
* ELEM  198  circular arc
 3, 103, 98
*
  1.3470000E+01, 1.7700000E+00, 5.1500000E-01, 2.2500000E+01, 4.5000000E+01
* ELEM  199  line segment
 1, 148, 99
*
  1.4120000E+01, 2.4200000E+00, -3.8076118E-01, 0.0000000E+00
* ELEM  200  line segment
 1, 903, 99
*
  1.4120000E+01, 2.0392388E+00, 0.0000000E+00, 3.8076118E-01
* ELEM  201  line segment
 1, 100, 101
*
  1.3739239E+01, 1.1200000E+00, 3.8076118E-01, 3.8076118E-01
* ELEM  202  line segment
 1, 903, 100
*
  1.4120000E+01, 1.2967824E+00, 0.0000000E+00, 2.0397883E-01
* ELEM  203  circular arc
 3, 100, 940
*
  1.3355000E+01, 1.8850000E+00, 9.6500000E-01, 3.0755711E+02, 1.4885772E+01
* ELEM  204  line segment
 1, 900, 100
*
  1.3739239E+01, 1.1200000E+00, 2.0397883E-01, 0.0000000E+00
* ELEM  205  circular arc
 3, 103, 101
*
  1.3470000E+01, 1.7700000E+00, 5.1500000E-01, 2.9250000E+02, 4.5000000E+01
* ELEM  206  line segment
 1, 101, 102
*
  1.3945798E+01, 1.5729180E+00, 1.7420204E-01, -7.2156848E-02
* ELEM  207  line segment
 1, 903, 102
*
  1.4120000E+01, 1.5007612E+00, 0.0000000E+00, 5.3847763E-01
* ELEM  208  circular arc
 3, 103, 102
*
  1.3470000E+01, 1.7700000E+00, 5.1500000E-01, 3.3750000E+02, 2.2500000E+01
* ELEM  209  circular arc
 3, 103, 102
*
  1.3470000E+01, 1.7700000E+00, 5.1500000E-01, 0.0000000E+00, 2.2500000E+01
* ELEM  210  circle
 2, 104, 103
*
  1.3470000E+01, 1.7700000E+00, 4.4700000E-01, 0.0000000E+00
* ELEM  211  circle
 2, 105, 104
*
  1.3470000E+01, 1.7700000E+00, 4.3800000E-01, 0.0000000E+00
* ELEM  212  circle
 2, 106, 105
*
  1.3470000E+01, 1.7700000E+00, 4.2690959E-01, 0.0000000E+00
* ELEM  213  circle
 2, 107, 106
*
  1.3470000E+01, 1.7700000E+00, 3.9175911E-01, 0.0000000E+00
* ELEM  214  circle
 2, 108, 107
*
  1.3470000E+01, 1.7700000E+00, 3.0971277E-01, 0.0000000E+00
* ELEM  215  line segment
 1, 767, 109
*
  3.7200000E+00, 2.8007612E+00, 0.0000000E+00, -3.8076118E-01
* ELEM  216  line segment
 1, 109, 111
*
  3.7200000E+00, 2.8007612E+00, 3.8076118E-01, -3.8076118E-01
* ELEM  217  line segment
 1, 614, 109
*
  3.7200000E+00, 2.4200000E+00, 3.8076118E-01, 0.0000000E+00
* ELEM  218  line segment
 1, 111, 110
*
  4.1729180E+00, 2.5942020E+00, -7.2156848E-02, -1.7420204E-01
* ELEM  219  circular arc
 3, 121, 110
*
  4.3700000E+00, 3.0700000E+00, 5.1500000E-01, 2.4750000E+02, 4.5000000E+01
* ELEM  220  line segment
 1, 110, 114
*
  4.5670820E+00, 2.5942020E+00, 7.2156848E-02, -1.7420204E-01
* ELEM  221  line segment
 1, 616, 110
*
  4.1007612E+00, 2.4200000E+00, 5.3847763E-01, 0.0000000E+00
* ELEM  222  line segment
 1, 112, 111
*
  3.8942020E+00, 2.8729180E+00, -1.7420204E-01, -7.2156848E-02
* ELEM  223  circular arc
 3, 121, 111
*
  4.3700000E+00, 3.0700000E+00, 5.1500000E-01, 2.0250000E+02, 4.5000000E+01
* ELEM  224  line segment
 1, 768, 112
*
  3.7200000E+00, 3.3392388E+00, 0.0000000E+00, -5.3847763E-01
* ELEM  225  line segment
 1, 115, 112
*
  3.8942020E+00, 3.2670820E+00, -1.7420204E-01, 7.2156848E-02
* ELEM  226  circular arc
 3, 121, 112
*
  4.3700000E+00, 3.0700000E+00, 5.1500000E-01, 1.5750000E+02, 4.5000000E+01
* ELEM  227  line segment
 1, 113, 114
*
  4.6392388E+00, 2.4200000E+00, 3.8076118E-01, 3.8076118E-01
* ELEM  228  line segment
 1, 775, 113
*
  5.0200000E+00, 2.4200000E+00, 0.0000000E+00, 3.8076118E-01
* ELEM  229  line segment
 1, 617, 113
*
  4.6392388E+00, 2.4200000E+00, 3.8076118E-01, 0.0000000E+00
* ELEM  230  circular arc
 3, 121, 114
*
  4.3700000E+00, 3.0700000E+00, 5.1500000E-01, 2.9250000E+02, 4.5000000E+01
* ELEM  231  line segment
 1, 114, 117
*
  4.8457980E+00, 2.8729180E+00, 1.7420204E-01, -7.2156848E-02
* ELEM  232  line segment
 1, 116, 115
*
  4.1007612E+00, 3.7200000E+00, -3.8076118E-01, -3.8076118E-01
* ELEM  233  line segment
 1, 118, 115
*
  4.1729180E+00, 3.5457980E+00, -7.2156848E-02, 1.7420204E-01
* ELEM  234  circular arc
 3, 121, 115
*
  4.3700000E+00, 3.0700000E+00, 5.1500000E-01, 1.1250000E+02, 4.5000000E+01
* ELEM  235  line segment
 1, 769, 116
*
  3.7200000E+00, 3.7200000E+00, 0.0000000E+00, -3.8076118E-01
* ELEM  236  line segment
 1, 682, 116
*
  4.1007612E+00, 3.7200000E+00, -3.8076118E-01, 0.0000000E+00
* ELEM  237  circular arc
 3, 121, 117
*
  4.3700000E+00, 3.0700000E+00, 5.1500000E-01, 3.3750000E+02, 2.2500000E+01
* ELEM  238  circular arc
 3, 121, 117
*
  4.3700000E+00, 3.0700000E+00, 5.1500000E-01, 0.0000000E+00, 2.2500000E+01
* ELEM  239  line segment
 1, 117, 120
*
  4.8457980E+00, 3.2670820E+00, 1.7420204E-01, 7.2156848E-02
* ELEM  240  line segment
 1, 778, 117
*
  5.0200000E+00, 2.8007612E+00, 0.0000000E+00, 5.3847763E-01
* ELEM  241  line segment
 1, 683, 118
*
  4.6392388E+00, 3.7200000E+00, -5.3847763E-01, 0.0000000E+00
* ELEM  242  line segment
 1, 120, 118
*
  4.5670820E+00, 3.5457980E+00, 7.2156848E-02, 1.7420204E-01
* ELEM  243  circular arc
 3, 121, 118
*
  4.3700000E+00, 3.0700000E+00, 5.1500000E-01, 6.7500000E+01, 4.5000000E+01
* ELEM  244  line segment
 1, 119, 120
*
  5.0200000E+00, 3.3392388E+00, -3.8076118E-01, 3.8076118E-01
* ELEM  245  line segment
 1, 685, 119
*
  5.0200000E+00, 3.7200000E+00, -3.8076118E-01, 0.0000000E+00
* ELEM  246  line segment
 1, 781, 119
*
  5.0200000E+00, 3.3392388E+00, 0.0000000E+00, 3.8076118E-01
* ELEM  247  circular arc
 3, 121, 120
*
  4.3700000E+00, 3.0700000E+00, 5.1500000E-01, 2.2500000E+01, 4.5000000E+01
* ELEM  248  circle
 2, 122, 121
*
  4.3700000E+00, 3.0700000E+00, 4.4700000E-01, 0.0000000E+00
* ELEM  249  circle
 2, 123, 122
*
  4.3700000E+00, 3.0700000E+00, 4.3800000E-01, 0.0000000E+00
* ELEM  250  circle
 2, 124, 123
*
  4.3700000E+00, 3.0700000E+00, 4.2690959E-01, 0.0000000E+00
* ELEM  251  circle
 2, 125, 124
*
  4.3700000E+00, 3.0700000E+00, 3.9175911E-01, 0.0000000E+00
* ELEM  252  circle
 2, 126, 125
*
  4.3700000E+00, 3.0700000E+00, 3.0971277E-01, 0.0000000E+00
* ELEM  253  line segment
 1, 128, 127
*
  8.0729180E+00, 2.5942020E+00, -7.2156848E-02, -1.7420204E-01
* ELEM  254  circular arc
 3, 139, 127
*
  8.2700000E+00, 3.0700000E+00, 5.1500000E-01, 2.4750000E+02, 4.5000000E+01
* ELEM  255  line segment
 1, 127, 131
*
  8.4670820E+00, 2.5942020E+00, 7.2156848E-02, -1.7420204E-01
* ELEM  256  line segment
 1, 129, 128
*
  7.6200000E+00, 2.8007612E+00, 3.8076118E-01, -3.8076118E-01
* ELEM  257  line segment
 1, 132, 128
*
  7.7942020E+00, 2.8729180E+00, -1.7420204E-01, -7.2156848E-02
* ELEM  258  circular arc
 3, 139, 128
*
  8.2700000E+00, 3.0700000E+00, 5.1500000E-01, 2.0250000E+02, 4.5000000E+01
* ELEM  259  line segment
 1, 646, 129
*
  7.6200000E+00, 2.8007612E+00, 0.0000000E+00, -3.8076118E-01
* ELEM  260  line segment
 1, 130, 131
*
  8.5392388E+00, 2.4200000E+00, 3.8076118E-01, 3.8076118E-01
* ELEM  261  line segment
 1, 789, 130
*
  8.9200000E+00, 2.4200000E+00, 0.0000000E+00, 3.8076118E-01
* ELEM  262  circular arc
 3, 139, 131
*
  8.2700000E+00, 3.0700000E+00, 5.1500000E-01, 2.9250000E+02, 4.5000000E+01
* ELEM  263  line segment
 1, 131, 133
*
  8.7457980E+00, 2.8729180E+00, 1.7420204E-01, -7.2156848E-02
* ELEM  264  line segment
 1, 649, 132
*
  7.6200000E+00, 3.3392388E+00, 0.0000000E+00, -5.3847763E-01
* ELEM  265  line segment
 1, 134, 132
*
  7.7942020E+00, 3.2670820E+00, -1.7420204E-01, 7.2156848E-02
* ELEM  266  circular arc
 3, 139, 132
*
  8.2700000E+00, 3.0700000E+00, 5.1500000E-01, 1.5750000E+02, 4.5000000E+01
* ELEM  267  circular arc
 3, 139, 133
*
  8.2700000E+00, 3.0700000E+00, 5.1500000E-01, 3.3750000E+02, 2.2500000E+01
* ELEM  268  circular arc
 3, 139, 133
*
  8.2700000E+00, 3.0700000E+00, 5.1500000E-01, 0.0000000E+00, 2.2500000E+01
* ELEM  269  line segment
 1, 133, 137
*
  8.7457980E+00, 3.2670820E+00, 1.7420204E-01, 7.2156848E-02
* ELEM  270  line segment
 1, 792, 133
*
  8.9200000E+00, 2.8007612E+00, 0.0000000E+00, 5.3847763E-01
* ELEM  271  line segment
 1, 135, 134
*
  8.0007612E+00, 3.7200000E+00, -3.8076118E-01, -3.8076118E-01
* ELEM  272  line segment
 1, 138, 134
*
  8.0729180E+00, 3.5457980E+00, -7.2156848E-02, 1.7420204E-01
* ELEM  273  circular arc
 3, 139, 134
*
  8.2700000E+00, 3.0700000E+00, 5.1500000E-01, 1.1250000E+02, 4.5000000E+01
* ELEM  274  line segment
 1, 652, 135
*
  7.6200000E+00, 3.7200000E+00, 0.0000000E+00, -3.8076118E-01
* ELEM  275  line segment
 1, 183, 135
*
  8.0007612E+00, 3.7200000E+00, -3.8076118E-01, 0.0000000E+00
* ELEM  276  line segment
 1, 136, 137
*
  8.9200000E+00, 3.3392388E+00, -3.8076118E-01, 3.8076118E-01
* ELEM  277  line segment
 1, 184, 136
*
  8.9200000E+00, 3.7200000E+00, -3.8076118E-01, 0.0000000E+00
* ELEM  278  line segment
 1, 795, 136
*
  8.9200000E+00, 3.3392388E+00, 0.0000000E+00, 3.8076118E-01
* ELEM  279  circular arc
 3, 139, 137
*
  8.2700000E+00, 3.0700000E+00, 5.1500000E-01, 2.2500000E+01, 4.5000000E+01
* ELEM  280  line segment
 1, 137, 138
*
  8.4670820E+00, 3.5457980E+00, 7.2156848E-02, 1.7420204E-01
* ELEM  281  line segment
 1, 181, 138
*
  8.5392388E+00, 3.7200000E+00, -5.3847763E-01, 0.0000000E+00
* ELEM  282  circular arc
 3, 139, 138
*
  8.2700000E+00, 3.0700000E+00, 5.1500000E-01, 6.7500000E+01, 4.5000000E+01
* ELEM  283  circle
 2, 140, 139
*
  8.2700000E+00, 3.0700000E+00, 4.4700000E-01, 0.0000000E+00
* ELEM  284  circle
 2, 141, 140
*
  8.2700000E+00, 3.0700000E+00, 4.3800000E-01, 0.0000000E+00
* ELEM  285  circle
 2, 142, 141
*
  8.2700000E+00, 3.0700000E+00, 4.2690959E-01, 0.0000000E+00
* ELEM  286  circle
 2, 143, 142
*
  8.2700000E+00, 3.0700000E+00, 3.9175911E-01, 0.0000000E+00
* ELEM  287  circle
 2, 144, 143
*
  8.2700000E+00, 3.0700000E+00, 3.0971277E-01, 0.0000000E+00
* ELEM  288  line segment
 1, 146, 145
*
  1.3272918E+01, 2.5942020E+00, -7.2156848E-02, -1.7420204E-01
* ELEM  289  circular arc
 3, 157, 145
*
  1.3470000E+01, 3.0700000E+00, 5.1500000E-01, 2.4750000E+02, 4.5000000E+01
* ELEM  290  line segment
 1, 145, 149
*
  1.3667082E+01, 2.5942020E+00, 7.2156848E-02, -1.7420204E-01
* ELEM  291  line segment
 1, 147, 146
*
  1.2820000E+01, 2.8007612E+00, 3.8076118E-01, -3.8076118E-01
* ELEM  292  line segment
 1, 150, 146
*
  1.2994202E+01, 2.8729180E+00, -1.7420204E-01, -7.2156848E-02
* ELEM  293  circular arc
 3, 157, 146
*
  1.3470000E+01, 3.0700000E+00, 5.1500000E-01, 2.0250000E+02, 4.5000000E+01
* ELEM  294  line segment
 1, 804, 147
*
  1.2820000E+01, 2.8007612E+00, 0.0000000E+00, -3.8076118E-01
* ELEM  295  line segment
 1, 148, 149
*
  1.3739239E+01, 2.4200000E+00, 3.8076118E-01, 3.8076118E-01
* ELEM  296  line segment
 1, 906, 148
*
  1.4120000E+01, 2.4200000E+00, 0.0000000E+00, 3.8076118E-01
* ELEM  297  circular arc
 3, 157, 149
*
  1.3470000E+01, 3.0700000E+00, 5.1500000E-01, 2.9250000E+02, 4.5000000E+01
* ELEM  298  line segment
 1, 149, 151
*
  1.3945798E+01, 2.8729180E+00, 1.7420204E-01, -7.2156848E-02
* ELEM  299  line segment
 1, 807, 150
*
  1.2820000E+01, 3.3392388E+00, 0.0000000E+00, -5.3847763E-01
* ELEM  300  line segment
 1, 152, 150
*
  1.2994202E+01, 3.2670820E+00, -1.7420204E-01, 7.2156848E-02
* ELEM  301  circular arc
 3, 157, 150
*
  1.3470000E+01, 3.0700000E+00, 5.1500000E-01, 1.5750000E+02, 4.5000000E+01
* ELEM  302  circular arc
 3, 157, 151
*
  1.3470000E+01, 3.0700000E+00, 5.1500000E-01, 3.3750000E+02, 2.2500000E+01
* ELEM  303  circular arc
 3, 157, 151
*
  1.3470000E+01, 3.0700000E+00, 5.1500000E-01, 0.0000000E+00, 2.2500000E+01
* ELEM  304  line segment
 1, 151, 155
*
  1.3945798E+01, 3.2670820E+00, 1.7420204E-01, 7.2156848E-02
* ELEM  305  line segment
 1, 906, 151
*
  1.4120000E+01, 2.8007612E+00, 0.0000000E+00, 5.3847763E-01
* ELEM  306  line segment
 1, 153, 152
*
  1.3200761E+01, 3.7200000E+00, -3.8076118E-01, -3.8076118E-01
* ELEM  307  line segment
 1, 156, 152
*
  1.3272918E+01, 3.5457980E+00, -7.2156848E-02, 1.7420204E-01
* ELEM  308  circular arc
 3, 157, 152
*
  1.3470000E+01, 3.0700000E+00, 5.1500000E-01, 1.1250000E+02, 4.5000000E+01
* ELEM  309  line segment
 1, 810, 153
*
  1.2820000E+01, 3.7200000E+00, 0.0000000E+00, -3.8076118E-01
* ELEM  310  line segment
 1, 717, 153
*
  1.3200761E+01, 3.7200000E+00, -3.8076118E-01, 0.0000000E+00
* ELEM  311  line segment
 1, 154, 155
*
  1.4120000E+01, 3.3392388E+00, -3.8076118E-01, 3.8076118E-01
* ELEM  312  line segment
 1, 718, 154
*
  1.4120000E+01, 3.7200000E+00, -3.8076118E-01, 0.0000000E+00
* ELEM  313  line segment
 1, 906, 154
*
  1.4120000E+01, 3.3392388E+00, 0.0000000E+00, 3.8076118E-01
* ELEM  314  circular arc
 3, 157, 155
*
  1.3470000E+01, 3.0700000E+00, 5.1500000E-01, 2.2500000E+01, 4.5000000E+01
* ELEM  315  line segment
 1, 155, 156
*
  1.3667082E+01, 3.5457980E+00, 7.2156848E-02, 1.7420204E-01
* ELEM  316  line segment
 1, 715, 156
*
  1.3739239E+01, 3.7200000E+00, -5.3847763E-01, 0.0000000E+00
* ELEM  317  circular arc
 3, 157, 156
*
  1.3470000E+01, 3.0700000E+00, 5.1500000E-01, 6.7500000E+01, 4.5000000E+01
* ELEM  318  circle
 2, 158, 157
*
  1.3470000E+01, 3.0700000E+00, 4.4700000E-01, 0.0000000E+00
* ELEM  319  circle
 2, 159, 158
*
  1.3470000E+01, 3.0700000E+00, 4.3800000E-01, 0.0000000E+00
* ELEM  320  circle
 2, 160, 159
*
  1.3470000E+01, 3.0700000E+00, 4.2690959E-01, 0.0000000E+00
* ELEM  321  circle
 2, 161, 160
*
  1.3470000E+01, 3.0700000E+00, 3.9175911E-01, 0.0000000E+00
* ELEM  322  circle
 2, 162, 161
*
  1.3470000E+01, 3.0700000E+00, 3.0971277E-01, 0.0000000E+00
* ELEM  323  line segment
 1, 685, 163
*
  5.0200000E+00, 4.1007612E+00, 0.0000000E+00, -3.8076118E-01
* ELEM  324  line segment
 1, 163, 165
*
  5.0200000E+00, 4.1007612E+00, 3.8076118E-01, -3.8076118E-01
* ELEM  325  line segment
 1, 781, 163
*
  5.0200000E+00, 3.7200000E+00, 3.8076118E-01, 0.0000000E+00
* ELEM  326  line segment
 1, 165, 164
*
  5.4729180E+00, 3.8942020E+00, -7.2156848E-02, -1.7420204E-01
* ELEM  327  circular arc
 3, 175, 164
*
  5.6700000E+00, 4.3700000E+00, 5.1500000E-01, 2.4750000E+02, 4.5000000E+01
* ELEM  328  line segment
 1, 164, 168
*
  5.8670820E+00, 3.8942020E+00, 7.2156848E-02, -1.7420204E-01
* ELEM  329  line segment
 1, 784, 164
*
  5.4007612E+00, 3.7200000E+00, 5.3847763E-01, 0.0000000E+00
* ELEM  330  line segment
 1, 166, 165
*
  5.1942020E+00, 4.1729180E+00, -1.7420204E-01, -7.2156848E-02
* ELEM  331  circular arc
 3, 175, 165
*
  5.6700000E+00, 4.3700000E+00, 5.1500000E-01, 2.0250000E+02, 4.5000000E+01
* ELEM  332  line segment
 1, 686, 166
*
  5.0200000E+00, 4.6392388E+00, 0.0000000E+00, -5.3847763E-01
* ELEM  333  line segment
 1, 169, 166
*
  5.1942020E+00, 4.5670820E+00, -1.7420204E-01, 7.2156848E-02
* ELEM  334  circular arc
 3, 175, 166
*
  5.6700000E+00, 4.3700000E+00, 5.1500000E-01, 1.5750000E+02, 4.5000000E+01
* ELEM  335  line segment
 1, 167, 168
*
  5.9392388E+00, 3.7200000E+00, 3.8076118E-01, 3.8076118E-01
* ELEM  336  line segment
 1, 697, 167
*
  6.3200000E+00, 3.7200000E+00, 0.0000000E+00, 3.8076118E-01
* ELEM  337  line segment
 1, 782, 167
*
  5.9392388E+00, 3.7200000E+00, 3.8076118E-01, 0.0000000E+00
* ELEM  338  circular arc
 3, 175, 168
*
  5.6700000E+00, 4.3700000E+00, 5.1500000E-01, 2.9250000E+02, 4.5000000E+01
* ELEM  339  line segment
 1, 168, 171
*
  6.1457980E+00, 4.1729180E+00, 1.7420204E-01, -7.2156848E-02
* ELEM  340  line segment
 1, 170, 169
*
  5.4007612E+00, 5.0200000E+00, -3.8076118E-01, -3.8076118E-01
* ELEM  341  line segment
 1, 172, 169
*
  5.4729180E+00, 4.8457980E+00, -7.2156848E-02, 1.7420204E-01
* ELEM  342  circular arc
 3, 175, 169
*
  5.6700000E+00, 4.3700000E+00, 5.1500000E-01, 1.1250000E+02, 4.5000000E+01
* ELEM  343  line segment
 1, 687, 170
*
  5.0200000E+00, 5.0200000E+00, 0.0000000E+00, -3.8076118E-01
* ELEM  344  line segment
 1, 734, 170
*
  5.4007612E+00, 5.0200000E+00, -3.8076118E-01, 0.0000000E+00
* ELEM  345  circular arc
 3, 175, 171
*
  5.6700000E+00, 4.3700000E+00, 5.1500000E-01, 3.3750000E+02, 2.2500000E+01
* ELEM  346  circular arc
 3, 175, 171
*
  5.6700000E+00, 4.3700000E+00, 5.1500000E-01, 0.0000000E+00, 2.2500000E+01
* ELEM  347  line segment
 1, 171, 174
*
  6.1457980E+00, 4.5670820E+00, 1.7420204E-01, 7.2156848E-02
* ELEM  348  line segment
 1, 700, 171
*
  6.3200000E+00, 4.1007612E+00, 0.0000000E+00, 5.3847763E-01
* ELEM  349  line segment
 1, 735, 172
*
  5.9392388E+00, 5.0200000E+00, -5.3847763E-01, 0.0000000E+00
* ELEM  350  line segment
 1, 174, 172
*
  5.8670820E+00, 4.8457980E+00, 7.2156848E-02, 1.7420204E-01
* ELEM  351  circular arc
 3, 175, 172
*
  5.6700000E+00, 4.3700000E+00, 5.1500000E-01, 6.7500000E+01, 4.5000000E+01
* ELEM  352  line segment
 1, 173, 174
*
  6.3200000E+00, 4.6392388E+00, -3.8076118E-01, 3.8076118E-01
* ELEM  353  line segment
 1, 737, 173
*
  6.3200000E+00, 5.0200000E+00, -3.8076118E-01, 0.0000000E+00
* ELEM  354  line segment
 1, 703, 173
*
  6.3200000E+00, 4.6392388E+00, 0.0000000E+00, 3.8076118E-01
* ELEM  355  circular arc
 3, 175, 174
*
  5.6700000E+00, 4.3700000E+00, 5.1500000E-01, 2.2500000E+01, 4.5000000E+01
* ELEM  356  circle
 2, 176, 175
*
  5.6700000E+00, 4.3700000E+00, 4.4700000E-01, 0.0000000E+00
* ELEM  357  circle
 2, 177, 176
*
  5.6700000E+00, 4.3700000E+00, 4.3800000E-01, 0.0000000E+00
* ELEM  358  circle
 2, 178, 177
*
  5.6700000E+00, 4.3700000E+00, 4.2690959E-01, 0.0000000E+00
* ELEM  359  circle
 2, 179, 178
*
  5.6700000E+00, 4.3700000E+00, 3.9175911E-01, 0.0000000E+00
* ELEM  360  circle
 2, 180, 179
*
  5.6700000E+00, 4.3700000E+00, 3.0971277E-01, 0.0000000E+00
* ELEM  361  line segment
 1, 182, 181
*
  8.0729180E+00, 3.8942020E+00, -7.2156848E-02, -1.7420204E-01
* ELEM  362  circular arc
 3, 193, 181
*
  8.2700000E+00, 4.3700000E+00, 5.1500000E-01, 2.4750000E+02, 4.5000000E+01
* ELEM  363  line segment
 1, 181, 185
*
  8.4670820E+00, 3.8942020E+00, 7.2156848E-02, -1.7420204E-01
* ELEM  364  line segment
 1, 183, 182
*
  7.6200000E+00, 4.1007612E+00, 3.8076118E-01, -3.8076118E-01
* ELEM  365  line segment
 1, 186, 182
*
  7.7942020E+00, 4.1729180E+00, -1.7420204E-01, -7.2156848E-02
* ELEM  366  circular arc
 3, 193, 182
*
  8.2700000E+00, 4.3700000E+00, 5.1500000E-01, 2.0250000E+02, 4.5000000E+01
* ELEM  367  line segment
 1, 698, 183
*
  7.6200000E+00, 4.1007612E+00, 0.0000000E+00, -3.8076118E-01
* ELEM  368  line segment
 1, 184, 185
*
  8.5392388E+00, 3.7200000E+00, 3.8076118E-01, 3.8076118E-01
* ELEM  369  line segment
 1, 199, 184
*
  8.9200000E+00, 3.7200000E+00, 0.0000000E+00, 3.8076118E-01
* ELEM  370  circular arc
 3, 193, 185
*
  8.2700000E+00, 4.3700000E+00, 5.1500000E-01, 2.9250000E+02, 4.5000000E+01
* ELEM  371  line segment
 1, 185, 187
*
  8.7457980E+00, 4.1729180E+00, 1.7420204E-01, -7.2156848E-02
* ELEM  372  line segment
 1, 701, 186
*
  7.6200000E+00, 4.6392388E+00, 0.0000000E+00, -5.3847763E-01
* ELEM  373  line segment
 1, 188, 186
*
  7.7942020E+00, 4.5670820E+00, -1.7420204E-01, 7.2156848E-02
* ELEM  374  circular arc
 3, 193, 186
*
  8.2700000E+00, 4.3700000E+00, 5.1500000E-01, 1.5750000E+02, 4.5000000E+01
* ELEM  375  circular arc
 3, 193, 187
*
  8.2700000E+00, 4.3700000E+00, 5.1500000E-01, 3.3750000E+02, 2.2500000E+01
* ELEM  376  circular arc
 3, 193, 187
*
  8.2700000E+00, 4.3700000E+00, 5.1500000E-01, 0.0000000E+00, 2.2500000E+01
* ELEM  377  line segment
 1, 187, 191
*
  8.7457980E+00, 4.5670820E+00, 1.7420204E-01, 7.2156848E-02
* ELEM  378  line segment
 1, 202, 187
*
  8.9200000E+00, 4.1007612E+00, 0.0000000E+00, 5.3847763E-01
* ELEM  379  line segment
 1, 189, 188
*
  8.0007612E+00, 5.0200000E+00, -3.8076118E-01, -3.8076118E-01
* ELEM  380  line segment
 1, 192, 188
*
  8.0729180E+00, 4.8457980E+00, -7.2156848E-02, 1.7420204E-01
* ELEM  381  circular arc
 3, 193, 188
*
  8.2700000E+00, 4.3700000E+00, 5.1500000E-01, 1.1250000E+02, 4.5000000E+01
* ELEM  382  line segment
 1, 704, 189
*
  7.6200000E+00, 5.0200000E+00, 0.0000000E+00, -3.8076118E-01
* ELEM  383  line segment
 1, 749, 189
*
  8.0007612E+00, 5.0200000E+00, -3.8076118E-01, 0.0000000E+00
* ELEM  384  line segment
 1, 190, 191
*
  8.9200000E+00, 4.6392388E+00, -3.8076118E-01, 3.8076118E-01
* ELEM  385  line segment
 1, 750, 190
*
  8.9200000E+00, 5.0200000E+00, -3.8076118E-01, 0.0000000E+00
* ELEM  386  line segment
 1, 206, 190
*
  8.9200000E+00, 4.6392388E+00, 0.0000000E+00, 3.8076118E-01
* ELEM  387  circular arc
 3, 193, 191
*
  8.2700000E+00, 4.3700000E+00, 5.1500000E-01, 2.2500000E+01, 4.5000000E+01
* ELEM  388  line segment
 1, 191, 192
*
  8.4670820E+00, 4.8457980E+00, 7.2156848E-02, 1.7420204E-01
* ELEM  389  line segment
 1, 749, 192
*
  8.3815224E+00, 5.0200000E+00, -3.8076118E-01, 0.0000000E+00
* ELEM  390  line segment
 1, 750, 192
*
  8.5392388E+00, 5.0200000E+00, -1.5771645E-01, 0.0000000E+00
* ELEM  391  circular arc
 3, 193, 192
*
  8.2700000E+00, 4.3700000E+00, 5.1500000E-01, 6.7500000E+01, 4.5000000E+01
* ELEM  392  circle
 2, 194, 193
*
  8.2700000E+00, 4.3700000E+00, 4.4700000E-01, 0.0000000E+00
* ELEM  393  circle
 2, 195, 194
*
  8.2700000E+00, 4.3700000E+00, 4.3800000E-01, 0.0000000E+00
* ELEM  394  circle
 2, 196, 195
*
  8.2700000E+00, 4.3700000E+00, 4.2690959E-01, 0.0000000E+00
* ELEM  395  circle
 2, 197, 196
*
  8.2700000E+00, 4.3700000E+00, 3.9175911E-01, 0.0000000E+00
* ELEM  396  circle
 2, 198, 197
*
  8.2700000E+00, 4.3700000E+00, 3.0971277E-01, 0.0000000E+00
* ELEM  397  line segment
 1, 199, 201
*
  8.9200000E+00, 4.1007612E+00, 3.8076118E-01, -3.8076118E-01
* ELEM  398  line segment
 1, 795, 199
*
  8.9200000E+00, 3.7200000E+00, 3.8076118E-01, 0.0000000E+00
* ELEM  399  line segment
 1, 201, 200
*
  9.3729180E+00, 3.8942020E+00, -7.2156848E-02, -1.7420204E-01
* ELEM  400  circular arc
 3, 211, 200
*
  9.5700000E+00, 4.3700000E+00, 5.1500000E-01, 2.4750000E+02, 4.5000000E+01
* ELEM  401  line segment
 1, 200, 204
*
  9.7670820E+00, 3.8942020E+00, 7.2156848E-02, -1.7420204E-01
* ELEM  402  line segment
 1, 798, 200
*
  9.3007612E+00, 3.7200000E+00, 5.3847763E-01, 0.0000000E+00
* ELEM  403  line segment
 1, 202, 201
*
  9.0942020E+00, 4.1729180E+00, -1.7420204E-01, -7.2156848E-02
* ELEM  404  circular arc
 3, 211, 201
*
  9.5700000E+00, 4.3700000E+00, 5.1500000E-01, 2.0250000E+02, 4.5000000E+01
* ELEM  405  line segment
 1, 205, 202
*
  9.0942020E+00, 4.5670820E+00, -1.7420204E-01, 7.2156848E-02
* ELEM  406  circular arc
 3, 211, 202
*
  9.5700000E+00, 4.3700000E+00, 5.1500000E-01, 1.5750000E+02, 4.5000000E+01
* ELEM  407  line segment
 1, 203, 204
*
  9.8392388E+00, 3.7200000E+00, 3.8076118E-01, 3.8076118E-01
* ELEM  408  line segment
 1, 219, 203
*
  1.0220000E+01, 3.7200000E+00, 0.0000000E+00, 3.8076118E-01
* ELEM  409  line segment
 1, 796, 203
*
  9.8392388E+00, 3.7200000E+00, 3.8076118E-01, 0.0000000E+00
* ELEM  410  circular arc
 3, 211, 204
*
  9.5700000E+00, 4.3700000E+00, 5.1500000E-01, 2.9250000E+02, 4.5000000E+01
* ELEM  411  line segment
 1, 204, 207
*
  1.0045798E+01, 4.1729180E+00, 1.7420204E-01, -7.2156848E-02
* ELEM  412  line segment
 1, 206, 205
*
  9.3007612E+00, 5.0200000E+00, -3.8076118E-01, -3.8076118E-01
* ELEM  413  line segment
 1, 208, 205
*
  9.3729180E+00, 4.8457980E+00, -7.2156848E-02, 1.7420204E-01
* ELEM  414  circular arc
 3, 211, 205
*
  9.5700000E+00, 4.3700000E+00, 5.1500000E-01, 1.1250000E+02, 4.5000000E+01
* ELEM  415  line segment
 1, 750, 206
*
  9.3007612E+00, 5.0200000E+00, -3.8076118E-01, 0.0000000E+00
* ELEM  416  circular arc
 3, 211, 207
*
  9.5700000E+00, 4.3700000E+00, 5.1500000E-01, 3.3750000E+02, 2.2500000E+01
* ELEM  417  circular arc
 3, 211, 207
*
  9.5700000E+00, 4.3700000E+00, 5.1500000E-01, 0.0000000E+00, 2.2500000E+01
* ELEM  418  line segment
 1, 207, 210
*
  1.0045798E+01, 4.5670820E+00, 1.7420204E-01, 7.2156848E-02
* ELEM  419  line segment
 1, 222, 207
*
  1.0220000E+01, 4.1007612E+00, 0.0000000E+00, 5.3847763E-01
* ELEM  420  line segment
 1, 750, 208
*
  9.4584776E+00, 5.0200000E+00, -1.5771645E-01, 0.0000000E+00
* ELEM  421  line segment
 1, 756, 208
*
  9.8392388E+00, 5.0200000E+00, -3.8076118E-01, 0.0000000E+00
* ELEM  422  line segment
 1, 210, 208
*
  9.7670820E+00, 4.8457980E+00, 7.2156848E-02, 1.7420204E-01
* ELEM  423  circular arc
 3, 211, 208
*
  9.5700000E+00, 4.3700000E+00, 5.1500000E-01, 6.7500000E+01, 4.5000000E+01
* ELEM  424  line segment
 1, 209, 210
*
  1.0220000E+01, 4.6392388E+00, -3.8076118E-01, 3.8076118E-01
* ELEM  425  line segment
 1, 756, 209
*
  1.0220000E+01, 5.0200000E+00, -3.8076118E-01, 0.0000000E+00
* ELEM  426  line segment
 1, 226, 209
*
  1.0220000E+01, 4.6392388E+00, 0.0000000E+00, 3.8076118E-01
* ELEM  427  circular arc
 3, 211, 210
*
  9.5700000E+00, 4.3700000E+00, 5.1500000E-01, 2.2500000E+01, 4.5000000E+01
* ELEM  428  circle
 2, 212, 211
*
  9.5700000E+00, 4.3700000E+00, 4.4700000E-01, 0.0000000E+00
* ELEM  429  circle
 2, 213, 212
*
  9.5700000E+00, 4.3700000E+00, 4.3800000E-01, 0.0000000E+00
* ELEM  430  circle
 2, 214, 213
*
  9.5700000E+00, 4.3700000E+00, 4.2690959E-01, 0.0000000E+00
* ELEM  431  circle
 2, 215, 214
*
  9.5700000E+00, 4.3700000E+00, 3.9175911E-01, 0.0000000E+00
* ELEM  432  circle
 2, 216, 215
*
  9.5700000E+00, 4.3700000E+00, 3.3927334E-01, 0.0000000E+00
* ELEM  433  circle
 2, 217, 216
*
  9.5700000E+00, 4.3700000E+00, 2.7701552E-01, 0.0000000E+00
* ELEM  434  circle
 2, 218, 217
*
  9.5700000E+00, 4.3700000E+00, 1.9587955E-01, 0.0000000E+00
* ELEM  435  line segment
 1, 219, 221
*
  1.0220000E+01, 4.1007612E+00, 3.8076118E-01, -3.8076118E-01
* ELEM  436  line segment
 1, 669, 219
*
  1.0220000E+01, 3.7200000E+00, 3.8076118E-01, 0.0000000E+00
* ELEM  437  line segment
 1, 221, 220
*
  1.0672918E+01, 3.8942020E+00, -7.2156848E-02, -1.7420204E-01
* ELEM  438  circular arc
 3, 231, 220
*
  1.0870000E+01, 4.3700000E+00, 5.1500000E-01, 2.4750000E+02, 4.5000000E+01
* ELEM  439  line segment
 1, 220, 224
*
  1.1067082E+01, 3.8942020E+00, 7.2156848E-02, -1.7420204E-01
* ELEM  440  line segment
 1, 672, 220
*
  1.0600761E+01, 3.7200000E+00, 5.3847763E-01, 0.0000000E+00
* ELEM  441  line segment
 1, 222, 221
*
  1.0394202E+01, 4.1729180E+00, -1.7420204E-01, -7.2156848E-02
* ELEM  442  circular arc
 3, 231, 221
*
  1.0870000E+01, 4.3700000E+00, 5.1500000E-01, 2.0250000E+02, 4.5000000E+01
* ELEM  443  line segment
 1, 225, 222
*
  1.0394202E+01, 4.5670820E+00, -1.7420204E-01, 7.2156848E-02
* ELEM  444  circular arc
 3, 231, 222
*
  1.0870000E+01, 4.3700000E+00, 5.1500000E-01, 1.5750000E+02, 4.5000000E+01
* ELEM  445  line segment
 1, 223, 224
*
  1.1139239E+01, 3.7200000E+00, 3.8076118E-01, 3.8076118E-01
* ELEM  446  line segment
 1, 237, 223
*
  1.1520000E+01, 3.7200000E+00, 0.0000000E+00, 3.8076118E-01
* ELEM  447  line segment
 1, 670, 223
*
  1.1139239E+01, 3.7200000E+00, 3.8076118E-01, 0.0000000E+00
* ELEM  448  circular arc
 3, 231, 224
*
  1.0870000E+01, 4.3700000E+00, 5.1500000E-01, 2.9250000E+02, 4.5000000E+01
* ELEM  449  line segment
 1, 224, 227
*
  1.1345798E+01, 4.1729180E+00, 1.7420204E-01, -7.2156848E-02
* ELEM  450  line segment
 1, 226, 225
*
  1.0600761E+01, 5.0200000E+00, -3.8076118E-01, -3.8076118E-01
* ELEM  451  line segment
 1, 228, 225
*
  1.0672918E+01, 4.8457980E+00, -7.2156848E-02, 1.7420204E-01
* ELEM  452  circular arc
 3, 231, 225
*
  1.0870000E+01, 4.3700000E+00, 5.1500000E-01, 1.1250000E+02, 4.5000000E+01
* ELEM  453  line segment
 1, 277, 226
*
  1.0600761E+01, 5.0200000E+00, -3.8076118E-01, 0.0000000E+00
* ELEM  454  circular arc
 3, 231, 227
*
  1.0870000E+01, 4.3700000E+00, 5.1500000E-01, 3.3750000E+02, 2.2500000E+01
* ELEM  455  circular arc
 3, 231, 227
*
  1.0870000E+01, 4.3700000E+00, 5.1500000E-01, 0.0000000E+00, 2.2500000E+01
* ELEM  456  line segment
 1, 227, 230
*
  1.1345798E+01, 4.5670820E+00, 1.7420204E-01, 7.2156848E-02
* ELEM  457  line segment
 1, 240, 227
*
  1.1520000E+01, 4.1007612E+00, 0.0000000E+00, 5.3847763E-01
* ELEM  458  line segment
 1, 275, 228
*
  1.1139239E+01, 5.0200000E+00, -5.3847763E-01, 0.0000000E+00
* ELEM  459  line segment
 1, 230, 228
*
  1.1067082E+01, 4.8457980E+00, 7.2156848E-02, 1.7420204E-01
* ELEM  460  circular arc
 3, 231, 228
*
  1.0870000E+01, 4.3700000E+00, 5.1500000E-01, 6.7500000E+01, 4.5000000E+01
* ELEM  461  line segment
 1, 229, 230
*
  1.1520000E+01, 4.6392388E+00, -3.8076118E-01, 3.8076118E-01
* ELEM  462  line segment
 1, 278, 229
*
  1.1520000E+01, 5.0200000E+00, -3.8076118E-01, 0.0000000E+00
* ELEM  463  line segment
 1, 244, 229
*
  1.1520000E+01, 4.6392388E+00, 0.0000000E+00, 3.8076118E-01
* ELEM  464  circular arc
 3, 231, 230
*
  1.0870000E+01, 4.3700000E+00, 5.1500000E-01, 2.2500000E+01, 4.5000000E+01
* ELEM  465  circle
 2, 232, 231
*
  1.0870000E+01, 4.3700000E+00, 4.4700000E-01, 0.0000000E+00
* ELEM  466  circle
 2, 233, 232
*
  1.0870000E+01, 4.3700000E+00, 4.3800000E-01, 0.0000000E+00
* ELEM  467  circle
 2, 234, 233
*
  1.0870000E+01, 4.3700000E+00, 4.2690959E-01, 0.0000000E+00
* ELEM  468  circle
 2, 235, 234
*
  1.0870000E+01, 4.3700000E+00, 3.9175911E-01, 0.0000000E+00
* ELEM  469  circle
 2, 236, 235
*
  1.0870000E+01, 4.3700000E+00, 3.0971277E-01, 0.0000000E+00
* ELEM  470  line segment
 1, 237, 239
*
  1.1520000E+01, 4.1007612E+00, 3.8076118E-01, -3.8076118E-01
* ELEM  471  line segment
 1, 809, 237
*
  1.1520000E+01, 3.7200000E+00, 3.8076118E-01, 0.0000000E+00
* ELEM  472  line segment
 1, 239, 238
*
  1.1972918E+01, 3.8942020E+00, -7.2156848E-02, -1.7420204E-01
* ELEM  473  circular arc
 3, 249, 238
*
  1.2170000E+01, 4.3700000E+00, 5.1500000E-01, 2.4750000E+02, 4.5000000E+01
* ELEM  474  line segment
 1, 238, 242
*
  1.2367082E+01, 3.8942020E+00, 7.2156848E-02, -1.7420204E-01
* ELEM  475  line segment
 1, 812, 238
*
  1.1900761E+01, 3.7200000E+00, 5.3847763E-01, 0.0000000E+00
* ELEM  476  line segment
 1, 240, 239
*
  1.1694202E+01, 4.1729180E+00, -1.7420204E-01, -7.2156848E-02
* ELEM  477  circular arc
 3, 249, 239
*
  1.2170000E+01, 4.3700000E+00, 5.1500000E-01, 2.0250000E+02, 4.5000000E+01
* ELEM  478  line segment
 1, 243, 240
*
  1.1694202E+01, 4.5670820E+00, -1.7420204E-01, 7.2156848E-02
* ELEM  479  circular arc
 3, 249, 240
*
  1.2170000E+01, 4.3700000E+00, 5.1500000E-01, 1.5750000E+02, 4.5000000E+01
* ELEM  480  line segment
 1, 241, 242
*
  1.2439239E+01, 3.7200000E+00, 3.8076118E-01, 3.8076118E-01
* ELEM  481  line segment
 1, 717, 241
*
  1.2820000E+01, 3.7200000E+00, 0.0000000E+00, 3.8076118E-01
* ELEM  482  line segment
 1, 810, 241
*
  1.2439239E+01, 3.7200000E+00, 3.8076118E-01, 0.0000000E+00
* ELEM  483  circular arc
 3, 249, 242
*
  1.2170000E+01, 4.3700000E+00, 5.1500000E-01, 2.9250000E+02, 4.5000000E+01
* ELEM  484  line segment
 1, 242, 245
*
  1.2645798E+01, 4.1729180E+00, 1.7420204E-01, -7.2156848E-02
* ELEM  485  line segment
 1, 244, 243
*
  1.1900761E+01, 5.0200000E+00, -3.8076118E-01, -3.8076118E-01
* ELEM  486  line segment
 1, 246, 243
*
  1.1972918E+01, 4.8457980E+00, -7.2156848E-02, 1.7420204E-01
* ELEM  487  circular arc
 3, 249, 243
*
  1.2170000E+01, 4.3700000E+00, 5.1500000E-01, 1.1250000E+02, 4.5000000E+01
* ELEM  488  line segment
 1, 817, 244
*
  1.1900761E+01, 5.0200000E+00, -3.8076118E-01, 0.0000000E+00
* ELEM  489  circular arc
 3, 249, 245
*
  1.2170000E+01, 4.3700000E+00, 5.1500000E-01, 3.3750000E+02, 2.2500000E+01
* ELEM  490  circular arc
 3, 249, 245
*
  1.2170000E+01, 4.3700000E+00, 5.1500000E-01, 0.0000000E+00, 2.2500000E+01
* ELEM  491  line segment
 1, 245, 248
*
  1.2645798E+01, 4.5670820E+00, 1.7420204E-01, 7.2156848E-02
* ELEM  492  line segment
 1, 720, 245
*
  1.2820000E+01, 4.1007612E+00, 0.0000000E+00, 5.3847763E-01
* ELEM  493  line segment
 1, 815, 246
*
  1.2439239E+01, 5.0200000E+00, -5.3847763E-01, 0.0000000E+00
* ELEM  494  line segment
 1, 248, 246
*
  1.2367082E+01, 4.8457980E+00, 7.2156848E-02, 1.7420204E-01
* ELEM  495  circular arc
 3, 249, 246
*
  1.2170000E+01, 4.3700000E+00, 5.1500000E-01, 6.7500000E+01, 4.5000000E+01
* ELEM  496  line segment
 1, 247, 248
*
  1.2820000E+01, 4.6392388E+00, -3.8076118E-01, 3.8076118E-01
* ELEM  497  line segment
 1, 818, 247
*
  1.2820000E+01, 5.0200000E+00, -3.8076118E-01, 0.0000000E+00
* ELEM  498  line segment
 1, 723, 247
*
  1.2820000E+01, 4.6392388E+00, 0.0000000E+00, 3.8076118E-01
* ELEM  499  circular arc
 3, 249, 248
*
  1.2170000E+01, 4.3700000E+00, 5.1500000E-01, 2.2500000E+01, 4.5000000E+01
* ELEM  500  circle
 2, 250, 249
*
  1.2170000E+01, 4.3700000E+00, 4.4700000E-01, 0.0000000E+00
* ELEM  501  circle
 2, 251, 250
*
  1.2170000E+01, 4.3700000E+00, 4.3800000E-01, 0.0000000E+00
* ELEM  502  circle
 2, 252, 251
*
  1.2170000E+01, 4.3700000E+00, 4.2690959E-01, 0.0000000E+00
* ELEM  503  circle
 2, 253, 252
*
  1.2170000E+01, 4.3700000E+00, 3.9175911E-01, 0.0000000E+00
* ELEM  504  circle
 2, 254, 253
*
  1.2170000E+01, 4.3700000E+00, 3.3927334E-01, 0.0000000E+00
* ELEM  505  circle
 2, 255, 254
*
  1.2170000E+01, 4.3700000E+00, 2.7701552E-01, 0.0000000E+00
* ELEM  506  circle
 2, 256, 255
*
  1.2170000E+01, 4.3700000E+00, 1.9587955E-01, 0.0000000E+00
* ELEM  507  line segment
 1, 737, 257
*
  6.3200000E+00, 5.4007612E+00, 0.0000000E+00, -3.8076118E-01
* ELEM  508  line segment
 1, 257, 259
*
  6.3200000E+00, 5.4007612E+00, 3.8076118E-01, -3.8076118E-01
* ELEM  509  line segment
 1, 703, 257
*
  6.3200000E+00, 5.0200000E+00, 3.8076118E-01, 0.0000000E+00
* ELEM  510  line segment
 1, 259, 258
*
  6.7729180E+00, 5.1942020E+00, -7.2156848E-02, -1.7420204E-01
* ELEM  511  circular arc
 3, 269, 258
*
  6.9700000E+00, 5.6700000E+00, 5.1500000E-01, 2.4750000E+02, 4.5000000E+01
* ELEM  512  line segment
 1, 258, 262
*
  7.1670820E+00, 5.1942020E+00, 7.2156848E-02, -1.7420204E-01
* ELEM  513  line segment
 1, 706, 258
*
  6.7007612E+00, 5.0200000E+00, 5.3847763E-01, 0.0000000E+00
* ELEM  514  line segment
 1, 260, 259
*
  6.4942020E+00, 5.4729180E+00, -1.7420204E-01, -7.2156848E-02
* ELEM  515  circular arc
 3, 269, 259
*
  6.9700000E+00, 5.6700000E+00, 5.1500000E-01, 2.0250000E+02, 4.5000000E+01
* ELEM  516  line segment
 1, 738, 260
*
  6.3200000E+00, 5.9392388E+00, 0.0000000E+00, -5.3847763E-01
* ELEM  517  line segment
 1, 263, 260
*
  6.4942020E+00, 5.8670820E+00, -1.7420204E-01, 7.2156848E-02
* ELEM  518  circular arc
 3, 269, 260
*
  6.9700000E+00, 5.6700000E+00, 5.1500000E-01, 1.5750000E+02, 4.5000000E+01
* ELEM  519  line segment
 1, 261, 262
*
  7.2392388E+00, 5.0200000E+00, 3.8076118E-01, 3.8076118E-01
* ELEM  520  line segment
 1, 749, 261
*
  7.6200000E+00, 5.0200000E+00, 0.0000000E+00, 3.8076118E-01
* ELEM  521  line segment
 1, 704, 261
*
  7.2392388E+00, 5.0200000E+00, 3.8076118E-01, 0.0000000E+00
* ELEM  522  circular arc
 3, 269, 262
*
  6.9700000E+00, 5.6700000E+00, 5.1500000E-01, 2.9250000E+02, 4.5000000E+01
* ELEM  523  line segment
 1, 262, 265
*
  7.4457980E+00, 5.4729180E+00, 1.7420204E-01, -7.2156848E-02
* ELEM  524  line segment
 1, 264, 263
*
  6.7007612E+00, 6.3200000E+00, -3.8076118E-01, -3.8076118E-01
* ELEM  525  line segment
 1, 266, 263
*
  6.7729180E+00, 6.1457980E+00, -7.2156848E-02, 1.7420204E-01
* ELEM  526  circular arc
 3, 269, 263
*
  6.9700000E+00, 5.6700000E+00, 5.1500000E-01, 1.1250000E+02, 4.5000000E+01
* ELEM  527  line segment
 1, 739, 264
*
  6.3200000E+00, 6.3200000E+00, 0.0000000E+00, -3.8076118E-01
* ELEM  528  line segment
 1, 830, 264
*
  6.7007612E+00, 6.3200000E+00, -3.8076118E-01, 0.0000000E+00
* ELEM  529  circular arc
 3, 269, 265
*
  6.9700000E+00, 5.6700000E+00, 5.1500000E-01, 3.3750000E+02, 2.2500000E+01
* ELEM  530  circular arc
 3, 269, 265
*
  6.9700000E+00, 5.6700000E+00, 5.1500000E-01, 0.0000000E+00, 2.2500000E+01
* ELEM  531  line segment
 1, 265, 267
*
  7.4457980E+00, 5.8670820E+00, 1.7420204E-01, 7.2156848E-02
* ELEM  532  line segment
 1, 752, 265
*
  7.6200000E+00, 5.7815224E+00, 0.0000000E+00, 1.5771645E-01
* ELEM  533  line segment
 1, 749, 265
*
  7.6200000E+00, 5.4007612E+00, 0.0000000E+00, 3.8076118E-01
* ELEM  534  line segment
 1, 831, 266
*
  7.2392388E+00, 6.3200000E+00, -5.3847763E-01, 0.0000000E+00
* ELEM  535  line segment
 1, 267, 266
*
  7.1670820E+00, 6.1457980E+00, 7.2156848E-02, 1.7420204E-01
* ELEM  536  circular arc
 3, 269, 266
*
  6.9700000E+00, 5.6700000E+00, 5.1500000E-01, 6.7500000E+01, 4.5000000E+01
* ELEM  537  line segment
 1, 268, 267
*
  7.6200000E+00, 5.9392388E+00, -3.8076118E-01, 3.8076118E-01
* ELEM  538  circular arc
 3, 269, 267
*
  6.9700000E+00, 5.6700000E+00, 5.1500000E-01, 2.2500000E+01, 4.5000000E+01
* ELEM  539  line segment
 1, 833, 268
*
  7.6200000E+00, 6.3200000E+00, -3.8076118E-01, 0.0000000E+00
* ELEM  540  line segment
 1, 752, 268
*
  7.6200000E+00, 5.9392388E+00, 0.0000000E+00, 3.8076118E-01
* ELEM  541  circle
 2, 270, 269
*
  6.9700000E+00, 5.6700000E+00, 4.4700000E-01, 0.0000000E+00
* ELEM  542  circle
 2, 271, 270
*
  6.9700000E+00, 5.6700000E+00, 4.3800000E-01, 0.0000000E+00
* ELEM  543  circle
 2, 272, 271
*
  6.9700000E+00, 5.6700000E+00, 4.2690959E-01, 0.0000000E+00
* ELEM  544  circle
 2, 273, 272
*
  6.9700000E+00, 5.6700000E+00, 3.9175911E-01, 0.0000000E+00
* ELEM  545  circle
 2, 274, 273
*
  6.9700000E+00, 5.6700000E+00, 3.0971277E-01, 0.0000000E+00
* ELEM  546  line segment
 1, 276, 275
*
  1.0672918E+01, 5.1942020E+00, -7.2156848E-02, -1.7420204E-01
* ELEM  547  circular arc
 3, 287, 275
*
  1.0870000E+01, 5.6700000E+00, 5.1500000E-01, 2.4750000E+02, 4.5000000E+01
* ELEM  548  line segment
 1, 275, 279
*
  1.1067082E+01, 5.1942020E+00, 7.2156848E-02, -1.7420204E-01
* ELEM  549  line segment
 1, 277, 276
*
  1.0220000E+01, 5.4007612E+00, 3.8076118E-01, -3.8076118E-01
* ELEM  550  line segment
 1, 280, 276
*
  1.0394202E+01, 5.4729180E+00, -1.7420204E-01, -7.2156848E-02
* ELEM  551  circular arc
 3, 287, 276
*
  1.0870000E+01, 5.6700000E+00, 5.1500000E-01, 2.0250000E+02, 4.5000000E+01
* ELEM  552  line segment
 1, 756, 277
*
  1.0220000E+01, 5.4007612E+00, 0.0000000E+00, -3.8076118E-01
* ELEM  553  line segment
 1, 278, 279
*
  1.1139239E+01, 5.0200000E+00, 3.8076118E-01, 3.8076118E-01
* ELEM  554  line segment
 1, 817, 278
*
  1.1520000E+01, 5.0200000E+00, 0.0000000E+00, 3.8076118E-01
* ELEM  555  circular arc
 3, 287, 279
*
  1.0870000E+01, 5.6700000E+00, 5.1500000E-01, 2.9250000E+02, 4.5000000E+01
* ELEM  556  line segment
 1, 279, 281
*
  1.1345798E+01, 5.4729180E+00, 1.7420204E-01, -7.2156848E-02
* ELEM  557  line segment
 1, 756, 280
*
  1.0220000E+01, 5.7815224E+00, 0.0000000E+00, -3.8076118E-01
* ELEM  558  line segment
 1, 755, 280
*
  1.0220000E+01, 5.9392388E+00, 0.0000000E+00, -1.5771645E-01
* ELEM  559  line segment
 1, 284, 280
*
  1.0394202E+01, 5.8670820E+00, -1.7420204E-01, 7.2156848E-02
* ELEM  560  circular arc
 3, 287, 280
*
  1.0870000E+01, 5.6700000E+00, 5.1500000E-01, 1.5750000E+02, 4.5000000E+01
* ELEM  561  circular arc
 3, 287, 281
*
  1.0870000E+01, 5.6700000E+00, 5.1500000E-01, 3.3750000E+02, 2.2500000E+01
* ELEM  562  circular arc
 3, 287, 281
*
  1.0870000E+01, 5.6700000E+00, 5.1500000E-01, 0.0000000E+00, 2.2500000E+01
* ELEM  563  line segment
 1, 281, 283
*
  1.1345798E+01, 5.8670820E+00, 1.7420204E-01, 7.2156848E-02
* ELEM  564  line segment
 1, 820, 281
*
  1.1520000E+01, 5.4007612E+00, 0.0000000E+00, 5.3847763E-01
* ELEM  565  line segment
 1, 282, 283
*
  1.1520000E+01, 5.9392388E+00, -3.8076118E-01, 3.8076118E-01
* ELEM  566  line segment
 1, 314, 282
*
  1.1520000E+01, 6.3200000E+00, -3.8076118E-01, 0.0000000E+00
* ELEM  567  line segment
 1, 823, 282
*
  1.1520000E+01, 5.9392388E+00, 0.0000000E+00, 3.8076118E-01
* ELEM  568  circular arc
 3, 287, 283
*
  1.0870000E+01, 5.6700000E+00, 5.1500000E-01, 2.2500000E+01, 4.5000000E+01
* ELEM  569  line segment
 1, 283, 286
*
  1.1067082E+01, 6.1457980E+00, 7.2156848E-02, 1.7420204E-01
* ELEM  570  line segment
 1, 285, 284
*
  1.0600761E+01, 6.3200000E+00, -3.8076118E-01, -3.8076118E-01
* ELEM  571  line segment
 1, 286, 284
*
  1.0672918E+01, 6.1457980E+00, -7.2156848E-02, 1.7420204E-01
* ELEM  572  circular arc
 3, 287, 284
*
  1.0870000E+01, 5.6700000E+00, 5.1500000E-01, 1.1250000E+02, 4.5000000E+01
* ELEM  573  line segment
 1, 755, 285
*
  1.0220000E+01, 6.3200000E+00, 0.0000000E+00, -3.8076118E-01
* ELEM  574  line segment
 1, 313, 285
*
  1.0600761E+01, 6.3200000E+00, -3.8076118E-01, 0.0000000E+00
* ELEM  575  circular arc
 3, 287, 286
*
  1.0870000E+01, 5.6700000E+00, 5.1500000E-01, 6.7500000E+01, 4.5000000E+01
* ELEM  576  line segment
 1, 311, 286
*
  1.1139239E+01, 6.3200000E+00, -5.3847763E-01, 0.0000000E+00
* ELEM  577  circle
 2, 288, 287
*
  1.0870000E+01, 5.6700000E+00, 4.4700000E-01, 0.0000000E+00
* ELEM  578  circle
 2, 289, 288
*
  1.0870000E+01, 5.6700000E+00, 4.3800000E-01, 0.0000000E+00
* ELEM  579  circle
 2, 290, 289
*
  1.0870000E+01, 5.6700000E+00, 4.2690959E-01, 0.0000000E+00
* ELEM  580  circle
 2, 291, 290
*
  1.0870000E+01, 5.6700000E+00, 3.9175911E-01, 0.0000000E+00
* ELEM  581  circle
 2, 292, 291
*
  1.0870000E+01, 5.6700000E+00, 3.0971277E-01, 0.0000000E+00
* ELEM  582  line segment
 1, 818, 293
*
  1.2820000E+01, 5.4007612E+00, 0.0000000E+00, -3.8076118E-01
* ELEM  583  line segment
 1, 293, 295
*
  1.2820000E+01, 5.4007612E+00, 3.8076118E-01, -3.8076118E-01
* ELEM  584  line segment
 1, 723, 293
*
  1.2820000E+01, 5.0200000E+00, 3.8076118E-01, 0.0000000E+00
* ELEM  585  line segment
 1, 295, 294
*
  1.3272918E+01, 5.1942020E+00, -7.2156848E-02, -1.7420204E-01
* ELEM  586  circular arc
 3, 305, 294
*
  1.3470000E+01, 5.6700000E+00, 5.1500000E-01, 2.4750000E+02, 4.5000000E+01
* ELEM  587  line segment
 1, 294, 298
*
  1.3667082E+01, 5.1942020E+00, 7.2156848E-02, -1.7420204E-01
* ELEM  588  line segment
 1, 726, 294
*
  1.3200761E+01, 5.0200000E+00, 5.3847763E-01, 0.0000000E+00
* ELEM  589  line segment
 1, 296, 295
*
  1.2994202E+01, 5.4729180E+00, -1.7420204E-01, -7.2156848E-02
* ELEM  590  circular arc
 3, 305, 295
*
  1.3470000E+01, 5.6700000E+00, 5.1500000E-01, 2.0250000E+02, 4.5000000E+01
* ELEM  591  line segment
 1, 821, 296
*
  1.2820000E+01, 5.9392388E+00, 0.0000000E+00, -5.3847763E-01
* ELEM  592  line segment
 1, 299, 296
*
  1.2994202E+01, 5.8670820E+00, -1.7420204E-01, 7.2156848E-02
* ELEM  593  circular arc
 3, 305, 296
*
  1.3470000E+01, 5.6700000E+00, 5.1500000E-01, 1.5750000E+02, 4.5000000E+01
* ELEM  594  line segment
 1, 297, 298
*
  1.3739239E+01, 5.0200000E+00, 3.8076118E-01, 3.8076118E-01
* ELEM  595  line segment
 1, 912, 297
*
  1.4120000E+01, 5.0200000E+00, 0.0000000E+00, 3.8076118E-01
* ELEM  596  line segment
 1, 724, 297
*
  1.3739239E+01, 5.0200000E+00, 3.8076118E-01, 0.0000000E+00
* ELEM  597  circular arc
 3, 305, 298
*
  1.3470000E+01, 5.6700000E+00, 5.1500000E-01, 2.9250000E+02, 4.5000000E+01
* ELEM  598  line segment
 1, 298, 301
*
  1.3945798E+01, 5.4729180E+00, 1.7420204E-01, -7.2156848E-02
* ELEM  599  line segment
 1, 300, 299
*
  1.3200761E+01, 6.3200000E+00, -3.8076118E-01, -3.8076118E-01
* ELEM  600  line segment
 1, 302, 299
*
  1.3272918E+01, 6.1457980E+00, -7.2156848E-02, 1.7420204E-01
* ELEM  601  circular arc
 3, 305, 299
*
  1.3470000E+01, 5.6700000E+00, 5.1500000E-01, 1.1250000E+02, 4.5000000E+01
* ELEM  602  line segment
 1, 824, 300
*
  1.2820000E+01, 6.3200000E+00, 0.0000000E+00, -3.8076118E-01
* ELEM  603  line segment
 1, 349, 300
*
  1.3200761E+01, 6.3200000E+00, -3.8076118E-01, 0.0000000E+00
* ELEM  604  circular arc
 3, 305, 301
*
  1.3470000E+01, 5.6700000E+00, 5.1500000E-01, 3.3750000E+02, 2.2500000E+01
* ELEM  605  circular arc
 3, 305, 301
*
  1.3470000E+01, 5.6700000E+00, 5.1500000E-01, 0.0000000E+00, 2.2500000E+01
* ELEM  606  line segment
 1, 301, 304
*
  1.3945798E+01, 5.8670820E+00, 1.7420204E-01, 7.2156848E-02
* ELEM  607  line segment
 1, 912, 301
*
  1.4120000E+01, 5.4007612E+00, 0.0000000E+00, 5.3847763E-01
* ELEM  608  line segment
 1, 347, 302
*
  1.3739239E+01, 6.3200000E+00, -5.3847763E-01, 0.0000000E+00
* ELEM  609  line segment
 1, 304, 302
*
  1.3667082E+01, 6.1457980E+00, 7.2156848E-02, 1.7420204E-01
* ELEM  610  circular arc
 3, 305, 302
*
  1.3470000E+01, 5.6700000E+00, 5.1500000E-01, 6.7500000E+01, 4.5000000E+01
* ELEM  611  line segment
 1, 303, 304
*
  1.4120000E+01, 5.9392388E+00, -3.8076118E-01, 3.8076118E-01
* ELEM  612  line segment
 1, 350, 303
*
  1.4120000E+01, 6.3200000E+00, -3.8076118E-01, 0.0000000E+00
* ELEM  613  line segment
 1, 912, 303
*
  1.4120000E+01, 5.9392388E+00, 0.0000000E+00, 3.8076118E-01
* ELEM  614  circular arc
 3, 305, 304
*
  1.3470000E+01, 5.6700000E+00, 5.1500000E-01, 2.2500000E+01, 4.5000000E+01
* ELEM  615  circle
 2, 306, 305
*
  1.3470000E+01, 5.6700000E+00, 4.4700000E-01, 0.0000000E+00
* ELEM  616  circle
 2, 307, 306
*
  1.3470000E+01, 5.6700000E+00, 4.3800000E-01, 0.0000000E+00
* ELEM  617  circle
 2, 308, 307
*
  1.3470000E+01, 5.6700000E+00, 4.2690959E-01, 0.0000000E+00
* ELEM  618  circle
 2, 309, 308
*
  1.3470000E+01, 5.6700000E+00, 3.9175911E-01, 0.0000000E+00
* ELEM  619  circle
 2, 310, 309
*
  1.3470000E+01, 5.6700000E+00, 3.0971277E-01, 0.0000000E+00
* ELEM  620  line segment
 1, 312, 311
*
  1.0672918E+01, 6.4942020E+00, -7.2156848E-02, -1.7420204E-01
* ELEM  621  circular arc
 3, 323, 311
*
  1.0870000E+01, 6.9700000E+00, 5.1500000E-01, 2.4750000E+02, 4.5000000E+01
* ELEM  622  line segment
 1, 311, 315
*
  1.1067082E+01, 6.4942020E+00, 7.2156848E-02, -1.7420204E-01
* ELEM  623  line segment
 1, 313, 312
*
  1.0220000E+01, 6.7007612E+00, 3.8076118E-01, -3.8076118E-01
* ELEM  624  line segment
 1, 316, 312
*
  1.0394202E+01, 6.7729180E+00, -1.7420204E-01, -7.2156848E-02
* ELEM  625  circular arc
 3, 323, 312
*
  1.0870000E+01, 6.9700000E+00, 5.1500000E-01, 2.0250000E+02, 4.5000000E+01
* ELEM  626  line segment
 1, 755, 313
*
  1.0220000E+01, 6.7007612E+00, 0.0000000E+00, -3.8076118E-01
* ELEM  627  line segment
 1, 314, 315
*
  1.1139239E+01, 6.3200000E+00, 3.8076118E-01, 3.8076118E-01
* ELEM  628  line segment
 1, 329, 314
*
  1.1520000E+01, 6.3200000E+00, 0.0000000E+00, 3.8076118E-01
* ELEM  629  circular arc
 3, 323, 315
*
  1.0870000E+01, 6.9700000E+00, 5.1500000E-01, 2.9250000E+02, 4.5000000E+01
* ELEM  630  line segment
 1, 315, 317
*
  1.1345798E+01, 6.7729180E+00, 1.7420204E-01, -7.2156848E-02
* ELEM  631  line segment
 1, 755, 316
*
  1.0220000E+01, 6.8584776E+00, 0.0000000E+00, -1.5771645E-01
* ELEM  632  line segment
 1, 760, 316
*
  1.0220000E+01, 7.2392388E+00, 0.0000000E+00, -3.8076118E-01
* ELEM  633  line segment
 1, 320, 316
*
  1.0394202E+01, 7.1670820E+00, -1.7420204E-01, 7.2156848E-02
* ELEM  634  circular arc
 3, 323, 316
*
  1.0870000E+01, 6.9700000E+00, 5.1500000E-01, 1.5750000E+02, 4.5000000E+01
* ELEM  635  circular arc
 3, 323, 317
*
  1.0870000E+01, 6.9700000E+00, 5.1500000E-01, 3.3750000E+02, 2.2500000E+01
* ELEM  636  circular arc
 3, 323, 317
*
  1.0870000E+01, 6.9700000E+00, 5.1500000E-01, 0.0000000E+00, 2.2500000E+01
* ELEM  637  line segment
 1, 317, 319
*
  1.1345798E+01, 7.1670820E+00, 1.7420204E-01, 7.2156848E-02
* ELEM  638  line segment
 1, 332, 317
*
  1.1520000E+01, 6.7007612E+00, 0.0000000E+00, 5.3847763E-01
* ELEM  639  line segment
 1, 318, 319
*
  1.1520000E+01, 7.2392388E+00, -3.8076118E-01, 3.8076118E-01
* ELEM  640  line segment
 1, 388, 318
*
  1.1520000E+01, 7.6200000E+00, -3.8076118E-01, 0.0000000E+00
* ELEM  641  line segment
 1, 336, 318
*
  1.1520000E+01, 7.2392388E+00, 0.0000000E+00, 3.8076118E-01
* ELEM  642  circular arc
 3, 323, 319
*
  1.0870000E+01, 6.9700000E+00, 5.1500000E-01, 2.2500000E+01, 4.5000000E+01
* ELEM  643  line segment
 1, 319, 322
*
  1.1067082E+01, 7.4457980E+00, 7.2156848E-02, 1.7420204E-01
* ELEM  644  line segment
 1, 321, 320
*
  1.0600761E+01, 7.6200000E+00, -3.8076118E-01, -3.8076118E-01
* ELEM  645  line segment
 1, 322, 320
*
  1.0672918E+01, 7.4457980E+00, -7.2156848E-02, 1.7420204E-01
* ELEM  646  circular arc
 3, 323, 320
*
  1.0870000E+01, 6.9700000E+00, 5.1500000E-01, 1.1250000E+02, 4.5000000E+01
* ELEM  647  line segment
 1, 760, 321
*
  1.0220000E+01, 7.6200000E+00, 0.0000000E+00, -3.8076118E-01
* ELEM  648  line segment
 1, 387, 321
*
  1.0600761E+01, 7.6200000E+00, -3.8076118E-01, 0.0000000E+00
* ELEM  649  circular arc
 3, 323, 322
*
  1.0870000E+01, 6.9700000E+00, 5.1500000E-01, 6.7500000E+01, 4.5000000E+01
* ELEM  650  line segment
 1, 385, 322
*
  1.1139239E+01, 7.6200000E+00, -5.3847763E-01, 0.0000000E+00
* ELEM  651  circle
 2, 324, 323
*
  1.0870000E+01, 6.9700000E+00, 4.4700000E-01, 0.0000000E+00
* ELEM  652  circle
 2, 325, 324
*
  1.0870000E+01, 6.9700000E+00, 4.3800000E-01, 0.0000000E+00
* ELEM  653  circle
 2, 326, 325
*
  1.0870000E+01, 6.9700000E+00, 4.2690959E-01, 0.0000000E+00
* ELEM  654  circle
 2, 327, 326
*
  1.0870000E+01, 6.9700000E+00, 3.9175911E-01, 0.0000000E+00
* ELEM  655  circle
 2, 328, 327
*
  1.0870000E+01, 6.9700000E+00, 3.0971277E-01, 0.0000000E+00
* ELEM  656  line segment
 1, 329, 331
*
  1.1520000E+01, 6.7007612E+00, 3.8076118E-01, -3.8076118E-01
* ELEM  657  line segment
 1, 823, 329
*
  1.1520000E+01, 6.3200000E+00, 3.8076118E-01, 0.0000000E+00
* ELEM  658  line segment
 1, 331, 330
*
  1.1972918E+01, 6.4942020E+00, -7.2156848E-02, -1.7420204E-01
* ELEM  659  circular arc
 3, 341, 330
*
  1.2170000E+01, 6.9700000E+00, 5.1500000E-01, 2.4750000E+02, 4.5000000E+01
* ELEM  660  line segment
 1, 330, 334
*
  1.2367082E+01, 6.4942020E+00, 7.2156848E-02, -1.7420204E-01
* ELEM  661  line segment
 1, 826, 330
*
  1.1900761E+01, 6.3200000E+00, 5.3847763E-01, 0.0000000E+00
* ELEM  662  line segment
 1, 332, 331
*
  1.1694202E+01, 6.7729180E+00, -1.7420204E-01, -7.2156848E-02
* ELEM  663  circular arc
 3, 341, 331
*
  1.2170000E+01, 6.9700000E+00, 5.1500000E-01, 2.0250000E+02, 4.5000000E+01
* ELEM  664  line segment
 1, 335, 332
*
  1.1694202E+01, 7.1670820E+00, -1.7420204E-01, 7.2156848E-02
* ELEM  665  circular arc
 3, 341, 332
*
  1.2170000E+01, 6.9700000E+00, 5.1500000E-01, 1.5750000E+02, 4.5000000E+01
* ELEM  666  line segment
 1, 333, 334
*
  1.2439239E+01, 6.3200000E+00, 3.8076118E-01, 3.8076118E-01
* ELEM  667  line segment
 1, 349, 333
*
  1.2820000E+01, 6.3200000E+00, 0.0000000E+00, 3.8076118E-01
* ELEM  668  line segment
 1, 824, 333
*
  1.2439239E+01, 6.3200000E+00, 3.8076118E-01, 0.0000000E+00
* ELEM  669  circular arc
 3, 341, 334
*
  1.2170000E+01, 6.9700000E+00, 5.1500000E-01, 2.9250000E+02, 4.5000000E+01
* ELEM  670  line segment
 1, 334, 337
*
  1.2645798E+01, 6.7729180E+00, 1.7420204E-01, -7.2156848E-02
* ELEM  671  line segment
 1, 336, 335
*
  1.1900761E+01, 7.6200000E+00, -3.8076118E-01, -3.8076118E-01
* ELEM  672  line segment
 1, 338, 335
*
  1.1972918E+01, 7.4457980E+00, -7.2156848E-02, 1.7420204E-01
* ELEM  673  circular arc
 3, 341, 335
*
  1.2170000E+01, 6.9700000E+00, 5.1500000E-01, 1.1250000E+02, 4.5000000E+01
* ELEM  674  line segment
 1, 405, 336
*
  1.1900761E+01, 7.6200000E+00, -3.8076118E-01, 0.0000000E+00
* ELEM  675  circular arc
 3, 341, 337
*
  1.2170000E+01, 6.9700000E+00, 5.1500000E-01, 3.3750000E+02, 2.2500000E+01
* ELEM  676  circular arc
 3, 341, 337
*
  1.2170000E+01, 6.9700000E+00, 5.1500000E-01, 0.0000000E+00, 2.2500000E+01
* ELEM  677  line segment
 1, 337, 340
*
  1.2645798E+01, 7.1670820E+00, 1.7420204E-01, 7.2156848E-02
* ELEM  678  line segment
 1, 352, 337
*
  1.2820000E+01, 6.7007612E+00, 0.0000000E+00, 5.3847763E-01
* ELEM  679  line segment
 1, 403, 338
*
  1.2439239E+01, 7.6200000E+00, -5.3847763E-01, 0.0000000E+00
* ELEM  680  line segment
 1, 340, 338
*
  1.2367082E+01, 7.4457980E+00, 7.2156848E-02, 1.7420204E-01
* ELEM  681  circular arc
 3, 341, 338
*
  1.2170000E+01, 6.9700000E+00, 5.1500000E-01, 6.7500000E+01, 4.5000000E+01
* ELEM  682  line segment
 1, 339, 340
*
  1.2820000E+01, 7.2392388E+00, -3.8076118E-01, 3.8076118E-01
* ELEM  683  line segment
 1, 406, 339
*
  1.2820000E+01, 7.6200000E+00, -3.8076118E-01, 0.0000000E+00
* ELEM  684  line segment
 1, 355, 339
*
  1.2820000E+01, 7.2392388E+00, 0.0000000E+00, 3.8076118E-01
* ELEM  685  circular arc
 3, 341, 340
*
  1.2170000E+01, 6.9700000E+00, 5.1500000E-01, 2.2500000E+01, 4.5000000E+01
* ELEM  686  circle
 2, 342, 341
*
  1.2170000E+01, 6.9700000E+00, 4.4700000E-01, 0.0000000E+00
* ELEM  687  circle
 2, 343, 342
*
  1.2170000E+01, 6.9700000E+00, 4.3800000E-01, 0.0000000E+00
* ELEM  688  circle
 2, 344, 343
*
  1.2170000E+01, 6.9700000E+00, 4.2690959E-01, 0.0000000E+00
* ELEM  689  circle
 2, 345, 344
*
  1.2170000E+01, 6.9700000E+00, 3.9175911E-01, 0.0000000E+00
* ELEM  690  circle
 2, 346, 345
*
  1.2170000E+01, 6.9700000E+00, 3.0971277E-01, 0.0000000E+00
* ELEM  691  line segment
 1, 348, 347
*
  1.3272918E+01, 6.4942020E+00, -7.2156848E-02, -1.7420204E-01
* ELEM  692  circular arc
 3, 359, 347
*
  1.3470000E+01, 6.9700000E+00, 5.1500000E-01, 2.4750000E+02, 4.5000000E+01
* ELEM  693  line segment
 1, 347, 351
*
  1.3667082E+01, 6.4942020E+00, 7.2156848E-02, -1.7420204E-01
* ELEM  694  line segment
 1, 349, 348
*
  1.2820000E+01, 6.7007612E+00, 3.8076118E-01, -3.8076118E-01
* ELEM  695  line segment
 1, 352, 348
*
  1.2994202E+01, 6.7729180E+00, -1.7420204E-01, -7.2156848E-02
* ELEM  696  circular arc
 3, 359, 348
*
  1.3470000E+01, 6.9700000E+00, 5.1500000E-01, 2.0250000E+02, 4.5000000E+01
* ELEM  697  line segment
 1, 350, 351
*
  1.3739239E+01, 6.3200000E+00, 3.8076118E-01, 3.8076118E-01
* ELEM  698  line segment
 1, 915, 350
*
  1.4120000E+01, 6.3200000E+00, 0.0000000E+00, 3.8076118E-01
* ELEM  699  circular arc
 3, 359, 351
*
  1.3470000E+01, 6.9700000E+00, 5.1500000E-01, 2.9250000E+02, 4.5000000E+01
* ELEM  700  line segment
 1, 351, 353
*
  1.3945798E+01, 6.7729180E+00, 1.7420204E-01, -7.2156848E-02
* ELEM  701  line segment
 1, 354, 352
*
  1.2994202E+01, 7.1670820E+00, -1.7420204E-01, 7.2156848E-02
* ELEM  702  circular arc
 3, 359, 352
*
  1.3470000E+01, 6.9700000E+00, 5.1500000E-01, 1.5750000E+02, 4.5000000E+01
* ELEM  703  circular arc
 3, 359, 353
*
  1.3470000E+01, 6.9700000E+00, 5.1500000E-01, 3.3750000E+02, 2.2500000E+01
* ELEM  704  circular arc
 3, 359, 353
*
  1.3470000E+01, 6.9700000E+00, 5.1500000E-01, 0.0000000E+00, 2.2500000E+01
* ELEM  705  line segment
 1, 353, 357
*
  1.3945798E+01, 7.1670820E+00, 1.7420204E-01, 7.2156848E-02
* ELEM  706  line segment
 1, 915, 353
*
  1.4120000E+01, 6.7007612E+00, 0.0000000E+00, 5.3847763E-01
* ELEM  707  line segment
 1, 355, 354
*
  1.3200761E+01, 7.6200000E+00, -3.8076118E-01, -3.8076118E-01
* ELEM  708  line segment
 1, 358, 354
*
  1.3272918E+01, 7.4457980E+00, -7.2156848E-02, 1.7420204E-01
* ELEM  709  circular arc
 3, 359, 354
*
  1.3470000E+01, 6.9700000E+00, 5.1500000E-01, 1.1250000E+02, 4.5000000E+01
* ELEM  710  line segment
 1, 425, 355
*
  1.3200761E+01, 7.6200000E+00, -3.8076118E-01, 0.0000000E+00
* ELEM  711  line segment
 1, 356, 357
*
  1.4120000E+01, 7.2392388E+00, -3.8076118E-01, 3.8076118E-01
* ELEM  712  line segment
 1, 426, 356
*
  1.4120000E+01, 7.6200000E+00, -3.8076118E-01, 0.0000000E+00
* ELEM  713  line segment
 1, 915, 356
*
  1.4120000E+01, 7.2392388E+00, 0.0000000E+00, 3.8076118E-01
* ELEM  714  circular arc
 3, 359, 357
*
  1.3470000E+01, 6.9700000E+00, 5.1500000E-01, 2.2500000E+01, 4.5000000E+01
* ELEM  715  line segment
 1, 357, 358
*
  1.3667082E+01, 7.4457980E+00, 7.2156848E-02, 1.7420204E-01
* ELEM  716  line segment
 1, 423, 358
*
  1.3739239E+01, 7.6200000E+00, -5.3847763E-01, 0.0000000E+00
* ELEM  717  circular arc
 3, 359, 358
*
  1.3470000E+01, 6.9700000E+00, 5.1500000E-01, 6.7500000E+01, 4.5000000E+01
* ELEM  718  circle
 2, 360, 359
*
  1.3470000E+01, 6.9700000E+00, 4.4700000E-01, 0.0000000E+00
* ELEM  719  circle
 2, 361, 360
*
  1.3470000E+01, 6.9700000E+00, 4.3800000E-01, 0.0000000E+00
* ELEM  720  circle
 2, 362, 361
*
  1.3470000E+01, 6.9700000E+00, 4.2690959E-01, 0.0000000E+00
* ELEM  721  circle
 2, 363, 362
*
  1.3470000E+01, 6.9700000E+00, 3.9175911E-01, 0.0000000E+00
* ELEM  722  circle
 2, 364, 363
*
  1.3470000E+01, 6.9700000E+00, 3.0971277E-01, 0.0000000E+00
* ELEM  723  line segment
 1, 844, 365
*
  8.9200000E+00, 8.0007612E+00, 0.0000000E+00, -3.8076118E-01
* ELEM  724  line segment
 1, 365, 367
*
  8.9200000E+00, 8.0007612E+00, 3.8076118E-01, -3.8076118E-01
* ELEM  725  line segment
 1, 757, 365
*
  8.9200000E+00, 7.6200000E+00, 3.8076118E-01, 0.0000000E+00
* ELEM  726  line segment
 1, 367, 366
*
  9.3729180E+00, 7.7942020E+00, -7.2156848E-02, -1.7420204E-01
* ELEM  727  circular arc
 3, 377, 366
*
  9.5700000E+00, 8.2700000E+00, 5.1500000E-01, 2.4750000E+02, 4.5000000E+01
* ELEM  728  line segment
 1, 366, 372
*
  9.7670820E+00, 7.7942020E+00, 7.2156848E-02, -1.7420204E-01
* ELEM  729  line segment
 1, 760, 366
*
  9.4584776E+00, 7.6200000E+00, 3.8076118E-01, 0.0000000E+00
* ELEM  730  line segment
 1, 757, 366
*
  9.3007612E+00, 7.6200000E+00, 1.5771645E-01, 0.0000000E+00
* ELEM  731  line segment
 1, 368, 367
*
  9.0942020E+00, 8.0729180E+00, -1.7420204E-01, -7.2156848E-02
* ELEM  732  circular arc
 3, 377, 367
*
  9.5700000E+00, 8.2700000E+00, 5.1500000E-01, 2.0250000E+02, 4.5000000E+01
* ELEM  733  line segment
 1, 843, 368
*
  8.9200000E+00, 8.5392388E+00, 0.0000000E+00, -5.3847763E-01
* ELEM  734  line segment
 1, 369, 368
*
  9.0942020E+00, 8.4670820E+00, -1.7420204E-01, 7.2156848E-02
* ELEM  735  circular arc
 3, 377, 368
*
  9.5700000E+00, 8.2700000E+00, 5.1500000E-01, 1.5750000E+02, 4.5000000E+01
* ELEM  736  line segment
 1, 370, 369
*
  9.3007612E+00, 8.9200000E+00, -3.8076118E-01, -3.8076118E-01
* ELEM  737  line segment
 1, 373, 369
*
  9.3729180E+00, 8.7457980E+00, -7.2156848E-02, 1.7420204E-01
* ELEM  738  circular arc
 3, 377, 369
*
  9.5700000E+00, 8.2700000E+00, 5.1500000E-01, 1.1250000E+02, 4.5000000E+01
* ELEM  739  line segment
 1, 846, 370
*
  8.9200000E+00, 8.9200000E+00, 0.0000000E+00, -3.8076118E-01
* ELEM  740  line segment
 1, 442, 370
*
  9.3007612E+00, 8.9200000E+00, -3.8076118E-01, 0.0000000E+00
* ELEM  741  line segment
 1, 371, 372
*
  9.8392388E+00, 7.6200000E+00, 3.8076118E-01, 3.8076118E-01
* ELEM  742  line segment
 1, 387, 371
*
  1.0220000E+01, 7.6200000E+00, 0.0000000E+00, 3.8076118E-01
* ELEM  743  line segment
 1, 760, 371
*
  9.8392388E+00, 7.6200000E+00, 3.8076118E-01, 0.0000000E+00
* ELEM  744  circular arc
 3, 377, 372
*
  9.5700000E+00, 8.2700000E+00, 5.1500000E-01, 2.9250000E+02, 4.5000000E+01
* ELEM  745  line segment
 1, 372, 374
*
  1.0045798E+01, 8.0729180E+00, 1.7420204E-01, -7.2156848E-02
* ELEM  746  line segment
 1, 443, 373
*
  9.8392388E+00, 8.9200000E+00, -5.3847763E-01, 0.0000000E+00
* ELEM  747  line segment
 1, 375, 373
*
  9.7670820E+00, 8.7457980E+00, 7.2156848E-02, 1.7420204E-01
* ELEM  748  circular arc
 3, 377, 373
*
  9.5700000E+00, 8.2700000E+00, 5.1500000E-01, 6.7500000E+01, 4.5000000E+01
* ELEM  749  circular arc
 3, 377, 374
*
  9.5700000E+00, 8.2700000E+00, 5.1500000E-01, 3.3750000E+02, 2.2500000E+01
* ELEM  750  circular arc
 3, 377, 374
*
  9.5700000E+00, 8.2700000E+00, 5.1500000E-01, 0.0000000E+00, 2.2500000E+01
* ELEM  751  line segment
 1, 374, 375
*
  1.0045798E+01, 8.4670820E+00, 1.7420204E-01, 7.2156848E-02
* ELEM  752  line segment
 1, 390, 374
*
  1.0220000E+01, 8.0007612E+00, 0.0000000E+00, 5.3847763E-01
* ELEM  753  line segment
 1, 376, 375
*
  1.0220000E+01, 8.5392388E+00, -3.8076118E-01, 3.8076118E-01
* ELEM  754  circular arc
 3, 377, 375
*
  9.5700000E+00, 8.2700000E+00, 5.1500000E-01, 2.2500000E+01, 4.5000000E+01
* ELEM  755  line segment
 1, 445, 376
*
  1.0220000E+01, 8.9200000E+00, -3.8076118E-01, 0.0000000E+00
* ELEM  756  line segment
 1, 393, 376
*
  1.0220000E+01, 8.5392388E+00, 0.0000000E+00, 3.8076118E-01
* ELEM  757  circle
 2, 378, 377
*
  9.5700000E+00, 8.2700000E+00, 4.4700000E-01, 0.0000000E+00
* ELEM  758  circle
 2, 379, 378
*
  9.5700000E+00, 8.2700000E+00, 4.3800000E-01, 0.0000000E+00
* ELEM  759  circle
 2, 380, 379
*
  9.5700000E+00, 8.2700000E+00, 4.2690959E-01, 0.0000000E+00
* ELEM  760  circle
 2, 381, 380
*
  9.5700000E+00, 8.2700000E+00, 3.9175911E-01, 0.0000000E+00
* ELEM  761  circle
 2, 382, 381
*
  9.5700000E+00, 8.2700000E+00, 3.3927334E-01, 0.0000000E+00
* ELEM  762  circle
 2, 383, 382
*
  9.5700000E+00, 8.2700000E+00, 2.7701552E-01, 0.0000000E+00
* ELEM  763  circle
 2, 384, 383
*
  9.5700000E+00, 8.2700000E+00, 1.9587955E-01, 0.0000000E+00
* ELEM  764  line segment
 1, 386, 385
*
  1.0672918E+01, 7.7942020E+00, -7.2156848E-02, -1.7420204E-01
* ELEM  765  circular arc
 3, 397, 385
*
  1.0870000E+01, 8.2700000E+00, 5.1500000E-01, 2.4750000E+02, 4.5000000E+01
* ELEM  766  line segment
 1, 385, 389
*
  1.1067082E+01, 7.7942020E+00, 7.2156848E-02, -1.7420204E-01
* ELEM  767  line segment
 1, 387, 386
*
  1.0220000E+01, 8.0007612E+00, 3.8076118E-01, -3.8076118E-01
* ELEM  768  line segment
 1, 390, 386
*
  1.0394202E+01, 8.0729180E+00, -1.7420204E-01, -7.2156848E-02
* ELEM  769  circular arc
 3, 397, 386
*
  1.0870000E+01, 8.2700000E+00, 5.1500000E-01, 2.0250000E+02, 4.5000000E+01
* ELEM  770  line segment
 1, 388, 389
*
  1.1139239E+01, 7.6200000E+00, 3.8076118E-01, 3.8076118E-01
* ELEM  771  line segment
 1, 405, 388
*
  1.1520000E+01, 7.6200000E+00, 0.0000000E+00, 3.8076118E-01
* ELEM  772  circular arc
 3, 397, 389
*
  1.0870000E+01, 8.2700000E+00, 5.1500000E-01, 2.9250000E+02, 4.5000000E+01
* ELEM  773  line segment
 1, 389, 391
*
  1.1345798E+01, 8.0729180E+00, 1.7420204E-01, -7.2156848E-02
* ELEM  774  line segment
 1, 392, 390
*
  1.0394202E+01, 8.4670820E+00, -1.7420204E-01, 7.2156848E-02
* ELEM  775  circular arc
 3, 397, 390
*
  1.0870000E+01, 8.2700000E+00, 5.1500000E-01, 1.5750000E+02, 4.5000000E+01
* ELEM  776  circular arc
 3, 397, 391
*
  1.0870000E+01, 8.2700000E+00, 5.1500000E-01, 3.3750000E+02, 2.2500000E+01
* ELEM  777  circular arc
 3, 397, 391
*
  1.0870000E+01, 8.2700000E+00, 5.1500000E-01, 0.0000000E+00, 2.2500000E+01
* ELEM  778  line segment
 1, 391, 395
*
  1.1345798E+01, 8.4670820E+00, 1.7420204E-01, 7.2156848E-02
* ELEM  779  line segment
 1, 408, 391
*
  1.1520000E+01, 8.0007612E+00, 0.0000000E+00, 5.3847763E-01
* ELEM  780  line segment
 1, 393, 392
*
  1.0600761E+01, 8.9200000E+00, -3.8076118E-01, -3.8076118E-01
* ELEM  781  line segment
 1, 396, 392
*
  1.0672918E+01, 8.7457980E+00, -7.2156848E-02, 1.7420204E-01
* ELEM  782  circular arc
 3, 397, 392
*
  1.0870000E+01, 8.2700000E+00, 5.1500000E-01, 1.1250000E+02, 4.5000000E+01
* ELEM  783  line segment
 1, 457, 393
*
  1.0600761E+01, 8.9200000E+00, -3.8076118E-01, 0.0000000E+00
* ELEM  784  line segment
 1, 394, 395
*
  1.1520000E+01, 8.5392388E+00, -3.8076118E-01, 3.8076118E-01
* ELEM  785  line segment
 1, 458, 394
*
  1.1520000E+01, 8.9200000E+00, -3.8076118E-01, 0.0000000E+00
* ELEM  786  line segment
 1, 411, 394
*
  1.1520000E+01, 8.5392388E+00, 0.0000000E+00, 3.8076118E-01
* ELEM  787  circular arc
 3, 397, 395
*
  1.0870000E+01, 8.2700000E+00, 5.1500000E-01, 2.2500000E+01, 4.5000000E+01
* ELEM  788  line segment
 1, 395, 396
*
  1.1067082E+01, 8.7457980E+00, 7.2156848E-02, 1.7420204E-01
* ELEM  789  line segment
 1, 455, 396
*
  1.1139239E+01, 8.9200000E+00, -5.3847763E-01, 0.0000000E+00
* ELEM  790  circular arc
 3, 397, 396
*
  1.0870000E+01, 8.2700000E+00, 5.1500000E-01, 6.7500000E+01, 4.5000000E+01
* ELEM  791  circle
 2, 398, 397
*
  1.0870000E+01, 8.2700000E+00, 4.4700000E-01, 0.0000000E+00
* ELEM  792  circle
 2, 399, 398
*
  1.0870000E+01, 8.2700000E+00, 4.3800000E-01, 0.0000000E+00
* ELEM  793  circle
 2, 400, 399
*
  1.0870000E+01, 8.2700000E+00, 4.2690959E-01, 0.0000000E+00
* ELEM  794  circle
 2, 401, 400
*
  1.0870000E+01, 8.2700000E+00, 3.9175911E-01, 0.0000000E+00
* ELEM  795  circle
 2, 402, 401
*
  1.0870000E+01, 8.2700000E+00, 3.0971277E-01, 0.0000000E+00
* ELEM  796  line segment
 1, 404, 403
*
  1.1972918E+01, 7.7942020E+00, -7.2156848E-02, -1.7420204E-01
* ELEM  797  circular arc
 3, 415, 403
*
  1.2170000E+01, 8.2700000E+00, 5.1500000E-01, 2.4750000E+02, 4.5000000E+01
* ELEM  798  line segment
 1, 403, 407
*
  1.2367082E+01, 7.7942020E+00, 7.2156848E-02, -1.7420204E-01
* ELEM  799  line segment
 1, 405, 404
*
  1.1520000E+01, 8.0007612E+00, 3.8076118E-01, -3.8076118E-01
* ELEM  800  line segment
 1, 408, 404
*
  1.1694202E+01, 8.0729180E+00, -1.7420204E-01, -7.2156848E-02
* ELEM  801  circular arc
 3, 415, 404
*
  1.2170000E+01, 8.2700000E+00, 5.1500000E-01, 2.0250000E+02, 4.5000000E+01
* ELEM  802  line segment
 1, 406, 407
*
  1.2439239E+01, 7.6200000E+00, 3.8076118E-01, 3.8076118E-01
* ELEM  803  line segment
 1, 425, 406
*
  1.2820000E+01, 7.6200000E+00, 0.0000000E+00, 3.8076118E-01
* ELEM  804  circular arc
 3, 415, 407
*
  1.2170000E+01, 8.2700000E+00, 5.1500000E-01, 2.9250000E+02, 4.5000000E+01
* ELEM  805  line segment
 1, 407, 409
*
  1.2645798E+01, 8.0729180E+00, 1.7420204E-01, -7.2156848E-02
* ELEM  806  line segment
 1, 410, 408
*
  1.1694202E+01, 8.4670820E+00, -1.7420204E-01, 7.2156848E-02
* ELEM  807  circular arc
 3, 415, 408
*
  1.2170000E+01, 8.2700000E+00, 5.1500000E-01, 1.5750000E+02, 4.5000000E+01
* ELEM  808  circular arc
 3, 415, 409
*
  1.2170000E+01, 8.2700000E+00, 5.1500000E-01, 3.3750000E+02, 2.2500000E+01
* ELEM  809  circular arc
 3, 415, 409
*
  1.2170000E+01, 8.2700000E+00, 5.1500000E-01, 0.0000000E+00, 2.2500000E+01
* ELEM  810  line segment
 1, 409, 413
*
  1.2645798E+01, 8.4670820E+00, 1.7420204E-01, 7.2156848E-02
* ELEM  811  line segment
 1, 428, 409
*
  1.2820000E+01, 8.0007612E+00, 0.0000000E+00, 5.3847763E-01
* ELEM  812  line segment
 1, 411, 410
*
  1.1900761E+01, 8.9200000E+00, -3.8076118E-01, -3.8076118E-01
* ELEM  813  line segment
 1, 414, 410
*
  1.1972918E+01, 8.7457980E+00, -7.2156848E-02, 1.7420204E-01
* ELEM  814  circular arc
 3, 415, 410
*
  1.2170000E+01, 8.2700000E+00, 5.1500000E-01, 1.1250000E+02, 4.5000000E+01
* ELEM  815  line segment
 1, 851, 411
*
  1.1900761E+01, 8.9200000E+00, -3.8076118E-01, 0.0000000E+00
* ELEM  816  line segment
 1, 412, 413
*
  1.2820000E+01, 8.5392388E+00, -3.8076118E-01, 3.8076118E-01
* ELEM  817  line segment
 1, 852, 412
*
  1.2820000E+01, 8.9200000E+00, -3.8076118E-01, 0.0000000E+00
* ELEM  818  line segment
 1, 431, 412
*
  1.2820000E+01, 8.5392388E+00, 0.0000000E+00, 3.8076118E-01
* ELEM  819  circular arc
 3, 415, 413
*
  1.2170000E+01, 8.2700000E+00, 5.1500000E-01, 2.2500000E+01, 4.5000000E+01
* ELEM  820  line segment
 1, 413, 414
*
  1.2367082E+01, 8.7457980E+00, 7.2156848E-02, 1.7420204E-01
* ELEM  821  line segment
 1, 849, 414
*
  1.2439239E+01, 8.9200000E+00, -5.3847763E-01, 0.0000000E+00
* ELEM  822  circular arc
 3, 415, 414
*
  1.2170000E+01, 8.2700000E+00, 5.1500000E-01, 6.7500000E+01, 4.5000000E+01
* ELEM  823  circle
 2, 416, 415
*
  1.2170000E+01, 8.2700000E+00, 4.4700000E-01, 0.0000000E+00
* ELEM  824  circle
 2, 417, 416
*
  1.2170000E+01, 8.2700000E+00, 4.3800000E-01, 0.0000000E+00
* ELEM  825  circle
 2, 418, 417
*
  1.2170000E+01, 8.2700000E+00, 4.2690959E-01, 0.0000000E+00
* ELEM  826  circle
 2, 419, 418
*
  1.2170000E+01, 8.2700000E+00, 3.9175911E-01, 0.0000000E+00
* ELEM  827  circle
 2, 420, 419
*
  1.2170000E+01, 8.2700000E+00, 3.3927334E-01, 0.0000000E+00
* ELEM  828  circle
 2, 421, 420
*
  1.2170000E+01, 8.2700000E+00, 2.7701552E-01, 0.0000000E+00
* ELEM  829  circle
 2, 422, 421
*
  1.2170000E+01, 8.2700000E+00, 1.9587955E-01, 0.0000000E+00
* ELEM  830  line segment
 1, 424, 423
*
  1.3272918E+01, 7.7942020E+00, -7.2156848E-02, -1.7420204E-01
* ELEM  831  circular arc
 3, 435, 423
*
  1.3470000E+01, 8.2700000E+00, 5.1500000E-01, 2.4750000E+02, 4.5000000E+01
* ELEM  832  line segment
 1, 423, 427
*
  1.3667082E+01, 7.7942020E+00, 7.2156848E-02, -1.7420204E-01
* ELEM  833  line segment
 1, 425, 424
*
  1.2820000E+01, 8.0007612E+00, 3.8076118E-01, -3.8076118E-01
* ELEM  834  line segment
 1, 428, 424
*
  1.2994202E+01, 8.0729180E+00, -1.7420204E-01, -7.2156848E-02
* ELEM  835  circular arc
 3, 435, 424
*
  1.3470000E+01, 8.2700000E+00, 5.1500000E-01, 2.0250000E+02, 4.5000000E+01
* ELEM  836  line segment
 1, 426, 427
*
  1.3739239E+01, 7.6200000E+00, 3.8076118E-01, 3.8076118E-01
* ELEM  837  line segment
 1, 918, 426
*
  1.4120000E+01, 7.6200000E+00, 0.0000000E+00, 3.8076118E-01
* ELEM  838  circular arc
 3, 435, 427
*
  1.3470000E+01, 8.2700000E+00, 5.1500000E-01, 2.9250000E+02, 4.5000000E+01
* ELEM  839  line segment
 1, 427, 429
*
  1.3945798E+01, 8.0729180E+00, 1.7420204E-01, -7.2156848E-02
* ELEM  840  line segment
 1, 430, 428
*
  1.2994202E+01, 8.4670820E+00, -1.7420204E-01, 7.2156848E-02
* ELEM  841  circular arc
 3, 435, 428
*
  1.3470000E+01, 8.2700000E+00, 5.1500000E-01, 1.5750000E+02, 4.5000000E+01
* ELEM  842  circular arc
 3, 435, 429
*
  1.3470000E+01, 8.2700000E+00, 5.1500000E-01, 3.3750000E+02, 2.2500000E+01
* ELEM  843  circular arc
 3, 435, 429
*
  1.3470000E+01, 8.2700000E+00, 5.1500000E-01, 0.0000000E+00, 2.2500000E+01
* ELEM  844  line segment
 1, 429, 433
*
  1.3945798E+01, 8.4670820E+00, 1.7420204E-01, 7.2156848E-02
* ELEM  845  line segment
 1, 918, 429
*
  1.4120000E+01, 8.0007612E+00, 0.0000000E+00, 5.3847763E-01
* ELEM  846  line segment
 1, 431, 430
*
  1.3200761E+01, 8.9200000E+00, -3.8076118E-01, -3.8076118E-01
* ELEM  847  line segment
 1, 434, 430
*
  1.3272918E+01, 8.7457980E+00, -7.2156848E-02, 1.7420204E-01
* ELEM  848  circular arc
 3, 435, 430
*
  1.3470000E+01, 8.2700000E+00, 5.1500000E-01, 1.1250000E+02, 4.5000000E+01
* ELEM  849  line segment
 1, 475, 431
*
  1.3200761E+01, 8.9200000E+00, -3.8076118E-01, 0.0000000E+00
* ELEM  850  line segment
 1, 432, 433
*
  1.4120000E+01, 8.5392388E+00, -3.8076118E-01, 3.8076118E-01
* ELEM  851  line segment
 1, 476, 432
*
  1.4120000E+01, 8.9200000E+00, -3.8076118E-01, 0.0000000E+00
* ELEM  852  line segment
 1, 918, 432
*
  1.4120000E+01, 8.5392388E+00, 0.0000000E+00, 3.8076118E-01
* ELEM  853  circular arc
 3, 435, 433
*
  1.3470000E+01, 8.2700000E+00, 5.1500000E-01, 2.2500000E+01, 4.5000000E+01
* ELEM  854  line segment
 1, 433, 434
*
  1.3667082E+01, 8.7457980E+00, 7.2156848E-02, 1.7420204E-01
* ELEM  855  line segment
 1, 473, 434
*
  1.3739239E+01, 8.9200000E+00, -5.3847763E-01, 0.0000000E+00
* ELEM  856  circular arc
 3, 435, 434
*
  1.3470000E+01, 8.2700000E+00, 5.1500000E-01, 6.7500000E+01, 4.5000000E+01
* ELEM  857  circle
 2, 436, 435
*
  1.3470000E+01, 8.2700000E+00, 4.4700000E-01, 0.0000000E+00
* ELEM  858  circle
 2, 437, 436
*
  1.3470000E+01, 8.2700000E+00, 4.3800000E-01, 0.0000000E+00
* ELEM  859  circle
 2, 438, 437
*
  1.3470000E+01, 8.2700000E+00, 4.2690959E-01, 0.0000000E+00
* ELEM  860  circle
 2, 439, 438
*
  1.3470000E+01, 8.2700000E+00, 3.9175911E-01, 0.0000000E+00
* ELEM  861  circle
 2, 440, 439
*
  1.3470000E+01, 8.2700000E+00, 3.0971277E-01, 0.0000000E+00
* ELEM  862  circular arc
 3, 449, 441
*
  9.5700000E+00, 9.5700000E+00, 5.1500000E-01, 2.2500000E+02, 2.2500000E+01
* ELEM  863  line segment
 1, 441, 443
*
  9.3729180E+00, 9.0942020E+00, -7.2156848E-02, -1.7420204E-01
* ELEM  864  line segment
 1, 442, 441
*
  9.1103806E+00, 9.1103806E+00, 1.9038059E-01, -1.9038059E-01
* ELEM  865  line segment
 1, 0, 441
*
  9.2058400E+00, 9.2058400E+00, -9.5459415E-02, -9.5459415E-02
* ELEM  866  line segment
 1, 0, 442
*
  9.1103806E+00, 9.1103806E+00, -1.9038059E-01, -1.9038059E-01
* ELEM  867  circular arc
 3, 449, 443
*
  9.5700000E+00, 9.5700000E+00, 5.1500000E-01, 2.4750000E+02, 4.5000000E+01
* ELEM  868  line segment
 1, 443, 444
*
  9.7670820E+00, 9.0942020E+00, 7.2156848E-02, -1.7420204E-01
* ELEM  869  circular arc
 3, 449, 444
*
  9.5700000E+00, 9.5700000E+00, 5.1500000E-01, 2.9250000E+02, 4.5000000E+01
* ELEM  870  line segment
 1, 444, 446
*
  1.0045798E+01, 9.3729180E+00, 1.7420204E-01, -7.2156848E-02
* ELEM  871  line segment
 1, 445, 444
*
  9.8392388E+00, 8.9200000E+00, 3.8076118E-01, 3.8076118E-01
* ELEM  872  line segment
 1, 457, 445
*
  1.0220000E+01, 8.9200000E+00, 0.0000000E+00, 3.8076118E-01
* ELEM  873  circular arc
 3, 449, 446
*
  9.5700000E+00, 9.5700000E+00, 5.1500000E-01, 3.3750000E+02, 2.2500000E+01
* ELEM  874  circular arc
 3, 449, 446
*
  9.5700000E+00, 9.5700000E+00, 5.1500000E-01, 0.0000000E+00, 2.2500000E+01
* ELEM  875  line segment
 1, 446, 448
*
  1.0045798E+01, 9.7670820E+00, 1.7420204E-01, 7.2156848E-02
* ELEM  876  line segment
 1, 460, 446
*
  1.0220000E+01, 9.3007612E+00, 0.0000000E+00, 5.3847763E-01
* ELEM  877  line segment
 1, 447, 448
*
  1.0220000E+01, 9.8392388E+00, -1.9038059E-01, 1.9038059E-01
* ELEM  878  line segment
 1, 0, 447
*
  1.0220000E+01, 1.0220000E+01, -1.9038059E-01, -1.9038059E-01
* ELEM  879  line segment
 1, 463, 447
*
  1.0220000E+01, 9.8392388E+00, 0.0000000E+00, 3.8076118E-01
* ELEM  880  circular arc
 3, 449, 448
*
  9.5700000E+00, 9.5700000E+00, 5.1500000E-01, 2.2500000E+01, 2.2500000E+01
* ELEM  881  line segment
 1, 0, 448
*
  1.0029619E+01, 1.0029619E+01, -9.5459415E-02, -9.5459415E-02
* ELEM  882  line segment
 1, 0, 449
*
  9.2539233E+00, 9.2539233E+00, -4.8083261E-02, -4.8083261E-02
* ELEM  883  circular arc
 3, 450, 449
*
  9.5700000E+00, 9.5700000E+00, 4.4700000E-01, 2.2500000E+02, 1.3500000E+02
* ELEM  884  circular arc
 3, 450, 449
*
  9.5700000E+00, 9.5700000E+00, 4.4700000E-01, 0.0000000E+00, 4.5000000E+01
* ELEM  885  line segment
 1, 0, 449
*
  9.9341600E+00, 9.9341600E+00, -4.8083261E-02, -4.8083261E-02
* ELEM  886  line segment
 1, 0, 450
*
  9.2602872E+00, 9.2602872E+00, -6.3639610E-03, -6.3639610E-03
* ELEM  887  circular arc
 3, 451, 450
*
  9.5700000E+00, 9.5700000E+00, 4.3800000E-01, 2.2500000E+02, 1.3500000E+02
* ELEM  888  circular arc
 3, 451, 450
*
  9.5700000E+00, 9.5700000E+00, 4.3800000E-01, 0.0000000E+00, 4.5000000E+01
* ELEM  889  line segment
 1, 0, 450
*
  9.8860767E+00, 9.8860767E+00, -6.3639610E-03, -6.3639610E-03
* ELEM  890  line segment
 1, 0, 451
*
  9.2681293E+00, 9.2681293E+00, -7.8421025E-03, -7.8421025E-03
* ELEM  891  circular arc
 3, 452, 451
*
  9.5700000E+00, 9.5700000E+00, 4.2690959E-01, 2.2500000E+02, 1.3500000E+02
* ELEM  892  circular arc
 3, 452, 451
*
  9.5700000E+00, 9.5700000E+00, 4.2690959E-01, 0.0000000E+00, 4.5000000E+01
* ELEM  893  line segment
 1, 0, 451
*
  9.8797128E+00, 9.8797128E+00, -7.8421025E-03, -7.8421025E-03
* ELEM  894  line segment
 1, 0, 452
*
  9.2929845E+00, 9.2929845E+00, -2.4855145E-02, -2.4855145E-02
* ELEM  895  circular arc
 3, 453, 452
*
  9.5700000E+00, 9.5700000E+00, 3.9175911E-01, 2.2500000E+02, 1.3500000E+02
* ELEM  896  circular arc
 3, 453, 452
*
  9.5700000E+00, 9.5700000E+00, 3.9175911E-01, 0.0000000E+00, 4.5000000E+01
* ELEM  897  line segment
 1, 0, 452
*
  9.8718707E+00, 9.8718707E+00, -2.4855145E-02, -2.4855145E-02
* ELEM  898  line segment
 1, 0, 453
*
  9.3510000E+00, 9.3510000E+00, -5.8015523E-02, -5.8015523E-02
* ELEM  899  circular arc
 3, 454, 453
*
  9.5700000E+00, 9.5700000E+00, 3.0971277E-01, 2.2500000E+02, 1.3500000E+02
* ELEM  900  circular arc
 3, 454, 453
*
  9.5700000E+00, 9.5700000E+00, 3.0971277E-01, 0.0000000E+00, 4.5000000E+01
* ELEM  901  line segment
 1, 0, 453
*
  9.8470155E+00, 9.8470155E+00, -5.8015523E-02, -5.8015523E-02
* ELEM  902  line segment
 1, 0, 454
*
  9.7890000E+00, 9.7890000E+00, -4.3800000E-01, -4.3800000E-01
* ELEM  903  line segment
 1, 456, 455
*
  1.0672918E+01, 9.0942020E+00, -7.2156848E-02, -1.7420204E-01
* ELEM  904  circular arc
 3, 467, 455
*
  1.0870000E+01, 9.5700000E+00, 5.1500000E-01, 2.4750000E+02, 4.5000000E+01
* ELEM  905  line segment
 1, 455, 459
*
  1.1067082E+01, 9.0942020E+00, 7.2156848E-02, -1.7420204E-01
* ELEM  906  line segment
 1, 457, 456
*
  1.0220000E+01, 9.3007612E+00, 3.8076118E-01, -3.8076118E-01
* ELEM  907  line segment
 1, 460, 456
*
  1.0394202E+01, 9.3729180E+00, -1.7420204E-01, -7.2156848E-02
* ELEM  908  circular arc
 3, 467, 456
*
  1.0870000E+01, 9.5700000E+00, 5.1500000E-01, 2.0250000E+02, 4.5000000E+01
* ELEM  909  line segment
 1, 458, 459
*
  1.1139239E+01, 8.9200000E+00, 3.8076118E-01, 3.8076118E-01
* ELEM  910  line segment
 1, 851, 458
*
  1.1520000E+01, 8.9200000E+00, 0.0000000E+00, 3.8076118E-01
* ELEM  911  circular arc
 3, 467, 459
*
  1.0870000E+01, 9.5700000E+00, 5.1500000E-01, 2.9250000E+02, 4.5000000E+01
* ELEM  912  line segment
 1, 459, 461
*
  1.1345798E+01, 9.3729180E+00, 1.7420204E-01, -7.2156848E-02
* ELEM  913  line segment
 1, 462, 460
*
  1.0394202E+01, 9.7670820E+00, -1.7420204E-01, 7.2156848E-02
* ELEM  914  circular arc
 3, 467, 460
*
  1.0870000E+01, 9.5700000E+00, 5.1500000E-01, 1.5750000E+02, 4.5000000E+01
* ELEM  915  circular arc
 3, 467, 461
*
  1.0870000E+01, 9.5700000E+00, 5.1500000E-01, 3.3750000E+02, 2.2500000E+01
* ELEM  916  circular arc
 3, 467, 461
*
  1.0870000E+01, 9.5700000E+00, 5.1500000E-01, 0.0000000E+00, 2.2500000E+01
* ELEM  917  line segment
 1, 461, 465
*
  1.1345798E+01, 9.7670820E+00, 1.7420204E-01, 7.2156848E-02
* ELEM  918  line segment
 1, 854, 461
*
  1.1520000E+01, 9.3007612E+00, 0.0000000E+00, 5.3847763E-01
* ELEM  919  line segment
 1, 463, 462
*
  1.0600761E+01, 1.0220000E+01, -3.8076118E-01, -3.8076118E-01
* ELEM  920  line segment
 1, 466, 462
*
  1.0672918E+01, 1.0045798E+01, -7.2156848E-02, 1.7420204E-01
* ELEM  921  circular arc
 3, 467, 462
*
  1.0870000E+01, 9.5700000E+00, 5.1500000E-01, 1.1250000E+02, 4.5000000E+01
* ELEM  922  line segment
 1, 492, 463
*
  1.0600761E+01, 1.0220000E+01, -3.8076118E-01, 0.0000000E+00
* ELEM  923  line segment
 1, 464, 465
*
  1.1520000E+01, 9.8392388E+00, -3.8076118E-01, 3.8076118E-01
* ELEM  924  line segment
 1, 495, 464
*
  1.1520000E+01, 1.0220000E+01, -3.8076118E-01, 0.0000000E+00
* ELEM  925  line segment
 1, 857, 464
*
  1.1520000E+01, 9.8392388E+00, 0.0000000E+00, 3.8076118E-01
* ELEM  926  circular arc
 3, 467, 465
*
  1.0870000E+01, 9.5700000E+00, 5.1500000E-01, 2.2500000E+01, 4.5000000E+01
* ELEM  927  line segment
 1, 465, 466
*
  1.1067082E+01, 1.0045798E+01, 7.2156848E-02, 1.7420204E-01
* ELEM  928  line segment
 1, 493, 466
*
  1.1139239E+01, 1.0220000E+01, -5.3847763E-01, 0.0000000E+00
* ELEM  929  circular arc
 3, 467, 466
*
  1.0870000E+01, 9.5700000E+00, 5.1500000E-01, 6.7500000E+01, 4.5000000E+01
* ELEM  930  circle
 2, 468, 467
*
  1.0870000E+01, 9.5700000E+00, 4.4700000E-01, 0.0000000E+00
* ELEM  931  circle
 2, 469, 468
*
  1.0870000E+01, 9.5700000E+00, 4.3800000E-01, 0.0000000E+00
* ELEM  932  circle
 2, 470, 469
*
  1.0870000E+01, 9.5700000E+00, 4.2690959E-01, 0.0000000E+00
* ELEM  933  circle
 2, 471, 470
*
  1.0870000E+01, 9.5700000E+00, 3.9175911E-01, 0.0000000E+00
* ELEM  934  circle
 2, 472, 471
*
  1.0870000E+01, 9.5700000E+00, 3.0971277E-01, 0.0000000E+00
* ELEM  935  line segment
 1, 474, 473
*
  1.3272918E+01, 9.0942020E+00, -7.2156848E-02, -1.7420204E-01
* ELEM  936  circular arc
 3, 485, 473
*
  1.3470000E+01, 9.5700000E+00, 5.1500000E-01, 2.4750000E+02, 4.5000000E+01
* ELEM  937  line segment
 1, 473, 477
*
  1.3667082E+01, 9.0942020E+00, 7.2156848E-02, -1.7420204E-01
* ELEM  938  line segment
 1, 475, 474
*
  1.2820000E+01, 9.3007612E+00, 3.8076118E-01, -3.8076118E-01
* ELEM  939  line segment
 1, 478, 474
*
  1.2994202E+01, 9.3729180E+00, -1.7420204E-01, -7.2156848E-02
* ELEM  940  circular arc
 3, 485, 474
*
  1.3470000E+01, 9.5700000E+00, 5.1500000E-01, 2.0250000E+02, 4.5000000E+01
* ELEM  941  line segment
 1, 852, 475
*
  1.2820000E+01, 9.3007612E+00, 0.0000000E+00, -3.8076118E-01
* ELEM  942  line segment
 1, 476, 477
*
  1.3739239E+01, 8.9200000E+00, 3.8076118E-01, 3.8076118E-01
* ELEM  943  line segment
 1, 921, 476
*
  1.4120000E+01, 8.9200000E+00, 0.0000000E+00, 3.8076118E-01
* ELEM  944  circular arc
 3, 485, 477
*
  1.3470000E+01, 9.5700000E+00, 5.1500000E-01, 2.9250000E+02, 4.5000000E+01
* ELEM  945  line segment
 1, 477, 479
*
  1.3945798E+01, 9.3729180E+00, 1.7420204E-01, -7.2156848E-02
* ELEM  946  line segment
 1, 855, 478
*
  1.2820000E+01, 9.8392388E+00, 0.0000000E+00, -5.3847763E-01
* ELEM  947  line segment
 1, 480, 478
*
  1.2994202E+01, 9.7670820E+00, -1.7420204E-01, 7.2156848E-02
* ELEM  948  circular arc
 3, 485, 478
*
  1.3470000E+01, 9.5700000E+00, 5.1500000E-01, 1.5750000E+02, 4.5000000E+01
* ELEM  949  circular arc
 3, 485, 479
*
  1.3470000E+01, 9.5700000E+00, 5.1500000E-01, 3.3750000E+02, 2.2500000E+01
* ELEM  950  circular arc
 3, 485, 479
*
  1.3470000E+01, 9.5700000E+00, 5.1500000E-01, 0.0000000E+00, 2.2500000E+01
* ELEM  951  line segment
 1, 479, 483
*
  1.3945798E+01, 9.7670820E+00, 1.7420204E-01, 7.2156848E-02
* ELEM  952  line segment
 1, 921, 479
*
  1.4120000E+01, 9.3007612E+00, 0.0000000E+00, 5.3847763E-01
* ELEM  953  line segment
 1, 481, 480
*
  1.3200761E+01, 1.0220000E+01, -3.8076118E-01, -3.8076118E-01
* ELEM  954  line segment
 1, 484, 480
*
  1.3272918E+01, 1.0045798E+01, -7.2156848E-02, 1.7420204E-01
* ELEM  955  circular arc
 3, 485, 480
*
  1.3470000E+01, 9.5700000E+00, 5.1500000E-01, 1.1250000E+02, 4.5000000E+01
* ELEM  956  line segment
 1, 858, 481
*
  1.2820000E+01, 1.0220000E+01, 0.0000000E+00, -3.8076118E-01
* ELEM  957  line segment
 1, 527, 481
*
  1.3200761E+01, 1.0220000E+01, -3.8076118E-01, 0.0000000E+00
* ELEM  958  line segment
 1, 482, 483
*
  1.4120000E+01, 9.8392388E+00, -3.8076118E-01, 3.8076118E-01
* ELEM  959  line segment
 1, 528, 482
*
  1.4120000E+01, 1.0220000E+01, -3.8076118E-01, 0.0000000E+00
* ELEM  960  line segment
 1, 921, 482
*
  1.4120000E+01, 9.8392388E+00, 0.0000000E+00, 3.8076118E-01
* ELEM  961  circular arc
 3, 485, 483
*
  1.3470000E+01, 9.5700000E+00, 5.1500000E-01, 2.2500000E+01, 4.5000000E+01
* ELEM  962  line segment
 1, 483, 484
*
  1.3667082E+01, 1.0045798E+01, 7.2156848E-02, 1.7420204E-01
* ELEM  963  line segment
 1, 525, 484
*
  1.3739239E+01, 1.0220000E+01, -5.3847763E-01, 0.0000000E+00
* ELEM  964  circular arc
 3, 485, 484
*
  1.3470000E+01, 9.5700000E+00, 5.1500000E-01, 6.7500000E+01, 4.5000000E+01
* ELEM  965  circle
 2, 486, 485
*
  1.3470000E+01, 9.5700000E+00, 4.4700000E-01, 0.0000000E+00
* ELEM  966  circle
 2, 487, 486
*
  1.3470000E+01, 9.5700000E+00, 4.3800000E-01, 0.0000000E+00
* ELEM  967  circle
 2, 488, 487
*
  1.3470000E+01, 9.5700000E+00, 4.2690959E-01, 0.0000000E+00
* ELEM  968  circle
 2, 489, 488
*
  1.3470000E+01, 9.5700000E+00, 3.9175911E-01, 0.0000000E+00
* ELEM  969  circle
 2, 490, 489
*
  1.3470000E+01, 9.5700000E+00, 3.0971277E-01, 0.0000000E+00
* ELEM  970  circular arc
 3, 499, 491
*
  1.0870000E+01, 1.0870000E+01, 5.1500000E-01, 2.2500000E+02, 2.2500000E+01
* ELEM  971  line segment
 1, 491, 493
*
  1.0672918E+01, 1.0394202E+01, -7.2156848E-02, -1.7420204E-01
* ELEM  972  line segment
 1, 492, 491
*
  1.0410381E+01, 1.0410381E+01, 1.9038059E-01, -1.9038059E-01
* ELEM  973  line segment
 1, 0, 491
*
  1.0505840E+01, 1.0505840E+01, -9.5459415E-02, -9.5459415E-02
* ELEM  974  line segment
 1, 0, 492
*
  1.0410381E+01, 1.0410381E+01, -1.9038059E-01, -1.9038059E-01
* ELEM  975  circular arc
 3, 499, 493
*
  1.0870000E+01, 1.0870000E+01, 5.1500000E-01, 2.4750000E+02, 4.5000000E+01
* ELEM  976  line segment
 1, 493, 494
*
  1.1067082E+01, 1.0394202E+01, 7.2156848E-02, -1.7420204E-01
* ELEM  977  circular arc
 3, 499, 494
*
  1.0870000E+01, 1.0870000E+01, 5.1500000E-01, 2.9250000E+02, 4.5000000E+01
* ELEM  978  line segment
 1, 494, 496
*
  1.1345798E+01, 1.0672918E+01, 1.7420204E-01, -7.2156848E-02
* ELEM  979  line segment
 1, 495, 494
*
  1.1139239E+01, 1.0220000E+01, 3.8076118E-01, 3.8076118E-01
* ELEM  980  line segment
 1, 505, 495
*
  1.1520000E+01, 1.0220000E+01, 0.0000000E+00, 3.8076118E-01
* ELEM  981  circular arc
 3, 499, 496
*
  1.0870000E+01, 1.0870000E+01, 5.1500000E-01, 3.3750000E+02, 2.2500000E+01
* ELEM  982  circular arc
 3, 499, 496
*
  1.0870000E+01, 1.0870000E+01, 5.1500000E-01, 0.0000000E+00, 2.2500000E+01
* ELEM  983  line segment
 1, 496, 498
*
  1.1345798E+01, 1.1067082E+01, 1.7420204E-01, 7.2156848E-02
* ELEM  984  line segment
 1, 508, 496
*
  1.1520000E+01, 1.0600761E+01, 0.0000000E+00, 5.3847763E-01
* ELEM  985  line segment
 1, 497, 498
*
  1.1520000E+01, 1.1139239E+01, -1.9038059E-01, 1.9038059E-01
* ELEM  986  line segment
 1, 0, 497
*
  1.1520000E+01, 1.1520000E+01, -1.9038059E-01, -1.9038059E-01
* ELEM  987  line segment
 1, 512, 497
*
  1.1520000E+01, 1.1139239E+01, 0.0000000E+00, 3.8076118E-01
* ELEM  988  circular arc
 3, 499, 498
*
  1.0870000E+01, 1.0870000E+01, 5.1500000E-01, 2.2500000E+01, 2.2500000E+01
* ELEM  989  line segment
 1, 0, 498
*
  1.1329619E+01, 1.1329619E+01, -9.5459415E-02, -9.5459415E-02
* ELEM  990  line segment
 1, 0, 499
*
  1.0553923E+01, 1.0553923E+01, -4.8083261E-02, -4.8083261E-02
* ELEM  991  circular arc
 3, 500, 499
*
  1.0870000E+01, 1.0870000E+01, 4.4700000E-01, 2.2500000E+02, 1.3500000E+02
* ELEM  992  circular arc
 3, 500, 499
*
  1.0870000E+01, 1.0870000E+01, 4.4700000E-01, 0.0000000E+00, 4.5000000E+01
* ELEM  993  line segment
 1, 0, 499
*
  1.1234160E+01, 1.1234160E+01, -4.8083261E-02, -4.8083261E-02
* ELEM  994  line segment
 1, 0, 500
*
  1.0560287E+01, 1.0560287E+01, -6.3639610E-03, -6.3639610E-03
* ELEM  995  circular arc
 3, 501, 500
*
  1.0870000E+01, 1.0870000E+01, 4.3800000E-01, 2.2500000E+02, 1.3500000E+02
* ELEM  996  circular arc
 3, 501, 500
*
  1.0870000E+01, 1.0870000E+01, 4.3800000E-01, 0.0000000E+00, 4.5000000E+01
* ELEM  997  line segment
 1, 0, 500
*
  1.1186077E+01, 1.1186077E+01, -6.3639610E-03, -6.3639610E-03
* ELEM  998  line segment
 1, 0, 501
*
  1.0568129E+01, 1.0568129E+01, -7.8421025E-03, -7.8421025E-03
* ELEM  999  circular arc
 3, 502, 501
*
  1.0870000E+01, 1.0870000E+01, 4.2690959E-01, 2.2500000E+02, 1.3500000E+02
* ELEM  1000  circular arc
 3, 502, 501
*
  1.0870000E+01, 1.0870000E+01, 4.2690959E-01, 0.0000000E+00, 4.5000000E+01
* ELEM  1001  line segment
 1, 0, 501
*
  1.1179713E+01, 1.1179713E+01, -7.8421025E-03, -7.8421025E-03
* ELEM  1002  line segment
 1, 0, 502
*
  1.0592984E+01, 1.0592984E+01, -2.4855145E-02, -2.4855145E-02
* ELEM  1003  circular arc
 3, 503, 502
*
  1.0870000E+01, 1.0870000E+01, 3.9175911E-01, 2.2500000E+02, 1.3500000E+02
* ELEM  1004  circular arc
 3, 503, 502
*
  1.0870000E+01, 1.0870000E+01, 3.9175911E-01, 0.0000000E+00, 4.5000000E+01
* ELEM  1005  line segment
 1, 0, 502
*
  1.1171871E+01, 1.1171871E+01, -2.4855145E-02, -2.4855145E-02
* ELEM  1006  line segment
 1, 0, 503
*
  1.0651000E+01, 1.0651000E+01, -5.8015523E-02, -5.8015523E-02
* ELEM  1007  circular arc
 3, 504, 503
*
  1.0870000E+01, 1.0870000E+01, 3.0971277E-01, 2.2500000E+02, 1.3500000E+02
* ELEM  1008  circular arc
 3, 504, 503
*
  1.0870000E+01, 1.0870000E+01, 3.0971277E-01, 0.0000000E+00, 4.5000000E+01
* ELEM  1009  line segment
 1, 0, 503
*
  1.1147016E+01, 1.1147016E+01, -5.8015523E-02, -5.8015523E-02
* ELEM  1010  line segment
 1, 0, 504
*
  1.1089000E+01, 1.1089000E+01, -4.3800000E-01, -4.3800000E-01
* ELEM  1011  line segment
 1, 505, 507
*
  1.1520000E+01, 1.0600761E+01, 3.8076118E-01, -3.8076118E-01
* ELEM  1012  line segment
 1, 857, 505
*
  1.1520000E+01, 1.0220000E+01, 3.8076118E-01, 0.0000000E+00
* ELEM  1013  line segment
 1, 507, 506
*
  1.1972918E+01, 1.0394202E+01, -7.2156848E-02, -1.7420204E-01
* ELEM  1014  circular arc
 3, 517, 506
*
  1.2170000E+01, 1.0870000E+01, 5.1500000E-01, 2.4750000E+02, 4.5000000E+01
* ELEM  1015  line segment
 1, 506, 510
*
  1.2367082E+01, 1.0394202E+01, 7.2156848E-02, -1.7420204E-01
* ELEM  1016  line segment
 1, 860, 506
*
  1.1900761E+01, 1.0220000E+01, 5.3847763E-01, 0.0000000E+00
* ELEM  1017  line segment
 1, 508, 507
*
  1.1694202E+01, 1.0672918E+01, -1.7420204E-01, -7.2156848E-02
* ELEM  1018  circular arc
 3, 517, 507
*
  1.2170000E+01, 1.0870000E+01, 5.1500000E-01, 2.0250000E+02, 4.5000000E+01
* ELEM  1019  line segment
 1, 511, 508
*
  1.1694202E+01, 1.1067082E+01, -1.7420204E-01, 7.2156848E-02
* ELEM  1020  circular arc
 3, 517, 508
*
  1.2170000E+01, 1.0870000E+01, 5.1500000E-01, 1.5750000E+02, 4.5000000E+01
* ELEM  1021  line segment
 1, 509, 510
*
  1.2439239E+01, 1.0220000E+01, 3.8076118E-01, 3.8076118E-01
* ELEM  1022  line segment
 1, 527, 509
*
  1.2820000E+01, 1.0220000E+01, 0.0000000E+00, 3.8076118E-01
* ELEM  1023  line segment
 1, 858, 509
*
  1.2439239E+01, 1.0220000E+01, 3.8076118E-01, 0.0000000E+00
* ELEM  1024  circular arc
 3, 517, 510
*
  1.2170000E+01, 1.0870000E+01, 5.1500000E-01, 2.9250000E+02, 4.5000000E+01
* ELEM  1025  line segment
 1, 510, 513
*
  1.2645798E+01, 1.0672918E+01, 1.7420204E-01, -7.2156848E-02
* ELEM  1026  line segment
 1, 512, 511
*
  1.1900761E+01, 1.1520000E+01, -3.8076118E-01, -3.8076118E-01
* ELEM  1027  line segment
 1, 514, 511
*
  1.1972918E+01, 1.1345798E+01, -7.2156848E-02, 1.7420204E-01
* ELEM  1028  circular arc
 3, 517, 511
*
  1.2170000E+01, 1.0870000E+01, 5.1500000E-01, 1.1250000E+02, 4.5000000E+01
* ELEM  1029  line segment
 1, 864, 512
*
  1.1900761E+01, 1.1520000E+01, -3.8076118E-01, 0.0000000E+00
* ELEM  1030  circular arc
 3, 517, 513
*
  1.2170000E+01, 1.0870000E+01, 5.1500000E-01, 3.3750000E+02, 2.2500000E+01
* ELEM  1031  circular arc
 3, 517, 513
*
  1.2170000E+01, 1.0870000E+01, 5.1500000E-01, 0.0000000E+00, 2.2500000E+01
* ELEM  1032  line segment
 1, 513, 516
*
  1.2645798E+01, 1.1067082E+01, 1.7420204E-01, 7.2156848E-02
* ELEM  1033  line segment
 1, 530, 513
*
  1.2820000E+01, 1.0600761E+01, 0.0000000E+00, 5.3847763E-01
* ELEM  1034  line segment
 1, 865, 514
*
  1.2439239E+01, 1.1520000E+01, -5.3847763E-01, 0.0000000E+00
* ELEM  1035  line segment
 1, 516, 514
*
  1.2367082E+01, 1.1345798E+01, 7.2156848E-02, 1.7420204E-01
* ELEM  1036  circular arc
 3, 517, 514
*
  1.2170000E+01, 1.0870000E+01, 5.1500000E-01, 6.7500000E+01, 4.5000000E+01
* ELEM  1037  line segment
 1, 515, 516
*
  1.2820000E+01, 1.1139239E+01, -3.8076118E-01, 3.8076118E-01
* ELEM  1038  line segment
 1, 867, 515
*
  1.2820000E+01, 1.1520000E+01, -3.8076118E-01, 0.0000000E+00
* ELEM  1039  line segment
 1, 533, 515
*
  1.2820000E+01, 1.1139239E+01, 0.0000000E+00, 3.8076118E-01
* ELEM  1040  circular arc
 3, 517, 516
*
  1.2170000E+01, 1.0870000E+01, 5.1500000E-01, 2.2500000E+01, 4.5000000E+01
* ELEM  1041  circle
 2, 518, 517
*
  1.2170000E+01, 1.0870000E+01, 4.4700000E-01, 0.0000000E+00
* ELEM  1042  circle
 2, 519, 518
*
  1.2170000E+01, 1.0870000E+01, 4.3800000E-01, 0.0000000E+00
* ELEM  1043  circle
 2, 520, 519
*
  1.2170000E+01, 1.0870000E+01, 4.2690959E-01, 0.0000000E+00
* ELEM  1044  circle
 2, 521, 520
*
  1.2170000E+01, 1.0870000E+01, 3.9175911E-01, 0.0000000E+00
* ELEM  1045  circle
 2, 522, 521
*
  1.2170000E+01, 1.0870000E+01, 3.3927334E-01, 0.0000000E+00
* ELEM  1046  circle
 2, 523, 522
*
  1.2170000E+01, 1.0870000E+01, 2.7701552E-01, 0.0000000E+00
* ELEM  1047  circle
 2, 524, 523
*
  1.2170000E+01, 1.0870000E+01, 1.9587955E-01, 0.0000000E+00
* ELEM  1048  line segment
 1, 526, 525
*
  1.3272918E+01, 1.0394202E+01, -7.2156848E-02, -1.7420204E-01
* ELEM  1049  circular arc
 3, 537, 525
*
  1.3470000E+01, 1.0870000E+01, 5.1500000E-01, 2.4750000E+02, 4.5000000E+01
* ELEM  1050  line segment
 1, 525, 529
*
  1.3667082E+01, 1.0394202E+01, 7.2156848E-02, -1.7420204E-01
* ELEM  1051  line segment
 1, 527, 526
*
  1.2820000E+01, 1.0600761E+01, 3.8076118E-01, -3.8076118E-01
* ELEM  1052  line segment
 1, 530, 526
*
  1.2994202E+01, 1.0672918E+01, -1.7420204E-01, -7.2156848E-02
* ELEM  1053  circular arc
 3, 537, 526
*
  1.3470000E+01, 1.0870000E+01, 5.1500000E-01, 2.0250000E+02, 4.5000000E+01
* ELEM  1054  line segment
 1, 528, 529
*
  1.3739239E+01, 1.0220000E+01, 3.8076118E-01, 3.8076118E-01
* ELEM  1055  line segment
 1, 924, 528
*
  1.4120000E+01, 1.0220000E+01, 0.0000000E+00, 3.8076118E-01
* ELEM  1056  circular arc
 3, 537, 529
*
  1.3470000E+01, 1.0870000E+01, 5.1500000E-01, 2.9250000E+02, 4.5000000E+01
* ELEM  1057  line segment
 1, 529, 531
*
  1.3945798E+01, 1.0672918E+01, 1.7420204E-01, -7.2156848E-02
* ELEM  1058  line segment
 1, 532, 530
*
  1.2994202E+01, 1.1067082E+01, -1.7420204E-01, 7.2156848E-02
* ELEM  1059  circular arc
 3, 537, 530
*
  1.3470000E+01, 1.0870000E+01, 5.1500000E-01, 1.5750000E+02, 4.5000000E+01
* ELEM  1060  circular arc
 3, 537, 531
*
  1.3470000E+01, 1.0870000E+01, 5.1500000E-01, 3.3750000E+02, 2.2500000E+01
* ELEM  1061  circular arc
 3, 537, 531
*
  1.3470000E+01, 1.0870000E+01, 5.1500000E-01, 0.0000000E+00, 2.2500000E+01
* ELEM  1062  line segment
 1, 531, 535
*
  1.3945798E+01, 1.1067082E+01, 1.7420204E-01, 7.2156848E-02
* ELEM  1063  line segment
 1, 924, 531
*
  1.4120000E+01, 1.0600761E+01, 0.0000000E+00, 5.3847763E-01
* ELEM  1064  line segment
 1, 533, 532
*
  1.3200761E+01, 1.1520000E+01, -3.8076118E-01, -3.8076118E-01
* ELEM  1065  line segment
 1, 536, 532
*
  1.3272918E+01, 1.1345798E+01, -7.2156848E-02, 1.7420204E-01
* ELEM  1066  circular arc
 3, 537, 532
*
  1.3470000E+01, 1.0870000E+01, 5.1500000E-01, 1.1250000E+02, 4.5000000E+01
* ELEM  1067  line segment
 1, 545, 533
*
  1.3200761E+01, 1.1520000E+01, -3.8076118E-01, 0.0000000E+00
* ELEM  1068  line segment
 1, 534, 535
*
  1.4120000E+01, 1.1139239E+01, -3.8076118E-01, 3.8076118E-01
* ELEM  1069  line segment
 1, 546, 534
*
  1.4120000E+01, 1.1520000E+01, -3.8076118E-01, 0.0000000E+00
* ELEM  1070  line segment
 1, 924, 534
*
  1.4120000E+01, 1.1139239E+01, 0.0000000E+00, 3.8076118E-01
* ELEM  1071  circular arc
 3, 537, 535
*
  1.3470000E+01, 1.0870000E+01, 5.1500000E-01, 2.2500000E+01, 4.5000000E+01
* ELEM  1072  line segment
 1, 535, 536
*
  1.3667082E+01, 1.1345798E+01, 7.2156848E-02, 1.7420204E-01
* ELEM  1073  line segment
 1, 543, 536
*
  1.3739239E+01, 1.1520000E+01, -5.3847763E-01, 0.0000000E+00
* ELEM  1074  circular arc
 3, 537, 536
*
  1.3470000E+01, 1.0870000E+01, 5.1500000E-01, 6.7500000E+01, 4.5000000E+01
* ELEM  1075  circle
 2, 538, 537
*
  1.3470000E+01, 1.0870000E+01, 4.4700000E-01, 0.0000000E+00
* ELEM  1076  circle
 2, 539, 538
*
  1.3470000E+01, 1.0870000E+01, 4.3800000E-01, 0.0000000E+00
* ELEM  1077  circle
 2, 540, 539
*
  1.3470000E+01, 1.0870000E+01, 4.2690959E-01, 0.0000000E+00
* ELEM  1078  circle
 2, 541, 540
*
  1.3470000E+01, 1.0870000E+01, 3.9175911E-01, 0.0000000E+00
* ELEM  1079  circle
 2, 542, 541
*
  1.3470000E+01, 1.0870000E+01, 3.0971277E-01, 0.0000000E+00
* ELEM  1080  line segment
 1, 544, 543
*
  1.3272918E+01, 1.1694202E+01, -7.2156848E-02, -1.7420204E-01
* ELEM  1081  circular arc
 3, 555, 543
*
  1.3470000E+01, 1.2170000E+01, 5.1500000E-01, 2.4750000E+02, 4.5000000E+01
* ELEM  1082  line segment
 1, 543, 547
*
  1.3667082E+01, 1.1694202E+01, 7.2156848E-02, -1.7420204E-01
* ELEM  1083  line segment
 1, 545, 544
*
  1.2820000E+01, 1.1900761E+01, 3.8076118E-01, -3.8076118E-01
* ELEM  1084  line segment
 1, 548, 544
*
  1.2994202E+01, 1.1972918E+01, -1.7420204E-01, -7.2156848E-02
* ELEM  1085  circular arc
 3, 555, 544
*
  1.3470000E+01, 1.2170000E+01, 5.1500000E-01, 2.0250000E+02, 4.5000000E+01
* ELEM  1086  line segment
 1, 867, 545
*
  1.2820000E+01, 1.1900761E+01, 0.0000000E+00, -3.8076118E-01
* ELEM  1087  line segment
 1, 546, 547
*
  1.3739239E+01, 1.1520000E+01, 3.8076118E-01, 3.8076118E-01
* ELEM  1088  line segment
 1, 927, 546
*
  1.4120000E+01, 1.1520000E+01, 0.0000000E+00, 3.8076118E-01
* ELEM  1089  circular arc
 3, 555, 547
*
  1.3470000E+01, 1.2170000E+01, 5.1500000E-01, 2.9250000E+02, 4.5000000E+01
* ELEM  1090  line segment
 1, 547, 549
*
  1.3945798E+01, 1.1972918E+01, 1.7420204E-01, -7.2156848E-02
* ELEM  1091  line segment
 1, 868, 548
*
  1.2820000E+01, 1.2439239E+01, 0.0000000E+00, -5.3847763E-01
* ELEM  1092  line segment
 1, 550, 548
*
  1.2994202E+01, 1.2367082E+01, -1.7420204E-01, 7.2156848E-02
* ELEM  1093  circular arc
 3, 555, 548
*
  1.3470000E+01, 1.2170000E+01, 5.1500000E-01, 1.5750000E+02, 4.5000000E+01
* ELEM  1094  circular arc
 3, 555, 549
*
  1.3470000E+01, 1.2170000E+01, 5.1500000E-01, 3.3750000E+02, 2.2500000E+01
* ELEM  1095  circular arc
 3, 555, 549
*
  1.3470000E+01, 1.2170000E+01, 5.1500000E-01, 0.0000000E+00, 2.2500000E+01
* ELEM  1096  line segment
 1, 549, 553
*
  1.3945798E+01, 1.2367082E+01, 1.7420204E-01, 7.2156848E-02
* ELEM  1097  line segment
 1, 927, 549
*
  1.4120000E+01, 1.1900761E+01, 0.0000000E+00, 5.3847763E-01
* ELEM  1098  line segment
 1, 551, 550
*
  1.3200761E+01, 1.2820000E+01, -3.8076118E-01, -3.8076118E-01
* ELEM  1099  line segment
 1, 554, 550
*
  1.3272918E+01, 1.2645798E+01, -7.2156848E-02, 1.7420204E-01
* ELEM  1100  circular arc
 3, 555, 550
*
  1.3470000E+01, 1.2170000E+01, 5.1500000E-01, 1.1250000E+02, 4.5000000E+01
* ELEM  1101  line segment
 1, 869, 551
*
  1.2820000E+01, 1.2820000E+01, 0.0000000E+00, -3.8076118E-01
* ELEM  1102  line segment
 1, 562, 551
*
  1.3200761E+01, 1.2820000E+01, -3.8076118E-01, 0.0000000E+00
* ELEM  1103  line segment
 1, 552, 553
*
  1.4120000E+01, 1.2439239E+01, -3.8076118E-01, 3.8076118E-01
* ELEM  1104  line segment
 1, 565, 552
*
  1.4120000E+01, 1.2820000E+01, -3.8076118E-01, 0.0000000E+00
* ELEM  1105  line segment
 1, 927, 552
*
  1.4120000E+01, 1.2439239E+01, 0.0000000E+00, 3.8076118E-01
* ELEM  1106  circular arc
 3, 555, 553
*
  1.3470000E+01, 1.2170000E+01, 5.1500000E-01, 2.2500000E+01, 4.5000000E+01
* ELEM  1107  line segment
 1, 553, 554
*
  1.3667082E+01, 1.2645798E+01, 7.2156848E-02, 1.7420204E-01
* ELEM  1108  line segment
 1, 563, 554
*
  1.3739239E+01, 1.2820000E+01, -5.3847763E-01, 0.0000000E+00
* ELEM  1109  circular arc
 3, 555, 554
*
  1.3470000E+01, 1.2170000E+01, 5.1500000E-01, 6.7500000E+01, 4.5000000E+01
* ELEM  1110  circle
 2, 556, 555
*
  1.3470000E+01, 1.2170000E+01, 4.4700000E-01, 0.0000000E+00
* ELEM  1111  circle
 2, 557, 556
*
  1.3470000E+01, 1.2170000E+01, 4.3800000E-01, 0.0000000E+00
* ELEM  1112  circle
 2, 558, 557
*
  1.3470000E+01, 1.2170000E+01, 4.2690959E-01, 0.0000000E+00
* ELEM  1113  circle
 2, 559, 558
*
  1.3470000E+01, 1.2170000E+01, 3.9175911E-01, 0.0000000E+00
* ELEM  1114  circle
 2, 560, 559
*
  1.3470000E+01, 1.2170000E+01, 3.0971277E-01, 0.0000000E+00
* ELEM  1115  circular arc
 3, 569, 561
*
  1.3470000E+01, 1.3470000E+01, 5.1500000E-01, 2.2500000E+02, 2.2500000E+01
* ELEM  1116  line segment
 1, 561, 563
*
  1.3272918E+01, 1.2994202E+01, -7.2156848E-02, -1.7420204E-01
* ELEM  1117  line segment
 1, 562, 561
*
  1.3010381E+01, 1.3010381E+01, 1.9038059E-01, -1.9038059E-01
* ELEM  1118  line segment
 1, 0, 561
*
  1.3105840E+01, 1.3105840E+01, -9.5459415E-02, -9.5459415E-02
* ELEM  1119  line segment
 1, 0, 562
*
  1.3010381E+01, 1.3010381E+01, -1.9038059E-01, -1.9038059E-01
* ELEM  1120  circular arc
 3, 569, 563
*
  1.3470000E+01, 1.3470000E+01, 5.1500000E-01, 2.4750000E+02, 4.5000000E+01
* ELEM  1121  line segment
 1, 563, 564
*
  1.3667082E+01, 1.2994202E+01, 7.2156848E-02, -1.7420204E-01
* ELEM  1122  circular arc
 3, 569, 564
*
  1.3470000E+01, 1.3470000E+01, 5.1500000E-01, 2.9250000E+02, 4.5000000E+01
* ELEM  1123  line segment
 1, 564, 566
*
  1.3945798E+01, 1.3272918E+01, 1.7420204E-01, -7.2156848E-02
* ELEM  1124  line segment
 1, 565, 564
*
  1.3739239E+01, 1.2820000E+01, 3.8076118E-01, 3.8076118E-01
* ELEM  1125  line segment
 1, 930, 565
*
  1.4120000E+01, 1.2820000E+01, 0.0000000E+00, 3.8076118E-01
* ELEM  1126  circular arc
 3, 569, 566
*
  1.3470000E+01, 1.3470000E+01, 5.1500000E-01, 3.3750000E+02, 2.2500000E+01
* ELEM  1127  circular arc
 3, 569, 566
*
  1.3470000E+01, 1.3470000E+01, 5.1500000E-01, 0.0000000E+00, 2.2500000E+01
* ELEM  1128  line segment
 1, 566, 568
*
  1.3945798E+01, 1.3667082E+01, 1.7420204E-01, 7.2156848E-02
* ELEM  1129  line segment
 1, 930, 566
*
  1.4120000E+01, 1.3200761E+01, 0.0000000E+00, 5.3847763E-01
* ELEM  1130  line segment
 1, 567, 568
*
  1.4120000E+01, 1.3739239E+01, -1.9038059E-01, 1.9038059E-01
* ELEM  1131  line segment
 1, 0, 567
*
  1.4037358E+01, 1.4037358E+01, -1.0773864E-01, -1.0773864E-01
* ELEM  1132  circular arc
 3, 567, 941
*
  1.3355000E+01, 1.3355000E+01, 9.6500000E-01, 3.7557114E+01, 7.4428858E+00
* ELEM  1133  line segment
 1, 930, 567
*
  1.4120000E+01, 1.3739239E+01, 0.0000000E+00, 2.0397883E-01
* ELEM  1134  circular arc
 3, 569, 568
*
  1.3470000E+01, 1.3470000E+01, 5.1500000E-01, 2.2500000E+01, 2.2500000E+01
* ELEM  1135  line segment
 1, 0, 568
*
  1.3929619E+01, 1.3929619E+01, -9.5459415E-02, -9.5459415E-02
* ELEM  1136  line segment
 1, 0, 569
*
  1.3153923E+01, 1.3153923E+01, -4.8083261E-02, -4.8083261E-02
* ELEM  1137  circular arc
 3, 570, 569
*
  1.3470000E+01, 1.3470000E+01, 4.4700000E-01, 2.2500000E+02, 1.3500000E+02
* ELEM  1138  circular arc
 3, 570, 569
*
  1.3470000E+01, 1.3470000E+01, 4.4700000E-01, 0.0000000E+00, 4.5000000E+01
* ELEM  1139  line segment
 1, 0, 569
*
  1.3834160E+01, 1.3834160E+01, -4.8083261E-02, -4.8083261E-02
* ELEM  1140  line segment
 1, 0, 570
*
  1.3160287E+01, 1.3160287E+01, -6.3639610E-03, -6.3639610E-03
* ELEM  1141  circular arc
 3, 571, 570
*
  1.3470000E+01, 1.3470000E+01, 4.3800000E-01, 2.2500000E+02, 1.3500000E+02
* ELEM  1142  circular arc
 3, 571, 570
*
  1.3470000E+01, 1.3470000E+01, 4.3800000E-01, 0.0000000E+00, 4.5000000E+01
* ELEM  1143  line segment
 1, 0, 570
*
  1.3786077E+01, 1.3786077E+01, -6.3639610E-03, -6.3639610E-03
* ELEM  1144  line segment
 1, 0, 571
*
  1.3168129E+01, 1.3168129E+01, -7.8421025E-03, -7.8421025E-03
* ELEM  1145  circular arc
 3, 572, 571
*
  1.3470000E+01, 1.3470000E+01, 4.2690959E-01, 2.2500000E+02, 1.3500000E+02
* ELEM  1146  circular arc
 3, 572, 571
*
  1.3470000E+01, 1.3470000E+01, 4.2690959E-01, 0.0000000E+00, 4.5000000E+01
* ELEM  1147  line segment
 1, 0, 571
*
  1.3779713E+01, 1.3779713E+01, -7.8421025E-03, -7.8421025E-03
* ELEM  1148  line segment
 1, 0, 572
*
  1.3192984E+01, 1.3192984E+01, -2.4855145E-02, -2.4855145E-02
* ELEM  1149  circular arc
 3, 573, 572
*
  1.3470000E+01, 1.3470000E+01, 3.9175911E-01, 2.2500000E+02, 1.3500000E+02
* ELEM  1150  circular arc
 3, 573, 572
*
  1.3470000E+01, 1.3470000E+01, 3.9175911E-01, 0.0000000E+00, 4.5000000E+01
* ELEM  1151  line segment
 1, 0, 572
*
  1.3771871E+01, 1.3771871E+01, -2.4855145E-02, -2.4855145E-02
* ELEM  1152  line segment
 1, 0, 573
*
  1.3251000E+01, 1.3251000E+01, -5.8015523E-02, -5.8015523E-02
* ELEM  1153  circular arc
 3, 574, 573
*
  1.3470000E+01, 1.3470000E+01, 3.0971277E-01, 2.2500000E+02, 1.3500000E+02
* ELEM  1154  circular arc
 3, 574, 573
*
  1.3470000E+01, 1.3470000E+01, 3.0971277E-01, 0.0000000E+00, 4.5000000E+01
* ELEM  1155  line segment
 1, 0, 573
*
  1.3747016E+01, 1.3747016E+01, -5.8015523E-02, -5.8015523E-02
* ELEM  1156  line segment
 1, 0, 574
*
  1.3689000E+01, 1.3689000E+01, -4.3800000E-01, -4.3800000E-01
* ELEM  1157  circular arc
 3, 583, 575
*
  1.7700000E+00, 1.7700000E+00, 5.1500000E-01, 2.2500000E+02, 2.2500000E+01
* ELEM  1158  line segment
 1, 575, 577
*
  1.5729180E+00, 1.2942020E+00, -7.2156848E-02, -1.7420204E-01
* ELEM  1159  line segment
 1, 576, 575
*
  1.3103806E+00, 1.3103806E+00, 1.9038059E-01, -1.9038059E-01
* ELEM  1160  line segment
 1, 0, 575
*
  1.4058400E+00, 1.4058400E+00, -9.5459415E-02, -9.5459415E-02
* ELEM  1161  line segment
 1, 873, 576
*
  1.2967824E+00, 1.1200000E+00, 2.0397883E-01, 0.0000000E+00
* ELEM  1162  circular arc
 3, 576, 939
*
  1.8850000E+00, 1.8850000E+00, 9.6500000E-01, 2.2500000E+02, 7.4428858E+00
* ELEM  1163  line segment
 1, 0, 576
*
  1.3103806E+00, 1.3103806E+00, -1.0773864E-01, -1.0773864E-01
* ELEM  1164  circular arc
 3, 583, 577
*
  1.7700000E+00, 1.7700000E+00, 5.1500000E-01, 2.4750000E+02, 4.5000000E+01
* ELEM  1165  line segment
 1, 577, 578
*
  1.9670820E+00, 1.2942020E+00, 7.2156848E-02, -1.7420204E-01
* ELEM  1166  line segment
 1, 873, 577
*
  1.5007612E+00, 1.1200000E+00, 5.3847763E-01, 0.0000000E+00
* ELEM  1167  circular arc
 3, 583, 578
*
  1.7700000E+00, 1.7700000E+00, 5.1500000E-01, 2.9250000E+02, 4.5000000E+01
* ELEM  1168  line segment
 1, 578, 580
*
  2.2457980E+00, 1.5729180E+00, 1.7420204E-01, -7.2156848E-02
* ELEM  1169  line segment
 1, 579, 578
*
  2.0392388E+00, 1.1200000E+00, 3.8076118E-01, 3.8076118E-01
* ELEM  1170  line segment
 1, 589, 579
*
  2.4200000E+00, 1.1200000E+00, 0.0000000E+00, 3.8076118E-01
* ELEM  1171  line segment
 1, 873, 579
*
  2.0392388E+00, 1.1200000E+00, 3.8076118E-01, 0.0000000E+00
* ELEM  1172  circular arc
 3, 583, 580
*
  1.7700000E+00, 1.7700000E+00, 5.1500000E-01, 3.3750000E+02, 2.2500000E+01
* ELEM  1173  circular arc
 3, 583, 580
*
  1.7700000E+00, 1.7700000E+00, 5.1500000E-01, 0.0000000E+00, 2.2500000E+01
* ELEM  1174  line segment
 1, 580, 582
*
  2.2457980E+00, 1.9670820E+00, 1.7420204E-01, 7.2156848E-02
* ELEM  1175  line segment
 1, 592, 580
*
  2.4200000E+00, 1.5007612E+00, 0.0000000E+00, 5.3847763E-01
* ELEM  1176  line segment
 1, 581, 582
*
  2.4200000E+00, 2.0392388E+00, -1.9038059E-01, 1.9038059E-01
* ELEM  1177  line segment
 1, 0, 581
*
  2.4200000E+00, 2.4200000E+00, -1.9038059E-01, -1.9038059E-01
* ELEM  1178  line segment
 1, 596, 581
*
  2.4200000E+00, 2.0392388E+00, 0.0000000E+00, 3.8076118E-01
* ELEM  1179  circular arc
 3, 583, 582
*
  1.7700000E+00, 1.7700000E+00, 5.1500000E-01, 2.2500000E+01, 2.2500000E+01
* ELEM  1180  line segment
 1, 0, 582
*
  2.2296194E+00, 2.2296194E+00, -9.5459415E-02, -9.5459415E-02
* ELEM  1181  line segment
 1, 0, 583
*
  1.4539233E+00, 1.4539233E+00, -4.8083261E-02, -4.8083261E-02
* ELEM  1182  circular arc
 3, 584, 583
*
  1.7700000E+00, 1.7700000E+00, 4.4700000E-01, 2.2500000E+02, 1.3500000E+02
* ELEM  1183  circular arc
 3, 584, 583
*
  1.7700000E+00, 1.7700000E+00, 4.4700000E-01, 0.0000000E+00, 4.5000000E+01
* ELEM  1184  line segment
 1, 0, 583
*
  2.1341600E+00, 2.1341600E+00, -4.8083261E-02, -4.8083261E-02
* ELEM  1185  line segment
 1, 0, 584
*
  1.4602872E+00, 1.4602872E+00, -6.3639610E-03, -6.3639610E-03
* ELEM  1186  circular arc
 3, 585, 584
*
  1.7700000E+00, 1.7700000E+00, 4.3800000E-01, 2.2500000E+02, 1.3500000E+02
* ELEM  1187  circular arc
 3, 585, 584
*
  1.7700000E+00, 1.7700000E+00, 4.3800000E-01, 0.0000000E+00, 4.5000000E+01
* ELEM  1188  line segment
 1, 0, 584
*
  2.0860767E+00, 2.0860767E+00, -6.3639610E-03, -6.3639610E-03
* ELEM  1189  line segment
 1, 0, 585
*
  1.4681293E+00, 1.4681293E+00, -7.8421025E-03, -7.8421025E-03
* ELEM  1190  circular arc
 3, 586, 585
*
  1.7700000E+00, 1.7700000E+00, 4.2690959E-01, 2.2500000E+02, 1.3500000E+02
* ELEM  1191  circular arc
 3, 586, 585
*
  1.7700000E+00, 1.7700000E+00, 4.2690959E-01, 0.0000000E+00, 4.5000000E+01
* ELEM  1192  line segment
 1, 0, 585
*
  2.0797128E+00, 2.0797128E+00, -7.8421025E-03, -7.8421025E-03
* ELEM  1193  line segment
 1, 0, 586
*
  1.4929845E+00, 1.4929845E+00, -2.4855145E-02, -2.4855145E-02
* ELEM  1194  circular arc
 3, 587, 586
*
  1.7700000E+00, 1.7700000E+00, 3.9175911E-01, 2.2500000E+02, 1.3500000E+02
* ELEM  1195  circular arc
 3, 587, 586
*
  1.7700000E+00, 1.7700000E+00, 3.9175911E-01, 0.0000000E+00, 4.5000000E+01
* ELEM  1196  line segment
 1, 0, 586
*
  2.0718707E+00, 2.0718707E+00, -2.4855145E-02, -2.4855145E-02
* ELEM  1197  line segment
 1, 0, 587
*
  1.5510000E+00, 1.5510000E+00, -5.8015523E-02, -5.8015523E-02
* ELEM  1198  circular arc
 3, 588, 587
*
  1.7700000E+00, 1.7700000E+00, 3.0971277E-01, 2.2500000E+02, 1.3500000E+02
* ELEM  1199  circular arc
 3, 588, 587
*
  1.7700000E+00, 1.7700000E+00, 3.0971277E-01, 0.0000000E+00, 4.5000000E+01
* ELEM  1200  line segment
 1, 0, 587
*
  2.0470155E+00, 2.0470155E+00, -5.8015523E-02, -5.8015523E-02
* ELEM  1201  line segment
 1, 0, 588
*
  1.9890000E+00, 1.9890000E+00, -4.3800000E-01, -4.3800000E-01
* ELEM  1202  line segment
 1, 589, 591
*
  2.4200000E+00, 1.5007612E+00, 3.8076118E-01, -3.8076118E-01
* ELEM  1203  line segment
 1, 876, 589
*
  2.4200000E+00, 1.1200000E+00, 3.8076118E-01, 0.0000000E+00
* ELEM  1204  line segment
 1, 591, 590
*
  2.8729180E+00, 1.2942020E+00, -7.2156848E-02, -1.7420204E-01
* ELEM  1205  circular arc
 3, 601, 590
*
  3.0700000E+00, 1.7700000E+00, 5.1500000E-01, 2.4750000E+02, 4.5000000E+01
* ELEM  1206  line segment
 1, 590, 594
*
  3.2670820E+00, 1.2942020E+00, 7.2156848E-02, -1.7420204E-01
* ELEM  1207  line segment
 1, 876, 590
*
  2.8007612E+00, 1.1200000E+00, 5.3847763E-01, 0.0000000E+00
* ELEM  1208  line segment
 1, 592, 591
*
  2.5942020E+00, 1.5729180E+00, -1.7420204E-01, -7.2156848E-02
* ELEM  1209  circular arc
 3, 601, 591
*
  3.0700000E+00, 1.7700000E+00, 5.1500000E-01, 2.0250000E+02, 4.5000000E+01
* ELEM  1210  line segment
 1, 595, 592
*
  2.5942020E+00, 1.9670820E+00, -1.7420204E-01, 7.2156848E-02
* ELEM  1211  circular arc
 3, 601, 592
*
  3.0700000E+00, 1.7700000E+00, 5.1500000E-01, 1.5750000E+02, 4.5000000E+01
* ELEM  1212  line segment
 1, 593, 594
*
  3.3392388E+00, 1.1200000E+00, 3.8076118E-01, 3.8076118E-01
* ELEM  1213  line segment
 1, 607, 593
*
  3.7200000E+00, 1.1200000E+00, 0.0000000E+00, 3.8076118E-01
* ELEM  1214  line segment
 1, 876, 593
*
  3.3392388E+00, 1.1200000E+00, 3.8076118E-01, 0.0000000E+00
* ELEM  1215  circular arc
 3, 601, 594
*
  3.0700000E+00, 1.7700000E+00, 5.1500000E-01, 2.9250000E+02, 4.5000000E+01
* ELEM  1216  line segment
 1, 594, 597
*
  3.5457980E+00, 1.5729180E+00, 1.7420204E-01, -7.2156848E-02
* ELEM  1217  line segment
 1, 596, 595
*
  2.8007612E+00, 2.4200000E+00, -3.8076118E-01, -3.8076118E-01
* ELEM  1218  line segment
 1, 598, 595
*
  2.8729180E+00, 2.2457980E+00, -7.2156848E-02, 1.7420204E-01
* ELEM  1219  circular arc
 3, 601, 595
*
  3.0700000E+00, 1.7700000E+00, 5.1500000E-01, 1.1250000E+02, 4.5000000E+01
* ELEM  1220  line segment
 1, 764, 596
*
  2.8007612E+00, 2.4200000E+00, -3.8076118E-01, 0.0000000E+00
* ELEM  1221  circular arc
 3, 601, 597
*
  3.0700000E+00, 1.7700000E+00, 5.1500000E-01, 3.3750000E+02, 2.2500000E+01
* ELEM  1222  circular arc
 3, 601, 597
*
  3.0700000E+00, 1.7700000E+00, 5.1500000E-01, 0.0000000E+00, 2.2500000E+01
* ELEM  1223  line segment
 1, 597, 600
*
  3.5457980E+00, 1.9670820E+00, 1.7420204E-01, 7.2156848E-02
* ELEM  1224  line segment
 1, 610, 597
*
  3.7200000E+00, 1.5007612E+00, 0.0000000E+00, 5.3847763E-01
* ELEM  1225  line segment
 1, 765, 598
*
  3.3392388E+00, 2.4200000E+00, -5.3847763E-01, 0.0000000E+00
* ELEM  1226  line segment
 1, 600, 598
*
  3.2670820E+00, 2.2457980E+00, 7.2156848E-02, 1.7420204E-01
* ELEM  1227  circular arc
 3, 601, 598
*
  3.0700000E+00, 1.7700000E+00, 5.1500000E-01, 6.7500000E+01, 4.5000000E+01
* ELEM  1228  line segment
 1, 599, 600
*
  3.7200000E+00, 2.0392388E+00, -3.8076118E-01, 3.8076118E-01
* ELEM  1229  line segment
 1, 767, 599
*
  3.7200000E+00, 2.4200000E+00, -3.8076118E-01, 0.0000000E+00
* ELEM  1230  line segment
 1, 614, 599
*
  3.7200000E+00, 2.0392388E+00, 0.0000000E+00, 3.8076118E-01
* ELEM  1231  circular arc
 3, 601, 600
*
  3.0700000E+00, 1.7700000E+00, 5.1500000E-01, 2.2500000E+01, 4.5000000E+01
* ELEM  1232  circle
 2, 602, 601
*
  3.0700000E+00, 1.7700000E+00, 4.4700000E-01, 0.0000000E+00
* ELEM  1233  circle
 2, 603, 602
*
  3.0700000E+00, 1.7700000E+00, 4.3800000E-01, 0.0000000E+00
* ELEM  1234  circle
 2, 604, 603
*
  3.0700000E+00, 1.7700000E+00, 4.2690959E-01, 0.0000000E+00
* ELEM  1235  circle
 2, 605, 604
*
  3.0700000E+00, 1.7700000E+00, 3.9175911E-01, 0.0000000E+00
* ELEM  1236  circle
 2, 606, 605
*
  3.0700000E+00, 1.7700000E+00, 3.0971277E-01, 0.0000000E+00
* ELEM  1237  line segment
 1, 607, 609
*
  3.7200000E+00, 1.5007612E+00, 3.8076118E-01, -3.8076118E-01
* ELEM  1238  line segment
 1, 879, 607
*
  3.7200000E+00, 1.1200000E+00, 3.8076118E-01, 0.0000000E+00
* ELEM  1239  line segment
 1, 609, 608
*
  4.1729180E+00, 1.2942020E+00, -7.2156848E-02, -1.7420204E-01
* ELEM  1240  circular arc
 3, 619, 608
*
  4.3700000E+00, 1.7700000E+00, 5.1500000E-01, 2.4750000E+02, 4.5000000E+01
* ELEM  1241  line segment
 1, 608, 612
*
  4.5670820E+00, 1.2942020E+00, 7.2156848E-02, -1.7420204E-01
* ELEM  1242  line segment
 1, 879, 608
*
  4.1007612E+00, 1.1200000E+00, 5.3847763E-01, 0.0000000E+00
* ELEM  1243  line segment
 1, 610, 609
*
  3.8942020E+00, 1.5729180E+00, -1.7420204E-01, -7.2156848E-02
* ELEM  1244  circular arc
 3, 619, 609
*
  4.3700000E+00, 1.7700000E+00, 5.1500000E-01, 2.0250000E+02, 4.5000000E+01
* ELEM  1245  line segment
 1, 613, 610
*
  3.8942020E+00, 1.9670820E+00, -1.7420204E-01, 7.2156848E-02
* ELEM  1246  circular arc
 3, 619, 610
*
  4.3700000E+00, 1.7700000E+00, 5.1500000E-01, 1.5750000E+02, 4.5000000E+01
* ELEM  1247  line segment
 1, 611, 612
*
  4.6392388E+00, 1.1200000E+00, 3.8076118E-01, 3.8076118E-01
* ELEM  1248  line segment
 1, 625, 611
*
  5.0200000E+00, 1.1200000E+00, 0.0000000E+00, 3.8076118E-01
* ELEM  1249  line segment
 1, 879, 611
*
  4.6392388E+00, 1.1200000E+00, 3.8076118E-01, 0.0000000E+00
* ELEM  1250  circular arc
 3, 619, 612
*
  4.3700000E+00, 1.7700000E+00, 5.1500000E-01, 2.9250000E+02, 4.5000000E+01
* ELEM  1251  line segment
 1, 612, 615
*
  4.8457980E+00, 1.5729180E+00, 1.7420204E-01, -7.2156848E-02
* ELEM  1252  line segment
 1, 614, 613
*
  4.1007612E+00, 2.4200000E+00, -3.8076118E-01, -3.8076118E-01
* ELEM  1253  line segment
 1, 616, 613
*
  4.1729180E+00, 2.2457980E+00, -7.2156848E-02, 1.7420204E-01
* ELEM  1254  circular arc
 3, 619, 613
*
  4.3700000E+00, 1.7700000E+00, 5.1500000E-01, 1.1250000E+02, 4.5000000E+01
* ELEM  1255  circular arc
 3, 619, 615
*
  4.3700000E+00, 1.7700000E+00, 5.1500000E-01, 3.3750000E+02, 2.2500000E+01
* ELEM  1256  circular arc
 3, 619, 615
*
  4.3700000E+00, 1.7700000E+00, 5.1500000E-01, 0.0000000E+00, 2.2500000E+01
* ELEM  1257  line segment
 1, 615, 618
*
  4.8457980E+00, 1.9670820E+00, 1.7420204E-01, 7.2156848E-02
* ELEM  1258  line segment
 1, 628, 615
*
  5.0200000E+00, 1.5007612E+00, 0.0000000E+00, 5.3847763E-01
* ELEM  1259  line segment
 1, 618, 616
*
  4.5670820E+00, 2.2457980E+00, 7.2156848E-02, 1.7420204E-01
* ELEM  1260  circular arc
 3, 619, 616
*
  4.3700000E+00, 1.7700000E+00, 5.1500000E-01, 6.7500000E+01, 4.5000000E+01
* ELEM  1261  line segment
 1, 617, 618
*
  5.0200000E+00, 2.0392388E+00, -3.8076118E-01, 3.8076118E-01
* ELEM  1262  line segment
 1, 632, 617
*
  5.0200000E+00, 2.0392388E+00, 0.0000000E+00, 3.8076118E-01
* ELEM  1263  circular arc
 3, 619, 618
*
  4.3700000E+00, 1.7700000E+00, 5.1500000E-01, 2.2500000E+01, 4.5000000E+01
* ELEM  1264  circle
 2, 620, 619
*
  4.3700000E+00, 1.7700000E+00, 4.4700000E-01, 0.0000000E+00
* ELEM  1265  circle
 2, 621, 620
*
  4.3700000E+00, 1.7700000E+00, 4.3800000E-01, 0.0000000E+00
* ELEM  1266  circle
 2, 622, 621
*
  4.3700000E+00, 1.7700000E+00, 4.2690959E-01, 0.0000000E+00
* ELEM  1267  circle
 2, 623, 622
*
  4.3700000E+00, 1.7700000E+00, 3.9175911E-01, 0.0000000E+00
* ELEM  1268  circle
 2, 624, 623
*
  4.3700000E+00, 1.7700000E+00, 3.0971277E-01, 0.0000000E+00
* ELEM  1269  line segment
 1, 625, 627
*
  5.0200000E+00, 1.5007612E+00, 3.8076118E-01, -3.8076118E-01
* ELEM  1270  line segment
 1, 882, 625
*
  5.0200000E+00, 1.1200000E+00, 3.8076118E-01, 0.0000000E+00
* ELEM  1271  line segment
 1, 627, 626
*
  5.4729180E+00, 1.2942020E+00, -7.2156848E-02, -1.7420204E-01
* ELEM  1272  circular arc
 3, 637, 626
*
  5.6700000E+00, 1.7700000E+00, 5.1500000E-01, 2.4750000E+02, 4.5000000E+01
* ELEM  1273  line segment
 1, 626, 630
*
  5.8670820E+00, 1.2942020E+00, 7.2156848E-02, -1.7420204E-01
* ELEM  1274  line segment
 1, 882, 626
*
  5.4007612E+00, 1.1200000E+00, 5.3847763E-01, 0.0000000E+00
* ELEM  1275  line segment
 1, 628, 627
*
  5.1942020E+00, 1.5729180E+00, -1.7420204E-01, -7.2156848E-02
* ELEM  1276  circular arc
 3, 637, 627
*
  5.6700000E+00, 1.7700000E+00, 5.1500000E-01, 2.0250000E+02, 4.5000000E+01
* ELEM  1277  line segment
 1, 631, 628
*
  5.1942020E+00, 1.9670820E+00, -1.7420204E-01, 7.2156848E-02
* ELEM  1278  circular arc
 3, 637, 628
*
  5.6700000E+00, 1.7700000E+00, 5.1500000E-01, 1.5750000E+02, 4.5000000E+01
* ELEM  1279  line segment
 1, 629, 630
*
  5.9392388E+00, 1.1200000E+00, 3.8076118E-01, 3.8076118E-01
* ELEM  1280  line segment
 1, 882, 629
*
  5.9392388E+00, 1.1200000E+00, 3.8076118E-01, 0.0000000E+00
* ELEM  1281  circular arc
 3, 637, 630
*
  5.6700000E+00, 1.7700000E+00, 5.1500000E-01, 2.9250000E+02, 4.5000000E+01
* ELEM  1282  line segment
 1, 630, 633
*
  6.1457980E+00, 1.5729180E+00, 1.7420204E-01, -7.2156848E-02
* ELEM  1283  line segment
 1, 632, 631
*
  5.4007612E+00, 2.4200000E+00, -3.8076118E-01, -3.8076118E-01
* ELEM  1284  line segment
 1, 634, 631
*
  5.4729180E+00, 2.2457980E+00, -7.2156848E-02, 1.7420204E-01
* ELEM  1285  circular arc
 3, 637, 631
*
  5.6700000E+00, 1.7700000E+00, 5.1500000E-01, 1.1250000E+02, 4.5000000E+01
* ELEM  1286  line segment
 1, 775, 632
*
  5.4007612E+00, 2.4200000E+00, -3.8076118E-01, 0.0000000E+00
* ELEM  1287  circular arc
 3, 637, 633
*
  5.6700000E+00, 1.7700000E+00, 5.1500000E-01, 3.3750000E+02, 2.2500000E+01
* ELEM  1288  circular arc
 3, 637, 633
*
  5.6700000E+00, 1.7700000E+00, 5.1500000E-01, 0.0000000E+00, 2.2500000E+01
* ELEM  1289  line segment
 1, 633, 636
*
  6.1457980E+00, 1.9670820E+00, 1.7420204E-01, 7.2156848E-02
* ELEM  1290  line segment
 1, 773, 634
*
  5.9392388E+00, 2.4200000E+00, -5.3847763E-01, 0.0000000E+00
* ELEM  1291  line segment
 1, 636, 634
*
  5.8670820E+00, 2.2457980E+00, 7.2156848E-02, 1.7420204E-01
* ELEM  1292  circular arc
 3, 637, 634
*
  5.6700000E+00, 1.7700000E+00, 5.1500000E-01, 6.7500000E+01, 4.5000000E+01
* ELEM  1293  line segment
 1, 635, 636
*
  6.3200000E+00, 2.0392388E+00, -3.8076118E-01, 3.8076118E-01
* ELEM  1294  line segment
 1, 776, 635
*
  6.3200000E+00, 2.4200000E+00, -3.8076118E-01, 0.0000000E+00
* ELEM  1295  circular arc
 3, 637, 636
*
  5.6700000E+00, 1.7700000E+00, 5.1500000E-01, 2.2500000E+01, 4.5000000E+01
* ELEM  1296  circle
 2, 638, 637
*
  5.6700000E+00, 1.7700000E+00, 4.4700000E-01, 0.0000000E+00
* ELEM  1297  circle
 2, 639, 638
*
  5.6700000E+00, 1.7700000E+00, 4.3800000E-01, 0.0000000E+00
* ELEM  1298  circle
 2, 640, 639
*
  5.6700000E+00, 1.7700000E+00, 4.2690959E-01, 0.0000000E+00
* ELEM  1299  circle
 2, 641, 640
*
  5.6700000E+00, 1.7700000E+00, 3.9175911E-01, 0.0000000E+00
* ELEM  1300  circle
 2, 642, 641
*
  5.6700000E+00, 1.7700000E+00, 3.0971277E-01, 0.0000000E+00
* ELEM  1301  line segment
 1, 644, 643
*
  6.7729180E+00, 2.5942020E+00, -7.2156848E-02, -1.7420204E-01
* ELEM  1302  circular arc
 3, 655, 643
*
  6.9700000E+00, 3.0700000E+00, 5.1500000E-01, 2.4750000E+02, 4.5000000E+01
* ELEM  1303  line segment
 1, 643, 647
*
  7.1670820E+00, 2.5942020E+00, 7.2156848E-02, -1.7420204E-01
* ELEM  1304  line segment
 1, 645, 644
*
  6.3200000E+00, 2.8007612E+00, 3.8076118E-01, -3.8076118E-01
* ELEM  1305  line segment
 1, 648, 644
*
  6.4942020E+00, 2.8729180E+00, -1.7420204E-01, -7.2156848E-02
* ELEM  1306  circular arc
 3, 655, 644
*
  6.9700000E+00, 3.0700000E+00, 5.1500000E-01, 2.0250000E+02, 4.5000000E+01
* ELEM  1307  line segment
 1, 776, 645
*
  6.3200000E+00, 2.8007612E+00, 0.0000000E+00, -3.8076118E-01
* ELEM  1308  line segment
 1, 646, 647
*
  7.2392388E+00, 2.4200000E+00, 3.8076118E-01, 3.8076118E-01
* ELEM  1309  circular arc
 3, 655, 647
*
  6.9700000E+00, 3.0700000E+00, 5.1500000E-01, 2.9250000E+02, 4.5000000E+01
* ELEM  1310  line segment
 1, 647, 649
*
  7.4457980E+00, 2.8729180E+00, 1.7420204E-01, -7.2156848E-02
* ELEM  1311  line segment
 1, 779, 648
*
  6.3200000E+00, 3.3392388E+00, 0.0000000E+00, -5.3847763E-01
* ELEM  1312  line segment
 1, 650, 648
*
  6.4942020E+00, 3.2670820E+00, -1.7420204E-01, 7.2156848E-02
* ELEM  1313  circular arc
 3, 655, 648
*
  6.9700000E+00, 3.0700000E+00, 5.1500000E-01, 1.5750000E+02, 4.5000000E+01
* ELEM  1314  circular arc
 3, 655, 649
*
  6.9700000E+00, 3.0700000E+00, 5.1500000E-01, 3.3750000E+02, 2.2500000E+01
* ELEM  1315  circular arc
 3, 655, 649
*
  6.9700000E+00, 3.0700000E+00, 5.1500000E-01, 0.0000000E+00, 2.2500000E+01
* ELEM  1316  line segment
 1, 649, 653
*
  7.4457980E+00, 3.2670820E+00, 1.7420204E-01, 7.2156848E-02
* ELEM  1317  line segment
 1, 651, 650
*
  6.7007612E+00, 3.7200000E+00, -3.8076118E-01, -3.8076118E-01
* ELEM  1318  line segment
 1, 654, 650
*
  6.7729180E+00, 3.5457980E+00, -7.2156848E-02, 1.7420204E-01
* ELEM  1319  circular arc
 3, 655, 650
*
  6.9700000E+00, 3.0700000E+00, 5.1500000E-01, 1.1250000E+02, 4.5000000E+01
* ELEM  1320  line segment
 1, 782, 651
*
  6.3200000E+00, 3.7200000E+00, 0.0000000E+00, -3.8076118E-01
* ELEM  1321  line segment
 1, 697, 651
*
  6.7007612E+00, 3.7200000E+00, -3.8076118E-01, 0.0000000E+00
* ELEM  1322  line segment
 1, 652, 653
*
  7.6200000E+00, 3.3392388E+00, -3.8076118E-01, 3.8076118E-01
* ELEM  1323  line segment
 1, 698, 652
*
  7.6200000E+00, 3.7200000E+00, -3.8076118E-01, 0.0000000E+00
* ELEM  1324  circular arc
 3, 655, 653
*
  6.9700000E+00, 3.0700000E+00, 5.1500000E-01, 2.2500000E+01, 4.5000000E+01
* ELEM  1325  line segment
 1, 653, 654
*
  7.1670820E+00, 3.5457980E+00, 7.2156848E-02, 1.7420204E-01
* ELEM  1326  line segment
 1, 695, 654
*
  7.2392388E+00, 3.7200000E+00, -5.3847763E-01, 0.0000000E+00
* ELEM  1327  circular arc
 3, 655, 654
*
  6.9700000E+00, 3.0700000E+00, 5.1500000E-01, 6.7500000E+01, 4.5000000E+01
* ELEM  1328  circle
 2, 656, 655
*
  6.9700000E+00, 3.0700000E+00, 4.4700000E-01, 0.0000000E+00
* ELEM  1329  circle
 2, 657, 656
*
  6.9700000E+00, 3.0700000E+00, 4.3800000E-01, 0.0000000E+00
* ELEM  1330  circle
 2, 658, 657
*
  6.9700000E+00, 3.0700000E+00, 4.2690959E-01, 0.0000000E+00
* ELEM  1331  circle
 2, 659, 658
*
  6.9700000E+00, 3.0700000E+00, 3.9175911E-01, 0.0000000E+00
* ELEM  1332  circle
 2, 660, 659
*
  6.9700000E+00, 3.0700000E+00, 3.0971277E-01, 0.0000000E+00
* ELEM  1333  line segment
 1, 662, 661
*
  1.0672918E+01, 2.5942020E+00, -7.2156848E-02, -1.7420204E-01
* ELEM  1334  circular arc
 3, 673, 661
*
  1.0870000E+01, 3.0700000E+00, 5.1500000E-01, 2.4750000E+02, 4.5000000E+01
* ELEM  1335  line segment
 1, 661, 665
*
  1.1067082E+01, 2.5942020E+00, 7.2156848E-02, -1.7420204E-01
* ELEM  1336  line segment
 1, 663, 662
*
  1.0220000E+01, 2.8007612E+00, 3.8076118E-01, -3.8076118E-01
* ELEM  1337  line segment
 1, 666, 662
*
  1.0394202E+01, 2.8729180E+00, -1.7420204E-01, -7.2156848E-02
* ELEM  1338  circular arc
 3, 673, 662
*
  1.0870000E+01, 3.0700000E+00, 5.1500000E-01, 2.0250000E+02, 4.5000000E+01
* ELEM  1339  line segment
 1, 790, 663
*
  1.0220000E+01, 2.8007612E+00, 0.0000000E+00, -3.8076118E-01
* ELEM  1340  line segment
 1, 664, 665
*
  1.1139239E+01, 2.4200000E+00, 3.8076118E-01, 3.8076118E-01
* ELEM  1341  line segment
 1, 803, 664
*
  1.1520000E+01, 2.4200000E+00, 0.0000000E+00, 3.8076118E-01
* ELEM  1342  circular arc
 3, 673, 665
*
  1.0870000E+01, 3.0700000E+00, 5.1500000E-01, 2.9250000E+02, 4.5000000E+01
* ELEM  1343  line segment
 1, 665, 667
*
  1.1345798E+01, 2.8729180E+00, 1.7420204E-01, -7.2156848E-02
* ELEM  1344  line segment
 1, 793, 666
*
  1.0220000E+01, 3.3392388E+00, 0.0000000E+00, -5.3847763E-01
* ELEM  1345  line segment
 1, 668, 666
*
  1.0394202E+01, 3.2670820E+00, -1.7420204E-01, 7.2156848E-02
* ELEM  1346  circular arc
 3, 673, 666
*
  1.0870000E+01, 3.0700000E+00, 5.1500000E-01, 1.5750000E+02, 4.5000000E+01
* ELEM  1347  circular arc
 3, 673, 667
*
  1.0870000E+01, 3.0700000E+00, 5.1500000E-01, 3.3750000E+02, 2.2500000E+01
* ELEM  1348  circular arc
 3, 673, 667
*
  1.0870000E+01, 3.0700000E+00, 5.1500000E-01, 0.0000000E+00, 2.2500000E+01
* ELEM  1349  line segment
 1, 667, 671
*
  1.1345798E+01, 3.2670820E+00, 1.7420204E-01, 7.2156848E-02
* ELEM  1350  line segment
 1, 806, 667
*
  1.1520000E+01, 2.8007612E+00, 0.0000000E+00, 5.3847763E-01
* ELEM  1351  line segment
 1, 669, 668
*
  1.0600761E+01, 3.7200000E+00, -3.8076118E-01, -3.8076118E-01
* ELEM  1352  line segment
 1, 672, 668
*
  1.0672918E+01, 3.5457980E+00, -7.2156848E-02, 1.7420204E-01
* ELEM  1353  circular arc
 3, 673, 668
*
  1.0870000E+01, 3.0700000E+00, 5.1500000E-01, 1.1250000E+02, 4.5000000E+01
* ELEM  1354  line segment
 1, 796, 669
*
  1.0220000E+01, 3.7200000E+00, 0.0000000E+00, -3.8076118E-01
* ELEM  1355  line segment
 1, 670, 671
*
  1.1520000E+01, 3.3392388E+00, -3.8076118E-01, 3.8076118E-01
* ELEM  1356  line segment
 1, 809, 670
*
  1.1520000E+01, 3.3392388E+00, 0.0000000E+00, 3.8076118E-01
* ELEM  1357  circular arc
 3, 673, 671
*
  1.0870000E+01, 3.0700000E+00, 5.1500000E-01, 2.2500000E+01, 4.5000000E+01
* ELEM  1358  line segment
 1, 671, 672
*
  1.1067082E+01, 3.5457980E+00, 7.2156848E-02, 1.7420204E-01
* ELEM  1359  circular arc
 3, 673, 672
*
  1.0870000E+01, 3.0700000E+00, 5.1500000E-01, 6.7500000E+01, 4.5000000E+01
* ELEM  1360  circle
 2, 674, 673
*
  1.0870000E+01, 3.0700000E+00, 4.4700000E-01, 0.0000000E+00
* ELEM  1361  circle
 2, 675, 674
*
  1.0870000E+01, 3.0700000E+00, 4.3800000E-01, 0.0000000E+00
* ELEM  1362  circle
 2, 676, 675
*
  1.0870000E+01, 3.0700000E+00, 4.2690959E-01, 0.0000000E+00
* ELEM  1363  circle
 2, 677, 676
*
  1.0870000E+01, 3.0700000E+00, 3.9175911E-01, 0.0000000E+00
* ELEM  1364  circle
 2, 678, 677
*
  1.0870000E+01, 3.0700000E+00, 3.3927334E-01, 0.0000000E+00
* ELEM  1365  circle
 2, 679, 678
*
  1.0870000E+01, 3.0700000E+00, 2.7701552E-01, 0.0000000E+00
* ELEM  1366  circle
 2, 680, 679
*
  1.0870000E+01, 3.0700000E+00, 1.9587955E-01, 0.0000000E+00
* ELEM  1367  circular arc
 3, 689, 681
*
  4.3700000E+00, 4.3700000E+00, 5.1500000E-01, 2.2500000E+02, 2.2500000E+01
* ELEM  1368  line segment
 1, 681, 683
*
  4.1729180E+00, 3.8942020E+00, -7.2156848E-02, -1.7420204E-01
* ELEM  1369  line segment
 1, 682, 681
*
  3.9103806E+00, 3.9103806E+00, 1.9038059E-01, -1.9038059E-01
* ELEM  1370  line segment
 1, 0, 681
*
  4.0058400E+00, 4.0058400E+00, -9.5459415E-02, -9.5459415E-02
* ELEM  1371  line segment
 1, 0, 682
*
  3.9103806E+00, 3.9103806E+00, -1.9038059E-01, -1.9038059E-01
* ELEM  1372  circular arc
 3, 689, 683
*
  4.3700000E+00, 4.3700000E+00, 5.1500000E-01, 2.4750000E+02, 4.5000000E+01
* ELEM  1373  line segment
 1, 683, 684
*
  4.5670820E+00, 3.8942020E+00, 7.2156848E-02, -1.7420204E-01
* ELEM  1374  circular arc
 3, 689, 684
*
  4.3700000E+00, 4.3700000E+00, 5.1500000E-01, 2.9250000E+02, 4.5000000E+01
* ELEM  1375  line segment
 1, 684, 686
*
  4.8457980E+00, 4.1729180E+00, 1.7420204E-01, -7.2156848E-02
* ELEM  1376  line segment
 1, 685, 684
*
  4.6392388E+00, 3.7200000E+00, 3.8076118E-01, 3.8076118E-01
* ELEM  1377  circular arc
 3, 689, 686
*
  4.3700000E+00, 4.3700000E+00, 5.1500000E-01, 3.3750000E+02, 2.2500000E+01
* ELEM  1378  circular arc
 3, 689, 686
*
  4.3700000E+00, 4.3700000E+00, 5.1500000E-01, 0.0000000E+00, 2.2500000E+01
* ELEM  1379  line segment
 1, 686, 688
*
  4.8457980E+00, 4.5670820E+00, 1.7420204E-01, 7.2156848E-02
* ELEM  1380  line segment
 1, 687, 688
*
  5.0200000E+00, 4.6392388E+00, -1.9038059E-01, 1.9038059E-01
* ELEM  1381  line segment
 1, 0, 687
*
  5.0200000E+00, 5.0200000E+00, -1.9038059E-01, -1.9038059E-01
* ELEM  1382  circular arc
 3, 689, 688
*
  4.3700000E+00, 4.3700000E+00, 5.1500000E-01, 2.2500000E+01, 2.2500000E+01
* ELEM  1383  line segment
 1, 0, 688
*
  4.8296194E+00, 4.8296194E+00, -9.5459415E-02, -9.5459415E-02
* ELEM  1384  line segment
 1, 0, 689
*
  4.0539233E+00, 4.0539233E+00, -4.8083261E-02, -4.8083261E-02
* ELEM  1385  circular arc
 3, 690, 689
*
  4.3700000E+00, 4.3700000E+00, 4.4700000E-01, 2.2500000E+02, 1.3500000E+02
* ELEM  1386  circular arc
 3, 690, 689
*
  4.3700000E+00, 4.3700000E+00, 4.4700000E-01, 0.0000000E+00, 4.5000000E+01
* ELEM  1387  line segment
 1, 0, 689
*
  4.7341600E+00, 4.7341600E+00, -4.8083261E-02, -4.8083261E-02
* ELEM  1388  line segment
 1, 0, 690
*
  4.0602872E+00, 4.0602872E+00, -6.3639610E-03, -6.3639610E-03
* ELEM  1389  circular arc
 3, 691, 690
*
  4.3700000E+00, 4.3700000E+00, 4.3800000E-01, 2.2500000E+02, 1.3500000E+02
* ELEM  1390  circular arc
 3, 691, 690
*
  4.3700000E+00, 4.3700000E+00, 4.3800000E-01, 0.0000000E+00, 4.5000000E+01
* ELEM  1391  line segment
 1, 0, 690
*
  4.6860767E+00, 4.6860767E+00, -6.3639610E-03, -6.3639610E-03
* ELEM  1392  line segment
 1, 0, 691
*
  4.0681293E+00, 4.0681293E+00, -7.8421025E-03, -7.8421025E-03
* ELEM  1393  circular arc
 3, 692, 691
*
  4.3700000E+00, 4.3700000E+00, 4.2690959E-01, 2.2500000E+02, 1.3500000E+02
* ELEM  1394  circular arc
 3, 692, 691
*
  4.3700000E+00, 4.3700000E+00, 4.2690959E-01, 0.0000000E+00, 4.5000000E+01
* ELEM  1395  line segment
 1, 0, 691
*
  4.6797128E+00, 4.6797128E+00, -7.8421025E-03, -7.8421025E-03
* ELEM  1396  line segment
 1, 0, 692
*
  4.0929845E+00, 4.0929845E+00, -2.4855145E-02, -2.4855145E-02
* ELEM  1397  circular arc
 3, 693, 692
*
  4.3700000E+00, 4.3700000E+00, 3.9175911E-01, 2.2500000E+02, 1.3500000E+02
* ELEM  1398  circular arc
 3, 693, 692
*
  4.3700000E+00, 4.3700000E+00, 3.9175911E-01, 0.0000000E+00, 4.5000000E+01
* ELEM  1399  line segment
 1, 0, 692
*
  4.6718707E+00, 4.6718707E+00, -2.4855145E-02, -2.4855145E-02
* ELEM  1400  line segment
 1, 0, 693
*
  4.1510000E+00, 4.1510000E+00, -5.8015523E-02, -5.8015523E-02
* ELEM  1401  circular arc
 3, 694, 693
*
  4.3700000E+00, 4.3700000E+00, 3.0971277E-01, 2.2500000E+02, 1.3500000E+02
* ELEM  1402  circular arc
 3, 694, 693
*
  4.3700000E+00, 4.3700000E+00, 3.0971277E-01, 0.0000000E+00, 4.5000000E+01
* ELEM  1403  line segment
 1, 0, 693
*
  4.6470155E+00, 4.6470155E+00, -5.8015523E-02, -5.8015523E-02
* ELEM  1404  line segment
 1, 0, 694
*
  4.5890000E+00, 4.5890000E+00, -4.3800000E-01, -4.3800000E-01
* ELEM  1405  line segment
 1, 696, 695
*
  6.7729180E+00, 3.8942020E+00, -7.2156848E-02, -1.7420204E-01
* ELEM  1406  circular arc
 3, 707, 695
*
  6.9700000E+00, 4.3700000E+00, 5.1500000E-01, 2.4750000E+02, 4.5000000E+01
* ELEM  1407  line segment
 1, 695, 699
*
  7.1670820E+00, 3.8942020E+00, 7.2156848E-02, -1.7420204E-01
* ELEM  1408  line segment
 1, 697, 696
*
  6.3200000E+00, 4.1007612E+00, 3.8076118E-01, -3.8076118E-01
* ELEM  1409  line segment
 1, 700, 696
*
  6.4942020E+00, 4.1729180E+00, -1.7420204E-01, -7.2156848E-02
* ELEM  1410  circular arc
 3, 707, 696
*
  6.9700000E+00, 4.3700000E+00, 5.1500000E-01, 2.0250000E+02, 4.5000000E+01
* ELEM  1411  line segment
 1, 698, 699
*
  7.2392388E+00, 3.7200000E+00, 3.8076118E-01, 3.8076118E-01
* ELEM  1412  circular arc
 3, 707, 699
*
  6.9700000E+00, 4.3700000E+00, 5.1500000E-01, 2.9250000E+02, 4.5000000E+01
* ELEM  1413  line segment
 1, 699, 701
*
  7.4457980E+00, 4.1729180E+00, 1.7420204E-01, -7.2156848E-02
* ELEM  1414  line segment
 1, 702, 700
*
  6.4942020E+00, 4.5670820E+00, -1.7420204E-01, 7.2156848E-02
* ELEM  1415  circular arc
 3, 707, 700
*
  6.9700000E+00, 4.3700000E+00, 5.1500000E-01, 1.5750000E+02, 4.5000000E+01
* ELEM  1416  circular arc
 3, 707, 701
*
  6.9700000E+00, 4.3700000E+00, 5.1500000E-01, 3.3750000E+02, 2.2500000E+01
* ELEM  1417  circular arc
 3, 707, 701
*
  6.9700000E+00, 4.3700000E+00, 5.1500000E-01, 0.0000000E+00, 2.2500000E+01
* ELEM  1418  line segment
 1, 701, 705
*
  7.4457980E+00, 4.5670820E+00, 1.7420204E-01, 7.2156848E-02
* ELEM  1419  line segment
 1, 703, 702
*
  6.7007612E+00, 5.0200000E+00, -3.8076118E-01, -3.8076118E-01
* ELEM  1420  line segment
 1, 706, 702
*
  6.7729180E+00, 4.8457980E+00, -7.2156848E-02, 1.7420204E-01
* ELEM  1421  circular arc
 3, 707, 702
*
  6.9700000E+00, 4.3700000E+00, 5.1500000E-01, 1.1250000E+02, 4.5000000E+01
* ELEM  1422  line segment
 1, 704, 705
*
  7.6200000E+00, 4.6392388E+00, -3.8076118E-01, 3.8076118E-01
* ELEM  1423  circular arc
 3, 707, 705
*
  6.9700000E+00, 4.3700000E+00, 5.1500000E-01, 2.2500000E+01, 4.5000000E+01
* ELEM  1424  line segment
 1, 705, 706
*
  7.1670820E+00, 4.8457980E+00, 7.2156848E-02, 1.7420204E-01
* ELEM  1425  circular arc
 3, 707, 706
*
  6.9700000E+00, 4.3700000E+00, 5.1500000E-01, 6.7500000E+01, 4.5000000E+01
* ELEM  1426  circle
 2, 708, 707
*
  6.9700000E+00, 4.3700000E+00, 4.4700000E-01, 0.0000000E+00
* ELEM  1427  circle
 2, 709, 708
*
  6.9700000E+00, 4.3700000E+00, 4.3800000E-01, 0.0000000E+00
* ELEM  1428  circle
 2, 710, 709
*
  6.9700000E+00, 4.3700000E+00, 4.2690959E-01, 0.0000000E+00
* ELEM  1429  circle
 2, 711, 710
*
  6.9700000E+00, 4.3700000E+00, 3.9175911E-01, 0.0000000E+00
* ELEM  1430  circle
 2, 712, 711
*
  6.9700000E+00, 4.3700000E+00, 3.3927334E-01, 0.0000000E+00
* ELEM  1431  circle
 2, 713, 712
*
  6.9700000E+00, 4.3700000E+00, 2.7701552E-01, 0.0000000E+00
* ELEM  1432  circle
 2, 714, 713
*
  6.9700000E+00, 4.3700000E+00, 1.9587955E-01, 0.0000000E+00
* ELEM  1433  line segment
 1, 716, 715
*
  1.3272918E+01, 3.8942020E+00, -7.2156848E-02, -1.7420204E-01
* ELEM  1434  circular arc
 3, 727, 715
*
  1.3470000E+01, 4.3700000E+00, 5.1500000E-01, 2.4750000E+02, 4.5000000E+01
* ELEM  1435  line segment
 1, 715, 719
*
  1.3667082E+01, 3.8942020E+00, 7.2156848E-02, -1.7420204E-01
* ELEM  1436  line segment
 1, 717, 716
*
  1.2820000E+01, 4.1007612E+00, 3.8076118E-01, -3.8076118E-01
* ELEM  1437  line segment
 1, 720, 716
*
  1.2994202E+01, 4.1729180E+00, -1.7420204E-01, -7.2156848E-02
* ELEM  1438  circular arc
 3, 727, 716
*
  1.3470000E+01, 4.3700000E+00, 5.1500000E-01, 2.0250000E+02, 4.5000000E+01
* ELEM  1439  line segment
 1, 718, 719
*
  1.3739239E+01, 3.7200000E+00, 3.8076118E-01, 3.8076118E-01
* ELEM  1440  line segment
 1, 909, 718
*
  1.4120000E+01, 3.7200000E+00, 0.0000000E+00, 3.8076118E-01
* ELEM  1441  circular arc
 3, 727, 719
*
  1.3470000E+01, 4.3700000E+00, 5.1500000E-01, 2.9250000E+02, 4.5000000E+01
* ELEM  1442  line segment
 1, 719, 721
*
  1.3945798E+01, 4.1729180E+00, 1.7420204E-01, -7.2156848E-02
* ELEM  1443  line segment
 1, 722, 720
*
  1.2994202E+01, 4.5670820E+00, -1.7420204E-01, 7.2156848E-02
* ELEM  1444  circular arc
 3, 727, 720
*
  1.3470000E+01, 4.3700000E+00, 5.1500000E-01, 1.5750000E+02, 4.5000000E+01
* ELEM  1445  circular arc
 3, 727, 721
*
  1.3470000E+01, 4.3700000E+00, 5.1500000E-01, 3.3750000E+02, 2.2500000E+01
* ELEM  1446  circular arc
 3, 727, 721
*
  1.3470000E+01, 4.3700000E+00, 5.1500000E-01, 0.0000000E+00, 2.2500000E+01
* ELEM  1447  line segment
 1, 721, 725
*
  1.3945798E+01, 4.5670820E+00, 1.7420204E-01, 7.2156848E-02
* ELEM  1448  line segment
 1, 909, 721
*
  1.4120000E+01, 4.1007612E+00, 0.0000000E+00, 5.3847763E-01
* ELEM  1449  line segment
 1, 723, 722
*
  1.3200761E+01, 5.0200000E+00, -3.8076118E-01, -3.8076118E-01
* ELEM  1450  line segment
 1, 726, 722
*
  1.3272918E+01, 4.8457980E+00, -7.2156848E-02, 1.7420204E-01
* ELEM  1451  circular arc
 3, 727, 722
*
  1.3470000E+01, 4.3700000E+00, 5.1500000E-01, 1.1250000E+02, 4.5000000E+01
* ELEM  1452  line segment
 1, 724, 725
*
  1.4120000E+01, 4.6392388E+00, -3.8076118E-01, 3.8076118E-01
* ELEM  1453  line segment
 1, 909, 724
*
  1.4120000E+01, 4.6392388E+00, 0.0000000E+00, 3.8076118E-01
* ELEM  1454  circular arc
 3, 727, 725
*
  1.3470000E+01, 4.3700000E+00, 5.1500000E-01, 2.2500000E+01, 4.5000000E+01
* ELEM  1455  line segment
 1, 725, 726
*
  1.3667082E+01, 4.8457980E+00, 7.2156848E-02, 1.7420204E-01
* ELEM  1456  circular arc
 3, 727, 726
*
  1.3470000E+01, 4.3700000E+00, 5.1500000E-01, 6.7500000E+01, 4.5000000E+01
* ELEM  1457  circle
 2, 728, 727
*
  1.3470000E+01, 4.3700000E+00, 4.4700000E-01, 0.0000000E+00
* ELEM  1458  circle
 2, 729, 728
*
  1.3470000E+01, 4.3700000E+00, 4.3800000E-01, 0.0000000E+00
* ELEM  1459  circle
 2, 730, 729
*
  1.3470000E+01, 4.3700000E+00, 4.2690959E-01, 0.0000000E+00
* ELEM  1460  circle
 2, 731, 730
*
  1.3470000E+01, 4.3700000E+00, 3.9175911E-01, 0.0000000E+00
* ELEM  1461  circle
 2, 732, 731
*
  1.3470000E+01, 4.3700000E+00, 3.0971277E-01, 0.0000000E+00
* ELEM  1462  circular arc
 3, 741, 733
*
  5.6700000E+00, 5.6700000E+00, 5.1500000E-01, 2.2500000E+02, 2.2500000E+01
* ELEM  1463  line segment
 1, 733, 735
*
  5.4729180E+00, 5.1942020E+00, -7.2156848E-02, -1.7420204E-01
* ELEM  1464  line segment
 1, 734, 733
*
  5.2103806E+00, 5.2103806E+00, 1.9038059E-01, -1.9038059E-01
* ELEM  1465  line segment
 1, 0, 733
*
  5.3058400E+00, 5.3058400E+00, -9.5459415E-02, -9.5459415E-02
* ELEM  1466  line segment
 1, 0, 734
*
  5.2103806E+00, 5.2103806E+00, -1.9038059E-01, -1.9038059E-01
* ELEM  1467  circular arc
 3, 741, 735
*
  5.6700000E+00, 5.6700000E+00, 5.1500000E-01, 2.4750000E+02, 4.5000000E+01
* ELEM  1468  line segment
 1, 735, 736
*
  5.8670820E+00, 5.1942020E+00, 7.2156848E-02, -1.7420204E-01
* ELEM  1469  circular arc
 3, 741, 736
*
  5.6700000E+00, 5.6700000E+00, 5.1500000E-01, 2.9250000E+02, 4.5000000E+01
* ELEM  1470  line segment
 1, 736, 738
*
  6.1457980E+00, 5.4729180E+00, 1.7420204E-01, -7.2156848E-02
* ELEM  1471  line segment
 1, 737, 736
*
  5.9392388E+00, 5.0200000E+00, 3.8076118E-01, 3.8076118E-01
* ELEM  1472  circular arc
 3, 741, 738
*
  5.6700000E+00, 5.6700000E+00, 5.1500000E-01, 3.3750000E+02, 2.2500000E+01
* ELEM  1473  circular arc
 3, 741, 738
*
  5.6700000E+00, 5.6700000E+00, 5.1500000E-01, 0.0000000E+00, 2.2500000E+01
* ELEM  1474  line segment
 1, 738, 740
*
  6.1457980E+00, 5.8670820E+00, 1.7420204E-01, 7.2156848E-02
* ELEM  1475  line segment
 1, 739, 740
*
  6.3200000E+00, 5.9392388E+00, -1.9038059E-01, 1.9038059E-01
* ELEM  1476  line segment
 1, 0, 739
*
  6.3200000E+00, 6.3200000E+00, -1.9038059E-01, -1.9038059E-01
* ELEM  1477  circular arc
 3, 741, 740
*
  5.6700000E+00, 5.6700000E+00, 5.1500000E-01, 2.2500000E+01, 2.2500000E+01
* ELEM  1478  line segment
 1, 0, 740
*
  6.1296194E+00, 6.1296194E+00, -9.5459415E-02, -9.5459415E-02
* ELEM  1479  line segment
 1, 0, 741
*
  5.3539233E+00, 5.3539233E+00, -4.8083261E-02, -4.8083261E-02
* ELEM  1480  circular arc
 3, 742, 741
*
  5.6700000E+00, 5.6700000E+00, 4.4700000E-01, 2.2500000E+02, 1.3500000E+02
* ELEM  1481  circular arc
 3, 742, 741
*
  5.6700000E+00, 5.6700000E+00, 4.4700000E-01, 0.0000000E+00, 4.5000000E+01
* ELEM  1482  line segment
 1, 0, 741
*
  6.0341600E+00, 6.0341600E+00, -4.8083261E-02, -4.8083261E-02
* ELEM  1483  line segment
 1, 0, 742
*
  5.3602872E+00, 5.3602872E+00, -6.3639610E-03, -6.3639610E-03
* ELEM  1484  circular arc
 3, 743, 742
*
  5.6700000E+00, 5.6700000E+00, 4.3800000E-01, 2.2500000E+02, 1.3500000E+02
* ELEM  1485  circular arc
 3, 743, 742
*
  5.6700000E+00, 5.6700000E+00, 4.3800000E-01, 0.0000000E+00, 4.5000000E+01
* ELEM  1486  line segment
 1, 0, 742
*
  5.9860767E+00, 5.9860767E+00, -6.3639610E-03, -6.3639610E-03
* ELEM  1487  line segment
 1, 0, 743
*
  5.3681293E+00, 5.3681293E+00, -7.8421025E-03, -7.8421025E-03
* ELEM  1488  circular arc
 3, 744, 743
*
  5.6700000E+00, 5.6700000E+00, 4.2690959E-01, 2.2500000E+02, 1.3500000E+02
* ELEM  1489  circular arc
 3, 744, 743
*
  5.6700000E+00, 5.6700000E+00, 4.2690959E-01, 0.0000000E+00, 4.5000000E+01
* ELEM  1490  line segment
 1, 0, 743
*
  5.9797128E+00, 5.9797128E+00, -7.8421025E-03, -7.8421025E-03
* ELEM  1491  line segment
 1, 0, 744
*
  5.3929845E+00, 5.3929845E+00, -2.4855145E-02, -2.4855145E-02
* ELEM  1492  circular arc
 3, 745, 744
*
  5.6700000E+00, 5.6700000E+00, 3.9175911E-01, 2.2500000E+02, 1.3500000E+02
* ELEM  1493  circular arc
 3, 745, 744
*
  5.6700000E+00, 5.6700000E+00, 3.9175911E-01, 0.0000000E+00, 4.5000000E+01
* ELEM  1494  line segment
 1, 0, 744
*
  5.9718707E+00, 5.9718707E+00, -2.4855145E-02, -2.4855145E-02
* ELEM  1495  line segment
 1, 0, 745
*
  5.4300975E+00, 5.4300975E+00, -3.7113043E-02, -3.7113043E-02
* ELEM  1496  circular arc
 3, 746, 745
*
  5.6700000E+00, 5.6700000E+00, 3.3927334E-01, 2.2500000E+02, 1.3500000E+02
* ELEM  1497  circular arc
 3, 746, 745
*
  5.6700000E+00, 5.6700000E+00, 3.3927334E-01, 0.0000000E+00, 4.5000000E+01
* ELEM  1498  line segment
 1, 0, 745
*
  5.9470155E+00, 5.9470155E+00, -3.7113043E-02, -3.7113043E-02
* ELEM  1499  line segment
 1, 0, 746
*
  5.4741204E+00, 5.4741204E+00, -4.4022925E-02, -4.4022925E-02
* ELEM  1500  circular arc
 3, 747, 746
*
  5.6700000E+00, 5.6700000E+00, 2.7701552E-01, 2.2500000E+02, 1.3500000E+02
* ELEM  1501  circular arc
 3, 747, 746
*
  5.6700000E+00, 5.6700000E+00, 2.7701552E-01, 0.0000000E+00, 4.5000000E+01
* ELEM  1502  line segment
 1, 0, 746
*
  5.9099025E+00, 5.9099025E+00, -4.4022925E-02, -4.4022925E-02
* ELEM  1503  line segment
 1, 0, 747
*
  5.5314922E+00, 5.5314922E+00, -5.7371793E-02, -5.7371793E-02
* ELEM  1504  circular arc
 3, 748, 747
*
  5.6700000E+00, 5.6700000E+00, 1.9587955E-01, 2.2500000E+02, 1.3500000E+02
* ELEM  1505  circular arc
 3, 748, 747
*
  5.6700000E+00, 5.6700000E+00, 1.9587955E-01, 0.0000000E+00, 4.5000000E+01
* ELEM  1506  line segment
 1, 0, 747
*
  5.8658796E+00, 5.8658796E+00, -5.7371793E-02, -5.7371793E-02
* ELEM  1507  line segment
 1, 0, 748
*
  5.8085078E+00, 5.8085078E+00, -2.7701552E-01, -2.7701552E-01
* ELEM  1508  line segment
 1, 749, 751
*
  7.6200000E+00, 5.7815224E+00, 7.6152237E-01, -7.6152237E-01
* ELEM  1509  line segment
 1, 751, 750
*
  8.4435591E+00, 5.1697700E+00, -6.2036758E-02, -1.4976998E-01
* ELEM  1510  circular arc
 3, 761, 750
*
  8.9200000E+00, 6.3200000E+00, 1.2450000E+00, 2.4750000E+02, 4.5000000E+01
* ELEM  1511  line segment
 1, 750, 753
*
  9.3964409E+00, 5.1697700E+00, 6.2036758E-02, -1.4976998E-01
* ELEM  1512  line segment
 1, 752, 751
*
  7.7697700E+00, 5.8435591E+00, -1.4976998E-01, -6.2036758E-02
* ELEM  1513  circular arc
 3, 761, 751
*
  8.9200000E+00, 6.3200000E+00, 1.2450000E+00, 2.0250000E+02, 4.5000000E+01
* ELEM  1514  line segment
 1, 833, 752
*
  7.6200000E+00, 6.7007612E+00, 0.0000000E+00, -3.8076118E-01
* ELEM  1515  line segment
 1, 834, 752
*
  7.6200000E+00, 6.8584776E+00, 0.0000000E+00, -1.5771645E-01
* ELEM  1516  line segment
 1, 754, 752
*
  7.7697700E+00, 6.7964409E+00, -1.4976998E-01, 6.2036758E-02
* ELEM  1517  circular arc
 3, 761, 752
*
  8.9200000E+00, 6.3200000E+00, 1.2450000E+00, 1.5750000E+02, 4.5000000E+01
* ELEM  1518  circular arc
 3, 761, 753
*
  8.9200000E+00, 6.3200000E+00, 1.2450000E+00, 2.9250000E+02, 4.5000000E+01
* ELEM  1519  line segment
 1, 753, 755
*
  1.0070230E+01, 5.8435591E+00, 1.4976998E-01, -6.2036758E-02
* ELEM  1520  line segment
 1, 756, 753
*
  9.4584776E+00, 5.0200000E+00, 7.6152237E-01, 7.6152237E-01
* ELEM  1521  line segment
 1, 758, 754
*
  8.3815224E+00, 7.6200000E+00, -7.6152237E-01, -7.6152237E-01
* ELEM  1522  line segment
 1, 757, 754
*
  8.4435591E+00, 7.4702300E+00, -6.2036758E-02, 1.4976998E-01
* ELEM  1523  circular arc
 3, 761, 754
*
  8.9200000E+00, 6.3200000E+00, 1.2450000E+00, 1.1250000E+02, 4.5000000E+01
* ELEM  1524  circular arc
 3, 761, 755
*
  8.9200000E+00, 6.3200000E+00, 1.2450000E+00, 3.3750000E+02, 2.2500000E+01
* ELEM  1525  circular arc
 3, 761, 755
*
  8.9200000E+00, 6.3200000E+00, 1.2450000E+00, 0.0000000E+00, 2.2500000E+01
* ELEM  1526  line segment
 1, 755, 759
*
  1.0070230E+01, 6.7964409E+00, 1.4976998E-01, 6.2036758E-02
* ELEM  1527  line segment
 1, 841, 757
*
  8.5392388E+00, 7.6200000E+00, -1.5771645E-01, 0.0000000E+00
* ELEM  1528  line segment
 1, 844, 757
*
  8.9200000E+00, 7.6200000E+00, -3.8076118E-01, 0.0000000E+00
* ELEM  1529  line segment
 1, 759, 757
*
  9.3964409E+00, 7.4702300E+00, 6.2036758E-02, 1.4976998E-01
* ELEM  1530  circular arc
 3, 761, 757
*
  8.9200000E+00, 6.3200000E+00, 1.2450000E+00, 6.7500000E+01, 4.5000000E+01
* ELEM  1531  line segment
 1, 834, 758
*
  7.6200000E+00, 7.2392388E+00, 0.0000000E+00, -3.8076118E-01
* ELEM  1532  line segment
 1, 836, 758
*
  7.6200000E+00, 7.6200000E+00, 0.0000000E+00, -3.8076118E-01
* ELEM  1533  line segment
 1, 840, 758
*
  8.0007612E+00, 7.6200000E+00, -3.8076118E-01, 0.0000000E+00
* ELEM  1534  line segment
 1, 841, 758
*
  8.3815224E+00, 7.6200000E+00, -3.8076118E-01, 0.0000000E+00
* ELEM  1535  line segment
 1, 760, 759
*
  1.0220000E+01, 6.8584776E+00, -7.6152237E-01, 7.6152237E-01
* ELEM  1536  circular arc
 3, 761, 759
*
  8.9200000E+00, 6.3200000E+00, 1.2450000E+00, 2.2500000E+01, 4.5000000E+01
* ELEM  1537  circle
 2, 762, 761
*
  8.9200000E+00, 6.3200000E+00, 1.1700000E+00, 0.0000000E+00
* ELEM  1538  circular arc
 3, 771, 763
*
  3.0700000E+00, 3.0700000E+00, 5.1500000E-01, 2.2500000E+02, 2.2500000E+01
* ELEM  1539  line segment
 1, 763, 765
*
  2.8729180E+00, 2.5942020E+00, -7.2156848E-02, -1.7420204E-01
* ELEM  1540  line segment
 1, 764, 763
*
  2.6103806E+00, 2.6103806E+00, 1.9038059E-01, -1.9038059E-01
* ELEM  1541  line segment
 1, 0, 763
*
  2.7058400E+00, 2.7058400E+00, -9.5459415E-02, -9.5459415E-02
* ELEM  1542  line segment
 1, 0, 764
*
  2.6103806E+00, 2.6103806E+00, -1.9038059E-01, -1.9038059E-01
* ELEM  1543  circular arc
 3, 771, 765
*
  3.0700000E+00, 3.0700000E+00, 5.1500000E-01, 2.4750000E+02, 4.5000000E+01
* ELEM  1544  line segment
 1, 765, 766
*
  3.2670820E+00, 2.5942020E+00, 7.2156848E-02, -1.7420204E-01
* ELEM  1545  circular arc
 3, 771, 766
*
  3.0700000E+00, 3.0700000E+00, 5.1500000E-01, 2.9250000E+02, 4.5000000E+01
* ELEM  1546  line segment
 1, 766, 768
*
  3.5457980E+00, 2.8729180E+00, 1.7420204E-01, -7.2156848E-02
* ELEM  1547  line segment
 1, 767, 766
*
  3.3392388E+00, 2.4200000E+00, 3.8076118E-01, 3.8076118E-01
* ELEM  1548  circular arc
 3, 771, 768
*
  3.0700000E+00, 3.0700000E+00, 5.1500000E-01, 3.3750000E+02, 2.2500000E+01
* ELEM  1549  circular arc
 3, 771, 768
*
  3.0700000E+00, 3.0700000E+00, 5.1500000E-01, 0.0000000E+00, 2.2500000E+01
* ELEM  1550  line segment
 1, 768, 770
*
  3.5457980E+00, 3.2670820E+00, 1.7420204E-01, 7.2156848E-02
* ELEM  1551  line segment
 1, 769, 770
*
  3.7200000E+00, 3.3392388E+00, -1.9038059E-01, 1.9038059E-01
* ELEM  1552  line segment
 1, 0, 769
*
  3.7200000E+00, 3.7200000E+00, -1.9038059E-01, -1.9038059E-01
* ELEM  1553  circular arc
 3, 771, 770
*
  3.0700000E+00, 3.0700000E+00, 5.1500000E-01, 2.2500000E+01, 2.2500000E+01
* ELEM  1554  line segment
 1, 0, 770
*
  3.5296194E+00, 3.5296194E+00, -9.5459415E-02, -9.5459415E-02
* ELEM  1555  line segment
 1, 0, 771
*
  2.8879200E+00, 2.8879200E+00, -1.8208000E-01, -1.8208000E-01
* ELEM  1556  circular arc
 3, 772, 771
*
  3.0700000E+00, 3.0700000E+00, 2.5750000E-01, 2.2500000E+02, 1.3500000E+02
* ELEM  1557  circular arc
 3, 772, 771
*
  3.0700000E+00, 3.0700000E+00, 2.5750000E-01, 0.0000000E+00, 4.5000000E+01
* ELEM  1558  line segment
 1, 0, 771
*
  3.4341600E+00, 3.4341600E+00, -1.8208000E-01, -1.8208000E-01
* ELEM  1559  line segment
 1, 0, 772
*
  3.2520800E+00, 3.2520800E+00, -3.6415999E-01, -3.6415999E-01
* ELEM  1560  line segment
 1, 774, 773
*
  5.4729180E+00, 2.5942020E+00, -7.2156848E-02, -1.7420204E-01
* ELEM  1561  circular arc
 3, 785, 773
*
  5.6700000E+00, 3.0700000E+00, 5.1500000E-01, 2.4750000E+02, 4.5000000E+01
* ELEM  1562  line segment
 1, 773, 777
*
  5.8670820E+00, 2.5942020E+00, 7.2156848E-02, -1.7420204E-01
* ELEM  1563  line segment
 1, 775, 774
*
  5.0200000E+00, 2.8007612E+00, 3.8076118E-01, -3.8076118E-01
* ELEM  1564  line segment
 1, 778, 774
*
  5.1942020E+00, 2.8729180E+00, -1.7420204E-01, -7.2156848E-02
* ELEM  1565  circular arc
 3, 785, 774
*
  5.6700000E+00, 3.0700000E+00, 5.1500000E-01, 2.0250000E+02, 4.5000000E+01
* ELEM  1566  line segment
 1, 776, 777
*
  5.9392388E+00, 2.4200000E+00, 3.8076118E-01, 3.8076118E-01
* ELEM  1567  circular arc
 3, 785, 777
*
  5.6700000E+00, 3.0700000E+00, 5.1500000E-01, 2.9250000E+02, 4.5000000E+01
* ELEM  1568  line segment
 1, 777, 779
*
  6.1457980E+00, 2.8729180E+00, 1.7420204E-01, -7.2156848E-02
* ELEM  1569  line segment
 1, 780, 778
*
  5.1942020E+00, 3.2670820E+00, -1.7420204E-01, 7.2156848E-02
* ELEM  1570  circular arc
 3, 785, 778
*
  5.6700000E+00, 3.0700000E+00, 5.1500000E-01, 1.5750000E+02, 4.5000000E+01
* ELEM  1571  circular arc
 3, 785, 779
*
  5.6700000E+00, 3.0700000E+00, 5.1500000E-01, 3.3750000E+02, 2.2500000E+01
* ELEM  1572  circular arc
 3, 785, 779
*
  5.6700000E+00, 3.0700000E+00, 5.1500000E-01, 0.0000000E+00, 2.2500000E+01
* ELEM  1573  line segment
 1, 779, 783
*
  6.1457980E+00, 3.2670820E+00, 1.7420204E-01, 7.2156848E-02
* ELEM  1574  line segment
 1, 781, 780
*
  5.4007612E+00, 3.7200000E+00, -3.8076118E-01, -3.8076118E-01
* ELEM  1575  line segment
 1, 784, 780
*
  5.4729180E+00, 3.5457980E+00, -7.2156848E-02, 1.7420204E-01
* ELEM  1576  circular arc
 3, 785, 780
*
  5.6700000E+00, 3.0700000E+00, 5.1500000E-01, 1.1250000E+02, 4.5000000E+01
* ELEM  1577  line segment
 1, 782, 783
*
  6.3200000E+00, 3.3392388E+00, -3.8076118E-01, 3.8076118E-01
* ELEM  1578  circular arc
 3, 785, 783
*
  5.6700000E+00, 3.0700000E+00, 5.1500000E-01, 2.2500000E+01, 4.5000000E+01
* ELEM  1579  line segment
 1, 783, 784
*
  5.8670820E+00, 3.5457980E+00, 7.2156848E-02, 1.7420204E-01
* ELEM  1580  circular arc
 3, 785, 784
*
  5.6700000E+00, 3.0700000E+00, 5.1500000E-01, 6.7500000E+01, 4.5000000E+01
* ELEM  1581  circle
 2, 786, 785
*
  5.6700000E+00, 3.0700000E+00, 2.5750000E-01, 0.0000000E+00
* ELEM  1582  line segment
 1, 788, 787
*
  9.3729180E+00, 2.5942020E+00, -7.2156848E-02, -1.7420204E-01
* ELEM  1583  circular arc
 3, 799, 787
*
  9.5700000E+00, 3.0700000E+00, 5.1500000E-01, 2.4750000E+02, 4.5000000E+01
* ELEM  1584  line segment
 1, 787, 791
*
  9.7670820E+00, 2.5942020E+00, 7.2156848E-02, -1.7420204E-01
* ELEM  1585  line segment
 1, 789, 788
*
  8.9200000E+00, 2.8007612E+00, 3.8076118E-01, -3.8076118E-01
* ELEM  1586  line segment
 1, 792, 788
*
  9.0942020E+00, 2.8729180E+00, -1.7420204E-01, -7.2156848E-02
* ELEM  1587  circular arc
 3, 799, 788
*
  9.5700000E+00, 3.0700000E+00, 5.1500000E-01, 2.0250000E+02, 4.5000000E+01
* ELEM  1588  line segment
 1, 790, 791
*
  9.8392388E+00, 2.4200000E+00, 3.8076118E-01, 3.8076118E-01
* ELEM  1589  circular arc
 3, 799, 791
*
  9.5700000E+00, 3.0700000E+00, 5.1500000E-01, 2.9250000E+02, 4.5000000E+01
* ELEM  1590  line segment
 1, 791, 793
*
  1.0045798E+01, 2.8729180E+00, 1.7420204E-01, -7.2156848E-02
* ELEM  1591  line segment
 1, 794, 792
*
  9.0942020E+00, 3.2670820E+00, -1.7420204E-01, 7.2156848E-02
* ELEM  1592  circular arc
 3, 799, 792
*
  9.5700000E+00, 3.0700000E+00, 5.1500000E-01, 1.5750000E+02, 4.5000000E+01
* ELEM  1593  circular arc
 3, 799, 793
*
  9.5700000E+00, 3.0700000E+00, 5.1500000E-01, 3.3750000E+02, 2.2500000E+01
* ELEM  1594  circular arc
 3, 799, 793
*
  9.5700000E+00, 3.0700000E+00, 5.1500000E-01, 0.0000000E+00, 2.2500000E+01
* ELEM  1595  line segment
 1, 793, 797
*
  1.0045798E+01, 3.2670820E+00, 1.7420204E-01, 7.2156848E-02
* ELEM  1596  line segment
 1, 795, 794
*
  9.3007612E+00, 3.7200000E+00, -3.8076118E-01, -3.8076118E-01
* ELEM  1597  line segment
 1, 798, 794
*
  9.3729180E+00, 3.5457980E+00, -7.2156848E-02, 1.7420204E-01
* ELEM  1598  circular arc
 3, 799, 794
*
  9.5700000E+00, 3.0700000E+00, 5.1500000E-01, 1.1250000E+02, 4.5000000E+01
* ELEM  1599  line segment
 1, 796, 797
*
  1.0220000E+01, 3.3392388E+00, -3.8076118E-01, 3.8076118E-01
* ELEM  1600  circular arc
 3, 799, 797
*
  9.5700000E+00, 3.0700000E+00, 5.1500000E-01, 2.2500000E+01, 4.5000000E+01
* ELEM  1601  line segment
 1, 797, 798
*
  9.7670820E+00, 3.5457980E+00, 7.2156848E-02, 1.7420204E-01
* ELEM  1602  circular arc
 3, 799, 798
*
  9.5700000E+00, 3.0700000E+00, 5.1500000E-01, 6.7500000E+01, 4.5000000E+01
* ELEM  1603  circle
 2, 800, 799
*
  9.5700000E+00, 3.0700000E+00, 2.5750000E-01, 0.0000000E+00
* ELEM  1604  line segment
 1, 802, 801
*
  1.1972918E+01, 2.5942020E+00, -7.2156848E-02, -1.7420204E-01
* ELEM  1605  circular arc
 3, 813, 801
*
  1.2170000E+01, 3.0700000E+00, 5.1500000E-01, 2.4750000E+02, 4.5000000E+01
* ELEM  1606  line segment
 1, 801, 805
*
  1.2367082E+01, 2.5942020E+00, 7.2156848E-02, -1.7420204E-01
* ELEM  1607  line segment
 1, 803, 802
*
  1.1520000E+01, 2.8007612E+00, 3.8076118E-01, -3.8076118E-01
* ELEM  1608  line segment
 1, 806, 802
*
  1.1694202E+01, 2.8729180E+00, -1.7420204E-01, -7.2156848E-02
* ELEM  1609  circular arc
 3, 813, 802
*
  1.2170000E+01, 3.0700000E+00, 5.1500000E-01, 2.0250000E+02, 4.5000000E+01
* ELEM  1610  line segment
 1, 804, 805
*
  1.2439239E+01, 2.4200000E+00, 3.8076118E-01, 3.8076118E-01
* ELEM  1611  circular arc
 3, 813, 805
*
  1.2170000E+01, 3.0700000E+00, 5.1500000E-01, 2.9250000E+02, 4.5000000E+01
* ELEM  1612  line segment
 1, 805, 807
*
  1.2645798E+01, 2.8729180E+00, 1.7420204E-01, -7.2156848E-02
* ELEM  1613  line segment
 1, 808, 806
*
  1.1694202E+01, 3.2670820E+00, -1.7420204E-01, 7.2156848E-02
* ELEM  1614  circular arc
 3, 813, 806
*
  1.2170000E+01, 3.0700000E+00, 5.1500000E-01, 1.5750000E+02, 4.5000000E+01
* ELEM  1615  circular arc
 3, 813, 807
*
  1.2170000E+01, 3.0700000E+00, 5.1500000E-01, 3.3750000E+02, 2.2500000E+01
* ELEM  1616  circular arc
 3, 813, 807
*
  1.2170000E+01, 3.0700000E+00, 5.1500000E-01, 0.0000000E+00, 2.2500000E+01
* ELEM  1617  line segment
 1, 807, 811
*
  1.2645798E+01, 3.2670820E+00, 1.7420204E-01, 7.2156848E-02
* ELEM  1618  line segment
 1, 809, 808
*
  1.1900761E+01, 3.7200000E+00, -3.8076118E-01, -3.8076118E-01
* ELEM  1619  line segment
 1, 812, 808
*
  1.1972918E+01, 3.5457980E+00, -7.2156848E-02, 1.7420204E-01
* ELEM  1620  circular arc
 3, 813, 808
*
  1.2170000E+01, 3.0700000E+00, 5.1500000E-01, 1.1250000E+02, 4.5000000E+01
* ELEM  1621  line segment
 1, 810, 811
*
  1.2820000E+01, 3.3392388E+00, -3.8076118E-01, 3.8076118E-01
* ELEM  1622  circular arc
 3, 813, 811
*
  1.2170000E+01, 3.0700000E+00, 5.1500000E-01, 2.2500000E+01, 4.5000000E+01
* ELEM  1623  line segment
 1, 811, 812
*
  1.2367082E+01, 3.5457980E+00, 7.2156848E-02, 1.7420204E-01
* ELEM  1624  circular arc
 3, 813, 812
*
  1.2170000E+01, 3.0700000E+00, 5.1500000E-01, 6.7500000E+01, 4.5000000E+01
* ELEM  1625  circle
 2, 814, 813
*
  1.2170000E+01, 3.0700000E+00, 2.5750000E-01, 0.0000000E+00
* ELEM  1626  line segment
 1, 816, 815
*
  1.1972918E+01, 5.1942020E+00, -7.2156848E-02, -1.7420204E-01
* ELEM  1627  circular arc
 3, 827, 815
*
  1.2170000E+01, 5.6700000E+00, 5.1500000E-01, 2.4750000E+02, 4.5000000E+01
* ELEM  1628  line segment
 1, 815, 819
*
  1.2367082E+01, 5.1942020E+00, 7.2156848E-02, -1.7420204E-01
* ELEM  1629  line segment
 1, 817, 816
*
  1.1520000E+01, 5.4007612E+00, 3.8076118E-01, -3.8076118E-01
* ELEM  1630  line segment
 1, 820, 816
*
  1.1694202E+01, 5.4729180E+00, -1.7420204E-01, -7.2156848E-02
* ELEM  1631  circular arc
 3, 827, 816
*
  1.2170000E+01, 5.6700000E+00, 5.1500000E-01, 2.0250000E+02, 4.5000000E+01
* ELEM  1632  line segment
 1, 818, 819
*
  1.2439239E+01, 5.0200000E+00, 3.8076118E-01, 3.8076118E-01
* ELEM  1633  circular arc
 3, 827, 819
*
  1.2170000E+01, 5.6700000E+00, 5.1500000E-01, 2.9250000E+02, 4.5000000E+01
* ELEM  1634  line segment
 1, 819, 821
*
  1.2645798E+01, 5.4729180E+00, 1.7420204E-01, -7.2156848E-02
* ELEM  1635  line segment
 1, 822, 820
*
  1.1694202E+01, 5.8670820E+00, -1.7420204E-01, 7.2156848E-02
* ELEM  1636  circular arc
 3, 827, 820
*
  1.2170000E+01, 5.6700000E+00, 5.1500000E-01, 1.5750000E+02, 4.5000000E+01
* ELEM  1637  circular arc
 3, 827, 821
*
  1.2170000E+01, 5.6700000E+00, 5.1500000E-01, 3.3750000E+02, 2.2500000E+01
* ELEM  1638  circular arc
 3, 827, 821
*
  1.2170000E+01, 5.6700000E+00, 5.1500000E-01, 0.0000000E+00, 2.2500000E+01
* ELEM  1639  line segment
 1, 821, 825
*
  1.2645798E+01, 5.8670820E+00, 1.7420204E-01, 7.2156848E-02
* ELEM  1640  line segment
 1, 823, 822
*
  1.1900761E+01, 6.3200000E+00, -3.8076118E-01, -3.8076118E-01
* ELEM  1641  line segment
 1, 826, 822
*
  1.1972918E+01, 6.1457980E+00, -7.2156848E-02, 1.7420204E-01
* ELEM  1642  circular arc
 3, 827, 822
*
  1.2170000E+01, 5.6700000E+00, 5.1500000E-01, 1.1250000E+02, 4.5000000E+01
* ELEM  1643  line segment
 1, 824, 825
*
  1.2820000E+01, 5.9392388E+00, -3.8076118E-01, 3.8076118E-01
* ELEM  1644  circular arc
 3, 827, 825
*
  1.2170000E+01, 5.6700000E+00, 5.1500000E-01, 2.2500000E+01, 4.5000000E+01
* ELEM  1645  line segment
 1, 825, 826
*
  1.2367082E+01, 6.1457980E+00, 7.2156848E-02, 1.7420204E-01
* ELEM  1646  circular arc
 3, 827, 826
*
  1.2170000E+01, 5.6700000E+00, 5.1500000E-01, 6.7500000E+01, 4.5000000E+01
* ELEM  1647  circle
 2, 828, 827
*
  1.2170000E+01, 5.6700000E+00, 2.5750000E-01, 0.0000000E+00
* ELEM  1648  circular arc
 3, 837, 829
*
  6.9700000E+00, 6.9700000E+00, 5.1500000E-01, 2.2500000E+02, 2.2500000E+01
* ELEM  1649  line segment
 1, 829, 831
*
  6.7729180E+00, 6.4942020E+00, -7.2156848E-02, -1.7420204E-01
* ELEM  1650  line segment
 1, 830, 829
*
  6.5103806E+00, 6.5103806E+00, 1.9038059E-01, -1.9038059E-01
* ELEM  1651  line segment
 1, 0, 829
*
  6.6058400E+00, 6.6058400E+00, -9.5459415E-02, -9.5459415E-02
* ELEM  1652  line segment
 1, 0, 830
*
  6.5103806E+00, 6.5103806E+00, -1.9038059E-01, -1.9038059E-01
* ELEM  1653  circular arc
 3, 837, 831
*
  6.9700000E+00, 6.9700000E+00, 5.1500000E-01, 2.4750000E+02, 4.5000000E+01
* ELEM  1654  line segment
 1, 831, 832
*
  7.1670820E+00, 6.4942020E+00, 7.2156848E-02, -1.7420204E-01
* ELEM  1655  circular arc
 3, 837, 832
*
  6.9700000E+00, 6.9700000E+00, 5.1500000E-01, 2.9250000E+02, 4.5000000E+01
* ELEM  1656  line segment
 1, 832, 834
*
  7.4457980E+00, 6.7729180E+00, 1.7420204E-01, -7.2156848E-02
* ELEM  1657  line segment
 1, 833, 832
*
  7.2392388E+00, 6.3200000E+00, 3.8076118E-01, 3.8076118E-01
* ELEM  1658  circular arc
 3, 837, 834
*
  6.9700000E+00, 6.9700000E+00, 5.1500000E-01, 3.3750000E+02, 2.2500000E+01
* ELEM  1659  circular arc
 3, 837, 834
*
  6.9700000E+00, 6.9700000E+00, 5.1500000E-01, 0.0000000E+00, 2.2500000E+01
* ELEM  1660  line segment
 1, 834, 835
*
  7.4457980E+00, 7.1670820E+00, 1.7420204E-01, 7.2156848E-02
* ELEM  1661  circular arc
 3, 837, 835
*
  6.9700000E+00, 6.9700000E+00, 5.1500000E-01, 2.2500000E+01, 2.2500000E+01
* ELEM  1662  line segment
 1, 0, 835
*
  7.4296194E+00, 7.4296194E+00, -9.5459415E-02, -9.5459415E-02
* ELEM  1663  line segment
 1, 836, 835
*
  7.6200000E+00, 7.2392388E+00, -1.9038059E-01, 1.9038059E-01
* ELEM  1664  line segment
 1, 0, 836
*
  7.6200000E+00, 7.6200000E+00, -1.9038059E-01, -1.9038059E-01
* ELEM  1665  line segment
 1, 0, 837
*
  6.7879200E+00, 6.7879200E+00, -1.8208000E-01, -1.8208000E-01
* ELEM  1666  circular arc
 3, 838, 837
*
  6.9700000E+00, 6.9700000E+00, 2.5750000E-01, 2.2500000E+02, 1.3500000E+02
* ELEM  1667  circular arc
 3, 838, 837
*
  6.9700000E+00, 6.9700000E+00, 2.5750000E-01, 0.0000000E+00, 4.5000000E+01
* ELEM  1668  line segment
 1, 0, 837
*
  7.3341600E+00, 7.3341600E+00, -1.8208000E-01, -1.8208000E-01
* ELEM  1669  line segment
 1, 0, 838
*
  7.1520800E+00, 7.1520800E+00, -3.6415999E-01, -3.6415999E-01
* ELEM  1670  circular arc
 3, 847, 839
*
  8.2700000E+00, 8.2700000E+00, 5.1500000E-01, 2.2500000E+02, 2.2500000E+01
* ELEM  1671  line segment
 1, 839, 841
*
  8.0729180E+00, 7.7942020E+00, -7.2156848E-02, -1.7420204E-01
* ELEM  1672  line segment
 1, 840, 839
*
  7.8103806E+00, 7.8103806E+00, 1.9038059E-01, -1.9038059E-01
* ELEM  1673  line segment
 1, 0, 839
*
  7.9058400E+00, 7.9058400E+00, -9.5459415E-02, -9.5459415E-02
* ELEM  1674  line segment
 1, 0, 840
*
  7.8103806E+00, 7.8103806E+00, -1.9038059E-01, -1.9038059E-01
* ELEM  1675  circular arc
 3, 847, 841
*
  8.2700000E+00, 8.2700000E+00, 5.1500000E-01, 2.4750000E+02, 4.5000000E+01
* ELEM  1676  line segment
 1, 841, 842
*
  8.4670820E+00, 7.7942020E+00, 7.2156848E-02, -1.7420204E-01
* ELEM  1677  circular arc
 3, 847, 842
*
  8.2700000E+00, 8.2700000E+00, 5.1500000E-01, 2.9250000E+02, 4.5000000E+01
* ELEM  1678  line segment
 1, 842, 843
*
  8.7457980E+00, 8.0729180E+00, 1.7420204E-01, -7.2156848E-02
* ELEM  1679  line segment
 1, 844, 842
*
  8.5392388E+00, 7.6200000E+00, 3.8076118E-01, 3.8076118E-01
* ELEM  1680  circular arc
 3, 847, 843
*
  8.2700000E+00, 8.2700000E+00, 5.1500000E-01, 3.3750000E+02, 2.2500000E+01
* ELEM  1681  circular arc
 3, 847, 843
*
  8.2700000E+00, 8.2700000E+00, 5.1500000E-01, 0.0000000E+00, 2.2500000E+01
* ELEM  1682  line segment
 1, 843, 845
*
  8.7457980E+00, 8.4670820E+00, 1.7420204E-01, 7.2156848E-02
* ELEM  1683  circular arc
 3, 847, 845
*
  8.2700000E+00, 8.2700000E+00, 5.1500000E-01, 2.2500000E+01, 2.2500000E+01
* ELEM  1684  line segment
 1, 0, 845
*
  8.7296194E+00, 8.7296194E+00, -9.5459415E-02, -9.5459415E-02
* ELEM  1685  line segment
 1, 846, 845
*
  8.9200000E+00, 8.5392388E+00, -1.9038059E-01, 1.9038059E-01
* ELEM  1686  line segment
 1, 0, 846
*
  8.9200000E+00, 8.9200000E+00, -1.9038059E-01, -1.9038059E-01
* ELEM  1687  line segment
 1, 0, 847
*
  8.0879200E+00, 8.0879200E+00, -1.8208000E-01, -1.8208000E-01
* ELEM  1688  circular arc
 3, 848, 847
*
  8.2700000E+00, 8.2700000E+00, 2.5750000E-01, 2.2500000E+02, 1.3500000E+02
* ELEM  1689  circular arc
 3, 848, 847
*
  8.2700000E+00, 8.2700000E+00, 2.5750000E-01, 0.0000000E+00, 4.5000000E+01
* ELEM  1690  line segment
 1, 0, 847
*
  8.6341600E+00, 8.6341600E+00, -1.8208000E-01, -1.8208000E-01
* ELEM  1691  line segment
 1, 0, 848
*
  8.4520800E+00, 8.4520800E+00, -3.6415999E-01, -3.6415999E-01
* ELEM  1692  line segment
 1, 850, 849
*
  1.1972918E+01, 9.0942020E+00, -7.2156848E-02, -1.7420204E-01
* ELEM  1693  circular arc
 3, 861, 849
*
  1.2170000E+01, 9.5700000E+00, 5.1500000E-01, 2.4750000E+02, 4.5000000E+01
* ELEM  1694  line segment
 1, 849, 853
*
  1.2367082E+01, 9.0942020E+00, 7.2156848E-02, -1.7420204E-01
* ELEM  1695  line segment
 1, 851, 850
*
  1.1520000E+01, 9.3007612E+00, 3.8076118E-01, -3.8076118E-01
* ELEM  1696  line segment
 1, 854, 850
*
  1.1694202E+01, 9.3729180E+00, -1.7420204E-01, -7.2156848E-02
* ELEM  1697  circular arc
 3, 861, 850
*
  1.2170000E+01, 9.5700000E+00, 5.1500000E-01, 2.0250000E+02, 4.5000000E+01
* ELEM  1698  line segment
 1, 852, 853
*
  1.2439239E+01, 8.9200000E+00, 3.8076118E-01, 3.8076118E-01
* ELEM  1699  circular arc
 3, 861, 853
*
  1.2170000E+01, 9.5700000E+00, 5.1500000E-01, 2.9250000E+02, 4.5000000E+01
* ELEM  1700  line segment
 1, 853, 855
*
  1.2645798E+01, 9.3729180E+00, 1.7420204E-01, -7.2156848E-02
* ELEM  1701  line segment
 1, 856, 854
*
  1.1694202E+01, 9.7670820E+00, -1.7420204E-01, 7.2156848E-02
* ELEM  1702  circular arc
 3, 861, 854
*
  1.2170000E+01, 9.5700000E+00, 5.1500000E-01, 1.5750000E+02, 4.5000000E+01
* ELEM  1703  circular arc
 3, 861, 855
*
  1.2170000E+01, 9.5700000E+00, 5.1500000E-01, 3.3750000E+02, 2.2500000E+01
* ELEM  1704  circular arc
 3, 861, 855
*
  1.2170000E+01, 9.5700000E+00, 5.1500000E-01, 0.0000000E+00, 2.2500000E+01
* ELEM  1705  line segment
 1, 855, 859
*
  1.2645798E+01, 9.7670820E+00, 1.7420204E-01, 7.2156848E-02
* ELEM  1706  line segment
 1, 857, 856
*
  1.1900761E+01, 1.0220000E+01, -3.8076118E-01, -3.8076118E-01
* ELEM  1707  line segment
 1, 860, 856
*
  1.1972918E+01, 1.0045798E+01, -7.2156848E-02, 1.7420204E-01
* ELEM  1708  circular arc
 3, 861, 856
*
  1.2170000E+01, 9.5700000E+00, 5.1500000E-01, 1.1250000E+02, 4.5000000E+01
* ELEM  1709  line segment
 1, 858, 859
*
  1.2820000E+01, 9.8392388E+00, -3.8076118E-01, 3.8076118E-01
* ELEM  1710  circular arc
 3, 861, 859
*
  1.2170000E+01, 9.5700000E+00, 5.1500000E-01, 2.2500000E+01, 4.5000000E+01
* ELEM  1711  line segment
 1, 859, 860
*
  1.2367082E+01, 1.0045798E+01, 7.2156848E-02, 1.7420204E-01
* ELEM  1712  circular arc
 3, 861, 860
*
  1.2170000E+01, 9.5700000E+00, 5.1500000E-01, 6.7500000E+01, 4.5000000E+01
* ELEM  1713  circle
 2, 862, 861
*
  1.2170000E+01, 9.5700000E+00, 2.5750000E-01, 0.0000000E+00
* ELEM  1714  circular arc
 3, 871, 863
*
  1.2170000E+01, 1.2170000E+01, 5.1500000E-01, 2.2500000E+02, 2.2500000E+01
* ELEM  1715  line segment
 1, 863, 865
*
  1.1972918E+01, 1.1694202E+01, -7.2156848E-02, -1.7420204E-01
* ELEM  1716  line segment
 1, 864, 863
*
  1.1710381E+01, 1.1710381E+01, 1.9038059E-01, -1.9038059E-01
* ELEM  1717  line segment
 1, 0, 863
*
  1.1805840E+01, 1.1805840E+01, -9.5459415E-02, -9.5459415E-02
* ELEM  1718  line segment
 1, 0, 864
*
  1.1710381E+01, 1.1710381E+01, -1.9038059E-01, -1.9038059E-01
* ELEM  1719  circular arc
 3, 871, 865
*
  1.2170000E+01, 1.2170000E+01, 5.1500000E-01, 2.4750000E+02, 4.5000000E+01
* ELEM  1720  line segment
 1, 865, 866
*
  1.2367082E+01, 1.1694202E+01, 7.2156848E-02, -1.7420204E-01
* ELEM  1721  circular arc
 3, 871, 866
*
  1.2170000E+01, 1.2170000E+01, 5.1500000E-01, 2.9250000E+02, 4.5000000E+01
* ELEM  1722  line segment
 1, 866, 868
*
  1.2645798E+01, 1.1972918E+01, 1.7420204E-01, -7.2156848E-02
* ELEM  1723  line segment
 1, 867, 866
*
  1.2439239E+01, 1.1520000E+01, 3.8076118E-01, 3.8076118E-01
* ELEM  1724  circular arc
 3, 871, 868
*
  1.2170000E+01, 1.2170000E+01, 5.1500000E-01, 3.3750000E+02, 2.2500000E+01
* ELEM  1725  circular arc
 3, 871, 868
*
  1.2170000E+01, 1.2170000E+01, 5.1500000E-01, 0.0000000E+00, 2.2500000E+01
* ELEM  1726  line segment
 1, 868, 870
*
  1.2645798E+01, 1.2367082E+01, 1.7420204E-01, 7.2156848E-02
* ELEM  1727  line segment
 1, 869, 870
*
  1.2820000E+01, 1.2439239E+01, -1.9038059E-01, 1.9038059E-01
* ELEM  1728  line segment
 1, 0, 869
*
  1.2820000E+01, 1.2820000E+01, -1.9038059E-01, -1.9038059E-01
* ELEM  1729  circular arc
 3, 871, 870
*
  1.2170000E+01, 1.2170000E+01, 5.1500000E-01, 2.2500000E+01, 2.2500000E+01
* ELEM  1730  line segment
 1, 0, 870
*
  1.2629619E+01, 1.2629619E+01, -9.5459415E-02, -9.5459415E-02
* ELEM  1731  line segment
 1, 0, 871
*
  1.1987920E+01, 1.1987920E+01, -1.8208000E-01, -1.8208000E-01
* ELEM  1732  circular arc
 3, 872, 871
*
  1.2170000E+01, 1.2170000E+01, 2.5750000E-01, 2.2500000E+02, 1.3500000E+02
* ELEM  1733  circular arc
 3, 872, 871
*
  1.2170000E+01, 1.2170000E+01, 2.5750000E-01, 0.0000000E+00, 4.5000000E+01
* ELEM  1734  line segment
 1, 0, 871
*
  1.2534160E+01, 1.2534160E+01, -1.8208000E-01, -1.8208000E-01
* ELEM  1735  line segment
 1, 0, 872
*
  1.2352080E+01, 1.2352080E+01, -3.6415999E-01, -3.6415999E-01
* ELEM  1736  line segment
 1, 874, 873
*
  1.8850000E+00, 9.2000000E-01, 5.3500000E-01, 0.0000000E+00
* ELEM  1737  circular arc
 3, 873, 874
*
  1.8850000E+00, 1.8850000E+00, 9.6500000E-01, 2.3244289E+02, 3.7557114E+01
* ELEM  1738  line segment
 1, 876, 873
*
  2.4200000E+00, 9.2000000E-01, 0.0000000E+00, 2.0000000E-01
* ELEM  1739  line segment
 1, 939, 874
*
  1.2967824E+00, 1.1200000E+00, -1.7678235E-01, 0.0000000E+00
* ELEM  1740  line segment
 1, 877, 874
*
  2.4200000E+00, 7.5490000E-01, 0.0000000E+00, 1.6510000E-01
* ELEM  1741  line segment
 1, 875, 874
*
  1.8850000E+00, 7.5490000E-01, 5.3500000E-01, 0.0000000E+00
* ELEM  1742  circular arc
 3, 874, 875
*
  1.8850000E+00, 1.8850000E+00, 1.1301000E+00, 2.2739570E+02, 4.2604303E+01
* ELEM  1743  line segment
 1, 933, 874
*
  1.1200000E+00, 1.1200000E+00, 0.0000000E+00, -6.6805873E-02
* ELEM  1744  line segment
 1, 934, 875
*
  1.1200000E+00, 1.0531941E+00, 0.0000000E+00, -1.0531941E+00
* ELEM  1745  line segment
 1, 878, 875
*
  2.4200000E+00, 0.0000000E+00, 0.0000000E+00, 7.5490000E-01
* ELEM  1746  line segment
 1, 0, 875
*
  1.1200000E+00, 0.0000000E+00, 1.3000000E+00, 0.0000000E+00
* ELEM  1747  line segment
 1, 879, 876
*
  3.7200000E+00, 9.2000000E-01, 0.0000000E+00, 2.0000000E-01
* ELEM  1748  line segment
 1, 877, 876
*
  2.4200000E+00, 9.2000000E-01, 1.3000000E+00, 0.0000000E+00
* ELEM  1749  line segment
 1, 880, 877
*
  3.7200000E+00, 7.5490000E-01, 0.0000000E+00, 1.6510000E-01
* ELEM  1750  line segment
 1, 878, 877
*
  2.4200000E+00, 7.5490000E-01, 1.3000000E+00, 0.0000000E+00
* ELEM  1751  line segment
 1, 881, 878
*
  3.7200000E+00, 0.0000000E+00, 0.0000000E+00, 7.5490000E-01
* ELEM  1752  line segment
 1, 0, 878
*
  2.4200000E+00, 0.0000000E+00, 1.3000000E+00, 0.0000000E+00
* ELEM  1753  line segment
 1, 882, 879
*
  5.0200000E+00, 9.2000000E-01, 0.0000000E+00, 2.0000000E-01
* ELEM  1754  line segment
 1, 880, 879
*
  3.7200000E+00, 9.2000000E-01, 1.3000000E+00, 0.0000000E+00
* ELEM  1755  line segment
 1, 883, 880
*
  5.0200000E+00, 7.5490000E-01, 0.0000000E+00, 1.6510000E-01
* ELEM  1756  line segment
 1, 881, 880
*
  3.7200000E+00, 7.5490000E-01, 1.3000000E+00, 0.0000000E+00
* ELEM  1757  line segment
 1, 884, 881
*
  5.0200000E+00, 0.0000000E+00, 0.0000000E+00, 7.5490000E-01
* ELEM  1758  line segment
 1, 0, 881
*
  3.7200000E+00, 0.0000000E+00, 1.3000000E+00, 0.0000000E+00
* ELEM  1759  line segment
 1, 885, 882
*
  6.3200000E+00, 9.2000000E-01, 0.0000000E+00, 2.0000000E-01
* ELEM  1760  line segment
 1, 883, 882
*
  5.0200000E+00, 9.2000000E-01, 1.3000000E+00, 0.0000000E+00
* ELEM  1761  line segment
 1, 886, 883
*
  6.3200000E+00, 7.5490000E-01, 0.0000000E+00, 1.6510000E-01
* ELEM  1762  line segment
 1, 884, 883
*
  5.0200000E+00, 7.5490000E-01, 1.3000000E+00, 0.0000000E+00
* ELEM  1763  line segment
 1, 887, 884
*
  6.3200000E+00, 0.0000000E+00, 0.0000000E+00, 7.5490000E-01
* ELEM  1764  line segment
 1, 0, 884
*
  5.0200000E+00, 0.0000000E+00, 1.3000000E+00, 0.0000000E+00
* ELEM  1765  line segment
 1, 888, 885
*
  7.6200000E+00, 9.2000000E-01, 0.0000000E+00, 2.0000000E-01
* ELEM  1766  line segment
 1, 886, 885
*
  6.3200000E+00, 9.2000000E-01, 1.3000000E+00, 0.0000000E+00
* ELEM  1767  line segment
 1, 889, 886
*
  7.6200000E+00, 7.5490000E-01, 0.0000000E+00, 1.6510000E-01
* ELEM  1768  line segment
 1, 887, 886
*
  6.3200000E+00, 7.5490000E-01, 1.3000000E+00, 0.0000000E+00
* ELEM  1769  line segment
 1, 890, 887
*
  7.6200000E+00, 0.0000000E+00, 0.0000000E+00, 7.5490000E-01
* ELEM  1770  line segment
 1, 0, 887
*
  6.3200000E+00, 0.0000000E+00, 1.3000000E+00, 0.0000000E+00
* ELEM  1771  line segment
 1, 891, 888
*
  8.9200000E+00, 9.2000000E-01, 0.0000000E+00, 2.0000000E-01
* ELEM  1772  line segment
 1, 889, 888
*
  7.6200000E+00, 9.2000000E-01, 1.3000000E+00, 0.0000000E+00
* ELEM  1773  line segment
 1, 892, 889
*
  8.9200000E+00, 7.5490000E-01, 0.0000000E+00, 1.6510000E-01
* ELEM  1774  line segment
 1, 890, 889
*
  7.6200000E+00, 7.5490000E-01, 1.3000000E+00, 0.0000000E+00
* ELEM  1775  line segment
 1, 893, 890
*
  8.9200000E+00, 0.0000000E+00, 0.0000000E+00, 7.5490000E-01
* ELEM  1776  line segment
 1, 0, 890
*
  7.6200000E+00, 0.0000000E+00, 1.3000000E+00, 0.0000000E+00
* ELEM  1777  line segment
 1, 894, 891
*
  1.0220000E+01, 9.2000000E-01, 0.0000000E+00, 2.0000000E-01
* ELEM  1778  line segment
 1, 892, 891
*
  8.9200000E+00, 9.2000000E-01, 1.3000000E+00, 0.0000000E+00
* ELEM  1779  line segment
 1, 895, 892
*
  1.0220000E+01, 7.5490000E-01, 0.0000000E+00, 1.6510000E-01
* ELEM  1780  line segment
 1, 893, 892
*
  8.9200000E+00, 7.5490000E-01, 1.3000000E+00, 0.0000000E+00
* ELEM  1781  line segment
 1, 896, 893
*
  1.0220000E+01, 0.0000000E+00, 0.0000000E+00, 7.5490000E-01
* ELEM  1782  line segment
 1, 0, 893
*
  8.9200000E+00, 0.0000000E+00, 1.3000000E+00, 0.0000000E+00
* ELEM  1783  line segment
 1, 897, 894
*
  1.1520000E+01, 9.2000000E-01, 0.0000000E+00, 2.0000000E-01
* ELEM  1784  line segment
 1, 895, 894
*
  1.0220000E+01, 9.2000000E-01, 1.3000000E+00, 0.0000000E+00
* ELEM  1785  line segment
 1, 898, 895
*
  1.1520000E+01, 7.5490000E-01, 0.0000000E+00, 1.6510000E-01
* ELEM  1786  line segment
 1, 896, 895
*
  1.0220000E+01, 7.5490000E-01, 1.3000000E+00, 0.0000000E+00
* ELEM  1787  line segment
 1, 899, 896
*
  1.1520000E+01, 0.0000000E+00, 0.0000000E+00, 7.5490000E-01
* ELEM  1788  line segment
 1, 0, 896
*
  1.0220000E+01, 0.0000000E+00, 1.3000000E+00, 0.0000000E+00
* ELEM  1789  line segment
 1, 900, 897
*
  1.2820000E+01, 9.2000000E-01, 0.0000000E+00, 2.0000000E-01
* ELEM  1790  line segment
 1, 898, 897
*
  1.1520000E+01, 9.2000000E-01, 1.3000000E+00, 0.0000000E+00
* ELEM  1791  line segment
 1, 901, 898
*
  1.2820000E+01, 7.5490000E-01, 0.0000000E+00, 1.6510000E-01
* ELEM  1792  line segment
 1, 899, 898
*
  1.1520000E+01, 7.5490000E-01, 1.3000000E+00, 0.0000000E+00
* ELEM  1793  line segment
 1, 902, 899
*
  1.2820000E+01, 0.0000000E+00, 0.0000000E+00, 7.5490000E-01
* ELEM  1794  line segment
 1, 0, 899
*
  1.1520000E+01, 0.0000000E+00, 1.3000000E+00, 0.0000000E+00
* ELEM  1795  circular arc
 3, 900, 901
*
  1.3355000E+01, 1.8850000E+00, 9.6500000E-01, 2.7000000E+02, 3.7557114E+01
* ELEM  1796  line segment
 1, 901, 900
*
  1.2820000E+01, 9.2000000E-01, 5.3500000E-01, 0.0000000E+00
* ELEM  1797  line segment
 1, 940, 901
*
  1.4120000E+01, 1.1200000E+00, -1.7678235E-01, 0.0000000E+00
* ELEM  1798  line segment
 1, 935, 901
*
  1.4120000E+01, 1.0531941E+00, 0.0000000E+00, 6.6805873E-02
* ELEM  1799  circular arc
 3, 901, 902
*
  1.3355000E+01, 1.8850000E+00, 1.1301000E+00, 2.7000000E+02, 4.2604303E+01
* ELEM  1800  line segment
 1, 902, 901
*
  1.2820000E+01, 7.5490000E-01, 5.3500000E-01, 0.0000000E+00
* ELEM  1801  line segment
 1, 936, 902
*
  1.4120000E+01, 0.0000000E+00, 0.0000000E+00, 1.0531941E+00
* ELEM  1802  line segment
 1, 0, 902
*
  1.2820000E+01, 0.0000000E+00, 1.3000000E+00, 0.0000000E+00
* ELEM  1803  line segment
 1, 906, 903
*
  1.4320000E+01, 2.4200000E+00, -2.0000000E-01, 0.0000000E+00
* ELEM  1804  line segment
 1, 904, 903
*
  1.4320000E+01, 1.8850000E+00, 0.0000000E+00, 5.3500000E-01
* ELEM  1805  circular arc
 3, 903, 904
*
  1.3355000E+01, 1.8850000E+00, 9.6500000E-01, 3.2244289E+02, 3.7557114E+01
* ELEM  1806  line segment
 1, 907, 904
*
  1.4485100E+01, 2.4200000E+00, -1.6510000E-01, 0.0000000E+00
* ELEM  1807  line segment
 1, 905, 904
*
  1.4485100E+01, 1.8850000E+00, 0.0000000E+00, 5.3500000E-01
* ELEM  1808  circular arc
 3, 904, 905
*
  1.3355000E+01, 1.8850000E+00, 1.1301000E+00, 3.1739570E+02, 4.2604303E+01
* ELEM  1809  line segment
 1, 935, 904
*
  1.4120000E+01, 1.1200000E+00, 6.6805873E-02, 0.0000000E+00
* ELEM  1810  line segment
 1, 940, 904
*
  1.4120000E+01, 1.2967824E+00, 0.0000000E+00, -1.7678235E-01
* ELEM  1811  line segment
 1, 908, 905
*
  1.5240000E+01, 2.4200000E+00, -7.5490000E-01, 0.0000000E+00
* ELEM  1812  line segment
 1, 0, 905
*
  1.5240000E+01, 1.1200000E+00, 0.0000000E+00, 1.3000000E+00
* ELEM  1813  line segment
 1, 936, 905
*
  1.4186806E+01, 1.1200000E+00, 1.0531941E+00, 0.0000000E+00
* ELEM  1814  line segment
 1, 909, 906
*
  1.4320000E+01, 3.7200000E+00, -2.0000000E-01, 0.0000000E+00
* ELEM  1815  line segment
 1, 907, 906
*
  1.4320000E+01, 2.4200000E+00, 0.0000000E+00, 1.3000000E+00
* ELEM  1816  line segment
 1, 910, 907
*
  1.4485100E+01, 3.7200000E+00, -1.6510000E-01, 0.0000000E+00
* ELEM  1817  line segment
 1, 908, 907
*
  1.4485100E+01, 2.4200000E+00, 0.0000000E+00, 1.3000000E+00
* ELEM  1818  line segment
 1, 911, 908
*
  1.5240000E+01, 3.7200000E+00, -7.5490000E-01, 0.0000000E+00
* ELEM  1819  line segment
 1, 0, 908
*
  1.5240000E+01, 2.4200000E+00, 0.0000000E+00, 1.3000000E+00
* ELEM  1820  line segment
 1, 912, 909
*
  1.4320000E+01, 5.0200000E+00, -2.0000000E-01, 0.0000000E+00
* ELEM  1821  line segment
 1, 910, 909
*
  1.4320000E+01, 3.7200000E+00, 0.0000000E+00, 1.3000000E+00
* ELEM  1822  line segment
 1, 913, 910
*
  1.4485100E+01, 5.0200000E+00, -1.6510000E-01, 0.0000000E+00
* ELEM  1823  line segment
 1, 911, 910
*
  1.4485100E+01, 3.7200000E+00, 0.0000000E+00, 1.3000000E+00
* ELEM  1824  line segment
 1, 914, 911
*
  1.5240000E+01, 5.0200000E+00, -7.5490000E-01, 0.0000000E+00
* ELEM  1825  line segment
 1, 0, 911
*
  1.5240000E+01, 3.7200000E+00, 0.0000000E+00, 1.3000000E+00
* ELEM  1826  line segment
 1, 915, 912
*
  1.4320000E+01, 6.3200000E+00, -2.0000000E-01, 0.0000000E+00
* ELEM  1827  line segment
 1, 913, 912
*
  1.4320000E+01, 5.0200000E+00, 0.0000000E+00, 1.3000000E+00
* ELEM  1828  line segment
 1, 916, 913
*
  1.4485100E+01, 6.3200000E+00, -1.6510000E-01, 0.0000000E+00
* ELEM  1829  line segment
 1, 914, 913
*
  1.4485100E+01, 5.0200000E+00, 0.0000000E+00, 1.3000000E+00
* ELEM  1830  line segment
 1, 917, 914
*
  1.5240000E+01, 6.3200000E+00, -7.5490000E-01, 0.0000000E+00
* ELEM  1831  line segment
 1, 0, 914
*
  1.5240000E+01, 5.0200000E+00, 0.0000000E+00, 1.3000000E+00
* ELEM  1832  line segment
 1, 918, 915
*
  1.4320000E+01, 7.6200000E+00, -2.0000000E-01, 0.0000000E+00
* ELEM  1833  line segment
 1, 916, 915
*
  1.4320000E+01, 6.3200000E+00, 0.0000000E+00, 1.3000000E+00
* ELEM  1834  line segment
 1, 919, 916
*
  1.4485100E+01, 7.6200000E+00, -1.6510000E-01, 0.0000000E+00
* ELEM  1835  line segment
 1, 917, 916
*
  1.4485100E+01, 6.3200000E+00, 0.0000000E+00, 1.3000000E+00
* ELEM  1836  line segment
 1, 920, 917
*
  1.5240000E+01, 7.6200000E+00, -7.5490000E-01, 0.0000000E+00
* ELEM  1837  line segment
 1, 0, 917
*
  1.5240000E+01, 6.3200000E+00, 0.0000000E+00, 1.3000000E+00
* ELEM  1838  line segment
 1, 921, 918
*
  1.4320000E+01, 8.9200000E+00, -2.0000000E-01, 0.0000000E+00
* ELEM  1839  line segment
 1, 919, 918
*
  1.4320000E+01, 7.6200000E+00, 0.0000000E+00, 1.3000000E+00
* ELEM  1840  line segment
 1, 922, 919
*
  1.4485100E+01, 8.9200000E+00, -1.6510000E-01, 0.0000000E+00
* ELEM  1841  line segment
 1, 920, 919
*
  1.4485100E+01, 7.6200000E+00, 0.0000000E+00, 1.3000000E+00
* ELEM  1842  line segment
 1, 923, 920
*
  1.5240000E+01, 8.9200000E+00, -7.5490000E-01, 0.0000000E+00
* ELEM  1843  line segment
 1, 0, 920
*
  1.5240000E+01, 7.6200000E+00, 0.0000000E+00, 1.3000000E+00
* ELEM  1844  line segment
 1, 924, 921
*
  1.4320000E+01, 1.0220000E+01, -2.0000000E-01, 0.0000000E+00
* ELEM  1845  line segment
 1, 922, 921
*
  1.4320000E+01, 8.9200000E+00, 0.0000000E+00, 1.3000000E+00
* ELEM  1846  line segment
 1, 925, 922
*
  1.4485100E+01, 1.0220000E+01, -1.6510000E-01, 0.0000000E+00
* ELEM  1847  line segment
 1, 923, 922
*
  1.4485100E+01, 8.9200000E+00, 0.0000000E+00, 1.3000000E+00
* ELEM  1848  line segment
 1, 926, 923
*
  1.5240000E+01, 1.0220000E+01, -7.5490000E-01, 0.0000000E+00
* ELEM  1849  line segment
 1, 0, 923
*
  1.5240000E+01, 8.9200000E+00, 0.0000000E+00, 1.3000000E+00
* ELEM  1850  line segment
 1, 927, 924
*
  1.4320000E+01, 1.1520000E+01, -2.0000000E-01, 0.0000000E+00
* ELEM  1851  line segment
 1, 925, 924
*
  1.4320000E+01, 1.0220000E+01, 0.0000000E+00, 1.3000000E+00
* ELEM  1852  line segment
 1, 928, 925
*
  1.4485100E+01, 1.1520000E+01, -1.6510000E-01, 0.0000000E+00
* ELEM  1853  line segment
 1, 926, 925
*
  1.4485100E+01, 1.0220000E+01, 0.0000000E+00, 1.3000000E+00
* ELEM  1854  line segment
 1, 929, 926
*
  1.5240000E+01, 1.1520000E+01, -7.5490000E-01, 0.0000000E+00
* ELEM  1855  line segment
 1, 0, 926
*
  1.5240000E+01, 1.0220000E+01, 0.0000000E+00, 1.3000000E+00
* ELEM  1856  line segment
 1, 930, 927
*
  1.4320000E+01, 1.2820000E+01, -2.0000000E-01, 0.0000000E+00
* ELEM  1857  line segment
 1, 928, 927
*
  1.4320000E+01, 1.1520000E+01, 0.0000000E+00, 1.3000000E+00
* ELEM  1858  line segment
 1, 931, 928
*
  1.4485100E+01, 1.2820000E+01, -1.6510000E-01, 0.0000000E+00
* ELEM  1859  line segment
 1, 929, 928
*
  1.4485100E+01, 1.1520000E+01, 0.0000000E+00, 1.3000000E+00
* ELEM  1860  line segment
 1, 932, 929
*
  1.5240000E+01, 1.2820000E+01, -7.5490000E-01, 0.0000000E+00
* ELEM  1861  line segment
 1, 0, 929
*
  1.5240000E+01, 1.1520000E+01, 0.0000000E+00, 1.3000000E+00
* ELEM  1862  circular arc
 3, 930, 931
*
  1.3355000E+01, 1.3355000E+01, 9.6500000E-01, 0.0000000E+00, 3.7557114E+01
* ELEM  1863  line segment
 1, 931, 930
*
  1.4320000E+01, 1.2820000E+01, 0.0000000E+00, 5.3500000E-01
* ELEM  1864  line segment
 1, 937, 931
*
  1.4186806E+01, 1.4120000E+01, -6.6805873E-02, 0.0000000E+00
* ELEM  1865  circular arc
 3, 931, 932
*
  1.3355000E+01, 1.3355000E+01, 1.1301000E+00, 0.0000000E+00, 4.2604303E+01
* ELEM  1866  line segment
 1, 932, 931
*
  1.4485100E+01, 1.2820000E+01, 0.0000000E+00, 5.3500000E-01
* ELEM  1867  line segment
 1, 941, 931
*
  1.4120000E+01, 1.4120000E+01, 0.0000000E+00, -1.7678235E-01
* ELEM  1868  line segment
 1, 938, 932
*
  1.5240000E+01, 1.4120000E+01, -1.0531941E+00, 0.0000000E+00
* ELEM  1869  line segment
 1, 0, 932
*
  1.5240000E+01, 1.2820000E+01, 0.0000000E+00, 1.3000000E+00
* ELEM  1870  line segment
 1, 0, 933
*
  1.1200000E+00, 1.1200000E+00, -3.4101373E-02, -3.4101373E-02
* ELEM  1871  circular arc
 3, 933, 934
*
  1.8850000E+00, 1.8850000E+00, 1.1301000E+00, 2.2500000E+02, 2.3956974E+00
* ELEM  1872  line segment
 1, 0, 934
*
  1.0858986E+00, 1.0858986E+00, -1.0858986E+00, -1.0858986E+00
* ELEM  1873  line segment
 1, 0, 934
*
  0.0000000E+00, 0.0000000E+00, 1.1200000E+00, 0.0000000E+00
* ELEM  1874  circular arc
 3, 935, 936
*
  1.3355000E+01, 1.8850000E+00, 1.1301000E+00, 3.1260430E+02, 4.7913947E+00
* ELEM  1875  line segment
 1, 0, 936
*
  1.5240000E+01, 0.0000000E+00, 0.0000000E+00, 1.1200000E+00
* ELEM  1876  line segment
 1, 0, 936
*
  1.4120000E+01, 0.0000000E+00, 1.1200000E+00, 0.0000000E+00
* ELEM  1877  line segment
 1, 0, 937
*
  1.4154101E+01, 1.4154101E+01, -3.4101373E-02, -3.4101373E-02
* ELEM  1878  circular arc
 3, 937, 938
*
  1.3355000E+01, 1.3355000E+01, 1.1301000E+00, 4.2604303E+01, 2.3956974E+00
* ELEM  1879  line segment
 1, 0, 938
*
  1.5240000E+01, 1.5240000E+01, -1.0858986E+00, -1.0858986E+00
* ELEM  1880  line segment
 1, 0, 938
*
  1.5240000E+01, 1.4120000E+01, 0.0000000E+00, 1.1200000E+00
* ELEM  1881  line segment
 1, 0, 939
*
  1.2026420E+00, 1.2026420E+00, -8.2641956E-02, -8.2641956E-02
* ELEM  1882  line segment
 1, 0, 941
*
  1.4120000E+01, 1.4120000E+01, -8.2641956E-02, -8.2641956E-02
* boundaries conditions: defaul nbbcda allsur
  0, 3, 0
* albedo
  0.0
* type  number of elements
  4, 12
*   elements
1873
1746
1752
1758
1764
1770
1776
1782
1788
1794
1802
1876
* tx, ty, angle
  0.0000000E+00 0.0000000E+00 0.0000000E+00
* type  number of elements
  4, 12
*   elements
1875
1812
1819
1825
1831
1837
1843
1849
1855
1861
1869
1880
* tx, ty, angle
  1.5240000E+01 0.0000000E+00 9.0000000E+01
* type  number of elements
  4, 128
*   elements
1872
1870
1881
1163
1160
1181
1185
1189
1193
1197
1201
1200
1196
1192
1188
1184
1180
1177
1542
1541
1555
1559
1558
1554
1552
1371
1370
1384
1388
1392
1396
1400
1404
1403
1399
1395
1391
1387
1383
1381
1466
1465
1479
1483
1487
1491
1495
1499
1503
1507
1506
1502
1498
1494
1490
1486
1482
1478
1476
1652
1651
1665
1669
1668
1662
1664
1674
1673
1687
1691
1690
1684
1686
866
865
882
886
890
894
898
902
901
897
893
889
885
881
878
974
973
990
994
998
1002
1006
1010
1009
1005
1001
997
993
989
986
1718
1717
1731
1735
1734
1730
1728
1119
1118
1136
1140
1144
1148
1152
1156
1155
1151
1147
1143
1139
1135
1131
1882
1877
1879
* tx, ty, angle
  0.0000000E+00 0.0000000E+00 4.5000000E+01
#  1 - COOLANT
#  2 - CLAD
#  3 - GAP
#  4 - UOX40_zone_4_pin_5
#  5 - UOX40_zone_3_pin_5
#  6 - UOX40_zone_2_pin_5
#  7 - UOX40_zone_1_pin_5
#  8 - UOX40_zone_4_pin_6
#  9 - UOX40_zone_3_pin_6
# 10 - UOX40_zone_2_pin_6
# 11 - UOX40_zone_1_pin_6
# 12 - UOX40_zone_4_pin_7
# 13 - UOX40_zone_3_pin_7
# 14 - UOX40_zone_2_pin_7
# 15 - UOX40_zone_1_pin_7
# 16 - UOX40_zone_4_pin_8
# 17 - UOX40_zone_3_pin_8
# 18 - UOX40_zone_2_pin_8
# 19 - UOX40_zone_1_pin_8
# 20 - UOX40_zone_4_pin_9
# 21 - UOX40_zone_3_pin_9
# 22 - UOX40_zone_2_pin_9
# 23 - UOX40_zone_1_pin_9
# 24 - UOX28_zone_4_pin_10
# 25 - UOX28_zone_3_pin_10
# 26 - UOX28_zone_2_pin_10
# 27 - UOX28_zone_1_pin_10
# 28 - UOX32_zone_4_pin_11
# 29 - UOX32_zone_3_pin_11
# 30 - UOX32_zone_2_pin_11
# 31 - UOX32_zone_1_pin_11
# 32 - UOX40_zone_4_pin_13
# 33 - UOX40_zone_3_pin_13
# 34 - UOX40_zone_2_pin_13
# 35 - UOX40_zone_1_pin_13
# 36 - UOX40_zone_4_pin_15
# 37 - UOX40_zone_3_pin_15
# 38 - UOX40_zone_2_pin_15
# 39 - UOX40_zone_1_pin_15
# 40 - UOX44_zone_4_pin_17
# 41 - UOX44_zone_3_pin_17
# 42 - UOX44_zone_2_pin_17
# 43 - UOX44_zone_1_pin_17
# 44 - UOX44_zone_4_pin_19
# 45 - UOX44_zone_3_pin_19
# 46 - UOX44_zone_2_pin_19
# 47 - UOX44_zone_1_pin_19
# 48 - UOX44Gd6_zone_6_pin_20
# 49 - UOX44Gd6_zone_5_pin_20
# 50 - UOX44Gd6_zone_4_pin_20
# 51 - UOX44Gd6_zone_3_pin_20
# 52 - UOX44Gd6_zone_2_pin_20
# 53 - UOX44Gd6_zone_1_pin_20
# 54 - UOX44_zone_4_pin_21
# 55 - UOX44_zone_3_pin_21
# 56 - UOX44_zone_2_pin_21
# 57 - UOX44_zone_1_pin_21
# 58 - UOX44Gd6_zone_6_pin_22
# 59 - UOX44Gd6_zone_5_pin_22
# 60 - UOX44Gd6_zone_4_pin_22
# 61 - UOX44Gd6_zone_3_pin_22
# 62 - UOX44Gd6_zone_2_pin_22
# 63 - UOX44Gd6_zone_1_pin_22
# 64 - UOX40_zone_4_pin_25
# 65 - UOX40_zone_3_pin_25
# 66 - UOX40_zone_2_pin_25
# 67 - UOX40_zone_1_pin_25
# 68 - UOX49_zone_4_pin_26
# 69 - UOX49_zone_3_pin_26
# 70 - UOX49_zone_2_pin_26
# 71 - UOX49_zone_1_pin_26
# 72 - UOX49_zone_4_pin_27
# 73 - UOX49_zone_3_pin_27
# 74 - UOX49_zone_2_pin_27
# 75 - UOX49_zone_1_pin_27
# 76 - UOX49_zone_4_pin_28
# 77 - UOX49_zone_3_pin_28
# 78 - UOX49_zone_2_pin_28
# 79 - UOX49_zone_1_pin_28
# 80 - UOX49_zone_4_pin_29
# 81 - UOX49_zone_3_pin_29
# 82 - UOX49_zone_2_pin_29
# 83 - UOX49_zone_1_pin_29
# 84 - UOX49_zone_4_pin_30
# 85 - UOX49_zone_3_pin_30
# 86 - UOX49_zone_2_pin_30
# 87 - UOX49_zone_1_pin_30
# 88 - UOX49Gd8_zone_6_pin_31
# 89 - UOX49Gd8_zone_5_pin_31
# 90 - UOX49Gd8_zone_4_pin_31
# 91 - UOX49Gd8_zone_3_pin_31
# 92 - UOX49Gd8_zone_2_pin_31
# 93 - UOX49Gd8_zone_1_pin_31
# 94 - UOX49_zone_4_pin_32
# 95 - UOX49_zone_3_pin_32
# 96 - UOX49_zone_2_pin_32
# 97 - UOX49_zone_1_pin_32
# 98 - UOX49Gd8_zone_6_pin_33
# 99 - UOX49Gd8_zone_5_pin_33
# 100 - UOX49Gd8_zone_4_pin_33
# 101 - UOX49Gd8_zone_3_pin_33
# 102 - UOX49Gd8_zone_2_pin_33
# 103 - UOX49Gd8_zone_1_pin_33
# 104 - UOX49_zone_4_pin_34
# 105 - UOX49_zone_3_pin_34
# 106 - UOX49_zone_2_pin_34
# 107 - UOX49_zone_1_pin_34
# 108 - UOX49_zone_4_pin_35
# 109 - UOX49_zone_3_pin_35
# 110 - UOX49_zone_2_pin_35
# 111 - UOX49_zone_1_pin_35
# 112 - UOX49_zone_4_pin_36
# 113 - UOX49_zone_3_pin_36
# 114 - UOX49_zone_2_pin_36
# 115 - UOX49_zone_1_pin_36
# 116 - UOX49_zone_4_pin_37
# 117 - UOX49_zone_3_pin_37
# 118 - UOX49_zone_2_pin_37
# 119 - UOX49_zone_1_pin_37
# 120 - UOX49_zone_4_pin_38
# 121 - UOX49_zone_3_pin_38
# 122 - UOX49_zone_2_pin_38
# 123 - UOX49_zone_1_pin_38
# 124 - UOX49Gd8_zone_6_pin_39
# 125 - UOX49Gd8_zone_5_pin_39
# 126 - UOX49Gd8_zone_4_pin_39
# 127 - UOX49Gd8_zone_3_pin_39
# 128 - UOX49Gd8_zone_2_pin_39
# 129 - UOX49Gd8_zone_1_pin_39
# 130 - UOX49_zone_4_pin_40
# 131 - UOX49_zone_3_pin_40
# 132 - UOX49_zone_2_pin_40
# 133 - UOX49_zone_1_pin_40
# 134 - UOX49_zone_4_pin_41
# 135 - UOX49_zone_3_pin_41
# 136 - UOX49_zone_2_pin_41
# 137 - UOX49_zone_1_pin_41
# 138 - UOX32_zone_4_pin_42
# 139 - UOX32_zone_3_pin_42
# 140 - UOX32_zone_2_pin_42
# 141 - UOX32_zone_1_pin_42
# 142 - UOX16_zone_4_pin_1
# 143 - UOX16_zone_3_pin_1
# 144 - UOX16_zone_2_pin_1
# 145 - UOX16_zone_1_pin_1
# 146 - UOX28_zone_4_pin_2
# 147 - UOX28_zone_3_pin_2
# 148 - UOX28_zone_2_pin_2
# 149 - UOX28_zone_1_pin_2
# 150 - UOX32_zone_4_pin_3
# 151 - UOX32_zone_3_pin_3
# 152 - UOX32_zone_2_pin_3
# 153 - UOX32_zone_1_pin_3
# 154 - UOX40_zone_4_pin_4
# 155 - UOX40_zone_3_pin_4
# 156 - UOX40_zone_2_pin_4
# 157 - UOX40_zone_1_pin_4
# 158 - UOX36_zone_4_pin_12
# 159 - UOX36_zone_3_pin_12
# 160 - UOX36_zone_2_pin_12
# 161 - UOX36_zone_1_pin_12
# 162 - UOX44Gd6_zone_6_pin_14
# 163 - UOX44Gd6_zone_5_pin_14
# 164 - UOX44Gd6_zone_4_pin_14
# 165 - UOX44Gd6_zone_3_pin_14
# 166 - UOX44Gd6_zone_2_pin_14
# 167 - UOX44Gd6_zone_1_pin_14
# 168 - UOX44_zone_4_pin_16
# 169 - UOX44_zone_3_pin_16
# 170 - UOX44_zone_2_pin_16
# 171 - UOX44_zone_1_pin_16
# 172 - UOX49Gd6_zone_6_pin_18
# 173 - UOX49Gd6_zone_5_pin_18
# 174 - UOX49Gd6_zone_4_pin_18
# 175 - UOX49Gd6_zone_3_pin_18
# 176 - UOX49Gd6_zone_2_pin_18
# 177 - UOX49Gd6_zone_1_pin_18
# 178 - UOX49_zone_4_pin_23
# 179 - UOX49_zone_3_pin_23
# 180 - UOX49_zone_2_pin_23
# 181 - UOX49_zone_1_pin_23
# 182 - UOX49Gd8_zone_6_pin_24
# 183 - UOX49Gd8_zone_5_pin_24
# 184 - UOX49Gd8_zone_4_pin_24
# 185 - UOX49Gd8_zone_3_pin_24
# 186 - UOX49Gd8_zone_2_pin_24
# 187 - UOX49Gd8_zone_1_pin_24
# 188 - MODERATOR
# 189 - CHANNEL_BOX
* medium number per region
  1
  1
  1
  1
  1
  1
  1
  1
  1
  1
  1
  1
  2
  3
  4
  5
  6
  7
  1
  1
  1
  1
  1
  1
  1
  1
  1
  1
  1
  1
  2
  3
  8
  9
  10
  11
  1
  1
  1
  1
  1
  1
  1
  1
  1
  1
  1
  1
  2
  3
  12
  13
  14
  15
  1
  1
  1
  1
  1
  1
  1
  1
  1
  1
  1
  1
  2
  3
  16
  17
  18
  19
  1
  1
  1
  1
  1
  1
  1
  1
  1
  1
  1
  1
  2
  3
  20
  21
  22
  23
  1
  1
  1
  1
  1
  1
  1
  1
  1
  1
  1
  1
  2
  3
  24
  25
  26
  27
  1
  1
  1
  1
  1
  1
  1
  1
  1
  1
  1
  1
  2
  3
  28
  29
  30
  31
  1
  1
  1
  1
  1
  1
  1
  1
  1
  1
  1
  1
  2
  3
  32
  33
  34
  35
  1
  1
  1
  1
  1
  1
  1
  1
  1
  1
  1
  1
  2
  3
  36
  37
  38
  39
  1
  1
  1
  1
  1
  1
  1
  1
  1
  1
  1
  1
  2
  3
  40
  41
  42
  43
  1
  1
  1
  1
  1
  1
  1
  1
  1
  1
  1
  1
  2
  3
  44
  45
  46
  47
  1
  1
  1
  1
  1
  1
  1
  1
  1
  1
  1
  1
  2
  3
  48
  49
  50
  51
  52
  53
  1
  1
  1
  1
  1
  1
  1
  1
  1
  1
  1
  1
  2
  3
  54
  55
  56
  57
  1
  1
  1
  1
  1
  1
  1
  1
  1
  1
  1
  1
  2
  3
  58
  59
  60
  61
  62
  63
  1
  1
  1
  1
  1
  1
  1
  1
  1
  1
  1
  1
  2
  3
  64
  65
  66
  67
  1
  1
  1
  1
  1
  1
  1
  1
  1
  1
  1
  1
  2
  3
  68
  69
  70
  71
  1
  1
  1
  1
  1
  1
  1
  1
  1
  1
  1
  1
  2
  3
  72
  73
  74
  75
  1
  1
  1
  1
  1
  1
  1
  1
  1
  1
  1
  1
  2
  3
  76
  77
  78
  79
  1
  1
  1
  1
  1
  1
  1
  1
  1
  1
  1
  1
  2
  3
  80
  81
  82
  83
  1
  1
  1
  1
  1
  1
  1
  1
  1
  1
  1
  1
  2
  3
  84
  85
  86
  87
  1
  1
  1
  1
  1
  1
  1
  1
  1
  1
  1
  1
  2
  3
  88
  89
  90
  91
  92
  93
  1
  1
  1
  1
  1
  1
  1
  1
  1
  1
  1
  1
  2
  3
  94
  95
  96
  97
  1
  1
  1
  1
  1
  1
  1
  1
  1
  1
  1
  1
  2
  3
  98
  99
  100
  101
  102
  103
  1
  1
  1
  1
  1
  1
  1
  1
  1
  1
  1
  1
  2
  3
  104
  105
  106
  107
  1
  1
  1
  1
  1
  1
  1
  1
  2
  3
  108
  109
  110
  111
  1
  1
  1
  1
  1
  1
  1
  1
  1
  1
  1
  1
  2
  3
  112
  113
  114
  115
  1
  1
  1
  1
  1
  1
  1
  1
  1
  1
  1
  1
  2
  3
  116
  117
  118
  119
  1
  1
  1
  1
  1
  1
  1
  1
  2
  3
  120
  121
  122
  123
  1
  1
  1
  1
  1
  1
  1
  1
  1
  1
  1
  1
  2
  3
  124
  125
  126
  127
  128
  129
  1
  1
  1
  1
  1
  1
  1
  1
  1
  1
  1
  1
  2
  3
  130
  131
  132
  133
  1
  1
  1
  1
  1
  1
  1
  1
  1
  1
  1
  1
  2
  3
  134
  135
  136
  137
  1
  1
  1
  1
  1
  1
  1
  1
  2
  3
  138
  139
  140
  141
  1
  1
  1
  1
  1
  1
  1
  1
  2
  3
  142
  143
  144
  145
  1
  1
  1
  1
  1
  1
  1
  1
  1
  1
  1
  1
  2
  3
  146
  147
  148
  149
  1
  1
  1
  1
  1
  1
  1
  1
  1
  1
  1
  1
  2
  3
  150
  151
  152
  153
  1
  1
  1
  1
  1
  1
  1
  1
  1
  1
  1
  1
  2
  3
  154
  155
  156
  157
  1
  1
  1
  1
  1
  1
  1
  1
  1
  1
  1
  1
  2
  3
  158
  159
  160
  161
  1
  1
  1
  1
  1
  1
  1
  1
  1
  1
  1
  1
  2
  3
  162
  163
  164
  165
  166
  167
  1
  1
  1
  1
  1
  1
  1
  1
  2
  3
  168
  169
  170
  171
  1
  1
  1
  1
  1
  1
  1
  1
  1
  1
  1
  1
  2
  3
  172
  173
  174
  175
  176
  177
  1
  1
  1
  1
  1
  1
  1
  1
  1
  1
  1
  1
  2
  3
  178
  179
  180
  181
  1
  1
  1
  1
  1
  1
  1
  1
  2
  3
  182
  183
  184
  185
  186
  187
  1
  1
  1
  1
  1
  1
  1
  1
  1
  1
  1
  1
  2
  188
  1
  1
  1
  1
  1
  1
  1
  1
  1
  1
  1
  1
  1
  1
  1
  1
  1
  1
  1
  1
  1
  1
  1
  1
  1
  1
  1
  1
  1
  1
  1
  1
  1
  1
  1
  1
  1
  1
  1
  1
  1
  1
  1
  1
  1
  1
  1
  1
  1
  1
  1
  1
  1
  1
  1
  1
  1
  1
  1
  1
  1
  1
  1
  1
  1
  1
  1
  1
  1
  1
  1
  1
  1
  1
  1
  1
  1
  1
  1
  1
  1
  1
  1
  1
  1
  1
  1
  1
  1
  1
  1
  1
  1
  1
  1
  1
  1
  1
  1
  1
  1
  1
  1
  1
  1
  1
  1
  1
  1
  1
  1
  189
  188
  1
  189
  188
  1
  189
  188
  1
  189
  188
  1
  189
  188
  1
  189
  188
  1
  189
  188
  1
  189
  188
  1
  189
  188
  1
  189
  188
  1
  189
  188
  1
  189
  188
  1
  189
  188
  1
  189
  188
  1
  189
  188
  1
  189
  188
  1
  189
  188
  1
  189
  188
  1
  189
  188
  1
  189
  188
  189
  188
  189
  188
  189
  188
  189
  189
  189
------------------------------------------------------------
   this is the last line generated by conversion
