
	dat input file for DRAGON5
------------------------------------------------------------


* typge, nbfo, node, elem, macr, nreg,    z, mac2
      0,    0,  1985,  3842,   143, 1985,     0,     1
* index  kindex
      0       0  1
*     eps    eps0
  1.000000E-05   1.000000E-05
*   flux region number per geometry region (mesh)
   1,   2,   3,   4,   5,   6,   7,   8,   9,  10,  11,  12,
  13,  14,  15,  16,  17,  18,  19,  20,  21,  22,  23,  24,
  25,  26,  27,  28,  29,  30,  31,  32,  33,  34,  35,  36,
  37,  38,  39,  40,  41,  42,  43,  44,  45,  46,  47,  48,
  49,  50,  51,  52,  53,  54,  55,  56,  57,  58,  59,  60,
  61,  62,  63,  64,  65,  66,  67,  68,  69,  70,  71,  72,
  73,  74,  75,  76,  77,  78,  79,  80,  81,  82,  83,  84,
  85,  86,  87,  88,  89,  90,  91,  92,  93,  94,  95,  96,
  97,  98,  99, 100, 101, 102, 103, 104, 105, 106, 107, 108,
 109, 110, 111, 112, 113, 114, 115, 116, 117, 118, 119, 120,
 121, 122, 123, 124, 125, 126, 127, 128, 129, 130, 131, 132,
 133, 134, 135, 136, 137, 138, 139, 140, 141, 142, 143, 144,
 145, 146, 147, 148, 149, 150, 151, 152, 153, 154, 155, 156,
 157, 158, 159, 160, 161, 162, 163, 164, 165, 166, 167, 168,
 169, 170, 171, 172, 173, 174, 175, 176, 177, 178, 179, 180,
 181, 182, 183, 184, 185, 186, 187, 188, 189, 190, 191, 192,
 193, 194, 195, 196, 197, 198, 199, 200, 201, 202, 203, 204,
 205, 206, 207, 208, 209, 210, 211, 212, 213, 214, 215, 216,
 217, 218, 219, 220, 221, 222, 223, 224, 225, 226, 227, 228,
 229, 230, 231, 232, 233, 234, 235, 236, 237, 238, 239, 240,
 241, 242, 243, 244, 245, 246, 247, 248, 249, 250, 251, 252,
 253, 254, 255, 256, 257, 258, 259, 260, 261, 262, 263, 264,
 265, 266, 267, 268, 269, 270, 271, 272, 273, 274, 275, 276,
 277, 278, 279, 280, 281, 282, 283, 284, 285, 286, 287, 288,
 289, 290, 291, 292, 293, 294, 295, 296, 297, 298, 299, 300,
 301, 302, 303, 304, 305, 306, 307, 308, 309, 310, 311, 312,
 313, 314, 315, 316, 317, 318, 319, 320, 321, 322, 323, 324,
 325, 326, 327, 328, 329, 330, 331, 332, 333, 334, 335, 336,
 337, 338, 339, 340, 341, 342, 343, 344, 345, 346, 347, 348,
 349, 350, 351, 352, 353, 354, 355, 356, 357, 358, 359, 360,
 361, 362, 363, 364, 365, 366, 367, 368, 369, 370, 371, 372,
 373, 374, 375, 376, 377, 378, 379, 380, 381, 382, 383, 384,
 385, 386, 387, 388, 389, 390, 391, 392, 393, 394, 395, 396,
 397, 398, 399, 400, 401, 402, 403, 404, 405, 406, 407, 408,
 409, 410, 411, 412, 413, 414, 415, 416, 417, 418, 419, 420,
 421, 422, 423, 424, 425, 426, 427, 428, 429, 430, 431, 432,
 433, 434, 435, 436, 437, 438, 439, 440, 441, 442, 443, 444,
 445, 446, 447, 448, 449, 450, 451, 452, 453, 454, 455, 456,
 457, 458, 459, 460, 461, 462, 463, 464, 465, 466, 467, 468,
 469, 470, 471, 472, 473, 474, 475, 476, 477, 478, 479, 480,
 481, 482, 483, 484, 485, 486, 487, 488, 489, 490, 491, 492,
 493, 494, 495, 496, 497, 498, 499, 500, 501, 502, 503, 504,
 505, 506, 507, 508, 509, 510, 511, 512, 513, 514, 515, 516,
 517, 518, 519, 520, 521, 522, 523, 524, 525, 526, 527, 528,
 529, 530, 531, 532, 533, 534, 535, 536, 537, 538, 539, 540,
 541, 542, 543, 544, 545, 546, 547, 548, 549, 550, 551, 552,
 553, 554, 555, 556, 557, 558, 559, 560, 561, 562, 563, 564,
 565, 566, 567, 568, 569, 570, 571, 572, 573, 574, 575, 576,
 577, 578, 579, 580, 581, 582, 583, 584, 585, 586, 587, 588,
 589, 590, 591, 592, 593, 594, 595, 596, 597, 598, 599, 600,
 601, 602, 603, 604, 605, 606, 607, 608, 609, 610, 611, 612,
 613, 614, 615, 616, 617, 618, 619, 620, 621, 622, 623, 624,
 625, 626, 627, 628, 629, 630, 631, 632, 633, 634, 635, 636,
 637, 638, 639, 640, 641, 642, 643, 644, 645, 646, 647, 648,
 649, 650, 651, 652, 653, 654, 655, 656, 657, 658, 659, 660,
 661, 662, 663, 664, 665, 666, 667, 668, 669, 670, 671, 672,
 673, 674, 675, 676, 677, 678, 679, 680, 681, 682, 683, 684,
 685, 686, 687, 688, 689, 690, 691, 692, 693, 694, 695, 696,
 697, 698, 699, 700, 701, 702, 703, 704, 705, 706, 707, 708,
 709, 710, 711, 712, 713, 714, 715, 716, 717, 718, 719, 720,
 721, 722, 723, 724, 725, 726, 727, 728, 729, 730, 731, 732,
 733, 734, 735, 736, 737, 738, 739, 740, 741, 742, 743, 744,
 745, 746, 747, 748, 749, 750, 751, 752, 753, 754, 755, 756,
 757, 758, 759, 760, 761, 762, 763, 764, 765, 766, 767, 768,
 769, 770, 771, 772, 773, 774, 775, 776, 777, 778, 779, 780,
 781, 782, 783, 784, 785, 786, 787, 788, 789, 790, 791, 792,
 793, 794, 795, 796, 797, 798, 799, 800, 801, 802, 803, 804,
 805, 806, 807, 808, 809, 810, 811, 812, 813, 814, 815, 816,
 817, 818, 819, 820, 821, 822, 823, 824, 825, 826, 827, 828,
 829, 830, 831, 832, 833, 834, 835, 836, 837, 838, 839, 840,
 841, 842, 843, 844, 845, 846, 847, 848, 849, 850, 851, 852,
 853, 854, 855, 856, 857, 858, 859, 860, 861, 862, 863, 864,
 865, 866, 867, 868, 869, 870, 871, 872, 873, 874, 875, 876,
 877, 878, 879, 880, 881, 882, 883, 884, 885, 886, 887, 888,
 889, 890, 891, 892, 893, 894, 895, 896, 897, 898, 899, 900,
 901, 902, 903, 904, 905, 906, 907, 908, 909, 910, 911, 912,
 913, 914, 915, 916, 917, 918, 919, 920, 921, 922, 923, 924,
 925, 926, 927, 928, 929, 930, 931, 932, 933, 934, 935, 936,
 937, 938, 939, 940, 941, 942, 943, 944, 945, 946, 947, 948,
 949, 950, 951, 952, 953, 954, 955, 956, 957, 958, 959, 960,
 961, 962, 963, 964, 965, 966, 967, 968, 969, 970, 971, 972,
 973, 974, 975, 976, 977, 978, 979, 980, 981, 982, 983, 984,
 985, 986, 987, 988, 989, 990, 991, 992, 993, 994, 995, 996,
 997, 998, 999, 1000, 1001, 1002, 1003, 1004, 1005, 1006, 1007, 1008,
 1009, 1010, 1011, 1012, 1013, 1014, 1015, 1016, 1017, 1018, 1019, 1020,
 1021, 1022, 1023, 1024, 1025, 1026, 1027, 1028, 1029, 1030, 1031, 1032,
 1033, 1034, 1035, 1036, 1037, 1038, 1039, 1040, 1041, 1042, 1043, 1044,
 1045, 1046, 1047, 1048, 1049, 1050, 1051, 1052, 1053, 1054, 1055, 1056,
 1057, 1058, 1059, 1060, 1061, 1062, 1063, 1064, 1065, 1066, 1067, 1068,
 1069, 1070, 1071, 1072, 1073, 1074, 1075, 1076, 1077, 1078, 1079, 1080,
 1081, 1082, 1083, 1084, 1085, 1086, 1087, 1088, 1089, 1090, 1091, 1092,
 1093, 1094, 1095, 1096, 1097, 1098, 1099, 1100, 1101, 1102, 1103, 1104,
 1105, 1106, 1107, 1108, 1109, 1110, 1111, 1112, 1113, 1114, 1115, 1116,
 1117, 1118, 1119, 1120, 1121, 1122, 1123, 1124, 1125, 1126, 1127, 1128,
 1129, 1130, 1131, 1132, 1133, 1134, 1135, 1136, 1137, 1138, 1139, 1140,
 1141, 1142, 1143, 1144, 1145, 1146, 1147, 1148, 1149, 1150, 1151, 1152,
 1153, 1154, 1155, 1156, 1157, 1158, 1159, 1160, 1161, 1162, 1163, 1164,
 1165, 1166, 1167, 1168, 1169, 1170, 1171, 1172, 1173, 1174, 1175, 1176,
 1177, 1178, 1179, 1180, 1181, 1182, 1183, 1184, 1185, 1186, 1187, 1188,
 1189, 1190, 1191, 1192, 1193, 1194, 1195, 1196, 1197, 1198, 1199, 1200,
 1201, 1202, 1203, 1204, 1205, 1206, 1207, 1208, 1209, 1210, 1211, 1212,
 1213, 1214, 1215, 1216, 1217, 1218, 1219, 1220, 1221, 1222, 1223, 1224,
 1225, 1226, 1227, 1228, 1229, 1230, 1231, 1232, 1233, 1234, 1235, 1236,
 1237, 1238, 1239, 1240, 1241, 1242, 1243, 1244, 1245, 1246, 1247, 1248,
 1249, 1250, 1251, 1252, 1253, 1254, 1255, 1256, 1257, 1258, 1259, 1260,
 1261, 1262, 1263, 1264, 1265, 1266, 1267, 1268, 1269, 1270, 1271, 1272,
 1273, 1274, 1275, 1276, 1277, 1278, 1279, 1280, 1281, 1282, 1283, 1284,
 1285, 1286, 1287, 1288, 1289, 1290, 1291, 1292, 1293, 1294, 1295, 1296,
 1297, 1298, 1299, 1300, 1301, 1302, 1303, 1304, 1305, 1306, 1307, 1308,
 1309, 1310, 1311, 1312, 1313, 1314, 1315, 1316, 1317, 1318, 1319, 1320,
 1321, 1322, 1323, 1324, 1325, 1326, 1327, 1328, 1329, 1330, 1331, 1332,
 1333, 1334, 1335, 1336, 1337, 1338, 1339, 1340, 1341, 1342, 1343, 1344,
 1345, 1346, 1347, 1348, 1349, 1350, 1351, 1352, 1353, 1354, 1355, 1356,
 1357, 1358, 1359, 1360, 1361, 1362, 1363, 1364, 1365, 1366, 1367, 1368,
 1369, 1370, 1371, 1372, 1373, 1374, 1375, 1376, 1377, 1378, 1379, 1380,
 1381, 1382, 1383, 1384, 1385, 1386, 1387, 1388, 1389, 1390, 1391, 1392,
 1393, 1394, 1395, 1396, 1397, 1398, 1399, 1400, 1401, 1402, 1403, 1404,
 1405, 1406, 1407, 1408, 1409, 1410, 1411, 1412, 1413, 1414, 1415, 1416,
 1417, 1418, 1419, 1420, 1421, 1422, 1423, 1424, 1425, 1426, 1427, 1428,
 1429, 1430, 1431, 1432, 1433, 1434, 1435, 1436, 1437, 1438, 1439, 1440,
 1441, 1442, 1443, 1444, 1445, 1446, 1447, 1448, 1449, 1450, 1451, 1452,
 1453, 1454, 1455, 1456, 1457, 1458, 1459, 1460, 1461, 1462, 1463, 1464,
 1465, 1466, 1467, 1468, 1469, 1470, 1471, 1472, 1473, 1474, 1475, 1476,
 1477, 1478, 1479, 1480, 1481, 1482, 1483, 1484, 1485, 1486, 1487, 1488,
 1489, 1490, 1491, 1492, 1493, 1494, 1495, 1496, 1497, 1498, 1499, 1500,
 1501, 1502, 1503, 1504, 1505, 1506, 1507, 1508, 1509, 1510, 1511, 1512,
 1513, 1514, 1515, 1516, 1517, 1518, 1519, 1520, 1521, 1522, 1523, 1524,
 1525, 1526, 1527, 1528, 1529, 1530, 1531, 1532, 1533, 1534, 1535, 1536,
 1537, 1538, 1539, 1540, 1541, 1542, 1543, 1544, 1545, 1546, 1547, 1548,
 1549, 1550, 1551, 1552, 1553, 1554, 1555, 1556, 1557, 1558, 1559, 1560,
 1561, 1562, 1563, 1564, 1565, 1566, 1567, 1568, 1569, 1570, 1571, 1572,
 1573, 1574, 1575, 1576, 1577, 1578, 1579, 1580, 1581, 1582, 1583, 1584,
 1585, 1586, 1587, 1588, 1589, 1590, 1591, 1592, 1593, 1594, 1595, 1596,
 1597, 1598, 1599, 1600, 1601, 1602, 1603, 1604, 1605, 1606, 1607, 1608,
 1609, 1610, 1611, 1612, 1613, 1614, 1615, 1616, 1617, 1618, 1619, 1620,
 1621, 1622, 1623, 1624, 1625, 1626, 1627, 1628, 1629, 1630, 1631, 1632,
 1633, 1634, 1635, 1636, 1637, 1638, 1639, 1640, 1641, 1642, 1643, 1644,
 1645, 1646, 1647, 1648, 1649, 1650, 1651, 1652, 1653, 1654, 1655, 1656,
 1657, 1658, 1659, 1660, 1661, 1662, 1663, 1664, 1665, 1666, 1667, 1668,
 1669, 1670, 1671, 1672, 1673, 1674, 1675, 1676, 1677, 1678, 1679, 1680,
 1681, 1682, 1683, 1684, 1685, 1686, 1687, 1688, 1689, 1690, 1691, 1692,
 1693, 1694, 1695, 1696, 1697, 1698, 1699, 1700, 1701, 1702, 1703, 1704,
 1705, 1706, 1707, 1708, 1709, 1710, 1711, 1712, 1713, 1714, 1715, 1716,
 1717, 1718, 1719, 1720, 1721, 1722, 1723, 1724, 1725, 1726, 1727, 1728,
 1729, 1730, 1731, 1732, 1733, 1734, 1735, 1736, 1737, 1738, 1739, 1740,
 1741, 1742, 1743, 1744, 1745, 1746, 1747, 1748, 1749, 1750, 1751, 1752,
 1753, 1754, 1755, 1756, 1757, 1758, 1759, 1760, 1761, 1762, 1763, 1764,
 1765, 1766, 1767, 1768, 1769, 1770, 1771, 1772, 1773, 1774, 1775, 1776,
 1777, 1778, 1779, 1780, 1781, 1782, 1783, 1784, 1785, 1786, 1787, 1788,
 1789, 1790, 1791, 1792, 1793, 1794, 1795, 1796, 1797, 1798, 1799, 1800,
 1801, 1802, 1803, 1804, 1805, 1806, 1807, 1808, 1809, 1810, 1811, 1812,
 1813, 1814, 1815, 1816, 1817, 1818, 1819, 1820, 1821, 1822, 1823, 1824,
 1825, 1826, 1827, 1828, 1829, 1830, 1831, 1832, 1833, 1834, 1835, 1836,
 1837, 1838, 1839, 1840, 1841, 1842, 1843, 1844, 1845, 1846, 1847, 1848,
 1849, 1850, 1851, 1852, 1853, 1854, 1855, 1856, 1857, 1858, 1859, 1860,
 1861, 1862, 1863, 1864, 1865, 1866, 1867, 1868, 1869, 1870, 1871, 1872,
 1873, 1874, 1875, 1876, 1877, 1878, 1879, 1880, 1881, 1882, 1883, 1884,
 1885, 1886, 1887, 1888, 1889, 1890, 1891, 1892, 1893, 1894, 1895, 1896,
 1897, 1898, 1899, 1900, 1901, 1902, 1903, 1904, 1905, 1906, 1907, 1908,
 1909, 1910, 1911, 1912, 1913, 1914, 1915, 1916, 1917, 1918, 1919, 1920,
 1921, 1922, 1923, 1924, 1925, 1926, 1927, 1928, 1929, 1930, 1931, 1932,
 1933, 1934, 1935, 1936, 1937, 1938, 1939, 1940, 1941, 1942, 1943, 1944,
 1945, 1946, 1947, 1948, 1949, 1950, 1951, 1952, 1953, 1954, 1955, 1956,
 1957, 1958, 1959, 1960, 1961, 1962, 1963, 1964, 1965, 1966, 1967, 1968,
 1969, 1970, 1971, 1972, 1973, 1974, 1975, 1976, 1977, 1978, 1979, 1980,
 1981, 1982, 1983, 1984, 1985
*   names of macros
 MACRO_WaterRod_2 MACRO_WaterRod_1 MACRO99 MACRO98
 MACRO97 MACRO96 MACRO95 MACRO94
 MACRO93 MACRO92 MACRO91 MACRO90
 MACRO89 MACRO88 MACRO87 MACRO86
 MACRO85 MACRO84 MACRO83 MACRO82
 MACRO81 MACRO80 MACRO79 MACRO78
 MACRO77 MACRO76 MACRO75 MACRO74
 MACRO73 MACRO72 MACRO71 MACRO70
 MACRO69 MACRO68 MACRO67 MACRO64
 MACRO63 MACRO62 MACRO61 MACRO60
 MACRO59 MACRO58 MACRO57 MACRO54
 MACRO53 MACRO52 MACRO51 MACRO50
 MACRO49 MACRO48 MACRO47 MACRO46
 MACRO45 MACRO42 MACRO41 MACRO40
 MACRO39 MACRO38 MACRO37 MACRO36
 MACRO35 MACRO32 MACRO31 MACRO30
 MACRO29 MACRO28 MACRO27 MACRO26
 MACRO25 MACRO24 MACRO23 MACRO22
 MACRO21 MACRO20 MACRO19 MACRO18
 MACRO17 MACRO16 MACRO15 MACRO14
 MACRO13 MACRO12 MACRO11 MACRO10
 MACRO09 MACRO08 MACRO07 MACRO06
 MACRO05 MACRO04 MACRO03 MACRO02
 MACRO01 MACRO00 CROSS_WING_2 CROSS_WING_1
 RIGHT_1 RIGHT_10 BOT_1   BOT_10 
 CORNER_BL CORNER_BR CORNER_TR CROSS_WING_1_STUB
 CROSS_WING_2_STUB RIGHT_6 RIGHT_8 RIGHT_9
 BOT_6   RIGHT_2 RIGHT_3 BOT_8  
 BOT_9   RIGHT_4 RIGHT_5 BOT_2  
 BOT_3   BOT_4   BOT_5   RIGHT_7
 BOT_7   TOP_1   LEFT_10 TOP_10 
 LEFT_1  TOP_9   TOP_6   TOP_8  
 TOP_3   LEFT_6  LEFT_8  LEFT_9 
 TOP_5   LEFT_3  LEFT_5  LEFT_2 
 TOP_2   TOP_4   LEFT_4  LEFT_7 
 TOP_7   CORNER_TL CROSS_CENTER
*   macro order number per flux region
  1,  1,  1,  1,  1,  1,  1,  1,  1,  1,  2,  2,
  2,  2,  2,  2,  2,  2,  2,  2,  3,  3,  3,  3,
  3,  3,  3,  3,  3,  3,  3,  3,  3,  3,  3,  3,
  3,  3,  4,  4,  4,  4,  4,  4,  4,  4,  4,  4,
  4,  4,  4,  4,  4,  4,  4,  4,  5,  5,  5,  5,
  5,  5,  5,  5,  5,  5,  5,  5,  5,  5,  5,  5,
  5,  5,  6,  6,  6,  6,  6,  6,  6,  6,  6,  6,
  6,  6,  6,  6,  6,  6,  6,  6,  7,  7,  7,  7,
  7,  7,  7,  7,  7,  7,  7,  7,  7,  7,  7,  7,
  7,  7,  8,  8,  8,  8,  8,  8,  8,  8,  8,  8,
  8,  8,  8,  8,  8,  8,  8,  8,  9,  9,  9,  9,
  9,  9,  9,  9,  9,  9,  9,  9,  9,  9,  9,  9,
  9,  9, 10, 10, 10, 10, 10, 10, 10, 10, 10, 10,
 10, 10, 10, 10, 10, 10, 10, 10, 11, 11, 11, 11,
 11, 11, 11, 11, 11, 11, 11, 11, 11, 11, 11, 11,
 11, 11, 12, 12, 12, 12, 12, 12, 12, 12, 12, 12,
 12, 12, 12, 12, 12, 12, 12, 12, 13, 13, 13, 13,
 13, 13, 13, 13, 13, 13, 13, 13, 13, 13, 13, 13,
 13, 13, 14, 14, 14, 14, 14, 14, 14, 14, 14, 14,
 14, 14, 14, 14, 14, 14, 14, 14, 15, 15, 15, 15,
 15, 15, 15, 15, 15, 15, 15, 15, 15, 15, 15, 15,
 15, 15, 15, 15, 16, 16, 16, 16, 16, 16, 16, 16,
 16, 16, 16, 16, 16, 16, 16, 16, 16, 16, 17, 17,
 17, 17, 17, 17, 17, 17, 17, 17, 17, 17, 17, 17,
 17, 17, 17, 17, 17, 17, 18, 18, 18, 18, 18, 18,
 18, 18, 18, 18, 18, 18, 18, 18, 18, 18, 18, 18,
 19, 19, 19, 19, 19, 19, 19, 19, 19, 19, 19, 19,
 19, 19, 19, 19, 19, 19, 20, 20, 20, 20, 20, 20,
 20, 20, 20, 20, 20, 20, 20, 20, 20, 20, 20, 20,
 21, 21, 21, 21, 21, 21, 21, 21, 21, 21, 21, 21,
 21, 21, 21, 21, 21, 21, 22, 22, 22, 22, 22, 22,
 22, 22, 22, 22, 22, 22, 22, 22, 22, 22, 22, 22,
 23, 23, 23, 23, 23, 23, 23, 23, 23, 23, 23, 23,
 23, 23, 23, 23, 23, 23, 24, 24, 24, 24, 24, 24,
 24, 24, 24, 24, 24, 24, 24, 24, 24, 24, 24, 24,
 24, 24, 25, 25, 25, 25, 25, 25, 25, 25, 25, 25,
 25, 25, 25, 25, 25, 25, 25, 25, 26, 26, 26, 26,
 26, 26, 26, 26, 26, 26, 26, 26, 26, 26, 26, 26,
 26, 26, 26, 26, 27, 27, 27, 27, 27, 27, 27, 27,
 27, 27, 27, 27, 27, 27, 27, 27, 27, 27, 28, 28,
 28, 28, 28, 28, 28, 28, 28, 28, 28, 28, 28, 28,
 28, 28, 28, 28, 28, 28, 29, 29, 29, 29, 29, 29,
 29, 29, 29, 29, 29, 29, 29, 29, 29, 29, 29, 29,
 30, 30, 30, 30, 30, 30, 30, 30, 30, 30, 30, 30,
 30, 30, 30, 30, 30, 30, 30, 30, 31, 31, 31, 31,
 31, 31, 31, 31, 31, 31, 31, 31, 31, 31, 31, 31,
 31, 31, 32, 32, 32, 32, 32, 32, 32, 32, 32, 32,
 32, 32, 32, 32, 32, 32, 32, 32, 33, 33, 33, 33,
 33, 33, 33, 33, 33, 33, 33, 33, 33, 33, 33, 33,
 33, 33, 34, 34, 34, 34, 34, 34, 34, 34, 34, 34,
 34, 34, 34, 34, 34, 34, 34, 34, 35, 35, 35, 35,
 35, 35, 35, 35, 35, 35, 35, 35, 35, 35, 35, 35,
 35, 35, 36, 36, 36, 36, 36, 36, 36, 36, 36, 36,
 36, 36, 36, 36, 36, 36, 36, 36, 37, 37, 37, 37,
 37, 37, 37, 37, 37, 37, 37, 37, 37, 37, 37, 37,
 37, 37, 37, 37, 38, 38, 38, 38, 38, 38, 38, 38,
 38, 38, 38, 38, 38, 38, 38, 38, 38, 38, 39, 39,
 39, 39, 39, 39, 39, 39, 39, 39, 39, 39, 39, 39,
 39, 39, 39, 39, 40, 40, 40, 40, 40, 40, 40, 40,
 40, 40, 40, 40, 40, 40, 40, 40, 40, 40, 41, 41,
 41, 41, 41, 41, 41, 41, 41, 41, 41, 41, 41, 41,
 41, 41, 41, 41, 42, 42, 42, 42, 42, 42, 42, 42,
 42, 42, 42, 42, 42, 42, 42, 42, 42, 42, 43, 43,
 43, 43, 43, 43, 43, 43, 43, 43, 43, 43, 43, 43,
 43, 43, 43, 43, 44, 44, 44, 44, 44, 44, 44, 44,
 44, 44, 44, 44, 44, 44, 44, 44, 44, 44, 45, 45,
 45, 45, 45, 45, 45, 45, 45, 45, 45, 45, 45, 45,
 45, 45, 45, 45, 46, 46, 46, 46, 46, 46, 46, 46,
 46, 46, 46, 46, 46, 46, 46, 46, 46, 46, 46, 46,
 47, 47, 47, 47, 47, 47, 47, 47, 47, 47, 47, 47,
 47, 47, 47, 47, 47, 47, 48, 48, 48, 48, 48, 48,
 48, 48, 48, 48, 48, 48, 48, 48, 48, 48, 48, 48,
 49, 49, 49, 49, 49, 49, 49, 49, 49, 49, 49, 49,
 49, 49, 49, 49, 49, 49, 50, 50, 50, 50, 50, 50,
 50, 50, 50, 50, 50, 50, 50, 50, 50, 50, 50, 50,
 50, 50, 51, 51, 51, 51, 51, 51, 51, 51, 51, 51,
 51, 51, 51, 51, 51, 51, 51, 51, 52, 52, 52, 52,
 52, 52, 52, 52, 52, 52, 52, 52, 52, 52, 52, 52,
 52, 52, 53, 53, 53, 53, 53, 53, 53, 53, 53, 53,
 53, 53, 53, 53, 53, 53, 53, 53, 54, 54, 54, 54,
 54, 54, 54, 54, 54, 54, 54, 54, 54, 54, 54, 54,
 54, 54, 55, 55, 55, 55, 55, 55, 55, 55, 55, 55,
 55, 55, 55, 55, 55, 55, 55, 55, 55, 55, 56, 56,
 56, 56, 56, 56, 56, 56, 56, 56, 56, 56, 56, 56,
 56, 56, 56, 56, 57, 57, 57, 57, 57, 57, 57, 57,
 57, 57, 57, 57, 57, 57, 57, 57, 57, 57, 58, 58,
 58, 58, 58, 58, 58, 58, 58, 58, 58, 58, 58, 58,
 58, 58, 58, 58, 59, 59, 59, 59, 59, 59, 59, 59,
 59, 59, 59, 59, 59, 59, 59, 59, 59, 59, 59, 59,
 60, 60, 60, 60, 60, 60, 60, 60, 60, 60, 60, 60,
 60, 60, 60, 60, 60, 60, 61, 61, 61, 61, 61, 61,
 61, 61, 61, 61, 61, 61, 61, 61, 61, 61, 61, 61,
 62, 62, 62, 62, 62, 62, 62, 62, 62, 62, 62, 62,
 62, 62, 62, 62, 62, 62, 62, 62, 63, 63, 63, 63,
 63, 63, 63, 63, 63, 63, 63, 63, 63, 63, 63, 63,
 63, 63, 64, 64, 64, 64, 64, 64, 64, 64, 64, 64,
 64, 64, 64, 64, 64, 64, 64, 64, 65, 65, 65, 65,
 65, 65, 65, 65, 65, 65, 65, 65, 65, 65, 65, 65,
 65, 65, 66, 66, 66, 66, 66, 66, 66, 66, 66, 66,
 66, 66, 66, 66, 66, 66, 66, 66, 66, 66, 67, 67,
 67, 67, 67, 67, 67, 67, 67, 67, 67, 67, 67, 67,
 67, 67, 67, 67, 68, 68, 68, 68, 68, 68, 68, 68,
 68, 68, 68, 68, 68, 68, 68, 68, 68, 68, 68, 68,
 69, 69, 69, 69, 69, 69, 69, 69, 69, 69, 69, 69,
 69, 69, 69, 69, 69, 69, 70, 70, 70, 70, 70, 70,
 70, 70, 70, 70, 70, 70, 70, 70, 70, 70, 70, 70,
 71, 71, 71, 71, 71, 71, 71, 71, 71, 71, 71, 71,
 71, 71, 71, 71, 71, 71, 72, 72, 72, 72, 72, 72,
 72, 72, 72, 72, 72, 72, 72, 72, 72, 72, 72, 72,
 73, 73, 73, 73, 73, 73, 73, 73, 73, 73, 73, 73,
 73, 73, 73, 73, 73, 73, 73, 73, 74, 74, 74, 74,
 74, 74, 74, 74, 74, 74, 74, 74, 74, 74, 74, 74,
 74, 74, 75, 75, 75, 75, 75, 75, 75, 75, 75, 75,
 75, 75, 75, 75, 75, 75, 75, 75, 76, 76, 76, 76,
 76, 76, 76, 76, 76, 76, 76, 76, 76, 76, 76, 76,
 76, 76, 77, 77, 77, 77, 77, 77, 77, 77, 77, 77,
 77, 77, 77, 77, 77, 77, 77, 77, 77, 77, 78, 78,
 78, 78, 78, 78, 78, 78, 78, 78, 78, 78, 78, 78,
 78, 78, 78, 78, 79, 79, 79, 79, 79, 79, 79, 79,
 79, 79, 79, 79, 79, 79, 79, 79, 79, 79, 79, 79,
 80, 80, 80, 80, 80, 80, 80, 80, 80, 80, 80, 80,
 80, 80, 80, 80, 80, 80, 81, 81, 81, 81, 81, 81,
 81, 81, 81, 81, 81, 81, 81, 81, 81, 81, 81, 81,
 82, 82, 82, 82, 82, 82, 82, 82, 82, 82, 82, 82,
 82, 82, 82, 82, 82, 82, 82, 82, 83, 83, 83, 83,
 83, 83, 83, 83, 83, 83, 83, 83, 83, 83, 83, 83,
 83, 83, 84, 84, 84, 84, 84, 84, 84, 84, 84, 84,
 84, 84, 84, 84, 84, 84, 84, 84, 85, 85, 85, 85,
 85, 85, 85, 85, 85, 85, 85, 85, 85, 85, 85, 85,
 85, 85, 86, 86, 86, 86, 86, 86, 86, 86, 86, 86,
 86, 86, 86, 86, 86, 86, 86, 86, 87, 87, 87, 87,
 87, 87, 87, 87, 87, 87, 87, 87, 87, 87, 87, 87,
 87, 87, 88, 88, 88, 88, 88, 88, 88, 88, 88, 88,
 88, 88, 88, 88, 88, 88, 88, 88, 89, 89, 89, 89,
 89, 89, 89, 89, 89, 89, 89, 89, 89, 89, 89, 89,
 89, 89, 90, 90, 90, 90, 90, 90, 90, 90, 90, 90,
 90, 90, 90, 90, 90, 90, 90, 90, 91, 91, 91, 91,
 91, 91, 91, 91, 91, 91, 91, 91, 91, 91, 91, 91,
 91, 91, 92, 92, 92, 92, 92, 92, 92, 92, 92, 92,
 92, 92, 92, 92, 92, 92, 92, 92, 93, 93, 93, 93,
 93, 93, 93, 93, 93, 93, 93, 93, 93, 93, 93, 93,
 93, 93, 94, 94, 94, 94, 94, 94, 94, 94, 94, 94,
 94, 94, 94, 94, 94, 94, 94, 94, 95, 96, 97, 98,
 99, 100, 101, 102, 103, 104, 105, 106, 107, 108, 109, 110,
 111, 112, 113, 114, 115, 116, 117, 118, 119, 120, 121, 95,
 96, 122, 123, 124, 125, 126, 127, 128, 129, 130, 131, 132,
 133, 134, 135, 136, 137, 138, 139, 140, 141, 109, 112, 113,
 130, 131, 132, 134, 116, 127, 128, 126, 117, 139, 135, 129,
 136, 118, 119, 121, 111, 106, 107, 108, 140, 138, 133, 110,
 114, 115, 137, 141, 120, 125, 99, 122, 123, 97, 100, 98,
 124, 109, 134, 130, 131, 132, 112, 113, 135, 116, 117, 106,
 118, 129, 119, 127, 128, 126, 107, 108, 139, 133, 110, 111,
 136, 140, 114, 115, 138, 137, 121, 141, 120, 142, 125, 99,
 122, 97, 100, 123, 124, 98, 95, 96, 95, 95, 95, 95,
 95, 95, 95, 95, 95, 95, 95, 95, 95, 95, 95, 95,
 95, 95, 95, 96, 96, 96, 96, 96, 96, 96, 96, 96,
 96, 96, 96, 96, 96, 96, 96, 96, 96, 96, 95, 96,
 143, 95, 95, 96, 96, 95, 96, 96, 96, 96, 95, 95,
 96, 96, 95, 95, 95, 95, 95, 95, 95, 95, 95, 95,
 95, 95, 95, 95, 95, 95, 96, 96, 96, 96, 96, 96,
 96, 96, 96, 96, 96, 96, 96, 96, 95, 95, 96, 96,
 96, 96, 96, 96, 96, 96, 96, 96, 96, 96, 96, 96,
 96, 96, 96, 96, 96, 96, 96, 96, 95, 95, 95, 95,
 95, 95, 95, 95, 95, 95, 95, 95, 95, 95, 95, 95,
 95, 95, 95, 95, 95, 96, 95, 95, 96,  3, 85, 12,
 94, 101, 142, 102, 103
   elements
* ELEM  1  line segment
 1, 1723, 1929
*
  0.0000000E+00, 2.8575000E+00, 3.9624000E-01, 0.0000000E+00
* ELEM  2  line segment
 1, 1723, 1756
*
  3.9624000E-01, 2.8575000E+00, 0.0000000E+00, -4.3750000E-01
* ELEM  3  line segment
 1, 1723, 1745
*
  3.9624000E-01, 2.4200000E+00, 0.0000000E+00, -1.3000000E+00
* ELEM  4  line segment
 1, 1723, 1719
*
  3.9624000E-01, 1.1200000E+00, -3.9624000E-01, 0.0000000E+00
* ELEM  5  line segment
 1, 0, 1723
*
  0.0000000E+00, 2.8575000E+00, 0.0000000E+00, -1.7375000E+00
* ELEM  6  line segment
 1, 1745, 1719
*
  1.0531941E+00, 1.1200000E+00, -6.5695413E-01, 0.0000000E+00
* ELEM  7  circular arc
 3, 1982, 1719
*
  1.8850000E+00, 1.8850000E+00, 1.1301000E+00, 2.2260430E+02, 4.7913947E+00
* ELEM  8  line segment
 1, 1717, 1719
*
  1.1200000E+00, 0.0000000E+00, 0.0000000E+00, 1.0531941E+00
* ELEM  9  line segment
 1, 0, 1719
*
  0.0000000E+00, 0.0000000E+00, 1.1200000E+00, 0.0000000E+00
* ELEM  10  line segment
 1, 0, 1719
*
  0.0000000E+00, 1.1200000E+00, 0.0000000E+00, -1.1200000E+00
* ELEM  11  line segment
 1, 1756, 1929
*
  3.9624000E-01, 2.8575000E+00, 0.0000000E+00, 1.4223220E-01
* ELEM  12  line segment
 1, 1756, 1976
*
  3.9624000E-01, 2.9997322E+00, 0.0000000E+00, 2.5400780E-01
* ELEM  13  line segment
 1, 1756, 1713
*
  3.9624000E-01, 3.2537400E+00, 0.0000000E+00, 4.6626000E-01
* ELEM  14  line segment
 1, 1754, 1756
*
  7.5490000E-01, 3.7200000E+00, -3.5866000E-01, 0.0000000E+00
* ELEM  15  line segment
 1, 1756, 1825
*
  7.5490000E-01, 3.7200000E+00, 0.0000000E+00, -1.3000000E+00
* ELEM  16  line segment
 1, 1756, 1745
*
  7.5490000E-01, 2.4200000E+00, -3.5866000E-01, 0.0000000E+00
* ELEM  17  line segment
 1, 1745, 1794
*
  7.5490000E-01, 2.4200000E+00, 0.0000000E+00, -5.3500000E-01
* ELEM  18  circular arc
 3, 1794, 1745
*
  1.8850000E+00, 1.8850000E+00, 1.1301000E+00, 1.8000000E+02, 4.2604303E+01
* ELEM  19  circular arc
 3, 1795, 1717
*
  1.8850000E+00, 1.8850000E+00, 1.1301000E+00, 2.2739570E+02, 4.2604303E+01
* ELEM  20  line segment
 1, 1717, 1795
*
  1.8850000E+00, 7.5490000E-01, 5.3500000E-01, 0.0000000E+00
* ELEM  21  line segment
 1, 1734, 1717
*
  2.4200000E+00, 0.0000000E+00, 0.0000000E+00, 7.5490000E-01
* ELEM  22  line segment
 1, 0, 1717
*
  1.1200000E+00, 0.0000000E+00, 1.3000000E+00, 0.0000000E+00
* ELEM  23  line segment
 1, 1734, 1810
*
  2.4200000E+00, 7.5490000E-01, 1.3000000E+00, 0.0000000E+00
* ELEM  24  line segment
 1, 1735, 1734
*
  3.7200000E+00, 0.0000000E+00, 0.0000000E+00, 7.5490000E-01
* ELEM  25  line segment
 1, 0, 1734
*
  2.4200000E+00, 0.0000000E+00, 1.3000000E+00, 0.0000000E+00
* ELEM  26  line segment
 1, 1754, 1713
*
  3.9624000E-01, 3.7200000E+00, 0.0000000E+00, 1.3000000E+00
* ELEM  27  line segment
 1, 1759, 1754
*
  7.5490000E-01, 5.0200000E+00, -3.5866000E-01, 0.0000000E+00
* ELEM  28  line segment
 1, 1754, 1803
*
  7.5490000E-01, 5.0200000E+00, 0.0000000E+00, -1.3000000E+00
* ELEM  29  line segment
 1, 1735, 1811
*
  3.7200000E+00, 7.5490000E-01, 1.3000000E+00, 0.0000000E+00
* ELEM  30  line segment
 1, 1736, 1735
*
  5.0200000E+00, 0.0000000E+00, 0.0000000E+00, 7.5490000E-01
* ELEM  31  line segment
 1, 0, 1735
*
  3.7200000E+00, 0.0000000E+00, 1.3000000E+00, 0.0000000E+00
* ELEM  32  line segment
 1, 1759, 1713
*
  3.9624000E-01, 5.0200000E+00, 0.0000000E+00, 1.3000000E+00
* ELEM  33  line segment
 1, 1755, 1759
*
  7.5490000E-01, 6.3200000E+00, -3.5866000E-01, 0.0000000E+00
* ELEM  34  line segment
 1, 1759, 1821
*
  7.5490000E-01, 6.3200000E+00, 0.0000000E+00, -1.3000000E+00
* ELEM  35  line segment
 1, 1736, 1813
*
  5.0200000E+00, 7.5490000E-01, 1.3000000E+00, 0.0000000E+00
* ELEM  36  line segment
 1, 1737, 1736
*
  6.3200000E+00, 0.0000000E+00, 0.0000000E+00, 7.5490000E-01
* ELEM  37  line segment
 1, 0, 1736
*
  5.0200000E+00, 0.0000000E+00, 1.3000000E+00, 0.0000000E+00
* ELEM  38  line segment
 1, 1755, 1713
*
  3.9624000E-01, 6.3200000E+00, 0.0000000E+00, 1.3000000E+00
* ELEM  39  line segment
 1, 1750, 1755
*
  7.5490000E-01, 7.6200000E+00, -3.5866000E-01, 0.0000000E+00
* ELEM  40  line segment
 1, 1755, 1809
*
  7.5490000E-01, 7.6200000E+00, 0.0000000E+00, -1.3000000E+00
* ELEM  41  line segment
 1, 1737, 1815
*
  6.3200000E+00, 7.5490000E-01, 1.3000000E+00, 0.0000000E+00
* ELEM  42  line segment
 1, 1727, 1737
*
  7.6200000E+00, 0.0000000E+00, 0.0000000E+00, 7.5490000E-01
* ELEM  43  line segment
 1, 0, 1737
*
  6.3200000E+00, 0.0000000E+00, 1.3000000E+00, 0.0000000E+00
* ELEM  44  line segment
 1, 1750, 1713
*
  3.9624000E-01, 7.6200000E+00, 0.0000000E+00, 1.3000000E+00
* ELEM  45  line segment
 1, 1760, 1750
*
  7.5490000E-01, 8.9200000E+00, -3.5866000E-01, 0.0000000E+00
* ELEM  46  line segment
 1, 1750, 1804
*
  7.5490000E-01, 8.9200000E+00, 0.0000000E+00, -1.3000000E+00
* ELEM  47  line segment
 1, 1727, 1802
*
  7.6200000E+00, 7.5490000E-01, 1.3000000E+00, 0.0000000E+00
* ELEM  48  line segment
 1, 1739, 1727
*
  8.9200000E+00, 0.0000000E+00, 0.0000000E+00, 7.5490000E-01
* ELEM  49  line segment
 1, 0, 1727
*
  7.6200000E+00, 0.0000000E+00, 1.3000000E+00, 0.0000000E+00
* ELEM  50  line segment
 1, 1760, 1713
*
  3.9624000E-01, 8.9200000E+00, 0.0000000E+00, 1.3000000E+00
* ELEM  51  line segment
 1, 1751, 1760
*
  7.5490000E-01, 1.0220000E+01, -3.5866000E-01, 0.0000000E+00
* ELEM  52  line segment
 1, 1760, 1826
*
  7.5490000E-01, 1.0220000E+01, 0.0000000E+00, -1.3000000E+00
* ELEM  53  line segment
 1, 1739, 1831
*
  8.9200000E+00, 7.5490000E-01, 1.3000000E+00, 0.0000000E+00
* ELEM  54  line segment
 1, 1730, 1739
*
  1.0220000E+01, 0.0000000E+00, 0.0000000E+00, 7.5490000E-01
* ELEM  55  line segment
 1, 0, 1739
*
  8.9200000E+00, 0.0000000E+00, 1.3000000E+00, 0.0000000E+00
* ELEM  56  line segment
 1, 1751, 1713
*
  3.9624000E-01, 1.0220000E+01, 0.0000000E+00, 1.3000000E+00
* ELEM  57  line segment
 1, 1752, 1751
*
  7.5490000E-01, 1.1520000E+01, -3.5866000E-01, 0.0000000E+00
* ELEM  58  line segment
 1, 1751, 1805
*
  7.5490000E-01, 1.1520000E+01, 0.0000000E+00, -1.3000000E+00
* ELEM  59  line segment
 1, 1730, 1807
*
  1.0220000E+01, 7.5490000E-01, 1.3000000E+00, 0.0000000E+00
* ELEM  60  line segment
 1, 1731, 1730
*
  1.1520000E+01, 0.0000000E+00, 0.0000000E+00, 7.5490000E-01
* ELEM  61  line segment
 1, 0, 1730
*
  1.0220000E+01, 0.0000000E+00, 1.3000000E+00, 0.0000000E+00
* ELEM  62  line segment
 1, 1752, 1713
*
  3.9624000E-01, 1.1520000E+01, 0.0000000E+00, 1.3000000E+00
* ELEM  63  line segment
 1, 1743, 1752
*
  7.5490000E-01, 1.2820000E+01, -3.5866000E-01, 0.0000000E+00
* ELEM  64  line segment
 1, 1752, 1806
*
  7.5490000E-01, 1.2820000E+01, 0.0000000E+00, -1.3000000E+00
* ELEM  65  line segment
 1, 1731, 1808
*
  1.1520000E+01, 7.5490000E-01, 1.3000000E+00, 0.0000000E+00
* ELEM  66  line segment
 1, 1718, 1731
*
  1.2820000E+01, 0.0000000E+00, 0.0000000E+00, 7.5490000E-01
* ELEM  67  line segment
 1, 0, 1731
*
  1.1520000E+01, 0.0000000E+00, 1.3000000E+00, 0.0000000E+00
* ELEM  68  line segment
 1, 1743, 1713
*
  3.9624000E-01, 1.2820000E+01, 0.0000000E+00, 4.3499000E-01
* ELEM  69  line segment
 1, 1743, 1740
*
  3.9624000E-01, 1.3254990E+01, 0.0000000E+00, 8.6501000E-01
* ELEM  70  line segment
 1, 1743, 1834
*
  3.9624000E-01, 1.4120000E+01, 6.5695413E-01, 0.0000000E+00
* ELEM  71  circular arc
 3, 1797, 1743
*
  1.8850000E+00, 1.3355000E+01, 1.1301000E+00, 1.3739570E+02, 4.2604303E+01
* ELEM  72  line segment
 1, 1743, 1797
*
  7.5490000E-01, 1.3355000E+01, 0.0000000E+00, -5.3500000E-01
* ELEM  73  line segment
 1, 1718, 1799
*
  1.2820000E+01, 7.5490000E-01, 5.3500000E-01, 0.0000000E+00
* ELEM  74  circular arc
 3, 1799, 1718
*
  1.3355000E+01, 1.8850000E+00, 1.1301000E+00, 2.7000000E+02, 4.2604303E+01
* ELEM  75  line segment
 1, 1718, 1720
*
  1.4120000E+01, 1.0531941E+00, 0.0000000E+00, -1.0531941E+00
* ELEM  76  line segment
 1, 0, 1718
*
  1.2820000E+01, 0.0000000E+00, 1.3000000E+00, 0.0000000E+00
* ELEM  77  circular arc
 3, 1984, 1720
*
  1.3355000E+01, 1.8850000E+00, 1.1301000E+00, 3.1260430E+02, 4.7913947E+00
* ELEM  78  line segment
 1, 1715, 1720
*
  1.5240000E+01, 1.1200000E+00, -1.0531941E+00, 0.0000000E+00
* ELEM  79  line segment
 1, 0, 1720
*
  1.5240000E+01, 0.0000000E+00, 0.0000000E+00, 1.1200000E+00
* ELEM  80  line segment
 1, 0, 1720
*
  1.4120000E+01, 0.0000000E+00, 1.1200000E+00, 0.0000000E+00
* ELEM  81  line segment
 1, 1834, 1740
*
  3.9624000E-01, 1.4120000E+01, 0.0000000E+00, 7.2376000E-01
* ELEM  82  line segment
 1, 1834, 1741
*
  3.9624000E-01, 1.4843760E+01, 7.2376000E-01, 0.0000000E+00
* ELEM  83  line segment
 1, 1742, 1834
*
  1.1200000E+00, 1.4186806E+01, 0.0000000E+00, 6.5695413E-01
* ELEM  84  circular arc
 3, 1983, 1834
*
  1.8850000E+00, 1.3355000E+01, 1.1301000E+00, 1.3260430E+02, 4.7913947E+00
* ELEM  85  line segment
 1, 1742, 1741
*
  1.1200000E+00, 1.4843760E+01, 8.6501000E-01, 0.0000000E+00
* ELEM  86  line segment
 1, 1742, 1714
*
  1.9850100E+00, 1.4843760E+01, 4.3499000E-01, 0.0000000E+00
* ELEM  87  line segment
 1, 1757, 1742
*
  2.4200000E+00, 1.4485100E+01, 0.0000000E+00, 3.5866000E-01
* ELEM  88  line segment
 1, 1742, 1796
*
  2.4200000E+00, 1.4485100E+01, -5.3500000E-01, 0.0000000E+00
* ELEM  89  circular arc
 3, 1796, 1742
*
  1.8850000E+00, 1.3355000E+01, 1.1301000E+00, 9.0000000E+01, 4.2604303E+01
* ELEM  90  circular arc
 3, 1798, 1715
*
  1.3355000E+01, 1.8850000E+00, 1.1301000E+00, 3.1739570E+02, 4.2604303E+01
* ELEM  91  line segment
 1, 1715, 1798
*
  1.4485100E+01, 1.8850000E+00, 0.0000000E+00, 5.3500000E-01
* ELEM  92  line segment
 1, 1728, 1715
*
  1.5240000E+01, 2.4200000E+00, -7.5490000E-01, 0.0000000E+00
* ELEM  93  line segment
 1, 0, 1715
*
  1.5240000E+01, 1.1200000E+00, 0.0000000E+00, 1.3000000E+00
* ELEM  94  line segment
 1, 1728, 1823
*
  1.4485100E+01, 2.4200000E+00, 0.0000000E+00, 1.3000000E+00
* ELEM  95  line segment
 1, 1729, 1728
*
  1.5240000E+01, 3.7200000E+00, -7.5490000E-01, 0.0000000E+00
* ELEM  96  line segment
 1, 0, 1728
*
  1.5240000E+01, 2.4200000E+00, 0.0000000E+00, 1.3000000E+00
* ELEM  97  line segment
 1, 1757, 1714
*
  2.4200000E+00, 1.4843760E+01, 1.3000000E+00, 0.0000000E+00
* ELEM  98  line segment
 1, 1749, 1757
*
  3.7200000E+00, 1.4485100E+01, 0.0000000E+00, 3.5866000E-01
* ELEM  99  line segment
 1, 1757, 1830
*
  3.7200000E+00, 1.4485100E+01, -1.3000000E+00, 0.0000000E+00
* ELEM  100  line segment
 1, 1729, 1824
*
  1.4485100E+01, 3.7200000E+00, 0.0000000E+00, 1.3000000E+00
* ELEM  101  line segment
 1, 1732, 1729
*
  1.5240000E+01, 5.0200000E+00, -7.5490000E-01, 0.0000000E+00
* ELEM  102  line segment
 1, 0, 1729
*
  1.5240000E+01, 3.7200000E+00, 0.0000000E+00, 1.3000000E+00
* ELEM  103  line segment
 1, 1749, 1714
*
  3.7200000E+00, 1.4843760E+01, 1.3000000E+00, 0.0000000E+00
* ELEM  104  line segment
 1, 1758, 1749
*
  5.0200000E+00, 1.4485100E+01, 0.0000000E+00, 3.5866000E-01
* ELEM  105  line segment
 1, 1749, 1814
*
  5.0200000E+00, 1.4485100E+01, -1.3000000E+00, 0.0000000E+00
* ELEM  106  line segment
 1, 1732, 1827
*
  1.4485100E+01, 5.0200000E+00, 0.0000000E+00, 1.3000000E+00
* ELEM  107  line segment
 1, 1733, 1732
*
  1.5240000E+01, 6.3200000E+00, -7.5490000E-01, 0.0000000E+00
* ELEM  108  line segment
 1, 0, 1732
*
  1.5240000E+01, 5.0200000E+00, 0.0000000E+00, 1.3000000E+00
* ELEM  109  line segment
 1, 1758, 1714
*
  5.0200000E+00, 1.4843760E+01, 1.3000000E+00, 0.0000000E+00
* ELEM  110  line segment
 1, 1753, 1758
*
  6.3200000E+00, 1.4485100E+01, 0.0000000E+00, 3.5866000E-01
* ELEM  111  line segment
 1, 1758, 1829
*
  6.3200000E+00, 1.4485100E+01, -1.3000000E+00, 0.0000000E+00
* ELEM  112  line segment
 1, 1733, 1828
*
  1.4485100E+01, 6.3200000E+00, 0.0000000E+00, 1.3000000E+00
* ELEM  113  line segment
 1, 1724, 1733
*
  1.5240000E+01, 7.6200000E+00, -7.5490000E-01, 0.0000000E+00
* ELEM  114  line segment
 1, 0, 1733
*
  1.5240000E+01, 6.3200000E+00, 0.0000000E+00, 1.3000000E+00
* ELEM  115  line segment
 1, 1753, 1714
*
  6.3200000E+00, 1.4843760E+01, 1.3000000E+00, 0.0000000E+00
* ELEM  116  line segment
 1, 1747, 1753
*
  7.6200000E+00, 1.4485100E+01, 0.0000000E+00, 3.5866000E-01
* ELEM  117  line segment
 1, 1753, 1822
*
  7.6200000E+00, 1.4485100E+01, -1.3000000E+00, 0.0000000E+00
* ELEM  118  line segment
 1, 1724, 1812
*
  1.4485100E+01, 7.6200000E+00, 0.0000000E+00, 1.3000000E+00
* ELEM  119  line segment
 1, 1738, 1724
*
  1.5240000E+01, 8.9200000E+00, -7.5490000E-01, 0.0000000E+00
* ELEM  120  line segment
 1, 0, 1724
*
  1.5240000E+01, 7.6200000E+00, 0.0000000E+00, 1.3000000E+00
* ELEM  121  line segment
 1, 1747, 1714
*
  7.6200000E+00, 1.4843760E+01, 1.3000000E+00, 0.0000000E+00
* ELEM  122  line segment
 1, 1761, 1747
*
  8.9200000E+00, 1.4485100E+01, 0.0000000E+00, 3.5866000E-01
* ELEM  123  line segment
 1, 1747, 1816
*
  8.9200000E+00, 1.4485100E+01, -1.3000000E+00, 0.0000000E+00
* ELEM  124  line segment
 1, 1738, 1833
*
  1.4485100E+01, 8.9200000E+00, 0.0000000E+00, 1.3000000E+00
* ELEM  125  line segment
 1, 1725, 1738
*
  1.5240000E+01, 1.0220000E+01, -7.5490000E-01, 0.0000000E+00
* ELEM  126  line segment
 1, 0, 1738
*
  1.5240000E+01, 8.9200000E+00, 0.0000000E+00, 1.3000000E+00
* ELEM  127  line segment
 1, 1761, 1714
*
  8.9200000E+00, 1.4843760E+01, 1.3000000E+00, 0.0000000E+00
* ELEM  128  line segment
 1, 1748, 1761
*
  1.0220000E+01, 1.4485100E+01, 0.0000000E+00, 3.5866000E-01
* ELEM  129  line segment
 1, 1761, 1832
*
  1.0220000E+01, 1.4485100E+01, -1.3000000E+00, 0.0000000E+00
* ELEM  130  line segment
 1, 1725, 1819
*
  1.4485100E+01, 1.0220000E+01, 0.0000000E+00, 1.3000000E+00
* ELEM  131  line segment
 1, 1726, 1725
*
  1.5240000E+01, 1.1520000E+01, -7.5490000E-01, 0.0000000E+00
* ELEM  132  line segment
 1, 0, 1725
*
  1.5240000E+01, 1.0220000E+01, 0.0000000E+00, 1.3000000E+00
* ELEM  133  line segment
 1, 1748, 1714
*
  1.0220000E+01, 1.4843760E+01, 1.3000000E+00, 0.0000000E+00
* ELEM  134  line segment
 1, 1746, 1748
*
  1.1520000E+01, 1.4485100E+01, 0.0000000E+00, 3.5866000E-01
* ELEM  135  line segment
 1, 1748, 1817
*
  1.1520000E+01, 1.4485100E+01, -1.3000000E+00, 0.0000000E+00
* ELEM  136  line segment
 1, 1726, 1820
*
  1.4485100E+01, 1.1520000E+01, 0.0000000E+00, 1.3000000E+00
* ELEM  137  line segment
 1, 1716, 1726
*
  1.5240000E+01, 1.2820000E+01, -7.5490000E-01, 0.0000000E+00
* ELEM  138  line segment
 1, 0, 1726
*
  1.5240000E+01, 1.1520000E+01, 0.0000000E+00, 1.3000000E+00
* ELEM  139  line segment
 1, 1746, 1714
*
  1.1520000E+01, 1.4843760E+01, 4.6626000E-01, 0.0000000E+00
* ELEM  140  line segment
 1, 1746, 1977
*
  1.1986260E+01, 1.4843760E+01, 2.5400780E-01, 0.0000000E+00
* ELEM  141  line segment
 1, 1746, 1928
*
  1.2240268E+01, 1.4843760E+01, 1.4223220E-01, 0.0000000E+00
* ELEM  142  line segment
 1, 1722, 1746
*
  1.2820000E+01, 1.4843760E+01, -4.3750000E-01, 0.0000000E+00
* ELEM  143  line segment
 1, 1744, 1746
*
  1.2820000E+01, 1.4485100E+01, 0.0000000E+00, 3.5866000E-01
* ELEM  144  line segment
 1, 1746, 1818
*
  1.2820000E+01, 1.4485100E+01, -1.3000000E+00, 0.0000000E+00
* ELEM  145  line segment
 1, 1716, 1800
*
  1.4485100E+01, 1.2820000E+01, 0.0000000E+00, 5.3500000E-01
* ELEM  146  circular arc
 3, 1800, 1716
*
  1.3355000E+01, 1.3355000E+01, 1.1301000E+00, 0.0000000E+00, 4.2604303E+01
* ELEM  147  line segment
 1, 1716, 1721
*
  1.4186806E+01, 1.4120000E+01, 1.0531941E+00, 0.0000000E+00
* ELEM  148  line segment
 1, 0, 1716
*
  1.5240000E+01, 1.2820000E+01, 0.0000000E+00, 1.3000000E+00
* ELEM  149  line segment
 1, 1722, 1744
*
  1.4120000E+01, 1.4843760E+01, -1.3000000E+00, 0.0000000E+00
* ELEM  150  line segment
 1, 1744, 1721
*
  1.4120000E+01, 1.4843760E+01, 0.0000000E+00, -6.5695413E-01
* ELEM  151  circular arc
 3, 1801, 1744
*
  1.3355000E+01, 1.3355000E+01, 1.1301000E+00, 4.7395697E+01, 4.2604303E+01
* ELEM  152  line segment
 1, 1744, 1801
*
  1.3355000E+01, 1.4485100E+01, -5.3500000E-01, 0.0000000E+00
* ELEM  153  circular arc
 3, 1985, 1721
*
  1.3355000E+01, 1.3355000E+01, 1.1301000E+00, 4.2604303E+01, 4.7913947E+00
* ELEM  154  line segment
 1, 1722, 1721
*
  1.4120000E+01, 1.5240000E+01, 0.0000000E+00, -3.9624000E-01
* ELEM  155  line segment
 1, 0, 1721
*
  1.5240000E+01, 1.5240000E+01, -1.1200000E+00, 0.0000000E+00
* ELEM  156  line segment
 1, 0, 1721
*
  1.5240000E+01, 1.4120000E+01, 0.0000000E+00, 1.1200000E+00
* ELEM  157  line segment
 1, 1722, 1928
*
  1.2382500E+01, 1.4843760E+01, 0.0000000E+00, 3.9624000E-01
* ELEM  158  line segment
 1, 0, 1722
*
  1.4120000E+01, 1.5240000E+01, -1.7375000E+00, 0.0000000E+00
* ELEM  159  line segment
 1, 0, 1975
*
  0.0000000E+00, 2.9997322E+00, 0.0000000E+00, -1.4223220E-01
* ELEM  160  line segment
 1, 1975, 1930
*
  0.0000000E+00, 2.9997322E+00, 2.5400000E-01, 0.0000000E+00
* ELEM  161  line segment
 1, 1975, 1713
*
  2.5400000E-01, 2.9997322E+00, 5.0115398E-02, 0.0000000E+00
* ELEM  162  circular arc
 3, 1975, 1929
*
  0.0000000E+00, 3.2537400E+00, 3.9624000E-01, 2.7000000E+02, 5.0130189E+01
* ELEM  163  line segment
 1, 1929, 1976
*
  3.0411540E-01, 2.9997322E+00, 9.2124602E-02, 0.0000000E+00
* ELEM  164  line segment
 1, 0, 1930
*
  0.0000000E+00, 2.9997400E+00, 0.0000000E+00, -7.8000000E-06
* ELEM  165  circular arc
 3, 1883, 1930
*
  0.0000000E+00, 3.2537400E+00, 2.5400000E-01, 2.7000000E+02, 9.0000000E+01
* ELEM  166  line segment
 1, 1713, 1930
*
  2.5400000E-01, 2.9997322E+00, 0.0000000E+00, 2.5400780E-01
* ELEM  167  line segment
 1, 1713, 1883
*
  2.5400000E-01, 3.2537400E+00, 0.0000000E+00, 2.3433780E-01
* ELEM  168  line segment
 1, 1713, 1846
*
  2.5400000E-01, 3.4880778E+00, 0.0000000E+00, 4.8834560E-01
* ELEM  169  line segment
 1, 1713, 1857
*
  2.5400000E-01, 3.9764234E+00, 0.0000000E+00, 4.8834560E-01
* ELEM  170  line segment
 1, 1713, 1850
*
  2.5400000E-01, 4.4647690E+00, 0.0000000E+00, 4.8834560E-01
* ELEM  171  line segment
 1, 1713, 1863
*
  2.5400000E-01, 4.9531146E+00, 0.0000000E+00, 4.8834560E-01
* ELEM  172  line segment
 1, 1713, 1851
*
  2.5400000E-01, 5.4414602E+00, 0.0000000E+00, 4.8834560E-01
* ELEM  173  line segment
 1, 1713, 1856
*
  2.5400000E-01, 5.9298058E+00, 0.0000000E+00, 4.8834560E-01
* ELEM  174  line segment
 1, 1713, 1858
*
  2.5400000E-01, 6.4181514E+00, 0.0000000E+00, 4.8834560E-01
* ELEM  175  line segment
 1, 1713, 1853
*
  2.5400000E-01, 6.9064970E+00, 0.0000000E+00, 4.8834560E-01
* ELEM  176  line segment
 1, 1713, 1854
*
  2.5400000E-01, 7.3948426E+00, 0.0000000E+00, 4.8834560E-01
* ELEM  177  line segment
 1, 1713, 1862
*
  2.5400000E-01, 7.8831882E+00, 0.0000000E+00, 4.8834560E-01
* ELEM  178  line segment
 1, 1713, 1847
*
  2.5400000E-01, 8.3715338E+00, 0.0000000E+00, 4.8834560E-01
* ELEM  179  line segment
 1, 1713, 1859
*
  2.5400000E-01, 8.8598794E+00, 0.0000000E+00, 4.8834560E-01
* ELEM  180  line segment
 1, 1713, 1848
*
  2.5400000E-01, 9.3482250E+00, 0.0000000E+00, 4.8834560E-01
* ELEM  181  line segment
 1, 1713, 1849
*
  2.5400000E-01, 9.8365706E+00, 0.0000000E+00, 4.8834560E-01
* ELEM  182  line segment
 1, 1713, 1860
*
  2.5400000E-01, 1.0324916E+01, 0.0000000E+00, 4.8834560E-01
* ELEM  183  line segment
 1, 1713, 1852
*
  2.5400000E-01, 1.0813262E+01, 0.0000000E+00, 4.8834560E-01
* ELEM  184  line segment
 1, 1713, 1845
*
  2.5400000E-01, 1.1301607E+01, 0.0000000E+00, 4.8834560E-01
* ELEM  185  line segment
 1, 1713, 1861
*
  2.5400000E-01, 1.1789953E+01, 0.0000000E+00, 4.8834560E-01
* ELEM  186  line segment
 1, 1713, 1855
*
  2.5400000E-01, 1.2278299E+01, 0.0000000E+00, 4.8834560E-01
* ELEM  187  line segment
 1, 1713, 1843
*
  2.5400000E-01, 1.2766644E+01, 0.0000000E+00, 4.8834580E-01
* ELEM  188  line segment
 1, 1713, 1740
*
  2.5400000E-01, 1.3254990E+01, 1.4224000E-01, 0.0000000E+00
* ELEM  189  circular arc
 3, 1713, 1976
*
  0.0000000E+00, 3.2537400E+00, 3.9624000E-01, 3.2013019E+02, 3.9869811E+01
* ELEM  190  circular arc
 3, 1974, 1928
*
  1.1986260E+01, 1.5240000E+01, 3.9624000E-01, 3.0986981E+02, 5.0130189E+01
* ELEM  191  line segment
 1, 1974, 1714
*
  1.2240268E+01, 1.4935885E+01, 0.0000000E+00, 5.0115398E-02
* ELEM  192  line segment
 1, 1974, 1931
*
  1.2240268E+01, 1.4986000E+01, 0.0000000E+00, 2.5400000E-01
* ELEM  193  line segment
 1, 0, 1974
*
  1.2382500E+01, 1.5240000E+01, -1.4223220E-01, 0.0000000E+00
* ELEM  194  line segment
 1, 1928, 1977
*
  1.2240268E+01, 1.4843760E+01, 0.0000000E+00, 9.2124602E-02
* ELEM  195  line segment
 1, 0, 1883
*
  0.0000000E+00, 3.0051450E+00, 0.0000000E+00, -5.4050000E-03
* ELEM  196  circular arc
 3, 1899, 1883
*
  0.0000000E+00, 3.2439050E+00, 2.3876000E-01, 2.7000000E+02, 9.0000000E+01
* ELEM  197  circular arc
 3, 1899, 1883
*
  0.0000000E+00, 3.2439050E+00, 2.3876000E-01, 0.0000000E+00, 9.0000000E+01
* ELEM  198  line segment
 1, 0, 1883
*
  0.0000000E+00, 3.4880778E+00, 0.0000000E+00, -5.4128000E-03
* ELEM  199  line segment
 1, 1883, 1846
*
  0.0000000E+00, 3.4880778E+00, 2.5400000E-01, 0.0000000E+00
* ELEM  200  line segment
 1, 1714, 1931
*
  1.1986260E+01, 1.4986000E+01, 2.5400780E-01, 0.0000000E+00
* ELEM  201  circular arc
 3, 1884, 1931
*
  1.1986260E+01, 1.5240000E+01, 2.5400000E-01, 2.7000000E+02, 9.0000000E+01
* ELEM  202  line segment
 1, 0, 1931
*
  1.2240268E+01, 1.5240000E+01, -7.8000000E-06, 0.0000000E+00
* ELEM  203  circular arc
 3, 1714, 1977
*
  1.1986260E+01, 1.5240000E+01, 3.9624000E-01, 2.7000000E+02, 3.9869811E+01
* ELEM  204  line segment
 1, 1714, 1741
*
  1.9850100E+00, 1.4843760E+01, 0.0000000E+00, 1.4224000E-01
* ELEM  205  line segment
 1, 1714, 1844
*
  1.9850100E+00, 1.4986000E+01, 4.8834580E-01, 0.0000000E+00
* ELEM  206  line segment
 1, 1714, 1874
*
  2.4733558E+00, 1.4986000E+01, 4.8834560E-01, 0.0000000E+00
* ELEM  207  line segment
 1, 1714, 1880
*
  2.9617014E+00, 1.4986000E+01, 4.8834560E-01, 0.0000000E+00
* ELEM  208  line segment
 1, 1714, 1873
*
  3.4500470E+00, 1.4986000E+01, 4.8834560E-01, 0.0000000E+00
* ELEM  209  line segment
 1, 1714, 1867
*
  3.9383926E+00, 1.4986000E+01, 4.8834560E-01, 0.0000000E+00
* ELEM  210  line segment
 1, 1714, 1881
*
  4.4267382E+00, 1.4986000E+01, 4.8834560E-01, 0.0000000E+00
* ELEM  211  line segment
 1, 1714, 1876
*
  4.9150838E+00, 1.4986000E+01, 4.8834560E-01, 0.0000000E+00
* ELEM  212  line segment
 1, 1714, 1865
*
  5.4034294E+00, 1.4986000E+01, 4.8834560E-01, 0.0000000E+00
* ELEM  213  line segment
 1, 1714, 1882
*
  5.8917750E+00, 1.4986000E+01, 4.8834560E-01, 0.0000000E+00
* ELEM  214  line segment
 1, 1714, 1877
*
  6.3801206E+00, 1.4986000E+01, 4.8834560E-01, 0.0000000E+00
* ELEM  215  line segment
 1, 1714, 1875
*
  6.8684662E+00, 1.4986000E+01, 4.8834560E-01, 0.0000000E+00
* ELEM  216  line segment
 1, 1714, 1870
*
  7.3568118E+00, 1.4986000E+01, 4.8834560E-01, 0.0000000E+00
* ELEM  217  line segment
 1, 1714, 1868
*
  7.8451574E+00, 1.4986000E+01, 4.8834560E-01, 0.0000000E+00
* ELEM  218  line segment
 1, 1714, 1871
*
  8.3335030E+00, 1.4986000E+01, 4.8834560E-01, 0.0000000E+00
* ELEM  219  line segment
 1, 1714, 1872
*
  8.8218486E+00, 1.4986000E+01, 4.8834560E-01, 0.0000000E+00
* ELEM  220  line segment
 1, 1714, 1866
*
  9.3101942E+00, 1.4986000E+01, 4.8834560E-01, 0.0000000E+00
* ELEM  221  line segment
 1, 1714, 1869
*
  9.7985398E+00, 1.4986000E+01, 4.8834560E-01, 0.0000000E+00
* ELEM  222  line segment
 1, 1714, 1878
*
  1.0286885E+01, 1.4986000E+01, 4.8834560E-01, 0.0000000E+00
* ELEM  223  line segment
 1, 1714, 1879
*
  1.0775231E+01, 1.4986000E+01, 4.8834560E-01, 0.0000000E+00
* ELEM  224  line segment
 1, 1714, 1864
*
  1.1263577E+01, 1.4986000E+01, 4.8834560E-01, 0.0000000E+00
* ELEM  225  line segment
 1, 1714, 1884
*
  1.1751922E+01, 1.4986000E+01, 2.3433780E-01, 0.0000000E+00
* ELEM  226  line segment
 1, 0, 1899
*
  0.0000000E+00, 3.0686450E+00, 0.0000000E+00, -6.3500000E-02
* ELEM  227  circular arc
 3, 1953, 1899
*
  0.0000000E+00, 3.2439050E+00, 1.7526000E-01, 2.7000000E+02, 9.0000000E+01
* ELEM  228  circular arc
 3, 1953, 1899
*
  0.0000000E+00, 3.2439050E+00, 1.7526000E-01, 0.0000000E+00, 9.0000000E+01
* ELEM  229  line segment
 1, 0, 1899
*
  0.0000000E+00, 3.4826650E+00, 0.0000000E+00, -6.3500000E-02
* ELEM  230  line segment
 1, 1843, 1740
*
  0.0000000E+00, 1.3254990E+01, 2.5400000E-01, 0.0000000E+00
* ELEM  231  line segment
 1, 0, 1740
*
  0.0000000E+00, 1.4843760E+01, 0.0000000E+00, -1.5887700E+00
* ELEM  232  line segment
 1, 1740, 1885
*
  0.0000000E+00, 1.4843760E+01, 3.9624000E-01, 0.0000000E+00
* ELEM  233  line segment
 1, 1884, 1864
*
  1.1751922E+01, 1.4986000E+01, 0.0000000E+00, 2.5400000E-01
* ELEM  234  line segment
 1, 0, 1884
*
  1.1757335E+01, 1.5240000E+01, -5.4128000E-03, 0.0000000E+00
* ELEM  235  circular arc
 3, 1927, 1884
*
  1.1996095E+01, 1.5240000E+01, 2.3876000E-01, 1.8000000E+02, 1.8000000E+02
* ELEM  236  line segment
 1, 0, 1884
*
  1.2240260E+01, 1.5240000E+01, -5.4050000E-03, 0.0000000E+00
* ELEM  237  line segment
 1, 0, 1953
*
  0.0000000E+00, 3.4191650E+00, 0.0000000E+00, -3.5052000E-01
* ELEM  238  line segment
 1, 0, 1846
*
  0.0000000E+00, 3.4934906E+00, 0.0000000E+00, -5.4128000E-03
* ELEM  239  circular arc
 3, 1900, 1846
*
  0.0000000E+00, 3.7322506E+00, 2.3876000E-01, 2.7000000E+02, 9.0000000E+01
* ELEM  240  circular arc
 3, 1900, 1846
*
  0.0000000E+00, 3.7322506E+00, 2.3876000E-01, 0.0000000E+00, 9.0000000E+01
* ELEM  241  line segment
 1, 0, 1846
*
  0.0000000E+00, 3.9764234E+00, 0.0000000E+00, -5.4128000E-03
* ELEM  242  line segment
 1, 1846, 1857
*
  0.0000000E+00, 3.9764234E+00, 2.5400000E-01, 0.0000000E+00
* ELEM  243  line segment
 1, 1855, 1843
*
  0.0000000E+00, 1.2766644E+01, 2.5400000E-01, 0.0000000E+00
* ELEM  244  line segment
 1, 0, 1843
*
  0.0000000E+00, 1.2772057E+01, 0.0000000E+00, -5.4128000E-03
* ELEM  245  circular arc
 3, 1914, 1843
*
  0.0000000E+00, 1.3010817E+01, 2.3876000E-01, 2.7000000E+02, 9.0000000E+01
* ELEM  246  circular arc
 3, 1914, 1843
*
  0.0000000E+00, 1.3010817E+01, 2.3876000E-01, 0.0000000E+00, 9.0000000E+01
* ELEM  247  line segment
 1, 0, 1843
*
  0.0000000E+00, 1.3254990E+01, 0.0000000E+00, -5.4130000E-03
* ELEM  248  line segment
 1, 0, 1885
*
  0.0000000E+00, 1.5240000E+01, 0.0000000E+00, -3.9624000E-01
* ELEM  249  line segment
 1, 0, 1885
*
  3.9624000E-01, 1.5240000E+01, -3.9624000E-01, 0.0000000E+00
* ELEM  250  line segment
 1, 1741, 1885
*
  3.9624000E-01, 1.4843760E+01, 0.0000000E+00, 3.9624000E-01
* ELEM  251  line segment
 1, 0, 1741
*
  1.9850100E+00, 1.5240000E+01, -1.5887700E+00, 0.0000000E+00
* ELEM  252  line segment
 1, 1844, 1741
*
  1.9850100E+00, 1.4986000E+01, 0.0000000E+00, 2.5400000E-01
* ELEM  253  line segment
 1, 0, 1927
*
  1.1820835E+01, 1.5240000E+01, -6.3500000E-02, 0.0000000E+00
* ELEM  254  circular arc
 3, 1952, 1927
*
  1.1996095E+01, 1.5240000E+01, 1.7526000E-01, 1.8000000E+02, 1.8000000E+02
* ELEM  255  line segment
 1, 0, 1927
*
  1.2234855E+01, 1.5240000E+01, -6.3500000E-02, 0.0000000E+00
* ELEM  256  line segment
 1, 0, 1857
*
  0.0000000E+00, 3.9818362E+00, 0.0000000E+00, -5.4128000E-03
* ELEM  257  circular arc
 3, 1901, 1857
*
  0.0000000E+00, 4.2205962E+00, 2.3876000E-01, 2.7000000E+02, 9.0000000E+01
* ELEM  258  circular arc
 3, 1901, 1857
*
  0.0000000E+00, 4.2205962E+00, 2.3876000E-01, 0.0000000E+00, 9.0000000E+01
* ELEM  259  line segment
 1, 0, 1857
*
  0.0000000E+00, 4.4647690E+00, 0.0000000E+00, -5.4128000E-03
* ELEM  260  line segment
 1, 1857, 1850
*
  0.0000000E+00, 4.4647690E+00, 2.5400000E-01, 0.0000000E+00
* ELEM  261  line segment
 1, 1861, 1855
*
  0.0000000E+00, 1.2278299E+01, 2.5400000E-01, 0.0000000E+00
* ELEM  262  line segment
 1, 0, 1855
*
  0.0000000E+00, 1.2283711E+01, 0.0000000E+00, -5.4128000E-03
* ELEM  263  circular arc
 3, 1913, 1855
*
  0.0000000E+00, 1.2522471E+01, 2.3876000E-01, 2.7000000E+02, 9.0000000E+01
* ELEM  264  circular arc
 3, 1913, 1855
*
  0.0000000E+00, 1.2522471E+01, 2.3876000E-01, 0.0000000E+00, 9.0000000E+01
* ELEM  265  line segment
 1, 0, 1855
*
  0.0000000E+00, 1.2766644E+01, 0.0000000E+00, -5.4128000E-03
* ELEM  266  line segment
 1, 0, 1952
*
  1.2171355E+01, 1.5240000E+01, -3.5052000E-01, 0.0000000E+00
* ELEM  267  line segment
 1, 1864, 1879
*
  1.1263577E+01, 1.4986000E+01, 0.0000000E+00, 2.5400000E-01
* ELEM  268  line segment
 1, 0, 1864
*
  1.1268989E+01, 1.5240000E+01, -5.4128000E-03, 0.0000000E+00
* ELEM  269  circular arc
 3, 1926, 1864
*
  1.1507749E+01, 1.5240000E+01, 2.3876000E-01, 1.8000000E+02, 1.8000000E+02
* ELEM  270  line segment
 1, 0, 1864
*
  1.1751922E+01, 1.5240000E+01, -5.4128000E-03, 0.0000000E+00
* ELEM  271  line segment
 1, 0, 1844
*
  1.9904230E+00, 1.5240000E+01, -5.4130000E-03, 0.0000000E+00
* ELEM  272  circular arc
 3, 1915, 1844
*
  2.2291830E+00, 1.5240000E+01, 2.3876000E-01, 1.8000000E+02, 1.8000000E+02
* ELEM  273  line segment
 1, 0, 1844
*
  2.4733558E+00, 1.5240000E+01, -5.4128000E-03, 0.0000000E+00
* ELEM  274  line segment
 1, 1874, 1844
*
  2.4733558E+00, 1.4986000E+01, 0.0000000E+00, 2.5400000E-01
* ELEM  275  line segment
 1, 0, 1850
*
  0.0000000E+00, 4.4701818E+00, 0.0000000E+00, -5.4128000E-03
* ELEM  276  circular arc
 3, 1902, 1850
*
  0.0000000E+00, 4.7089418E+00, 2.3876000E-01, 2.7000000E+02, 9.0000000E+01
* ELEM  277  circular arc
 3, 1902, 1850
*
  0.0000000E+00, 4.7089418E+00, 2.3876000E-01, 0.0000000E+00, 9.0000000E+01
* ELEM  278  line segment
 1, 0, 1850
*
  0.0000000E+00, 4.9531146E+00, 0.0000000E+00, -5.4128000E-03
* ELEM  279  line segment
 1, 1850, 1863
*
  0.0000000E+00, 4.9531146E+00, 2.5400000E-01, 0.0000000E+00
* ELEM  280  line segment
 1, 0, 1900
*
  0.0000000E+00, 3.5569906E+00, 0.0000000E+00, -6.3500000E-02
* ELEM  281  circular arc
 3, 1954, 1900
*
  0.0000000E+00, 3.7322506E+00, 1.7526000E-01, 2.7000000E+02, 9.0000000E+01
* ELEM  282  circular arc
 3, 1954, 1900
*
  0.0000000E+00, 3.7322506E+00, 1.7526000E-01, 0.0000000E+00, 9.0000000E+01
* ELEM  283  line segment
 1, 0, 1900
*
  0.0000000E+00, 3.9710106E+00, 0.0000000E+00, -6.3500000E-02
* ELEM  284  line segment
 1, 0, 1914
*
  0.0000000E+00, 1.2835557E+01, 0.0000000E+00, -6.3500000E-02
* ELEM  285  circular arc
 3, 1973, 1914
*
  0.0000000E+00, 1.3010817E+01, 1.7526000E-01, 2.7000000E+02, 9.0000000E+01
* ELEM  286  circular arc
 3, 1973, 1914
*
  0.0000000E+00, 1.3010817E+01, 1.7526000E-01, 0.0000000E+00, 9.0000000E+01
* ELEM  287  line segment
 1, 0, 1914
*
  0.0000000E+00, 1.3249577E+01, 0.0000000E+00, -6.3500000E-02
* ELEM  288  line segment
 1, 1845, 1861
*
  0.0000000E+00, 1.1789953E+01, 2.5400000E-01, 0.0000000E+00
* ELEM  289  line segment
 1, 0, 1861
*
  0.0000000E+00, 1.1795366E+01, 0.0000000E+00, -5.4128000E-03
* ELEM  290  circular arc
 3, 1912, 1861
*
  0.0000000E+00, 1.2034126E+01, 2.3876000E-01, 2.7000000E+02, 9.0000000E+01
* ELEM  291  circular arc
 3, 1912, 1861
*
  0.0000000E+00, 1.2034126E+01, 2.3876000E-01, 0.0000000E+00, 9.0000000E+01
* ELEM  292  line segment
 1, 0, 1861
*
  0.0000000E+00, 1.2278299E+01, 0.0000000E+00, -5.4128000E-03
* ELEM  293  line segment
 1, 1879, 1878
*
  1.0775231E+01, 1.4986000E+01, 0.0000000E+00, 2.5400000E-01
* ELEM  294  line segment
 1, 0, 1879
*
  1.0780644E+01, 1.5240000E+01, -5.4128000E-03, 0.0000000E+00
* ELEM  295  circular arc
 3, 1925, 1879
*
  1.1019404E+01, 1.5240000E+01, 2.3876000E-01, 1.8000000E+02, 1.8000000E+02
* ELEM  296  line segment
 1, 0, 1879
*
  1.1263577E+01, 1.5240000E+01, -5.4128000E-03, 0.0000000E+00
* ELEM  297  line segment
 1, 0, 1874
*
  2.4787686E+00, 1.5240000E+01, -5.4128000E-03, 0.0000000E+00
* ELEM  298  circular arc
 3, 1916, 1874
*
  2.7175286E+00, 1.5240000E+01, 2.3876000E-01, 1.8000000E+02, 1.8000000E+02
* ELEM  299  line segment
 1, 0, 1874
*
  2.9617014E+00, 1.5240000E+01, -5.4128000E-03, 0.0000000E+00
* ELEM  300  line segment
 1, 1880, 1874
*
  2.9617014E+00, 1.4986000E+01, 0.0000000E+00, 2.5400000E-01
* ELEM  301  line segment
 1, 0, 1863
*
  0.0000000E+00, 4.9585274E+00, 0.0000000E+00, -5.4128000E-03
* ELEM  302  circular arc
 3, 1886, 1863
*
  0.0000000E+00, 5.1972874E+00, 2.3876000E-01, 2.7000000E+02, 9.0000000E+01
* ELEM  303  circular arc
 3, 1886, 1863
*
  0.0000000E+00, 5.1972874E+00, 2.3876000E-01, 0.0000000E+00, 9.0000000E+01
* ELEM  304  line segment
 1, 0, 1863
*
  0.0000000E+00, 5.4414602E+00, 0.0000000E+00, -5.4128000E-03
* ELEM  305  line segment
 1, 1863, 1851
*
  0.0000000E+00, 5.4414602E+00, 2.5400000E-01, 0.0000000E+00
* ELEM  306  line segment
 1, 0, 1901
*
  0.0000000E+00, 4.0453362E+00, 0.0000000E+00, -6.3500000E-02
* ELEM  307  circular arc
 3, 1955, 1901
*
  0.0000000E+00, 4.2205962E+00, 1.7526000E-01, 2.7000000E+02, 9.0000000E+01
* ELEM  308  circular arc
 3, 1955, 1901
*
  0.0000000E+00, 4.2205962E+00, 1.7526000E-01, 0.0000000E+00, 9.0000000E+01
* ELEM  309  line segment
 1, 0, 1901
*
  0.0000000E+00, 4.4593562E+00, 0.0000000E+00, -6.3500000E-02
* ELEM  310  line segment
 1, 0, 1954
*
  0.0000000E+00, 3.9075106E+00, 0.0000000E+00, -3.5052000E-01
* ELEM  311  line segment
 1, 0, 1973
*
  0.0000000E+00, 1.3186077E+01, 0.0000000E+00, -3.5052000E-01
* ELEM  312  line segment
 1, 1852, 1845
*
  0.0000000E+00, 1.1301607E+01, 2.5400000E-01, 0.0000000E+00
* ELEM  313  line segment
 1, 0, 1845
*
  0.0000000E+00, 1.1307020E+01, 0.0000000E+00, -5.4128000E-03
* ELEM  314  circular arc
 3, 1911, 1845
*
  0.0000000E+00, 1.1545780E+01, 2.3876000E-01, 2.7000000E+02, 9.0000000E+01
* ELEM  315  circular arc
 3, 1911, 1845
*
  0.0000000E+00, 1.1545780E+01, 2.3876000E-01, 0.0000000E+00, 9.0000000E+01
* ELEM  316  line segment
 1, 0, 1845
*
  0.0000000E+00, 1.1789953E+01, 0.0000000E+00, -5.4128000E-03
* ELEM  317  line segment
 1, 0, 1913
*
  0.0000000E+00, 1.2347211E+01, 0.0000000E+00, -6.3500000E-02
* ELEM  318  circular arc
 3, 1972, 1913
*
  0.0000000E+00, 1.2522471E+01, 1.7526000E-01, 2.7000000E+02, 9.0000000E+01
* ELEM  319  circular arc
 3, 1972, 1913
*
  0.0000000E+00, 1.2522471E+01, 1.7526000E-01, 0.0000000E+00, 9.0000000E+01
* ELEM  320  line segment
 1, 0, 1913
*
  0.0000000E+00, 1.2761231E+01, 0.0000000E+00, -6.3500000E-02
* ELEM  321  line segment
 1, 0, 1915
*
  2.0539230E+00, 1.5240000E+01, -6.3500000E-02, 0.0000000E+00
* ELEM  322  circular arc
 3, 1932, 1915
*
  2.2291830E+00, 1.5240000E+01, 1.7526000E-01, 1.8000000E+02, 1.8000000E+02
* ELEM  323  line segment
 1, 0, 1915
*
  2.4679430E+00, 1.5240000E+01, -6.3500000E-02, 0.0000000E+00
* ELEM  324  line segment
 1, 0, 1926
*
  1.1332489E+01, 1.5240000E+01, -6.3500000E-02, 0.0000000E+00
* ELEM  325  circular arc
 3, 1951, 1926
*
  1.1507749E+01, 1.5240000E+01, 1.7526000E-01, 1.8000000E+02, 1.8000000E+02
* ELEM  326  line segment
 1, 0, 1926
*
  1.1746509E+01, 1.5240000E+01, -6.3500000E-02, 0.0000000E+00
* ELEM  327  line segment
 1, 1878, 1869
*
  1.0286885E+01, 1.4986000E+01, 0.0000000E+00, 2.5400000E-01
* ELEM  328  line segment
 1, 0, 1878
*
  1.0292298E+01, 1.5240000E+01, -5.4128000E-03, 0.0000000E+00
* ELEM  329  circular arc
 3, 1924, 1878
*
  1.0531058E+01, 1.5240000E+01, 2.3876000E-01, 1.8000000E+02, 1.8000000E+02
* ELEM  330  line segment
 1, 0, 1878
*
  1.0775231E+01, 1.5240000E+01, -5.4128000E-03, 0.0000000E+00
* ELEM  331  line segment
 1, 0, 1880
*
  2.9671142E+00, 1.5240000E+01, -5.4128000E-03, 0.0000000E+00
* ELEM  332  circular arc
 3, 1891, 1880
*
  3.2058742E+00, 1.5240000E+01, 2.3876000E-01, 1.8000000E+02, 1.8000000E+02
* ELEM  333  line segment
 1, 0, 1880
*
  3.4500470E+00, 1.5240000E+01, -5.4128000E-03, 0.0000000E+00
* ELEM  334  line segment
 1, 1873, 1880
*
  3.4500470E+00, 1.4986000E+01, 0.0000000E+00, 2.5400000E-01
* ELEM  335  line segment
 1, 0, 1851
*
  0.0000000E+00, 5.4468730E+00, 0.0000000E+00, -5.4128000E-03
* ELEM  336  circular arc
 3, 1903, 1851
*
  0.0000000E+00, 5.6856330E+00, 2.3876000E-01, 2.7000000E+02, 9.0000000E+01
* ELEM  337  circular arc
 3, 1903, 1851
*
  0.0000000E+00, 5.6856330E+00, 2.3876000E-01, 0.0000000E+00, 9.0000000E+01
* ELEM  338  line segment
 1, 0, 1851
*
  0.0000000E+00, 5.9298058E+00, 0.0000000E+00, -5.4128000E-03
* ELEM  339  line segment
 1, 1851, 1856
*
  0.0000000E+00, 5.9298058E+00, 2.5400000E-01, 0.0000000E+00
* ELEM  340  line segment
 1, 0, 1902
*
  0.0000000E+00, 4.5336818E+00, 0.0000000E+00, -6.3500000E-02
* ELEM  341  circular arc
 3, 1956, 1902
*
  0.0000000E+00, 4.7089418E+00, 1.7526000E-01, 2.7000000E+02, 9.0000000E+01
* ELEM  342  circular arc
 3, 1956, 1902
*
  0.0000000E+00, 4.7089418E+00, 1.7526000E-01, 0.0000000E+00, 9.0000000E+01
* ELEM  343  line segment
 1, 0, 1902
*
  0.0000000E+00, 4.9477018E+00, 0.0000000E+00, -6.3500000E-02
* ELEM  344  line segment
 1, 0, 1955
*
  0.0000000E+00, 4.3958562E+00, 0.0000000E+00, -3.5052000E-01
* ELEM  345  line segment
 1, 1860, 1852
*
  0.0000000E+00, 1.0813262E+01, 2.5400000E-01, 0.0000000E+00
* ELEM  346  line segment
 1, 0, 1852
*
  0.0000000E+00, 1.0818675E+01, 0.0000000E+00, -5.4128000E-03
* ELEM  347  circular arc
 3, 1910, 1852
*
  0.0000000E+00, 1.1057435E+01, 2.3876000E-01, 2.7000000E+02, 9.0000000E+01
* ELEM  348  circular arc
 3, 1910, 1852
*
  0.0000000E+00, 1.1057435E+01, 2.3876000E-01, 0.0000000E+00, 9.0000000E+01
* ELEM  349  line segment
 1, 0, 1852
*
  0.0000000E+00, 1.1301607E+01, 0.0000000E+00, -5.4128000E-03
* ELEM  350  line segment
 1, 0, 1912
*
  0.0000000E+00, 1.1858866E+01, 0.0000000E+00, -6.3500000E-02
* ELEM  351  circular arc
 3, 1971, 1912
*
  0.0000000E+00, 1.2034126E+01, 1.7526000E-01, 2.7000000E+02, 9.0000000E+01
* ELEM  352  circular arc
 3, 1971, 1912
*
  0.0000000E+00, 1.2034126E+01, 1.7526000E-01, 0.0000000E+00, 9.0000000E+01
* ELEM  353  line segment
 1, 0, 1912
*
  0.0000000E+00, 1.2272886E+01, 0.0000000E+00, -6.3500000E-02
* ELEM  354  line segment
 1, 0, 1972
*
  0.0000000E+00, 1.2697731E+01, 0.0000000E+00, -3.5052000E-01
* ELEM  355  line segment
 1, 0, 1932
*
  2.4044430E+00, 1.5240000E+01, -3.5052000E-01, 0.0000000E+00
* ELEM  356  line segment
 1, 0, 1951
*
  1.1683009E+01, 1.5240000E+01, -3.5052000E-01, 0.0000000E+00
* ELEM  357  line segment
 1, 1869, 1866
*
  9.7985398E+00, 1.4986000E+01, 0.0000000E+00, 2.5400000E-01
* ELEM  358  line segment
 1, 0, 1869
*
  9.8039526E+00, 1.5240000E+01, -5.4128000E-03, 0.0000000E+00
* ELEM  359  circular arc
 3, 1923, 1869
*
  1.0042713E+01, 1.5240000E+01, 2.3876000E-01, 1.8000000E+02, 1.8000000E+02
* ELEM  360  line segment
 1, 0, 1869
*
  1.0286885E+01, 1.5240000E+01, -5.4128000E-03, 0.0000000E+00
* ELEM  361  line segment
 1, 0, 1925
*
  1.0844144E+01, 1.5240000E+01, -6.3500000E-02, 0.0000000E+00
* ELEM  362  circular arc
 3, 1950, 1925
*
  1.1019404E+01, 1.5240000E+01, 1.7526000E-01, 1.8000000E+02, 1.8000000E+02
* ELEM  363  line segment
 1, 0, 1925
*
  1.1258164E+01, 1.5240000E+01, -6.3500000E-02, 0.0000000E+00
* ELEM  364  line segment
 1, 0, 1873
*
  3.4554598E+00, 1.5240000E+01, -5.4128000E-03, 0.0000000E+00
* ELEM  365  circular arc
 3, 1917, 1873
*
  3.6942198E+00, 1.5240000E+01, 2.3876000E-01, 1.8000000E+02, 1.8000000E+02
* ELEM  366  line segment
 1, 0, 1873
*
  3.9383926E+00, 1.5240000E+01, -5.4128000E-03, 0.0000000E+00
* ELEM  367  line segment
 1, 1867, 1873
*
  3.9383926E+00, 1.4986000E+01, 0.0000000E+00, 2.5400000E-01
* ELEM  368  line segment
 1, 0, 1916
*
  2.5422686E+00, 1.5240000E+01, -6.3500000E-02, 0.0000000E+00
* ELEM  369  circular arc
 3, 1933, 1916
*
  2.7175286E+00, 1.5240000E+01, 1.7526000E-01, 1.8000000E+02, 1.8000000E+02
* ELEM  370  line segment
 1, 0, 1916
*
  2.9562886E+00, 1.5240000E+01, -6.3500000E-02, 0.0000000E+00
* ELEM  371  line segment
 1, 0, 1856
*
  0.0000000E+00, 5.9352186E+00, 0.0000000E+00, -5.4128000E-03
* ELEM  372  circular arc
 3, 1904, 1856
*
  0.0000000E+00, 6.1739786E+00, 2.3876000E-01, 2.7000000E+02, 9.0000000E+01
* ELEM  373  circular arc
 3, 1904, 1856
*
  0.0000000E+00, 6.1739786E+00, 2.3876000E-01, 0.0000000E+00, 9.0000000E+01
* ELEM  374  line segment
 1, 0, 1856
*
  0.0000000E+00, 6.4181514E+00, 0.0000000E+00, -5.4128000E-03
* ELEM  375  line segment
 1, 1856, 1858
*
  0.0000000E+00, 6.4181514E+00, 2.5400000E-01, 0.0000000E+00
* ELEM  376  line segment
 1, 0, 1886
*
  0.0000000E+00, 5.0220274E+00, 0.0000000E+00, -6.3500000E-02
* ELEM  377  circular arc
 3, 1957, 1886
*
  0.0000000E+00, 5.1972874E+00, 1.7526000E-01, 2.7000000E+02, 9.0000000E+01
* ELEM  378  circular arc
 3, 1957, 1886
*
  0.0000000E+00, 5.1972874E+00, 1.7526000E-01, 0.0000000E+00, 9.0000000E+01
* ELEM  379  line segment
 1, 0, 1886
*
  0.0000000E+00, 5.4360474E+00, 0.0000000E+00, -6.3500000E-02
* ELEM  380  line segment
 1, 0, 1956
*
  0.0000000E+00, 4.8842018E+00, 0.0000000E+00, -3.5052000E-01
* ELEM  381  line segment
 1, 1849, 1860
*
  0.0000000E+00, 1.0324916E+01, 2.5400000E-01, 0.0000000E+00
* ELEM  382  line segment
 1, 0, 1860
*
  0.0000000E+00, 1.0330329E+01, 0.0000000E+00, -5.4128000E-03
* ELEM  383  circular arc
 3, 1909, 1860
*
  0.0000000E+00, 1.0569089E+01, 2.3876000E-01, 2.7000000E+02, 9.0000000E+01
* ELEM  384  circular arc
 3, 1909, 1860
*
  0.0000000E+00, 1.0569089E+01, 2.3876000E-01, 0.0000000E+00, 9.0000000E+01
* ELEM  385  line segment
 1, 0, 1860
*
  0.0000000E+00, 1.0813262E+01, 0.0000000E+00, -5.4128000E-03
* ELEM  386  line segment
 1, 0, 1911
*
  0.0000000E+00, 1.1370520E+01, 0.0000000E+00, -6.3500000E-02
* ELEM  387  circular arc
 3, 1970, 1911
*
  0.0000000E+00, 1.1545780E+01, 1.7526000E-01, 2.7000000E+02, 9.0000000E+01
* ELEM  388  circular arc
 3, 1970, 1911
*
  0.0000000E+00, 1.1545780E+01, 1.7526000E-01, 0.0000000E+00, 9.0000000E+01
* ELEM  389  line segment
 1, 0, 1911
*
  0.0000000E+00, 1.1784540E+01, 0.0000000E+00, -6.3500000E-02
* ELEM  390  line segment
 1, 0, 1971
*
  0.0000000E+00, 1.2209386E+01, 0.0000000E+00, -3.5052000E-01
* ELEM  391  line segment
 1, 1866, 1872
*
  9.3101942E+00, 1.4986000E+01, 0.0000000E+00, 2.5400000E-01
* ELEM  392  line segment
 1, 0, 1866
*
  9.3156070E+00, 1.5240000E+01, -5.4128000E-03, 0.0000000E+00
* ELEM  393  circular arc
 3, 1922, 1866
*
  9.5543670E+00, 1.5240000E+01, 2.3876000E-01, 1.8000000E+02, 1.8000000E+02
* ELEM  394  line segment
 1, 0, 1866
*
  9.7985398E+00, 1.5240000E+01, -5.4128000E-03, 0.0000000E+00
* ELEM  395  line segment
 1, 0, 1924
*
  1.0355798E+01, 1.5240000E+01, -6.3500000E-02, 0.0000000E+00
* ELEM  396  circular arc
 3, 1949, 1924
*
  1.0531058E+01, 1.5240000E+01, 1.7526000E-01, 1.8000000E+02, 1.8000000E+02
* ELEM  397  line segment
 1, 0, 1924
*
  1.0769818E+01, 1.5240000E+01, -6.3500000E-02, 0.0000000E+00
* ELEM  398  line segment
 1, 0, 1950
*
  1.1194664E+01, 1.5240000E+01, -3.5052000E-01, 0.0000000E+00
* ELEM  399  line segment
 1, 0, 1867
*
  3.9438054E+00, 1.5240000E+01, -5.4128000E-03, 0.0000000E+00
* ELEM  400  circular arc
 3, 1918, 1867
*
  4.1825654E+00, 1.5240000E+01, 2.3876000E-01, 1.8000000E+02, 1.8000000E+02
* ELEM  401  line segment
 1, 0, 1867
*
  4.4267382E+00, 1.5240000E+01, -5.4128000E-03, 0.0000000E+00
* ELEM  402  line segment
 1, 1881, 1867
*
  4.4267382E+00, 1.4986000E+01, 0.0000000E+00, 2.5400000E-01
* ELEM  403  line segment
 1, 0, 1891
*
  3.0306142E+00, 1.5240000E+01, -6.3500000E-02, 0.0000000E+00
* ELEM  404  circular arc
 3, 1935, 1891
*
  3.2058742E+00, 1.5240000E+01, 1.7526000E-01, 1.8000000E+02, 1.8000000E+02
* ELEM  405  line segment
 1, 0, 1891
*
  3.4446342E+00, 1.5240000E+01, -6.3500000E-02, 0.0000000E+00
* ELEM  406  line segment
 1, 0, 1933
*
  2.8927886E+00, 1.5240000E+01, -3.5052000E-01, 0.0000000E+00
* ELEM  407  line segment
 1, 0, 1858
*
  0.0000000E+00, 6.4235642E+00, 0.0000000E+00, -5.4128000E-03
* ELEM  408  circular arc
 3, 1887, 1858
*
  0.0000000E+00, 6.6623242E+00, 2.3876000E-01, 2.7000000E+02, 9.0000000E+01
* ELEM  409  circular arc
 3, 1887, 1858
*
  0.0000000E+00, 6.6623242E+00, 2.3876000E-01, 0.0000000E+00, 9.0000000E+01
* ELEM  410  line segment
 1, 0, 1858
*
  0.0000000E+00, 6.9064970E+00, 0.0000000E+00, -5.4128000E-03
* ELEM  411  line segment
 1, 1858, 1853
*
  0.0000000E+00, 6.9064970E+00, 2.5400000E-01, 0.0000000E+00
* ELEM  412  line segment
 1, 0, 1903
*
  0.0000000E+00, 5.5103730E+00, 0.0000000E+00, -6.3500000E-02
* ELEM  413  circular arc
 3, 1958, 1903
*
  0.0000000E+00, 5.6856330E+00, 1.7526000E-01, 2.7000000E+02, 9.0000000E+01
* ELEM  414  circular arc
 3, 1958, 1903
*
  0.0000000E+00, 5.6856330E+00, 1.7526000E-01, 0.0000000E+00, 9.0000000E+01
* ELEM  415  line segment
 1, 0, 1903
*
  0.0000000E+00, 5.9243930E+00, 0.0000000E+00, -6.3500000E-02
* ELEM  416  line segment
 1, 0, 1957
*
  0.0000000E+00, 5.3725474E+00, 0.0000000E+00, -3.5052000E-01
* ELEM  417  line segment
 1, 1848, 1849
*
  0.0000000E+00, 9.8365706E+00, 2.5400000E-01, 0.0000000E+00
* ELEM  418  line segment
 1, 0, 1849
*
  0.0000000E+00, 9.8419834E+00, 0.0000000E+00, -5.4128000E-03
* ELEM  419  circular arc
 3, 1908, 1849
*
  0.0000000E+00, 1.0080743E+01, 2.3876000E-01, 2.7000000E+02, 9.0000000E+01
* ELEM  420  circular arc
 3, 1908, 1849
*
  0.0000000E+00, 1.0080743E+01, 2.3876000E-01, 0.0000000E+00, 9.0000000E+01
* ELEM  421  line segment
 1, 0, 1849
*
  0.0000000E+00, 1.0324916E+01, 0.0000000E+00, -5.4128000E-03
* ELEM  422  line segment
 1, 0, 1910
*
  0.0000000E+00, 1.0882175E+01, 0.0000000E+00, -6.3500000E-02
* ELEM  423  circular arc
 3, 1969, 1910
*
  0.0000000E+00, 1.1057435E+01, 1.7526000E-01, 2.7000000E+02, 9.0000000E+01
* ELEM  424  circular arc
 3, 1969, 1910
*
  0.0000000E+00, 1.1057435E+01, 1.7526000E-01, 0.0000000E+00, 9.0000000E+01
* ELEM  425  line segment
 1, 0, 1910
*
  0.0000000E+00, 1.1296195E+01, 0.0000000E+00, -6.3500000E-02
* ELEM  426  line segment
 1, 0, 1970
*
  0.0000000E+00, 1.1721040E+01, 0.0000000E+00, -3.5052000E-01
* ELEM  427  line segment
 1, 1872, 1871
*
  8.8218486E+00, 1.4986000E+01, 0.0000000E+00, 2.5400000E-01
* ELEM  428  line segment
 1, 0, 1872
*
  8.8272614E+00, 1.5240000E+01, -5.4128000E-03, 0.0000000E+00
* ELEM  429  circular arc
 3, 1921, 1872
*
  9.0660214E+00, 1.5240000E+01, 2.3876000E-01, 1.8000000E+02, 1.8000000E+02
* ELEM  430  line segment
 1, 0, 1872
*
  9.3101942E+00, 1.5240000E+01, -5.4128000E-03, 0.0000000E+00
* ELEM  431  line segment
 1, 0, 1923
*
  9.8674526E+00, 1.5240000E+01, -6.3500000E-02, 0.0000000E+00
* ELEM  432  circular arc
 3, 1948, 1923
*
  1.0042713E+01, 1.5240000E+01, 1.7526000E-01, 1.8000000E+02, 1.8000000E+02
* ELEM  433  line segment
 1, 0, 1923
*
  1.0281473E+01, 1.5240000E+01, -6.3500000E-02, 0.0000000E+00
* ELEM  434  line segment
 1, 0, 1949
*
  1.0706318E+01, 1.5240000E+01, -3.5052000E-01, 0.0000000E+00
* ELEM  435  line segment
 1, 0, 1881
*
  4.4321510E+00, 1.5240000E+01, -5.4128000E-03, 0.0000000E+00
* ELEM  436  circular arc
 3, 1888, 1881
*
  4.6709110E+00, 1.5240000E+01, 2.3876000E-01, 1.8000000E+02, 1.8000000E+02
* ELEM  437  line segment
 1, 0, 1881
*
  4.9150838E+00, 1.5240000E+01, -5.4128000E-03, 0.0000000E+00
* ELEM  438  line segment
 1, 1876, 1881
*
  4.9150838E+00, 1.4986000E+01, 0.0000000E+00, 2.5400000E-01
* ELEM  439  line segment
 1, 0, 1917
*
  3.5189598E+00, 1.5240000E+01, -6.3500000E-02, 0.0000000E+00
* ELEM  440  circular arc
 3, 1934, 1917
*
  3.6942198E+00, 1.5240000E+01, 1.7526000E-01, 1.8000000E+02, 1.8000000E+02
* ELEM  441  line segment
 1, 0, 1917
*
  3.9329798E+00, 1.5240000E+01, -6.3500000E-02, 0.0000000E+00
* ELEM  442  line segment
 1, 0, 1935
*
  3.3811342E+00, 1.5240000E+01, -3.5052000E-01, 0.0000000E+00
* ELEM  443  line segment
 1, 0, 1853
*
  0.0000000E+00, 6.9119098E+00, 0.0000000E+00, -5.4128000E-03
* ELEM  444  circular arc
 3, 1895, 1853
*
  0.0000000E+00, 7.1506698E+00, 2.3876000E-01, 2.7000000E+02, 9.0000000E+01
* ELEM  445  circular arc
 3, 1895, 1853
*
  0.0000000E+00, 7.1506698E+00, 2.3876000E-01, 0.0000000E+00, 9.0000000E+01
* ELEM  446  line segment
 1, 0, 1853
*
  0.0000000E+00, 7.3948426E+00, 0.0000000E+00, -5.4128000E-03
* ELEM  447  line segment
 1, 1853, 1854
*
  0.0000000E+00, 7.3948426E+00, 2.5400000E-01, 0.0000000E+00
* ELEM  448  line segment
 1, 0, 1904
*
  0.0000000E+00, 5.9987186E+00, 0.0000000E+00, -6.3500000E-02
* ELEM  449  circular arc
 3, 1959, 1904
*
  0.0000000E+00, 6.1739786E+00, 1.7526000E-01, 2.7000000E+02, 9.0000000E+01
* ELEM  450  circular arc
 3, 1959, 1904
*
  0.0000000E+00, 6.1739786E+00, 1.7526000E-01, 0.0000000E+00, 9.0000000E+01
* ELEM  451  line segment
 1, 0, 1904
*
  0.0000000E+00, 6.4127386E+00, 0.0000000E+00, -6.3500000E-02
* ELEM  452  line segment
 1, 0, 1958
*
  0.0000000E+00, 5.8608930E+00, 0.0000000E+00, -3.5052000E-01
* ELEM  453  line segment
 1, 1859, 1848
*
  0.0000000E+00, 9.3482250E+00, 2.5400000E-01, 0.0000000E+00
* ELEM  454  line segment
 1, 0, 1848
*
  0.0000000E+00, 9.3536378E+00, 0.0000000E+00, -5.4128000E-03
* ELEM  455  circular arc
 3, 1907, 1848
*
  0.0000000E+00, 9.5923978E+00, 2.3876000E-01, 2.7000000E+02, 9.0000000E+01
* ELEM  456  circular arc
 3, 1907, 1848
*
  0.0000000E+00, 9.5923978E+00, 2.3876000E-01, 0.0000000E+00, 9.0000000E+01
* ELEM  457  line segment
 1, 0, 1848
*
  0.0000000E+00, 9.8365706E+00, 0.0000000E+00, -5.4128000E-03
* ELEM  458  line segment
 1, 0, 1909
*
  0.0000000E+00, 1.0393829E+01, 0.0000000E+00, -6.3500000E-02
* ELEM  459  circular arc
 3, 1968, 1909
*
  0.0000000E+00, 1.0569089E+01, 1.7526000E-01, 2.7000000E+02, 9.0000000E+01
* ELEM  460  circular arc
 3, 1968, 1909
*
  0.0000000E+00, 1.0569089E+01, 1.7526000E-01, 0.0000000E+00, 9.0000000E+01
* ELEM  461  line segment
 1, 0, 1909
*
  0.0000000E+00, 1.0807849E+01, 0.0000000E+00, -6.3500000E-02
* ELEM  462  line segment
 1, 0, 1969
*
  0.0000000E+00, 1.1232695E+01, 0.0000000E+00, -3.5052000E-01
* ELEM  463  line segment
 1, 1871, 1868
*
  8.3335030E+00, 1.4986000E+01, 0.0000000E+00, 2.5400000E-01
* ELEM  464  line segment
 1, 0, 1871
*
  8.3389158E+00, 1.5240000E+01, -5.4128000E-03, 0.0000000E+00
* ELEM  465  circular arc
 3, 1920, 1871
*
  8.5776758E+00, 1.5240000E+01, 2.3876000E-01, 1.8000000E+02, 1.8000000E+02
* ELEM  466  line segment
 1, 0, 1871
*
  8.8218486E+00, 1.5240000E+01, -5.4128000E-03, 0.0000000E+00
* ELEM  467  line segment
 1, 0, 1922
*
  9.3791070E+00, 1.5240000E+01, -6.3500000E-02, 0.0000000E+00
* ELEM  468  circular arc
 3, 1947, 1922
*
  9.5543670E+00, 1.5240000E+01, 1.7526000E-01, 1.8000000E+02, 1.8000000E+02
* ELEM  469  line segment
 1, 0, 1922
*
  9.7931270E+00, 1.5240000E+01, -6.3500000E-02, 0.0000000E+00
* ELEM  470  line segment
 1, 0, 1948
*
  1.0217973E+01, 1.5240000E+01, -3.5052000E-01, 0.0000000E+00
* ELEM  471  line segment
 1, 0, 1876
*
  4.9204966E+00, 1.5240000E+01, -5.4128000E-03, 0.0000000E+00
* ELEM  472  circular arc
 3, 1892, 1876
*
  5.1592566E+00, 1.5240000E+01, 2.3876000E-01, 1.8000000E+02, 1.8000000E+02
* ELEM  473  line segment
 1, 0, 1876
*
  5.4034294E+00, 1.5240000E+01, -5.4128000E-03, 0.0000000E+00
* ELEM  474  line segment
 1, 1865, 1876
*
  5.4034294E+00, 1.4986000E+01, 0.0000000E+00, 2.5400000E-01
* ELEM  475  line segment
 1, 0, 1918
*
  4.0073054E+00, 1.5240000E+01, -6.3500000E-02, 0.0000000E+00
* ELEM  476  circular arc
 3, 1936, 1918
*
  4.1825654E+00, 1.5240000E+01, 1.7526000E-01, 1.8000000E+02, 1.8000000E+02
* ELEM  477  line segment
 1, 0, 1918
*
  4.4213254E+00, 1.5240000E+01, -6.3500000E-02, 0.0000000E+00
* ELEM  478  line segment
 1, 0, 1934
*
  3.8694798E+00, 1.5240000E+01, -3.5052000E-01, 0.0000000E+00
* ELEM  479  line segment
 1, 0, 1854
*
  0.0000000E+00, 7.4002554E+00, 0.0000000E+00, -5.4128000E-03
* ELEM  480  circular arc
 3, 1890, 1854
*
  0.0000000E+00, 7.6390154E+00, 2.3876000E-01, 2.7000000E+02, 9.0000000E+01
* ELEM  481  circular arc
 3, 1890, 1854
*
  0.0000000E+00, 7.6390154E+00, 2.3876000E-01, 0.0000000E+00, 9.0000000E+01
* ELEM  482  line segment
 1, 0, 1854
*
  0.0000000E+00, 7.8831882E+00, 0.0000000E+00, -5.4128000E-03
* ELEM  483  line segment
 1, 1854, 1862
*
  0.0000000E+00, 7.8831882E+00, 2.5400000E-01, 0.0000000E+00
* ELEM  484  line segment
 1, 0, 1887
*
  0.0000000E+00, 6.4870642E+00, 0.0000000E+00, -6.3500000E-02
* ELEM  485  circular arc
 3, 1960, 1887
*
  0.0000000E+00, 6.6623242E+00, 1.7526000E-01, 2.7000000E+02, 9.0000000E+01
* ELEM  486  circular arc
 3, 1960, 1887
*
  0.0000000E+00, 6.6623242E+00, 1.7526000E-01, 0.0000000E+00, 9.0000000E+01
* ELEM  487  line segment
 1, 0, 1887
*
  0.0000000E+00, 6.9010842E+00, 0.0000000E+00, -6.3500000E-02
* ELEM  488  line segment
 1, 0, 1959
*
  0.0000000E+00, 6.3492386E+00, 0.0000000E+00, -3.5052000E-01
* ELEM  489  line segment
 1, 1847, 1859
*
  0.0000000E+00, 8.8598794E+00, 2.5400000E-01, 0.0000000E+00
* ELEM  490  line segment
 1, 0, 1859
*
  0.0000000E+00, 8.8652922E+00, 0.0000000E+00, -5.4128000E-03
* ELEM  491  circular arc
 3, 1906, 1859
*
  0.0000000E+00, 9.1040522E+00, 2.3876000E-01, 2.7000000E+02, 9.0000000E+01
* ELEM  492  circular arc
 3, 1906, 1859
*
  0.0000000E+00, 9.1040522E+00, 2.3876000E-01, 0.0000000E+00, 9.0000000E+01
* ELEM  493  line segment
 1, 0, 1859
*
  0.0000000E+00, 9.3482250E+00, 0.0000000E+00, -5.4128000E-03
* ELEM  494  line segment
 1, 0, 1908
*
  0.0000000E+00, 9.9054834E+00, 0.0000000E+00, -6.3500000E-02
* ELEM  495  circular arc
 3, 1967, 1908
*
  0.0000000E+00, 1.0080743E+01, 1.7526000E-01, 2.7000000E+02, 9.0000000E+01
* ELEM  496  circular arc
 3, 1967, 1908
*
  0.0000000E+00, 1.0080743E+01, 1.7526000E-01, 0.0000000E+00, 9.0000000E+01
* ELEM  497  line segment
 1, 0, 1908
*
  0.0000000E+00, 1.0319503E+01, 0.0000000E+00, -6.3500000E-02
* ELEM  498  line segment
 1, 0, 1968
*
  0.0000000E+00, 1.0744349E+01, 0.0000000E+00, -3.5052000E-01
* ELEM  499  line segment
 1, 1868, 1870
*
  7.8451574E+00, 1.4986000E+01, 0.0000000E+00, 2.5400000E-01
* ELEM  500  line segment
 1, 0, 1868
*
  7.8505702E+00, 1.5240000E+01, -5.4128000E-03, 0.0000000E+00
* ELEM  501  circular arc
 3, 1898, 1868
*
  8.0893302E+00, 1.5240000E+01, 2.3876000E-01, 1.8000000E+02, 1.8000000E+02
* ELEM  502  line segment
 1, 0, 1868
*
  8.3335030E+00, 1.5240000E+01, -5.4128000E-03, 0.0000000E+00
* ELEM  503  line segment
 1, 0, 1921
*
  8.8907614E+00, 1.5240000E+01, -6.3500000E-02, 0.0000000E+00
* ELEM  504  circular arc
 3, 1946, 1921
*
  9.0660214E+00, 1.5240000E+01, 1.7526000E-01, 1.8000000E+02, 1.8000000E+02
* ELEM  505  line segment
 1, 0, 1921
*
  9.3047814E+00, 1.5240000E+01, -6.3500000E-02, 0.0000000E+00
* ELEM  506  line segment
 1, 0, 1947
*
  9.7296270E+00, 1.5240000E+01, -3.5052000E-01, 0.0000000E+00
* ELEM  507  line segment
 1, 0, 1865
*
  5.4088422E+00, 1.5240000E+01, -5.4128000E-03, 0.0000000E+00
* ELEM  508  circular arc
 3, 1919, 1865
*
  5.6476022E+00, 1.5240000E+01, 2.3876000E-01, 1.8000000E+02, 1.8000000E+02
* ELEM  509  line segment
 1, 0, 1865
*
  5.8917750E+00, 1.5240000E+01, -5.4128000E-03, 0.0000000E+00
* ELEM  510  line segment
 1, 1882, 1865
*
  5.8917750E+00, 1.4986000E+01, 0.0000000E+00, 2.5400000E-01
* ELEM  511  line segment
 1, 0, 1888
*
  4.4956510E+00, 1.5240000E+01, -6.3500000E-02, 0.0000000E+00
* ELEM  512  circular arc
 3, 1937, 1888
*
  4.6709110E+00, 1.5240000E+01, 1.7526000E-01, 1.8000000E+02, 1.8000000E+02
* ELEM  513  line segment
 1, 0, 1888
*
  4.9096710E+00, 1.5240000E+01, -6.3500000E-02, 0.0000000E+00
* ELEM  514  line segment
 1, 0, 1936
*
  4.3578254E+00, 1.5240000E+01, -3.5052000E-01, 0.0000000E+00
* ELEM  515  line segment
 1, 0, 1862
*
  0.0000000E+00, 7.8886010E+00, 0.0000000E+00, -5.4128000E-03
* ELEM  516  circular arc
 3, 1896, 1862
*
  0.0000000E+00, 8.1273610E+00, 2.3876000E-01, 2.7000000E+02, 9.0000000E+01
* ELEM  517  circular arc
 3, 1896, 1862
*
  0.0000000E+00, 8.1273610E+00, 2.3876000E-01, 0.0000000E+00, 9.0000000E+01
* ELEM  518  line segment
 1, 0, 1862
*
  0.0000000E+00, 8.3715338E+00, 0.0000000E+00, -5.4128000E-03
* ELEM  519  line segment
 1, 1862, 1847
*
  0.0000000E+00, 8.3715338E+00, 2.5400000E-01, 0.0000000E+00
* ELEM  520  line segment
 1, 0, 1895
*
  0.0000000E+00, 6.9754098E+00, 0.0000000E+00, -6.3500000E-02
* ELEM  521  circular arc
 3, 1961, 1895
*
  0.0000000E+00, 7.1506698E+00, 1.7526000E-01, 2.7000000E+02, 9.0000000E+01
* ELEM  522  circular arc
 3, 1961, 1895
*
  0.0000000E+00, 7.1506698E+00, 1.7526000E-01, 0.0000000E+00, 9.0000000E+01
* ELEM  523  line segment
 1, 0, 1895
*
  0.0000000E+00, 7.3894298E+00, 0.0000000E+00, -6.3500000E-02
* ELEM  524  line segment
 1, 0, 1960
*
  0.0000000E+00, 6.8375842E+00, 0.0000000E+00, -3.5052000E-01
* ELEM  525  line segment
 1, 0, 1847
*
  0.0000000E+00, 8.3769466E+00, 0.0000000E+00, -5.4128000E-03
* ELEM  526  circular arc
 3, 1905, 1847
*
  0.0000000E+00, 8.6157066E+00, 2.3876000E-01, 2.7000000E+02, 9.0000000E+01
* ELEM  527  circular arc
 3, 1905, 1847
*
  0.0000000E+00, 8.6157066E+00, 2.3876000E-01, 0.0000000E+00, 9.0000000E+01
* ELEM  528  line segment
 1, 0, 1847
*
  0.0000000E+00, 8.8598794E+00, 0.0000000E+00, -5.4128000E-03
* ELEM  529  line segment
 1, 0, 1907
*
  0.0000000E+00, 9.4171378E+00, 0.0000000E+00, -6.3500000E-02
* ELEM  530  circular arc
 3, 1966, 1907
*
  0.0000000E+00, 9.5923978E+00, 1.7526000E-01, 2.7000000E+02, 9.0000000E+01
* ELEM  531  circular arc
 3, 1966, 1907
*
  0.0000000E+00, 9.5923978E+00, 1.7526000E-01, 0.0000000E+00, 9.0000000E+01
* ELEM  532  line segment
 1, 0, 1907
*
  0.0000000E+00, 9.8311578E+00, 0.0000000E+00, -6.3500000E-02
* ELEM  533  line segment
 1, 0, 1967
*
  0.0000000E+00, 1.0256003E+01, 0.0000000E+00, -3.5052000E-01
* ELEM  534  line segment
 1, 1870, 1875
*
  7.3568118E+00, 1.4986000E+01, 0.0000000E+00, 2.5400000E-01
* ELEM  535  line segment
 1, 0, 1870
*
  7.3622246E+00, 1.5240000E+01, -5.4128000E-03, 0.0000000E+00
* ELEM  536  circular arc
 3, 1894, 1870
*
  7.6009846E+00, 1.5240000E+01, 2.3876000E-01, 1.8000000E+02, 1.8000000E+02
* ELEM  537  line segment
 1, 0, 1870
*
  7.8451574E+00, 1.5240000E+01, -5.4128000E-03, 0.0000000E+00
* ELEM  538  line segment
 1, 0, 1920
*
  8.4024158E+00, 1.5240000E+01, -6.3500000E-02, 0.0000000E+00
* ELEM  539  circular arc
 3, 1945, 1920
*
  8.5776758E+00, 1.5240000E+01, 1.7526000E-01, 1.8000000E+02, 1.8000000E+02
* ELEM  540  line segment
 1, 0, 1920
*
  8.8164358E+00, 1.5240000E+01, -6.3500000E-02, 0.0000000E+00
* ELEM  541  line segment
 1, 0, 1946
*
  9.2412814E+00, 1.5240000E+01, -3.5052000E-01, 0.0000000E+00
* ELEM  542  line segment
 1, 0, 1882
*
  5.8971878E+00, 1.5240000E+01, -5.4128000E-03, 0.0000000E+00
* ELEM  543  circular arc
 3, 1889, 1882
*
  6.1359478E+00, 1.5240000E+01, 2.3876000E-01, 1.8000000E+02, 1.8000000E+02
* ELEM  544  line segment
 1, 0, 1882
*
  6.3801206E+00, 1.5240000E+01, -5.4128000E-03, 0.0000000E+00
* ELEM  545  line segment
 1, 1877, 1882
*
  6.3801206E+00, 1.4986000E+01, 0.0000000E+00, 2.5400000E-01
* ELEM  546  line segment
 1, 0, 1892
*
  4.9839966E+00, 1.5240000E+01, -6.3500000E-02, 0.0000000E+00
* ELEM  547  circular arc
 3, 1938, 1892
*
  5.1592566E+00, 1.5240000E+01, 1.7526000E-01, 1.8000000E+02, 1.8000000E+02
* ELEM  548  line segment
 1, 0, 1892
*
  5.3980166E+00, 1.5240000E+01, -6.3500000E-02, 0.0000000E+00
* ELEM  549  line segment
 1, 0, 1937
*
  4.8461710E+00, 1.5240000E+01, -3.5052000E-01, 0.0000000E+00
* ELEM  550  line segment
 1, 0, 1890
*
  0.0000000E+00, 7.4637554E+00, 0.0000000E+00, -6.3500000E-02
* ELEM  551  circular arc
 3, 1962, 1890
*
  0.0000000E+00, 7.6390154E+00, 1.7526000E-01, 2.7000000E+02, 9.0000000E+01
* ELEM  552  circular arc
 3, 1962, 1890
*
  0.0000000E+00, 7.6390154E+00, 1.7526000E-01, 0.0000000E+00, 9.0000000E+01
* ELEM  553  line segment
 1, 0, 1890
*
  0.0000000E+00, 7.8777754E+00, 0.0000000E+00, -6.3500000E-02
* ELEM  554  line segment
 1, 0, 1961
*
  0.0000000E+00, 7.3259298E+00, 0.0000000E+00, -3.5052000E-01
* ELEM  555  line segment
 1, 0, 1906
*
  0.0000000E+00, 8.9287922E+00, 0.0000000E+00, -6.3500000E-02
* ELEM  556  circular arc
 3, 1965, 1906
*
  0.0000000E+00, 9.1040522E+00, 1.7526000E-01, 2.7000000E+02, 9.0000000E+01
* ELEM  557  circular arc
 3, 1965, 1906
*
  0.0000000E+00, 9.1040522E+00, 1.7526000E-01, 0.0000000E+00, 9.0000000E+01
* ELEM  558  line segment
 1, 0, 1906
*
  0.0000000E+00, 9.3428122E+00, 0.0000000E+00, -6.3500000E-02
* ELEM  559  line segment
 1, 0, 1966
*
  0.0000000E+00, 9.7676578E+00, 0.0000000E+00, -3.5052000E-01
* ELEM  560  line segment
 1, 1875, 1877
*
  6.8684662E+00, 1.4986000E+01, 0.0000000E+00, 2.5400000E-01
* ELEM  561  line segment
 1, 0, 1875
*
  6.8738790E+00, 1.5240000E+01, -5.4128000E-03, 0.0000000E+00
* ELEM  562  circular arc
 3, 1897, 1875
*
  7.1126390E+00, 1.5240000E+01, 2.3876000E-01, 1.8000000E+02, 1.8000000E+02
* ELEM  563  line segment
 1, 0, 1875
*
  7.3568118E+00, 1.5240000E+01, -5.4128000E-03, 0.0000000E+00
* ELEM  564  line segment
 1, 0, 1898
*
  7.9140702E+00, 1.5240000E+01, -6.3500000E-02, 0.0000000E+00
* ELEM  565  circular arc
 3, 1944, 1898
*
  8.0893302E+00, 1.5240000E+01, 1.7526000E-01, 1.8000000E+02, 1.8000000E+02
* ELEM  566  line segment
 1, 0, 1898
*
  8.3280902E+00, 1.5240000E+01, -6.3500000E-02, 0.0000000E+00
* ELEM  567  line segment
 1, 0, 1945
*
  8.7529358E+00, 1.5240000E+01, -3.5052000E-01, 0.0000000E+00
* ELEM  568  line segment
 1, 0, 1877
*
  6.3855334E+00, 1.5240000E+01, -5.4128000E-03, 0.0000000E+00
* ELEM  569  circular arc
 3, 1893, 1877
*
  6.6242934E+00, 1.5240000E+01, 2.3876000E-01, 1.8000000E+02, 1.8000000E+02
* ELEM  570  line segment
 1, 0, 1877
*
  6.8684662E+00, 1.5240000E+01, -5.4128000E-03, 0.0000000E+00
* ELEM  571  line segment
 1, 0, 1919
*
  5.4723422E+00, 1.5240000E+01, -6.3500000E-02, 0.0000000E+00
* ELEM  572  circular arc
 3, 1939, 1919
*
  5.6476022E+00, 1.5240000E+01, 1.7526000E-01, 1.8000000E+02, 1.8000000E+02
* ELEM  573  line segment
 1, 0, 1919
*
  5.8863622E+00, 1.5240000E+01, -6.3500000E-02, 0.0000000E+00
* ELEM  574  line segment
 1, 0, 1938
*
  5.3345166E+00, 1.5240000E+01, -3.5052000E-01, 0.0000000E+00
* ELEM  575  line segment
 1, 0, 1896
*
  0.0000000E+00, 7.9521010E+00, 0.0000000E+00, -6.3500000E-02
* ELEM  576  circular arc
 3, 1963, 1896
*
  0.0000000E+00, 8.1273610E+00, 1.7526000E-01, 2.7000000E+02, 9.0000000E+01
* ELEM  577  circular arc
 3, 1963, 1896
*
  0.0000000E+00, 8.1273610E+00, 1.7526000E-01, 0.0000000E+00, 9.0000000E+01
* ELEM  578  line segment
 1, 0, 1896
*
  0.0000000E+00, 8.3661210E+00, 0.0000000E+00, -6.3500000E-02
* ELEM  579  line segment
 1, 0, 1962
*
  0.0000000E+00, 7.8142754E+00, 0.0000000E+00, -3.5052000E-01
* ELEM  580  line segment
 1, 0, 1905
*
  0.0000000E+00, 8.4404466E+00, 0.0000000E+00, -6.3500000E-02
* ELEM  581  circular arc
 3, 1964, 1905
*
  0.0000000E+00, 8.6157066E+00, 1.7526000E-01, 2.7000000E+02, 9.0000000E+01
* ELEM  582  circular arc
 3, 1964, 1905
*
  0.0000000E+00, 8.6157066E+00, 1.7526000E-01, 0.0000000E+00, 9.0000000E+01
* ELEM  583  line segment
 1, 0, 1905
*
  0.0000000E+00, 8.8544666E+00, 0.0000000E+00, -6.3500000E-02
* ELEM  584  line segment
 1, 0, 1965
*
  0.0000000E+00, 9.2793122E+00, 0.0000000E+00, -3.5052000E-01
* ELEM  585  line segment
 1, 0, 1894
*
  7.4257246E+00, 1.5240000E+01, -6.3500000E-02, 0.0000000E+00
* ELEM  586  circular arc
 3, 1943, 1894
*
  7.6009846E+00, 1.5240000E+01, 1.7526000E-01, 1.8000000E+02, 1.8000000E+02
* ELEM  587  line segment
 1, 0, 1894
*
  7.8397446E+00, 1.5240000E+01, -6.3500000E-02, 0.0000000E+00
* ELEM  588  line segment
 1, 0, 1944
*
  8.2645902E+00, 1.5240000E+01, -3.5052000E-01, 0.0000000E+00
* ELEM  589  line segment
 1, 0, 1889
*
  5.9606878E+00, 1.5240000E+01, -6.3500000E-02, 0.0000000E+00
* ELEM  590  circular arc
 3, 1940, 1889
*
  6.1359478E+00, 1.5240000E+01, 1.7526000E-01, 1.8000000E+02, 1.8000000E+02
* ELEM  591  line segment
 1, 0, 1889
*
  6.3747078E+00, 1.5240000E+01, -6.3500000E-02, 0.0000000E+00
* ELEM  592  line segment
 1, 0, 1939
*
  5.8228622E+00, 1.5240000E+01, -3.5052000E-01, 0.0000000E+00
* ELEM  593  line segment
 1, 0, 1963
*
  0.0000000E+00, 8.3026210E+00, 0.0000000E+00, -3.5052000E-01
* ELEM  594  line segment
 1, 0, 1964
*
  0.0000000E+00, 8.7909666E+00, 0.0000000E+00, -3.5052000E-01
* ELEM  595  line segment
 1, 0, 1897
*
  6.9373790E+00, 1.5240000E+01, -6.3500000E-02, 0.0000000E+00
* ELEM  596  circular arc
 3, 1942, 1897
*
  7.1126390E+00, 1.5240000E+01, 1.7526000E-01, 1.8000000E+02, 1.8000000E+02
* ELEM  597  line segment
 1, 0, 1897
*
  7.3513990E+00, 1.5240000E+01, -6.3500000E-02, 0.0000000E+00
* ELEM  598  line segment
 1, 0, 1943
*
  7.7762446E+00, 1.5240000E+01, -3.5052000E-01, 0.0000000E+00
* ELEM  599  line segment
 1, 0, 1893
*
  6.4490334E+00, 1.5240000E+01, -6.3500000E-02, 0.0000000E+00
* ELEM  600  circular arc
 3, 1941, 1893
*
  6.6242934E+00, 1.5240000E+01, 1.7526000E-01, 1.8000000E+02, 1.8000000E+02
* ELEM  601  line segment
 1, 0, 1893
*
  6.8630534E+00, 1.5240000E+01, -6.3500000E-02, 0.0000000E+00
* ELEM  602  line segment
 1, 0, 1940
*
  6.3112078E+00, 1.5240000E+01, -3.5052000E-01, 0.0000000E+00
* ELEM  603  line segment
 1, 0, 1942
*
  7.2878990E+00, 1.5240000E+01, -3.5052000E-01, 0.0000000E+00
* ELEM  604  line segment
 1, 0, 1941
*
  6.7995534E+00, 1.5240000E+01, -3.5052000E-01, 0.0000000E+00
* ELEM  605  line segment
 1, 1797, 1983
*
  1.0531941E+00, 1.4120000E+01, 6.6805873E-02, 0.0000000E+00
* ELEM  606  line segment
 1, 1980, 1797
*
  1.1200000E+00, 1.3943218E+01, 0.0000000E+00, 1.7678235E-01
* ELEM  607  circular arc
 3, 1840, 1797
*
  1.8850000E+00, 1.3355000E+01, 9.6500000E-01, 1.4244289E+02, 3.7557114E+01
* ELEM  608  line segment
 1, 1797, 1840
*
  9.2000000E-01, 1.3355000E+01, 0.0000000E+00, -5.3500000E-01
* ELEM  609  line segment
 1, 1797, 1806
*
  9.2000000E-01, 1.2820000E+01, -1.6510000E-01, 0.0000000E+00
* ELEM  610  line segment
 1, 1806, 1767
*
  9.2000000E-01, 1.2820000E+01, 0.0000000E+00, -1.3000000E+00
* ELEM  611  line segment
 1, 1806, 1805
*
  9.2000000E-01, 1.1520000E+01, -1.6510000E-01, 0.0000000E+00
* ELEM  612  line segment
 1, 1796, 1983
*
  1.1200000E+00, 1.4120000E+01, 0.0000000E+00, 6.6805873E-02
* ELEM  613  line segment
 1, 1805, 1766
*
  9.2000000E-01, 1.1520000E+01, 0.0000000E+00, -1.3000000E+00
* ELEM  614  line segment
 1, 1805, 1826
*
  9.2000000E-01, 1.0220000E+01, -1.6510000E-01, 0.0000000E+00
* ELEM  615  line segment
 1, 1830, 1796
*
  2.4200000E+00, 1.4320000E+01, 0.0000000E+00, 1.6510000E-01
* ELEM  616  line segment
 1, 1796, 1837
*
  2.4200000E+00, 1.4320000E+01, -5.3500000E-01, 0.0000000E+00
* ELEM  617  circular arc
 3, 1837, 1796
*
  1.8850000E+00, 1.3355000E+01, 9.6500000E-01, 9.0000000E+01, 3.7557114E+01
* ELEM  618  line segment
 1, 1980, 1796
*
  1.1200000E+00, 1.4120000E+01, 1.7678235E-01, 0.0000000E+00
* ELEM  619  circular arc
 3, 189, 1980
*
  1.8850000E+00, 1.3355000E+01, 9.6500000E-01, 1.2755711E+02, 1.4885772E+01
* ELEM  620  line segment
 1, 1826, 1785
*
  9.2000000E-01, 1.0220000E+01, 0.0000000E+00, -1.3000000E+00
* ELEM  621  line segment
 1, 1826, 1804
*
  9.2000000E-01, 8.9200000E+00, -1.6510000E-01, 0.0000000E+00
* ELEM  622  line segment
 1, 1804, 1765
*
  9.2000000E-01, 8.9200000E+00, 0.0000000E+00, -1.3000000E+00
* ELEM  623  line segment
 1, 1804, 1809
*
  9.2000000E-01, 7.6200000E+00, -1.6510000E-01, 0.0000000E+00
* ELEM  624  line segment
 1, 1814, 1830
*
  3.7200000E+00, 1.4320000E+01, 0.0000000E+00, 1.6510000E-01
* ELEM  625  line segment
 1, 1830, 1791
*
  3.7200000E+00, 1.4320000E+01, -1.3000000E+00, 0.0000000E+00
* ELEM  626  line segment
 1, 1809, 1775
*
  9.2000000E-01, 7.6200000E+00, 0.0000000E+00, -1.3000000E+00
* ELEM  627  line segment
 1, 1809, 1821
*
  9.2000000E-01, 6.3200000E+00, -1.6510000E-01, 0.0000000E+00
* ELEM  628  line segment
 1, 1829, 1814
*
  5.0200000E+00, 1.4320000E+01, 0.0000000E+00, 1.6510000E-01
* ELEM  629  line segment
 1, 1814, 1776
*
  5.0200000E+00, 1.4320000E+01, -1.3000000E+00, 0.0000000E+00
* ELEM  630  line segment
 1, 1821, 1774
*
  9.2000000E-01, 6.3200000E+00, 0.0000000E+00, -1.3000000E+00
* ELEM  631  line segment
 1, 1821, 1803
*
  9.2000000E-01, 5.0200000E+00, -1.6510000E-01, 0.0000000E+00
* ELEM  632  line segment
 1, 1822, 1829
*
  6.3200000E+00, 1.4320000E+01, 0.0000000E+00, 1.6510000E-01
* ELEM  633  line segment
 1, 1829, 1786
*
  6.3200000E+00, 1.4320000E+01, -1.3000000E+00, 0.0000000E+00
* ELEM  634  line segment
 1, 1803, 1768
*
  9.2000000E-01, 5.0200000E+00, 0.0000000E+00, -1.3000000E+00
* ELEM  635  line segment
 1, 1803, 1825
*
  9.2000000E-01, 3.7200000E+00, -1.6510000E-01, 0.0000000E+00
* ELEM  636  line segment
 1, 1816, 1822
*
  7.6200000E+00, 1.4320000E+01, 0.0000000E+00, 1.6510000E-01
* ELEM  637  line segment
 1, 1822, 1787
*
  7.6200000E+00, 1.4320000E+01, -1.3000000E+00, 0.0000000E+00
* ELEM  638  line segment
 1, 1825, 1777
*
  9.2000000E-01, 3.7200000E+00, 0.0000000E+00, -1.3000000E+00
* ELEM  639  line segment
 1, 1825, 1794
*
  9.2000000E-01, 2.4200000E+00, -1.6510000E-01, 0.0000000E+00
* ELEM  640  line segment
 1, 1832, 1816
*
  8.9200000E+00, 1.4320000E+01, 0.0000000E+00, 1.6510000E-01
* ELEM  641  line segment
 1, 1816, 1770
*
  8.9200000E+00, 1.4320000E+01, -1.3000000E+00, 0.0000000E+00
* ELEM  642  line segment
 1, 1794, 1835
*
  9.2000000E-01, 2.4200000E+00, 0.0000000E+00, -5.3500000E-01
* ELEM  643  circular arc
 3, 1835, 1794
*
  1.8850000E+00, 1.8850000E+00, 9.6500000E-01, 1.8000000E+02, 3.7557114E+01
* ELEM  644  line segment
 1, 1981, 1794
*
  1.1200000E+00, 1.1200000E+00, 0.0000000E+00, 1.7678235E-01
* ELEM  645  line segment
 1, 1794, 1982
*
  1.1200000E+00, 1.1200000E+00, -6.6805873E-02, 0.0000000E+00
* ELEM  646  line segment
 1, 1817, 1832
*
  1.0220000E+01, 1.4320000E+01, 0.0000000E+00, 1.6510000E-01
* ELEM  647  line segment
 1, 1832, 1792
*
  1.0220000E+01, 1.4320000E+01, -1.3000000E+00, 0.0000000E+00
* ELEM  648  line segment
 1, 1818, 1817
*
  1.1520000E+01, 1.4320000E+01, 0.0000000E+00, 1.6510000E-01
* ELEM  649  line segment
 1, 1817, 1771
*
  1.1520000E+01, 1.4320000E+01, -1.3000000E+00, 0.0000000E+00
* ELEM  650  line segment
 1, 1795, 1982
*
  1.1200000E+00, 1.0531941E+00, 0.0000000E+00, 6.6805873E-02
* ELEM  651  line segment
 1, 1801, 1818
*
  1.2820000E+01, 1.4320000E+01, 0.0000000E+00, 1.6510000E-01
* ELEM  652  line segment
 1, 1818, 1772
*
  1.2820000E+01, 1.4320000E+01, -1.3000000E+00, 0.0000000E+00
* ELEM  653  line segment
 1, 1981, 1795
*
  1.2967824E+00, 1.1200000E+00, -1.7678235E-01, 0.0000000E+00
* ELEM  654  circular arc
 3, 1836, 1795
*
  1.8850000E+00, 1.8850000E+00, 9.6500000E-01, 2.3244289E+02, 3.7557114E+01
* ELEM  655  line segment
 1, 1795, 1836
*
  1.8850000E+00, 9.2000000E-01, 5.3500000E-01, 0.0000000E+00
* ELEM  656  line segment
 1, 1810, 1795
*
  2.4200000E+00, 7.5490000E-01, 0.0000000E+00, 1.6510000E-01
* ELEM  657  circular arc
 3, 1695, 1981
*
  1.8850000E+00, 1.8850000E+00, 9.6500000E-01, 2.1755711E+02, 1.4885772E+01
* ELEM  658  line segment
 1, 1801, 1985
*
  1.4120000E+01, 1.4186806E+01, 0.0000000E+00, -6.6805873E-02
* ELEM  659  line segment
 1, 1978, 1801
*
  1.3943218E+01, 1.4120000E+01, 1.7678235E-01, 0.0000000E+00
* ELEM  660  circular arc
 3, 1841, 1801
*
  1.3355000E+01, 1.3355000E+01, 9.6500000E-01, 5.2442886E+01, 3.7557114E+01
* ELEM  661  line segment
 1, 1801, 1841
*
  1.3355000E+01, 1.4320000E+01, -5.3500000E-01, 0.0000000E+00
* ELEM  662  line segment
 1, 1810, 1769
*
  2.4200000E+00, 9.2000000E-01, 1.3000000E+00, 0.0000000E+00
* ELEM  663  line segment
 1, 1811, 1810
*
  3.7200000E+00, 7.5490000E-01, 0.0000000E+00, 1.6510000E-01
* ELEM  664  line segment
 1, 1800, 1985
*
  1.4120000E+01, 1.4120000E+01, 6.6805873E-02, 0.0000000E+00
* ELEM  665  line segment
 1, 1811, 1773
*
  3.7200000E+00, 9.2000000E-01, 1.3000000E+00, 0.0000000E+00
* ELEM  666  line segment
 1, 1813, 1811
*
  5.0200000E+00, 7.5490000E-01, 0.0000000E+00, 1.6510000E-01
* ELEM  667  line segment
 1, 1800, 1820
*
  1.4485100E+01, 1.2820000E+01, -1.6510000E-01, 0.0000000E+00
* ELEM  668  line segment
 1, 1800, 1842
*
  1.4320000E+01, 1.2820000E+01, 0.0000000E+00, 5.3500000E-01
* ELEM  669  circular arc
 3, 1842, 1800
*
  1.3355000E+01, 1.3355000E+01, 9.6500000E-01, 0.0000000E+00, 3.7557114E+01
* ELEM  670  line segment
 1, 1978, 1800
*
  1.4120000E+01, 1.4120000E+01, 0.0000000E+00, -1.7678235E-01
* ELEM  671  circular arc
 3, 31, 1978
*
  1.3355000E+01, 1.3355000E+01, 9.6500000E-01, 3.7557114E+01, 1.4885772E+01
* ELEM  672  line segment
 1, 1813, 1778
*
  5.0200000E+00, 9.2000000E-01, 1.3000000E+00, 0.0000000E+00
* ELEM  673  line segment
 1, 1815, 1813
*
  6.3200000E+00, 7.5490000E-01, 0.0000000E+00, 1.6510000E-01
* ELEM  674  line segment
 1, 1815, 1779
*
  6.3200000E+00, 9.2000000E-01, 1.3000000E+00, 0.0000000E+00
* ELEM  675  line segment
 1, 1802, 1815
*
  7.6200000E+00, 7.5490000E-01, 0.0000000E+00, 1.6510000E-01
* ELEM  676  line segment
 1, 1820, 1819
*
  1.4485100E+01, 1.1520000E+01, -1.6510000E-01, 0.0000000E+00
* ELEM  677  line segment
 1, 1820, 1784
*
  1.4320000E+01, 1.1520000E+01, 0.0000000E+00, 1.3000000E+00
* ELEM  678  line segment
 1, 1802, 1762
*
  7.6200000E+00, 9.2000000E-01, 1.3000000E+00, 0.0000000E+00
* ELEM  679  line segment
 1, 1831, 1802
*
  8.9200000E+00, 7.5490000E-01, 0.0000000E+00, 1.6510000E-01
* ELEM  680  line segment
 1, 1819, 1833
*
  1.4485100E+01, 1.0220000E+01, -1.6510000E-01, 0.0000000E+00
* ELEM  681  line segment
 1, 1819, 1783
*
  1.4320000E+01, 1.0220000E+01, 0.0000000E+00, 1.3000000E+00
* ELEM  682  line segment
 1, 1831, 1780
*
  8.9200000E+00, 9.2000000E-01, 1.3000000E+00, 0.0000000E+00
* ELEM  683  line segment
 1, 1807, 1831
*
  1.0220000E+01, 7.5490000E-01, 0.0000000E+00, 1.6510000E-01
* ELEM  684  line segment
 1, 1833, 1812
*
  1.4485100E+01, 8.9200000E+00, -1.6510000E-01, 0.0000000E+00
* ELEM  685  line segment
 1, 1833, 1793
*
  1.4320000E+01, 8.9200000E+00, 0.0000000E+00, 1.3000000E+00
* ELEM  686  line segment
 1, 1807, 1763
*
  1.0220000E+01, 9.2000000E-01, 1.3000000E+00, 0.0000000E+00
* ELEM  687  line segment
 1, 1808, 1807
*
  1.1520000E+01, 7.5490000E-01, 0.0000000E+00, 1.6510000E-01
* ELEM  688  line segment
 1, 1812, 1828
*
  1.4485100E+01, 7.6200000E+00, -1.6510000E-01, 0.0000000E+00
* ELEM  689  line segment
 1, 1812, 1782
*
  1.4320000E+01, 7.6200000E+00, 0.0000000E+00, 1.3000000E+00
* ELEM  690  line segment
 1, 1808, 1764
*
  1.1520000E+01, 9.2000000E-01, 1.3000000E+00, 0.0000000E+00
* ELEM  691  line segment
 1, 1799, 1808
*
  1.2820000E+01, 7.5490000E-01, 0.0000000E+00, 1.6510000E-01
* ELEM  692  line segment
 1, 1828, 1827
*
  1.4485100E+01, 6.3200000E+00, -1.6510000E-01, 0.0000000E+00
* ELEM  693  line segment
 1, 1828, 1790
*
  1.4320000E+01, 6.3200000E+00, 0.0000000E+00, 1.3000000E+00
* ELEM  694  line segment
 1, 1799, 1839
*
  1.2820000E+01, 9.2000000E-01, 5.3500000E-01, 0.0000000E+00
* ELEM  695  circular arc
 3, 1839, 1799
*
  1.3355000E+01, 1.8850000E+00, 9.6500000E-01, 2.7000000E+02, 3.7557114E+01
* ELEM  696  line segment
 1, 1979, 1799
*
  1.4120000E+01, 1.1200000E+00, -1.7678235E-01, 0.0000000E+00
* ELEM  697  line segment
 1, 1799, 1984
*
  1.4120000E+01, 1.1200000E+00, 0.0000000E+00, -6.6805873E-02
* ELEM  698  line segment
 1, 1827, 1824
*
  1.4485100E+01, 5.0200000E+00, -1.6510000E-01, 0.0000000E+00
* ELEM  699  line segment
 1, 1827, 1789
*
  1.4320000E+01, 5.0200000E+00, 0.0000000E+00, 1.3000000E+00
* ELEM  700  line segment
 1, 1824, 1823
*
  1.4485100E+01, 3.7200000E+00, -1.6510000E-01, 0.0000000E+00
* ELEM  701  line segment
 1, 1824, 1781
*
  1.4320000E+01, 3.7200000E+00, 0.0000000E+00, 1.3000000E+00
* ELEM  702  line segment
 1, 1798, 1984
*
  1.4186806E+01, 1.1200000E+00, -6.6805873E-02, 0.0000000E+00
* ELEM  703  line segment
 1, 1823, 1798
*
  1.4485100E+01, 2.4200000E+00, -1.6510000E-01, 0.0000000E+00
* ELEM  704  line segment
 1, 1823, 1788
*
  1.4320000E+01, 2.4200000E+00, 0.0000000E+00, 1.3000000E+00
* ELEM  705  line segment
 1, 1979, 1798
*
  1.4120000E+01, 1.2967824E+00, 0.0000000E+00, -1.7678235E-01
* ELEM  706  circular arc
 3, 1838, 1798
*
  1.3355000E+01, 1.8850000E+00, 9.6500000E-01, 3.2244289E+02, 3.7557114E+01
* ELEM  707  line segment
 1, 1798, 1838
*
  1.4320000E+01, 1.8850000E+00, 0.0000000E+00, 5.3500000E-01
* ELEM  708  circular arc
 3, 1537, 1979
*
  1.3355000E+01, 1.8850000E+00, 9.6500000E-01, 3.0755711E+02, 1.4885772E+01
* ELEM  709  line segment
 1, 1777, 1835
*
  1.1200000E+00, 2.4200000E+00, -2.0000000E-01, 0.0000000E+00
* ELEM  710  line segment
 1, 1695, 1835
*
  1.1200000E+00, 1.2967824E+00, 0.0000000E+00, 2.0397883E-01
* ELEM  711  line segment
 1, 1835, 1698
*
  1.1200000E+00, 2.0392388E+00, 0.0000000E+00, -5.3847763E-01
* ELEM  712  line segment
 1, 1701, 1835
*
  1.1200000E+00, 2.0392388E+00, 0.0000000E+00, 3.8076118E-01
* ELEM  713  line segment
 1, 1695, 1697
*
  1.1200000E+00, 1.5007612E+00, 3.8076118E-01, -3.8076118E-01
* ELEM  714  line segment
 1, 1695, 1836
*
  1.5007612E+00, 1.1200000E+00, -2.0397883E-01, 0.0000000E+00
* ELEM  715  line segment
 1, 1698, 1697
*
  1.2942020E+00, 1.5729180E+00, -1.7420204E-01, -7.2156848E-02
* ELEM  716  circular arc
 3, 1707, 1697
*
  1.7700000E+00, 1.7700000E+00, 5.1500000E-01, 2.0250000E+02, 4.5000000E+01
* ELEM  717  line segment
 1, 1697, 1696
*
  1.5729180E+00, 1.2942020E+00, -7.2156848E-02, -1.7420204E-01
* ELEM  718  line segment
 1, 1702, 1698
*
  1.2942020E+00, 1.9670820E+00, -1.7420204E-01, 7.2156848E-02
* ELEM  719  circular arc
 3, 1707, 1698
*
  1.7700000E+00, 1.7700000E+00, 5.1500000E-01, 1.5750000E+02, 4.5000000E+01
* ELEM  720  line segment
 1, 1701, 1702
*
  1.5007612E+00, 2.4200000E+00, -3.8076118E-01, -3.8076118E-01
* ELEM  721  line segment
 1, 1704, 1702
*
  1.5729180E+00, 2.2457980E+00, -7.2156848E-02, 1.7420204E-01
* ELEM  722  circular arc
 3, 1707, 1702
*
  1.7700000E+00, 1.7700000E+00, 5.1500000E-01, 1.1250000E+02, 4.5000000E+01
* ELEM  723  line segment
 1, 1701, 1515
*
  1.1200000E+00, 2.4200000E+00, 3.8076118E-01, 0.0000000E+00
* ELEM  724  circular arc
 3, 1707, 1696
*
  1.7700000E+00, 1.7700000E+00, 5.1500000E-01, 2.4750000E+02, 4.5000000E+01
* ELEM  725  line segment
 1, 1696, 1700
*
  1.9670820E+00, 1.2942020E+00, 7.2156848E-02, -1.7420204E-01
* ELEM  726  line segment
 1, 1836, 1696
*
  1.5007612E+00, 1.1200000E+00, 5.3847763E-01, 0.0000000E+00
* ELEM  727  circular arc
 3, 1707, 1703
*
  1.7700000E+00, 1.7700000E+00, 5.1500000E-01, 0.0000000E+00, 2.2500000E+01
* ELEM  728  circular arc
 3, 1707, 1706
*
  1.7700000E+00, 1.7700000E+00, 5.1500000E-01, 2.2500000E+01, 4.5000000E+01
* ELEM  729  circular arc
 3, 1707, 1704
*
  1.7700000E+00, 1.7700000E+00, 5.1500000E-01, 6.7500000E+01, 4.5000000E+01
* ELEM  730  circular arc
 3, 1707, 1700
*
  1.7700000E+00, 1.7700000E+00, 5.1500000E-01, 2.9250000E+02, 4.5000000E+01
* ELEM  731  circular arc
 3, 1707, 1703
*
  1.7700000E+00, 1.7700000E+00, 5.1500000E-01, 3.3750000E+02, 2.2500000E+01
* ELEM  732  circle
 2, 1708, 1707
*
  1.7700000E+00, 1.7700000E+00, 4.4700000E-01, 0.0000000E+00
* ELEM  733  line segment
 1, 1515, 1777
*
  1.1200000E+00, 2.4200000E+00, 0.0000000E+00, 3.8076118E-01
* ELEM  734  line segment
 1, 1515, 1517
*
  1.1200000E+00, 2.8007612E+00, 3.8076118E-01, -3.8076118E-01
* ELEM  735  line segment
 1, 1518, 1517
*
  1.2942020E+00, 2.8729180E+00, -1.7420204E-01, -7.2156848E-02
* ELEM  736  circular arc
 3, 1527, 1517
*
  1.7700000E+00, 3.0700000E+00, 5.1500000E-01, 2.0250000E+02, 4.5000000E+01
* ELEM  737  line segment
 1, 1517, 1516
*
  1.5729180E+00, 2.5942020E+00, -7.2156848E-02, -1.7420204E-01
* ELEM  738  circular arc
 3, 1527, 1516
*
  1.7700000E+00, 3.0700000E+00, 5.1500000E-01, 2.4750000E+02, 4.5000000E+01
* ELEM  739  line segment
 1, 1516, 1520
*
  1.9670820E+00, 2.5942020E+00, 7.2156848E-02, -1.7420204E-01
* ELEM  740  line segment
 1, 1704, 1516
*
  1.5007612E+00, 2.4200000E+00, 5.3847763E-01, 0.0000000E+00
* ELEM  741  line segment
 1, 1706, 1704
*
  1.9670820E+00, 2.2457980E+00, 7.2156848E-02, 1.7420204E-01
* ELEM  742  line segment
 1, 1699, 1700
*
  2.0392388E+00, 1.1200000E+00, 3.8076118E-01, 3.8076118E-01
* ELEM  743  line segment
 1, 1699, 1677
*
  2.4200000E+00, 1.5007612E+00, 0.0000000E+00, -3.8076118E-01
* ELEM  744  line segment
 1, 1699, 1836
*
  2.4200000E+00, 1.1200000E+00, -3.8076118E-01, 0.0000000E+00
* ELEM  745  line segment
 1, 1700, 1703
*
  2.2457980E+00, 1.5729180E+00, 1.7420204E-01, -7.2156848E-02
* ELEM  746  line segment
 1, 1777, 1518
*
  1.1200000E+00, 3.3392388E+00, 0.0000000E+00, -5.3847763E-01
* ELEM  747  line segment
 1, 1522, 1518
*
  1.2942020E+00, 3.2670820E+00, -1.7420204E-01, 7.2156848E-02
* ELEM  748  circular arc
 3, 1527, 1518
*
  1.7700000E+00, 3.0700000E+00, 5.1500000E-01, 1.5750000E+02, 4.5000000E+01
* ELEM  749  circular arc
 3, 1527, 1523
*
  1.7700000E+00, 3.0700000E+00, 5.1500000E-01, 0.0000000E+00, 2.2500000E+01
* ELEM  750  circular arc
 3, 1527, 1526
*
  1.7700000E+00, 3.0700000E+00, 5.1500000E-01, 2.2500000E+01, 4.5000000E+01
* ELEM  751  circular arc
 3, 1527, 1524
*
  1.7700000E+00, 3.0700000E+00, 5.1500000E-01, 6.7500000E+01, 4.5000000E+01
* ELEM  752  circular arc
 3, 1527, 1522
*
  1.7700000E+00, 3.0700000E+00, 5.1500000E-01, 1.1250000E+02, 4.5000000E+01
* ELEM  753  circular arc
 3, 1527, 1520
*
  1.7700000E+00, 3.0700000E+00, 5.1500000E-01, 2.9250000E+02, 4.5000000E+01
* ELEM  754  circular arc
 3, 1527, 1523
*
  1.7700000E+00, 3.0700000E+00, 5.1500000E-01, 3.3750000E+02, 2.2500000E+01
* ELEM  755  circle
 2, 1528, 1527
*
  1.7700000E+00, 3.0700000E+00, 4.4700000E-01, 0.0000000E+00
* ELEM  756  line segment
 1, 1520, 1523
*
  2.2457980E+00, 2.8729180E+00, 1.7420204E-01, -7.2156848E-02
* ELEM  757  line segment
 1, 1519, 1520
*
  2.0392388E+00, 2.4200000E+00, 3.8076118E-01, 3.8076118E-01
* ELEM  758  line segment
 1, 1519, 1497
*
  2.4200000E+00, 2.8007612E+00, 0.0000000E+00, -3.8076118E-01
* ELEM  759  line segment
 1, 1705, 1519
*
  2.0392388E+00, 2.4200000E+00, 3.8076118E-01, 0.0000000E+00
* ELEM  760  line segment
 1, 1703, 1706
*
  2.2457980E+00, 1.9670820E+00, 1.7420204E-01, 7.2156848E-02
* ELEM  761  line segment
 1, 1705, 1706
*
  2.4200000E+00, 2.0392388E+00, -3.8076118E-01, 3.8076118E-01
* ELEM  762  line segment
 1, 1705, 1683
*
  2.4200000E+00, 2.4200000E+00, 0.0000000E+00, -3.8076118E-01
* ELEM  763  line segment
 1, 1677, 1679
*
  2.4200000E+00, 1.5007612E+00, 3.8076118E-01, -3.8076118E-01
* ELEM  764  line segment
 1, 1677, 1769
*
  2.8007612E+00, 1.1200000E+00, -3.8076118E-01, 0.0000000E+00
* ELEM  765  line segment
 1, 1680, 1679
*
  2.5942020E+00, 1.5729180E+00, -1.7420204E-01, -7.2156848E-02
* ELEM  766  circular arc
 3, 1689, 1679
*
  3.0700000E+00, 1.7700000E+00, 5.1500000E-01, 2.0250000E+02, 4.5000000E+01
* ELEM  767  line segment
 1, 1679, 1678
*
  2.8729180E+00, 1.2942020E+00, -7.2156848E-02, -1.7420204E-01
* ELEM  768  line segment
 1, 1703, 1680
*
  2.4200000E+00, 2.0392388E+00, 0.0000000E+00, -5.3847763E-01
* ELEM  769  line segment
 1, 1684, 1680
*
  2.5942020E+00, 1.9670820E+00, -1.7420204E-01, 7.2156848E-02
* ELEM  770  circular arc
 3, 1689, 1680
*
  3.0700000E+00, 1.7700000E+00, 5.1500000E-01, 1.5750000E+02, 4.5000000E+01
* ELEM  771  line segment
 1, 1521, 1522
*
  1.5007612E+00, 3.7200000E+00, -3.8076118E-01, -3.8076118E-01
* ELEM  772  line segment
 1, 1524, 1522
*
  1.5729180E+00, 3.5457980E+00, -7.2156848E-02, 1.7420204E-01
* ELEM  773  line segment
 1, 1521, 1777
*
  1.1200000E+00, 3.3392388E+00, 0.0000000E+00, 3.8076118E-01
* ELEM  774  line segment
 1, 1521, 1329
*
  1.1200000E+00, 3.7200000E+00, 3.8076118E-01, 0.0000000E+00
* ELEM  775  line segment
 1, 1497, 1499
*
  2.4200000E+00, 2.8007612E+00, 3.8076118E-01, -3.8076118E-01
* ELEM  776  line segment
 1, 1683, 1497
*
  2.4200000E+00, 2.4200000E+00, 3.8076118E-01, 0.0000000E+00
* ELEM  777  line segment
 1, 1500, 1499
*
  2.5942020E+00, 2.8729180E+00, -1.7420204E-01, -7.2156848E-02
* ELEM  778  circular arc
 3, 1509, 1499
*
  3.0700000E+00, 3.0700000E+00, 5.1500000E-01, 2.0250000E+02, 4.5000000E+01
* ELEM  779  line segment
 1, 1499, 1498
*
  2.8729180E+00, 2.5942020E+00, -7.2156848E-02, -1.7420204E-01
* ELEM  780  line segment
 1, 1523, 1500
*
  2.4200000E+00, 3.3392388E+00, 0.0000000E+00, -5.3847763E-01
* ELEM  781  line segment
 1, 1504, 1500
*
  2.5942020E+00, 3.2670820E+00, -1.7420204E-01, 7.2156848E-02
* ELEM  782  circular arc
 3, 1509, 1500
*
  3.0700000E+00, 3.0700000E+00, 5.1500000E-01, 1.5750000E+02, 4.5000000E+01
* ELEM  783  line segment
 1, 1523, 1526
*
  2.2457980E+00, 3.2670820E+00, 1.7420204E-01, 7.2156848E-02
* ELEM  784  line segment
 1, 1683, 1684
*
  2.8007612E+00, 2.4200000E+00, -3.8076118E-01, -3.8076118E-01
* ELEM  785  line segment
 1, 1686, 1684
*
  2.8729180E+00, 2.2457980E+00, -7.2156848E-02, 1.7420204E-01
* ELEM  786  circular arc
 3, 1689, 1684
*
  3.0700000E+00, 1.7700000E+00, 5.1500000E-01, 1.1250000E+02, 4.5000000E+01
* ELEM  787  circular arc
 3, 1689, 1678
*
  3.0700000E+00, 1.7700000E+00, 5.1500000E-01, 2.4750000E+02, 4.5000000E+01
* ELEM  788  line segment
 1, 1678, 1682
*
  3.2670820E+00, 1.2942020E+00, 7.2156848E-02, -1.7420204E-01
* ELEM  789  line segment
 1, 1769, 1678
*
  2.8007612E+00, 1.1200000E+00, 5.3847763E-01, 0.0000000E+00
* ELEM  790  circular arc
 3, 1689, 1685
*
  3.0700000E+00, 1.7700000E+00, 5.1500000E-01, 0.0000000E+00, 2.2500000E+01
* ELEM  791  circular arc
 3, 1689, 1688
*
  3.0700000E+00, 1.7700000E+00, 5.1500000E-01, 2.2500000E+01, 4.5000000E+01
* ELEM  792  circular arc
 3, 1689, 1686
*
  3.0700000E+00, 1.7700000E+00, 5.1500000E-01, 6.7500000E+01, 4.5000000E+01
* ELEM  793  circular arc
 3, 1689, 1682
*
  3.0700000E+00, 1.7700000E+00, 5.1500000E-01, 2.9250000E+02, 4.5000000E+01
* ELEM  794  circular arc
 3, 1689, 1685
*
  3.0700000E+00, 1.7700000E+00, 5.1500000E-01, 3.3750000E+02, 2.2500000E+01
* ELEM  795  circle
 2, 1690, 1689
*
  3.0700000E+00, 1.7700000E+00, 4.4700000E-01, 0.0000000E+00
* ELEM  796  line segment
 1, 1329, 1768
*
  1.1200000E+00, 3.7200000E+00, 0.0000000E+00, 3.8076118E-01
* ELEM  797  line segment
 1, 1329, 1331
*
  1.1200000E+00, 4.1007612E+00, 3.8076118E-01, -3.8076118E-01
* ELEM  798  line segment
 1, 1332, 1331
*
  1.2942020E+00, 4.1729180E+00, -1.7420204E-01, -7.2156848E-02
* ELEM  799  circular arc
 3, 1341, 1331
*
  1.7700000E+00, 4.3700000E+00, 5.1500000E-01, 2.0250000E+02, 4.5000000E+01
* ELEM  800  line segment
 1, 1331, 1330
*
  1.5729180E+00, 3.8942020E+00, -7.2156848E-02, -1.7420204E-01
* ELEM  801  circular arc
 3, 1341, 1330
*
  1.7700000E+00, 4.3700000E+00, 5.1500000E-01, 2.4750000E+02, 4.5000000E+01
* ELEM  802  line segment
 1, 1330, 1334
*
  1.9670820E+00, 3.8942020E+00, 7.2156848E-02, -1.7420204E-01
* ELEM  803  line segment
 1, 1524, 1330
*
  1.5007612E+00, 3.7200000E+00, 5.3847763E-01, 0.0000000E+00
* ELEM  804  line segment
 1, 1526, 1524
*
  1.9670820E+00, 3.5457980E+00, 7.2156848E-02, 1.7420204E-01
* ELEM  805  circular arc
 3, 1509, 1498
*
  3.0700000E+00, 3.0700000E+00, 5.1500000E-01, 2.4750000E+02, 4.5000000E+01
* ELEM  806  line segment
 1, 1498, 1502
*
  3.2670820E+00, 2.5942020E+00, 7.2156848E-02, -1.7420204E-01
* ELEM  807  line segment
 1, 1686, 1498
*
  2.8007612E+00, 2.4200000E+00, 5.3847763E-01, 0.0000000E+00
* ELEM  808  line segment
 1, 1688, 1686
*
  3.2670820E+00, 2.2457980E+00, 7.2156848E-02, 1.7420204E-01
* ELEM  809  circular arc
 3, 1509, 1505
*
  3.0700000E+00, 3.0700000E+00, 5.1500000E-01, 0.0000000E+00, 2.2500000E+01
* ELEM  810  circular arc
 3, 1509, 1508
*
  3.0700000E+00, 3.0700000E+00, 5.1500000E-01, 2.2500000E+01, 4.5000000E+01
* ELEM  811  circular arc
 3, 1509, 1506
*
  3.0700000E+00, 3.0700000E+00, 5.1500000E-01, 6.7500000E+01, 4.5000000E+01
* ELEM  812  circular arc
 3, 1509, 1504
*
  3.0700000E+00, 3.0700000E+00, 5.1500000E-01, 1.1250000E+02, 4.5000000E+01
* ELEM  813  circular arc
 3, 1509, 1502
*
  3.0700000E+00, 3.0700000E+00, 5.1500000E-01, 2.9250000E+02, 4.5000000E+01
* ELEM  814  circular arc
 3, 1509, 1505
*
  3.0700000E+00, 3.0700000E+00, 5.1500000E-01, 3.3750000E+02, 2.2500000E+01
* ELEM  815  circle
 2, 1510, 1509
*
  3.0700000E+00, 3.0700000E+00, 4.4700000E-01, 0.0000000E+00
* ELEM  816  line segment
 1, 1503, 1504
*
  2.8007612E+00, 3.7200000E+00, -3.8076118E-01, -3.8076118E-01
* ELEM  817  line segment
 1, 1506, 1504
*
  2.8729180E+00, 3.5457980E+00, -7.2156848E-02, 1.7420204E-01
* ELEM  818  line segment
 1, 1525, 1526
*
  2.4200000E+00, 3.3392388E+00, -3.8076118E-01, 3.8076118E-01
* ELEM  819  line segment
 1, 1525, 1333
*
  2.0392388E+00, 3.7200000E+00, 3.8076118E-01, 0.0000000E+00
* ELEM  820  line segment
 1, 1525, 1503
*
  2.4200000E+00, 3.7200000E+00, 0.0000000E+00, -3.8076118E-01
* ELEM  821  line segment
 1, 1503, 1309
*
  2.4200000E+00, 3.7200000E+00, 3.8076118E-01, 0.0000000E+00
* ELEM  822  line segment
 1, 1681, 1682
*
  3.3392388E+00, 1.1200000E+00, 3.8076118E-01, 3.8076118E-01
* ELEM  823  line segment
 1, 1681, 1659
*
  3.7200000E+00, 1.5007612E+00, 0.0000000E+00, -3.8076118E-01
* ELEM  824  line segment
 1, 1681, 1769
*
  3.7200000E+00, 1.1200000E+00, -3.8076118E-01, 0.0000000E+00
* ELEM  825  line segment
 1, 1682, 1685
*
  3.5457980E+00, 1.5729180E+00, 1.7420204E-01, -7.2156848E-02
* ELEM  826  line segment
 1, 1768, 1332
*
  1.1200000E+00, 4.6392388E+00, 0.0000000E+00, -5.3847763E-01
* ELEM  827  line segment
 1, 1336, 1332
*
  1.2942020E+00, 4.5670820E+00, -1.7420204E-01, 7.2156848E-02
* ELEM  828  circular arc
 3, 1341, 1332
*
  1.7700000E+00, 4.3700000E+00, 5.1500000E-01, 1.5750000E+02, 4.5000000E+01
* ELEM  829  circular arc
 3, 1341, 1337
*
  1.7700000E+00, 4.3700000E+00, 5.1500000E-01, 0.0000000E+00, 2.2500000E+01
* ELEM  830  circular arc
 3, 1341, 1340
*
  1.7700000E+00, 4.3700000E+00, 5.1500000E-01, 2.2500000E+01, 4.5000000E+01
* ELEM  831  circular arc
 3, 1341, 1338
*
  1.7700000E+00, 4.3700000E+00, 5.1500000E-01, 6.7500000E+01, 4.5000000E+01
* ELEM  832  circular arc
 3, 1341, 1336
*
  1.7700000E+00, 4.3700000E+00, 5.1500000E-01, 1.1250000E+02, 4.5000000E+01
* ELEM  833  circular arc
 3, 1341, 1334
*
  1.7700000E+00, 4.3700000E+00, 5.1500000E-01, 2.9250000E+02, 4.5000000E+01
* ELEM  834  circular arc
 3, 1341, 1337
*
  1.7700000E+00, 4.3700000E+00, 5.1500000E-01, 3.3750000E+02, 2.2500000E+01
* ELEM  835  circle
 2, 1342, 1341
*
  1.7700000E+00, 4.3700000E+00, 4.4700000E-01, 0.0000000E+00
* ELEM  836  line segment
 1, 1334, 1337
*
  2.2457980E+00, 4.1729180E+00, 1.7420204E-01, -7.2156848E-02
* ELEM  837  line segment
 1, 1333, 1334
*
  2.0392388E+00, 3.7200000E+00, 3.8076118E-01, 3.8076118E-01
* ELEM  838  line segment
 1, 1333, 1309
*
  2.4200000E+00, 4.1007612E+00, 0.0000000E+00, -3.8076118E-01
* ELEM  839  line segment
 1, 1502, 1505
*
  3.5457980E+00, 2.8729180E+00, 1.7420204E-01, -7.2156848E-02
* ELEM  840  line segment
 1, 1501, 1502
*
  3.3392388E+00, 2.4200000E+00, 3.8076118E-01, 3.8076118E-01
* ELEM  841  line segment
 1, 1501, 1477
*
  3.7200000E+00, 2.8007612E+00, 0.0000000E+00, -3.8076118E-01
* ELEM  842  line segment
 1, 1687, 1501
*
  3.3392388E+00, 2.4200000E+00, 3.8076118E-01, 0.0000000E+00
* ELEM  843  line segment
 1, 1685, 1688
*
  3.5457980E+00, 1.9670820E+00, 1.7420204E-01, 7.2156848E-02
* ELEM  844  line segment
 1, 1687, 1688
*
  3.7200000E+00, 2.0392388E+00, -3.8076118E-01, 3.8076118E-01
* ELEM  845  line segment
 1, 1687, 1665
*
  3.7200000E+00, 2.4200000E+00, 0.0000000E+00, -3.8076118E-01
* ELEM  846  line segment
 1, 1309, 1311
*
  2.4200000E+00, 4.1007612E+00, 3.8076118E-01, -3.8076118E-01
* ELEM  847  line segment
 1, 1312, 1311
*
  2.5942020E+00, 4.1729180E+00, -1.7420204E-01, -7.2156848E-02
* ELEM  848  circular arc
 3, 1321, 1311
*
  3.0700000E+00, 4.3700000E+00, 5.1500000E-01, 2.0250000E+02, 4.5000000E+01
* ELEM  849  line segment
 1, 1311, 1310
*
  2.8729180E+00, 3.8942020E+00, -7.2156848E-02, -1.7420204E-01
* ELEM  850  circular arc
 3, 1321, 1310
*
  3.0700000E+00, 4.3700000E+00, 5.1500000E-01, 2.4750000E+02, 4.5000000E+01
* ELEM  851  line segment
 1, 1310, 1314
*
  3.2670820E+00, 3.8942020E+00, 7.2156848E-02, -1.7420204E-01
* ELEM  852  line segment
 1, 1506, 1310
*
  2.8007612E+00, 3.7200000E+00, 5.3847763E-01, 0.0000000E+00
* ELEM  853  line segment
 1, 1508, 1506
*
  3.2670820E+00, 3.5457980E+00, 7.2156848E-02, 1.7420204E-01
* ELEM  854  line segment
 1, 1659, 1661
*
  3.7200000E+00, 1.5007612E+00, 3.8076118E-01, -3.8076118E-01
* ELEM  855  line segment
 1, 1659, 1773
*
  4.1007612E+00, 1.1200000E+00, -3.8076118E-01, 0.0000000E+00
* ELEM  856  line segment
 1, 1662, 1661
*
  3.8942020E+00, 1.5729180E+00, -1.7420204E-01, -7.2156848E-02
* ELEM  857  circular arc
 3, 1671, 1661
*
  4.3700000E+00, 1.7700000E+00, 5.1500000E-01, 2.0250000E+02, 4.5000000E+01
* ELEM  858  line segment
 1, 1661, 1660
*
  4.1729180E+00, 1.2942020E+00, -7.2156848E-02, -1.7420204E-01
* ELEM  859  line segment
 1, 1685, 1662
*
  3.7200000E+00, 2.0392388E+00, 0.0000000E+00, -5.3847763E-01
* ELEM  860  line segment
 1, 1666, 1662
*
  3.8942020E+00, 1.9670820E+00, -1.7420204E-01, 7.2156848E-02
* ELEM  861  circular arc
 3, 1671, 1662
*
  4.3700000E+00, 1.7700000E+00, 5.1500000E-01, 1.5750000E+02, 4.5000000E+01
* ELEM  862  line segment
 1, 1335, 1336
*
  1.5007612E+00, 5.0200000E+00, -3.8076118E-01, -3.8076118E-01
* ELEM  863  line segment
 1, 1338, 1336
*
  1.5729180E+00, 4.8457980E+00, -7.2156848E-02, 1.7420204E-01
* ELEM  864  line segment
 1, 1335, 1768
*
  1.1200000E+00, 4.6392388E+00, 0.0000000E+00, 3.8076118E-01
* ELEM  865  line segment
 1, 1335, 1143
*
  1.1200000E+00, 5.0200000E+00, 3.8076118E-01, 0.0000000E+00
* ELEM  866  line segment
 1, 1337, 1312
*
  2.4200000E+00, 4.6392388E+00, 0.0000000E+00, -5.3847763E-01
* ELEM  867  line segment
 1, 1316, 1312
*
  2.5942020E+00, 4.5670820E+00, -1.7420204E-01, 7.2156848E-02
* ELEM  868  circular arc
 3, 1321, 1312
*
  3.0700000E+00, 4.3700000E+00, 5.1500000E-01, 1.5750000E+02, 4.5000000E+01
* ELEM  869  line segment
 1, 1337, 1340
*
  2.2457980E+00, 4.5670820E+00, 1.7420204E-01, 7.2156848E-02
* ELEM  870  line segment
 1, 1477, 1479
*
  3.7200000E+00, 2.8007612E+00, 3.8076118E-01, -3.8076118E-01
* ELEM  871  line segment
 1, 1665, 1477
*
  3.7200000E+00, 2.4200000E+00, 3.8076118E-01, 0.0000000E+00
* ELEM  872  line segment
 1, 1480, 1479
*
  3.8942020E+00, 2.8729180E+00, -1.7420204E-01, -7.2156848E-02
* ELEM  873  circular arc
 3, 1489, 1479
*
  4.3700000E+00, 3.0700000E+00, 5.1500000E-01, 2.0250000E+02, 4.5000000E+01
* ELEM  874  line segment
 1, 1479, 1478
*
  4.1729180E+00, 2.5942020E+00, -7.2156848E-02, -1.7420204E-01
* ELEM  875  line segment
 1, 1505, 1480
*
  3.7200000E+00, 3.3392388E+00, 0.0000000E+00, -5.3847763E-01
* ELEM  876  line segment
 1, 1484, 1480
*
  3.8942020E+00, 3.2670820E+00, -1.7420204E-01, 7.2156848E-02
* ELEM  877  circular arc
 3, 1489, 1480
*
  4.3700000E+00, 3.0700000E+00, 5.1500000E-01, 1.5750000E+02, 4.5000000E+01
* ELEM  878  line segment
 1, 1505, 1508
*
  3.5457980E+00, 3.2670820E+00, 1.7420204E-01, 7.2156848E-02
* ELEM  879  line segment
 1, 1665, 1666
*
  4.1007612E+00, 2.4200000E+00, -3.8076118E-01, -3.8076118E-01
* ELEM  880  line segment
 1, 1668, 1666
*
  4.1729180E+00, 2.2457980E+00, -7.2156848E-02, 1.7420204E-01
* ELEM  881  circular arc
 3, 1671, 1666
*
  4.3700000E+00, 1.7700000E+00, 5.1500000E-01, 1.1250000E+02, 4.5000000E+01
* ELEM  882  circular arc
 3, 1321, 1317
*
  3.0700000E+00, 4.3700000E+00, 5.1500000E-01, 0.0000000E+00, 2.2500000E+01
* ELEM  883  circular arc
 3, 1321, 1320
*
  3.0700000E+00, 4.3700000E+00, 5.1500000E-01, 2.2500000E+01, 4.5000000E+01
* ELEM  884  circular arc
 3, 1321, 1318
*
  3.0700000E+00, 4.3700000E+00, 5.1500000E-01, 6.7500000E+01, 4.5000000E+01
* ELEM  885  circular arc
 3, 1321, 1316
*
  3.0700000E+00, 4.3700000E+00, 5.1500000E-01, 1.1250000E+02, 4.5000000E+01
* ELEM  886  circular arc
 3, 1321, 1314
*
  3.0700000E+00, 4.3700000E+00, 5.1500000E-01, 2.9250000E+02, 4.5000000E+01
* ELEM  887  circular arc
 3, 1321, 1317
*
  3.0700000E+00, 4.3700000E+00, 5.1500000E-01, 3.3750000E+02, 2.2500000E+01
* ELEM  888  circle
 2, 1322, 1321
*
  3.0700000E+00, 4.3700000E+00, 4.4700000E-01, 0.0000000E+00
* ELEM  889  line segment
 1, 1314, 1317
*
  3.5457980E+00, 4.1729180E+00, 1.7420204E-01, -7.2156848E-02
* ELEM  890  line segment
 1, 1313, 1314
*
  3.3392388E+00, 3.7200000E+00, 3.8076118E-01, 3.8076118E-01
* ELEM  891  line segment
 1, 1313, 1291
*
  3.7200000E+00, 4.1007612E+00, 0.0000000E+00, -3.8076118E-01
* ELEM  892  line segment
 1, 1507, 1313
*
  3.3392388E+00, 3.7200000E+00, 3.8076118E-01, 0.0000000E+00
* ELEM  893  line segment
 1, 1507, 1508
*
  3.7200000E+00, 3.3392388E+00, -3.8076118E-01, 3.8076118E-01
* ELEM  894  line segment
 1, 1507, 1483
*
  3.7200000E+00, 3.7200000E+00, 0.0000000E+00, -3.8076118E-01
* ELEM  895  circular arc
 3, 1671, 1660
*
  4.3700000E+00, 1.7700000E+00, 5.1500000E-01, 2.4750000E+02, 4.5000000E+01
* ELEM  896  line segment
 1, 1660, 1664
*
  4.5670820E+00, 1.2942020E+00, 7.2156848E-02, -1.7420204E-01
* ELEM  897  line segment
 1, 1773, 1660
*
  4.1007612E+00, 1.1200000E+00, 5.3847763E-01, 0.0000000E+00
* ELEM  898  circular arc
 3, 1671, 1667
*
  4.3700000E+00, 1.7700000E+00, 5.1500000E-01, 0.0000000E+00, 2.2500000E+01
* ELEM  899  circular arc
 3, 1671, 1670
*
  4.3700000E+00, 1.7700000E+00, 5.1500000E-01, 2.2500000E+01, 4.5000000E+01
* ELEM  900  circular arc
 3, 1671, 1668
*
  4.3700000E+00, 1.7700000E+00, 5.1500000E-01, 6.7500000E+01, 4.5000000E+01
* ELEM  901  circular arc
 3, 1671, 1664
*
  4.3700000E+00, 1.7700000E+00, 5.1500000E-01, 2.9250000E+02, 4.5000000E+01
* ELEM  902  circular arc
 3, 1671, 1667
*
  4.3700000E+00, 1.7700000E+00, 5.1500000E-01, 3.3750000E+02, 2.2500000E+01
* ELEM  903  circle
 2, 1672, 1671
*
  4.3700000E+00, 1.7700000E+00, 4.4700000E-01, 0.0000000E+00
* ELEM  904  line segment
 1, 1143, 1774
*
  1.1200000E+00, 5.0200000E+00, 0.0000000E+00, 3.8076118E-01
* ELEM  905  line segment
 1, 1143, 1145
*
  1.1200000E+00, 5.4007612E+00, 3.8076118E-01, -3.8076118E-01
* ELEM  906  line segment
 1, 1146, 1145
*
  1.2942020E+00, 5.4729180E+00, -1.7420204E-01, -7.2156848E-02
* ELEM  907  circular arc
 3, 1155, 1145
*
  1.7700000E+00, 5.6700000E+00, 5.1500000E-01, 2.0250000E+02, 4.5000000E+01
* ELEM  908  line segment
 1, 1145, 1144
*
  1.5729180E+00, 5.1942020E+00, -7.2156848E-02, -1.7420204E-01
* ELEM  909  circular arc
 3, 1155, 1144
*
  1.7700000E+00, 5.6700000E+00, 5.1500000E-01, 2.4750000E+02, 4.5000000E+01
* ELEM  910  line segment
 1, 1144, 1148
*
  1.9670820E+00, 5.1942020E+00, 7.2156848E-02, -1.7420204E-01
* ELEM  911  line segment
 1, 1338, 1144
*
  1.5007612E+00, 5.0200000E+00, 5.3847763E-01, 0.0000000E+00
* ELEM  912  line segment
 1, 1340, 1338
*
  1.9670820E+00, 4.8457980E+00, 7.2156848E-02, 1.7420204E-01
* ELEM  913  line segment
 1, 1315, 1316
*
  2.8007612E+00, 5.0200000E+00, -3.8076118E-01, -3.8076118E-01
* ELEM  914  line segment
 1, 1318, 1316
*
  2.8729180E+00, 4.8457980E+00, -7.2156848E-02, 1.7420204E-01
* ELEM  915  line segment
 1, 1339, 1340
*
  2.4200000E+00, 4.6392388E+00, -3.8076118E-01, 3.8076118E-01
* ELEM  916  line segment
 1, 1339, 1147
*
  2.0392388E+00, 5.0200000E+00, 3.8076118E-01, 0.0000000E+00
* ELEM  917  line segment
 1, 1339, 1315
*
  2.4200000E+00, 5.0200000E+00, 0.0000000E+00, -3.8076118E-01
* ELEM  918  line segment
 1, 1315, 1125
*
  2.4200000E+00, 5.0200000E+00, 3.8076118E-01, 0.0000000E+00
* ELEM  919  circular arc
 3, 1489, 1478
*
  4.3700000E+00, 3.0700000E+00, 5.1500000E-01, 2.4750000E+02, 4.5000000E+01
* ELEM  920  line segment
 1, 1478, 1482
*
  4.5670820E+00, 2.5942020E+00, 7.2156848E-02, -1.7420204E-01
* ELEM  921  line segment
 1, 1668, 1478
*
  4.1007612E+00, 2.4200000E+00, 5.3847763E-01, 0.0000000E+00
* ELEM  922  line segment
 1, 1670, 1668
*
  4.5670820E+00, 2.2457980E+00, 7.2156848E-02, 1.7420204E-01
* ELEM  923  circular arc
 3, 1489, 1485
*
  4.3700000E+00, 3.0700000E+00, 5.1500000E-01, 0.0000000E+00, 2.2500000E+01
* ELEM  924  circular arc
 3, 1489, 1488
*
  4.3700000E+00, 3.0700000E+00, 5.1500000E-01, 2.2500000E+01, 4.5000000E+01
* ELEM  925  circular arc
 3, 1489, 1486
*
  4.3700000E+00, 3.0700000E+00, 5.1500000E-01, 6.7500000E+01, 4.5000000E+01
* ELEM  926  circular arc
 3, 1489, 1484
*
  4.3700000E+00, 3.0700000E+00, 5.1500000E-01, 1.1250000E+02, 4.5000000E+01
* ELEM  927  circular arc
 3, 1489, 1482
*
  4.3700000E+00, 3.0700000E+00, 5.1500000E-01, 2.9250000E+02, 4.5000000E+01
* ELEM  928  circular arc
 3, 1489, 1485
*
  4.3700000E+00, 3.0700000E+00, 5.1500000E-01, 3.3750000E+02, 2.2500000E+01
* ELEM  929  circle
 2, 1490, 1489
*
  4.3700000E+00, 3.0700000E+00, 4.4700000E-01, 0.0000000E+00
* ELEM  930  line segment
 1, 1483, 1484
*
  4.1007612E+00, 3.7200000E+00, -3.8076118E-01, -3.8076118E-01
* ELEM  931  line segment
 1, 1486, 1484
*
  4.1729180E+00, 3.5457980E+00, -7.2156848E-02, 1.7420204E-01
* ELEM  932  line segment
 1, 1483, 1291
*
  3.7200000E+00, 3.7200000E+00, 3.8076118E-01, 0.0000000E+00
* ELEM  933  line segment
 1, 1291, 1293
*
  3.7200000E+00, 4.1007612E+00, 3.8076118E-01, -3.8076118E-01
* ELEM  934  line segment
 1, 1294, 1293
*
  3.8942020E+00, 4.1729180E+00, -1.7420204E-01, -7.2156848E-02
* ELEM  935  circular arc
 3, 1303, 1293
*
  4.3700000E+00, 4.3700000E+00, 5.1500000E-01, 2.0250000E+02, 4.5000000E+01
* ELEM  936  line segment
 1, 1293, 1292
*
  4.1729180E+00, 3.8942020E+00, -7.2156848E-02, -1.7420204E-01
* ELEM  937  line segment
 1, 1317, 1294
*
  3.7200000E+00, 4.6392388E+00, 0.0000000E+00, -5.3847763E-01
* ELEM  938  line segment
 1, 1298, 1294
*
  3.8942020E+00, 4.5670820E+00, -1.7420204E-01, 7.2156848E-02
* ELEM  939  circular arc
 3, 1303, 1294
*
  4.3700000E+00, 4.3700000E+00, 5.1500000E-01, 1.5750000E+02, 4.5000000E+01
* ELEM  940  line segment
 1, 1317, 1320
*
  3.5457980E+00, 4.5670820E+00, 1.7420204E-01, 7.2156848E-02
* ELEM  941  line segment
 1, 1663, 1664
*
  4.6392388E+00, 1.1200000E+00, 3.8076118E-01, 3.8076118E-01
* ELEM  942  line segment
 1, 1663, 1641
*
  5.0200000E+00, 1.5007612E+00, 0.0000000E+00, -3.8076118E-01
* ELEM  943  line segment
 1, 1663, 1773
*
  5.0200000E+00, 1.1200000E+00, -3.8076118E-01, 0.0000000E+00
* ELEM  944  line segment
 1, 1664, 1667
*
  4.8457980E+00, 1.5729180E+00, 1.7420204E-01, -7.2156848E-02
* ELEM  945  line segment
 1, 1774, 1146
*
  1.1200000E+00, 5.9392388E+00, 0.0000000E+00, -5.3847763E-01
* ELEM  946  line segment
 1, 1150, 1146
*
  1.2942020E+00, 5.8670820E+00, -1.7420204E-01, 7.2156848E-02
* ELEM  947  circular arc
 3, 1155, 1146
*
  1.7700000E+00, 5.6700000E+00, 5.1500000E-01, 1.5750000E+02, 4.5000000E+01
* ELEM  948  circular arc
 3, 1155, 1151
*
  1.7700000E+00, 5.6700000E+00, 5.1500000E-01, 0.0000000E+00, 2.2500000E+01
* ELEM  949  circular arc
 3, 1155, 1154
*
  1.7700000E+00, 5.6700000E+00, 5.1500000E-01, 2.2500000E+01, 4.5000000E+01
* ELEM  950  circular arc
 3, 1155, 1152
*
  1.7700000E+00, 5.6700000E+00, 5.1500000E-01, 6.7500000E+01, 4.5000000E+01
* ELEM  951  circular arc
 3, 1155, 1150
*
  1.7700000E+00, 5.6700000E+00, 5.1500000E-01, 1.1250000E+02, 4.5000000E+01
* ELEM  952  circular arc
 3, 1155, 1148
*
  1.7700000E+00, 5.6700000E+00, 5.1500000E-01, 2.9250000E+02, 4.5000000E+01
* ELEM  953  circular arc
 3, 1155, 1151
*
  1.7700000E+00, 5.6700000E+00, 5.1500000E-01, 3.3750000E+02, 2.2500000E+01
* ELEM  954  circle
 2, 1156, 1155
*
  1.7700000E+00, 5.6700000E+00, 4.4700000E-01, 0.0000000E+00
* ELEM  955  line segment
 1, 1148, 1151
*
  2.2457980E+00, 5.4729180E+00, 1.7420204E-01, -7.2156848E-02
* ELEM  956  line segment
 1, 1147, 1148
*
  2.0392388E+00, 5.0200000E+00, 3.8076118E-01, 3.8076118E-01
* ELEM  957  line segment
 1, 1147, 1125
*
  2.4200000E+00, 5.4007612E+00, 0.0000000E+00, -3.8076118E-01
* ELEM  958  line segment
 1, 1125, 1127
*
  2.4200000E+00, 5.4007612E+00, 3.8076118E-01, -3.8076118E-01
* ELEM  959  line segment
 1, 1128, 1127
*
  2.5942020E+00, 5.4729180E+00, -1.7420204E-01, -7.2156848E-02
* ELEM  960  circular arc
 3, 1137, 1127
*
  3.0700000E+00, 5.6700000E+00, 5.1500000E-01, 2.0250000E+02, 4.5000000E+01
* ELEM  961  line segment
 1, 1127, 1126
*
  2.8729180E+00, 5.1942020E+00, -7.2156848E-02, -1.7420204E-01
* ELEM  962  circular arc
 3, 1137, 1126
*
  3.0700000E+00, 5.6700000E+00, 5.1500000E-01, 2.4750000E+02, 4.5000000E+01
* ELEM  963  line segment
 1, 1126, 1130
*
  3.2670820E+00, 5.1942020E+00, 7.2156848E-02, -1.7420204E-01
* ELEM  964  line segment
 1, 1318, 1126
*
  2.8007612E+00, 5.0200000E+00, 5.3847763E-01, 0.0000000E+00
* ELEM  965  line segment
 1, 1320, 1318
*
  3.2670820E+00, 4.8457980E+00, 7.2156848E-02, 1.7420204E-01
* ELEM  966  line segment
 1, 1482, 1485
*
  4.8457980E+00, 2.8729180E+00, 1.7420204E-01, -7.2156848E-02
* ELEM  967  line segment
 1, 1481, 1482
*
  4.6392388E+00, 2.4200000E+00, 3.8076118E-01, 3.8076118E-01
* ELEM  968  line segment
 1, 1481, 1459
*
  5.0200000E+00, 2.8007612E+00, 0.0000000E+00, -3.8076118E-01
* ELEM  969  line segment
 1, 1669, 1481
*
  4.6392388E+00, 2.4200000E+00, 3.8076118E-01, 0.0000000E+00
* ELEM  970  line segment
 1, 1667, 1670
*
  4.8457980E+00, 1.9670820E+00, 1.7420204E-01, 7.2156848E-02
* ELEM  971  line segment
 1, 1669, 1670
*
  5.0200000E+00, 2.0392388E+00, -3.8076118E-01, 3.8076118E-01
* ELEM  972  line segment
 1, 1669, 1647
*
  5.0200000E+00, 2.4200000E+00, 0.0000000E+00, -3.8076118E-01
* ELEM  973  circular arc
 3, 1303, 1292
*
  4.3700000E+00, 4.3700000E+00, 5.1500000E-01, 2.4750000E+02, 4.5000000E+01
* ELEM  974  line segment
 1, 1292, 1296
*
  4.5670820E+00, 3.8942020E+00, 7.2156848E-02, -1.7420204E-01
* ELEM  975  line segment
 1, 1486, 1292
*
  4.1007612E+00, 3.7200000E+00, 5.3847763E-01, 0.0000000E+00
* ELEM  976  line segment
 1, 1488, 1486
*
  4.5670820E+00, 3.5457980E+00, 7.2156848E-02, 1.7420204E-01
* ELEM  977  circular arc
 3, 1303, 1299
*
  4.3700000E+00, 4.3700000E+00, 5.1500000E-01, 0.0000000E+00, 2.2500000E+01
* ELEM  978  circular arc
 3, 1303, 1302
*
  4.3700000E+00, 4.3700000E+00, 5.1500000E-01, 2.2500000E+01, 4.5000000E+01
* ELEM  979  circular arc
 3, 1303, 1300
*
  4.3700000E+00, 4.3700000E+00, 5.1500000E-01, 6.7500000E+01, 4.5000000E+01
* ELEM  980  circular arc
 3, 1303, 1298
*
  4.3700000E+00, 4.3700000E+00, 5.1500000E-01, 1.1250000E+02, 4.5000000E+01
* ELEM  981  circular arc
 3, 1303, 1296
*
  4.3700000E+00, 4.3700000E+00, 5.1500000E-01, 2.9250000E+02, 4.5000000E+01
* ELEM  982  circular arc
 3, 1303, 1299
*
  4.3700000E+00, 4.3700000E+00, 5.1500000E-01, 3.3750000E+02, 2.2500000E+01
* ELEM  983  circle
 2, 1304, 1303
*
  4.3700000E+00, 4.3700000E+00, 4.4700000E-01, 0.0000000E+00
* ELEM  984  line segment
 1, 1297, 1298
*
  4.1007612E+00, 5.0200000E+00, -3.8076118E-01, -3.8076118E-01
* ELEM  985  line segment
 1, 1300, 1298
*
  4.1729180E+00, 4.8457980E+00, -7.2156848E-02, 1.7420204E-01
* ELEM  986  line segment
 1, 1319, 1320
*
  3.7200000E+00, 4.6392388E+00, -3.8076118E-01, 3.8076118E-01
* ELEM  987  line segment
 1, 1319, 1129
*
  3.3392388E+00, 5.0200000E+00, 3.8076118E-01, 0.0000000E+00
* ELEM  988  line segment
 1, 1319, 1297
*
  3.7200000E+00, 5.0200000E+00, 0.0000000E+00, -3.8076118E-01
* ELEM  989  line segment
 1, 1297, 1105
*
  3.7200000E+00, 5.0200000E+00, 3.8076118E-01, 0.0000000E+00
* ELEM  990  line segment
 1, 1641, 1643
*
  5.0200000E+00, 1.5007612E+00, 3.8076118E-01, -3.8076118E-01
* ELEM  991  line segment
 1, 1641, 1778
*
  5.4007612E+00, 1.1200000E+00, -3.8076118E-01, 0.0000000E+00
* ELEM  992  line segment
 1, 1644, 1643
*
  5.1942020E+00, 1.5729180E+00, -1.7420204E-01, -7.2156848E-02
* ELEM  993  circular arc
 3, 1653, 1643
*
  5.6700000E+00, 1.7700000E+00, 5.1500000E-01, 2.0250000E+02, 4.5000000E+01
* ELEM  994  line segment
 1, 1643, 1642
*
  5.4729180E+00, 1.2942020E+00, -7.2156848E-02, -1.7420204E-01
* ELEM  995  line segment
 1, 1667, 1644
*
  5.0200000E+00, 2.0392388E+00, 0.0000000E+00, -5.3847763E-01
* ELEM  996  line segment
 1, 1648, 1644
*
  5.1942020E+00, 1.9670820E+00, -1.7420204E-01, 7.2156848E-02
* ELEM  997  circular arc
 3, 1653, 1644
*
  5.6700000E+00, 1.7700000E+00, 5.1500000E-01, 1.5750000E+02, 4.5000000E+01
* ELEM  998  line segment
 1, 1149, 1150
*
  1.5007612E+00, 6.3200000E+00, -3.8076118E-01, -3.8076118E-01
* ELEM  999  line segment
 1, 1152, 1150
*
  1.5729180E+00, 6.1457980E+00, -7.2156848E-02, 1.7420204E-01
* ELEM  1000  line segment
 1, 1149, 1774
*
  1.1200000E+00, 5.9392388E+00, 0.0000000E+00, 3.8076118E-01
* ELEM  1001  line segment
 1, 1149, 995
*
  1.1200000E+00, 6.3200000E+00, 3.8076118E-01, 0.0000000E+00
* ELEM  1002  line segment
 1, 1151, 1128
*
  2.4200000E+00, 5.9392388E+00, 0.0000000E+00, -5.3847763E-01
* ELEM  1003  line segment
 1, 1132, 1128
*
  2.5942020E+00, 5.8670820E+00, -1.7420204E-01, 7.2156848E-02
* ELEM  1004  circular arc
 3, 1137, 1128
*
  3.0700000E+00, 5.6700000E+00, 5.1500000E-01, 1.5750000E+02, 4.5000000E+01
* ELEM  1005  line segment
 1, 1151, 1154
*
  2.2457980E+00, 5.8670820E+00, 1.7420204E-01, 7.2156848E-02
* ELEM  1006  circular arc
 3, 1137, 1133
*
  3.0700000E+00, 5.6700000E+00, 5.1500000E-01, 0.0000000E+00, 2.2500000E+01
* ELEM  1007  circular arc
 3, 1137, 1136
*
  3.0700000E+00, 5.6700000E+00, 5.1500000E-01, 2.2500000E+01, 4.5000000E+01
* ELEM  1008  circular arc
 3, 1137, 1134
*
  3.0700000E+00, 5.6700000E+00, 5.1500000E-01, 6.7500000E+01, 4.5000000E+01
* ELEM  1009  circular arc
 3, 1137, 1132
*
  3.0700000E+00, 5.6700000E+00, 5.1500000E-01, 1.1250000E+02, 4.5000000E+01
* ELEM  1010  circular arc
 3, 1137, 1130
*
  3.0700000E+00, 5.6700000E+00, 5.1500000E-01, 2.9250000E+02, 4.5000000E+01
* ELEM  1011  circular arc
 3, 1137, 1133
*
  3.0700000E+00, 5.6700000E+00, 5.1500000E-01, 3.3750000E+02, 2.2500000E+01
* ELEM  1012  circle
 2, 1138, 1137
*
  3.0700000E+00, 5.6700000E+00, 4.4700000E-01, 0.0000000E+00
* ELEM  1013  line segment
 1, 1130, 1133
*
  3.5457980E+00, 5.4729180E+00, 1.7420204E-01, -7.2156848E-02
* ELEM  1014  line segment
 1, 1129, 1130
*
  3.3392388E+00, 5.0200000E+00, 3.8076118E-01, 3.8076118E-01
* ELEM  1015  line segment
 1, 1129, 1105
*
  3.7200000E+00, 5.4007612E+00, 0.0000000E+00, -3.8076118E-01
* ELEM  1016  line segment
 1, 1459, 1461
*
  5.0200000E+00, 2.8007612E+00, 3.8076118E-01, -3.8076118E-01
* ELEM  1017  line segment
 1, 1647, 1459
*
  5.0200000E+00, 2.4200000E+00, 3.8076118E-01, 0.0000000E+00
* ELEM  1018  line segment
 1, 1462, 1461
*
  5.1942020E+00, 2.8729180E+00, -1.7420204E-01, -7.2156848E-02
* ELEM  1019  circular arc
 3, 1471, 1461
*
  5.6700000E+00, 3.0700000E+00, 5.1500000E-01, 2.0250000E+02, 4.5000000E+01
* ELEM  1020  line segment
 1, 1461, 1460
*
  5.4729180E+00, 2.5942020E+00, -7.2156848E-02, -1.7420204E-01
* ELEM  1021  line segment
 1, 1485, 1462
*
  5.0200000E+00, 3.3392388E+00, 0.0000000E+00, -5.3847763E-01
* ELEM  1022  line segment
 1, 1466, 1462
*
  5.1942020E+00, 3.2670820E+00, -1.7420204E-01, 7.2156848E-02
* ELEM  1023  circular arc
 3, 1471, 1462
*
  5.6700000E+00, 3.0700000E+00, 5.1500000E-01, 1.5750000E+02, 4.5000000E+01
* ELEM  1024  line segment
 1, 1485, 1488
*
  4.8457980E+00, 3.2670820E+00, 1.7420204E-01, 7.2156848E-02
* ELEM  1025  line segment
 1, 1647, 1648
*
  5.4007612E+00, 2.4200000E+00, -3.8076118E-01, -3.8076118E-01
* ELEM  1026  line segment
 1, 1650, 1648
*
  5.4729180E+00, 2.2457980E+00, -7.2156848E-02, 1.7420204E-01
* ELEM  1027  circular arc
 3, 1653, 1648
*
  5.6700000E+00, 1.7700000E+00, 5.1500000E-01, 1.1250000E+02, 4.5000000E+01
* ELEM  1028  line segment
 1, 1296, 1299
*
  4.8457980E+00, 4.1729180E+00, 1.7420204E-01, -7.2156848E-02
* ELEM  1029  line segment
 1, 1295, 1296
*
  4.6392388E+00, 3.7200000E+00, 3.8076118E-01, 3.8076118E-01
* ELEM  1030  line segment
 1, 1295, 1273
*
  5.0200000E+00, 4.1007612E+00, 0.0000000E+00, -3.8076118E-01
* ELEM  1031  line segment
 1, 1487, 1295
*
  4.6392388E+00, 3.7200000E+00, 3.8076118E-01, 0.0000000E+00
* ELEM  1032  line segment
 1, 1487, 1488
*
  5.0200000E+00, 3.3392388E+00, -3.8076118E-01, 3.8076118E-01
* ELEM  1033  line segment
 1, 1487, 1465
*
  5.0200000E+00, 3.7200000E+00, 0.0000000E+00, -3.8076118E-01
* ELEM  1034  line segment
 1, 1105, 1107
*
  3.7200000E+00, 5.4007612E+00, 3.8076118E-01, -3.8076118E-01
* ELEM  1035  line segment
 1, 1108, 1107
*
  3.8942020E+00, 5.4729180E+00, -1.7420204E-01, -7.2156848E-02
* ELEM  1036  circular arc
 3, 1117, 1107
*
  4.3700000E+00, 5.6700000E+00, 5.1500000E-01, 2.0250000E+02, 4.5000000E+01
* ELEM  1037  line segment
 1, 1107, 1106
*
  4.1729180E+00, 5.1942020E+00, -7.2156848E-02, -1.7420204E-01
* ELEM  1038  circular arc
 3, 1117, 1106
*
  4.3700000E+00, 5.6700000E+00, 5.1500000E-01, 2.4750000E+02, 4.5000000E+01
* ELEM  1039  line segment
 1, 1106, 1110
*
  4.5670820E+00, 5.1942020E+00, 7.2156848E-02, -1.7420204E-01
* ELEM  1040  line segment
 1, 1300, 1106
*
  4.1007612E+00, 5.0200000E+00, 5.3847763E-01, 0.0000000E+00
* ELEM  1041  line segment
 1, 1302, 1300
*
  4.5670820E+00, 4.8457980E+00, 7.2156848E-02, 1.7420204E-01
* ELEM  1042  circular arc
 3, 1653, 1642
*
  5.6700000E+00, 1.7700000E+00, 5.1500000E-01, 2.4750000E+02, 4.5000000E+01
* ELEM  1043  line segment
 1, 1642, 1646
*
  5.8670820E+00, 1.2942020E+00, 7.2156848E-02, -1.7420204E-01
* ELEM  1044  line segment
 1, 1778, 1642
*
  5.4007612E+00, 1.1200000E+00, 5.3847763E-01, 0.0000000E+00
* ELEM  1045  circular arc
 3, 1653, 1649
*
  5.6700000E+00, 1.7700000E+00, 5.1500000E-01, 0.0000000E+00, 2.2500000E+01
* ELEM  1046  circular arc
 3, 1653, 1652
*
  5.6700000E+00, 1.7700000E+00, 5.1500000E-01, 2.2500000E+01, 4.5000000E+01
* ELEM  1047  circular arc
 3, 1653, 1650
*
  5.6700000E+00, 1.7700000E+00, 5.1500000E-01, 6.7500000E+01, 4.5000000E+01
* ELEM  1048  circular arc
 3, 1653, 1646
*
  5.6700000E+00, 1.7700000E+00, 5.1500000E-01, 2.9250000E+02, 4.5000000E+01
* ELEM  1049  circular arc
 3, 1653, 1649
*
  5.6700000E+00, 1.7700000E+00, 5.1500000E-01, 3.3750000E+02, 2.2500000E+01
* ELEM  1050  circle
 2, 1654, 1653
*
  5.6700000E+00, 1.7700000E+00, 4.4700000E-01, 0.0000000E+00
* ELEM  1051  line segment
 1, 995, 1775
*
  1.1200000E+00, 6.3200000E+00, 0.0000000E+00, 3.8076118E-01
* ELEM  1052  line segment
 1, 995, 997
*
  1.1200000E+00, 6.7007612E+00, 3.8076118E-01, -3.8076118E-01
* ELEM  1053  line segment
 1, 998, 997
*
  1.2942020E+00, 6.7729180E+00, -1.7420204E-01, -7.2156848E-02
* ELEM  1054  circular arc
 3, 1007, 997
*
  1.7700000E+00, 6.9700000E+00, 5.1500000E-01, 2.0250000E+02, 4.5000000E+01
* ELEM  1055  line segment
 1, 997, 996
*
  1.5729180E+00, 6.4942020E+00, -7.2156848E-02, -1.7420204E-01
* ELEM  1056  circular arc
 3, 1007, 996
*
  1.7700000E+00, 6.9700000E+00, 5.1500000E-01, 2.4750000E+02, 4.5000000E+01
* ELEM  1057  line segment
 1, 996, 1000
*
  1.9670820E+00, 6.4942020E+00, 7.2156848E-02, -1.7420204E-01
* ELEM  1058  line segment
 1, 1152, 996
*
  1.5007612E+00, 6.3200000E+00, 5.3847763E-01, 0.0000000E+00
* ELEM  1059  line segment
 1, 1154, 1152
*
  1.9670820E+00, 6.1457980E+00, 7.2156848E-02, 1.7420204E-01
* ELEM  1060  line segment
 1, 1131, 1132
*
  2.8007612E+00, 6.3200000E+00, -3.8076118E-01, -3.8076118E-01
* ELEM  1061  line segment
 1, 1134, 1132
*
  2.8729180E+00, 6.1457980E+00, -7.2156848E-02, 1.7420204E-01
* ELEM  1062  line segment
 1, 1153, 1154
*
  2.4200000E+00, 5.9392388E+00, -3.8076118E-01, 3.8076118E-01
* ELEM  1063  line segment
 1, 1153, 999
*
  2.0392388E+00, 6.3200000E+00, 3.8076118E-01, 0.0000000E+00
* ELEM  1064  line segment
 1, 1153, 1131
*
  2.4200000E+00, 6.3200000E+00, 0.0000000E+00, -3.8076118E-01
* ELEM  1065  line segment
 1, 1131, 975
*
  2.4200000E+00, 6.3200000E+00, 3.8076118E-01, 0.0000000E+00
* ELEM  1066  line segment
 1, 1133, 1108
*
  3.7200000E+00, 5.9392388E+00, 0.0000000E+00, -5.3847763E-01
* ELEM  1067  line segment
 1, 1112, 1108
*
  3.8942020E+00, 5.8670820E+00, -1.7420204E-01, 7.2156848E-02
* ELEM  1068  circular arc
 3, 1117, 1108
*
  4.3700000E+00, 5.6700000E+00, 5.1500000E-01, 1.5750000E+02, 4.5000000E+01
* ELEM  1069  line segment
 1, 1133, 1136
*
  3.5457980E+00, 5.8670820E+00, 1.7420204E-01, 7.2156848E-02
* ELEM  1070  circular arc
 3, 1471, 1460
*
  5.6700000E+00, 3.0700000E+00, 5.1500000E-01, 2.4750000E+02, 4.5000000E+01
* ELEM  1071  line segment
 1, 1460, 1464
*
  5.8670820E+00, 2.5942020E+00, 7.2156848E-02, -1.7420204E-01
* ELEM  1072  line segment
 1, 1650, 1460
*
  5.4007612E+00, 2.4200000E+00, 5.3847763E-01, 0.0000000E+00
* ELEM  1073  line segment
 1, 1652, 1650
*
  5.8670820E+00, 2.2457980E+00, 7.2156848E-02, 1.7420204E-01
* ELEM  1074  circular arc
 3, 1471, 1467
*
  5.6700000E+00, 3.0700000E+00, 5.1500000E-01, 0.0000000E+00, 2.2500000E+01
* ELEM  1075  circular arc
 3, 1471, 1470
*
  5.6700000E+00, 3.0700000E+00, 5.1500000E-01, 2.2500000E+01, 4.5000000E+01
* ELEM  1076  circular arc
 3, 1471, 1468
*
  5.6700000E+00, 3.0700000E+00, 5.1500000E-01, 6.7500000E+01, 4.5000000E+01
* ELEM  1077  circular arc
 3, 1471, 1466
*
  5.6700000E+00, 3.0700000E+00, 5.1500000E-01, 1.1250000E+02, 4.5000000E+01
* ELEM  1078  circular arc
 3, 1471, 1464
*
  5.6700000E+00, 3.0700000E+00, 5.1500000E-01, 2.9250000E+02, 4.5000000E+01
* ELEM  1079  circular arc
 3, 1471, 1467
*
  5.6700000E+00, 3.0700000E+00, 5.1500000E-01, 3.3750000E+02, 2.2500000E+01
* ELEM  1080  circle
 2, 1472, 1471
*
  5.6700000E+00, 3.0700000E+00, 4.4700000E-01, 0.0000000E+00
* ELEM  1081  line segment
 1, 1465, 1466
*
  5.4007612E+00, 3.7200000E+00, -3.8076118E-01, -3.8076118E-01
* ELEM  1082  line segment
 1, 1468, 1466
*
  5.4729180E+00, 3.5457980E+00, -7.2156848E-02, 1.7420204E-01
* ELEM  1083  line segment
 1, 1465, 1273
*
  5.0200000E+00, 3.7200000E+00, 3.8076118E-01, 0.0000000E+00
* ELEM  1084  line segment
 1, 1273, 1275
*
  5.0200000E+00, 4.1007612E+00, 3.8076118E-01, -3.8076118E-01
* ELEM  1085  line segment
 1, 1276, 1275
*
  5.1942020E+00, 4.1729180E+00, -1.7420204E-01, -7.2156848E-02
* ELEM  1086  circular arc
 3, 1285, 1275
*
  5.6700000E+00, 4.3700000E+00, 5.1500000E-01, 2.0250000E+02, 4.5000000E+01
* ELEM  1087  line segment
 1, 1275, 1274
*
  5.4729180E+00, 3.8942020E+00, -7.2156848E-02, -1.7420204E-01
* ELEM  1088  line segment
 1, 1299, 1276
*
  5.0200000E+00, 4.6392388E+00, 0.0000000E+00, -5.3847763E-01
* ELEM  1089  line segment
 1, 1280, 1276
*
  5.1942020E+00, 4.5670820E+00, -1.7420204E-01, 7.2156848E-02
* ELEM  1090  circular arc
 3, 1285, 1276
*
  5.6700000E+00, 4.3700000E+00, 5.1500000E-01, 1.5750000E+02, 4.5000000E+01
* ELEM  1091  line segment
 1, 1299, 1302
*
  4.8457980E+00, 4.5670820E+00, 1.7420204E-01, 7.2156848E-02
* ELEM  1092  circular arc
 3, 1117, 1113
*
  4.3700000E+00, 5.6700000E+00, 5.1500000E-01, 0.0000000E+00, 2.2500000E+01
* ELEM  1093  circular arc
 3, 1117, 1116
*
  4.3700000E+00, 5.6700000E+00, 5.1500000E-01, 2.2500000E+01, 4.5000000E+01
* ELEM  1094  circular arc
 3, 1117, 1114
*
  4.3700000E+00, 5.6700000E+00, 5.1500000E-01, 6.7500000E+01, 4.5000000E+01
* ELEM  1095  circular arc
 3, 1117, 1112
*
  4.3700000E+00, 5.6700000E+00, 5.1500000E-01, 1.1250000E+02, 4.5000000E+01
* ELEM  1096  circular arc
 3, 1117, 1110
*
  4.3700000E+00, 5.6700000E+00, 5.1500000E-01, 2.9250000E+02, 4.5000000E+01
* ELEM  1097  circular arc
 3, 1117, 1113
*
  4.3700000E+00, 5.6700000E+00, 5.1500000E-01, 3.3750000E+02, 2.2500000E+01
* ELEM  1098  circle
 2, 1118, 1117
*
  4.3700000E+00, 5.6700000E+00, 4.4700000E-01, 0.0000000E+00
* ELEM  1099  line segment
 1, 1110, 1113
*
  4.8457980E+00, 5.4729180E+00, 1.7420204E-01, -7.2156848E-02
* ELEM  1100  line segment
 1, 1109, 1110
*
  4.6392388E+00, 5.0200000E+00, 3.8076118E-01, 3.8076118E-01
* ELEM  1101  line segment
 1, 12, 1109
*
  5.0200000E+00, 5.0200000E+00, 0.0000000E+00, 3.8076118E-01
* ELEM  1102  line segment
 1, 1301, 1109
*
  4.6392388E+00, 5.0200000E+00, 3.8076118E-01, 0.0000000E+00
* ELEM  1103  line segment
 1, 1301, 1302
*
  5.0200000E+00, 4.6392388E+00, -3.8076118E-01, 3.8076118E-01
* ELEM  1104  line segment
 1, 1301, 1279
*
  5.0200000E+00, 5.0200000E+00, 0.0000000E+00, -3.8076118E-01
* ELEM  1105  line segment
 1, 1645, 1646
*
  5.9392388E+00, 1.1200000E+00, 3.8076118E-01, 3.8076118E-01
* ELEM  1106  line segment
 1, 1645, 1623
*
  6.3200000E+00, 1.5007612E+00, 0.0000000E+00, -3.8076118E-01
* ELEM  1107  line segment
 1, 1645, 1778
*
  6.3200000E+00, 1.1200000E+00, -3.8076118E-01, 0.0000000E+00
* ELEM  1108  line segment
 1, 1646, 1649
*
  6.1457980E+00, 1.5729180E+00, 1.7420204E-01, -7.2156848E-02
* ELEM  1109  line segment
 1, 1775, 998
*
  1.1200000E+00, 7.2392388E+00, 0.0000000E+00, -5.3847763E-01
* ELEM  1110  line segment
 1, 1002, 998
*
  1.2942020E+00, 7.1670820E+00, -1.7420204E-01, 7.2156848E-02
* ELEM  1111  circular arc
 3, 1007, 998
*
  1.7700000E+00, 6.9700000E+00, 5.1500000E-01, 1.5750000E+02, 4.5000000E+01
* ELEM  1112  circular arc
 3, 1007, 1003
*
  1.7700000E+00, 6.9700000E+00, 5.1500000E-01, 0.0000000E+00, 2.2500000E+01
* ELEM  1113  circular arc
 3, 1007, 1006
*
  1.7700000E+00, 6.9700000E+00, 5.1500000E-01, 2.2500000E+01, 4.5000000E+01
* ELEM  1114  circular arc
 3, 1007, 1004
*
  1.7700000E+00, 6.9700000E+00, 5.1500000E-01, 6.7500000E+01, 4.5000000E+01
* ELEM  1115  circular arc
 3, 1007, 1002
*
  1.7700000E+00, 6.9700000E+00, 5.1500000E-01, 1.1250000E+02, 4.5000000E+01
* ELEM  1116  circular arc
 3, 1007, 1000
*
  1.7700000E+00, 6.9700000E+00, 5.1500000E-01, 2.9250000E+02, 4.5000000E+01
* ELEM  1117  circular arc
 3, 1007, 1003
*
  1.7700000E+00, 6.9700000E+00, 5.1500000E-01, 3.3750000E+02, 2.2500000E+01
* ELEM  1118  circle
 2, 1008, 1007
*
  1.7700000E+00, 6.9700000E+00, 4.4700000E-01, 0.0000000E+00
* ELEM  1119  line segment
 1, 1000, 1003
*
  2.2457980E+00, 6.7729180E+00, 1.7420204E-01, -7.2156848E-02
* ELEM  1120  line segment
 1, 999, 1000
*
  2.0392388E+00, 6.3200000E+00, 3.8076118E-01, 3.8076118E-01
* ELEM  1121  line segment
 1, 999, 975
*
  2.4200000E+00, 6.7007612E+00, 0.0000000E+00, -3.8076118E-01
* ELEM  1122  line segment
 1, 975, 977
*
  2.4200000E+00, 6.7007612E+00, 3.8076118E-01, -3.8076118E-01
* ELEM  1123  line segment
 1, 978, 977
*
  2.5942020E+00, 6.7729180E+00, -1.7420204E-01, -7.2156848E-02
* ELEM  1124  circular arc
 3, 987, 977
*
  3.0700000E+00, 6.9700000E+00, 5.1500000E-01, 2.0250000E+02, 4.5000000E+01
* ELEM  1125  line segment
 1, 977, 976
*
  2.8729180E+00, 6.4942020E+00, -7.2156848E-02, -1.7420204E-01
* ELEM  1126  circular arc
 3, 987, 976
*
  3.0700000E+00, 6.9700000E+00, 5.1500000E-01, 2.4750000E+02, 4.5000000E+01
* ELEM  1127  line segment
 1, 976, 980
*
  3.2670820E+00, 6.4942020E+00, 7.2156848E-02, -1.7420204E-01
* ELEM  1128  line segment
 1, 1134, 976
*
  2.8007612E+00, 6.3200000E+00, 5.3847763E-01, 0.0000000E+00
* ELEM  1129  line segment
 1, 1136, 1134
*
  3.2670820E+00, 6.1457980E+00, 7.2156848E-02, 1.7420204E-01
* ELEM  1130  line segment
 1, 1111, 1112
*
  4.1007612E+00, 6.3200000E+00, -3.8076118E-01, -3.8076118E-01
* ELEM  1131  line segment
 1, 1114, 1112
*
  4.1729180E+00, 6.1457980E+00, -7.2156848E-02, 1.7420204E-01
* ELEM  1132  line segment
 1, 1135, 1136
*
  3.7200000E+00, 5.9392388E+00, -3.8076118E-01, 3.8076118E-01
* ELEM  1133  line segment
 1, 1135, 979
*
  3.3392388E+00, 6.3200000E+00, 3.8076118E-01, 0.0000000E+00
* ELEM  1134  line segment
 1, 1135, 1111
*
  3.7200000E+00, 6.3200000E+00, 0.0000000E+00, -3.8076118E-01
* ELEM  1135  line segment
 1, 1111, 957
*
  3.7200000E+00, 6.3200000E+00, 3.8076118E-01, 0.0000000E+00
* ELEM  1136  line segment
 1, 1464, 1467
*
  6.1457980E+00, 2.8729180E+00, 1.7420204E-01, -7.2156848E-02
* ELEM  1137  line segment
 1, 1463, 1464
*
  5.9392388E+00, 2.4200000E+00, 3.8076118E-01, 3.8076118E-01
* ELEM  1138  line segment
 1, 1463, 1441
*
  6.3200000E+00, 2.8007612E+00, 0.0000000E+00, -3.8076118E-01
* ELEM  1139  line segment
 1, 1651, 1463
*
  5.9392388E+00, 2.4200000E+00, 3.8076118E-01, 0.0000000E+00
* ELEM  1140  line segment
 1, 1649, 1652
*
  6.1457980E+00, 1.9670820E+00, 1.7420204E-01, 7.2156848E-02
* ELEM  1141  line segment
 1, 1651, 1652
*
  6.3200000E+00, 2.0392388E+00, -3.8076118E-01, 3.8076118E-01
* ELEM  1142  line segment
 1, 1651, 1629
*
  6.3200000E+00, 2.4200000E+00, 0.0000000E+00, -3.8076118E-01
* ELEM  1143  circular arc
 3, 1285, 1274
*
  5.6700000E+00, 4.3700000E+00, 5.1500000E-01, 2.4750000E+02, 4.5000000E+01
* ELEM  1144  line segment
 1, 1274, 1278
*
  5.8670820E+00, 3.8942020E+00, 7.2156848E-02, -1.7420204E-01
* ELEM  1145  line segment
 1, 1468, 1274
*
  5.4007612E+00, 3.7200000E+00, 5.3847763E-01, 0.0000000E+00
* ELEM  1146  line segment
 1, 1470, 1468
*
  5.8670820E+00, 3.5457980E+00, 7.2156848E-02, 1.7420204E-01
* ELEM  1147  circular arc
 3, 1285, 1281
*
  5.6700000E+00, 4.3700000E+00, 5.1500000E-01, 0.0000000E+00, 2.2500000E+01
* ELEM  1148  circular arc
 3, 1285, 1284
*
  5.6700000E+00, 4.3700000E+00, 5.1500000E-01, 2.2500000E+01, 4.5000000E+01
* ELEM  1149  circular arc
 3, 1285, 1282
*
  5.6700000E+00, 4.3700000E+00, 5.1500000E-01, 6.7500000E+01, 4.5000000E+01
* ELEM  1150  circular arc
 3, 1285, 1280
*
  5.6700000E+00, 4.3700000E+00, 5.1500000E-01, 1.1250000E+02, 4.5000000E+01
* ELEM  1151  circular arc
 3, 1285, 1278
*
  5.6700000E+00, 4.3700000E+00, 5.1500000E-01, 2.9250000E+02, 4.5000000E+01
* ELEM  1152  circular arc
 3, 1285, 1281
*
  5.6700000E+00, 4.3700000E+00, 5.1500000E-01, 3.3750000E+02, 2.2500000E+01
* ELEM  1153  circle
 2, 1286, 1285
*
  5.6700000E+00, 4.3700000E+00, 4.4700000E-01, 0.0000000E+00
* ELEM  1154  line segment
 1, 1279, 1280
*
  5.4007612E+00, 5.0200000E+00, -3.8076118E-01, -3.8076118E-01
* ELEM  1155  line segment
 1, 1282, 1280
*
  5.4729180E+00, 4.8457980E+00, -7.2156848E-02, 1.7420204E-01
* ELEM  1156  line segment
 1, 11, 1279
*
  5.4007612E+00, 5.0200000E+00, -3.8076118E-01, 0.0000000E+00
* ELEM  1157  line segment
 1, 1113, 1116
*
  4.8457980E+00, 5.8670820E+00, 1.7420204E-01, 7.2156848E-02
* ELEM  1158  line segment
 1, 12, 1113
*
  5.0200000E+00, 5.4007612E+00, 0.0000000E+00, 5.3847763E-01
* ELEM  1159  line segment
 1, 12, 1115
*
  5.0200000E+00, 5.9392388E+00, 0.0000000E+00, 3.8076118E-01
* ELEM  1160  line segment
 1, 14, 12
*
  5.0750000E+00, 6.3200000E+00, -5.5000000E-02, 0.0000000E+00
* ELEM  1161  circular arc
 3, 19, 12
*
  6.3200000E+00, 6.3200000E+00, 1.2450000E+00, 1.8000000E+02, 4.5000000E+01
* ELEM  1162  line segment
 1, 12, 11
*
  5.4396521E+00, 5.4396521E+00, -4.1965206E-01, -4.1965206E-01
* ELEM  1163  circular arc
 3, 19, 11
*
  6.3200000E+00, 6.3200000E+00, 1.2450000E+00, 2.2500000E+02, 4.5000000E+01
* ELEM  1164  line segment
 1, 11, 13
*
  6.3200000E+00, 5.0750000E+00, 0.0000000E+00, -5.5000000E-02
* ELEM  1165  line segment
 1, 11, 1282
*
  5.9392388E+00, 5.0200000E+00, -5.3847763E-01, 0.0000000E+00
* ELEM  1166  line segment
 1, 11, 1283
*
  6.3200000E+00, 5.0200000E+00, -3.8076118E-01, 0.0000000E+00
* ELEM  1167  line segment
 1, 1623, 1625
*
  6.3200000E+00, 1.5007612E+00, 3.8076118E-01, -3.8076118E-01
* ELEM  1168  line segment
 1, 1623, 1779
*
  6.7007612E+00, 1.1200000E+00, -3.8076118E-01, 0.0000000E+00
* ELEM  1169  line segment
 1, 1626, 1625
*
  6.4942020E+00, 1.5729180E+00, -1.7420204E-01, -7.2156848E-02
* ELEM  1170  circular arc
 3, 1635, 1625
*
  6.9700000E+00, 1.7700000E+00, 5.1500000E-01, 2.0250000E+02, 4.5000000E+01
* ELEM  1171  line segment
 1, 1625, 1624
*
  6.7729180E+00, 1.2942020E+00, -7.2156848E-02, -1.7420204E-01
* ELEM  1172  line segment
 1, 1649, 1626
*
  6.3200000E+00, 2.0392388E+00, 0.0000000E+00, -5.3847763E-01
* ELEM  1173  line segment
 1, 1630, 1626
*
  6.4942020E+00, 1.9670820E+00, -1.7420204E-01, 7.2156848E-02
* ELEM  1174  circular arc
 3, 1635, 1626
*
  6.9700000E+00, 1.7700000E+00, 5.1500000E-01, 1.5750000E+02, 4.5000000E+01
* ELEM  1175  line segment
 1, 1001, 1002
*
  1.5007612E+00, 7.6200000E+00, -3.8076118E-01, -3.8076118E-01
* ELEM  1176  line segment
 1, 1004, 1002
*
  1.5729180E+00, 7.4457980E+00, -7.2156848E-02, 1.7420204E-01
* ELEM  1177  line segment
 1, 1001, 1775
*
  1.1200000E+00, 7.2392388E+00, 0.0000000E+00, 3.8076118E-01
* ELEM  1178  line segment
 1, 1001, 847
*
  1.1200000E+00, 7.6200000E+00, 3.8076118E-01, 0.0000000E+00
* ELEM  1179  line segment
 1, 1003, 978
*
  2.4200000E+00, 7.2392388E+00, 0.0000000E+00, -5.3847763E-01
* ELEM  1180  line segment
 1, 982, 978
*
  2.5942020E+00, 7.1670820E+00, -1.7420204E-01, 7.2156848E-02
* ELEM  1181  circular arc
 3, 987, 978
*
  3.0700000E+00, 6.9700000E+00, 5.1500000E-01, 1.5750000E+02, 4.5000000E+01
* ELEM  1182  line segment
 1, 1003, 1006
*
  2.2457980E+00, 7.1670820E+00, 1.7420204E-01, 7.2156848E-02
* ELEM  1183  circular arc
 3, 987, 983
*
  3.0700000E+00, 6.9700000E+00, 5.1500000E-01, 0.0000000E+00, 2.2500000E+01
* ELEM  1184  circular arc
 3, 987, 986
*
  3.0700000E+00, 6.9700000E+00, 5.1500000E-01, 2.2500000E+01, 4.5000000E+01
* ELEM  1185  circular arc
 3, 987, 984
*
  3.0700000E+00, 6.9700000E+00, 5.1500000E-01, 6.7500000E+01, 4.5000000E+01
* ELEM  1186  circular arc
 3, 987, 982
*
  3.0700000E+00, 6.9700000E+00, 5.1500000E-01, 1.1250000E+02, 4.5000000E+01
* ELEM  1187  circular arc
 3, 987, 980
*
  3.0700000E+00, 6.9700000E+00, 5.1500000E-01, 2.9250000E+02, 4.5000000E+01
* ELEM  1188  circular arc
 3, 987, 983
*
  3.0700000E+00, 6.9700000E+00, 5.1500000E-01, 3.3750000E+02, 2.2500000E+01
* ELEM  1189  circle
 2, 988, 987
*
  3.0700000E+00, 6.9700000E+00, 4.4700000E-01, 0.0000000E+00
* ELEM  1190  line segment
 1, 980, 983
*
  3.5457980E+00, 6.7729180E+00, 1.7420204E-01, -7.2156848E-02
* ELEM  1191  line segment
 1, 979, 980
*
  3.3392388E+00, 6.3200000E+00, 3.8076118E-01, 3.8076118E-01
* ELEM  1192  line segment
 1, 979, 957
*
  3.7200000E+00, 6.7007612E+00, 0.0000000E+00, -3.8076118E-01
* ELEM  1193  line segment
 1, 957, 959
*
  3.7200000E+00, 6.7007612E+00, 3.8076118E-01, -3.8076118E-01
* ELEM  1194  line segment
 1, 960, 959
*
  3.8942020E+00, 6.7729180E+00, -1.7420204E-01, -7.2156848E-02
* ELEM  1195  circular arc
 3, 969, 959
*
  4.3700000E+00, 6.9700000E+00, 5.1500000E-01, 2.0250000E+02, 4.5000000E+01
* ELEM  1196  line segment
 1, 959, 958
*
  4.1729180E+00, 6.4942020E+00, -7.2156848E-02, -1.7420204E-01
* ELEM  1197  circular arc
 3, 969, 958
*
  4.3700000E+00, 6.9700000E+00, 5.1500000E-01, 2.4750000E+02, 4.5000000E+01
* ELEM  1198  line segment
 1, 958, 962
*
  4.5670820E+00, 6.4942020E+00, 7.2156848E-02, -1.7420204E-01
* ELEM  1199  line segment
 1, 1114, 958
*
  4.1007612E+00, 6.3200000E+00, 5.3847763E-01, 0.0000000E+00
* ELEM  1200  line segment
 1, 1116, 1114
*
  4.5670820E+00, 6.1457980E+00, 7.2156848E-02, 1.7420204E-01
* ELEM  1201  line segment
 1, 1441, 1443
*
  6.3200000E+00, 2.8007612E+00, 3.8076118E-01, -3.8076118E-01
* ELEM  1202  line segment
 1, 1629, 1441
*
  6.3200000E+00, 2.4200000E+00, 3.8076118E-01, 0.0000000E+00
* ELEM  1203  line segment
 1, 1444, 1443
*
  6.4942020E+00, 2.8729180E+00, -1.7420204E-01, -7.2156848E-02
* ELEM  1204  circular arc
 3, 1453, 1443
*
  6.9700000E+00, 3.0700000E+00, 5.1500000E-01, 2.0250000E+02, 4.5000000E+01
* ELEM  1205  line segment
 1, 1443, 1442
*
  6.7729180E+00, 2.5942020E+00, -7.2156848E-02, -1.7420204E-01
* ELEM  1206  line segment
 1, 1467, 1444
*
  6.3200000E+00, 3.3392388E+00, 0.0000000E+00, -5.3847763E-01
* ELEM  1207  line segment
 1, 1448, 1444
*
  6.4942020E+00, 3.2670820E+00, -1.7420204E-01, 7.2156848E-02
* ELEM  1208  circular arc
 3, 1453, 1444
*
  6.9700000E+00, 3.0700000E+00, 5.1500000E-01, 1.5750000E+02, 4.5000000E+01
* ELEM  1209  line segment
 1, 1467, 1470
*
  6.1457980E+00, 3.2670820E+00, 1.7420204E-01, 7.2156848E-02
* ELEM  1210  line segment
 1, 1629, 1630
*
  6.7007612E+00, 2.4200000E+00, -3.8076118E-01, -3.8076118E-01
* ELEM  1211  line segment
 1, 1632, 1630
*
  6.7729180E+00, 2.2457980E+00, -7.2156848E-02, 1.7420204E-01
* ELEM  1212  circular arc
 3, 1635, 1630
*
  6.9700000E+00, 1.7700000E+00, 5.1500000E-01, 1.1250000E+02, 4.5000000E+01
* ELEM  1213  line segment
 1, 1278, 1281
*
  6.1457980E+00, 4.1729180E+00, 1.7420204E-01, -7.2156848E-02
* ELEM  1214  line segment
 1, 1277, 1278
*
  5.9392388E+00, 3.7200000E+00, 3.8076118E-01, 3.8076118E-01
* ELEM  1215  line segment
 1, 1277, 1255
*
  6.3200000E+00, 4.1007612E+00, 0.0000000E+00, -3.8076118E-01
* ELEM  1216  line segment
 1, 1469, 1277
*
  5.9392388E+00, 3.7200000E+00, 3.8076118E-01, 0.0000000E+00
* ELEM  1217  line segment
 1, 1469, 1470
*
  6.3200000E+00, 3.3392388E+00, -3.8076118E-01, 3.8076118E-01
* ELEM  1218  line segment
 1, 1469, 1447
*
  6.3200000E+00, 3.7200000E+00, 0.0000000E+00, -3.8076118E-01
* ELEM  1219  line segment
 1, 1284, 1282
*
  5.8670820E+00, 4.8457980E+00, 7.2156848E-02, 1.7420204E-01
* ELEM  1220  line segment
 1, 1115, 1116
*
  5.0200000E+00, 5.9392388E+00, -3.8076118E-01, 3.8076118E-01
* ELEM  1221  line segment
 1, 1115, 961
*
  4.6392388E+00, 6.3200000E+00, 3.8076118E-01, 0.0000000E+00
* ELEM  1222  circular arc
 3, 19, 17
*
  6.3200000E+00, 6.3200000E+00, 1.2450000E+00, 0.0000000E+00, 4.5000000E+01
* ELEM  1223  circular arc
 3, 19, 18
*
  6.3200000E+00, 6.3200000E+00, 1.2450000E+00, 4.5000000E+01, 4.5000000E+01
* ELEM  1224  circular arc
 3, 19, 16
*
  6.3200000E+00, 6.3200000E+00, 1.2450000E+00, 9.0000000E+01, 4.5000000E+01
* ELEM  1225  circular arc
 3, 19, 14
*
  6.3200000E+00, 6.3200000E+00, 1.2450000E+00, 1.3500000E+02, 4.5000000E+01
* ELEM  1226  circular arc
 3, 19, 13
*
  6.3200000E+00, 6.3200000E+00, 1.2450000E+00, 2.7000000E+02, 4.5000000E+01
* ELEM  1227  circular arc
 3, 19, 15
*
  6.3200000E+00, 6.3200000E+00, 1.2450000E+00, 3.1500000E+02, 4.5000000E+01
* ELEM  1228  circle
 2, 20, 19
*
  6.3200000E+00, 6.3200000E+00, 1.1700000E+00, 0.0000000E+00
* ELEM  1229  circular arc
 3, 1635, 1624
*
  6.9700000E+00, 1.7700000E+00, 5.1500000E-01, 2.4750000E+02, 4.5000000E+01
* ELEM  1230  line segment
 1, 1624, 1628
*
  7.1670820E+00, 1.2942020E+00, 7.2156848E-02, -1.7420204E-01
* ELEM  1231  line segment
 1, 1779, 1624
*
  6.7007612E+00, 1.1200000E+00, 5.3847763E-01, 0.0000000E+00
* ELEM  1232  circular arc
 3, 1635, 1631
*
  6.9700000E+00, 1.7700000E+00, 5.1500000E-01, 0.0000000E+00, 2.2500000E+01
* ELEM  1233  circular arc
 3, 1635, 1634
*
  6.9700000E+00, 1.7700000E+00, 5.1500000E-01, 2.2500000E+01, 4.5000000E+01
* ELEM  1234  circular arc
 3, 1635, 1632
*
  6.9700000E+00, 1.7700000E+00, 5.1500000E-01, 6.7500000E+01, 4.5000000E+01
* ELEM  1235  circular arc
 3, 1635, 1628
*
  6.9700000E+00, 1.7700000E+00, 5.1500000E-01, 2.9250000E+02, 4.5000000E+01
* ELEM  1236  circular arc
 3, 1635, 1631
*
  6.9700000E+00, 1.7700000E+00, 5.1500000E-01, 3.3750000E+02, 2.2500000E+01
* ELEM  1237  circle
 2, 1636, 1635
*
  6.9700000E+00, 1.7700000E+00, 4.4700000E-01, 0.0000000E+00
* ELEM  1238  line segment
 1, 847, 1765
*
  1.1200000E+00, 7.6200000E+00, 0.0000000E+00, 3.8076118E-01
* ELEM  1239  line segment
 1, 847, 849
*
  1.1200000E+00, 8.0007612E+00, 3.8076118E-01, -3.8076118E-01
* ELEM  1240  line segment
 1, 850, 849
*
  1.2942020E+00, 8.0729180E+00, -1.7420204E-01, -7.2156848E-02
* ELEM  1241  circular arc
 3, 859, 849
*
  1.7700000E+00, 8.2700000E+00, 5.1500000E-01, 2.0250000E+02, 4.5000000E+01
* ELEM  1242  line segment
 1, 849, 848
*
  1.5729180E+00, 7.7942020E+00, -7.2156848E-02, -1.7420204E-01
* ELEM  1243  circular arc
 3, 859, 848
*
  1.7700000E+00, 8.2700000E+00, 5.1500000E-01, 2.4750000E+02, 4.5000000E+01
* ELEM  1244  line segment
 1, 848, 852
*
  1.9670820E+00, 7.7942020E+00, 7.2156848E-02, -1.7420204E-01
* ELEM  1245  line segment
 1, 1004, 848
*
  1.5007612E+00, 7.6200000E+00, 5.3847763E-01, 0.0000000E+00
* ELEM  1246  line segment
 1, 1006, 1004
*
  1.9670820E+00, 7.4457980E+00, 7.2156848E-02, 1.7420204E-01
* ELEM  1247  line segment
 1, 981, 982
*
  2.8007612E+00, 7.6200000E+00, -3.8076118E-01, -3.8076118E-01
* ELEM  1248  line segment
 1, 984, 982
*
  2.8729180E+00, 7.4457980E+00, -7.2156848E-02, 1.7420204E-01
* ELEM  1249  line segment
 1, 1005, 1006
*
  2.4200000E+00, 7.2392388E+00, -3.8076118E-01, 3.8076118E-01
* ELEM  1250  line segment
 1, 1005, 851
*
  2.0392388E+00, 7.6200000E+00, 3.8076118E-01, 0.0000000E+00
* ELEM  1251  line segment
 1, 1005, 981
*
  2.4200000E+00, 7.6200000E+00, 0.0000000E+00, -3.8076118E-01
* ELEM  1252  line segment
 1, 981, 829
*
  2.4200000E+00, 7.6200000E+00, 3.8076118E-01, 0.0000000E+00
* ELEM  1253  line segment
 1, 983, 960
*
  3.7200000E+00, 7.2392388E+00, 0.0000000E+00, -5.3847763E-01
* ELEM  1254  line segment
 1, 964, 960
*
  3.8942020E+00, 7.1670820E+00, -1.7420204E-01, 7.2156848E-02
* ELEM  1255  circular arc
 3, 969, 960
*
  4.3700000E+00, 6.9700000E+00, 5.1500000E-01, 1.5750000E+02, 4.5000000E+01
* ELEM  1256  line segment
 1, 983, 986
*
  3.5457980E+00, 7.1670820E+00, 1.7420204E-01, 7.2156848E-02
* ELEM  1257  circular arc
 3, 969, 965
*
  4.3700000E+00, 6.9700000E+00, 5.1500000E-01, 0.0000000E+00, 2.2500000E+01
* ELEM  1258  circular arc
 3, 969, 968
*
  4.3700000E+00, 6.9700000E+00, 5.1500000E-01, 2.2500000E+01, 4.5000000E+01
* ELEM  1259  circular arc
 3, 969, 966
*
  4.3700000E+00, 6.9700000E+00, 5.1500000E-01, 6.7500000E+01, 4.5000000E+01
* ELEM  1260  circular arc
 3, 969, 964
*
  4.3700000E+00, 6.9700000E+00, 5.1500000E-01, 1.1250000E+02, 4.5000000E+01
* ELEM  1261  circular arc
 3, 969, 962
*
  4.3700000E+00, 6.9700000E+00, 5.1500000E-01, 2.9250000E+02, 4.5000000E+01
* ELEM  1262  circular arc
 3, 969, 965
*
  4.3700000E+00, 6.9700000E+00, 5.1500000E-01, 3.3750000E+02, 2.2500000E+01
* ELEM  1263  circle
 2, 970, 969
*
  4.3700000E+00, 6.9700000E+00, 4.4700000E-01, 0.0000000E+00
* ELEM  1264  line segment
 1, 962, 965
*
  4.8457980E+00, 6.7729180E+00, 1.7420204E-01, -7.2156848E-02
* ELEM  1265  line segment
 1, 961, 962
*
  4.6392388E+00, 6.3200000E+00, 3.8076118E-01, 3.8076118E-01
* ELEM  1266  line segment
 1, 14, 961
*
  5.0200000E+00, 6.3200000E+00, 0.0000000E+00, 3.8076118E-01
* ELEM  1267  circular arc
 3, 1453, 1442
*
  6.9700000E+00, 3.0700000E+00, 5.1500000E-01, 2.4750000E+02, 4.5000000E+01
* ELEM  1268  line segment
 1, 1442, 1446
*
  7.1670820E+00, 2.5942020E+00, 7.2156848E-02, -1.7420204E-01
* ELEM  1269  line segment
 1, 1632, 1442
*
  6.7007612E+00, 2.4200000E+00, 5.3847763E-01, 0.0000000E+00
* ELEM  1270  line segment
 1, 1634, 1632
*
  7.1670820E+00, 2.2457980E+00, 7.2156848E-02, 1.7420204E-01
* ELEM  1271  circular arc
 3, 1453, 1449
*
  6.9700000E+00, 3.0700000E+00, 5.1500000E-01, 0.0000000E+00, 2.2500000E+01
* ELEM  1272  circular arc
 3, 1453, 1452
*
  6.9700000E+00, 3.0700000E+00, 5.1500000E-01, 2.2500000E+01, 4.5000000E+01
* ELEM  1273  circular arc
 3, 1453, 1450
*
  6.9700000E+00, 3.0700000E+00, 5.1500000E-01, 6.7500000E+01, 4.5000000E+01
* ELEM  1274  circular arc
 3, 1453, 1448
*
  6.9700000E+00, 3.0700000E+00, 5.1500000E-01, 1.1250000E+02, 4.5000000E+01
* ELEM  1275  circular arc
 3, 1453, 1446
*
  6.9700000E+00, 3.0700000E+00, 5.1500000E-01, 2.9250000E+02, 4.5000000E+01
* ELEM  1276  circular arc
 3, 1453, 1449
*
  6.9700000E+00, 3.0700000E+00, 5.1500000E-01, 3.3750000E+02, 2.2500000E+01
* ELEM  1277  circle
 2, 1454, 1453
*
  6.9700000E+00, 3.0700000E+00, 4.4700000E-01, 0.0000000E+00
* ELEM  1278  line segment
 1, 1447, 1448
*
  6.7007612E+00, 3.7200000E+00, -3.8076118E-01, -3.8076118E-01
* ELEM  1279  line segment
 1, 1450, 1448
*
  6.7729180E+00, 3.5457980E+00, -7.2156848E-02, 1.7420204E-01
* ELEM  1280  line segment
 1, 1447, 1255
*
  6.3200000E+00, 3.7200000E+00, 3.8076118E-01, 0.0000000E+00
* ELEM  1281  line segment
 1, 1255, 1257
*
  6.3200000E+00, 4.1007612E+00, 3.8076118E-01, -3.8076118E-01
* ELEM  1282  line segment
 1, 1258, 1257
*
  6.4942020E+00, 4.1729180E+00, -1.7420204E-01, -7.2156848E-02
* ELEM  1283  circular arc
 3, 1267, 1257
*
  6.9700000E+00, 4.3700000E+00, 5.1500000E-01, 2.0250000E+02, 4.5000000E+01
* ELEM  1284  line segment
 1, 1257, 1256
*
  6.7729180E+00, 3.8942020E+00, -7.2156848E-02, -1.7420204E-01
* ELEM  1285  line segment
 1, 1281, 1258
*
  6.3200000E+00, 4.6392388E+00, 0.0000000E+00, -5.3847763E-01
* ELEM  1286  line segment
 1, 1262, 1258
*
  6.4942020E+00, 4.5670820E+00, -1.7420204E-01, 7.2156848E-02
* ELEM  1287  circular arc
 3, 1267, 1258
*
  6.9700000E+00, 4.3700000E+00, 5.1500000E-01, 1.5750000E+02, 4.5000000E+01
* ELEM  1288  line segment
 1, 1281, 1284
*
  6.1457980E+00, 4.5670820E+00, 1.7420204E-01, 7.2156848E-02
* ELEM  1289  line segment
 1, 1283, 1284
*
  6.3200000E+00, 4.6392388E+00, -3.8076118E-01, 3.8076118E-01
* ELEM  1290  line segment
 1, 1283, 1261
*
  6.3200000E+00, 5.0200000E+00, 0.0000000E+00, -3.8076118E-01
* ELEM  1291  line segment
 1, 14, 967
*
  5.0200000E+00, 7.2392388E+00, 0.0000000E+00, 3.8076118E-01
* ELEM  1292  line segment
 1, 14, 965
*
  5.0200000E+00, 6.7007612E+00, 0.0000000E+00, 5.3847763E-01
* ELEM  1293  line segment
 1, 16, 14
*
  5.4396521E+00, 7.2003479E+00, -4.1965206E-01, 4.1965206E-01
* ELEM  1294  line segment
 1, 13, 15
*
  7.2003479E+00, 5.4396521E+00, 4.1965206E-01, -4.1965206E-01
* ELEM  1295  line segment
 1, 13, 1261
*
  6.7007612E+00, 5.0200000E+00, -3.8076118E-01, 0.0000000E+00
* ELEM  1296  line segment
 1, 13, 1264
*
  7.2392388E+00, 5.0200000E+00, -5.3847763E-01, 0.0000000E+00
* ELEM  1297  line segment
 1, 13, 1265
*
  7.6200000E+00, 5.0200000E+00, -3.8076118E-01, 0.0000000E+00
* ELEM  1298  line segment
 1, 1627, 1628
*
  7.2392388E+00, 1.1200000E+00, 3.8076118E-01, 3.8076118E-01
* ELEM  1299  line segment
 1, 1627, 1605
*
  7.6200000E+00, 1.5007612E+00, 0.0000000E+00, -3.8076118E-01
* ELEM  1300  line segment
 1, 1627, 1779
*
  7.6200000E+00, 1.1200000E+00, -3.8076118E-01, 0.0000000E+00
* ELEM  1301  line segment
 1, 1628, 1631
*
  7.4457980E+00, 1.5729180E+00, 1.7420204E-01, -7.2156848E-02
* ELEM  1302  line segment
 1, 1765, 850
*
  1.1200000E+00, 8.5392388E+00, 0.0000000E+00, -5.3847763E-01
* ELEM  1303  line segment
 1, 854, 850
*
  1.2942020E+00, 8.4670820E+00, -1.7420204E-01, 7.2156848E-02
* ELEM  1304  circular arc
 3, 859, 850
*
  1.7700000E+00, 8.2700000E+00, 5.1500000E-01, 1.5750000E+02, 4.5000000E+01
* ELEM  1305  circular arc
 3, 859, 855
*
  1.7700000E+00, 8.2700000E+00, 5.1500000E-01, 0.0000000E+00, 2.2500000E+01
* ELEM  1306  circular arc
 3, 859, 858
*
  1.7700000E+00, 8.2700000E+00, 5.1500000E-01, 2.2500000E+01, 4.5000000E+01
* ELEM  1307  circular arc
 3, 859, 856
*
  1.7700000E+00, 8.2700000E+00, 5.1500000E-01, 6.7500000E+01, 4.5000000E+01
* ELEM  1308  circular arc
 3, 859, 854
*
  1.7700000E+00, 8.2700000E+00, 5.1500000E-01, 1.1250000E+02, 4.5000000E+01
* ELEM  1309  circular arc
 3, 859, 852
*
  1.7700000E+00, 8.2700000E+00, 5.1500000E-01, 2.9250000E+02, 4.5000000E+01
* ELEM  1310  circular arc
 3, 859, 855
*
  1.7700000E+00, 8.2700000E+00, 5.1500000E-01, 3.3750000E+02, 2.2500000E+01
* ELEM  1311  circle
 2, 860, 859
*
  1.7700000E+00, 8.2700000E+00, 4.4700000E-01, 0.0000000E+00
* ELEM  1312  line segment
 1, 852, 855
*
  2.2457980E+00, 8.0729180E+00, 1.7420204E-01, -7.2156848E-02
* ELEM  1313  line segment
 1, 851, 852
*
  2.0392388E+00, 7.6200000E+00, 3.8076118E-01, 3.8076118E-01
* ELEM  1314  line segment
 1, 851, 829
*
  2.4200000E+00, 8.0007612E+00, 0.0000000E+00, -3.8076118E-01
* ELEM  1315  line segment
 1, 829, 831
*
  2.4200000E+00, 8.0007612E+00, 3.8076118E-01, -3.8076118E-01
* ELEM  1316  line segment
 1, 832, 831
*
  2.5942020E+00, 8.0729180E+00, -1.7420204E-01, -7.2156848E-02
* ELEM  1317  circular arc
 3, 841, 831
*
  3.0700000E+00, 8.2700000E+00, 5.1500000E-01, 2.0250000E+02, 4.5000000E+01
* ELEM  1318  line segment
 1, 831, 830
*
  2.8729180E+00, 7.7942020E+00, -7.2156848E-02, -1.7420204E-01
* ELEM  1319  circular arc
 3, 841, 830
*
  3.0700000E+00, 8.2700000E+00, 5.1500000E-01, 2.4750000E+02, 4.5000000E+01
* ELEM  1320  line segment
 1, 830, 834
*
  3.2670820E+00, 7.7942020E+00, 7.2156848E-02, -1.7420204E-01
* ELEM  1321  line segment
 1, 984, 830
*
  2.8007612E+00, 7.6200000E+00, 5.3847763E-01, 0.0000000E+00
* ELEM  1322  line segment
 1, 986, 984
*
  3.2670820E+00, 7.4457980E+00, 7.2156848E-02, 1.7420204E-01
* ELEM  1323  line segment
 1, 963, 964
*
  4.1007612E+00, 7.6200000E+00, -3.8076118E-01, -3.8076118E-01
* ELEM  1324  line segment
 1, 966, 964
*
  4.1729180E+00, 7.4457980E+00, -7.2156848E-02, 1.7420204E-01
* ELEM  1325  line segment
 1, 985, 986
*
  3.7200000E+00, 7.2392388E+00, -3.8076118E-01, 3.8076118E-01
* ELEM  1326  line segment
 1, 985, 833
*
  3.3392388E+00, 7.6200000E+00, 3.8076118E-01, 0.0000000E+00
* ELEM  1327  line segment
 1, 985, 963
*
  3.7200000E+00, 7.6200000E+00, 0.0000000E+00, -3.8076118E-01
* ELEM  1328  line segment
 1, 963, 809
*
  3.7200000E+00, 7.6200000E+00, 3.8076118E-01, 0.0000000E+00
* ELEM  1329  line segment
 1, 965, 968
*
  4.8457980E+00, 7.1670820E+00, 1.7420204E-01, 7.2156848E-02
* ELEM  1330  line segment
 1, 1446, 1449
*
  7.4457980E+00, 2.8729180E+00, 1.7420204E-01, -7.2156848E-02
* ELEM  1331  line segment
 1, 1445, 1446
*
  7.2392388E+00, 2.4200000E+00, 3.8076118E-01, 3.8076118E-01
* ELEM  1332  line segment
 1, 1445, 1421
*
  7.6200000E+00, 2.8007612E+00, 0.0000000E+00, -3.8076118E-01
* ELEM  1333  line segment
 1, 1633, 1445
*
  7.2392388E+00, 2.4200000E+00, 3.8076118E-01, 0.0000000E+00
* ELEM  1334  line segment
 1, 1631, 1634
*
  7.4457980E+00, 1.9670820E+00, 1.7420204E-01, 7.2156848E-02
* ELEM  1335  line segment
 1, 1633, 1634
*
  7.6200000E+00, 2.0392388E+00, -3.8076118E-01, 3.8076118E-01
* ELEM  1336  line segment
 1, 1633, 1611
*
  7.6200000E+00, 2.4200000E+00, 0.0000000E+00, -3.8076118E-01
* ELEM  1337  circular arc
 3, 1267, 1256
*
  6.9700000E+00, 4.3700000E+00, 5.1500000E-01, 2.4750000E+02, 4.5000000E+01
* ELEM  1338  line segment
 1, 1256, 1260
*
  7.1670820E+00, 3.8942020E+00, 7.2156848E-02, -1.7420204E-01
* ELEM  1339  line segment
 1, 1450, 1256
*
  6.7007612E+00, 3.7200000E+00, 5.3847763E-01, 0.0000000E+00
* ELEM  1340  line segment
 1, 1452, 1450
*
  7.1670820E+00, 3.5457980E+00, 7.2156848E-02, 1.7420204E-01
* ELEM  1341  circular arc
 3, 1267, 1263
*
  6.9700000E+00, 4.3700000E+00, 5.1500000E-01, 0.0000000E+00, 2.2500000E+01
* ELEM  1342  circular arc
 3, 1267, 1266
*
  6.9700000E+00, 4.3700000E+00, 5.1500000E-01, 2.2500000E+01, 4.5000000E+01
* ELEM  1343  circular arc
 3, 1267, 1264
*
  6.9700000E+00, 4.3700000E+00, 5.1500000E-01, 6.7500000E+01, 4.5000000E+01
* ELEM  1344  circular arc
 3, 1267, 1262
*
  6.9700000E+00, 4.3700000E+00, 5.1500000E-01, 1.1250000E+02, 4.5000000E+01
* ELEM  1345  circular arc
 3, 1267, 1260
*
  6.9700000E+00, 4.3700000E+00, 5.1500000E-01, 2.9250000E+02, 4.5000000E+01
* ELEM  1346  circular arc
 3, 1267, 1263
*
  6.9700000E+00, 4.3700000E+00, 5.1500000E-01, 3.3750000E+02, 2.2500000E+01
* ELEM  1347  circle
 2, 1268, 1267
*
  6.9700000E+00, 4.3700000E+00, 4.4700000E-01, 0.0000000E+00
* ELEM  1348  line segment
 1, 1261, 1262
*
  6.7007612E+00, 5.0200000E+00, -3.8076118E-01, -3.8076118E-01
* ELEM  1349  line segment
 1, 1264, 1262
*
  6.7729180E+00, 4.8457980E+00, -7.2156848E-02, 1.7420204E-01
* ELEM  1350  line segment
 1, 15, 17
*
  7.5650000E+00, 6.3200000E+00, 5.5000000E-02, 0.0000000E+00
* ELEM  1351  line segment
 1, 15, 1087
*
  7.6200000E+00, 5.4007612E+00, 0.0000000E+00, -3.8076118E-01
* ELEM  1352  line segment
 1, 15, 1090
*
  7.6200000E+00, 5.9392388E+00, 0.0000000E+00, -5.3847763E-01
* ELEM  1353  line segment
 1, 15, 1093
*
  7.6200000E+00, 6.3200000E+00, 0.0000000E+00, -3.8076118E-01
* ELEM  1354  line segment
 1, 16, 795
*
  5.9392388E+00, 7.6200000E+00, 3.8076118E-01, 0.0000000E+00
* ELEM  1355  line segment
 1, 16, 792
*
  5.4007612E+00, 7.6200000E+00, 5.3847763E-01, 0.0000000E+00
* ELEM  1356  line segment
 1, 16, 791
*
  5.0200000E+00, 7.6200000E+00, 3.8076118E-01, 0.0000000E+00
* ELEM  1357  line segment
 1, 18, 16
*
  6.3200000E+00, 7.5650000E+00, 0.0000000E+00, 5.5000000E-02
* ELEM  1358  line segment
 1, 1605, 1607
*
  7.6200000E+00, 1.5007612E+00, 3.8076118E-01, -3.8076118E-01
* ELEM  1359  line segment
 1, 1605, 1762
*
  8.0007612E+00, 1.1200000E+00, -3.8076118E-01, 0.0000000E+00
* ELEM  1360  line segment
 1, 1608, 1607
*
  7.7942020E+00, 1.5729180E+00, -1.7420204E-01, -7.2156848E-02
* ELEM  1361  circular arc
 3, 1617, 1607
*
  8.2700000E+00, 1.7700000E+00, 5.1500000E-01, 2.0250000E+02, 4.5000000E+01
* ELEM  1362  line segment
 1, 1607, 1606
*
  8.0729180E+00, 1.2942020E+00, -7.2156848E-02, -1.7420204E-01
* ELEM  1363  line segment
 1, 1631, 1608
*
  7.6200000E+00, 2.0392388E+00, 0.0000000E+00, -5.3847763E-01
* ELEM  1364  line segment
 1, 1612, 1608
*
  7.7942020E+00, 1.9670820E+00, -1.7420204E-01, 7.2156848E-02
* ELEM  1365  circular arc
 3, 1617, 1608
*
  8.2700000E+00, 1.7700000E+00, 5.1500000E-01, 1.5750000E+02, 4.5000000E+01
* ELEM  1366  line segment
 1, 853, 854
*
  1.5007612E+00, 8.9200000E+00, -3.8076118E-01, -3.8076118E-01
* ELEM  1367  line segment
 1, 856, 854
*
  1.5729180E+00, 8.7457980E+00, -7.2156848E-02, 1.7420204E-01
* ELEM  1368  line segment
 1, 853, 1765
*
  1.1200000E+00, 8.5392388E+00, 0.0000000E+00, 3.8076118E-01
* ELEM  1369  line segment
 1, 853, 701
*
  1.1200000E+00, 8.9200000E+00, 3.8076118E-01, 0.0000000E+00
* ELEM  1370  line segment
 1, 855, 832
*
  2.4200000E+00, 8.5392388E+00, 0.0000000E+00, -5.3847763E-01
* ELEM  1371  line segment
 1, 836, 832
*
  2.5942020E+00, 8.4670820E+00, -1.7420204E-01, 7.2156848E-02
* ELEM  1372  circular arc
 3, 841, 832
*
  3.0700000E+00, 8.2700000E+00, 5.1500000E-01, 1.5750000E+02, 4.5000000E+01
* ELEM  1373  line segment
 1, 855, 858
*
  2.2457980E+00, 8.4670820E+00, 1.7420204E-01, 7.2156848E-02
* ELEM  1374  circular arc
 3, 841, 837
*
  3.0700000E+00, 8.2700000E+00, 5.1500000E-01, 0.0000000E+00, 2.2500000E+01
* ELEM  1375  circular arc
 3, 841, 840
*
  3.0700000E+00, 8.2700000E+00, 5.1500000E-01, 2.2500000E+01, 4.5000000E+01
* ELEM  1376  circular arc
 3, 841, 838
*
  3.0700000E+00, 8.2700000E+00, 5.1500000E-01, 6.7500000E+01, 4.5000000E+01
* ELEM  1377  circular arc
 3, 841, 836
*
  3.0700000E+00, 8.2700000E+00, 5.1500000E-01, 1.1250000E+02, 4.5000000E+01
* ELEM  1378  circular arc
 3, 841, 834
*
  3.0700000E+00, 8.2700000E+00, 5.1500000E-01, 2.9250000E+02, 4.5000000E+01
* ELEM  1379  circular arc
 3, 841, 837
*
  3.0700000E+00, 8.2700000E+00, 5.1500000E-01, 3.3750000E+02, 2.2500000E+01
* ELEM  1380  circle
 2, 842, 841
*
  3.0700000E+00, 8.2700000E+00, 4.4700000E-01, 0.0000000E+00
* ELEM  1381  line segment
 1, 834, 837
*
  3.5457980E+00, 8.0729180E+00, 1.7420204E-01, -7.2156848E-02
* ELEM  1382  line segment
 1, 833, 834
*
  3.3392388E+00, 7.6200000E+00, 3.8076118E-01, 3.8076118E-01
* ELEM  1383  line segment
 1, 833, 809
*
  3.7200000E+00, 8.0007612E+00, 0.0000000E+00, -3.8076118E-01
* ELEM  1384  line segment
 1, 809, 811
*
  3.7200000E+00, 8.0007612E+00, 3.8076118E-01, -3.8076118E-01
* ELEM  1385  line segment
 1, 812, 811
*
  3.8942020E+00, 8.0729180E+00, -1.7420204E-01, -7.2156848E-02
* ELEM  1386  circular arc
 3, 821, 811
*
  4.3700000E+00, 8.2700000E+00, 5.1500000E-01, 2.0250000E+02, 4.5000000E+01
* ELEM  1387  line segment
 1, 811, 810
*
  4.1729180E+00, 7.7942020E+00, -7.2156848E-02, -1.7420204E-01
* ELEM  1388  circular arc
 3, 821, 810
*
  4.3700000E+00, 8.2700000E+00, 5.1500000E-01, 2.4750000E+02, 4.5000000E+01
* ELEM  1389  line segment
 1, 810, 814
*
  4.5670820E+00, 7.7942020E+00, 7.2156848E-02, -1.7420204E-01
* ELEM  1390  line segment
 1, 966, 810
*
  4.1007612E+00, 7.6200000E+00, 5.3847763E-01, 0.0000000E+00
* ELEM  1391  line segment
 1, 968, 966
*
  4.5670820E+00, 7.4457980E+00, 7.2156848E-02, 1.7420204E-01
* ELEM  1392  line segment
 1, 967, 968
*
  5.0200000E+00, 7.2392388E+00, -3.8076118E-01, 3.8076118E-01
* ELEM  1393  line segment
 1, 967, 813
*
  4.6392388E+00, 7.6200000E+00, 3.8076118E-01, 0.0000000E+00
* ELEM  1394  line segment
 1, 1421, 1423
*
  7.6200000E+00, 2.8007612E+00, 3.8076118E-01, -3.8076118E-01
* ELEM  1395  line segment
 1, 1611, 1421
*
  7.6200000E+00, 2.4200000E+00, 3.8076118E-01, 0.0000000E+00
* ELEM  1396  line segment
 1, 1424, 1423
*
  7.7942020E+00, 2.8729180E+00, -1.7420204E-01, -7.2156848E-02
* ELEM  1397  circular arc
 3, 1433, 1423
*
  8.2700000E+00, 3.0700000E+00, 5.1500000E-01, 2.0250000E+02, 4.5000000E+01
* ELEM  1398  line segment
 1, 1423, 1422
*
  8.0729180E+00, 2.5942020E+00, -7.2156848E-02, -1.7420204E-01
* ELEM  1399  line segment
 1, 1449, 1424
*
  7.6200000E+00, 3.3392388E+00, 0.0000000E+00, -5.3847763E-01
* ELEM  1400  line segment
 1, 1428, 1424
*
  7.7942020E+00, 3.2670820E+00, -1.7420204E-01, 7.2156848E-02
* ELEM  1401  circular arc
 3, 1433, 1424
*
  8.2700000E+00, 3.0700000E+00, 5.1500000E-01, 1.5750000E+02, 4.5000000E+01
* ELEM  1402  line segment
 1, 1449, 1452
*
  7.4457980E+00, 3.2670820E+00, 1.7420204E-01, 7.2156848E-02
* ELEM  1403  line segment
 1, 1611, 1612
*
  8.0007612E+00, 2.4200000E+00, -3.8076118E-01, -3.8076118E-01
* ELEM  1404  line segment
 1, 1614, 1612
*
  8.0729180E+00, 2.2457980E+00, -7.2156848E-02, 1.7420204E-01
* ELEM  1405  circular arc
 3, 1617, 1612
*
  8.2700000E+00, 1.7700000E+00, 5.1500000E-01, 1.1250000E+02, 4.5000000E+01
* ELEM  1406  line segment
 1, 1260, 1263
*
  7.4457980E+00, 4.1729180E+00, 1.7420204E-01, -7.2156848E-02
* ELEM  1407  line segment
 1, 1259, 1260
*
  7.2392388E+00, 3.7200000E+00, 3.8076118E-01, 3.8076118E-01
* ELEM  1408  line segment
 1, 1259, 1237
*
  7.6200000E+00, 4.1007612E+00, 0.0000000E+00, -3.8076118E-01
* ELEM  1409  line segment
 1, 1451, 1259
*
  7.2392388E+00, 3.7200000E+00, 3.8076118E-01, 0.0000000E+00
* ELEM  1410  line segment
 1, 1451, 1452
*
  7.6200000E+00, 3.3392388E+00, -3.8076118E-01, 3.8076118E-01
* ELEM  1411  line segment
 1, 1451, 1427
*
  7.6200000E+00, 3.7200000E+00, 0.0000000E+00, -3.8076118E-01
* ELEM  1412  line segment
 1, 1266, 1264
*
  7.1670820E+00, 4.8457980E+00, 7.2156848E-02, 1.7420204E-01
* ELEM  1413  line segment
 1, 1265, 1266
*
  7.6200000E+00, 4.6392388E+00, -3.8076118E-01, 3.8076118E-01
* ELEM  1414  line segment
 1, 1265, 1243
*
  7.6200000E+00, 5.0200000E+00, 0.0000000E+00, -3.8076118E-01
* ELEM  1415  line segment
 1, 1087, 1089
*
  7.6200000E+00, 5.4007612E+00, 3.8076118E-01, -3.8076118E-01
* ELEM  1416  line segment
 1, 1243, 1087
*
  7.6200000E+00, 5.0200000E+00, 3.8076118E-01, 0.0000000E+00
* ELEM  1417  line segment
 1, 1243, 1244
*
  8.0007612E+00, 5.0200000E+00, -3.8076118E-01, -3.8076118E-01
* ELEM  1418  line segment
 1, 17, 18
*
  7.2003479E+00, 7.2003479E+00, 4.1965206E-01, 4.1965206E-01
* ELEM  1419  line segment
 1, 17, 939
*
  7.6200000E+00, 6.7007612E+00, 0.0000000E+00, -3.8076118E-01
* ELEM  1420  line segment
 1, 17, 942
*
  7.6200000E+00, 7.2392388E+00, 0.0000000E+00, -5.3847763E-01
* ELEM  1421  line segment
 1, 17, 945
*
  7.6200000E+00, 7.6200000E+00, 0.0000000E+00, -3.8076118E-01
* ELEM  1422  line segment
 1, 813, 791
*
  5.0200000E+00, 8.0007612E+00, 0.0000000E+00, -3.8076118E-01
* ELEM  1423  line segment
 1, 791, 793
*
  5.0200000E+00, 8.0007612E+00, 3.8076118E-01, -3.8076118E-01
* ELEM  1424  line segment
 1, 813, 814
*
  4.6392388E+00, 7.6200000E+00, 3.8076118E-01, 3.8076118E-01
* ELEM  1425  line segment
 1, 18, 777
*
  7.2392388E+00, 7.6200000E+00, 3.8076118E-01, 0.0000000E+00
* ELEM  1426  line segment
 1, 18, 774
*
  6.7007612E+00, 7.6200000E+00, 5.3847763E-01, 0.0000000E+00
* ELEM  1427  line segment
 1, 18, 773
*
  6.3200000E+00, 7.6200000E+00, 3.8076118E-01, 0.0000000E+00
* ELEM  1428  circular arc
 3, 1617, 1606
*
  8.2700000E+00, 1.7700000E+00, 5.1500000E-01, 2.4750000E+02, 4.5000000E+01
* ELEM  1429  line segment
 1, 1606, 1610
*
  8.4670820E+00, 1.2942020E+00, 7.2156848E-02, -1.7420204E-01
* ELEM  1430  line segment
 1, 1762, 1606
*
  8.0007612E+00, 1.1200000E+00, 5.3847763E-01, 0.0000000E+00
* ELEM  1431  circular arc
 3, 1617, 1613
*
  8.2700000E+00, 1.7700000E+00, 5.1500000E-01, 0.0000000E+00, 2.2500000E+01
* ELEM  1432  circular arc
 3, 1617, 1616
*
  8.2700000E+00, 1.7700000E+00, 5.1500000E-01, 2.2500000E+01, 4.5000000E+01
* ELEM  1433  circular arc
 3, 1617, 1614
*
  8.2700000E+00, 1.7700000E+00, 5.1500000E-01, 6.7500000E+01, 4.5000000E+01
* ELEM  1434  circular arc
 3, 1617, 1610
*
  8.2700000E+00, 1.7700000E+00, 5.1500000E-01, 2.9250000E+02, 4.5000000E+01
* ELEM  1435  circular arc
 3, 1617, 1613
*
  8.2700000E+00, 1.7700000E+00, 5.1500000E-01, 3.3750000E+02, 2.2500000E+01
* ELEM  1436  circle
 2, 1618, 1617
*
  8.2700000E+00, 1.7700000E+00, 4.4700000E-01, 0.0000000E+00
* ELEM  1437  line segment
 1, 701, 1785
*
  1.1200000E+00, 8.9200000E+00, 0.0000000E+00, 3.8076118E-01
* ELEM  1438  line segment
 1, 701, 703
*
  1.1200000E+00, 9.3007612E+00, 3.8076118E-01, -3.8076118E-01
* ELEM  1439  line segment
 1, 704, 703
*
  1.2942020E+00, 9.3729180E+00, -1.7420204E-01, -7.2156848E-02
* ELEM  1440  circular arc
 3, 713, 703
*
  1.7700000E+00, 9.5700000E+00, 5.1500000E-01, 2.0250000E+02, 4.5000000E+01
* ELEM  1441  line segment
 1, 703, 702
*
  1.5729180E+00, 9.0942020E+00, -7.2156848E-02, -1.7420204E-01
* ELEM  1442  circular arc
 3, 713, 702
*
  1.7700000E+00, 9.5700000E+00, 5.1500000E-01, 2.4750000E+02, 4.5000000E+01
* ELEM  1443  line segment
 1, 702, 706
*
  1.9670820E+00, 9.0942020E+00, 7.2156848E-02, -1.7420204E-01
* ELEM  1444  line segment
 1, 856, 702
*
  1.5007612E+00, 8.9200000E+00, 5.3847763E-01, 0.0000000E+00
* ELEM  1445  line segment
 1, 858, 856
*
  1.9670820E+00, 8.7457980E+00, 7.2156848E-02, 1.7420204E-01
* ELEM  1446  line segment
 1, 835, 836
*
  2.8007612E+00, 8.9200000E+00, -3.8076118E-01, -3.8076118E-01
* ELEM  1447  line segment
 1, 838, 836
*
  2.8729180E+00, 8.7457980E+00, -7.2156848E-02, 1.7420204E-01
* ELEM  1448  line segment
 1, 857, 858
*
  2.4200000E+00, 8.5392388E+00, -3.8076118E-01, 3.8076118E-01
* ELEM  1449  line segment
 1, 857, 705
*
  2.0392388E+00, 8.9200000E+00, 3.8076118E-01, 0.0000000E+00
* ELEM  1450  line segment
 1, 857, 835
*
  2.4200000E+00, 8.9200000E+00, 0.0000000E+00, -3.8076118E-01
* ELEM  1451  line segment
 1, 835, 683
*
  2.4200000E+00, 8.9200000E+00, 3.8076118E-01, 0.0000000E+00
* ELEM  1452  line segment
 1, 837, 812
*
  3.7200000E+00, 8.5392388E+00, 0.0000000E+00, -5.3847763E-01
* ELEM  1453  line segment
 1, 816, 812
*
  3.8942020E+00, 8.4670820E+00, -1.7420204E-01, 7.2156848E-02
* ELEM  1454  circular arc
 3, 821, 812
*
  4.3700000E+00, 8.2700000E+00, 5.1500000E-01, 1.5750000E+02, 4.5000000E+01
* ELEM  1455  line segment
 1, 837, 840
*
  3.5457980E+00, 8.4670820E+00, 1.7420204E-01, 7.2156848E-02
* ELEM  1456  circular arc
 3, 821, 817
*
  4.3700000E+00, 8.2700000E+00, 5.1500000E-01, 0.0000000E+00, 2.2500000E+01
* ELEM  1457  circular arc
 3, 821, 820
*
  4.3700000E+00, 8.2700000E+00, 5.1500000E-01, 2.2500000E+01, 4.5000000E+01
* ELEM  1458  circular arc
 3, 821, 818
*
  4.3700000E+00, 8.2700000E+00, 5.1500000E-01, 6.7500000E+01, 4.5000000E+01
* ELEM  1459  circular arc
 3, 821, 816
*
  4.3700000E+00, 8.2700000E+00, 5.1500000E-01, 1.1250000E+02, 4.5000000E+01
* ELEM  1460  circular arc
 3, 821, 814
*
  4.3700000E+00, 8.2700000E+00, 5.1500000E-01, 2.9250000E+02, 4.5000000E+01
* ELEM  1461  circular arc
 3, 821, 817
*
  4.3700000E+00, 8.2700000E+00, 5.1500000E-01, 3.3750000E+02, 2.2500000E+01
* ELEM  1462  circle
 2, 822, 821
*
  4.3700000E+00, 8.2700000E+00, 4.4700000E-01, 0.0000000E+00
* ELEM  1463  line segment
 1, 814, 817
*
  4.8457980E+00, 8.0729180E+00, 1.7420204E-01, -7.2156848E-02
* ELEM  1464  circular arc
 3, 1433, 1422
*
  8.2700000E+00, 3.0700000E+00, 5.1500000E-01, 2.4750000E+02, 4.5000000E+01
* ELEM  1465  line segment
 1, 1422, 1426
*
  8.4670820E+00, 2.5942020E+00, 7.2156848E-02, -1.7420204E-01
* ELEM  1466  line segment
 1, 1614, 1422
*
  8.0007612E+00, 2.4200000E+00, 5.3847763E-01, 0.0000000E+00
* ELEM  1467  line segment
 1, 1616, 1614
*
  8.4670820E+00, 2.2457980E+00, 7.2156848E-02, 1.7420204E-01
* ELEM  1468  circular arc
 3, 1433, 1429
*
  8.2700000E+00, 3.0700000E+00, 5.1500000E-01, 0.0000000E+00, 2.2500000E+01
* ELEM  1469  circular arc
 3, 1433, 1432
*
  8.2700000E+00, 3.0700000E+00, 5.1500000E-01, 2.2500000E+01, 4.5000000E+01
* ELEM  1470  circular arc
 3, 1433, 1430
*
  8.2700000E+00, 3.0700000E+00, 5.1500000E-01, 6.7500000E+01, 4.5000000E+01
* ELEM  1471  circular arc
 3, 1433, 1428
*
  8.2700000E+00, 3.0700000E+00, 5.1500000E-01, 1.1250000E+02, 4.5000000E+01
* ELEM  1472  circular arc
 3, 1433, 1426
*
  8.2700000E+00, 3.0700000E+00, 5.1500000E-01, 2.9250000E+02, 4.5000000E+01
* ELEM  1473  circular arc
 3, 1433, 1429
*
  8.2700000E+00, 3.0700000E+00, 5.1500000E-01, 3.3750000E+02, 2.2500000E+01
* ELEM  1474  circle
 2, 1434, 1433
*
  8.2700000E+00, 3.0700000E+00, 4.4700000E-01, 0.0000000E+00
* ELEM  1475  line segment
 1, 1427, 1428
*
  8.0007612E+00, 3.7200000E+00, -3.8076118E-01, -3.8076118E-01
* ELEM  1476  line segment
 1, 1430, 1428
*
  8.0729180E+00, 3.5457980E+00, -7.2156848E-02, 1.7420204E-01
* ELEM  1477  line segment
 1, 1427, 1237
*
  7.6200000E+00, 3.7200000E+00, 3.8076118E-01, 0.0000000E+00
* ELEM  1478  line segment
 1, 1237, 1239
*
  7.6200000E+00, 4.1007612E+00, 3.8076118E-01, -3.8076118E-01
* ELEM  1479  line segment
 1, 1240, 1239
*
  7.7942020E+00, 4.1729180E+00, -1.7420204E-01, -7.2156848E-02
* ELEM  1480  circular arc
 3, 1249, 1239
*
  8.2700000E+00, 4.3700000E+00, 5.1500000E-01, 2.0250000E+02, 4.5000000E+01
* ELEM  1481  line segment
 1, 1239, 1238
*
  8.0729180E+00, 3.8942020E+00, -7.2156848E-02, -1.7420204E-01
* ELEM  1482  line segment
 1, 1263, 1240
*
  7.6200000E+00, 4.6392388E+00, 0.0000000E+00, -5.3847763E-01
* ELEM  1483  line segment
 1, 1244, 1240
*
  7.7942020E+00, 4.5670820E+00, -1.7420204E-01, 7.2156848E-02
* ELEM  1484  circular arc
 3, 1249, 1240
*
  8.2700000E+00, 4.3700000E+00, 5.1500000E-01, 1.5750000E+02, 4.5000000E+01
* ELEM  1485  line segment
 1, 1263, 1266
*
  7.4457980E+00, 4.5670820E+00, 1.7420204E-01, 7.2156848E-02
* ELEM  1486  line segment
 1, 1090, 1089
*
  7.7942020E+00, 5.4729180E+00, -1.7420204E-01, -7.2156848E-02
* ELEM  1487  circular arc
 3, 1099, 1089
*
  8.2700000E+00, 5.6700000E+00, 5.1500000E-01, 2.0250000E+02, 4.5000000E+01
* ELEM  1488  line segment
 1, 1089, 1088
*
  8.0729180E+00, 5.1942020E+00, -7.2156848E-02, -1.7420204E-01
* ELEM  1489  line segment
 1, 1094, 1090
*
  7.7942020E+00, 5.8670820E+00, -1.7420204E-01, 7.2156848E-02
* ELEM  1490  circular arc
 3, 1099, 1090
*
  8.2700000E+00, 5.6700000E+00, 5.1500000E-01, 1.5750000E+02, 4.5000000E+01
* ELEM  1491  circular arc
 3, 1099, 1088
*
  8.2700000E+00, 5.6700000E+00, 5.1500000E-01, 2.4750000E+02, 4.5000000E+01
* ELEM  1492  line segment
 1, 1088, 1092
*
  8.4670820E+00, 5.1942020E+00, 7.2156848E-02, -1.7420204E-01
* ELEM  1493  line segment
 1, 1246, 1088
*
  8.0007612E+00, 5.0200000E+00, 5.3847763E-01, 0.0000000E+00
* ELEM  1494  line segment
 1, 1246, 1244
*
  8.0729180E+00, 4.8457980E+00, -7.2156848E-02, 1.7420204E-01
* ELEM  1495  circular arc
 3, 1249, 1244
*
  8.2700000E+00, 4.3700000E+00, 5.1500000E-01, 1.1250000E+02, 4.5000000E+01
* ELEM  1496  line segment
 1, 1248, 1246
*
  8.4670820E+00, 4.8457980E+00, 7.2156848E-02, 1.7420204E-01
* ELEM  1497  circular arc
 3, 1249, 1246
*
  8.2700000E+00, 4.3700000E+00, 5.1500000E-01, 6.7500000E+01, 4.5000000E+01
* ELEM  1498  line segment
 1, 1093, 939
*
  7.6200000E+00, 6.3200000E+00, 3.8076118E-01, 0.0000000E+00
* ELEM  1499  line segment
 1, 1093, 1094
*
  8.0007612E+00, 6.3200000E+00, -3.8076118E-01, -3.8076118E-01
* ELEM  1500  line segment
 1, 939, 941
*
  7.6200000E+00, 6.7007612E+00, 3.8076118E-01, -3.8076118E-01
* ELEM  1501  line segment
 1, 793, 792
*
  5.4729180E+00, 7.7942020E+00, -7.2156848E-02, -1.7420204E-01
* ELEM  1502  circular arc
 3, 803, 792
*
  5.6700000E+00, 8.2700000E+00, 5.1500000E-01, 2.4750000E+02, 4.5000000E+01
* ELEM  1503  line segment
 1, 792, 796
*
  5.8670820E+00, 7.7942020E+00, 7.2156848E-02, -1.7420204E-01
* ELEM  1504  line segment
 1, 794, 793
*
  5.1942020E+00, 8.0729180E+00, -1.7420204E-01, -7.2156848E-02
* ELEM  1505  circular arc
 3, 803, 793
*
  5.6700000E+00, 8.2700000E+00, 5.1500000E-01, 2.0250000E+02, 4.5000000E+01
* ELEM  1506  line segment
 1, 817, 794
*
  5.0200000E+00, 8.5392388E+00, 0.0000000E+00, -5.3847763E-01
* ELEM  1507  line segment
 1, 798, 794
*
  5.1942020E+00, 8.4670820E+00, -1.7420204E-01, 7.2156848E-02
* ELEM  1508  circular arc
 3, 803, 794
*
  5.6700000E+00, 8.2700000E+00, 5.1500000E-01, 1.5750000E+02, 4.5000000E+01
* ELEM  1509  line segment
 1, 817, 820
*
  4.8457980E+00, 8.4670820E+00, 1.7420204E-01, 7.2156848E-02
* ELEM  1510  line segment
 1, 795, 773
*
  6.3200000E+00, 8.0007612E+00, 0.0000000E+00, -3.8076118E-01
* ELEM  1511  line segment
 1, 773, 775
*
  6.3200000E+00, 8.0007612E+00, 3.8076118E-01, -3.8076118E-01
* ELEM  1512  line segment
 1, 795, 796
*
  5.9392388E+00, 7.6200000E+00, 3.8076118E-01, 3.8076118E-01
* ELEM  1513  line segment
 1, 1609, 1610
*
  8.5392388E+00, 1.1200000E+00, 3.8076118E-01, 3.8076118E-01
* ELEM  1514  line segment
 1, 1609, 1587
*
  8.9200000E+00, 1.5007612E+00, 0.0000000E+00, -3.8076118E-01
* ELEM  1515  line segment
 1, 1609, 1762
*
  8.9200000E+00, 1.1200000E+00, -3.8076118E-01, 0.0000000E+00
* ELEM  1516  line segment
 1, 1610, 1613
*
  8.7457980E+00, 1.5729180E+00, 1.7420204E-01, -7.2156848E-02
* ELEM  1517  line segment
 1, 1785, 704
*
  1.1200000E+00, 9.8392388E+00, 0.0000000E+00, -5.3847763E-01
* ELEM  1518  line segment
 1, 708, 704
*
  1.2942020E+00, 9.7670820E+00, -1.7420204E-01, 7.2156848E-02
* ELEM  1519  circular arc
 3, 713, 704
*
  1.7700000E+00, 9.5700000E+00, 5.1500000E-01, 1.5750000E+02, 4.5000000E+01
* ELEM  1520  circular arc
 3, 713, 709
*
  1.7700000E+00, 9.5700000E+00, 5.1500000E-01, 0.0000000E+00, 2.2500000E+01
* ELEM  1521  circular arc
 3, 713, 712
*
  1.7700000E+00, 9.5700000E+00, 5.1500000E-01, 2.2500000E+01, 4.5000000E+01
* ELEM  1522  circular arc
 3, 713, 710
*
  1.7700000E+00, 9.5700000E+00, 5.1500000E-01, 6.7500000E+01, 4.5000000E+01
* ELEM  1523  circular arc
 3, 713, 708
*
  1.7700000E+00, 9.5700000E+00, 5.1500000E-01, 1.1250000E+02, 4.5000000E+01
* ELEM  1524  circular arc
 3, 713, 706
*
  1.7700000E+00, 9.5700000E+00, 5.1500000E-01, 2.9250000E+02, 4.5000000E+01
* ELEM  1525  circular arc
 3, 713, 709
*
  1.7700000E+00, 9.5700000E+00, 5.1500000E-01, 3.3750000E+02, 2.2500000E+01
* ELEM  1526  circle
 2, 714, 713
*
  1.7700000E+00, 9.5700000E+00, 4.4700000E-01, 0.0000000E+00
* ELEM  1527  line segment
 1, 706, 709
*
  2.2457980E+00, 9.3729180E+00, 1.7420204E-01, -7.2156848E-02
* ELEM  1528  line segment
 1, 705, 706
*
  2.0392388E+00, 8.9200000E+00, 3.8076118E-01, 3.8076118E-01
* ELEM  1529  line segment
 1, 705, 683
*
  2.4200000E+00, 9.3007612E+00, 0.0000000E+00, -3.8076118E-01
* ELEM  1530  line segment
 1, 683, 685
*
  2.4200000E+00, 9.3007612E+00, 3.8076118E-01, -3.8076118E-01
* ELEM  1531  line segment
 1, 686, 685
*
  2.5942020E+00, 9.3729180E+00, -1.7420204E-01, -7.2156848E-02
* ELEM  1532  circular arc
 3, 695, 685
*
  3.0700000E+00, 9.5700000E+00, 5.1500000E-01, 2.0250000E+02, 4.5000000E+01
* ELEM  1533  line segment
 1, 685, 684
*
  2.8729180E+00, 9.0942020E+00, -7.2156848E-02, -1.7420204E-01
* ELEM  1534  circular arc
 3, 695, 684
*
  3.0700000E+00, 9.5700000E+00, 5.1500000E-01, 2.4750000E+02, 4.5000000E+01
* ELEM  1535  line segment
 1, 684, 688
*
  3.2670820E+00, 9.0942020E+00, 7.2156848E-02, -1.7420204E-01
* ELEM  1536  line segment
 1, 838, 684
*
  2.8007612E+00, 8.9200000E+00, 5.3847763E-01, 0.0000000E+00
* ELEM  1537  line segment
 1, 840, 838
*
  3.2670820E+00, 8.7457980E+00, 7.2156848E-02, 1.7420204E-01
* ELEM  1538  line segment
 1, 815, 816
*
  4.1007612E+00, 8.9200000E+00, -3.8076118E-01, -3.8076118E-01
* ELEM  1539  line segment
 1, 818, 816
*
  4.1729180E+00, 8.7457980E+00, -7.2156848E-02, 1.7420204E-01
* ELEM  1540  line segment
 1, 839, 840
*
  3.7200000E+00, 8.5392388E+00, -3.8076118E-01, 3.8076118E-01
* ELEM  1541  line segment
 1, 839, 687
*
  3.3392388E+00, 8.9200000E+00, 3.8076118E-01, 0.0000000E+00
* ELEM  1542  line segment
 1, 839, 815
*
  3.7200000E+00, 8.9200000E+00, 0.0000000E+00, -3.8076118E-01
* ELEM  1543  line segment
 1, 815, 665
*
  3.7200000E+00, 8.9200000E+00, 3.8076118E-01, 0.0000000E+00
* ELEM  1544  line segment
 1, 1426, 1429
*
  8.7457980E+00, 2.8729180E+00, 1.7420204E-01, -7.2156848E-02
* ELEM  1545  line segment
 1, 1425, 1426
*
  8.5392388E+00, 2.4200000E+00, 3.8076118E-01, 3.8076118E-01
* ELEM  1546  line segment
 1, 1425, 1403
*
  8.9200000E+00, 2.8007612E+00, 0.0000000E+00, -3.8076118E-01
* ELEM  1547  line segment
 1, 1615, 1425
*
  8.5392388E+00, 2.4200000E+00, 3.8076118E-01, 0.0000000E+00
* ELEM  1548  line segment
 1, 1613, 1616
*
  8.7457980E+00, 1.9670820E+00, 1.7420204E-01, 7.2156848E-02
* ELEM  1549  line segment
 1, 1615, 1616
*
  8.9200000E+00, 2.0392388E+00, -3.8076118E-01, 3.8076118E-01
* ELEM  1550  line segment
 1, 1615, 1593
*
  8.9200000E+00, 2.4200000E+00, 0.0000000E+00, -3.8076118E-01
* ELEM  1551  circular arc
 3, 1249, 1238
*
  8.2700000E+00, 4.3700000E+00, 5.1500000E-01, 2.4750000E+02, 4.5000000E+01
* ELEM  1552  line segment
 1, 1238, 1242
*
  8.4670820E+00, 3.8942020E+00, 7.2156848E-02, -1.7420204E-01
* ELEM  1553  line segment
 1, 1430, 1238
*
  8.0007612E+00, 3.7200000E+00, 5.3847763E-01, 0.0000000E+00
* ELEM  1554  line segment
 1, 1432, 1430
*
  8.4670820E+00, 3.5457980E+00, 7.2156848E-02, 1.7420204E-01
* ELEM  1555  circular arc
 3, 1249, 1245
*
  8.2700000E+00, 4.3700000E+00, 5.1500000E-01, 0.0000000E+00, 2.2500000E+01
* ELEM  1556  circular arc
 3, 1249, 1248
*
  8.2700000E+00, 4.3700000E+00, 5.1500000E-01, 2.2500000E+01, 4.5000000E+01
* ELEM  1557  circular arc
 3, 1249, 1242
*
  8.2700000E+00, 4.3700000E+00, 5.1500000E-01, 2.9250000E+02, 4.5000000E+01
* ELEM  1558  circular arc
 3, 1249, 1245
*
  8.2700000E+00, 4.3700000E+00, 5.1500000E-01, 3.3750000E+02, 2.2500000E+01
* ELEM  1559  circle
 2, 1250, 1249
*
  8.2700000E+00, 4.3700000E+00, 4.4700000E-01, 0.0000000E+00
* ELEM  1560  line segment
 1, 1096, 1094
*
  8.0729180E+00, 6.1457980E+00, -7.2156848E-02, 1.7420204E-01
* ELEM  1561  circular arc
 3, 1099, 1094
*
  8.2700000E+00, 5.6700000E+00, 5.1500000E-01, 1.1250000E+02, 4.5000000E+01
* ELEM  1562  circular arc
 3, 1099, 1095
*
  8.2700000E+00, 5.6700000E+00, 5.1500000E-01, 0.0000000E+00, 2.2500000E+01
* ELEM  1563  circular arc
 3, 1099, 1098
*
  8.2700000E+00, 5.6700000E+00, 5.1500000E-01, 2.2500000E+01, 4.5000000E+01
* ELEM  1564  circular arc
 3, 1099, 1096
*
  8.2700000E+00, 5.6700000E+00, 5.1500000E-01, 6.7500000E+01, 4.5000000E+01
* ELEM  1565  circular arc
 3, 1099, 1092
*
  8.2700000E+00, 5.6700000E+00, 5.1500000E-01, 2.9250000E+02, 4.5000000E+01
* ELEM  1566  circular arc
 3, 1099, 1095
*
  8.2700000E+00, 5.6700000E+00, 5.1500000E-01, 3.3750000E+02, 2.2500000E+01
* ELEM  1567  circle
 2, 1100, 1099
*
  8.2700000E+00, 5.6700000E+00, 4.4700000E-01, 0.0000000E+00
* ELEM  1568  line segment
 1, 1092, 1095
*
  8.7457980E+00, 5.4729180E+00, 1.7420204E-01, -7.2156848E-02
* ELEM  1569  line segment
 1, 1091, 1092
*
  8.5392388E+00, 5.0200000E+00, 3.8076118E-01, 3.8076118E-01
* ELEM  1570  line segment
 1, 1091, 1069
*
  8.9200000E+00, 5.4007612E+00, 0.0000000E+00, -3.8076118E-01
* ELEM  1571  line segment
 1, 1247, 1091
*
  8.5392388E+00, 5.0200000E+00, 3.8076118E-01, 0.0000000E+00
* ELEM  1572  line segment
 1, 1245, 1248
*
  8.7457980E+00, 4.5670820E+00, 1.7420204E-01, 7.2156848E-02
* ELEM  1573  line segment
 1, 1247, 1248
*
  8.9200000E+00, 4.6392388E+00, -3.8076118E-01, 3.8076118E-01
* ELEM  1574  line segment
 1, 1247, 1223
*
  8.9200000E+00, 5.0200000E+00, 0.0000000E+00, -3.8076118E-01
* ELEM  1575  line segment
 1, 942, 941
*
  7.7942020E+00, 6.7729180E+00, -1.7420204E-01, -7.2156848E-02
* ELEM  1576  circular arc
 3, 951, 941
*
  8.2700000E+00, 6.9700000E+00, 5.1500000E-01, 2.0250000E+02, 4.5000000E+01
* ELEM  1577  line segment
 1, 941, 940
*
  8.0729180E+00, 6.4942020E+00, -7.2156848E-02, -1.7420204E-01
* ELEM  1578  line segment
 1, 946, 942
*
  7.7942020E+00, 7.1670820E+00, -1.7420204E-01, 7.2156848E-02
* ELEM  1579  circular arc
 3, 951, 942
*
  8.2700000E+00, 6.9700000E+00, 5.1500000E-01, 1.5750000E+02, 4.5000000E+01
* ELEM  1580  circular arc
 3, 951, 940
*
  8.2700000E+00, 6.9700000E+00, 5.1500000E-01, 2.4750000E+02, 4.5000000E+01
* ELEM  1581  line segment
 1, 940, 944
*
  8.4670820E+00, 6.4942020E+00, 7.2156848E-02, -1.7420204E-01
* ELEM  1582  line segment
 1, 1096, 940
*
  8.0007612E+00, 6.3200000E+00, 5.3847763E-01, 0.0000000E+00
* ELEM  1583  line segment
 1, 1098, 1096
*
  8.4670820E+00, 6.1457980E+00, 7.2156848E-02, 1.7420204E-01
* ELEM  1584  line segment
 1, 2, 783
*
  7.6200000E+00, 8.5392388E+00, 0.0000000E+00, 3.8076118E-01
* ELEM  1585  line segment
 1, 2, 781
*
  7.6200000E+00, 8.0007612E+00, 0.0000000E+00, 5.3847763E-01
* ELEM  1586  line segment
 1, 2, 777
*
  7.6200000E+00, 7.6200000E+00, 0.0000000E+00, 3.8076118E-01
* ELEM  1587  line segment
 1, 4, 2
*
  7.6750000E+00, 8.9200000E+00, -5.5000000E-02, 0.0000000E+00
* ELEM  1588  circular arc
 3, 9, 2
*
  8.9200000E+00, 8.9200000E+00, 1.2450000E+00, 1.8000000E+02, 4.5000000E+01
* ELEM  1589  line segment
 1, 2, 1
*
  8.0396521E+00, 8.0396521E+00, -4.1965206E-01, -4.1965206E-01
* ELEM  1590  circular arc
 3, 9, 1
*
  8.9200000E+00, 8.9200000E+00, 1.2450000E+00, 2.2500000E+02, 4.5000000E+01
* ELEM  1591  line segment
 1, 1, 3
*
  8.9200000E+00, 7.6750000E+00, 0.0000000E+00, -5.5000000E-02
* ELEM  1592  line segment
 1, 1, 945
*
  8.0007612E+00, 7.6200000E+00, -3.8076118E-01, 0.0000000E+00
* ELEM  1593  line segment
 1, 1, 948
*
  8.5392388E+00, 7.6200000E+00, -5.3847763E-01, 0.0000000E+00
* ELEM  1594  line segment
 1, 1, 949
*
  8.9200000E+00, 7.6200000E+00, -3.8076118E-01, 0.0000000E+00
* ELEM  1595  line segment
 1, 777, 778
*
  7.2392388E+00, 7.6200000E+00, 3.8076118E-01, 3.8076118E-01
* ELEM  1596  line segment
 1, 945, 946
*
  8.0007612E+00, 7.6200000E+00, -3.8076118E-01, -3.8076118E-01
* ELEM  1597  circular arc
 3, 803, 796
*
  5.6700000E+00, 8.2700000E+00, 5.1500000E-01, 2.9250000E+02, 4.5000000E+01
* ELEM  1598  line segment
 1, 796, 799
*
  6.1457980E+00, 8.0729180E+00, 1.7420204E-01, -7.2156848E-02
* ELEM  1599  circular arc
 3, 803, 799
*
  5.6700000E+00, 8.2700000E+00, 5.1500000E-01, 0.0000000E+00, 2.2500000E+01
* ELEM  1600  circular arc
 3, 803, 802
*
  5.6700000E+00, 8.2700000E+00, 5.1500000E-01, 2.2500000E+01, 4.5000000E+01
* ELEM  1601  circular arc
 3, 803, 800
*
  5.6700000E+00, 8.2700000E+00, 5.1500000E-01, 6.7500000E+01, 4.5000000E+01
* ELEM  1602  circular arc
 3, 803, 798
*
  5.6700000E+00, 8.2700000E+00, 5.1500000E-01, 1.1250000E+02, 4.5000000E+01
* ELEM  1603  circular arc
 3, 803, 799
*
  5.6700000E+00, 8.2700000E+00, 5.1500000E-01, 3.3750000E+02, 2.2500000E+01
* ELEM  1604  circle
 2, 804, 803
*
  5.6700000E+00, 8.2700000E+00, 4.4700000E-01, 0.0000000E+00
* ELEM  1605  line segment
 1, 797, 798
*
  5.4007612E+00, 8.9200000E+00, -3.8076118E-01, -3.8076118E-01
* ELEM  1606  line segment
 1, 800, 798
*
  5.4729180E+00, 8.7457980E+00, -7.2156848E-02, 1.7420204E-01
* ELEM  1607  line segment
 1, 819, 820
*
  5.0200000E+00, 8.5392388E+00, -3.8076118E-01, 3.8076118E-01
* ELEM  1608  line segment
 1, 819, 669
*
  4.6392388E+00, 8.9200000E+00, 3.8076118E-01, 0.0000000E+00
* ELEM  1609  line segment
 1, 819, 797
*
  5.0200000E+00, 8.9200000E+00, 0.0000000E+00, -3.8076118E-01
* ELEM  1610  line segment
 1, 797, 645
*
  5.0200000E+00, 8.9200000E+00, 3.8076118E-01, 0.0000000E+00
* ELEM  1611  line segment
 1, 820, 818
*
  4.5670820E+00, 8.7457980E+00, 7.2156848E-02, 1.7420204E-01
* ELEM  1612  line segment
 1, 775, 774
*
  6.7729180E+00, 7.7942020E+00, -7.2156848E-02, -1.7420204E-01
* ELEM  1613  circular arc
 3, 785, 774
*
  6.9700000E+00, 8.2700000E+00, 5.1500000E-01, 2.4750000E+02, 4.5000000E+01
* ELEM  1614  line segment
 1, 774, 778
*
  7.1670820E+00, 7.7942020E+00, 7.2156848E-02, -1.7420204E-01
* ELEM  1615  line segment
 1, 776, 775
*
  6.4942020E+00, 8.0729180E+00, -1.7420204E-01, -7.2156848E-02
* ELEM  1616  circular arc
 3, 785, 775
*
  6.9700000E+00, 8.2700000E+00, 5.1500000E-01, 2.0250000E+02, 4.5000000E+01
* ELEM  1617  line segment
 1, 799, 776
*
  6.3200000E+00, 8.5392388E+00, 0.0000000E+00, -5.3847763E-01
* ELEM  1618  line segment
 1, 780, 776
*
  6.4942020E+00, 8.4670820E+00, -1.7420204E-01, 7.2156848E-02
* ELEM  1619  circular arc
 3, 785, 776
*
  6.9700000E+00, 8.2700000E+00, 5.1500000E-01, 1.5750000E+02, 4.5000000E+01
* ELEM  1620  line segment
 1, 799, 802
*
  6.1457980E+00, 8.4670820E+00, 1.7420204E-01, 7.2156848E-02
* ELEM  1621  line segment
 1, 1587, 1589
*
  8.9200000E+00, 1.5007612E+00, 3.8076118E-01, -3.8076118E-01
* ELEM  1622  line segment
 1, 1587, 1780
*
  9.3007612E+00, 1.1200000E+00, -3.8076118E-01, 0.0000000E+00
* ELEM  1623  line segment
 1, 1590, 1589
*
  9.0942020E+00, 1.5729180E+00, -1.7420204E-01, -7.2156848E-02
* ELEM  1624  circular arc
 3, 1599, 1589
*
  9.5700000E+00, 1.7700000E+00, 5.1500000E-01, 2.0250000E+02, 4.5000000E+01
* ELEM  1625  line segment
 1, 1589, 1588
*
  9.3729180E+00, 1.2942020E+00, -7.2156848E-02, -1.7420204E-01
* ELEM  1626  line segment
 1, 1613, 1590
*
  8.9200000E+00, 2.0392388E+00, 0.0000000E+00, -5.3847763E-01
* ELEM  1627  line segment
 1, 1594, 1590
*
  9.0942020E+00, 1.9670820E+00, -1.7420204E-01, 7.2156848E-02
* ELEM  1628  circular arc
 3, 1599, 1590
*
  9.5700000E+00, 1.7700000E+00, 5.1500000E-01, 1.5750000E+02, 4.5000000E+01
* ELEM  1629  line segment
 1, 707, 708
*
  1.5007612E+00, 1.0220000E+01, -3.8076118E-01, -3.8076118E-01
* ELEM  1630  line segment
 1, 710, 708
*
  1.5729180E+00, 1.0045798E+01, -7.2156848E-02, 1.7420204E-01
* ELEM  1631  line segment
 1, 707, 1785
*
  1.1200000E+00, 9.8392388E+00, 0.0000000E+00, 3.8076118E-01
* ELEM  1632  line segment
 1, 707, 555
*
  1.1200000E+00, 1.0220000E+01, 3.8076118E-01, 0.0000000E+00
* ELEM  1633  line segment
 1, 709, 686
*
  2.4200000E+00, 9.8392388E+00, 0.0000000E+00, -5.3847763E-01
* ELEM  1634  line segment
 1, 690, 686
*
  2.5942020E+00, 9.7670820E+00, -1.7420204E-01, 7.2156848E-02
* ELEM  1635  circular arc
 3, 695, 686
*
  3.0700000E+00, 9.5700000E+00, 5.1500000E-01, 1.5750000E+02, 4.5000000E+01
* ELEM  1636  line segment
 1, 709, 712
*
  2.2457980E+00, 9.7670820E+00, 1.7420204E-01, 7.2156848E-02
* ELEM  1637  circular arc
 3, 695, 691
*
  3.0700000E+00, 9.5700000E+00, 5.1500000E-01, 0.0000000E+00, 2.2500000E+01
* ELEM  1638  circular arc
 3, 695, 694
*
  3.0700000E+00, 9.5700000E+00, 5.1500000E-01, 2.2500000E+01, 4.5000000E+01
* ELEM  1639  circular arc
 3, 695, 692
*
  3.0700000E+00, 9.5700000E+00, 5.1500000E-01, 6.7500000E+01, 4.5000000E+01
* ELEM  1640  circular arc
 3, 695, 690
*
  3.0700000E+00, 9.5700000E+00, 5.1500000E-01, 1.1250000E+02, 4.5000000E+01
* ELEM  1641  circular arc
 3, 695, 688
*
  3.0700000E+00, 9.5700000E+00, 5.1500000E-01, 2.9250000E+02, 4.5000000E+01
* ELEM  1642  circular arc
 3, 695, 691
*
  3.0700000E+00, 9.5700000E+00, 5.1500000E-01, 3.3750000E+02, 2.2500000E+01
* ELEM  1643  circle
 2, 696, 695
*
  3.0700000E+00, 9.5700000E+00, 4.4700000E-01, 0.0000000E+00
* ELEM  1644  line segment
 1, 688, 691
*
  3.5457980E+00, 9.3729180E+00, 1.7420204E-01, -7.2156848E-02
* ELEM  1645  line segment
 1, 687, 688
*
  3.3392388E+00, 8.9200000E+00, 3.8076118E-01, 3.8076118E-01
* ELEM  1646  line segment
 1, 687, 665
*
  3.7200000E+00, 9.3007612E+00, 0.0000000E+00, -3.8076118E-01
* ELEM  1647  line segment
 1, 665, 667
*
  3.7200000E+00, 9.3007612E+00, 3.8076118E-01, -3.8076118E-01
* ELEM  1648  line segment
 1, 668, 667
*
  3.8942020E+00, 9.3729180E+00, -1.7420204E-01, -7.2156848E-02
* ELEM  1649  circular arc
 3, 677, 667
*
  4.3700000E+00, 9.5700000E+00, 5.1500000E-01, 2.0250000E+02, 4.5000000E+01
* ELEM  1650  line segment
 1, 667, 666
*
  4.1729180E+00, 9.0942020E+00, -7.2156848E-02, -1.7420204E-01
* ELEM  1651  circular arc
 3, 677, 666
*
  4.3700000E+00, 9.5700000E+00, 5.1500000E-01, 2.4750000E+02, 4.5000000E+01
* ELEM  1652  line segment
 1, 666, 670
*
  4.5670820E+00, 9.0942020E+00, 7.2156848E-02, -1.7420204E-01
* ELEM  1653  line segment
 1, 818, 666
*
  4.1007612E+00, 8.9200000E+00, 5.3847763E-01, 0.0000000E+00
* ELEM  1654  line segment
 1, 1403, 1405
*
  8.9200000E+00, 2.8007612E+00, 3.8076118E-01, -3.8076118E-01
* ELEM  1655  line segment
 1, 1593, 1403
*
  8.9200000E+00, 2.4200000E+00, 3.8076118E-01, 0.0000000E+00
* ELEM  1656  line segment
 1, 1406, 1405
*
  9.0942020E+00, 2.8729180E+00, -1.7420204E-01, -7.2156848E-02
* ELEM  1657  circular arc
 3, 1415, 1405
*
  9.5700000E+00, 3.0700000E+00, 5.1500000E-01, 2.0250000E+02, 4.5000000E+01
* ELEM  1658  line segment
 1, 1405, 1404
*
  9.3729180E+00, 2.5942020E+00, -7.2156848E-02, -1.7420204E-01
* ELEM  1659  line segment
 1, 1429, 1406
*
  8.9200000E+00, 3.3392388E+00, 0.0000000E+00, -5.3847763E-01
* ELEM  1660  line segment
 1, 1410, 1406
*
  9.0942020E+00, 3.2670820E+00, -1.7420204E-01, 7.2156848E-02
* ELEM  1661  circular arc
 3, 1415, 1406
*
  9.5700000E+00, 3.0700000E+00, 5.1500000E-01, 1.5750000E+02, 4.5000000E+01
* ELEM  1662  line segment
 1, 1429, 1432
*
  8.7457980E+00, 3.2670820E+00, 1.7420204E-01, 7.2156848E-02
* ELEM  1663  line segment
 1, 1593, 1594
*
  9.3007612E+00, 2.4200000E+00, -3.8076118E-01, -3.8076118E-01
* ELEM  1664  line segment
 1, 1596, 1594
*
  9.3729180E+00, 2.2457980E+00, -7.2156848E-02, 1.7420204E-01
* ELEM  1665  circular arc
 3, 1599, 1594
*
  9.5700000E+00, 1.7700000E+00, 5.1500000E-01, 1.1250000E+02, 4.5000000E+01
* ELEM  1666  line segment
 1, 1242, 1245
*
  8.7457980E+00, 4.1729180E+00, 1.7420204E-01, -7.2156848E-02
* ELEM  1667  line segment
 1, 1241, 1242
*
  8.5392388E+00, 3.7200000E+00, 3.8076118E-01, 3.8076118E-01
* ELEM  1668  line segment
 1, 1241, 1217
*
  8.9200000E+00, 4.1007612E+00, 0.0000000E+00, -3.8076118E-01
* ELEM  1669  line segment
 1, 1431, 1241
*
  8.5392388E+00, 3.7200000E+00, 3.8076118E-01, 0.0000000E+00
* ELEM  1670  line segment
 1, 1431, 1432
*
  8.9200000E+00, 3.3392388E+00, -3.8076118E-01, 3.8076118E-01
* ELEM  1671  line segment
 1, 1431, 1409
*
  8.9200000E+00, 3.7200000E+00, 0.0000000E+00, -3.8076118E-01
* ELEM  1672  line segment
 1, 1069, 1071
*
  8.9200000E+00, 5.4007612E+00, 3.8076118E-01, -3.8076118E-01
* ELEM  1673  line segment
 1, 1223, 1069
*
  8.9200000E+00, 5.0200000E+00, 3.8076118E-01, 0.0000000E+00
* ELEM  1674  line segment
 1, 1072, 1071
*
  9.0942020E+00, 5.4729180E+00, -1.7420204E-01, -7.2156848E-02
* ELEM  1675  circular arc
 3, 1081, 1071
*
  9.5700000E+00, 5.6700000E+00, 5.1500000E-01, 2.0250000E+02, 4.5000000E+01
* ELEM  1676  line segment
 1, 1071, 1070
*
  9.3729180E+00, 5.1942020E+00, -7.2156848E-02, -1.7420204E-01
* ELEM  1677  line segment
 1, 1095, 1072
*
  8.9200000E+00, 5.9392388E+00, 0.0000000E+00, -5.3847763E-01
* ELEM  1678  line segment
 1, 1076, 1072
*
  9.0942020E+00, 5.8670820E+00, -1.7420204E-01, 7.2156848E-02
* ELEM  1679  circular arc
 3, 1081, 1072
*
  9.5700000E+00, 5.6700000E+00, 5.1500000E-01, 1.5750000E+02, 4.5000000E+01
* ELEM  1680  line segment
 1, 1095, 1098
*
  8.7457980E+00, 5.8670820E+00, 1.7420204E-01, 7.2156848E-02
* ELEM  1681  line segment
 1, 1223, 1224
*
  9.3007612E+00, 5.0200000E+00, -3.8076118E-01, -3.8076118E-01
* ELEM  1682  line segment
 1, 1245, 1220
*
  8.9200000E+00, 4.6392388E+00, 0.0000000E+00, -5.3847763E-01
* ELEM  1683  line segment
 1, 1224, 1220
*
  9.0942020E+00, 4.5670820E+00, -1.7420204E-01, 7.2156848E-02
* ELEM  1684  circular arc
 3, 1229, 1220
*
  9.5700000E+00, 4.3700000E+00, 5.1500000E-01, 1.5750000E+02, 4.5000000E+01
* ELEM  1685  line segment
 1, 1220, 1219
*
  9.0942020E+00, 4.1729180E+00, -1.7420204E-01, -7.2156848E-02
* ELEM  1686  line segment
 1, 1226, 1224
*
  9.3729180E+00, 4.8457980E+00, -7.2156848E-02, 1.7420204E-01
* ELEM  1687  circular arc
 3, 1229, 1224
*
  9.5700000E+00, 4.3700000E+00, 5.1500000E-01, 1.1250000E+02, 4.5000000E+01
* ELEM  1688  line segment
 1, 948, 946
*
  8.0729180E+00, 7.4457980E+00, -7.2156848E-02, 1.7420204E-01
* ELEM  1689  circular arc
 3, 951, 946
*
  8.2700000E+00, 6.9700000E+00, 5.1500000E-01, 1.1250000E+02, 4.5000000E+01
* ELEM  1690  circular arc
 3, 951, 947
*
  8.2700000E+00, 6.9700000E+00, 5.1500000E-01, 0.0000000E+00, 2.2500000E+01
* ELEM  1691  circular arc
 3, 951, 950
*
  8.2700000E+00, 6.9700000E+00, 5.1500000E-01, 2.2500000E+01, 4.5000000E+01
* ELEM  1692  circular arc
 3, 951, 948
*
  8.2700000E+00, 6.9700000E+00, 5.1500000E-01, 6.7500000E+01, 4.5000000E+01
* ELEM  1693  circular arc
 3, 951, 944
*
  8.2700000E+00, 6.9700000E+00, 5.1500000E-01, 2.9250000E+02, 4.5000000E+01
* ELEM  1694  circular arc
 3, 951, 947
*
  8.2700000E+00, 6.9700000E+00, 5.1500000E-01, 3.3750000E+02, 2.2500000E+01
* ELEM  1695  circle
 2, 952, 951
*
  8.2700000E+00, 6.9700000E+00, 4.4700000E-01, 0.0000000E+00
* ELEM  1696  line segment
 1, 944, 947
*
  8.7457980E+00, 6.7729180E+00, 1.7420204E-01, -7.2156848E-02
* ELEM  1697  line segment
 1, 943, 944
*
  8.5392388E+00, 6.3200000E+00, 3.8076118E-01, 3.8076118E-01
* ELEM  1698  line segment
 1, 943, 921
*
  8.9200000E+00, 6.7007612E+00, 0.0000000E+00, -3.8076118E-01
* ELEM  1699  line segment
 1, 1097, 943
*
  8.5392388E+00, 6.3200000E+00, 3.8076118E-01, 0.0000000E+00
* ELEM  1700  line segment
 1, 1097, 1098
*
  8.9200000E+00, 5.9392388E+00, -3.8076118E-01, 3.8076118E-01
* ELEM  1701  line segment
 1, 1097, 1075
*
  8.9200000E+00, 6.3200000E+00, 0.0000000E+00, -3.8076118E-01
* ELEM  1702  circular arc
 3, 9, 7
*
  8.9200000E+00, 8.9200000E+00, 1.2450000E+00, 0.0000000E+00, 4.5000000E+01
* ELEM  1703  circular arc
 3, 9, 8
*
  8.9200000E+00, 8.9200000E+00, 1.2450000E+00, 4.5000000E+01, 4.5000000E+01
* ELEM  1704  circular arc
 3, 9, 6
*
  8.9200000E+00, 8.9200000E+00, 1.2450000E+00, 9.0000000E+01, 4.5000000E+01
* ELEM  1705  circular arc
 3, 9, 4
*
  8.9200000E+00, 8.9200000E+00, 1.2450000E+00, 1.3500000E+02, 4.5000000E+01
* ELEM  1706  circular arc
 3, 9, 3
*
  8.9200000E+00, 8.9200000E+00, 1.2450000E+00, 2.7000000E+02, 4.5000000E+01
* ELEM  1707  circular arc
 3, 9, 5
*
  8.9200000E+00, 8.9200000E+00, 1.2450000E+00, 3.1500000E+02, 4.5000000E+01
* ELEM  1708  circle
 2, 10, 9
*
  8.9200000E+00, 8.9200000E+00, 1.1700000E+00, 0.0000000E+00
* ELEM  1709  line segment
 1, 950, 948
*
  8.4670820E+00, 7.4457980E+00, 7.2156848E-02, 1.7420204E-01
* ELEM  1710  line segment
 1, 778, 781
*
  7.4457980E+00, 8.0729180E+00, 1.7420204E-01, -7.2156848E-02
* ELEM  1711  circular arc
 3, 785, 781
*
  6.9700000E+00, 8.2700000E+00, 5.1500000E-01, 3.3750000E+02, 2.2500000E+01
* ELEM  1712  circular arc
 3, 785, 781
*
  6.9700000E+00, 8.2700000E+00, 5.1500000E-01, 0.0000000E+00, 2.2500000E+01
* ELEM  1713  line segment
 1, 781, 784
*
  7.4457980E+00, 8.4670820E+00, 1.7420204E-01, 7.2156848E-02
* ELEM  1714  circular arc
 3, 785, 778
*
  6.9700000E+00, 8.2700000E+00, 5.1500000E-01, 2.9250000E+02, 4.5000000E+01
* ELEM  1715  line segment
 1, 669, 670
*
  4.6392388E+00, 8.9200000E+00, 3.8076118E-01, 3.8076118E-01
* ELEM  1716  line segment
 1, 669, 645
*
  5.0200000E+00, 9.3007612E+00, 0.0000000E+00, -3.8076118E-01
* ELEM  1717  line segment
 1, 645, 647
*
  5.0200000E+00, 9.3007612E+00, 3.8076118E-01, -3.8076118E-01
* ELEM  1718  line segment
 1, 648, 647
*
  5.1942020E+00, 9.3729180E+00, -1.7420204E-01, -7.2156848E-02
* ELEM  1719  circular arc
 3, 657, 647
*
  5.6700000E+00, 9.5700000E+00, 5.1500000E-01, 2.0250000E+02, 4.5000000E+01
* ELEM  1720  line segment
 1, 647, 646
*
  5.4729180E+00, 9.0942020E+00, -7.2156848E-02, -1.7420204E-01
* ELEM  1721  circular arc
 3, 657, 646
*
  5.6700000E+00, 9.5700000E+00, 5.1500000E-01, 2.4750000E+02, 4.5000000E+01
* ELEM  1722  line segment
 1, 646, 650
*
  5.8670820E+00, 9.0942020E+00, 7.2156848E-02, -1.7420204E-01
* ELEM  1723  line segment
 1, 800, 646
*
  5.4007612E+00, 8.9200000E+00, 5.3847763E-01, 0.0000000E+00
* ELEM  1724  line segment
 1, 802, 800
*
  5.8670820E+00, 8.7457980E+00, 7.2156848E-02, 1.7420204E-01
* ELEM  1725  circular arc
 3, 677, 670
*
  4.3700000E+00, 9.5700000E+00, 5.1500000E-01, 2.9250000E+02, 4.5000000E+01
* ELEM  1726  line segment
 1, 670, 673
*
  4.8457980E+00, 9.3729180E+00, 1.7420204E-01, -7.2156848E-02
* ELEM  1727  circular arc
 3, 785, 784
*
  6.9700000E+00, 8.2700000E+00, 5.1500000E-01, 2.2500000E+01, 4.5000000E+01
* ELEM  1728  circular arc
 3, 785, 782
*
  6.9700000E+00, 8.2700000E+00, 5.1500000E-01, 6.7500000E+01, 4.5000000E+01
* ELEM  1729  circular arc
 3, 785, 780
*
  6.9700000E+00, 8.2700000E+00, 5.1500000E-01, 1.1250000E+02, 4.5000000E+01
* ELEM  1730  circle
 2, 786, 785
*
  6.9700000E+00, 8.2700000E+00, 4.4700000E-01, 0.0000000E+00
* ELEM  1731  line segment
 1, 779, 780
*
  6.7007612E+00, 8.9200000E+00, -3.8076118E-01, -3.8076118E-01
* ELEM  1732  line segment
 1, 782, 780
*
  6.7729180E+00, 8.7457980E+00, -7.2156848E-02, 1.7420204E-01
* ELEM  1733  line segment
 1, 801, 802
*
  6.3200000E+00, 8.5392388E+00, -3.8076118E-01, 3.8076118E-01
* ELEM  1734  line segment
 1, 801, 649
*
  5.9392388E+00, 8.9200000E+00, 3.8076118E-01, 0.0000000E+00
* ELEM  1735  line segment
 1, 801, 779
*
  6.3200000E+00, 8.9200000E+00, 0.0000000E+00, -3.8076118E-01
* ELEM  1736  line segment
 1, 779, 627
*
  6.3200000E+00, 8.9200000E+00, 3.8076118E-01, 0.0000000E+00
* ELEM  1737  circular arc
 3, 1599, 1588
*
  9.5700000E+00, 1.7700000E+00, 5.1500000E-01, 2.4750000E+02, 4.5000000E+01
* ELEM  1738  line segment
 1, 1588, 1592
*
  9.7670820E+00, 1.2942020E+00, 7.2156848E-02, -1.7420204E-01
* ELEM  1739  line segment
 1, 1780, 1588
*
  9.3007612E+00, 1.1200000E+00, 5.3847763E-01, 0.0000000E+00
* ELEM  1740  circular arc
 3, 1599, 1595
*
  9.5700000E+00, 1.7700000E+00, 5.1500000E-01, 0.0000000E+00, 2.2500000E+01
* ELEM  1741  circular arc
 3, 1599, 1598
*
  9.5700000E+00, 1.7700000E+00, 5.1500000E-01, 2.2500000E+01, 4.5000000E+01
* ELEM  1742  circular arc
 3, 1599, 1596
*
  9.5700000E+00, 1.7700000E+00, 5.1500000E-01, 6.7500000E+01, 4.5000000E+01
* ELEM  1743  circular arc
 3, 1599, 1592
*
  9.5700000E+00, 1.7700000E+00, 5.1500000E-01, 2.9250000E+02, 4.5000000E+01
* ELEM  1744  circular arc
 3, 1599, 1595
*
  9.5700000E+00, 1.7700000E+00, 5.1500000E-01, 3.3750000E+02, 2.2500000E+01
* ELEM  1745  circle
 2, 1600, 1599
*
  9.5700000E+00, 1.7700000E+00, 4.4700000E-01, 0.0000000E+00
* ELEM  1746  line segment
 1, 555, 1766
*
  1.1200000E+00, 1.0220000E+01, 0.0000000E+00, 3.8076118E-01
* ELEM  1747  line segment
 1, 555, 557
*
  1.1200000E+00, 1.0600761E+01, 3.8076118E-01, -3.8076118E-01
* ELEM  1748  line segment
 1, 558, 557
*
  1.2942020E+00, 1.0672918E+01, -1.7420204E-01, -7.2156848E-02
* ELEM  1749  circular arc
 3, 567, 557
*
  1.7700000E+00, 1.0870000E+01, 5.1500000E-01, 2.0250000E+02, 4.5000000E+01
* ELEM  1750  line segment
 1, 557, 556
*
  1.5729180E+00, 1.0394202E+01, -7.2156848E-02, -1.7420204E-01
* ELEM  1751  circular arc
 3, 567, 556
*
  1.7700000E+00, 1.0870000E+01, 5.1500000E-01, 2.4750000E+02, 4.5000000E+01
* ELEM  1752  line segment
 1, 556, 560
*
  1.9670820E+00, 1.0394202E+01, 7.2156848E-02, -1.7420204E-01
* ELEM  1753  line segment
 1, 710, 556
*
  1.5007612E+00, 1.0220000E+01, 5.3847763E-01, 0.0000000E+00
* ELEM  1754  line segment
 1, 712, 710
*
  1.9670820E+00, 1.0045798E+01, 7.2156848E-02, 1.7420204E-01
* ELEM  1755  line segment
 1, 689, 690
*
  2.8007612E+00, 1.0220000E+01, -3.8076118E-01, -3.8076118E-01
* ELEM  1756  line segment
 1, 692, 690
*
  2.8729180E+00, 1.0045798E+01, -7.2156848E-02, 1.7420204E-01
* ELEM  1757  line segment
 1, 711, 712
*
  2.4200000E+00, 9.8392388E+00, -3.8076118E-01, 3.8076118E-01
* ELEM  1758  line segment
 1, 711, 559
*
  2.0392388E+00, 1.0220000E+01, 3.8076118E-01, 0.0000000E+00
* ELEM  1759  line segment
 1, 711, 689
*
  2.4200000E+00, 1.0220000E+01, 0.0000000E+00, -3.8076118E-01
* ELEM  1760  line segment
 1, 689, 537
*
  2.4200000E+00, 1.0220000E+01, 3.8076118E-01, 0.0000000E+00
* ELEM  1761  line segment
 1, 691, 668
*
  3.7200000E+00, 9.8392388E+00, 0.0000000E+00, -5.3847763E-01
* ELEM  1762  line segment
 1, 672, 668
*
  3.8942020E+00, 9.7670820E+00, -1.7420204E-01, 7.2156848E-02
* ELEM  1763  circular arc
 3, 677, 668
*
  4.3700000E+00, 9.5700000E+00, 5.1500000E-01, 1.5750000E+02, 4.5000000E+01
* ELEM  1764  line segment
 1, 691, 694
*
  3.5457980E+00, 9.7670820E+00, 1.7420204E-01, 7.2156848E-02
* ELEM  1765  circular arc
 3, 677, 673
*
  4.3700000E+00, 9.5700000E+00, 5.1500000E-01, 0.0000000E+00, 2.2500000E+01
* ELEM  1766  circular arc
 3, 677, 676
*
  4.3700000E+00, 9.5700000E+00, 5.1500000E-01, 2.2500000E+01, 4.5000000E+01
* ELEM  1767  circular arc
 3, 677, 674
*
  4.3700000E+00, 9.5700000E+00, 5.1500000E-01, 6.7500000E+01, 4.5000000E+01
* ELEM  1768  circular arc
 3, 677, 672
*
  4.3700000E+00, 9.5700000E+00, 5.1500000E-01, 1.1250000E+02, 4.5000000E+01
* ELEM  1769  circular arc
 3, 677, 673
*
  4.3700000E+00, 9.5700000E+00, 5.1500000E-01, 3.3750000E+02, 2.2500000E+01
* ELEM  1770  circle
 2, 678, 677
*
  4.3700000E+00, 9.5700000E+00, 4.4700000E-01, 0.0000000E+00
* ELEM  1771  circular arc
 3, 1415, 1404
*
  9.5700000E+00, 3.0700000E+00, 5.1500000E-01, 2.4750000E+02, 4.5000000E+01
* ELEM  1772  line segment
 1, 1404, 1408
*
  9.7670820E+00, 2.5942020E+00, 7.2156848E-02, -1.7420204E-01
* ELEM  1773  line segment
 1, 1596, 1404
*
  9.3007612E+00, 2.4200000E+00, 5.3847763E-01, 0.0000000E+00
* ELEM  1774  line segment
 1, 1598, 1596
*
  9.7670820E+00, 2.2457980E+00, 7.2156848E-02, 1.7420204E-01
* ELEM  1775  circular arc
 3, 1415, 1411
*
  9.5700000E+00, 3.0700000E+00, 5.1500000E-01, 0.0000000E+00, 2.2500000E+01
* ELEM  1776  circular arc
 3, 1415, 1414
*
  9.5700000E+00, 3.0700000E+00, 5.1500000E-01, 2.2500000E+01, 4.5000000E+01
* ELEM  1777  circular arc
 3, 1415, 1412
*
  9.5700000E+00, 3.0700000E+00, 5.1500000E-01, 6.7500000E+01, 4.5000000E+01
* ELEM  1778  circular arc
 3, 1415, 1410
*
  9.5700000E+00, 3.0700000E+00, 5.1500000E-01, 1.1250000E+02, 4.5000000E+01
* ELEM  1779  circular arc
 3, 1415, 1408
*
  9.5700000E+00, 3.0700000E+00, 5.1500000E-01, 2.9250000E+02, 4.5000000E+01
* ELEM  1780  circular arc
 3, 1415, 1411
*
  9.5700000E+00, 3.0700000E+00, 5.1500000E-01, 3.3750000E+02, 2.2500000E+01
* ELEM  1781  circle
 2, 1416, 1415
*
  9.5700000E+00, 3.0700000E+00, 4.4700000E-01, 0.0000000E+00
* ELEM  1782  line segment
 1, 1409, 1410
*
  9.3007612E+00, 3.7200000E+00, -3.8076118E-01, -3.8076118E-01
* ELEM  1783  line segment
 1, 1412, 1410
*
  9.3729180E+00, 3.5457980E+00, -7.2156848E-02, 1.7420204E-01
* ELEM  1784  line segment
 1, 1409, 1217
*
  8.9200000E+00, 3.7200000E+00, 3.8076118E-01, 0.0000000E+00
* ELEM  1785  line segment
 1, 1217, 1219
*
  8.9200000E+00, 4.1007612E+00, 3.8076118E-01, -3.8076118E-01
* ELEM  1786  circular arc
 3, 1229, 1219
*
  9.5700000E+00, 4.3700000E+00, 5.1500000E-01, 2.0250000E+02, 4.5000000E+01
* ELEM  1787  line segment
 1, 1219, 1218
*
  9.3729180E+00, 3.8942020E+00, -7.2156848E-02, -1.7420204E-01
* ELEM  1788  circular arc
 3, 1081, 1070
*
  9.5700000E+00, 5.6700000E+00, 5.1500000E-01, 2.4750000E+02, 4.5000000E+01
* ELEM  1789  line segment
 1, 1070, 1074
*
  9.7670820E+00, 5.1942020E+00, 7.2156848E-02, -1.7420204E-01
* ELEM  1790  line segment
 1, 1226, 1070
*
  9.3007612E+00, 5.0200000E+00, 5.3847763E-01, 0.0000000E+00
* ELEM  1791  line segment
 1, 1228, 1226
*
  9.7670820E+00, 4.8457980E+00, 7.2156848E-02, 1.7420204E-01
* ELEM  1792  circular arc
 3, 1229, 1226
*
  9.5700000E+00, 4.3700000E+00, 5.1500000E-01, 6.7500000E+01, 4.5000000E+01
* ELEM  1793  circular arc
 3, 1081, 1077
*
  9.5700000E+00, 5.6700000E+00, 5.1500000E-01, 0.0000000E+00, 2.2500000E+01
* ELEM  1794  circular arc
 3, 1081, 1080
*
  9.5700000E+00, 5.6700000E+00, 5.1500000E-01, 2.2500000E+01, 4.5000000E+01
* ELEM  1795  circular arc
 3, 1081, 1078
*
  9.5700000E+00, 5.6700000E+00, 5.1500000E-01, 6.7500000E+01, 4.5000000E+01
* ELEM  1796  circular arc
 3, 1081, 1076
*
  9.5700000E+00, 5.6700000E+00, 5.1500000E-01, 1.1250000E+02, 4.5000000E+01
* ELEM  1797  circular arc
 3, 1081, 1074
*
  9.5700000E+00, 5.6700000E+00, 5.1500000E-01, 2.9250000E+02, 4.5000000E+01
* ELEM  1798  circular arc
 3, 1081, 1077
*
  9.5700000E+00, 5.6700000E+00, 5.1500000E-01, 3.3750000E+02, 2.2500000E+01
* ELEM  1799  circle
 2, 1082, 1081
*
  9.5700000E+00, 5.6700000E+00, 4.4700000E-01, 0.0000000E+00
* ELEM  1800  line segment
 1, 1075, 1076
*
  9.3007612E+00, 6.3200000E+00, -3.8076118E-01, -3.8076118E-01
* ELEM  1801  line segment
 1, 1078, 1076
*
  9.3729180E+00, 6.1457980E+00, -7.2156848E-02, 1.7420204E-01
* ELEM  1802  line segment
 1, 1075, 921
*
  8.9200000E+00, 6.3200000E+00, 3.8076118E-01, 0.0000000E+00
* ELEM  1803  circular arc
 3, 1229, 1225
*
  9.5700000E+00, 4.3700000E+00, 5.1500000E-01, 0.0000000E+00, 2.2500000E+01
* ELEM  1804  circular arc
 3, 1229, 1228
*
  9.5700000E+00, 4.3700000E+00, 5.1500000E-01, 2.2500000E+01, 4.5000000E+01
* ELEM  1805  circular arc
 3, 1229, 1218
*
  9.5700000E+00, 4.3700000E+00, 5.1500000E-01, 2.4750000E+02, 4.5000000E+01
* ELEM  1806  circular arc
 3, 1229, 1222
*
  9.5700000E+00, 4.3700000E+00, 5.1500000E-01, 2.9250000E+02, 4.5000000E+01
* ELEM  1807  circular arc
 3, 1229, 1225
*
  9.5700000E+00, 4.3700000E+00, 5.1500000E-01, 3.3750000E+02, 2.2500000E+01
* ELEM  1808  circle
 2, 1230, 1229
*
  9.5700000E+00, 4.3700000E+00, 4.4700000E-01, 0.0000000E+00
* ELEM  1809  line segment
 1, 921, 923
*
  8.9200000E+00, 6.7007612E+00, 3.8076118E-01, -3.8076118E-01
* ELEM  1810  line segment
 1, 924, 923
*
  9.0942020E+00, 6.7729180E+00, -1.7420204E-01, -7.2156848E-02
* ELEM  1811  circular arc
 3, 933, 923
*
  9.5700000E+00, 6.9700000E+00, 5.1500000E-01, 2.0250000E+02, 4.5000000E+01
* ELEM  1812  line segment
 1, 923, 922
*
  9.3729180E+00, 6.4942020E+00, -7.2156848E-02, -1.7420204E-01
* ELEM  1813  line segment
 1, 947, 924
*
  8.9200000E+00, 7.2392388E+00, 0.0000000E+00, -5.3847763E-01
* ELEM  1814  line segment
 1, 928, 924
*
  9.0942020E+00, 7.1670820E+00, -1.7420204E-01, 7.2156848E-02
* ELEM  1815  circular arc
 3, 933, 924
*
  9.5700000E+00, 6.9700000E+00, 5.1500000E-01, 1.5750000E+02, 4.5000000E+01
* ELEM  1816  line segment
 1, 947, 950
*
  8.7457980E+00, 7.1670820E+00, 1.7420204E-01, 7.2156848E-02
* ELEM  1817  line segment
 1, 3, 5
*
  9.8003479E+00, 8.0396521E+00, 4.1965206E-01, -4.1965206E-01
* ELEM  1818  line segment
 1, 3, 927
*
  9.3007612E+00, 7.6200000E+00, -3.8076118E-01, 0.0000000E+00
* ELEM  1819  line segment
 1, 3, 930
*
  9.8392388E+00, 7.6200000E+00, -5.3847763E-01, 0.0000000E+00
* ELEM  1820  line segment
 1, 3, 931
*
  1.0220000E+01, 7.6200000E+00, -3.8076118E-01, 0.0000000E+00
* ELEM  1821  line segment
 1, 4, 637
*
  7.6200000E+00, 9.8392388E+00, 0.0000000E+00, 3.8076118E-01
* ELEM  1822  line segment
 1, 4, 635
*
  7.6200000E+00, 9.3007612E+00, 0.0000000E+00, 5.3847763E-01
* ELEM  1823  line segment
 1, 4, 631
*
  7.6200000E+00, 8.9200000E+00, 0.0000000E+00, 3.8076118E-01
* ELEM  1824  line segment
 1, 6, 4
*
  8.0396521E+00, 9.8003479E+00, -4.1965206E-01, 4.1965206E-01
* ELEM  1825  line segment
 1, 949, 950
*
  8.9200000E+00, 7.2392388E+00, -3.8076118E-01, 3.8076118E-01
* ELEM  1826  line segment
 1, 949, 927
*
  8.9200000E+00, 7.6200000E+00, 0.0000000E+00, -3.8076118E-01
* ELEM  1827  line segment
 1, 783, 784
*
  7.6200000E+00, 8.5392388E+00, -3.8076118E-01, 3.8076118E-01
* ELEM  1828  line segment
 1, 783, 631
*
  7.2392388E+00, 8.9200000E+00, 3.8076118E-01, 0.0000000E+00
* ELEM  1829  line segment
 1, 784, 782
*
  7.1670820E+00, 8.7457980E+00, 7.2156848E-02, 1.7420204E-01
* ELEM  1830  line segment
 1, 673, 648
*
  5.0200000E+00, 9.8392388E+00, 0.0000000E+00, -5.3847763E-01
* ELEM  1831  line segment
 1, 652, 648
*
  5.1942020E+00, 9.7670820E+00, -1.7420204E-01, 7.2156848E-02
* ELEM  1832  circular arc
 3, 657, 648
*
  5.6700000E+00, 9.5700000E+00, 5.1500000E-01, 1.5750000E+02, 4.5000000E+01
* ELEM  1833  line segment
 1, 673, 676
*
  4.8457980E+00, 9.7670820E+00, 1.7420204E-01, 7.2156848E-02
* ELEM  1834  circular arc
 3, 657, 653
*
  5.6700000E+00, 9.5700000E+00, 5.1500000E-01, 0.0000000E+00, 2.2500000E+01
* ELEM  1835  circular arc
 3, 657, 656
*
  5.6700000E+00, 9.5700000E+00, 5.1500000E-01, 2.2500000E+01, 4.5000000E+01
* ELEM  1836  circular arc
 3, 657, 654
*
  5.6700000E+00, 9.5700000E+00, 5.1500000E-01, 6.7500000E+01, 4.5000000E+01
* ELEM  1837  circular arc
 3, 657, 652
*
  5.6700000E+00, 9.5700000E+00, 5.1500000E-01, 1.1250000E+02, 4.5000000E+01
* ELEM  1838  circular arc
 3, 657, 650
*
  5.6700000E+00, 9.5700000E+00, 5.1500000E-01, 2.9250000E+02, 4.5000000E+01
* ELEM  1839  circular arc
 3, 657, 653
*
  5.6700000E+00, 9.5700000E+00, 5.1500000E-01, 3.3750000E+02, 2.2500000E+01
* ELEM  1840  circle
 2, 658, 657
*
  5.6700000E+00, 9.5700000E+00, 4.4700000E-01, 0.0000000E+00
* ELEM  1841  line segment
 1, 650, 653
*
  6.1457980E+00, 9.3729180E+00, 1.7420204E-01, -7.2156848E-02
* ELEM  1842  line segment
 1, 649, 650
*
  5.9392388E+00, 8.9200000E+00, 3.8076118E-01, 3.8076118E-01
* ELEM  1843  line segment
 1, 649, 627
*
  6.3200000E+00, 9.3007612E+00, 0.0000000E+00, -3.8076118E-01
* ELEM  1844  line segment
 1, 627, 629
*
  6.3200000E+00, 9.3007612E+00, 3.8076118E-01, -3.8076118E-01
* ELEM  1845  line segment
 1, 630, 629
*
  6.4942020E+00, 9.3729180E+00, -1.7420204E-01, -7.2156848E-02
* ELEM  1846  circular arc
 3, 639, 629
*
  6.9700000E+00, 9.5700000E+00, 5.1500000E-01, 2.0250000E+02, 4.5000000E+01
* ELEM  1847  line segment
 1, 629, 628
*
  6.7729180E+00, 9.0942020E+00, -7.2156848E-02, -1.7420204E-01
* ELEM  1848  circular arc
 3, 639, 628
*
  6.9700000E+00, 9.5700000E+00, 5.1500000E-01, 2.4750000E+02, 4.5000000E+01
* ELEM  1849  line segment
 1, 628, 632
*
  7.1670820E+00, 9.0942020E+00, 7.2156848E-02, -1.7420204E-01
* ELEM  1850  line segment
 1, 782, 628
*
  6.7007612E+00, 8.9200000E+00, 5.3847763E-01, 0.0000000E+00
* ELEM  1851  line segment
 1, 1591, 1592
*
  9.8392388E+00, 1.1200000E+00, 3.8076118E-01, 3.8076118E-01
* ELEM  1852  line segment
 1, 1591, 1569
*
  1.0220000E+01, 1.5007612E+00, 0.0000000E+00, -3.8076118E-01
* ELEM  1853  line segment
 1, 1591, 1780
*
  1.0220000E+01, 1.1200000E+00, -3.8076118E-01, 0.0000000E+00
* ELEM  1854  line segment
 1, 1592, 1595
*
  1.0045798E+01, 1.5729180E+00, 1.7420204E-01, -7.2156848E-02
* ELEM  1855  line segment
 1, 1766, 558
*
  1.1200000E+00, 1.1139239E+01, 0.0000000E+00, -5.3847763E-01
* ELEM  1856  line segment
 1, 562, 558
*
  1.2942020E+00, 1.1067082E+01, -1.7420204E-01, 7.2156848E-02
* ELEM  1857  circular arc
 3, 567, 558
*
  1.7700000E+00, 1.0870000E+01, 5.1500000E-01, 1.5750000E+02, 4.5000000E+01
* ELEM  1858  circular arc
 3, 567, 563
*
  1.7700000E+00, 1.0870000E+01, 5.1500000E-01, 0.0000000E+00, 2.2500000E+01
* ELEM  1859  circular arc
 3, 567, 566
*
  1.7700000E+00, 1.0870000E+01, 5.1500000E-01, 2.2500000E+01, 4.5000000E+01
* ELEM  1860  circular arc
 3, 567, 564
*
  1.7700000E+00, 1.0870000E+01, 5.1500000E-01, 6.7500000E+01, 4.5000000E+01
* ELEM  1861  circular arc
 3, 567, 562
*
  1.7700000E+00, 1.0870000E+01, 5.1500000E-01, 1.1250000E+02, 4.5000000E+01
* ELEM  1862  circular arc
 3, 567, 560
*
  1.7700000E+00, 1.0870000E+01, 5.1500000E-01, 2.9250000E+02, 4.5000000E+01
* ELEM  1863  circular arc
 3, 567, 563
*
  1.7700000E+00, 1.0870000E+01, 5.1500000E-01, 3.3750000E+02, 2.2500000E+01
* ELEM  1864  circle
 2, 568, 567
*
  1.7700000E+00, 1.0870000E+01, 4.4700000E-01, 0.0000000E+00
* ELEM  1865  line segment
 1, 560, 563
*
  2.2457980E+00, 1.0672918E+01, 1.7420204E-01, -7.2156848E-02
* ELEM  1866  line segment
 1, 559, 560
*
  2.0392388E+00, 1.0220000E+01, 3.8076118E-01, 3.8076118E-01
* ELEM  1867  line segment
 1, 559, 537
*
  2.4200000E+00, 1.0600761E+01, 0.0000000E+00, -3.8076118E-01
* ELEM  1868  line segment
 1, 537, 539
*
  2.4200000E+00, 1.0600761E+01, 3.8076118E-01, -3.8076118E-01
* ELEM  1869  line segment
 1, 540, 539
*
  2.5942020E+00, 1.0672918E+01, -1.7420204E-01, -7.2156848E-02
* ELEM  1870  circular arc
 3, 549, 539
*
  3.0700000E+00, 1.0870000E+01, 5.1500000E-01, 2.0250000E+02, 4.5000000E+01
* ELEM  1871  line segment
 1, 539, 538
*
  2.8729180E+00, 1.0394202E+01, -7.2156848E-02, -1.7420204E-01
* ELEM  1872  circular arc
 3, 549, 538
*
  3.0700000E+00, 1.0870000E+01, 5.1500000E-01, 2.4750000E+02, 4.5000000E+01
* ELEM  1873  line segment
 1, 538, 542
*
  3.2670820E+00, 1.0394202E+01, 7.2156848E-02, -1.7420204E-01
* ELEM  1874  line segment
 1, 692, 538
*
  2.8007612E+00, 1.0220000E+01, 5.3847763E-01, 0.0000000E+00
* ELEM  1875  line segment
 1, 694, 692
*
  3.2670820E+00, 1.0045798E+01, 7.2156848E-02, 1.7420204E-01
* ELEM  1876  line segment
 1, 671, 672
*
  4.1007612E+00, 1.0220000E+01, -3.8076118E-01, -3.8076118E-01
* ELEM  1877  line segment
 1, 674, 672
*
  4.1729180E+00, 1.0045798E+01, -7.2156848E-02, 1.7420204E-01
* ELEM  1878  line segment
 1, 693, 694
*
  3.7200000E+00, 9.8392388E+00, -3.8076118E-01, 3.8076118E-01
* ELEM  1879  line segment
 1, 693, 541
*
  3.3392388E+00, 1.0220000E+01, 3.8076118E-01, 0.0000000E+00
* ELEM  1880  line segment
 1, 693, 671
*
  3.7200000E+00, 1.0220000E+01, 0.0000000E+00, -3.8076118E-01
* ELEM  1881  line segment
 1, 671, 517
*
  3.7200000E+00, 1.0220000E+01, 3.8076118E-01, 0.0000000E+00
* ELEM  1882  line segment
 1, 1408, 1411
*
  1.0045798E+01, 2.8729180E+00, 1.7420204E-01, -7.2156848E-02
* ELEM  1883  line segment
 1, 1407, 1408
*
  9.8392388E+00, 2.4200000E+00, 3.8076118E-01, 3.8076118E-01
* ELEM  1884  line segment
 1, 1407, 1383
*
  1.0220000E+01, 2.8007612E+00, 0.0000000E+00, -3.8076118E-01
* ELEM  1885  line segment
 1, 1597, 1407
*
  9.8392388E+00, 2.4200000E+00, 3.8076118E-01, 0.0000000E+00
* ELEM  1886  line segment
 1, 1595, 1598
*
  1.0045798E+01, 1.9670820E+00, 1.7420204E-01, 7.2156848E-02
* ELEM  1887  line segment
 1, 1597, 1598
*
  1.0220000E+01, 2.0392388E+00, -3.8076118E-01, 3.8076118E-01
* ELEM  1888  line segment
 1, 1597, 1575
*
  1.0220000E+01, 2.4200000E+00, 0.0000000E+00, -3.8076118E-01
* ELEM  1889  line segment
 1, 1218, 1222
*
  9.7670820E+00, 3.8942020E+00, 7.2156848E-02, -1.7420204E-01
* ELEM  1890  line segment
 1, 1412, 1218
*
  9.3007612E+00, 3.7200000E+00, 5.3847763E-01, 0.0000000E+00
* ELEM  1891  line segment
 1, 1414, 1412
*
  9.7670820E+00, 3.5457980E+00, 7.2156848E-02, 1.7420204E-01
* ELEM  1892  line segment
 1, 1074, 1077
*
  1.0045798E+01, 5.4729180E+00, 1.7420204E-01, -7.2156848E-02
* ELEM  1893  line segment
 1, 1073, 1074
*
  9.8392388E+00, 5.0200000E+00, 3.8076118E-01, 3.8076118E-01
* ELEM  1894  line segment
 1, 1073, 1049
*
  1.0220000E+01, 5.4007612E+00, 0.0000000E+00, -3.8076118E-01
* ELEM  1895  line segment
 1, 1227, 1073
*
  9.8392388E+00, 5.0200000E+00, 3.8076118E-01, 0.0000000E+00
* ELEM  1896  line segment
 1, 1225, 1228
*
  1.0045798E+01, 4.5670820E+00, 1.7420204E-01, 7.2156848E-02
* ELEM  1897  line segment
 1, 1227, 1228
*
  1.0220000E+01, 4.6392388E+00, -3.8076118E-01, 3.8076118E-01
* ELEM  1898  line segment
 1, 1227, 1205
*
  1.0220000E+01, 5.0200000E+00, 0.0000000E+00, -3.8076118E-01
* ELEM  1899  circular arc
 3, 933, 922
*
  9.5700000E+00, 6.9700000E+00, 5.1500000E-01, 2.4750000E+02, 4.5000000E+01
* ELEM  1900  line segment
 1, 922, 926
*
  9.7670820E+00, 6.4942020E+00, 7.2156848E-02, -1.7420204E-01
* ELEM  1901  line segment
 1, 1078, 922
*
  9.3007612E+00, 6.3200000E+00, 5.3847763E-01, 0.0000000E+00
* ELEM  1902  line segment
 1, 1080, 1078
*
  9.7670820E+00, 6.1457980E+00, 7.2156848E-02, 1.7420204E-01
* ELEM  1903  circular arc
 3, 933, 929
*
  9.5700000E+00, 6.9700000E+00, 5.1500000E-01, 0.0000000E+00, 2.2500000E+01
* ELEM  1904  circular arc
 3, 933, 932
*
  9.5700000E+00, 6.9700000E+00, 5.1500000E-01, 2.2500000E+01, 4.5000000E+01
* ELEM  1905  circular arc
 3, 933, 930
*
  9.5700000E+00, 6.9700000E+00, 5.1500000E-01, 6.7500000E+01, 4.5000000E+01
* ELEM  1906  circular arc
 3, 933, 928
*
  9.5700000E+00, 6.9700000E+00, 5.1500000E-01, 1.1250000E+02, 4.5000000E+01
* ELEM  1907  circular arc
 3, 933, 926
*
  9.5700000E+00, 6.9700000E+00, 5.1500000E-01, 2.9250000E+02, 4.5000000E+01
* ELEM  1908  circular arc
 3, 933, 929
*
  9.5700000E+00, 6.9700000E+00, 5.1500000E-01, 3.3750000E+02, 2.2500000E+01
* ELEM  1909  circle
 2, 934, 933
*
  9.5700000E+00, 6.9700000E+00, 4.4700000E-01, 0.0000000E+00
* ELEM  1910  line segment
 1, 927, 928
*
  9.3007612E+00, 7.6200000E+00, -3.8076118E-01, -3.8076118E-01
* ELEM  1911  line segment
 1, 930, 928
*
  9.3729180E+00, 7.4457980E+00, -7.2156848E-02, 1.7420204E-01
* ELEM  1912  line segment
 1, 5, 7
*
  1.0165000E+01, 8.9200000E+00, 5.5000000E-02, 0.0000000E+00
* ELEM  1913  line segment
 1, 5, 755
*
  1.0220000E+01, 8.0007612E+00, 0.0000000E+00, -3.8076118E-01
* ELEM  1914  line segment
 1, 5, 758
*
  1.0220000E+01, 8.5392388E+00, 0.0000000E+00, -5.3847763E-01
* ELEM  1915  line segment
 1, 5, 761
*
  1.0220000E+01, 8.9200000E+00, 0.0000000E+00, -3.8076118E-01
* ELEM  1916  line segment
 1, 631, 632
*
  7.2392388E+00, 8.9200000E+00, 3.8076118E-01, 3.8076118E-01
* ELEM  1917  line segment
 1, 6, 465
*
  8.5392388E+00, 1.0220000E+01, 3.8076118E-01, 0.0000000E+00
* ELEM  1918  line segment
 1, 6, 462
*
  8.0007612E+00, 1.0220000E+01, 5.3847763E-01, 0.0000000E+00
* ELEM  1919  line segment
 1, 6, 461
*
  7.6200000E+00, 1.0220000E+01, 3.8076118E-01, 0.0000000E+00
* ELEM  1920  line segment
 1, 8, 6
*
  8.9200000E+00, 1.0165000E+01, 0.0000000E+00, 5.5000000E-02
* ELEM  1921  circular arc
 3, 639, 632
*
  6.9700000E+00, 9.5700000E+00, 5.1500000E-01, 2.9250000E+02, 4.5000000E+01
* ELEM  1922  line segment
 1, 632, 635
*
  7.4457980E+00, 9.3729180E+00, 1.7420204E-01, -7.2156848E-02
* ELEM  1923  line segment
 1, 651, 652
*
  5.4007612E+00, 1.0220000E+01, -3.8076118E-01, -3.8076118E-01
* ELEM  1924  line segment
 1, 654, 652
*
  5.4729180E+00, 1.0045798E+01, -7.2156848E-02, 1.7420204E-01
* ELEM  1925  line segment
 1, 675, 676
*
  5.0200000E+00, 9.8392388E+00, -3.8076118E-01, 3.8076118E-01
* ELEM  1926  line segment
 1, 675, 521
*
  4.6392388E+00, 1.0220000E+01, 3.8076118E-01, 0.0000000E+00
* ELEM  1927  line segment
 1, 675, 651
*
  5.0200000E+00, 1.0220000E+01, 0.0000000E+00, -3.8076118E-01
* ELEM  1928  line segment
 1, 651, 499
*
  5.0200000E+00, 1.0220000E+01, 3.8076118E-01, 0.0000000E+00
* ELEM  1929  line segment
 1, 676, 674
*
  4.5670820E+00, 1.0045798E+01, 7.2156848E-02, 1.7420204E-01
* ELEM  1930  line segment
 1, 653, 630
*
  6.3200000E+00, 9.8392388E+00, 0.0000000E+00, -5.3847763E-01
* ELEM  1931  line segment
 1, 634, 630
*
  6.4942020E+00, 9.7670820E+00, -1.7420204E-01, 7.2156848E-02
* ELEM  1932  circular arc
 3, 639, 630
*
  6.9700000E+00, 9.5700000E+00, 5.1500000E-01, 1.5750000E+02, 4.5000000E+01
* ELEM  1933  line segment
 1, 653, 656
*
  6.1457980E+00, 9.7670820E+00, 1.7420204E-01, 7.2156848E-02
* ELEM  1934  circular arc
 3, 639, 635
*
  6.9700000E+00, 9.5700000E+00, 5.1500000E-01, 0.0000000E+00, 2.2500000E+01
* ELEM  1935  circular arc
 3, 639, 638
*
  6.9700000E+00, 9.5700000E+00, 5.1500000E-01, 2.2500000E+01, 4.5000000E+01
* ELEM  1936  circular arc
 3, 639, 636
*
  6.9700000E+00, 9.5700000E+00, 5.1500000E-01, 6.7500000E+01, 4.5000000E+01
* ELEM  1937  circular arc
 3, 639, 634
*
  6.9700000E+00, 9.5700000E+00, 5.1500000E-01, 1.1250000E+02, 4.5000000E+01
* ELEM  1938  circular arc
 3, 639, 635
*
  6.9700000E+00, 9.5700000E+00, 5.1500000E-01, 3.3750000E+02, 2.2500000E+01
* ELEM  1939  circle
 2, 640, 639
*
  6.9700000E+00, 9.5700000E+00, 4.4700000E-01, 0.0000000E+00
* ELEM  1940  line segment
 1, 1569, 1571
*
  1.0220000E+01, 1.5007612E+00, 3.8076118E-01, -3.8076118E-01
* ELEM  1941  line segment
 1, 1569, 1763
*
  1.0600761E+01, 1.1200000E+00, -3.8076118E-01, 0.0000000E+00
* ELEM  1942  line segment
 1, 1572, 1571
*
  1.0394202E+01, 1.5729180E+00, -1.7420204E-01, -7.2156848E-02
* ELEM  1943  circular arc
 3, 1581, 1571
*
  1.0870000E+01, 1.7700000E+00, 5.1500000E-01, 2.0250000E+02, 4.5000000E+01
* ELEM  1944  line segment
 1, 1571, 1570
*
  1.0672918E+01, 1.2942020E+00, -7.2156848E-02, -1.7420204E-01
* ELEM  1945  line segment
 1, 1595, 1572
*
  1.0220000E+01, 2.0392388E+00, 0.0000000E+00, -5.3847763E-01
* ELEM  1946  line segment
 1, 1576, 1572
*
  1.0394202E+01, 1.9670820E+00, -1.7420204E-01, 7.2156848E-02
* ELEM  1947  circular arc
 3, 1581, 1572
*
  1.0870000E+01, 1.7700000E+00, 5.1500000E-01, 1.5750000E+02, 4.5000000E+01
* ELEM  1948  line segment
 1, 561, 562
*
  1.5007612E+00, 1.1520000E+01, -3.8076118E-01, -3.8076118E-01
* ELEM  1949  line segment
 1, 564, 562
*
  1.5729180E+00, 1.1345798E+01, -7.2156848E-02, 1.7420204E-01
* ELEM  1950  line segment
 1, 561, 1766
*
  1.1200000E+00, 1.1139239E+01, 0.0000000E+00, 3.8076118E-01
* ELEM  1951  line segment
 1, 561, 367
*
  1.1200000E+00, 1.1520000E+01, 3.8076118E-01, 0.0000000E+00
* ELEM  1952  line segment
 1, 563, 540
*
  2.4200000E+00, 1.1139239E+01, 0.0000000E+00, -5.3847763E-01
* ELEM  1953  line segment
 1, 544, 540
*
  2.5942020E+00, 1.1067082E+01, -1.7420204E-01, 7.2156848E-02
* ELEM  1954  circular arc
 3, 549, 540
*
  3.0700000E+00, 1.0870000E+01, 5.1500000E-01, 1.5750000E+02, 4.5000000E+01
* ELEM  1955  line segment
 1, 563, 566
*
  2.2457980E+00, 1.1067082E+01, 1.7420204E-01, 7.2156848E-02
* ELEM  1956  circular arc
 3, 549, 545
*
  3.0700000E+00, 1.0870000E+01, 5.1500000E-01, 0.0000000E+00, 2.2500000E+01
* ELEM  1957  circular arc
 3, 549, 548
*
  3.0700000E+00, 1.0870000E+01, 5.1500000E-01, 2.2500000E+01, 4.5000000E+01
* ELEM  1958  circular arc
 3, 549, 546
*
  3.0700000E+00, 1.0870000E+01, 5.1500000E-01, 6.7500000E+01, 4.5000000E+01
* ELEM  1959  circular arc
 3, 549, 544
*
  3.0700000E+00, 1.0870000E+01, 5.1500000E-01, 1.1250000E+02, 4.5000000E+01
* ELEM  1960  circular arc
 3, 549, 542
*
  3.0700000E+00, 1.0870000E+01, 5.1500000E-01, 2.9250000E+02, 4.5000000E+01
* ELEM  1961  circular arc
 3, 549, 545
*
  3.0700000E+00, 1.0870000E+01, 5.1500000E-01, 3.3750000E+02, 2.2500000E+01
* ELEM  1962  circle
 2, 550, 549
*
  3.0700000E+00, 1.0870000E+01, 4.4700000E-01, 0.0000000E+00
* ELEM  1963  line segment
 1, 542, 545
*
  3.5457980E+00, 1.0672918E+01, 1.7420204E-01, -7.2156848E-02
* ELEM  1964  line segment
 1, 541, 542
*
  3.3392388E+00, 1.0220000E+01, 3.8076118E-01, 3.8076118E-01
* ELEM  1965  line segment
 1, 541, 517
*
  3.7200000E+00, 1.0600761E+01, 0.0000000E+00, -3.8076118E-01
* ELEM  1966  line segment
 1, 517, 519
*
  3.7200000E+00, 1.0600761E+01, 3.8076118E-01, -3.8076118E-01
* ELEM  1967  line segment
 1, 520, 519
*
  3.8942020E+00, 1.0672918E+01, -1.7420204E-01, -7.2156848E-02
* ELEM  1968  circular arc
 3, 529, 519
*
  4.3700000E+00, 1.0870000E+01, 5.1500000E-01, 2.0250000E+02, 4.5000000E+01
* ELEM  1969  line segment
 1, 519, 518
*
  4.1729180E+00, 1.0394202E+01, -7.2156848E-02, -1.7420204E-01
* ELEM  1970  circular arc
 3, 529, 518
*
  4.3700000E+00, 1.0870000E+01, 5.1500000E-01, 2.4750000E+02, 4.5000000E+01
* ELEM  1971  line segment
 1, 518, 522
*
  4.5670820E+00, 1.0394202E+01, 7.2156848E-02, -1.7420204E-01
* ELEM  1972  line segment
 1, 674, 518
*
  4.1007612E+00, 1.0220000E+01, 5.3847763E-01, 0.0000000E+00
* ELEM  1973  line segment
 1, 1383, 1385
*
  1.0220000E+01, 2.8007612E+00, 3.8076118E-01, -3.8076118E-01
* ELEM  1974  line segment
 1, 1575, 1383
*
  1.0220000E+01, 2.4200000E+00, 3.8076118E-01, 0.0000000E+00
* ELEM  1975  line segment
 1, 1386, 1385
*
  1.0394202E+01, 2.8729180E+00, -1.7420204E-01, -7.2156848E-02
* ELEM  1976  circular arc
 3, 1395, 1385
*
  1.0870000E+01, 3.0700000E+00, 5.1500000E-01, 2.0250000E+02, 4.5000000E+01
* ELEM  1977  line segment
 1, 1385, 1384
*
  1.0672918E+01, 2.5942020E+00, -7.2156848E-02, -1.7420204E-01
* ELEM  1978  line segment
 1, 1411, 1386
*
  1.0220000E+01, 3.3392388E+00, 0.0000000E+00, -5.3847763E-01
* ELEM  1979  line segment
 1, 1390, 1386
*
  1.0394202E+01, 3.2670820E+00, -1.7420204E-01, 7.2156848E-02
* ELEM  1980  circular arc
 3, 1395, 1386
*
  1.0870000E+01, 3.0700000E+00, 5.1500000E-01, 1.5750000E+02, 4.5000000E+01
* ELEM  1981  line segment
 1, 1411, 1414
*
  1.0045798E+01, 3.2670820E+00, 1.7420204E-01, 7.2156848E-02
* ELEM  1982  line segment
 1, 1575, 1576
*
  1.0600761E+01, 2.4200000E+00, -3.8076118E-01, -3.8076118E-01
* ELEM  1983  line segment
 1, 1578, 1576
*
  1.0672918E+01, 2.2457980E+00, -7.2156848E-02, 1.7420204E-01
* ELEM  1984  circular arc
 3, 1581, 1576
*
  1.0870000E+01, 1.7700000E+00, 5.1500000E-01, 1.1250000E+02, 4.5000000E+01
* ELEM  1985  line segment
 1, 1222, 1225
*
  1.0045798E+01, 4.1729180E+00, 1.7420204E-01, -7.2156848E-02
* ELEM  1986  line segment
 1, 1221, 1222
*
  9.8392388E+00, 3.7200000E+00, 3.8076118E-01, 3.8076118E-01
* ELEM  1987  line segment
 1, 1221, 1199
*
  1.0220000E+01, 4.1007612E+00, 0.0000000E+00, -3.8076118E-01
* ELEM  1988  line segment
 1, 1413, 1221
*
  9.8392388E+00, 3.7200000E+00, 3.8076118E-01, 0.0000000E+00
* ELEM  1989  line segment
 1, 1413, 1414
*
  1.0220000E+01, 3.3392388E+00, -3.8076118E-01, 3.8076118E-01
* ELEM  1990  line segment
 1, 1413, 1389
*
  1.0220000E+01, 3.7200000E+00, 0.0000000E+00, -3.8076118E-01
* ELEM  1991  line segment
 1, 1049, 1051
*
  1.0220000E+01, 5.4007612E+00, 3.8076118E-01, -3.8076118E-01
* ELEM  1992  line segment
 1, 1205, 1049
*
  1.0220000E+01, 5.0200000E+00, 3.8076118E-01, 0.0000000E+00
* ELEM  1993  line segment
 1, 1052, 1051
*
  1.0394202E+01, 5.4729180E+00, -1.7420204E-01, -7.2156848E-02
* ELEM  1994  circular arc
 3, 1061, 1051
*
  1.0870000E+01, 5.6700000E+00, 5.1500000E-01, 2.0250000E+02, 4.5000000E+01
* ELEM  1995  line segment
 1, 1051, 1050
*
  1.0672918E+01, 5.1942020E+00, -7.2156848E-02, -1.7420204E-01
* ELEM  1996  line segment
 1, 1077, 1052
*
  1.0220000E+01, 5.9392388E+00, 0.0000000E+00, -5.3847763E-01
* ELEM  1997  line segment
 1, 1056, 1052
*
  1.0394202E+01, 5.8670820E+00, -1.7420204E-01, 7.2156848E-02
* ELEM  1998  circular arc
 3, 1061, 1052
*
  1.0870000E+01, 5.6700000E+00, 5.1500000E-01, 1.5750000E+02, 4.5000000E+01
* ELEM  1999  line segment
 1, 1077, 1080
*
  1.0045798E+01, 5.8670820E+00, 1.7420204E-01, 7.2156848E-02
* ELEM  2000  line segment
 1, 1205, 1206
*
  1.0600761E+01, 5.0200000E+00, -3.8076118E-01, -3.8076118E-01
* ELEM  2001  line segment
 1, 1225, 1202
*
  1.0220000E+01, 4.6392388E+00, 0.0000000E+00, -5.3847763E-01
* ELEM  2002  line segment
 1, 1206, 1202
*
  1.0394202E+01, 4.5670820E+00, -1.7420204E-01, 7.2156848E-02
* ELEM  2003  circular arc
 3, 1211, 1202
*
  1.0870000E+01, 4.3700000E+00, 5.1500000E-01, 1.5750000E+02, 4.5000000E+01
* ELEM  2004  line segment
 1, 1202, 1201
*
  1.0394202E+01, 4.1729180E+00, -1.7420204E-01, -7.2156848E-02
* ELEM  2005  line segment
 1, 1208, 1206
*
  1.0672918E+01, 4.8457980E+00, -7.2156848E-02, 1.7420204E-01
* ELEM  2006  circular arc
 3, 1211, 1206
*
  1.0870000E+01, 4.3700000E+00, 5.1500000E-01, 1.1250000E+02, 4.5000000E+01
* ELEM  2007  line segment
 1, 926, 929
*
  1.0045798E+01, 6.7729180E+00, 1.7420204E-01, -7.2156848E-02
* ELEM  2008  line segment
 1, 925, 926
*
  9.8392388E+00, 6.3200000E+00, 3.8076118E-01, 3.8076118E-01
* ELEM  2009  line segment
 1, 925, 903
*
  1.0220000E+01, 6.7007612E+00, 0.0000000E+00, -3.8076118E-01
* ELEM  2010  line segment
 1, 1079, 925
*
  9.8392388E+00, 6.3200000E+00, 3.8076118E-01, 0.0000000E+00
* ELEM  2011  line segment
 1, 1079, 1080
*
  1.0220000E+01, 5.9392388E+00, -3.8076118E-01, 3.8076118E-01
* ELEM  2012  line segment
 1, 1079, 1055
*
  1.0220000E+01, 6.3200000E+00, 0.0000000E+00, -3.8076118E-01
* ELEM  2013  line segment
 1, 932, 930
*
  9.7670820E+00, 7.4457980E+00, 7.2156848E-02, 1.7420204E-01
* ELEM  2014  line segment
 1, 931, 932
*
  1.0220000E+01, 7.2392388E+00, -3.8076118E-01, 3.8076118E-01
* ELEM  2015  line segment
 1, 931, 909
*
  1.0220000E+01, 7.6200000E+00, 0.0000000E+00, -3.8076118E-01
* ELEM  2016  line segment
 1, 755, 757
*
  1.0220000E+01, 8.0007612E+00, 3.8076118E-01, -3.8076118E-01
* ELEM  2017  line segment
 1, 909, 755
*
  1.0220000E+01, 7.6200000E+00, 3.8076118E-01, 0.0000000E+00
* ELEM  2018  line segment
 1, 909, 910
*
  1.0600761E+01, 7.6200000E+00, -3.8076118E-01, -3.8076118E-01
* ELEM  2019  line segment
 1, 7, 8
*
  9.8003479E+00, 9.8003479E+00, 4.1965206E-01, 4.1965206E-01
* ELEM  2020  line segment
 1, 7, 609
*
  1.0220000E+01, 9.3007612E+00, 0.0000000E+00, -3.8076118E-01
* ELEM  2021  line segment
 1, 7, 612
*
  1.0220000E+01, 9.8392388E+00, 0.0000000E+00, -5.3847763E-01
* ELEM  2022  line segment
 1, 7, 615
*
  1.0220000E+01, 1.0220000E+01, 0.0000000E+00, -3.8076118E-01
* ELEM  2023  line segment
 1, 635, 638
*
  7.4457980E+00, 9.7670820E+00, 1.7420204E-01, 7.2156848E-02
* ELEM  2024  line segment
 1, 483, 461
*
  7.6200000E+00, 1.0600761E+01, 0.0000000E+00, -3.8076118E-01
* ELEM  2025  line segment
 1, 461, 463
*
  7.6200000E+00, 1.0600761E+01, 3.8076118E-01, -3.8076118E-01
* ELEM  2026  line segment
 1, 483, 484
*
  7.2392388E+00, 1.0220000E+01, 3.8076118E-01, 3.8076118E-01
* ELEM  2027  line segment
 1, 637, 483
*
  7.2392388E+00, 1.0220000E+01, 3.8076118E-01, 0.0000000E+00
* ELEM  2028  line segment
 1, 637, 638
*
  7.6200000E+00, 9.8392388E+00, -3.8076118E-01, 3.8076118E-01
* ELEM  2029  line segment
 1, 8, 445
*
  9.8392388E+00, 1.0220000E+01, 3.8076118E-01, 0.0000000E+00
* ELEM  2030  line segment
 1, 8, 442
*
  9.3007612E+00, 1.0220000E+01, 5.3847763E-01, 0.0000000E+00
* ELEM  2031  line segment
 1, 8, 441
*
  8.9200000E+00, 1.0220000E+01, 3.8076118E-01, 0.0000000E+00
* ELEM  2032  line segment
 1, 521, 522
*
  4.6392388E+00, 1.0220000E+01, 3.8076118E-01, 3.8076118E-01
* ELEM  2033  line segment
 1, 521, 499
*
  5.0200000E+00, 1.0600761E+01, 0.0000000E+00, -3.8076118E-01
* ELEM  2034  line segment
 1, 499, 501
*
  5.0200000E+00, 1.0600761E+01, 3.8076118E-01, -3.8076118E-01
* ELEM  2035  line segment
 1, 502, 501
*
  5.1942020E+00, 1.0672918E+01, -1.7420204E-01, -7.2156848E-02
* ELEM  2036  circular arc
 3, 511, 501
*
  5.6700000E+00, 1.0870000E+01, 5.1500000E-01, 2.0250000E+02, 4.5000000E+01
* ELEM  2037  line segment
 1, 501, 500
*
  5.4729180E+00, 1.0394202E+01, -7.2156848E-02, -1.7420204E-01
* ELEM  2038  circular arc
 3, 511, 500
*
  5.6700000E+00, 1.0870000E+01, 5.1500000E-01, 2.4750000E+02, 4.5000000E+01
* ELEM  2039  line segment
 1, 500, 504
*
  5.8670820E+00, 1.0394202E+01, 7.2156848E-02, -1.7420204E-01
* ELEM  2040  line segment
 1, 654, 500
*
  5.4007612E+00, 1.0220000E+01, 5.3847763E-01, 0.0000000E+00
* ELEM  2041  line segment
 1, 656, 654
*
  5.8670820E+00, 1.0045798E+01, 7.2156848E-02, 1.7420204E-01
* ELEM  2042  circular arc
 3, 529, 522
*
  4.3700000E+00, 1.0870000E+01, 5.1500000E-01, 2.9250000E+02, 4.5000000E+01
* ELEM  2043  line segment
 1, 522, 525
*
  4.8457980E+00, 1.0672918E+01, 1.7420204E-01, -7.2156848E-02
* ELEM  2044  line segment
 1, 633, 634
*
  6.7007612E+00, 1.0220000E+01, -3.8076118E-01, -3.8076118E-01
* ELEM  2045  line segment
 1, 636, 634
*
  6.7729180E+00, 1.0045798E+01, -7.2156848E-02, 1.7420204E-01
* ELEM  2046  line segment
 1, 655, 656
*
  6.3200000E+00, 9.8392388E+00, -3.8076118E-01, 3.8076118E-01
* ELEM  2047  line segment
 1, 655, 503
*
  5.9392388E+00, 1.0220000E+01, 3.8076118E-01, 0.0000000E+00
* ELEM  2048  line segment
 1, 655, 633
*
  6.3200000E+00, 1.0220000E+01, 0.0000000E+00, -3.8076118E-01
* ELEM  2049  line segment
 1, 633, 479
*
  6.3200000E+00, 1.0220000E+01, 3.8076118E-01, 0.0000000E+00
* ELEM  2050  circular arc
 3, 1581, 1570
*
  1.0870000E+01, 1.7700000E+00, 5.1500000E-01, 2.4750000E+02, 4.5000000E+01
* ELEM  2051  line segment
 1, 1570, 1574
*
  1.1067082E+01, 1.2942020E+00, 7.2156848E-02, -1.7420204E-01
* ELEM  2052  line segment
 1, 1763, 1570
*
  1.0600761E+01, 1.1200000E+00, 5.3847763E-01, 0.0000000E+00
* ELEM  2053  circular arc
 3, 1581, 1577
*
  1.0870000E+01, 1.7700000E+00, 5.1500000E-01, 0.0000000E+00, 2.2500000E+01
* ELEM  2054  circular arc
 3, 1581, 1580
*
  1.0870000E+01, 1.7700000E+00, 5.1500000E-01, 2.2500000E+01, 4.5000000E+01
* ELEM  2055  circular arc
 3, 1581, 1578
*
  1.0870000E+01, 1.7700000E+00, 5.1500000E-01, 6.7500000E+01, 4.5000000E+01
* ELEM  2056  circular arc
 3, 1581, 1574
*
  1.0870000E+01, 1.7700000E+00, 5.1500000E-01, 2.9250000E+02, 4.5000000E+01
* ELEM  2057  circular arc
 3, 1581, 1577
*
  1.0870000E+01, 1.7700000E+00, 5.1500000E-01, 3.3750000E+02, 2.2500000E+01
* ELEM  2058  circle
 2, 1582, 1581
*
  1.0870000E+01, 1.7700000E+00, 4.4700000E-01, 0.0000000E+00
* ELEM  2059  line segment
 1, 367, 1767
*
  1.1200000E+00, 1.1520000E+01, 0.0000000E+00, 3.8076118E-01
* ELEM  2060  line segment
 1, 367, 369
*
  1.1200000E+00, 1.1900761E+01, 3.8076118E-01, -3.8076118E-01
* ELEM  2061  line segment
 1, 370, 369
*
  1.2942020E+00, 1.1972918E+01, -1.7420204E-01, -7.2156848E-02
* ELEM  2062  circular arc
 3, 379, 369
*
  1.7700000E+00, 1.2170000E+01, 5.1500000E-01, 2.0250000E+02, 4.5000000E+01
* ELEM  2063  line segment
 1, 369, 368
*
  1.5729180E+00, 1.1694202E+01, -7.2156848E-02, -1.7420204E-01
* ELEM  2064  circular arc
 3, 379, 368
*
  1.7700000E+00, 1.2170000E+01, 5.1500000E-01, 2.4750000E+02, 4.5000000E+01
* ELEM  2065  line segment
 1, 368, 372
*
  1.9670820E+00, 1.1694202E+01, 7.2156848E-02, -1.7420204E-01
* ELEM  2066  line segment
 1, 564, 368
*
  1.5007612E+00, 1.1520000E+01, 5.3847763E-01, 0.0000000E+00
* ELEM  2067  line segment
 1, 566, 564
*
  1.9670820E+00, 1.1345798E+01, 7.2156848E-02, 1.7420204E-01
* ELEM  2068  line segment
 1, 543, 544
*
  2.8007612E+00, 1.1520000E+01, -3.8076118E-01, -3.8076118E-01
* ELEM  2069  line segment
 1, 546, 544
*
  2.8729180E+00, 1.1345798E+01, -7.2156848E-02, 1.7420204E-01
* ELEM  2070  line segment
 1, 565, 566
*
  2.4200000E+00, 1.1139239E+01, -3.8076118E-01, 3.8076118E-01
* ELEM  2071  line segment
 1, 565, 371
*
  2.0392388E+00, 1.1520000E+01, 3.8076118E-01, 0.0000000E+00
* ELEM  2072  line segment
 1, 565, 543
*
  2.4200000E+00, 1.1520000E+01, 0.0000000E+00, -3.8076118E-01
* ELEM  2073  line segment
 1, 543, 349
*
  2.4200000E+00, 1.1520000E+01, 3.8076118E-01, 0.0000000E+00
* ELEM  2074  line segment
 1, 545, 520
*
  3.7200000E+00, 1.1139239E+01, 0.0000000E+00, -5.3847763E-01
* ELEM  2075  line segment
 1, 524, 520
*
  3.8942020E+00, 1.1067082E+01, -1.7420204E-01, 7.2156848E-02
* ELEM  2076  circular arc
 3, 529, 520
*
  4.3700000E+00, 1.0870000E+01, 5.1500000E-01, 1.5750000E+02, 4.5000000E+01
* ELEM  2077  line segment
 1, 545, 548
*
  3.5457980E+00, 1.1067082E+01, 1.7420204E-01, 7.2156848E-02
* ELEM  2078  circular arc
 3, 529, 525
*
  4.3700000E+00, 1.0870000E+01, 5.1500000E-01, 0.0000000E+00, 2.2500000E+01
* ELEM  2079  circular arc
 3, 529, 528
*
  4.3700000E+00, 1.0870000E+01, 5.1500000E-01, 2.2500000E+01, 4.5000000E+01
* ELEM  2080  circular arc
 3, 529, 526
*
  4.3700000E+00, 1.0870000E+01, 5.1500000E-01, 6.7500000E+01, 4.5000000E+01
* ELEM  2081  circular arc
 3, 529, 524
*
  4.3700000E+00, 1.0870000E+01, 5.1500000E-01, 1.1250000E+02, 4.5000000E+01
* ELEM  2082  circular arc
 3, 529, 525
*
  4.3700000E+00, 1.0870000E+01, 5.1500000E-01, 3.3750000E+02, 2.2500000E+01
* ELEM  2083  circle
 2, 530, 529
*
  4.3700000E+00, 1.0870000E+01, 4.4700000E-01, 0.0000000E+00
* ELEM  2084  circular arc
 3, 1395, 1384
*
  1.0870000E+01, 3.0700000E+00, 5.1500000E-01, 2.4750000E+02, 4.5000000E+01
* ELEM  2085  line segment
 1, 1384, 1388
*
  1.1067082E+01, 2.5942020E+00, 7.2156848E-02, -1.7420204E-01
* ELEM  2086  line segment
 1, 1578, 1384
*
  1.0600761E+01, 2.4200000E+00, 5.3847763E-01, 0.0000000E+00
* ELEM  2087  line segment
 1, 1580, 1578
*
  1.1067082E+01, 2.2457980E+00, 7.2156848E-02, 1.7420204E-01
* ELEM  2088  circular arc
 3, 1395, 1391
*
  1.0870000E+01, 3.0700000E+00, 5.1500000E-01, 0.0000000E+00, 2.2500000E+01
* ELEM  2089  circular arc
 3, 1395, 1394
*
  1.0870000E+01, 3.0700000E+00, 5.1500000E-01, 2.2500000E+01, 4.5000000E+01
* ELEM  2090  circular arc
 3, 1395, 1392
*
  1.0870000E+01, 3.0700000E+00, 5.1500000E-01, 6.7500000E+01, 4.5000000E+01
* ELEM  2091  circular arc
 3, 1395, 1390
*
  1.0870000E+01, 3.0700000E+00, 5.1500000E-01, 1.1250000E+02, 4.5000000E+01
* ELEM  2092  circular arc
 3, 1395, 1388
*
  1.0870000E+01, 3.0700000E+00, 5.1500000E-01, 2.9250000E+02, 4.5000000E+01
* ELEM  2093  circular arc
 3, 1395, 1391
*
  1.0870000E+01, 3.0700000E+00, 5.1500000E-01, 3.3750000E+02, 2.2500000E+01
* ELEM  2094  circle
 2, 1396, 1395
*
  1.0870000E+01, 3.0700000E+00, 4.4700000E-01, 0.0000000E+00
* ELEM  2095  line segment
 1, 1389, 1390
*
  1.0600761E+01, 3.7200000E+00, -3.8076118E-01, -3.8076118E-01
* ELEM  2096  line segment
 1, 1392, 1390
*
  1.0672918E+01, 3.5457980E+00, -7.2156848E-02, 1.7420204E-01
* ELEM  2097  line segment
 1, 1389, 1199
*
  1.0220000E+01, 3.7200000E+00, 3.8076118E-01, 0.0000000E+00
* ELEM  2098  line segment
 1, 1199, 1201
*
  1.0220000E+01, 4.1007612E+00, 3.8076118E-01, -3.8076118E-01
* ELEM  2099  circular arc
 3, 1211, 1201
*
  1.0870000E+01, 4.3700000E+00, 5.1500000E-01, 2.0250000E+02, 4.5000000E+01
* ELEM  2100  line segment
 1, 1201, 1200
*
  1.0672918E+01, 3.8942020E+00, -7.2156848E-02, -1.7420204E-01
* ELEM  2101  circular arc
 3, 1061, 1050
*
  1.0870000E+01, 5.6700000E+00, 5.1500000E-01, 2.4750000E+02, 4.5000000E+01
* ELEM  2102  line segment
 1, 1050, 1054
*
  1.1067082E+01, 5.1942020E+00, 7.2156848E-02, -1.7420204E-01
* ELEM  2103  line segment
 1, 1208, 1050
*
  1.0600761E+01, 5.0200000E+00, 5.3847763E-01, 0.0000000E+00
* ELEM  2104  line segment
 1, 1210, 1208
*
  1.1067082E+01, 4.8457980E+00, 7.2156848E-02, 1.7420204E-01
* ELEM  2105  circular arc
 3, 1211, 1208
*
  1.0870000E+01, 4.3700000E+00, 5.1500000E-01, 6.7500000E+01, 4.5000000E+01
* ELEM  2106  circular arc
 3, 1061, 1057
*
  1.0870000E+01, 5.6700000E+00, 5.1500000E-01, 0.0000000E+00, 2.2500000E+01
* ELEM  2107  circular arc
 3, 1061, 1060
*
  1.0870000E+01, 5.6700000E+00, 5.1500000E-01, 2.2500000E+01, 4.5000000E+01
* ELEM  2108  circular arc
 3, 1061, 1058
*
  1.0870000E+01, 5.6700000E+00, 5.1500000E-01, 6.7500000E+01, 4.5000000E+01
* ELEM  2109  circular arc
 3, 1061, 1056
*
  1.0870000E+01, 5.6700000E+00, 5.1500000E-01, 1.1250000E+02, 4.5000000E+01
* ELEM  2110  circular arc
 3, 1061, 1054
*
  1.0870000E+01, 5.6700000E+00, 5.1500000E-01, 2.9250000E+02, 4.5000000E+01
* ELEM  2111  circular arc
 3, 1061, 1057
*
  1.0870000E+01, 5.6700000E+00, 5.1500000E-01, 3.3750000E+02, 2.2500000E+01
* ELEM  2112  circle
 2, 1062, 1061
*
  1.0870000E+01, 5.6700000E+00, 4.4700000E-01, 0.0000000E+00
* ELEM  2113  line segment
 1, 1055, 1056
*
  1.0600761E+01, 6.3200000E+00, -3.8076118E-01, -3.8076118E-01
* ELEM  2114  line segment
 1, 1058, 1056
*
  1.0672918E+01, 6.1457980E+00, -7.2156848E-02, 1.7420204E-01
* ELEM  2115  line segment
 1, 1055, 903
*
  1.0220000E+01, 6.3200000E+00, 3.8076118E-01, 0.0000000E+00
* ELEM  2116  circular arc
 3, 1211, 1207
*
  1.0870000E+01, 4.3700000E+00, 5.1500000E-01, 0.0000000E+00, 2.2500000E+01
* ELEM  2117  circular arc
 3, 1211, 1210
*
  1.0870000E+01, 4.3700000E+00, 5.1500000E-01, 2.2500000E+01, 4.5000000E+01
* ELEM  2118  circular arc
 3, 1211, 1200
*
  1.0870000E+01, 4.3700000E+00, 5.1500000E-01, 2.4750000E+02, 4.5000000E+01
* ELEM  2119  circular arc
 3, 1211, 1204
*
  1.0870000E+01, 4.3700000E+00, 5.1500000E-01, 2.9250000E+02, 4.5000000E+01
* ELEM  2120  circular arc
 3, 1211, 1207
*
  1.0870000E+01, 4.3700000E+00, 5.1500000E-01, 3.3750000E+02, 2.2500000E+01
* ELEM  2121  circle
 2, 1212, 1211
*
  1.0870000E+01, 4.3700000E+00, 4.4700000E-01, 0.0000000E+00
* ELEM  2122  line segment
 1, 903, 905
*
  1.0220000E+01, 6.7007612E+00, 3.8076118E-01, -3.8076118E-01
* ELEM  2123  line segment
 1, 906, 905
*
  1.0394202E+01, 6.7729180E+00, -1.7420204E-01, -7.2156848E-02
* ELEM  2124  circular arc
 3, 915, 905
*
  1.0870000E+01, 6.9700000E+00, 5.1500000E-01, 2.0250000E+02, 4.5000000E+01
* ELEM  2125  line segment
 1, 905, 904
*
  1.0672918E+01, 6.4942020E+00, -7.2156848E-02, -1.7420204E-01
* ELEM  2126  line segment
 1, 929, 906
*
  1.0220000E+01, 7.2392388E+00, 0.0000000E+00, -5.3847763E-01
* ELEM  2127  line segment
 1, 910, 906
*
  1.0394202E+01, 7.1670820E+00, -1.7420204E-01, 7.2156848E-02
* ELEM  2128  circular arc
 3, 915, 906
*
  1.0870000E+01, 6.9700000E+00, 5.1500000E-01, 1.5750000E+02, 4.5000000E+01
* ELEM  2129  line segment
 1, 929, 932
*
  1.0045798E+01, 7.1670820E+00, 1.7420204E-01, 7.2156848E-02
* ELEM  2130  line segment
 1, 758, 757
*
  1.0394202E+01, 8.0729180E+00, -1.7420204E-01, -7.2156848E-02
* ELEM  2131  circular arc
 3, 767, 757
*
  1.0870000E+01, 8.2700000E+00, 5.1500000E-01, 2.0250000E+02, 4.5000000E+01
* ELEM  2132  line segment
 1, 757, 756
*
  1.0672918E+01, 7.7942020E+00, -7.2156848E-02, -1.7420204E-01
* ELEM  2133  line segment
 1, 762, 758
*
  1.0394202E+01, 8.4670820E+00, -1.7420204E-01, 7.2156848E-02
* ELEM  2134  circular arc
 3, 767, 758
*
  1.0870000E+01, 8.2700000E+00, 5.1500000E-01, 1.5750000E+02, 4.5000000E+01
* ELEM  2135  circular arc
 3, 767, 756
*
  1.0870000E+01, 8.2700000E+00, 5.1500000E-01, 2.4750000E+02, 4.5000000E+01
* ELEM  2136  line segment
 1, 756, 760
*
  1.1067082E+01, 7.7942020E+00, 7.2156848E-02, -1.7420204E-01
* ELEM  2137  line segment
 1, 912, 756
*
  1.0600761E+01, 7.6200000E+00, 5.3847763E-01, 0.0000000E+00
* ELEM  2138  line segment
 1, 912, 910
*
  1.0672918E+01, 7.4457980E+00, -7.2156848E-02, 1.7420204E-01
* ELEM  2139  circular arc
 3, 915, 910
*
  1.0870000E+01, 6.9700000E+00, 5.1500000E-01, 1.1250000E+02, 4.5000000E+01
* ELEM  2140  line segment
 1, 914, 912
*
  1.1067082E+01, 7.4457980E+00, 7.2156848E-02, 1.7420204E-01
* ELEM  2141  circular arc
 3, 915, 912
*
  1.0870000E+01, 6.9700000E+00, 5.1500000E-01, 6.7500000E+01, 4.5000000E+01
* ELEM  2142  line segment
 1, 761, 609
*
  1.0220000E+01, 8.9200000E+00, 3.8076118E-01, 0.0000000E+00
* ELEM  2143  line segment
 1, 761, 762
*
  1.0600761E+01, 8.9200000E+00, -3.8076118E-01, -3.8076118E-01
* ELEM  2144  line segment
 1, 609, 611
*
  1.0220000E+01, 9.3007612E+00, 3.8076118E-01, -3.8076118E-01
* ELEM  2145  line segment
 1, 638, 636
*
  7.1670820E+00, 1.0045798E+01, 7.2156848E-02, 1.7420204E-01
* ELEM  2146  line segment
 1, 463, 462
*
  8.0729180E+00, 1.0394202E+01, -7.2156848E-02, -1.7420204E-01
* ELEM  2147  circular arc
 3, 473, 462
*
  8.2700000E+00, 1.0870000E+01, 5.1500000E-01, 2.4750000E+02, 4.5000000E+01
* ELEM  2148  line segment
 1, 462, 466
*
  8.4670820E+00, 1.0394202E+01, 7.2156848E-02, -1.7420204E-01
* ELEM  2149  line segment
 1, 464, 463
*
  7.7942020E+00, 1.0672918E+01, -1.7420204E-01, -7.2156848E-02
* ELEM  2150  circular arc
 3, 473, 463
*
  8.2700000E+00, 1.0870000E+01, 5.1500000E-01, 2.0250000E+02, 4.5000000E+01
* ELEM  2151  line segment
 1, 487, 464
*
  7.6200000E+00, 1.1139239E+01, 0.0000000E+00, -5.3847763E-01
* ELEM  2152  line segment
 1, 468, 464
*
  7.7942020E+00, 1.1067082E+01, -1.7420204E-01, 7.2156848E-02
* ELEM  2153  circular arc
 3, 473, 464
*
  8.2700000E+00, 1.0870000E+01, 5.1500000E-01, 1.5750000E+02, 4.5000000E+01
* ELEM  2154  line segment
 1, 484, 487
*
  7.4457980E+00, 1.0672918E+01, 1.7420204E-01, -7.2156848E-02
* ELEM  2155  circular arc
 3, 491, 487
*
  6.9700000E+00, 1.0870000E+01, 5.1500000E-01, 3.3750000E+02, 2.2500000E+01
* ELEM  2156  circular arc
 3, 491, 487
*
  6.9700000E+00, 1.0870000E+01, 5.1500000E-01, 0.0000000E+00, 2.2500000E+01
* ELEM  2157  line segment
 1, 487, 490
*
  7.4457980E+00, 1.1067082E+01, 1.7420204E-01, 7.2156848E-02
* ELEM  2158  line segment
 1, 480, 484
*
  7.1670820E+00, 1.0394202E+01, 7.2156848E-02, -1.7420204E-01
* ELEM  2159  circular arc
 3, 491, 484
*
  6.9700000E+00, 1.0870000E+01, 5.1500000E-01, 2.9250000E+02, 4.5000000E+01
* ELEM  2160  line segment
 1, 481, 480
*
  6.7729180E+00, 1.0394202E+01, -7.2156848E-02, -1.7420204E-01
* ELEM  2161  circular arc
 3, 491, 480
*
  6.9700000E+00, 1.0870000E+01, 5.1500000E-01, 2.4750000E+02, 4.5000000E+01
* ELEM  2162  line segment
 1, 636, 480
*
  6.7007612E+00, 1.0220000E+01, 5.3847763E-01, 0.0000000E+00
* ELEM  2163  line segment
 1, 465, 441
*
  8.9200000E+00, 1.0600761E+01, 0.0000000E+00, -3.8076118E-01
* ELEM  2164  line segment
 1, 441, 443
*
  8.9200000E+00, 1.0600761E+01, 3.8076118E-01, -3.8076118E-01
* ELEM  2165  line segment
 1, 465, 466
*
  8.5392388E+00, 1.0220000E+01, 3.8076118E-01, 3.8076118E-01
* ELEM  2166  line segment
 1, 525, 502
*
  5.0200000E+00, 1.1139239E+01, 0.0000000E+00, -5.3847763E-01
* ELEM  2167  line segment
 1, 506, 502
*
  5.1942020E+00, 1.1067082E+01, -1.7420204E-01, 7.2156848E-02
* ELEM  2168  circular arc
 3, 511, 502
*
  5.6700000E+00, 1.0870000E+01, 5.1500000E-01, 1.5750000E+02, 4.5000000E+01
* ELEM  2169  line segment
 1, 525, 528
*
  4.8457980E+00, 1.1067082E+01, 1.7420204E-01, 7.2156848E-02
* ELEM  2170  circular arc
 3, 511, 507
*
  5.6700000E+00, 1.0870000E+01, 5.1500000E-01, 0.0000000E+00, 2.2500000E+01
* ELEM  2171  circular arc
 3, 511, 510
*
  5.6700000E+00, 1.0870000E+01, 5.1500000E-01, 2.2500000E+01, 4.5000000E+01
* ELEM  2172  circular arc
 3, 511, 508
*
  5.6700000E+00, 1.0870000E+01, 5.1500000E-01, 6.7500000E+01, 4.5000000E+01
* ELEM  2173  circular arc
 3, 511, 506
*
  5.6700000E+00, 1.0870000E+01, 5.1500000E-01, 1.1250000E+02, 4.5000000E+01
* ELEM  2174  circular arc
 3, 511, 504
*
  5.6700000E+00, 1.0870000E+01, 5.1500000E-01, 2.9250000E+02, 4.5000000E+01
* ELEM  2175  circular arc
 3, 511, 507
*
  5.6700000E+00, 1.0870000E+01, 5.1500000E-01, 3.3750000E+02, 2.2500000E+01
* ELEM  2176  circle
 2, 512, 511
*
  5.6700000E+00, 1.0870000E+01, 4.4700000E-01, 0.0000000E+00
* ELEM  2177  line segment
 1, 504, 507
*
  6.1457980E+00, 1.0672918E+01, 1.7420204E-01, -7.2156848E-02
* ELEM  2178  line segment
 1, 503, 504
*
  5.9392388E+00, 1.0220000E+01, 3.8076118E-01, 3.8076118E-01
* ELEM  2179  line segment
 1, 503, 479
*
  6.3200000E+00, 1.0600761E+01, 0.0000000E+00, -3.8076118E-01
* ELEM  2180  line segment
 1, 479, 481
*
  6.3200000E+00, 1.0600761E+01, 3.8076118E-01, -3.8076118E-01
* ELEM  2181  line segment
 1, 482, 481
*
  6.4942020E+00, 1.0672918E+01, -1.7420204E-01, -7.2156848E-02
* ELEM  2182  circular arc
 3, 491, 481
*
  6.9700000E+00, 1.0870000E+01, 5.1500000E-01, 2.0250000E+02, 4.5000000E+01
* ELEM  2183  line segment
 1, 1573, 1574
*
  1.1139239E+01, 1.1200000E+00, 3.8076118E-01, 3.8076118E-01
* ELEM  2184  line segment
 1, 1573, 1551
*
  1.1520000E+01, 1.5007612E+00, 0.0000000E+00, -3.8076118E-01
* ELEM  2185  line segment
 1, 1573, 1763
*
  1.1520000E+01, 1.1200000E+00, -3.8076118E-01, 0.0000000E+00
* ELEM  2186  line segment
 1, 1574, 1577
*
  1.1345798E+01, 1.5729180E+00, 1.7420204E-01, -7.2156848E-02
* ELEM  2187  line segment
 1, 1767, 370
*
  1.1200000E+00, 1.2439239E+01, 0.0000000E+00, -5.3847763E-01
* ELEM  2188  line segment
 1, 374, 370
*
  1.2942020E+00, 1.2367082E+01, -1.7420204E-01, 7.2156848E-02
* ELEM  2189  circular arc
 3, 379, 370
*
  1.7700000E+00, 1.2170000E+01, 5.1500000E-01, 1.5750000E+02, 4.5000000E+01
* ELEM  2190  circular arc
 3, 379, 375
*
  1.7700000E+00, 1.2170000E+01, 5.1500000E-01, 0.0000000E+00, 2.2500000E+01
* ELEM  2191  circular arc
 3, 379, 378
*
  1.7700000E+00, 1.2170000E+01, 5.1500000E-01, 2.2500000E+01, 4.5000000E+01
* ELEM  2192  circular arc
 3, 379, 376
*
  1.7700000E+00, 1.2170000E+01, 5.1500000E-01, 6.7500000E+01, 4.5000000E+01
* ELEM  2193  circular arc
 3, 379, 374
*
  1.7700000E+00, 1.2170000E+01, 5.1500000E-01, 1.1250000E+02, 4.5000000E+01
* ELEM  2194  circular arc
 3, 379, 372
*
  1.7700000E+00, 1.2170000E+01, 5.1500000E-01, 2.9250000E+02, 4.5000000E+01
* ELEM  2195  circular arc
 3, 379, 375
*
  1.7700000E+00, 1.2170000E+01, 5.1500000E-01, 3.3750000E+02, 2.2500000E+01
* ELEM  2196  circle
 2, 380, 379
*
  1.7700000E+00, 1.2170000E+01, 4.4700000E-01, 0.0000000E+00
* ELEM  2197  line segment
 1, 372, 375
*
  2.2457980E+00, 1.1972918E+01, 1.7420204E-01, -7.2156848E-02
* ELEM  2198  line segment
 1, 371, 372
*
  2.0392388E+00, 1.1520000E+01, 3.8076118E-01, 3.8076118E-01
* ELEM  2199  line segment
 1, 371, 349
*
  2.4200000E+00, 1.1900761E+01, 0.0000000E+00, -3.8076118E-01
* ELEM  2200  line segment
 1, 349, 351
*
  2.4200000E+00, 1.1900761E+01, 3.8076118E-01, -3.8076118E-01
* ELEM  2201  line segment
 1, 352, 351
*
  2.5942020E+00, 1.1972918E+01, -1.7420204E-01, -7.2156848E-02
* ELEM  2202  circular arc
 3, 361, 351
*
  3.0700000E+00, 1.2170000E+01, 5.1500000E-01, 2.0250000E+02, 4.5000000E+01
* ELEM  2203  line segment
 1, 351, 350
*
  2.8729180E+00, 1.1694202E+01, -7.2156848E-02, -1.7420204E-01
* ELEM  2204  circular arc
 3, 361, 350
*
  3.0700000E+00, 1.2170000E+01, 5.1500000E-01, 2.4750000E+02, 4.5000000E+01
* ELEM  2205  line segment
 1, 350, 354
*
  3.2670820E+00, 1.1694202E+01, 7.2156848E-02, -1.7420204E-01
* ELEM  2206  line segment
 1, 546, 350
*
  2.8007612E+00, 1.1520000E+01, 5.3847763E-01, 0.0000000E+00
* ELEM  2207  line segment
 1, 548, 546
*
  3.2670820E+00, 1.1345798E+01, 7.2156848E-02, 1.7420204E-01
* ELEM  2208  line segment
 1, 523, 524
*
  4.1007612E+00, 1.1520000E+01, -3.8076118E-01, -3.8076118E-01
* ELEM  2209  line segment
 1, 526, 524
*
  4.1729180E+00, 1.1345798E+01, -7.2156848E-02, 1.7420204E-01
* ELEM  2210  line segment
 1, 547, 548
*
  3.7200000E+00, 1.1139239E+01, -3.8076118E-01, 3.8076118E-01
* ELEM  2211  line segment
 1, 547, 353
*
  3.3392388E+00, 1.1520000E+01, 3.8076118E-01, 0.0000000E+00
* ELEM  2212  line segment
 1, 547, 523
*
  3.7200000E+00, 1.1520000E+01, 0.0000000E+00, -3.8076118E-01
* ELEM  2213  line segment
 1, 523, 331
*
  3.7200000E+00, 1.1520000E+01, 3.8076118E-01, 0.0000000E+00
* ELEM  2214  line segment
 1, 1388, 1391
*
  1.1345798E+01, 2.8729180E+00, 1.7420204E-01, -7.2156848E-02
* ELEM  2215  line segment
 1, 1387, 1388
*
  1.1139239E+01, 2.4200000E+00, 3.8076118E-01, 3.8076118E-01
* ELEM  2216  line segment
 1, 1387, 1365
*
  1.1520000E+01, 2.8007612E+00, 0.0000000E+00, -3.8076118E-01
* ELEM  2217  line segment
 1, 1579, 1387
*
  1.1139239E+01, 2.4200000E+00, 3.8076118E-01, 0.0000000E+00
* ELEM  2218  line segment
 1, 1577, 1580
*
  1.1345798E+01, 1.9670820E+00, 1.7420204E-01, 7.2156848E-02
* ELEM  2219  line segment
 1, 1579, 1580
*
  1.1520000E+01, 2.0392388E+00, -3.8076118E-01, 3.8076118E-01
* ELEM  2220  line segment
 1, 1579, 1557
*
  1.1520000E+01, 2.4200000E+00, 0.0000000E+00, -3.8076118E-01
* ELEM  2221  line segment
 1, 1200, 1204
*
  1.1067082E+01, 3.8942020E+00, 7.2156848E-02, -1.7420204E-01
* ELEM  2222  line segment
 1, 1392, 1200
*
  1.0600761E+01, 3.7200000E+00, 5.3847763E-01, 0.0000000E+00
* ELEM  2223  line segment
 1, 1394, 1392
*
  1.1067082E+01, 3.5457980E+00, 7.2156848E-02, 1.7420204E-01
* ELEM  2224  line segment
 1, 1054, 1057
*
  1.1345798E+01, 5.4729180E+00, 1.7420204E-01, -7.2156848E-02
* ELEM  2225  line segment
 1, 1053, 1054
*
  1.1139239E+01, 5.0200000E+00, 3.8076118E-01, 3.8076118E-01
* ELEM  2226  line segment
 1, 1053, 1031
*
  1.1520000E+01, 5.4007612E+00, 0.0000000E+00, -3.8076118E-01
* ELEM  2227  line segment
 1, 1209, 1053
*
  1.1139239E+01, 5.0200000E+00, 3.8076118E-01, 0.0000000E+00
* ELEM  2228  line segment
 1, 1207, 1210
*
  1.1345798E+01, 4.5670820E+00, 1.7420204E-01, 7.2156848E-02
* ELEM  2229  line segment
 1, 1209, 1210
*
  1.1520000E+01, 4.6392388E+00, -3.8076118E-01, 3.8076118E-01
* ELEM  2230  line segment
 1, 1209, 1185
*
  1.1520000E+01, 5.0200000E+00, 0.0000000E+00, -3.8076118E-01
* ELEM  2231  circular arc
 3, 915, 904
*
  1.0870000E+01, 6.9700000E+00, 5.1500000E-01, 2.4750000E+02, 4.5000000E+01
* ELEM  2232  line segment
 1, 904, 908
*
  1.1067082E+01, 6.4942020E+00, 7.2156848E-02, -1.7420204E-01
* ELEM  2233  line segment
 1, 1058, 904
*
  1.0600761E+01, 6.3200000E+00, 5.3847763E-01, 0.0000000E+00
* ELEM  2234  line segment
 1, 1060, 1058
*
  1.1067082E+01, 6.1457980E+00, 7.2156848E-02, 1.7420204E-01
* ELEM  2235  circular arc
 3, 915, 911
*
  1.0870000E+01, 6.9700000E+00, 5.1500000E-01, 0.0000000E+00, 2.2500000E+01
* ELEM  2236  circular arc
 3, 915, 914
*
  1.0870000E+01, 6.9700000E+00, 5.1500000E-01, 2.2500000E+01, 4.5000000E+01
* ELEM  2237  circular arc
 3, 915, 908
*
  1.0870000E+01, 6.9700000E+00, 5.1500000E-01, 2.9250000E+02, 4.5000000E+01
* ELEM  2238  circular arc
 3, 915, 911
*
  1.0870000E+01, 6.9700000E+00, 5.1500000E-01, 3.3750000E+02, 2.2500000E+01
* ELEM  2239  circle
 2, 916, 915
*
  1.0870000E+01, 6.9700000E+00, 4.4700000E-01, 0.0000000E+00
* ELEM  2240  line segment
 1, 764, 762
*
  1.0672918E+01, 8.7457980E+00, -7.2156848E-02, 1.7420204E-01
* ELEM  2241  circular arc
 3, 767, 762
*
  1.0870000E+01, 8.2700000E+00, 5.1500000E-01, 1.1250000E+02, 4.5000000E+01
* ELEM  2242  circular arc
 3, 767, 763
*
  1.0870000E+01, 8.2700000E+00, 5.1500000E-01, 0.0000000E+00, 2.2500000E+01
* ELEM  2243  circular arc
 3, 767, 766
*
  1.0870000E+01, 8.2700000E+00, 5.1500000E-01, 2.2500000E+01, 4.5000000E+01
* ELEM  2244  circular arc
 3, 767, 764
*
  1.0870000E+01, 8.2700000E+00, 5.1500000E-01, 6.7500000E+01, 4.5000000E+01
* ELEM  2245  circular arc
 3, 767, 760
*
  1.0870000E+01, 8.2700000E+00, 5.1500000E-01, 2.9250000E+02, 4.5000000E+01
* ELEM  2246  circular arc
 3, 767, 763
*
  1.0870000E+01, 8.2700000E+00, 5.1500000E-01, 3.3750000E+02, 2.2500000E+01
* ELEM  2247  circle
 2, 768, 767
*
  1.0870000E+01, 8.2700000E+00, 4.4700000E-01, 0.0000000E+00
* ELEM  2248  line segment
 1, 760, 763
*
  1.1345798E+01, 8.0729180E+00, 1.7420204E-01, -7.2156848E-02
* ELEM  2249  line segment
 1, 759, 760
*
  1.1139239E+01, 7.6200000E+00, 3.8076118E-01, 3.8076118E-01
* ELEM  2250  line segment
 1, 759, 737
*
  1.1520000E+01, 8.0007612E+00, 0.0000000E+00, -3.8076118E-01
* ELEM  2251  line segment
 1, 913, 759
*
  1.1139239E+01, 7.6200000E+00, 3.8076118E-01, 0.0000000E+00
* ELEM  2252  line segment
 1, 911, 914
*
  1.1345798E+01, 7.1670820E+00, 1.7420204E-01, 7.2156848E-02
* ELEM  2253  line segment
 1, 913, 914
*
  1.1520000E+01, 7.2392388E+00, -3.8076118E-01, 3.8076118E-01
* ELEM  2254  line segment
 1, 913, 889
*
  1.1520000E+01, 7.6200000E+00, 0.0000000E+00, -3.8076118E-01
* ELEM  2255  line segment
 1, 612, 611
*
  1.0394202E+01, 9.3729180E+00, -1.7420204E-01, -7.2156848E-02
* ELEM  2256  circular arc
 3, 621, 611
*
  1.0870000E+01, 9.5700000E+00, 5.1500000E-01, 2.0250000E+02, 4.5000000E+01
* ELEM  2257  line segment
 1, 611, 610
*
  1.0672918E+01, 9.0942020E+00, -7.2156848E-02, -1.7420204E-01
* ELEM  2258  line segment
 1, 616, 612
*
  1.0394202E+01, 9.7670820E+00, -1.7420204E-01, 7.2156848E-02
* ELEM  2259  circular arc
 3, 621, 612
*
  1.0870000E+01, 9.5700000E+00, 5.1500000E-01, 1.5750000E+02, 4.5000000E+01
* ELEM  2260  circular arc
 3, 621, 610
*
  1.0870000E+01, 9.5700000E+00, 5.1500000E-01, 2.4750000E+02, 4.5000000E+01
* ELEM  2261  line segment
 1, 610, 614
*
  1.1067082E+01, 9.0942020E+00, 7.2156848E-02, -1.7420204E-01
* ELEM  2262  line segment
 1, 764, 610
*
  1.0600761E+01, 8.9200000E+00, 5.3847763E-01, 0.0000000E+00
* ELEM  2263  line segment
 1, 766, 764
*
  1.1067082E+01, 8.7457980E+00, 7.2156848E-02, 1.7420204E-01
* ELEM  2264  line segment
 1, 615, 423
*
  1.0220000E+01, 1.0220000E+01, 3.8076118E-01, 0.0000000E+00
* ELEM  2265  line segment
 1, 615, 616
*
  1.0600761E+01, 1.0220000E+01, -3.8076118E-01, -3.8076118E-01
* ELEM  2266  line segment
 1, 445, 446
*
  9.8392388E+00, 1.0220000E+01, 3.8076118E-01, 3.8076118E-01
* ELEM  2267  line segment
 1, 445, 423
*
  1.0220000E+01, 1.0600761E+01, 0.0000000E+00, -3.8076118E-01
* ELEM  2268  line segment
 1, 423, 425
*
  1.0220000E+01, 1.0600761E+01, 3.8076118E-01, -3.8076118E-01
* ELEM  2269  circular arc
 3, 473, 466
*
  8.2700000E+00, 1.0870000E+01, 5.1500000E-01, 2.9250000E+02, 4.5000000E+01
* ELEM  2270  line segment
 1, 466, 469
*
  8.7457980E+00, 1.0672918E+01, 1.7420204E-01, -7.2156848E-02
* ELEM  2271  circular arc
 3, 473, 469
*
  8.2700000E+00, 1.0870000E+01, 5.1500000E-01, 0.0000000E+00, 2.2500000E+01
* ELEM  2272  circular arc
 3, 473, 472
*
  8.2700000E+00, 1.0870000E+01, 5.1500000E-01, 2.2500000E+01, 4.5000000E+01
* ELEM  2273  circular arc
 3, 473, 470
*
  8.2700000E+00, 1.0870000E+01, 5.1500000E-01, 6.7500000E+01, 4.5000000E+01
* ELEM  2274  circular arc
 3, 473, 468
*
  8.2700000E+00, 1.0870000E+01, 5.1500000E-01, 1.1250000E+02, 4.5000000E+01
* ELEM  2275  circular arc
 3, 473, 469
*
  8.2700000E+00, 1.0870000E+01, 5.1500000E-01, 3.3750000E+02, 2.2500000E+01
* ELEM  2276  circle
 2, 474, 473
*
  8.2700000E+00, 1.0870000E+01, 4.4700000E-01, 0.0000000E+00
* ELEM  2277  line segment
 1, 467, 468
*
  8.0007612E+00, 1.1520000E+01, -3.8076118E-01, -3.8076118E-01
* ELEM  2278  line segment
 1, 470, 468
*
  8.0729180E+00, 1.1345798E+01, -7.2156848E-02, 1.7420204E-01
* ELEM  2279  line segment
 1, 489, 490
*
  7.6200000E+00, 1.1139239E+01, -3.8076118E-01, 3.8076118E-01
* ELEM  2280  line segment
 1, 489, 299
*
  7.2392388E+00, 1.1520000E+01, 3.8076118E-01, 0.0000000E+00
* ELEM  2281  line segment
 1, 489, 467
*
  7.6200000E+00, 1.1520000E+01, 0.0000000E+00, -3.8076118E-01
* ELEM  2282  line segment
 1, 467, 275
*
  7.6200000E+00, 1.1520000E+01, 3.8076118E-01, 0.0000000E+00
* ELEM  2283  circular arc
 3, 491, 490
*
  6.9700000E+00, 1.0870000E+01, 5.1500000E-01, 2.2500000E+01, 4.5000000E+01
* ELEM  2284  line segment
 1, 490, 488
*
  7.1670820E+00, 1.1345798E+01, 7.2156848E-02, 1.7420204E-01
* ELEM  2285  circular arc
 3, 491, 488
*
  6.9700000E+00, 1.0870000E+01, 5.1500000E-01, 6.7500000E+01, 4.5000000E+01
* ELEM  2286  circular arc
 3, 491, 486
*
  6.9700000E+00, 1.0870000E+01, 5.1500000E-01, 1.1250000E+02, 4.5000000E+01
* ELEM  2287  circular arc
 3, 491, 482
*
  6.9700000E+00, 1.0870000E+01, 5.1500000E-01, 1.5750000E+02, 4.5000000E+01
* ELEM  2288  circle
 2, 492, 491
*
  6.9700000E+00, 1.0870000E+01, 4.4700000E-01, 0.0000000E+00
* ELEM  2289  line segment
 1, 443, 442
*
  9.3729180E+00, 1.0394202E+01, -7.2156848E-02, -1.7420204E-01
* ELEM  2290  circular arc
 3, 453, 442
*
  9.5700000E+00, 1.0870000E+01, 5.1500000E-01, 2.4750000E+02, 4.5000000E+01
* ELEM  2291  line segment
 1, 442, 446
*
  9.7670820E+00, 1.0394202E+01, 7.2156848E-02, -1.7420204E-01
* ELEM  2292  line segment
 1, 444, 443
*
  9.0942020E+00, 1.0672918E+01, -1.7420204E-01, -7.2156848E-02
* ELEM  2293  circular arc
 3, 453, 443
*
  9.5700000E+00, 1.0870000E+01, 5.1500000E-01, 2.0250000E+02, 4.5000000E+01
* ELEM  2294  line segment
 1, 469, 444
*
  8.9200000E+00, 1.1139239E+01, 0.0000000E+00, -5.3847763E-01
* ELEM  2295  line segment
 1, 448, 444
*
  9.0942020E+00, 1.1067082E+01, -1.7420204E-01, 7.2156848E-02
* ELEM  2296  circular arc
 3, 453, 444
*
  9.5700000E+00, 1.0870000E+01, 5.1500000E-01, 1.5750000E+02, 4.5000000E+01
* ELEM  2297  line segment
 1, 469, 472
*
  8.7457980E+00, 1.1067082E+01, 1.7420204E-01, 7.2156848E-02
* ELEM  2298  line segment
 1, 505, 506
*
  5.4007612E+00, 1.1520000E+01, -3.8076118E-01, -3.8076118E-01
* ELEM  2299  line segment
 1, 508, 506
*
  5.4729180E+00, 1.1345798E+01, -7.2156848E-02, 1.7420204E-01
* ELEM  2300  line segment
 1, 527, 528
*
  5.0200000E+00, 1.1139239E+01, -3.8076118E-01, 3.8076118E-01
* ELEM  2301  line segment
 1, 527, 335
*
  4.6392388E+00, 1.1520000E+01, 3.8076118E-01, 0.0000000E+00
* ELEM  2302  line segment
 1, 527, 505
*
  5.0200000E+00, 1.1520000E+01, 0.0000000E+00, -3.8076118E-01
* ELEM  2303  line segment
 1, 505, 313
*
  5.0200000E+00, 1.1520000E+01, 3.8076118E-01, 0.0000000E+00
* ELEM  2304  line segment
 1, 528, 526
*
  4.5670820E+00, 1.1345798E+01, 7.2156848E-02, 1.7420204E-01
* ELEM  2305  line segment
 1, 507, 482
*
  6.3200000E+00, 1.1139239E+01, 0.0000000E+00, -5.3847763E-01
* ELEM  2306  line segment
 1, 486, 482
*
  6.4942020E+00, 1.1067082E+01, -1.7420204E-01, 7.2156848E-02
* ELEM  2307  line segment
 1, 507, 510
*
  6.1457980E+00, 1.1067082E+01, 1.7420204E-01, 7.2156848E-02
* ELEM  2308  line segment
 1, 1551, 1553
*
  1.1520000E+01, 1.5007612E+00, 3.8076118E-01, -3.8076118E-01
* ELEM  2309  line segment
 1, 1551, 1764
*
  1.1900761E+01, 1.1200000E+00, -3.8076118E-01, 0.0000000E+00
* ELEM  2310  line segment
 1, 1554, 1553
*
  1.1694202E+01, 1.5729180E+00, -1.7420204E-01, -7.2156848E-02
* ELEM  2311  circular arc
 3, 1563, 1553
*
  1.2170000E+01, 1.7700000E+00, 5.1500000E-01, 2.0250000E+02, 4.5000000E+01
* ELEM  2312  line segment
 1, 1553, 1552
*
  1.1972918E+01, 1.2942020E+00, -7.2156848E-02, -1.7420204E-01
* ELEM  2313  line segment
 1, 1577, 1554
*
  1.1520000E+01, 2.0392388E+00, 0.0000000E+00, -5.3847763E-01
* ELEM  2314  line segment
 1, 1558, 1554
*
  1.1694202E+01, 1.9670820E+00, -1.7420204E-01, 7.2156848E-02
* ELEM  2315  circular arc
 3, 1563, 1554
*
  1.2170000E+01, 1.7700000E+00, 5.1500000E-01, 1.5750000E+02, 4.5000000E+01
* ELEM  2316  line segment
 1, 373, 374
*
  1.5007612E+00, 1.2820000E+01, -3.8076118E-01, -3.8076118E-01
* ELEM  2317  line segment
 1, 376, 374
*
  1.5729180E+00, 1.2645798E+01, -7.2156848E-02, 1.7420204E-01
* ELEM  2318  line segment
 1, 373, 1767
*
  1.1200000E+00, 1.2439239E+01, 0.0000000E+00, 3.8076118E-01
* ELEM  2319  line segment
 1, 373, 183
*
  1.1200000E+00, 1.2820000E+01, 3.8076118E-01, 0.0000000E+00
* ELEM  2320  line segment
 1, 375, 352
*
  2.4200000E+00, 1.2439239E+01, 0.0000000E+00, -5.3847763E-01
* ELEM  2321  line segment
 1, 356, 352
*
  2.5942020E+00, 1.2367082E+01, -1.7420204E-01, 7.2156848E-02
* ELEM  2322  circular arc
 3, 361, 352
*
  3.0700000E+00, 1.2170000E+01, 5.1500000E-01, 1.5750000E+02, 4.5000000E+01
* ELEM  2323  line segment
 1, 375, 378
*
  2.2457980E+00, 1.2367082E+01, 1.7420204E-01, 7.2156848E-02
* ELEM  2324  circular arc
 3, 361, 357
*
  3.0700000E+00, 1.2170000E+01, 5.1500000E-01, 0.0000000E+00, 2.2500000E+01
* ELEM  2325  circular arc
 3, 361, 360
*
  3.0700000E+00, 1.2170000E+01, 5.1500000E-01, 2.2500000E+01, 4.5000000E+01
* ELEM  2326  circular arc
 3, 361, 358
*
  3.0700000E+00, 1.2170000E+01, 5.1500000E-01, 6.7500000E+01, 4.5000000E+01
* ELEM  2327  circular arc
 3, 361, 356
*
  3.0700000E+00, 1.2170000E+01, 5.1500000E-01, 1.1250000E+02, 4.5000000E+01
* ELEM  2328  circular arc
 3, 361, 354
*
  3.0700000E+00, 1.2170000E+01, 5.1500000E-01, 2.9250000E+02, 4.5000000E+01
* ELEM  2329  circular arc
 3, 361, 357
*
  3.0700000E+00, 1.2170000E+01, 5.1500000E-01, 3.3750000E+02, 2.2500000E+01
* ELEM  2330  circle
 2, 362, 361
*
  3.0700000E+00, 1.2170000E+01, 4.4700000E-01, 0.0000000E+00
* ELEM  2331  line segment
 1, 354, 357
*
  3.5457980E+00, 1.1972918E+01, 1.7420204E-01, -7.2156848E-02
* ELEM  2332  line segment
 1, 353, 354
*
  3.3392388E+00, 1.1520000E+01, 3.8076118E-01, 3.8076118E-01
* ELEM  2333  line segment
 1, 353, 331
*
  3.7200000E+00, 1.1900761E+01, 0.0000000E+00, -3.8076118E-01
* ELEM  2334  line segment
 1, 331, 333
*
  3.7200000E+00, 1.1900761E+01, 3.8076118E-01, -3.8076118E-01
* ELEM  2335  line segment
 1, 334, 333
*
  3.8942020E+00, 1.1972918E+01, -1.7420204E-01, -7.2156848E-02
* ELEM  2336  circular arc
 3, 343, 333
*
  4.3700000E+00, 1.2170000E+01, 5.1500000E-01, 2.0250000E+02, 4.5000000E+01
* ELEM  2337  line segment
 1, 333, 332
*
  4.1729180E+00, 1.1694202E+01, -7.2156848E-02, -1.7420204E-01
* ELEM  2338  circular arc
 3, 343, 332
*
  4.3700000E+00, 1.2170000E+01, 5.1500000E-01, 2.4750000E+02, 4.5000000E+01
* ELEM  2339  line segment
 1, 332, 336
*
  4.5670820E+00, 1.1694202E+01, 7.2156848E-02, -1.7420204E-01
* ELEM  2340  line segment
 1, 526, 332
*
  4.1007612E+00, 1.1520000E+01, 5.3847763E-01, 0.0000000E+00
* ELEM  2341  line segment
 1, 1365, 1367
*
  1.1520000E+01, 2.8007612E+00, 3.8076118E-01, -3.8076118E-01
* ELEM  2342  line segment
 1, 1557, 1365
*
  1.1520000E+01, 2.4200000E+00, 3.8076118E-01, 0.0000000E+00
* ELEM  2343  line segment
 1, 1368, 1367
*
  1.1694202E+01, 2.8729180E+00, -1.7420204E-01, -7.2156848E-02
* ELEM  2344  circular arc
 3, 1377, 1367
*
  1.2170000E+01, 3.0700000E+00, 5.1500000E-01, 2.0250000E+02, 4.5000000E+01
* ELEM  2345  line segment
 1, 1367, 1366
*
  1.1972918E+01, 2.5942020E+00, -7.2156848E-02, -1.7420204E-01
* ELEM  2346  line segment
 1, 1391, 1368
*
  1.1520000E+01, 3.3392388E+00, 0.0000000E+00, -5.3847763E-01
* ELEM  2347  line segment
 1, 1372, 1368
*
  1.1694202E+01, 3.2670820E+00, -1.7420204E-01, 7.2156848E-02
* ELEM  2348  circular arc
 3, 1377, 1368
*
  1.2170000E+01, 3.0700000E+00, 5.1500000E-01, 1.5750000E+02, 4.5000000E+01
* ELEM  2349  line segment
 1, 1391, 1394
*
  1.1345798E+01, 3.2670820E+00, 1.7420204E-01, 7.2156848E-02
* ELEM  2350  line segment
 1, 1557, 1558
*
  1.1900761E+01, 2.4200000E+00, -3.8076118E-01, -3.8076118E-01
* ELEM  2351  line segment
 1, 1560, 1558
*
  1.1972918E+01, 2.2457980E+00, -7.2156848E-02, 1.7420204E-01
* ELEM  2352  circular arc
 3, 1563, 1558
*
  1.2170000E+01, 1.7700000E+00, 5.1500000E-01, 1.1250000E+02, 4.5000000E+01
* ELEM  2353  line segment
 1, 1204, 1207
*
  1.1345798E+01, 4.1729180E+00, 1.7420204E-01, -7.2156848E-02
* ELEM  2354  line segment
 1, 1203, 1204
*
  1.1139239E+01, 3.7200000E+00, 3.8076118E-01, 3.8076118E-01
* ELEM  2355  line segment
 1, 1203, 1179
*
  1.1520000E+01, 4.1007612E+00, 0.0000000E+00, -3.8076118E-01
* ELEM  2356  line segment
 1, 1393, 1203
*
  1.1139239E+01, 3.7200000E+00, 3.8076118E-01, 0.0000000E+00
* ELEM  2357  line segment
 1, 1393, 1394
*
  1.1520000E+01, 3.3392388E+00, -3.8076118E-01, 3.8076118E-01
* ELEM  2358  line segment
 1, 1393, 1371
*
  1.1520000E+01, 3.7200000E+00, 0.0000000E+00, -3.8076118E-01
* ELEM  2359  line segment
 1, 1031, 1033
*
  1.1520000E+01, 5.4007612E+00, 3.8076118E-01, -3.8076118E-01
* ELEM  2360  line segment
 1, 1185, 1031
*
  1.1520000E+01, 5.0200000E+00, 3.8076118E-01, 0.0000000E+00
* ELEM  2361  line segment
 1, 1034, 1033
*
  1.1694202E+01, 5.4729180E+00, -1.7420204E-01, -7.2156848E-02
* ELEM  2362  circular arc
 3, 1043, 1033
*
  1.2170000E+01, 5.6700000E+00, 5.1500000E-01, 2.0250000E+02, 4.5000000E+01
* ELEM  2363  line segment
 1, 1033, 1032
*
  1.1972918E+01, 5.1942020E+00, -7.2156848E-02, -1.7420204E-01
* ELEM  2364  line segment
 1, 1057, 1034
*
  1.1520000E+01, 5.9392388E+00, 0.0000000E+00, -5.3847763E-01
* ELEM  2365  line segment
 1, 1038, 1034
*
  1.1694202E+01, 5.8670820E+00, -1.7420204E-01, 7.2156848E-02
* ELEM  2366  circular arc
 3, 1043, 1034
*
  1.2170000E+01, 5.6700000E+00, 5.1500000E-01, 1.5750000E+02, 4.5000000E+01
* ELEM  2367  line segment
 1, 1057, 1060
*
  1.1345798E+01, 5.8670820E+00, 1.7420204E-01, 7.2156848E-02
* ELEM  2368  line segment
 1, 1185, 1186
*
  1.1900761E+01, 5.0200000E+00, -3.8076118E-01, -3.8076118E-01
* ELEM  2369  line segment
 1, 1207, 1182
*
  1.1520000E+01, 4.6392388E+00, 0.0000000E+00, -5.3847763E-01
* ELEM  2370  line segment
 1, 1186, 1182
*
  1.1694202E+01, 4.5670820E+00, -1.7420204E-01, 7.2156848E-02
* ELEM  2371  circular arc
 3, 1191, 1182
*
  1.2170000E+01, 4.3700000E+00, 5.1500000E-01, 1.5750000E+02, 4.5000000E+01
* ELEM  2372  line segment
 1, 1182, 1181
*
  1.1694202E+01, 4.1729180E+00, -1.7420204E-01, -7.2156848E-02
* ELEM  2373  line segment
 1, 1188, 1186
*
  1.1972918E+01, 4.8457980E+00, -7.2156848E-02, 1.7420204E-01
* ELEM  2374  circular arc
 3, 1191, 1186
*
  1.2170000E+01, 4.3700000E+00, 5.1500000E-01, 1.1250000E+02, 4.5000000E+01
* ELEM  2375  line segment
 1, 908, 911
*
  1.1345798E+01, 6.7729180E+00, 1.7420204E-01, -7.2156848E-02
* ELEM  2376  line segment
 1, 907, 908
*
  1.1139239E+01, 6.3200000E+00, 3.8076118E-01, 3.8076118E-01
* ELEM  2377  line segment
 1, 907, 883
*
  1.1520000E+01, 6.7007612E+00, 0.0000000E+00, -3.8076118E-01
* ELEM  2378  line segment
 1, 1059, 907
*
  1.1139239E+01, 6.3200000E+00, 3.8076118E-01, 0.0000000E+00
* ELEM  2379  line segment
 1, 1059, 1060
*
  1.1520000E+01, 5.9392388E+00, -3.8076118E-01, 3.8076118E-01
* ELEM  2380  line segment
 1, 1059, 1037
*
  1.1520000E+01, 6.3200000E+00, 0.0000000E+00, -3.8076118E-01
* ELEM  2381  line segment
 1, 737, 739
*
  1.1520000E+01, 8.0007612E+00, 3.8076118E-01, -3.8076118E-01
* ELEM  2382  line segment
 1, 889, 737
*
  1.1520000E+01, 7.6200000E+00, 3.8076118E-01, 0.0000000E+00
* ELEM  2383  line segment
 1, 740, 739
*
  1.1694202E+01, 8.0729180E+00, -1.7420204E-01, -7.2156848E-02
* ELEM  2384  circular arc
 3, 749, 739
*
  1.2170000E+01, 8.2700000E+00, 5.1500000E-01, 2.0250000E+02, 4.5000000E+01
* ELEM  2385  line segment
 1, 739, 738
*
  1.1972918E+01, 7.7942020E+00, -7.2156848E-02, -1.7420204E-01
* ELEM  2386  line segment
 1, 763, 740
*
  1.1520000E+01, 8.5392388E+00, 0.0000000E+00, -5.3847763E-01
* ELEM  2387  line segment
 1, 744, 740
*
  1.1694202E+01, 8.4670820E+00, -1.7420204E-01, 7.2156848E-02
* ELEM  2388  circular arc
 3, 749, 740
*
  1.2170000E+01, 8.2700000E+00, 5.1500000E-01, 1.5750000E+02, 4.5000000E+01
* ELEM  2389  line segment
 1, 763, 766
*
  1.1345798E+01, 8.4670820E+00, 1.7420204E-01, 7.2156848E-02
* ELEM  2390  line segment
 1, 889, 890
*
  1.1900761E+01, 7.6200000E+00, -3.8076118E-01, -3.8076118E-01
* ELEM  2391  line segment
 1, 911, 886
*
  1.1520000E+01, 7.2392388E+00, 0.0000000E+00, -5.3847763E-01
* ELEM  2392  line segment
 1, 890, 886
*
  1.1694202E+01, 7.1670820E+00, -1.7420204E-01, 7.2156848E-02
* ELEM  2393  circular arc
 3, 895, 886
*
  1.2170000E+01, 6.9700000E+00, 5.1500000E-01, 1.5750000E+02, 4.5000000E+01
* ELEM  2394  line segment
 1, 886, 885
*
  1.1694202E+01, 6.7729180E+00, -1.7420204E-01, -7.2156848E-02
* ELEM  2395  line segment
 1, 892, 890
*
  1.1972918E+01, 7.4457980E+00, -7.2156848E-02, 1.7420204E-01
* ELEM  2396  circular arc
 3, 895, 890
*
  1.2170000E+01, 6.9700000E+00, 5.1500000E-01, 1.1250000E+02, 4.5000000E+01
* ELEM  2397  line segment
 1, 618, 616
*
  1.0672918E+01, 1.0045798E+01, -7.2156848E-02, 1.7420204E-01
* ELEM  2398  circular arc
 3, 621, 616
*
  1.0870000E+01, 9.5700000E+00, 5.1500000E-01, 1.1250000E+02, 4.5000000E+01
* ELEM  2399  circular arc
 3, 621, 617
*
  1.0870000E+01, 9.5700000E+00, 5.1500000E-01, 0.0000000E+00, 2.2500000E+01
* ELEM  2400  circular arc
 3, 621, 620
*
  1.0870000E+01, 9.5700000E+00, 5.1500000E-01, 2.2500000E+01, 4.5000000E+01
* ELEM  2401  circular arc
 3, 621, 618
*
  1.0870000E+01, 9.5700000E+00, 5.1500000E-01, 6.7500000E+01, 4.5000000E+01
* ELEM  2402  circular arc
 3, 621, 614
*
  1.0870000E+01, 9.5700000E+00, 5.1500000E-01, 2.9250000E+02, 4.5000000E+01
* ELEM  2403  circular arc
 3, 621, 617
*
  1.0870000E+01, 9.5700000E+00, 5.1500000E-01, 3.3750000E+02, 2.2500000E+01
* ELEM  2404  circle
 2, 622, 621
*
  1.0870000E+01, 9.5700000E+00, 4.4700000E-01, 0.0000000E+00
* ELEM  2405  line segment
 1, 614, 617
*
  1.1345798E+01, 9.3729180E+00, 1.7420204E-01, -7.2156848E-02
* ELEM  2406  line segment
 1, 613, 614
*
  1.1139239E+01, 8.9200000E+00, 3.8076118E-01, 3.8076118E-01
* ELEM  2407  line segment
 1, 613, 591
*
  1.1520000E+01, 9.3007612E+00, 0.0000000E+00, -3.8076118E-01
* ELEM  2408  line segment
 1, 765, 613
*
  1.1139239E+01, 8.9200000E+00, 3.8076118E-01, 0.0000000E+00
* ELEM  2409  line segment
 1, 765, 766
*
  1.1520000E+01, 8.5392388E+00, -3.8076118E-01, 3.8076118E-01
* ELEM  2410  line segment
 1, 765, 743
*
  1.1520000E+01, 8.9200000E+00, 0.0000000E+00, -3.8076118E-01
* ELEM  2411  circular arc
 3, 453, 446
*
  9.5700000E+00, 1.0870000E+01, 5.1500000E-01, 2.9250000E+02, 4.5000000E+01
* ELEM  2412  line segment
 1, 446, 449
*
  1.0045798E+01, 1.0672918E+01, 1.7420204E-01, -7.2156848E-02
* ELEM  2413  line segment
 1, 426, 425
*
  1.0394202E+01, 1.0672918E+01, -1.7420204E-01, -7.2156848E-02
* ELEM  2414  circular arc
 3, 435, 425
*
  1.0870000E+01, 1.0870000E+01, 5.1500000E-01, 2.0250000E+02, 4.5000000E+01
* ELEM  2415  line segment
 1, 425, 424
*
  1.0672918E+01, 1.0394202E+01, -7.2156848E-02, -1.7420204E-01
* ELEM  2416  line segment
 1, 449, 426
*
  1.0220000E+01, 1.1139239E+01, 0.0000000E+00, -5.3847763E-01
* ELEM  2417  line segment
 1, 430, 426
*
  1.0394202E+01, 1.1067082E+01, -1.7420204E-01, 7.2156848E-02
* ELEM  2418  circular arc
 3, 435, 426
*
  1.0870000E+01, 1.0870000E+01, 5.1500000E-01, 1.5750000E+02, 4.5000000E+01
* ELEM  2419  circular arc
 3, 453, 449
*
  9.5700000E+00, 1.0870000E+01, 5.1500000E-01, 3.3750000E+02, 2.2500000E+01
* ELEM  2420  circular arc
 3, 453, 449
*
  9.5700000E+00, 1.0870000E+01, 5.1500000E-01, 0.0000000E+00, 2.2500000E+01
* ELEM  2421  line segment
 1, 449, 452
*
  1.0045798E+01, 1.1067082E+01, 1.7420204E-01, 7.2156848E-02
* ELEM  2422  circular arc
 3, 435, 424
*
  1.0870000E+01, 1.0870000E+01, 5.1500000E-01, 2.4750000E+02, 4.5000000E+01
* ELEM  2423  line segment
 1, 424, 428
*
  1.1067082E+01, 1.0394202E+01, 7.2156848E-02, -1.7420204E-01
* ELEM  2424  line segment
 1, 618, 424
*
  1.0600761E+01, 1.0220000E+01, 5.3847763E-01, 0.0000000E+00
* ELEM  2425  line segment
 1, 620, 618
*
  1.1067082E+01, 1.0045798E+01, 7.2156848E-02, 1.7420204E-01
* ELEM  2426  line segment
 1, 299, 300
*
  7.2392388E+00, 1.1520000E+01, 3.8076118E-01, 3.8076118E-01
* ELEM  2427  line segment
 1, 299, 275
*
  7.6200000E+00, 1.1900761E+01, 0.0000000E+00, -3.8076118E-01
* ELEM  2428  line segment
 1, 275, 277
*
  7.6200000E+00, 1.1900761E+01, 3.8076118E-01, -3.8076118E-01
* ELEM  2429  line segment
 1, 278, 277
*
  7.7942020E+00, 1.1972918E+01, -1.7420204E-01, -7.2156848E-02
* ELEM  2430  circular arc
 3, 287, 277
*
  8.2700000E+00, 1.2170000E+01, 5.1500000E-01, 2.0250000E+02, 4.5000000E+01
* ELEM  2431  line segment
 1, 277, 276
*
  8.0729180E+00, 1.1694202E+01, -7.2156848E-02, -1.7420204E-01
* ELEM  2432  circular arc
 3, 287, 276
*
  8.2700000E+00, 1.2170000E+01, 5.1500000E-01, 2.4750000E+02, 4.5000000E+01
* ELEM  2433  line segment
 1, 276, 280
*
  8.4670820E+00, 1.1694202E+01, 7.2156848E-02, -1.7420204E-01
* ELEM  2434  line segment
 1, 470, 276
*
  8.0007612E+00, 1.1520000E+01, 5.3847763E-01, 0.0000000E+00
* ELEM  2435  line segment
 1, 472, 470
*
  8.4670820E+00, 1.1345798E+01, 7.2156848E-02, 1.7420204E-01
* ELEM  2436  line segment
 1, 297, 296
*
  6.7729180E+00, 1.1694202E+01, -7.2156848E-02, -1.7420204E-01
* ELEM  2437  circular arc
 3, 307, 296
*
  6.9700000E+00, 1.2170000E+01, 5.1500000E-01, 2.4750000E+02, 4.5000000E+01
* ELEM  2438  line segment
 1, 296, 300
*
  7.1670820E+00, 1.1694202E+01, 7.2156848E-02, -1.7420204E-01
* ELEM  2439  line segment
 1, 488, 296
*
  6.7007612E+00, 1.1520000E+01, 5.3847763E-01, 0.0000000E+00
* ELEM  2440  line segment
 1, 488, 486
*
  6.7729180E+00, 1.1345798E+01, -7.2156848E-02, 1.7420204E-01
* ELEM  2441  circular arc
 3, 307, 300
*
  6.9700000E+00, 1.2170000E+01, 5.1500000E-01, 2.9250000E+02, 4.5000000E+01
* ELEM  2442  line segment
 1, 300, 303
*
  7.4457980E+00, 1.1972918E+01, 1.7420204E-01, -7.2156848E-02
* ELEM  2443  circular arc
 3, 453, 452
*
  9.5700000E+00, 1.0870000E+01, 5.1500000E-01, 2.2500000E+01, 4.5000000E+01
* ELEM  2444  circular arc
 3, 453, 450
*
  9.5700000E+00, 1.0870000E+01, 5.1500000E-01, 6.7500000E+01, 4.5000000E+01
* ELEM  2445  circular arc
 3, 453, 448
*
  9.5700000E+00, 1.0870000E+01, 5.1500000E-01, 1.1250000E+02, 4.5000000E+01
* ELEM  2446  circle
 2, 454, 453
*
  9.5700000E+00, 1.0870000E+01, 4.4700000E-01, 0.0000000E+00
* ELEM  2447  line segment
 1, 447, 448
*
  9.3007612E+00, 1.1520000E+01, -3.8076118E-01, -3.8076118E-01
* ELEM  2448  line segment
 1, 450, 448
*
  9.3729180E+00, 1.1345798E+01, -7.2156848E-02, 1.7420204E-01
* ELEM  2449  line segment
 1, 471, 472
*
  8.9200000E+00, 1.1139239E+01, -3.8076118E-01, 3.8076118E-01
* ELEM  2450  line segment
 1, 471, 279
*
  8.5392388E+00, 1.1520000E+01, 3.8076118E-01, 0.0000000E+00
* ELEM  2451  line segment
 1, 471, 447
*
  8.9200000E+00, 1.1520000E+01, 0.0000000E+00, -3.8076118E-01
* ELEM  2452  line segment
 1, 447, 257
*
  8.9200000E+00, 1.1520000E+01, 3.8076118E-01, 0.0000000E+00
* ELEM  2453  line segment
 1, 335, 336
*
  4.6392388E+00, 1.1520000E+01, 3.8076118E-01, 3.8076118E-01
* ELEM  2454  line segment
 1, 335, 313
*
  5.0200000E+00, 1.1900761E+01, 0.0000000E+00, -3.8076118E-01
* ELEM  2455  line segment
 1, 313, 315
*
  5.0200000E+00, 1.1900761E+01, 3.8076118E-01, -3.8076118E-01
* ELEM  2456  line segment
 1, 316, 315
*
  5.1942020E+00, 1.1972918E+01, -1.7420204E-01, -7.2156848E-02
* ELEM  2457  circular arc
 3, 325, 315
*
  5.6700000E+00, 1.2170000E+01, 5.1500000E-01, 2.0250000E+02, 4.5000000E+01
* ELEM  2458  line segment
 1, 315, 314
*
  5.4729180E+00, 1.1694202E+01, -7.2156848E-02, -1.7420204E-01
* ELEM  2459  circular arc
 3, 325, 314
*
  5.6700000E+00, 1.2170000E+01, 5.1500000E-01, 2.4750000E+02, 4.5000000E+01
* ELEM  2460  line segment
 1, 314, 318
*
  5.8670820E+00, 1.1694202E+01, 7.2156848E-02, -1.7420204E-01
* ELEM  2461  line segment
 1, 508, 314
*
  5.4007612E+00, 1.1520000E+01, 5.3847763E-01, 0.0000000E+00
* ELEM  2462  line segment
 1, 510, 508
*
  5.8670820E+00, 1.1345798E+01, 7.2156848E-02, 1.7420204E-01
* ELEM  2463  circular arc
 3, 343, 336
*
  4.3700000E+00, 1.2170000E+01, 5.1500000E-01, 2.9250000E+02, 4.5000000E+01
* ELEM  2464  line segment
 1, 336, 339
*
  4.8457980E+00, 1.1972918E+01, 1.7420204E-01, -7.2156848E-02
* ELEM  2465  line segment
 1, 485, 486
*
  6.7007612E+00, 1.1520000E+01, -3.8076118E-01, -3.8076118E-01
* ELEM  2466  line segment
 1, 509, 510
*
  6.3200000E+00, 1.1139239E+01, -3.8076118E-01, 3.8076118E-01
* ELEM  2467  line segment
 1, 509, 317
*
  5.9392388E+00, 1.1520000E+01, 3.8076118E-01, 0.0000000E+00
* ELEM  2468  line segment
 1, 509, 485
*
  6.3200000E+00, 1.1520000E+01, 0.0000000E+00, -3.8076118E-01
* ELEM  2469  line segment
 1, 485, 295
*
  6.3200000E+00, 1.1520000E+01, 3.8076118E-01, 0.0000000E+00
* ELEM  2470  circular arc
 3, 1563, 1552
*
  1.2170000E+01, 1.7700000E+00, 5.1500000E-01, 2.4750000E+02, 4.5000000E+01
* ELEM  2471  line segment
 1, 1552, 1556
*
  1.2367082E+01, 1.2942020E+00, 7.2156848E-02, -1.7420204E-01
* ELEM  2472  line segment
 1, 1764, 1552
*
  1.1900761E+01, 1.1200000E+00, 5.3847763E-01, 0.0000000E+00
* ELEM  2473  circular arc
 3, 1563, 1559
*
  1.2170000E+01, 1.7700000E+00, 5.1500000E-01, 0.0000000E+00, 2.2500000E+01
* ELEM  2474  circular arc
 3, 1563, 1562
*
  1.2170000E+01, 1.7700000E+00, 5.1500000E-01, 2.2500000E+01, 4.5000000E+01
* ELEM  2475  circular arc
 3, 1563, 1560
*
  1.2170000E+01, 1.7700000E+00, 5.1500000E-01, 6.7500000E+01, 4.5000000E+01
* ELEM  2476  circular arc
 3, 1563, 1556
*
  1.2170000E+01, 1.7700000E+00, 5.1500000E-01, 2.9250000E+02, 4.5000000E+01
* ELEM  2477  circular arc
 3, 1563, 1559
*
  1.2170000E+01, 1.7700000E+00, 5.1500000E-01, 3.3750000E+02, 2.2500000E+01
* ELEM  2478  circle
 2, 1564, 1563
*
  1.2170000E+01, 1.7700000E+00, 4.4700000E-01, 0.0000000E+00
* ELEM  2479  line segment
 1, 183, 1840
*
  1.1200000E+00, 1.2820000E+01, 0.0000000E+00, 3.8076118E-01
* ELEM  2480  line segment
 1, 183, 185
*
  1.1200000E+00, 1.3200761E+01, 3.8076118E-01, -3.8076118E-01
* ELEM  2481  line segment
 1, 186, 185
*
  1.2942020E+00, 1.3272918E+01, -1.7420204E-01, -7.2156848E-02
* ELEM  2482  circular arc
 3, 195, 185
*
  1.7700000E+00, 1.3470000E+01, 5.1500000E-01, 2.0250000E+02, 4.5000000E+01
* ELEM  2483  line segment
 1, 185, 184
*
  1.5729180E+00, 1.2994202E+01, -7.2156848E-02, -1.7420204E-01
* ELEM  2484  circular arc
 3, 195, 184
*
  1.7700000E+00, 1.3470000E+01, 5.1500000E-01, 2.4750000E+02, 4.5000000E+01
* ELEM  2485  line segment
 1, 184, 188
*
  1.9670820E+00, 1.2994202E+01, 7.2156848E-02, -1.7420204E-01
* ELEM  2486  line segment
 1, 376, 184
*
  1.5007612E+00, 1.2820000E+01, 5.3847763E-01, 0.0000000E+00
* ELEM  2487  line segment
 1, 378, 376
*
  1.9670820E+00, 1.2645798E+01, 7.2156848E-02, 1.7420204E-01
* ELEM  2488  line segment
 1, 355, 356
*
  2.8007612E+00, 1.2820000E+01, -3.8076118E-01, -3.8076118E-01
* ELEM  2489  line segment
 1, 358, 356
*
  2.8729180E+00, 1.2645798E+01, -7.2156848E-02, 1.7420204E-01
* ELEM  2490  line segment
 1, 377, 378
*
  2.4200000E+00, 1.2439239E+01, -3.8076118E-01, 3.8076118E-01
* ELEM  2491  line segment
 1, 377, 187
*
  2.0392388E+00, 1.2820000E+01, 3.8076118E-01, 0.0000000E+00
* ELEM  2492  line segment
 1, 377, 355
*
  2.4200000E+00, 1.2820000E+01, 0.0000000E+00, -3.8076118E-01
* ELEM  2493  line segment
 1, 355, 165
*
  2.4200000E+00, 1.2820000E+01, 3.8076118E-01, 0.0000000E+00
* ELEM  2494  line segment
 1, 357, 334
*
  3.7200000E+00, 1.2439239E+01, 0.0000000E+00, -5.3847763E-01
* ELEM  2495  line segment
 1, 338, 334
*
  3.8942020E+00, 1.2367082E+01, -1.7420204E-01, 7.2156848E-02
* ELEM  2496  circular arc
 3, 343, 334
*
  4.3700000E+00, 1.2170000E+01, 5.1500000E-01, 1.5750000E+02, 4.5000000E+01
* ELEM  2497  line segment
 1, 357, 360
*
  3.5457980E+00, 1.2367082E+01, 1.7420204E-01, 7.2156848E-02
* ELEM  2498  circular arc
 3, 343, 339
*
  4.3700000E+00, 1.2170000E+01, 5.1500000E-01, 0.0000000E+00, 2.2500000E+01
* ELEM  2499  circular arc
 3, 343, 342
*
  4.3700000E+00, 1.2170000E+01, 5.1500000E-01, 2.2500000E+01, 4.5000000E+01
* ELEM  2500  circular arc
 3, 343, 340
*
  4.3700000E+00, 1.2170000E+01, 5.1500000E-01, 6.7500000E+01, 4.5000000E+01
* ELEM  2501  circular arc
 3, 343, 338
*
  4.3700000E+00, 1.2170000E+01, 5.1500000E-01, 1.1250000E+02, 4.5000000E+01
* ELEM  2502  circular arc
 3, 343, 339
*
  4.3700000E+00, 1.2170000E+01, 5.1500000E-01, 3.3750000E+02, 2.2500000E+01
* ELEM  2503  circle
 2, 344, 343
*
  4.3700000E+00, 1.2170000E+01, 4.4700000E-01, 0.0000000E+00
* ELEM  2504  circular arc
 3, 1377, 1366
*
  1.2170000E+01, 3.0700000E+00, 5.1500000E-01, 2.4750000E+02, 4.5000000E+01
* ELEM  2505  line segment
 1, 1366, 1370
*
  1.2367082E+01, 2.5942020E+00, 7.2156848E-02, -1.7420204E-01
* ELEM  2506  line segment
 1, 1560, 1366
*
  1.1900761E+01, 2.4200000E+00, 5.3847763E-01, 0.0000000E+00
* ELEM  2507  line segment
 1, 1562, 1560
*
  1.2367082E+01, 2.2457980E+00, 7.2156848E-02, 1.7420204E-01
* ELEM  2508  circular arc
 3, 1377, 1373
*
  1.2170000E+01, 3.0700000E+00, 5.1500000E-01, 0.0000000E+00, 2.2500000E+01
* ELEM  2509  circular arc
 3, 1377, 1376
*
  1.2170000E+01, 3.0700000E+00, 5.1500000E-01, 2.2500000E+01, 4.5000000E+01
* ELEM  2510  circular arc
 3, 1377, 1374
*
  1.2170000E+01, 3.0700000E+00, 5.1500000E-01, 6.7500000E+01, 4.5000000E+01
* ELEM  2511  circular arc
 3, 1377, 1372
*
  1.2170000E+01, 3.0700000E+00, 5.1500000E-01, 1.1250000E+02, 4.5000000E+01
* ELEM  2512  circular arc
 3, 1377, 1370
*
  1.2170000E+01, 3.0700000E+00, 5.1500000E-01, 2.9250000E+02, 4.5000000E+01
* ELEM  2513  circular arc
 3, 1377, 1373
*
  1.2170000E+01, 3.0700000E+00, 5.1500000E-01, 3.3750000E+02, 2.2500000E+01
* ELEM  2514  circle
 2, 1378, 1377
*
  1.2170000E+01, 3.0700000E+00, 4.4700000E-01, 0.0000000E+00
* ELEM  2515  line segment
 1, 1371, 1372
*
  1.1900761E+01, 3.7200000E+00, -3.8076118E-01, -3.8076118E-01
* ELEM  2516  line segment
 1, 1374, 1372
*
  1.1972918E+01, 3.5457980E+00, -7.2156848E-02, 1.7420204E-01
* ELEM  2517  line segment
 1, 1371, 1179
*
  1.1520000E+01, 3.7200000E+00, 3.8076118E-01, 0.0000000E+00
* ELEM  2518  line segment
 1, 1179, 1181
*
  1.1520000E+01, 4.1007612E+00, 3.8076118E-01, -3.8076118E-01
* ELEM  2519  circular arc
 3, 1191, 1181
*
  1.2170000E+01, 4.3700000E+00, 5.1500000E-01, 2.0250000E+02, 4.5000000E+01
* ELEM  2520  line segment
 1, 1181, 1180
*
  1.1972918E+01, 3.8942020E+00, -7.2156848E-02, -1.7420204E-01
* ELEM  2521  circular arc
 3, 1043, 1032
*
  1.2170000E+01, 5.6700000E+00, 5.1500000E-01, 2.4750000E+02, 4.5000000E+01
* ELEM  2522  line segment
 1, 1032, 1036
*
  1.2367082E+01, 5.1942020E+00, 7.2156848E-02, -1.7420204E-01
* ELEM  2523  line segment
 1, 1188, 1032
*
  1.1900761E+01, 5.0200000E+00, 5.3847763E-01, 0.0000000E+00
* ELEM  2524  line segment
 1, 1190, 1188
*
  1.2367082E+01, 4.8457980E+00, 7.2156848E-02, 1.7420204E-01
* ELEM  2525  circular arc
 3, 1191, 1188
*
  1.2170000E+01, 4.3700000E+00, 5.1500000E-01, 6.7500000E+01, 4.5000000E+01
* ELEM  2526  circular arc
 3, 1043, 1039
*
  1.2170000E+01, 5.6700000E+00, 5.1500000E-01, 0.0000000E+00, 2.2500000E+01
* ELEM  2527  circular arc
 3, 1043, 1042
*
  1.2170000E+01, 5.6700000E+00, 5.1500000E-01, 2.2500000E+01, 4.5000000E+01
* ELEM  2528  circular arc
 3, 1043, 1040
*
  1.2170000E+01, 5.6700000E+00, 5.1500000E-01, 6.7500000E+01, 4.5000000E+01
* ELEM  2529  circular arc
 3, 1043, 1038
*
  1.2170000E+01, 5.6700000E+00, 5.1500000E-01, 1.1250000E+02, 4.5000000E+01
* ELEM  2530  circular arc
 3, 1043, 1036
*
  1.2170000E+01, 5.6700000E+00, 5.1500000E-01, 2.9250000E+02, 4.5000000E+01
* ELEM  2531  circular arc
 3, 1043, 1039
*
  1.2170000E+01, 5.6700000E+00, 5.1500000E-01, 3.3750000E+02, 2.2500000E+01
* ELEM  2532  circle
 2, 1044, 1043
*
  1.2170000E+01, 5.6700000E+00, 4.4700000E-01, 0.0000000E+00
* ELEM  2533  line segment
 1, 1037, 1038
*
  1.1900761E+01, 6.3200000E+00, -3.8076118E-01, -3.8076118E-01
* ELEM  2534  line segment
 1, 1040, 1038
*
  1.1972918E+01, 6.1457980E+00, -7.2156848E-02, 1.7420204E-01
* ELEM  2535  line segment
 1, 1037, 883
*
  1.1520000E+01, 6.3200000E+00, 3.8076118E-01, 0.0000000E+00
* ELEM  2536  circular arc
 3, 1191, 1187
*
  1.2170000E+01, 4.3700000E+00, 5.1500000E-01, 0.0000000E+00, 2.2500000E+01
* ELEM  2537  circular arc
 3, 1191, 1190
*
  1.2170000E+01, 4.3700000E+00, 5.1500000E-01, 2.2500000E+01, 4.5000000E+01
* ELEM  2538  circular arc
 3, 1191, 1180
*
  1.2170000E+01, 4.3700000E+00, 5.1500000E-01, 2.4750000E+02, 4.5000000E+01
* ELEM  2539  circular arc
 3, 1191, 1184
*
  1.2170000E+01, 4.3700000E+00, 5.1500000E-01, 2.9250000E+02, 4.5000000E+01
* ELEM  2540  circular arc
 3, 1191, 1187
*
  1.2170000E+01, 4.3700000E+00, 5.1500000E-01, 3.3750000E+02, 2.2500000E+01
* ELEM  2541  circle
 2, 1192, 1191
*
  1.2170000E+01, 4.3700000E+00, 4.4700000E-01, 0.0000000E+00
* ELEM  2542  line segment
 1, 883, 885
*
  1.1520000E+01, 6.7007612E+00, 3.8076118E-01, -3.8076118E-01
* ELEM  2543  circular arc
 3, 895, 885
*
  1.2170000E+01, 6.9700000E+00, 5.1500000E-01, 2.0250000E+02, 4.5000000E+01
* ELEM  2544  line segment
 1, 885, 884
*
  1.1972918E+01, 6.4942020E+00, -7.2156848E-02, -1.7420204E-01
* ELEM  2545  circular arc
 3, 749, 738
*
  1.2170000E+01, 8.2700000E+00, 5.1500000E-01, 2.4750000E+02, 4.5000000E+01
* ELEM  2546  line segment
 1, 738, 742
*
  1.2367082E+01, 7.7942020E+00, 7.2156848E-02, -1.7420204E-01
* ELEM  2547  line segment
 1, 892, 738
*
  1.1900761E+01, 7.6200000E+00, 5.3847763E-01, 0.0000000E+00
* ELEM  2548  line segment
 1, 894, 892
*
  1.2367082E+01, 7.4457980E+00, 7.2156848E-02, 1.7420204E-01
* ELEM  2549  circular arc
 3, 895, 892
*
  1.2170000E+01, 6.9700000E+00, 5.1500000E-01, 6.7500000E+01, 4.5000000E+01
* ELEM  2550  circular arc
 3, 749, 745
*
  1.2170000E+01, 8.2700000E+00, 5.1500000E-01, 0.0000000E+00, 2.2500000E+01
* ELEM  2551  circular arc
 3, 749, 748
*
  1.2170000E+01, 8.2700000E+00, 5.1500000E-01, 2.2500000E+01, 4.5000000E+01
* ELEM  2552  circular arc
 3, 749, 746
*
  1.2170000E+01, 8.2700000E+00, 5.1500000E-01, 6.7500000E+01, 4.5000000E+01
* ELEM  2553  circular arc
 3, 749, 744
*
  1.2170000E+01, 8.2700000E+00, 5.1500000E-01, 1.1250000E+02, 4.5000000E+01
* ELEM  2554  circular arc
 3, 749, 742
*
  1.2170000E+01, 8.2700000E+00, 5.1500000E-01, 2.9250000E+02, 4.5000000E+01
* ELEM  2555  circular arc
 3, 749, 745
*
  1.2170000E+01, 8.2700000E+00, 5.1500000E-01, 3.3750000E+02, 2.2500000E+01
* ELEM  2556  circle
 2, 750, 749
*
  1.2170000E+01, 8.2700000E+00, 4.4700000E-01, 0.0000000E+00
* ELEM  2557  line segment
 1, 743, 744
*
  1.1900761E+01, 8.9200000E+00, -3.8076118E-01, -3.8076118E-01
* ELEM  2558  line segment
 1, 746, 744
*
  1.1972918E+01, 8.7457980E+00, -7.2156848E-02, 1.7420204E-01
* ELEM  2559  line segment
 1, 743, 591
*
  1.1520000E+01, 8.9200000E+00, 3.8076118E-01, 0.0000000E+00
* ELEM  2560  circular arc
 3, 895, 891
*
  1.2170000E+01, 6.9700000E+00, 5.1500000E-01, 0.0000000E+00, 2.2500000E+01
* ELEM  2561  circular arc
 3, 895, 894
*
  1.2170000E+01, 6.9700000E+00, 5.1500000E-01, 2.2500000E+01, 4.5000000E+01
* ELEM  2562  circular arc
 3, 895, 884
*
  1.2170000E+01, 6.9700000E+00, 5.1500000E-01, 2.4750000E+02, 4.5000000E+01
* ELEM  2563  circular arc
 3, 895, 888
*
  1.2170000E+01, 6.9700000E+00, 5.1500000E-01, 2.9250000E+02, 4.5000000E+01
* ELEM  2564  circular arc
 3, 895, 891
*
  1.2170000E+01, 6.9700000E+00, 5.1500000E-01, 3.3750000E+02, 2.2500000E+01
* ELEM  2565  circle
 2, 896, 895
*
  1.2170000E+01, 6.9700000E+00, 4.4700000E-01, 0.0000000E+00
* ELEM  2566  line segment
 1, 591, 593
*
  1.1520000E+01, 9.3007612E+00, 3.8076118E-01, -3.8076118E-01
* ELEM  2567  line segment
 1, 594, 593
*
  1.1694202E+01, 9.3729180E+00, -1.7420204E-01, -7.2156848E-02
* ELEM  2568  circular arc
 3, 603, 593
*
  1.2170000E+01, 9.5700000E+00, 5.1500000E-01, 2.0250000E+02, 4.5000000E+01
* ELEM  2569  line segment
 1, 593, 592
*
  1.1972918E+01, 9.0942020E+00, -7.2156848E-02, -1.7420204E-01
* ELEM  2570  line segment
 1, 617, 594
*
  1.1520000E+01, 9.8392388E+00, 0.0000000E+00, -5.3847763E-01
* ELEM  2571  line segment
 1, 598, 594
*
  1.1694202E+01, 9.7670820E+00, -1.7420204E-01, 7.2156848E-02
* ELEM  2572  circular arc
 3, 603, 594
*
  1.2170000E+01, 9.5700000E+00, 5.1500000E-01, 1.5750000E+02, 4.5000000E+01
* ELEM  2573  line segment
 1, 617, 620
*
  1.1345798E+01, 9.7670820E+00, 1.7420204E-01, 7.2156848E-02
* ELEM  2574  circular arc
 3, 435, 431
*
  1.0870000E+01, 1.0870000E+01, 5.1500000E-01, 0.0000000E+00, 2.2500000E+01
* ELEM  2575  circular arc
 3, 435, 434
*
  1.0870000E+01, 1.0870000E+01, 5.1500000E-01, 2.2500000E+01, 4.5000000E+01
* ELEM  2576  circular arc
 3, 435, 432
*
  1.0870000E+01, 1.0870000E+01, 5.1500000E-01, 6.7500000E+01, 4.5000000E+01
* ELEM  2577  circular arc
 3, 435, 430
*
  1.0870000E+01, 1.0870000E+01, 5.1500000E-01, 1.1250000E+02, 4.5000000E+01
* ELEM  2578  circular arc
 3, 435, 428
*
  1.0870000E+01, 1.0870000E+01, 5.1500000E-01, 2.9250000E+02, 4.5000000E+01
* ELEM  2579  circular arc
 3, 435, 431
*
  1.0870000E+01, 1.0870000E+01, 5.1500000E-01, 3.3750000E+02, 2.2500000E+01
* ELEM  2580  circle
 2, 436, 435
*
  1.0870000E+01, 1.0870000E+01, 4.4700000E-01, 0.0000000E+00
* ELEM  2581  line segment
 1, 429, 430
*
  1.0600761E+01, 1.1520000E+01, -3.8076118E-01, -3.8076118E-01
* ELEM  2582  line segment
 1, 432, 430
*
  1.0672918E+01, 1.1345798E+01, -7.2156848E-02, 1.7420204E-01
* ELEM  2583  line segment
 1, 451, 452
*
  1.0220000E+01, 1.1139239E+01, -3.8076118E-01, 3.8076118E-01
* ELEM  2584  line segment
 1, 451, 261
*
  9.8392388E+00, 1.1520000E+01, 3.8076118E-01, 0.0000000E+00
* ELEM  2585  line segment
 1, 451, 429
*
  1.0220000E+01, 1.1520000E+01, 0.0000000E+00, -3.8076118E-01
* ELEM  2586  line segment
 1, 429, 237
*
  1.0220000E+01, 1.1520000E+01, 3.8076118E-01, 0.0000000E+00
* ELEM  2587  line segment
 1, 452, 450
*
  9.7670820E+00, 1.1345798E+01, 7.2156848E-02, 1.7420204E-01
* ELEM  2588  line segment
 1, 428, 431
*
  1.1345798E+01, 1.0672918E+01, 1.7420204E-01, -7.2156848E-02
* ELEM  2589  line segment
 1, 427, 428
*
  1.1139239E+01, 1.0220000E+01, 3.8076118E-01, 3.8076118E-01
* ELEM  2590  line segment
 1, 427, 403
*
  1.1520000E+01, 1.0600761E+01, 0.0000000E+00, -3.8076118E-01
* ELEM  2591  line segment
 1, 619, 427
*
  1.1139239E+01, 1.0220000E+01, 3.8076118E-01, 0.0000000E+00
* ELEM  2592  line segment
 1, 619, 620
*
  1.1520000E+01, 9.8392388E+00, -3.8076118E-01, 3.8076118E-01
* ELEM  2593  line segment
 1, 619, 597
*
  1.1520000E+01, 1.0220000E+01, 0.0000000E+00, -3.8076118E-01
* ELEM  2594  line segment
 1, 303, 278
*
  7.6200000E+00, 1.2439239E+01, 0.0000000E+00, -5.3847763E-01
* ELEM  2595  line segment
 1, 282, 278
*
  7.7942020E+00, 1.2367082E+01, -1.7420204E-01, 7.2156848E-02
* ELEM  2596  circular arc
 3, 287, 278
*
  8.2700000E+00, 1.2170000E+01, 5.1500000E-01, 1.5750000E+02, 4.5000000E+01
* ELEM  2597  circular arc
 3, 307, 303
*
  6.9700000E+00, 1.2170000E+01, 5.1500000E-01, 3.3750000E+02, 2.2500000E+01
* ELEM  2598  circular arc
 3, 307, 303
*
  6.9700000E+00, 1.2170000E+01, 5.1500000E-01, 0.0000000E+00, 2.2500000E+01
* ELEM  2599  line segment
 1, 303, 306
*
  7.4457980E+00, 1.2367082E+01, 1.7420204E-01, 7.2156848E-02
* ELEM  2600  circular arc
 3, 287, 283
*
  8.2700000E+00, 1.2170000E+01, 5.1500000E-01, 0.0000000E+00, 2.2500000E+01
* ELEM  2601  circular arc
 3, 287, 286
*
  8.2700000E+00, 1.2170000E+01, 5.1500000E-01, 2.2500000E+01, 4.5000000E+01
* ELEM  2602  circular arc
 3, 287, 284
*
  8.2700000E+00, 1.2170000E+01, 5.1500000E-01, 6.7500000E+01, 4.5000000E+01
* ELEM  2603  circular arc
 3, 287, 282
*
  8.2700000E+00, 1.2170000E+01, 5.1500000E-01, 1.1250000E+02, 4.5000000E+01
* ELEM  2604  circular arc
 3, 287, 280
*
  8.2700000E+00, 1.2170000E+01, 5.1500000E-01, 2.9250000E+02, 4.5000000E+01
* ELEM  2605  circular arc
 3, 287, 283
*
  8.2700000E+00, 1.2170000E+01, 5.1500000E-01, 3.3750000E+02, 2.2500000E+01
* ELEM  2606  circle
 2, 288, 287
*
  8.2700000E+00, 1.2170000E+01, 4.4700000E-01, 0.0000000E+00
* ELEM  2607  line segment
 1, 280, 283
*
  8.7457980E+00, 1.1972918E+01, 1.7420204E-01, -7.2156848E-02
* ELEM  2608  line segment
 1, 279, 280
*
  8.5392388E+00, 1.1520000E+01, 3.8076118E-01, 3.8076118E-01
* ELEM  2609  line segment
 1, 279, 257
*
  8.9200000E+00, 1.1900761E+01, 0.0000000E+00, -3.8076118E-01
* ELEM  2610  circular arc
 3, 307, 306
*
  6.9700000E+00, 1.2170000E+01, 5.1500000E-01, 2.2500000E+01, 4.5000000E+01
* ELEM  2611  circular arc
 3, 307, 304
*
  6.9700000E+00, 1.2170000E+01, 5.1500000E-01, 6.7500000E+01, 4.5000000E+01
* ELEM  2612  circular arc
 3, 307, 302
*
  6.9700000E+00, 1.2170000E+01, 5.1500000E-01, 1.1250000E+02, 4.5000000E+01
* ELEM  2613  circular arc
 3, 307, 298
*
  6.9700000E+00, 1.2170000E+01, 5.1500000E-01, 1.5750000E+02, 4.5000000E+01
* ELEM  2614  circular arc
 3, 307, 297
*
  6.9700000E+00, 1.2170000E+01, 5.1500000E-01, 2.0250000E+02, 4.5000000E+01
* ELEM  2615  circle
 2, 308, 307
*
  6.9700000E+00, 1.2170000E+01, 4.4700000E-01, 0.0000000E+00
* ELEM  2616  line segment
 1, 317, 295
*
  6.3200000E+00, 1.1900761E+01, 0.0000000E+00, -3.8076118E-01
* ELEM  2617  line segment
 1, 295, 297
*
  6.3200000E+00, 1.1900761E+01, 3.8076118E-01, -3.8076118E-01
* ELEM  2618  line segment
 1, 298, 297
*
  6.4942020E+00, 1.1972918E+01, -1.7420204E-01, -7.2156848E-02
* ELEM  2619  line segment
 1, 257, 259
*
  8.9200000E+00, 1.1900761E+01, 3.8076118E-01, -3.8076118E-01
* ELEM  2620  line segment
 1, 260, 259
*
  9.0942020E+00, 1.1972918E+01, -1.7420204E-01, -7.2156848E-02
* ELEM  2621  circular arc
 3, 269, 259
*
  9.5700000E+00, 1.2170000E+01, 5.1500000E-01, 2.0250000E+02, 4.5000000E+01
* ELEM  2622  line segment
 1, 259, 258
*
  9.3729180E+00, 1.1694202E+01, -7.2156848E-02, -1.7420204E-01
* ELEM  2623  circular arc
 3, 269, 258
*
  9.5700000E+00, 1.2170000E+01, 5.1500000E-01, 2.4750000E+02, 4.5000000E+01
* ELEM  2624  line segment
 1, 258, 262
*
  9.7670820E+00, 1.1694202E+01, 7.2156848E-02, -1.7420204E-01
* ELEM  2625  line segment
 1, 450, 258
*
  9.3007612E+00, 1.1520000E+01, 5.3847763E-01, 0.0000000E+00
* ELEM  2626  line segment
 1, 339, 316
*
  5.0200000E+00, 1.2439239E+01, 0.0000000E+00, -5.3847763E-01
* ELEM  2627  line segment
 1, 320, 316
*
  5.1942020E+00, 1.2367082E+01, -1.7420204E-01, 7.2156848E-02
* ELEM  2628  circular arc
 3, 325, 316
*
  5.6700000E+00, 1.2170000E+01, 5.1500000E-01, 1.5750000E+02, 4.5000000E+01
* ELEM  2629  line segment
 1, 339, 342
*
  4.8457980E+00, 1.2367082E+01, 1.7420204E-01, 7.2156848E-02
* ELEM  2630  circular arc
 3, 325, 321
*
  5.6700000E+00, 1.2170000E+01, 5.1500000E-01, 0.0000000E+00, 2.2500000E+01
* ELEM  2631  circular arc
 3, 325, 324
*
  5.6700000E+00, 1.2170000E+01, 5.1500000E-01, 2.2500000E+01, 4.5000000E+01
* ELEM  2632  circular arc
 3, 325, 322
*
  5.6700000E+00, 1.2170000E+01, 5.1500000E-01, 6.7500000E+01, 4.5000000E+01
* ELEM  2633  circular arc
 3, 325, 320
*
  5.6700000E+00, 1.2170000E+01, 5.1500000E-01, 1.1250000E+02, 4.5000000E+01
* ELEM  2634  circular arc
 3, 325, 318
*
  5.6700000E+00, 1.2170000E+01, 5.1500000E-01, 2.9250000E+02, 4.5000000E+01
* ELEM  2635  circular arc
 3, 325, 321
*
  5.6700000E+00, 1.2170000E+01, 5.1500000E-01, 3.3750000E+02, 2.2500000E+01
* ELEM  2636  circle
 2, 326, 325
*
  5.6700000E+00, 1.2170000E+01, 4.4700000E-01, 0.0000000E+00
* ELEM  2637  line segment
 1, 318, 321
*
  6.1457980E+00, 1.1972918E+01, 1.7420204E-01, -7.2156848E-02
* ELEM  2638  line segment
 1, 317, 318
*
  5.9392388E+00, 1.1520000E+01, 3.8076118E-01, 3.8076118E-01
* ELEM  2639  line segment
 1, 1555, 1556
*
  1.2439239E+01, 1.1200000E+00, 3.8076118E-01, 3.8076118E-01
* ELEM  2640  line segment
 1, 1555, 1533
*
  1.2820000E+01, 1.5007612E+00, 0.0000000E+00, -3.8076118E-01
* ELEM  2641  line segment
 1, 1555, 1764
*
  1.2820000E+01, 1.1200000E+00, -3.8076118E-01, 0.0000000E+00
* ELEM  2642  line segment
 1, 1556, 1559
*
  1.2645798E+01, 1.5729180E+00, 1.7420204E-01, -7.2156848E-02
* ELEM  2643  line segment
 1, 1840, 186
*
  1.1200000E+00, 1.3739239E+01, 0.0000000E+00, -5.3847763E-01
* ELEM  2644  line segment
 1, 190, 186
*
  1.2942020E+00, 1.3667082E+01, -1.7420204E-01, 7.2156848E-02
* ELEM  2645  circular arc
 3, 195, 186
*
  1.7700000E+00, 1.3470000E+01, 5.1500000E-01, 1.5750000E+02, 4.5000000E+01
* ELEM  2646  circular arc
 3, 195, 191
*
  1.7700000E+00, 1.3470000E+01, 5.1500000E-01, 0.0000000E+00, 2.2500000E+01
* ELEM  2647  circular arc
 3, 195, 194
*
  1.7700000E+00, 1.3470000E+01, 5.1500000E-01, 2.2500000E+01, 4.5000000E+01
* ELEM  2648  circular arc
 3, 195, 192
*
  1.7700000E+00, 1.3470000E+01, 5.1500000E-01, 6.7500000E+01, 4.5000000E+01
* ELEM  2649  circular arc
 3, 195, 190
*
  1.7700000E+00, 1.3470000E+01, 5.1500000E-01, 1.1250000E+02, 4.5000000E+01
* ELEM  2650  circular arc
 3, 195, 188
*
  1.7700000E+00, 1.3470000E+01, 5.1500000E-01, 2.9250000E+02, 4.5000000E+01
* ELEM  2651  circular arc
 3, 195, 191
*
  1.7700000E+00, 1.3470000E+01, 5.1500000E-01, 3.3750000E+02, 2.2500000E+01
* ELEM  2652  circle
 2, 196, 195
*
  1.7700000E+00, 1.3470000E+01, 4.4700000E-01, 0.0000000E+00
* ELEM  2653  line segment
 1, 188, 191
*
  2.2457980E+00, 1.3272918E+01, 1.7420204E-01, -7.2156848E-02
* ELEM  2654  line segment
 1, 187, 188
*
  2.0392388E+00, 1.2820000E+01, 3.8076118E-01, 3.8076118E-01
* ELEM  2655  line segment
 1, 187, 165
*
  2.4200000E+00, 1.3200761E+01, 0.0000000E+00, -3.8076118E-01
* ELEM  2656  line segment
 1, 165, 167
*
  2.4200000E+00, 1.3200761E+01, 3.8076118E-01, -3.8076118E-01
* ELEM  2657  line segment
 1, 168, 167
*
  2.5942020E+00, 1.3272918E+01, -1.7420204E-01, -7.2156848E-02
* ELEM  2658  circular arc
 3, 177, 167
*
  3.0700000E+00, 1.3470000E+01, 5.1500000E-01, 2.0250000E+02, 4.5000000E+01
* ELEM  2659  line segment
 1, 167, 166
*
  2.8729180E+00, 1.2994202E+01, -7.2156848E-02, -1.7420204E-01
* ELEM  2660  circular arc
 3, 177, 166
*
  3.0700000E+00, 1.3470000E+01, 5.1500000E-01, 2.4750000E+02, 4.5000000E+01
* ELEM  2661  line segment
 1, 166, 170
*
  3.2670820E+00, 1.2994202E+01, 7.2156848E-02, -1.7420204E-01
* ELEM  2662  line segment
 1, 358, 166
*
  2.8007612E+00, 1.2820000E+01, 5.3847763E-01, 0.0000000E+00
* ELEM  2663  line segment
 1, 360, 358
*
  3.2670820E+00, 1.2645798E+01, 7.2156848E-02, 1.7420204E-01
* ELEM  2664  line segment
 1, 337, 338
*
  4.1007612E+00, 1.2820000E+01, -3.8076118E-01, -3.8076118E-01
* ELEM  2665  line segment
 1, 340, 338
*
  4.1729180E+00, 1.2645798E+01, -7.2156848E-02, 1.7420204E-01
* ELEM  2666  line segment
 1, 359, 360
*
  3.7200000E+00, 1.2439239E+01, -3.8076118E-01, 3.8076118E-01
* ELEM  2667  line segment
 1, 359, 169
*
  3.3392388E+00, 1.2820000E+01, 3.8076118E-01, 0.0000000E+00
* ELEM  2668  line segment
 1, 359, 337
*
  3.7200000E+00, 1.2820000E+01, 0.0000000E+00, -3.8076118E-01
* ELEM  2669  line segment
 1, 337, 147
*
  3.7200000E+00, 1.2820000E+01, 3.8076118E-01, 0.0000000E+00
* ELEM  2670  line segment
 1, 1370, 1373
*
  1.2645798E+01, 2.8729180E+00, 1.7420204E-01, -7.2156848E-02
* ELEM  2671  line segment
 1, 1369, 1370
*
  1.2439239E+01, 2.4200000E+00, 3.8076118E-01, 3.8076118E-01
* ELEM  2672  line segment
 1, 1369, 1347
*
  1.2820000E+01, 2.8007612E+00, 0.0000000E+00, -3.8076118E-01
* ELEM  2673  line segment
 1, 1561, 1369
*
  1.2439239E+01, 2.4200000E+00, 3.8076118E-01, 0.0000000E+00
* ELEM  2674  line segment
 1, 1559, 1562
*
  1.2645798E+01, 1.9670820E+00, 1.7420204E-01, 7.2156848E-02
* ELEM  2675  line segment
 1, 1561, 1562
*
  1.2820000E+01, 2.0392388E+00, -3.8076118E-01, 3.8076118E-01
* ELEM  2676  line segment
 1, 1561, 1539
*
  1.2820000E+01, 2.4200000E+00, 0.0000000E+00, -3.8076118E-01
* ELEM  2677  line segment
 1, 1180, 1184
*
  1.2367082E+01, 3.8942020E+00, 7.2156848E-02, -1.7420204E-01
* ELEM  2678  line segment
 1, 1374, 1180
*
  1.1900761E+01, 3.7200000E+00, 5.3847763E-01, 0.0000000E+00
* ELEM  2679  line segment
 1, 1376, 1374
*
  1.2367082E+01, 3.5457980E+00, 7.2156848E-02, 1.7420204E-01
* ELEM  2680  line segment
 1, 1036, 1039
*
  1.2645798E+01, 5.4729180E+00, 1.7420204E-01, -7.2156848E-02
* ELEM  2681  line segment
 1, 1035, 1036
*
  1.2439239E+01, 5.0200000E+00, 3.8076118E-01, 3.8076118E-01
* ELEM  2682  line segment
 1, 1035, 1013
*
  1.2820000E+01, 5.4007612E+00, 0.0000000E+00, -3.8076118E-01
* ELEM  2683  line segment
 1, 1189, 1035
*
  1.2439239E+01, 5.0200000E+00, 3.8076118E-01, 0.0000000E+00
* ELEM  2684  line segment
 1, 1187, 1190
*
  1.2645798E+01, 4.5670820E+00, 1.7420204E-01, 7.2156848E-02
* ELEM  2685  line segment
 1, 1189, 1190
*
  1.2820000E+01, 4.6392388E+00, -3.8076118E-01, 3.8076118E-01
* ELEM  2686  line segment
 1, 1189, 1167
*
  1.2820000E+01, 5.0200000E+00, 0.0000000E+00, -3.8076118E-01
* ELEM  2687  line segment
 1, 884, 888
*
  1.2367082E+01, 6.4942020E+00, 7.2156848E-02, -1.7420204E-01
* ELEM  2688  line segment
 1, 1040, 884
*
  1.1900761E+01, 6.3200000E+00, 5.3847763E-01, 0.0000000E+00
* ELEM  2689  line segment
 1, 1042, 1040
*
  1.2367082E+01, 6.1457980E+00, 7.2156848E-02, 1.7420204E-01
* ELEM  2690  line segment
 1, 742, 745
*
  1.2645798E+01, 8.0729180E+00, 1.7420204E-01, -7.2156848E-02
* ELEM  2691  line segment
 1, 741, 742
*
  1.2439239E+01, 7.6200000E+00, 3.8076118E-01, 3.8076118E-01
* ELEM  2692  line segment
 1, 741, 719
*
  1.2820000E+01, 8.0007612E+00, 0.0000000E+00, -3.8076118E-01
* ELEM  2693  line segment
 1, 893, 741
*
  1.2439239E+01, 7.6200000E+00, 3.8076118E-01, 0.0000000E+00
* ELEM  2694  line segment
 1, 891, 894
*
  1.2645798E+01, 7.1670820E+00, 1.7420204E-01, 7.2156848E-02
* ELEM  2695  line segment
 1, 893, 894
*
  1.2820000E+01, 7.2392388E+00, -3.8076118E-01, 3.8076118E-01
* ELEM  2696  line segment
 1, 893, 871
*
  1.2820000E+01, 7.6200000E+00, 0.0000000E+00, -3.8076118E-01
* ELEM  2697  circular arc
 3, 603, 592
*
  1.2170000E+01, 9.5700000E+00, 5.1500000E-01, 2.4750000E+02, 4.5000000E+01
* ELEM  2698  line segment
 1, 592, 596
*
  1.2367082E+01, 9.0942020E+00, 7.2156848E-02, -1.7420204E-01
* ELEM  2699  line segment
 1, 746, 592
*
  1.1900761E+01, 8.9200000E+00, 5.3847763E-01, 0.0000000E+00
* ELEM  2700  line segment
 1, 748, 746
*
  1.2367082E+01, 8.7457980E+00, 7.2156848E-02, 1.7420204E-01
* ELEM  2701  circular arc
 3, 603, 599
*
  1.2170000E+01, 9.5700000E+00, 5.1500000E-01, 0.0000000E+00, 2.2500000E+01
* ELEM  2702  circular arc
 3, 603, 602
*
  1.2170000E+01, 9.5700000E+00, 5.1500000E-01, 2.2500000E+01, 4.5000000E+01
* ELEM  2703  circular arc
 3, 603, 600
*
  1.2170000E+01, 9.5700000E+00, 5.1500000E-01, 6.7500000E+01, 4.5000000E+01
* ELEM  2704  circular arc
 3, 603, 598
*
  1.2170000E+01, 9.5700000E+00, 5.1500000E-01, 1.1250000E+02, 4.5000000E+01
* ELEM  2705  circular arc
 3, 603, 596
*
  1.2170000E+01, 9.5700000E+00, 5.1500000E-01, 2.9250000E+02, 4.5000000E+01
* ELEM  2706  circular arc
 3, 603, 599
*
  1.2170000E+01, 9.5700000E+00, 5.1500000E-01, 3.3750000E+02, 2.2500000E+01
* ELEM  2707  circle
 2, 604, 603
*
  1.2170000E+01, 9.5700000E+00, 4.4700000E-01, 0.0000000E+00
* ELEM  2708  line segment
 1, 597, 598
*
  1.1900761E+01, 1.0220000E+01, -3.8076118E-01, -3.8076118E-01
* ELEM  2709  line segment
 1, 600, 598
*
  1.1972918E+01, 1.0045798E+01, -7.2156848E-02, 1.7420204E-01
* ELEM  2710  line segment
 1, 597, 403
*
  1.1520000E+01, 1.0220000E+01, 3.8076118E-01, 0.0000000E+00
* ELEM  2711  line segment
 1, 261, 262
*
  9.8392388E+00, 1.1520000E+01, 3.8076118E-01, 3.8076118E-01
* ELEM  2712  line segment
 1, 261, 237
*
  1.0220000E+01, 1.1900761E+01, 0.0000000E+00, -3.8076118E-01
* ELEM  2713  line segment
 1, 237, 239
*
  1.0220000E+01, 1.1900761E+01, 3.8076118E-01, -3.8076118E-01
* ELEM  2714  line segment
 1, 240, 239
*
  1.0394202E+01, 1.1972918E+01, -1.7420204E-01, -7.2156848E-02
* ELEM  2715  circular arc
 3, 249, 239
*
  1.0870000E+01, 1.2170000E+01, 5.1500000E-01, 2.0250000E+02, 4.5000000E+01
* ELEM  2716  line segment
 1, 239, 238
*
  1.0672918E+01, 1.1694202E+01, -7.2156848E-02, -1.7420204E-01
* ELEM  2717  circular arc
 3, 249, 238
*
  1.0870000E+01, 1.2170000E+01, 5.1500000E-01, 2.4750000E+02, 4.5000000E+01
* ELEM  2718  line segment
 1, 238, 242
*
  1.1067082E+01, 1.1694202E+01, 7.2156848E-02, -1.7420204E-01
* ELEM  2719  line segment
 1, 432, 238
*
  1.0600761E+01, 1.1520000E+01, 5.3847763E-01, 0.0000000E+00
* ELEM  2720  line segment
 1, 434, 432
*
  1.1067082E+01, 1.1345798E+01, 7.2156848E-02, 1.7420204E-01
* ELEM  2721  circular arc
 3, 269, 262
*
  9.5700000E+00, 1.2170000E+01, 5.1500000E-01, 2.9250000E+02, 4.5000000E+01
* ELEM  2722  line segment
 1, 262, 265
*
  1.0045798E+01, 1.1972918E+01, 1.7420204E-01, -7.2156848E-02
* ELEM  2723  line segment
 1, 403, 405
*
  1.1520000E+01, 1.0600761E+01, 3.8076118E-01, -3.8076118E-01
* ELEM  2724  line segment
 1, 406, 405
*
  1.1694202E+01, 1.0672918E+01, -1.7420204E-01, -7.2156848E-02
* ELEM  2725  circular arc
 3, 415, 405
*
  1.2170000E+01, 1.0870000E+01, 5.1500000E-01, 2.0250000E+02, 4.5000000E+01
* ELEM  2726  line segment
 1, 405, 404
*
  1.1972918E+01, 1.0394202E+01, -7.2156848E-02, -1.7420204E-01
* ELEM  2727  line segment
 1, 431, 406
*
  1.1520000E+01, 1.1139239E+01, 0.0000000E+00, -5.3847763E-01
* ELEM  2728  line segment
 1, 410, 406
*
  1.1694202E+01, 1.1067082E+01, -1.7420204E-01, 7.2156848E-02
* ELEM  2729  circular arc
 3, 415, 406
*
  1.2170000E+01, 1.0870000E+01, 5.1500000E-01, 1.5750000E+02, 4.5000000E+01
* ELEM  2730  line segment
 1, 431, 434
*
  1.1345798E+01, 1.1067082E+01, 1.7420204E-01, 7.2156848E-02
* ELEM  2731  line segment
 1, 281, 282
*
  8.0007612E+00, 1.2820000E+01, -3.8076118E-01, -3.8076118E-01
* ELEM  2732  line segment
 1, 284, 282
*
  8.0729180E+00, 1.2645798E+01, -7.2156848E-02, 1.7420204E-01
* ELEM  2733  line segment
 1, 305, 306
*
  7.6200000E+00, 1.2439239E+01, -3.8076118E-01, 3.8076118E-01
* ELEM  2734  line segment
 1, 305, 115
*
  7.2392388E+00, 1.2820000E+01, 3.8076118E-01, 0.0000000E+00
* ELEM  2735  line segment
 1, 305, 281
*
  7.6200000E+00, 1.2820000E+01, 0.0000000E+00, -3.8076118E-01
* ELEM  2736  line segment
 1, 281, 93
*
  7.6200000E+00, 1.2820000E+01, 3.8076118E-01, 0.0000000E+00
* ELEM  2737  line segment
 1, 306, 304
*
  7.1670820E+00, 1.2645798E+01, 7.2156848E-02, 1.7420204E-01
* ELEM  2738  line segment
 1, 283, 260
*
  8.9200000E+00, 1.2439239E+01, 0.0000000E+00, -5.3847763E-01
* ELEM  2739  line segment
 1, 264, 260
*
  9.0942020E+00, 1.2367082E+01, -1.7420204E-01, 7.2156848E-02
* ELEM  2740  circular arc
 3, 269, 260
*
  9.5700000E+00, 1.2170000E+01, 5.1500000E-01, 1.5750000E+02, 4.5000000E+01
* ELEM  2741  line segment
 1, 283, 286
*
  8.7457980E+00, 1.2367082E+01, 1.7420204E-01, 7.2156848E-02
* ELEM  2742  line segment
 1, 321, 298
*
  6.3200000E+00, 1.2439239E+01, 0.0000000E+00, -5.3847763E-01
* ELEM  2743  line segment
 1, 302, 298
*
  6.4942020E+00, 1.2367082E+01, -1.7420204E-01, 7.2156848E-02
* ELEM  2744  line segment
 1, 321, 324
*
  6.1457980E+00, 1.2367082E+01, 1.7420204E-01, 7.2156848E-02
* ELEM  2745  circular arc
 3, 269, 265
*
  9.5700000E+00, 1.2170000E+01, 5.1500000E-01, 0.0000000E+00, 2.2500000E+01
* ELEM  2746  circular arc
 3, 269, 268
*
  9.5700000E+00, 1.2170000E+01, 5.1500000E-01, 2.2500000E+01, 4.5000000E+01
* ELEM  2747  circular arc
 3, 269, 266
*
  9.5700000E+00, 1.2170000E+01, 5.1500000E-01, 6.7500000E+01, 4.5000000E+01
* ELEM  2748  circular arc
 3, 269, 264
*
  9.5700000E+00, 1.2170000E+01, 5.1500000E-01, 1.1250000E+02, 4.5000000E+01
* ELEM  2749  circular arc
 3, 269, 265
*
  9.5700000E+00, 1.2170000E+01, 5.1500000E-01, 3.3750000E+02, 2.2500000E+01
* ELEM  2750  circle
 2, 270, 269
*
  9.5700000E+00, 1.2170000E+01, 4.4700000E-01, 0.0000000E+00
* ELEM  2751  line segment
 1, 319, 320
*
  5.4007612E+00, 1.2820000E+01, -3.8076118E-01, -3.8076118E-01
* ELEM  2752  line segment
 1, 322, 320
*
  5.4729180E+00, 1.2645798E+01, -7.2156848E-02, 1.7420204E-01
* ELEM  2753  line segment
 1, 341, 342
*
  5.0200000E+00, 1.2439239E+01, -3.8076118E-01, 3.8076118E-01
* ELEM  2754  line segment
 1, 341, 151
*
  4.6392388E+00, 1.2820000E+01, 3.8076118E-01, 0.0000000E+00
* ELEM  2755  line segment
 1, 341, 319
*
  5.0200000E+00, 1.2820000E+01, 0.0000000E+00, -3.8076118E-01
* ELEM  2756  line segment
 1, 319, 129
*
  5.0200000E+00, 1.2820000E+01, 3.8076118E-01, 0.0000000E+00
* ELEM  2757  line segment
 1, 342, 340
*
  4.5670820E+00, 1.2645798E+01, 7.2156848E-02, 1.7420204E-01
* ELEM  2758  line segment
 1, 1533, 1535
*
  1.2820000E+01, 1.5007612E+00, 3.8076118E-01, -3.8076118E-01
* ELEM  2759  line segment
 1, 1533, 1839
*
  1.3200761E+01, 1.1200000E+00, -3.8076118E-01, 0.0000000E+00
* ELEM  2760  line segment
 1, 1536, 1535
*
  1.2994202E+01, 1.5729180E+00, -1.7420204E-01, -7.2156848E-02
* ELEM  2761  circular arc
 3, 1545, 1535
*
  1.3470000E+01, 1.7700000E+00, 5.1500000E-01, 2.0250000E+02, 4.5000000E+01
* ELEM  2762  line segment
 1, 1535, 1534
*
  1.3272918E+01, 1.2942020E+00, -7.2156848E-02, -1.7420204E-01
* ELEM  2763  line segment
 1, 1559, 1536
*
  1.2820000E+01, 2.0392388E+00, 0.0000000E+00, -5.3847763E-01
* ELEM  2764  line segment
 1, 1540, 1536
*
  1.2994202E+01, 1.9670820E+00, -1.7420204E-01, 7.2156848E-02
* ELEM  2765  circular arc
 3, 1545, 1536
*
  1.3470000E+01, 1.7700000E+00, 5.1500000E-01, 1.5750000E+02, 4.5000000E+01
* ELEM  2766  line segment
 1, 189, 190
*
  1.5007612E+00, 1.4120000E+01, -3.8076118E-01, -3.8076118E-01
* ELEM  2767  line segment
 1, 192, 190
*
  1.5729180E+00, 1.3945798E+01, -7.2156848E-02, 1.7420204E-01
* ELEM  2768  line segment
 1, 189, 1840
*
  1.1200000E+00, 1.3739239E+01, 0.0000000E+00, 2.0397883E-01
* ELEM  2769  line segment
 1, 189, 1837
*
  1.2967824E+00, 1.4120000E+01, 2.0397883E-01, 0.0000000E+00
* ELEM  2770  line segment
 1, 191, 168
*
  2.4200000E+00, 1.3739239E+01, 0.0000000E+00, -5.3847763E-01
* ELEM  2771  line segment
 1, 172, 168
*
  2.5942020E+00, 1.3667082E+01, -1.7420204E-01, 7.2156848E-02
* ELEM  2772  circular arc
 3, 177, 168
*
  3.0700000E+00, 1.3470000E+01, 5.1500000E-01, 1.5750000E+02, 4.5000000E+01
* ELEM  2773  line segment
 1, 191, 194
*
  2.2457980E+00, 1.3667082E+01, 1.7420204E-01, 7.2156848E-02
* ELEM  2774  circular arc
 3, 177, 173
*
  3.0700000E+00, 1.3470000E+01, 5.1500000E-01, 0.0000000E+00, 2.2500000E+01
* ELEM  2775  circular arc
 3, 177, 176
*
  3.0700000E+00, 1.3470000E+01, 5.1500000E-01, 2.2500000E+01, 4.5000000E+01
* ELEM  2776  circular arc
 3, 177, 174
*
  3.0700000E+00, 1.3470000E+01, 5.1500000E-01, 6.7500000E+01, 4.5000000E+01
* ELEM  2777  circular arc
 3, 177, 172
*
  3.0700000E+00, 1.3470000E+01, 5.1500000E-01, 1.1250000E+02, 4.5000000E+01
* ELEM  2778  circular arc
 3, 177, 170
*
  3.0700000E+00, 1.3470000E+01, 5.1500000E-01, 2.9250000E+02, 4.5000000E+01
* ELEM  2779  circular arc
 3, 177, 173
*
  3.0700000E+00, 1.3470000E+01, 5.1500000E-01, 3.3750000E+02, 2.2500000E+01
* ELEM  2780  circle
 2, 178, 177
*
  3.0700000E+00, 1.3470000E+01, 4.4700000E-01, 0.0000000E+00
* ELEM  2781  line segment
 1, 170, 173
*
  3.5457980E+00, 1.3272918E+01, 1.7420204E-01, -7.2156848E-02
* ELEM  2782  line segment
 1, 169, 170
*
  3.3392388E+00, 1.2820000E+01, 3.8076118E-01, 3.8076118E-01
* ELEM  2783  line segment
 1, 169, 147
*
  3.7200000E+00, 1.3200761E+01, 0.0000000E+00, -3.8076118E-01
* ELEM  2784  line segment
 1, 147, 149
*
  3.7200000E+00, 1.3200761E+01, 3.8076118E-01, -3.8076118E-01
* ELEM  2785  line segment
 1, 150, 149
*
  3.8942020E+00, 1.3272918E+01, -1.7420204E-01, -7.2156848E-02
* ELEM  2786  circular arc
 3, 159, 149
*
  4.3700000E+00, 1.3470000E+01, 5.1500000E-01, 2.0250000E+02, 4.5000000E+01
* ELEM  2787  line segment
 1, 149, 148
*
  4.1729180E+00, 1.2994202E+01, -7.2156848E-02, -1.7420204E-01
* ELEM  2788  circular arc
 3, 159, 148
*
  4.3700000E+00, 1.3470000E+01, 5.1500000E-01, 2.4750000E+02, 4.5000000E+01
* ELEM  2789  line segment
 1, 148, 152
*
  4.5670820E+00, 1.2994202E+01, 7.2156848E-02, -1.7420204E-01
* ELEM  2790  line segment
 1, 340, 148
*
  4.1007612E+00, 1.2820000E+01, 5.3847763E-01, 0.0000000E+00
* ELEM  2791  line segment
 1, 1347, 1349
*
  1.2820000E+01, 2.8007612E+00, 3.8076118E-01, -3.8076118E-01
* ELEM  2792  line segment
 1, 1539, 1347
*
  1.2820000E+01, 2.4200000E+00, 3.8076118E-01, 0.0000000E+00
* ELEM  2793  line segment
 1, 1350, 1349
*
  1.2994202E+01, 2.8729180E+00, -1.7420204E-01, -7.2156848E-02
* ELEM  2794  circular arc
 3, 1359, 1349
*
  1.3470000E+01, 3.0700000E+00, 5.1500000E-01, 2.0250000E+02, 4.5000000E+01
* ELEM  2795  line segment
 1, 1349, 1348
*
  1.3272918E+01, 2.5942020E+00, -7.2156848E-02, -1.7420204E-01
* ELEM  2796  line segment
 1, 1373, 1350
*
  1.2820000E+01, 3.3392388E+00, 0.0000000E+00, -5.3847763E-01
* ELEM  2797  line segment
 1, 1354, 1350
*
  1.2994202E+01, 3.2670820E+00, -1.7420204E-01, 7.2156848E-02
* ELEM  2798  circular arc
 3, 1359, 1350
*
  1.3470000E+01, 3.0700000E+00, 5.1500000E-01, 1.5750000E+02, 4.5000000E+01
* ELEM  2799  line segment
 1, 1373, 1376
*
  1.2645798E+01, 3.2670820E+00, 1.7420204E-01, 7.2156848E-02
* ELEM  2800  line segment
 1, 1539, 1540
*
  1.3200761E+01, 2.4200000E+00, -3.8076118E-01, -3.8076118E-01
* ELEM  2801  line segment
 1, 1542, 1540
*
  1.3272918E+01, 2.2457980E+00, -7.2156848E-02, 1.7420204E-01
* ELEM  2802  circular arc
 3, 1545, 1540
*
  1.3470000E+01, 1.7700000E+00, 5.1500000E-01, 1.1250000E+02, 4.5000000E+01
* ELEM  2803  line segment
 1, 1184, 1187
*
  1.2645798E+01, 4.1729180E+00, 1.7420204E-01, -7.2156848E-02
* ELEM  2804  line segment
 1, 1183, 1184
*
  1.2439239E+01, 3.7200000E+00, 3.8076118E-01, 3.8076118E-01
* ELEM  2805  line segment
 1, 1183, 1161
*
  1.2820000E+01, 4.1007612E+00, 0.0000000E+00, -3.8076118E-01
* ELEM  2806  line segment
 1, 1375, 1183
*
  1.2439239E+01, 3.7200000E+00, 3.8076118E-01, 0.0000000E+00
* ELEM  2807  line segment
 1, 1375, 1376
*
  1.2820000E+01, 3.3392388E+00, -3.8076118E-01, 3.8076118E-01
* ELEM  2808  line segment
 1, 1375, 1353
*
  1.2820000E+01, 3.7200000E+00, 0.0000000E+00, -3.8076118E-01
* ELEM  2809  line segment
 1, 1013, 1015
*
  1.2820000E+01, 5.4007612E+00, 3.8076118E-01, -3.8076118E-01
* ELEM  2810  line segment
 1, 1167, 1013
*
  1.2820000E+01, 5.0200000E+00, 3.8076118E-01, 0.0000000E+00
* ELEM  2811  line segment
 1, 1016, 1015
*
  1.2994202E+01, 5.4729180E+00, -1.7420204E-01, -7.2156848E-02
* ELEM  2812  circular arc
 3, 1025, 1015
*
  1.3470000E+01, 5.6700000E+00, 5.1500000E-01, 2.0250000E+02, 4.5000000E+01
* ELEM  2813  line segment
 1, 1015, 1014
*
  1.3272918E+01, 5.1942020E+00, -7.2156848E-02, -1.7420204E-01
* ELEM  2814  line segment
 1, 1039, 1016
*
  1.2820000E+01, 5.9392388E+00, 0.0000000E+00, -5.3847763E-01
* ELEM  2815  line segment
 1, 1020, 1016
*
  1.2994202E+01, 5.8670820E+00, -1.7420204E-01, 7.2156848E-02
* ELEM  2816  circular arc
 3, 1025, 1016
*
  1.3470000E+01, 5.6700000E+00, 5.1500000E-01, 1.5750000E+02, 4.5000000E+01
* ELEM  2817  line segment
 1, 1039, 1042
*
  1.2645798E+01, 5.8670820E+00, 1.7420204E-01, 7.2156848E-02
* ELEM  2818  line segment
 1, 1167, 1168
*
  1.3200761E+01, 5.0200000E+00, -3.8076118E-01, -3.8076118E-01
* ELEM  2819  line segment
 1, 1187, 1164
*
  1.2820000E+01, 4.6392388E+00, 0.0000000E+00, -5.3847763E-01
* ELEM  2820  line segment
 1, 1168, 1164
*
  1.2994202E+01, 4.5670820E+00, -1.7420204E-01, 7.2156848E-02
* ELEM  2821  circular arc
 3, 1173, 1164
*
  1.3470000E+01, 4.3700000E+00, 5.1500000E-01, 1.5750000E+02, 4.5000000E+01
* ELEM  2822  line segment
 1, 1164, 1163
*
  1.2994202E+01, 4.1729180E+00, -1.7420204E-01, -7.2156848E-02
* ELEM  2823  line segment
 1, 1170, 1168
*
  1.3272918E+01, 4.8457980E+00, -7.2156848E-02, 1.7420204E-01
* ELEM  2824  circular arc
 3, 1173, 1168
*
  1.3470000E+01, 4.3700000E+00, 5.1500000E-01, 1.1250000E+02, 4.5000000E+01
* ELEM  2825  line segment
 1, 888, 891
*
  1.2645798E+01, 6.7729180E+00, 1.7420204E-01, -7.2156848E-02
* ELEM  2826  line segment
 1, 887, 888
*
  1.2439239E+01, 6.3200000E+00, 3.8076118E-01, 3.8076118E-01
* ELEM  2827  line segment
 1, 887, 865
*
  1.2820000E+01, 6.7007612E+00, 0.0000000E+00, -3.8076118E-01
* ELEM  2828  line segment
 1, 1041, 887
*
  1.2439239E+01, 6.3200000E+00, 3.8076118E-01, 0.0000000E+00
* ELEM  2829  line segment
 1, 1041, 1042
*
  1.2820000E+01, 5.9392388E+00, -3.8076118E-01, 3.8076118E-01
* ELEM  2830  line segment
 1, 1041, 1019
*
  1.2820000E+01, 6.3200000E+00, 0.0000000E+00, -3.8076118E-01
* ELEM  2831  line segment
 1, 719, 721
*
  1.2820000E+01, 8.0007612E+00, 3.8076118E-01, -3.8076118E-01
* ELEM  2832  line segment
 1, 871, 719
*
  1.2820000E+01, 7.6200000E+00, 3.8076118E-01, 0.0000000E+00
* ELEM  2833  line segment
 1, 722, 721
*
  1.2994202E+01, 8.0729180E+00, -1.7420204E-01, -7.2156848E-02
* ELEM  2834  circular arc
 3, 731, 721
*
  1.3470000E+01, 8.2700000E+00, 5.1500000E-01, 2.0250000E+02, 4.5000000E+01
* ELEM  2835  line segment
 1, 721, 720
*
  1.3272918E+01, 7.7942020E+00, -7.2156848E-02, -1.7420204E-01
* ELEM  2836  line segment
 1, 745, 722
*
  1.2820000E+01, 8.5392388E+00, 0.0000000E+00, -5.3847763E-01
* ELEM  2837  line segment
 1, 726, 722
*
  1.2994202E+01, 8.4670820E+00, -1.7420204E-01, 7.2156848E-02
* ELEM  2838  circular arc
 3, 731, 722
*
  1.3470000E+01, 8.2700000E+00, 5.1500000E-01, 1.5750000E+02, 4.5000000E+01
* ELEM  2839  line segment
 1, 745, 748
*
  1.2645798E+01, 8.4670820E+00, 1.7420204E-01, 7.2156848E-02
* ELEM  2840  line segment
 1, 871, 872
*
  1.3200761E+01, 7.6200000E+00, -3.8076118E-01, -3.8076118E-01
* ELEM  2841  line segment
 1, 891, 868
*
  1.2820000E+01, 7.2392388E+00, 0.0000000E+00, -5.3847763E-01
* ELEM  2842  line segment
 1, 872, 868
*
  1.2994202E+01, 7.1670820E+00, -1.7420204E-01, 7.2156848E-02
* ELEM  2843  circular arc
 3, 877, 868
*
  1.3470000E+01, 6.9700000E+00, 5.1500000E-01, 1.5750000E+02, 4.5000000E+01
* ELEM  2844  line segment
 1, 868, 867
*
  1.2994202E+01, 6.7729180E+00, -1.7420204E-01, -7.2156848E-02
* ELEM  2845  line segment
 1, 874, 872
*
  1.3272918E+01, 7.4457980E+00, -7.2156848E-02, 1.7420204E-01
* ELEM  2846  circular arc
 3, 877, 872
*
  1.3470000E+01, 6.9700000E+00, 5.1500000E-01, 1.1250000E+02, 4.5000000E+01
* ELEM  2847  line segment
 1, 596, 599
*
  1.2645798E+01, 9.3729180E+00, 1.7420204E-01, -7.2156848E-02
* ELEM  2848  line segment
 1, 595, 596
*
  1.2439239E+01, 8.9200000E+00, 3.8076118E-01, 3.8076118E-01
* ELEM  2849  line segment
 1, 595, 573
*
  1.2820000E+01, 9.3007612E+00, 0.0000000E+00, -3.8076118E-01
* ELEM  2850  line segment
 1, 747, 595
*
  1.2439239E+01, 8.9200000E+00, 3.8076118E-01, 0.0000000E+00
* ELEM  2851  line segment
 1, 747, 748
*
  1.2820000E+01, 8.5392388E+00, -3.8076118E-01, 3.8076118E-01
* ELEM  2852  line segment
 1, 747, 725
*
  1.2820000E+01, 8.9200000E+00, 0.0000000E+00, -3.8076118E-01
* ELEM  2853  circular arc
 3, 415, 404
*
  1.2170000E+01, 1.0870000E+01, 5.1500000E-01, 2.4750000E+02, 4.5000000E+01
* ELEM  2854  line segment
 1, 404, 408
*
  1.2367082E+01, 1.0394202E+01, 7.2156848E-02, -1.7420204E-01
* ELEM  2855  line segment
 1, 600, 404
*
  1.1900761E+01, 1.0220000E+01, 5.3847763E-01, 0.0000000E+00
* ELEM  2856  line segment
 1, 602, 600
*
  1.2367082E+01, 1.0045798E+01, 7.2156848E-02, 1.7420204E-01
* ELEM  2857  line segment
 1, 265, 240
*
  1.0220000E+01, 1.2439239E+01, 0.0000000E+00, -5.3847763E-01
* ELEM  2858  line segment
 1, 244, 240
*
  1.0394202E+01, 1.2367082E+01, -1.7420204E-01, 7.2156848E-02
* ELEM  2859  circular arc
 3, 249, 240
*
  1.0870000E+01, 1.2170000E+01, 5.1500000E-01, 1.5750000E+02, 4.5000000E+01
* ELEM  2860  line segment
 1, 265, 268
*
  1.0045798E+01, 1.2367082E+01, 1.7420204E-01, 7.2156848E-02
* ELEM  2861  circular arc
 3, 249, 245
*
  1.0870000E+01, 1.2170000E+01, 5.1500000E-01, 0.0000000E+00, 2.2500000E+01
* ELEM  2862  circular arc
 3, 249, 248
*
  1.0870000E+01, 1.2170000E+01, 5.1500000E-01, 2.2500000E+01, 4.5000000E+01
* ELEM  2863  circular arc
 3, 249, 246
*
  1.0870000E+01, 1.2170000E+01, 5.1500000E-01, 6.7500000E+01, 4.5000000E+01
* ELEM  2864  circular arc
 3, 249, 244
*
  1.0870000E+01, 1.2170000E+01, 5.1500000E-01, 1.1250000E+02, 4.5000000E+01
* ELEM  2865  circular arc
 3, 249, 242
*
  1.0870000E+01, 1.2170000E+01, 5.1500000E-01, 2.9250000E+02, 4.5000000E+01
* ELEM  2866  circular arc
 3, 249, 245
*
  1.0870000E+01, 1.2170000E+01, 5.1500000E-01, 3.3750000E+02, 2.2500000E+01
* ELEM  2867  circle
 2, 250, 249
*
  1.0870000E+01, 1.2170000E+01, 4.4700000E-01, 0.0000000E+00
* ELEM  2868  line segment
 1, 242, 245
*
  1.1345798E+01, 1.1972918E+01, 1.7420204E-01, -7.2156848E-02
* ELEM  2869  line segment
 1, 241, 242
*
  1.1139239E+01, 1.1520000E+01, 3.8076118E-01, 3.8076118E-01
* ELEM  2870  line segment
 1, 241, 219
*
  1.1520000E+01, 1.1900761E+01, 0.0000000E+00, -3.8076118E-01
* ELEM  2871  line segment
 1, 433, 241
*
  1.1139239E+01, 1.1520000E+01, 3.8076118E-01, 0.0000000E+00
* ELEM  2872  line segment
 1, 433, 434
*
  1.1520000E+01, 1.1139239E+01, -3.8076118E-01, 3.8076118E-01
* ELEM  2873  line segment
 1, 433, 409
*
  1.1520000E+01, 1.1520000E+01, 0.0000000E+00, -3.8076118E-01
* ELEM  2874  circular arc
 3, 415, 411
*
  1.2170000E+01, 1.0870000E+01, 5.1500000E-01, 0.0000000E+00, 2.2500000E+01
* ELEM  2875  circular arc
 3, 415, 414
*
  1.2170000E+01, 1.0870000E+01, 5.1500000E-01, 2.2500000E+01, 4.5000000E+01
* ELEM  2876  circular arc
 3, 415, 412
*
  1.2170000E+01, 1.0870000E+01, 5.1500000E-01, 6.7500000E+01, 4.5000000E+01
* ELEM  2877  circular arc
 3, 415, 410
*
  1.2170000E+01, 1.0870000E+01, 5.1500000E-01, 1.1250000E+02, 4.5000000E+01
* ELEM  2878  circular arc
 3, 415, 408
*
  1.2170000E+01, 1.0870000E+01, 5.1500000E-01, 2.9250000E+02, 4.5000000E+01
* ELEM  2879  circular arc
 3, 415, 411
*
  1.2170000E+01, 1.0870000E+01, 5.1500000E-01, 3.3750000E+02, 2.2500000E+01
* ELEM  2880  circle
 2, 416, 415
*
  1.2170000E+01, 1.0870000E+01, 4.4700000E-01, 0.0000000E+00
* ELEM  2881  line segment
 1, 409, 410
*
  1.1900761E+01, 1.1520000E+01, -3.8076118E-01, -3.8076118E-01
* ELEM  2882  line segment
 1, 412, 410
*
  1.1972918E+01, 1.1345798E+01, -7.2156848E-02, 1.7420204E-01
* ELEM  2883  line segment
 1, 409, 219
*
  1.1520000E+01, 1.1520000E+01, 3.8076118E-01, 0.0000000E+00
* ELEM  2884  line segment
 1, 115, 116
*
  7.2392388E+00, 1.2820000E+01, 3.8076118E-01, 3.8076118E-01
* ELEM  2885  line segment
 1, 115, 93
*
  7.6200000E+00, 1.3200761E+01, 0.0000000E+00, -3.8076118E-01
* ELEM  2886  line segment
 1, 93, 95
*
  7.6200000E+00, 1.3200761E+01, 3.8076118E-01, -3.8076118E-01
* ELEM  2887  line segment
 1, 96, 95
*
  7.7942020E+00, 1.3272918E+01, -1.7420204E-01, -7.2156848E-02
* ELEM  2888  circular arc
 3, 105, 95
*
  8.2700000E+00, 1.3470000E+01, 5.1500000E-01, 2.0250000E+02, 4.5000000E+01
* ELEM  2889  line segment
 1, 95, 94
*
  8.0729180E+00, 1.2994202E+01, -7.2156848E-02, -1.7420204E-01
* ELEM  2890  circular arc
 3, 105, 94
*
  8.2700000E+00, 1.3470000E+01, 5.1500000E-01, 2.4750000E+02, 4.5000000E+01
* ELEM  2891  line segment
 1, 94, 98
*
  8.4670820E+00, 1.2994202E+01, 7.2156848E-02, -1.7420204E-01
* ELEM  2892  line segment
 1, 284, 94
*
  8.0007612E+00, 1.2820000E+01, 5.3847763E-01, 0.0000000E+00
* ELEM  2893  line segment
 1, 286, 284
*
  8.4670820E+00, 1.2645798E+01, 7.2156848E-02, 1.7420204E-01
* ELEM  2894  line segment
 1, 113, 112
*
  6.7729180E+00, 1.2994202E+01, -7.2156848E-02, -1.7420204E-01
* ELEM  2895  circular arc
 3, 123, 112
*
  6.9700000E+00, 1.3470000E+01, 5.1500000E-01, 2.4750000E+02, 4.5000000E+01
* ELEM  2896  line segment
 1, 112, 116
*
  7.1670820E+00, 1.2994202E+01, 7.2156848E-02, -1.7420204E-01
* ELEM  2897  line segment
 1, 304, 112
*
  6.7007612E+00, 1.2820000E+01, 5.3847763E-01, 0.0000000E+00
* ELEM  2898  line segment
 1, 304, 302
*
  6.7729180E+00, 1.2645798E+01, -7.2156848E-02, 1.7420204E-01
* ELEM  2899  circular arc
 3, 123, 116
*
  6.9700000E+00, 1.3470000E+01, 5.1500000E-01, 2.9250000E+02, 4.5000000E+01
* ELEM  2900  line segment
 1, 116, 119
*
  7.4457980E+00, 1.3272918E+01, 1.7420204E-01, -7.2156848E-02
* ELEM  2901  line segment
 1, 263, 264
*
  9.3007612E+00, 1.2820000E+01, -3.8076118E-01, -3.8076118E-01
* ELEM  2902  line segment
 1, 266, 264
*
  9.3729180E+00, 1.2645798E+01, -7.2156848E-02, 1.7420204E-01
* ELEM  2903  line segment
 1, 285, 286
*
  8.9200000E+00, 1.2439239E+01, -3.8076118E-01, 3.8076118E-01
* ELEM  2904  line segment
 1, 285, 97
*
  8.5392388E+00, 1.2820000E+01, 3.8076118E-01, 0.0000000E+00
* ELEM  2905  line segment
 1, 285, 263
*
  8.9200000E+00, 1.2820000E+01, 0.0000000E+00, -3.8076118E-01
* ELEM  2906  line segment
 1, 263, 75
*
  8.9200000E+00, 1.2820000E+01, 3.8076118E-01, 0.0000000E+00
* ELEM  2907  line segment
 1, 301, 302
*
  6.7007612E+00, 1.2820000E+01, -3.8076118E-01, -3.8076118E-01
* ELEM  2908  line segment
 1, 323, 324
*
  6.3200000E+00, 1.2439239E+01, -3.8076118E-01, 3.8076118E-01
* ELEM  2909  line segment
 1, 323, 133
*
  5.9392388E+00, 1.2820000E+01, 3.8076118E-01, 0.0000000E+00
* ELEM  2910  line segment
 1, 323, 301
*
  6.3200000E+00, 1.2820000E+01, 0.0000000E+00, -3.8076118E-01
* ELEM  2911  line segment
 1, 301, 111
*
  6.3200000E+00, 1.2820000E+01, 3.8076118E-01, 0.0000000E+00
* ELEM  2912  line segment
 1, 324, 322
*
  5.8670820E+00, 1.2645798E+01, 7.2156848E-02, 1.7420204E-01
* ELEM  2913  line segment
 1, 151, 152
*
  4.6392388E+00, 1.2820000E+01, 3.8076118E-01, 3.8076118E-01
* ELEM  2914  line segment
 1, 151, 129
*
  5.0200000E+00, 1.3200761E+01, 0.0000000E+00, -3.8076118E-01
* ELEM  2915  line segment
 1, 129, 131
*
  5.0200000E+00, 1.3200761E+01, 3.8076118E-01, -3.8076118E-01
* ELEM  2916  line segment
 1, 132, 131
*
  5.1942020E+00, 1.3272918E+01, -1.7420204E-01, -7.2156848E-02
* ELEM  2917  circular arc
 3, 141, 131
*
  5.6700000E+00, 1.3470000E+01, 5.1500000E-01, 2.0250000E+02, 4.5000000E+01
* ELEM  2918  line segment
 1, 131, 130
*
  5.4729180E+00, 1.2994202E+01, -7.2156848E-02, -1.7420204E-01
* ELEM  2919  circular arc
 3, 141, 130
*
  5.6700000E+00, 1.3470000E+01, 5.1500000E-01, 2.4750000E+02, 4.5000000E+01
* ELEM  2920  line segment
 1, 130, 134
*
  5.8670820E+00, 1.2994202E+01, 7.2156848E-02, -1.7420204E-01
* ELEM  2921  line segment
 1, 322, 130
*
  5.4007612E+00, 1.2820000E+01, 5.3847763E-01, 0.0000000E+00
* ELEM  2922  circular arc
 3, 159, 152
*
  4.3700000E+00, 1.3470000E+01, 5.1500000E-01, 2.9250000E+02, 4.5000000E+01
* ELEM  2923  line segment
 1, 152, 155
*
  4.8457980E+00, 1.3272918E+01, 1.7420204E-01, -7.2156848E-02
* ELEM  2924  circular arc
 3, 1545, 1534
*
  1.3470000E+01, 1.7700000E+00, 5.1500000E-01, 2.4750000E+02, 4.5000000E+01
* ELEM  2925  line segment
 1, 1534, 1538
*
  1.3667082E+01, 1.2942020E+00, 7.2156848E-02, -1.7420204E-01
* ELEM  2926  line segment
 1, 1839, 1534
*
  1.3200761E+01, 1.1200000E+00, 5.3847763E-01, 0.0000000E+00
* ELEM  2927  circular arc
 3, 1545, 1541
*
  1.3470000E+01, 1.7700000E+00, 5.1500000E-01, 0.0000000E+00, 2.2500000E+01
* ELEM  2928  circular arc
 3, 1545, 1544
*
  1.3470000E+01, 1.7700000E+00, 5.1500000E-01, 2.2500000E+01, 4.5000000E+01
* ELEM  2929  circular arc
 3, 1545, 1542
*
  1.3470000E+01, 1.7700000E+00, 5.1500000E-01, 6.7500000E+01, 4.5000000E+01
* ELEM  2930  circular arc
 3, 1545, 1538
*
  1.3470000E+01, 1.7700000E+00, 5.1500000E-01, 2.9250000E+02, 4.5000000E+01
* ELEM  2931  circular arc
 3, 1545, 1541
*
  1.3470000E+01, 1.7700000E+00, 5.1500000E-01, 3.3750000E+02, 2.2500000E+01
* ELEM  2932  circle
 2, 1546, 1545
*
  1.3470000E+01, 1.7700000E+00, 4.4700000E-01, 0.0000000E+00
* ELEM  2933  line segment
 1, 1837, 192
*
  2.0392388E+00, 1.4120000E+01, -5.3847763E-01, 0.0000000E+00
* ELEM  2934  line segment
 1, 194, 192
*
  1.9670820E+00, 1.3945798E+01, 7.2156848E-02, 1.7420204E-01
* ELEM  2935  line segment
 1, 171, 172
*
  2.8007612E+00, 1.4120000E+01, -3.8076118E-01, -3.8076118E-01
* ELEM  2936  line segment
 1, 174, 172
*
  2.8729180E+00, 1.3945798E+01, -7.2156848E-02, 1.7420204E-01
* ELEM  2937  line segment
 1, 171, 1791
*
  2.4200000E+00, 1.4120000E+01, 3.8076118E-01, 0.0000000E+00
* ELEM  2938  line segment
 1, 193, 171
*
  2.4200000E+00, 1.4120000E+01, 0.0000000E+00, -3.8076118E-01
* ELEM  2939  line segment
 1, 193, 1837
*
  2.0392388E+00, 1.4120000E+01, 3.8076118E-01, 0.0000000E+00
* ELEM  2940  line segment
 1, 193, 194
*
  2.4200000E+00, 1.3739239E+01, -3.8076118E-01, 3.8076118E-01
* ELEM  2941  line segment
 1, 173, 150
*
  3.7200000E+00, 1.3739239E+01, 0.0000000E+00, -5.3847763E-01
* ELEM  2942  line segment
 1, 154, 150
*
  3.8942020E+00, 1.3667082E+01, -1.7420204E-01, 7.2156848E-02
* ELEM  2943  circular arc
 3, 159, 150
*
  4.3700000E+00, 1.3470000E+01, 5.1500000E-01, 1.5750000E+02, 4.5000000E+01
* ELEM  2944  line segment
 1, 173, 176
*
  3.5457980E+00, 1.3667082E+01, 1.7420204E-01, 7.2156848E-02
* ELEM  2945  circular arc
 3, 159, 155
*
  4.3700000E+00, 1.3470000E+01, 5.1500000E-01, 0.0000000E+00, 2.2500000E+01
* ELEM  2946  circular arc
 3, 159, 158
*
  4.3700000E+00, 1.3470000E+01, 5.1500000E-01, 2.2500000E+01, 4.5000000E+01
* ELEM  2947  circular arc
 3, 159, 156
*
  4.3700000E+00, 1.3470000E+01, 5.1500000E-01, 6.7500000E+01, 4.5000000E+01
* ELEM  2948  circular arc
 3, 159, 154
*
  4.3700000E+00, 1.3470000E+01, 5.1500000E-01, 1.1250000E+02, 4.5000000E+01
* ELEM  2949  circular arc
 3, 159, 155
*
  4.3700000E+00, 1.3470000E+01, 5.1500000E-01, 3.3750000E+02, 2.2500000E+01
* ELEM  2950  circle
 2, 160, 159
*
  4.3700000E+00, 1.3470000E+01, 4.4700000E-01, 0.0000000E+00
* ELEM  2951  circular arc
 3, 1359, 1348
*
  1.3470000E+01, 3.0700000E+00, 5.1500000E-01, 2.4750000E+02, 4.5000000E+01
* ELEM  2952  line segment
 1, 1348, 1352
*
  1.3667082E+01, 2.5942020E+00, 7.2156848E-02, -1.7420204E-01
* ELEM  2953  line segment
 1, 1542, 1348
*
  1.3200761E+01, 2.4200000E+00, 5.3847763E-01, 0.0000000E+00
* ELEM  2954  line segment
 1, 1544, 1542
*
  1.3667082E+01, 2.2457980E+00, 7.2156848E-02, 1.7420204E-01
* ELEM  2955  circular arc
 3, 1359, 1355
*
  1.3470000E+01, 3.0700000E+00, 5.1500000E-01, 0.0000000E+00, 2.2500000E+01
* ELEM  2956  circular arc
 3, 1359, 1358
*
  1.3470000E+01, 3.0700000E+00, 5.1500000E-01, 2.2500000E+01, 4.5000000E+01
* ELEM  2957  circular arc
 3, 1359, 1356
*
  1.3470000E+01, 3.0700000E+00, 5.1500000E-01, 6.7500000E+01, 4.5000000E+01
* ELEM  2958  circular arc
 3, 1359, 1354
*
  1.3470000E+01, 3.0700000E+00, 5.1500000E-01, 1.1250000E+02, 4.5000000E+01
* ELEM  2959  circular arc
 3, 1359, 1352
*
  1.3470000E+01, 3.0700000E+00, 5.1500000E-01, 2.9250000E+02, 4.5000000E+01
* ELEM  2960  circular arc
 3, 1359, 1355
*
  1.3470000E+01, 3.0700000E+00, 5.1500000E-01, 3.3750000E+02, 2.2500000E+01
* ELEM  2961  circle
 2, 1360, 1359
*
  1.3470000E+01, 3.0700000E+00, 4.4700000E-01, 0.0000000E+00
* ELEM  2962  line segment
 1, 1353, 1354
*
  1.3200761E+01, 3.7200000E+00, -3.8076118E-01, -3.8076118E-01
* ELEM  2963  line segment
 1, 1356, 1354
*
  1.3272918E+01, 3.5457980E+00, -7.2156848E-02, 1.7420204E-01
* ELEM  2964  line segment
 1, 1353, 1161
*
  1.2820000E+01, 3.7200000E+00, 3.8076118E-01, 0.0000000E+00
* ELEM  2965  line segment
 1, 1161, 1163
*
  1.2820000E+01, 4.1007612E+00, 3.8076118E-01, -3.8076118E-01
* ELEM  2966  circular arc
 3, 1173, 1163
*
  1.3470000E+01, 4.3700000E+00, 5.1500000E-01, 2.0250000E+02, 4.5000000E+01
* ELEM  2967  line segment
 1, 1163, 1162
*
  1.3272918E+01, 3.8942020E+00, -7.2156848E-02, -1.7420204E-01
* ELEM  2968  circular arc
 3, 1025, 1014
*
  1.3470000E+01, 5.6700000E+00, 5.1500000E-01, 2.4750000E+02, 4.5000000E+01
* ELEM  2969  line segment
 1, 1014, 1018
*
  1.3667082E+01, 5.1942020E+00, 7.2156848E-02, -1.7420204E-01
* ELEM  2970  line segment
 1, 1170, 1014
*
  1.3200761E+01, 5.0200000E+00, 5.3847763E-01, 0.0000000E+00
* ELEM  2971  line segment
 1, 1172, 1170
*
  1.3667082E+01, 4.8457980E+00, 7.2156848E-02, 1.7420204E-01
* ELEM  2972  circular arc
 3, 1173, 1170
*
  1.3470000E+01, 4.3700000E+00, 5.1500000E-01, 6.7500000E+01, 4.5000000E+01
* ELEM  2973  circular arc
 3, 1025, 1021
*
  1.3470000E+01, 5.6700000E+00, 5.1500000E-01, 0.0000000E+00, 2.2500000E+01
* ELEM  2974  circular arc
 3, 1025, 1024
*
  1.3470000E+01, 5.6700000E+00, 5.1500000E-01, 2.2500000E+01, 4.5000000E+01
* ELEM  2975  circular arc
 3, 1025, 1022
*
  1.3470000E+01, 5.6700000E+00, 5.1500000E-01, 6.7500000E+01, 4.5000000E+01
* ELEM  2976  circular arc
 3, 1025, 1020
*
  1.3470000E+01, 5.6700000E+00, 5.1500000E-01, 1.1250000E+02, 4.5000000E+01
* ELEM  2977  circular arc
 3, 1025, 1018
*
  1.3470000E+01, 5.6700000E+00, 5.1500000E-01, 2.9250000E+02, 4.5000000E+01
* ELEM  2978  circular arc
 3, 1025, 1021
*
  1.3470000E+01, 5.6700000E+00, 5.1500000E-01, 3.3750000E+02, 2.2500000E+01
* ELEM  2979  circle
 2, 1026, 1025
*
  1.3470000E+01, 5.6700000E+00, 4.4700000E-01, 0.0000000E+00
* ELEM  2980  line segment
 1, 1019, 1020
*
  1.3200761E+01, 6.3200000E+00, -3.8076118E-01, -3.8076118E-01
* ELEM  2981  line segment
 1, 1022, 1020
*
  1.3272918E+01, 6.1457980E+00, -7.2156848E-02, 1.7420204E-01
* ELEM  2982  line segment
 1, 1019, 865
*
  1.2820000E+01, 6.3200000E+00, 3.8076118E-01, 0.0000000E+00
* ELEM  2983  circular arc
 3, 1173, 1169
*
  1.3470000E+01, 4.3700000E+00, 5.1500000E-01, 0.0000000E+00, 2.2500000E+01
* ELEM  2984  circular arc
 3, 1173, 1172
*
  1.3470000E+01, 4.3700000E+00, 5.1500000E-01, 2.2500000E+01, 4.5000000E+01
* ELEM  2985  circular arc
 3, 1173, 1162
*
  1.3470000E+01, 4.3700000E+00, 5.1500000E-01, 2.4750000E+02, 4.5000000E+01
* ELEM  2986  circular arc
 3, 1173, 1166
*
  1.3470000E+01, 4.3700000E+00, 5.1500000E-01, 2.9250000E+02, 4.5000000E+01
* ELEM  2987  circular arc
 3, 1173, 1169
*
  1.3470000E+01, 4.3700000E+00, 5.1500000E-01, 3.3750000E+02, 2.2500000E+01
* ELEM  2988  circle
 2, 1174, 1173
*
  1.3470000E+01, 4.3700000E+00, 4.4700000E-01, 0.0000000E+00
* ELEM  2989  line segment
 1, 865, 867
*
  1.2820000E+01, 6.7007612E+00, 3.8076118E-01, -3.8076118E-01
* ELEM  2990  circular arc
 3, 877, 867
*
  1.3470000E+01, 6.9700000E+00, 5.1500000E-01, 2.0250000E+02, 4.5000000E+01
* ELEM  2991  line segment
 1, 867, 866
*
  1.3272918E+01, 6.4942020E+00, -7.2156848E-02, -1.7420204E-01
* ELEM  2992  circular arc
 3, 731, 720
*
  1.3470000E+01, 8.2700000E+00, 5.1500000E-01, 2.4750000E+02, 4.5000000E+01
* ELEM  2993  line segment
 1, 720, 724
*
  1.3667082E+01, 7.7942020E+00, 7.2156848E-02, -1.7420204E-01
* ELEM  2994  line segment
 1, 874, 720
*
  1.3200761E+01, 7.6200000E+00, 5.3847763E-01, 0.0000000E+00
* ELEM  2995  line segment
 1, 876, 874
*
  1.3667082E+01, 7.4457980E+00, 7.2156848E-02, 1.7420204E-01
* ELEM  2996  circular arc
 3, 877, 874
*
  1.3470000E+01, 6.9700000E+00, 5.1500000E-01, 6.7500000E+01, 4.5000000E+01
* ELEM  2997  circular arc
 3, 731, 727
*
  1.3470000E+01, 8.2700000E+00, 5.1500000E-01, 0.0000000E+00, 2.2500000E+01
* ELEM  2998  circular arc
 3, 731, 730
*
  1.3470000E+01, 8.2700000E+00, 5.1500000E-01, 2.2500000E+01, 4.5000000E+01
* ELEM  2999  circular arc
 3, 731, 728
*
  1.3470000E+01, 8.2700000E+00, 5.1500000E-01, 6.7500000E+01, 4.5000000E+01
* ELEM  3000  circular arc
 3, 731, 726
*
  1.3470000E+01, 8.2700000E+00, 5.1500000E-01, 1.1250000E+02, 4.5000000E+01
* ELEM  3001  circular arc
 3, 731, 724
*
  1.3470000E+01, 8.2700000E+00, 5.1500000E-01, 2.9250000E+02, 4.5000000E+01
* ELEM  3002  circular arc
 3, 731, 727
*
  1.3470000E+01, 8.2700000E+00, 5.1500000E-01, 3.3750000E+02, 2.2500000E+01
* ELEM  3003  circle
 2, 732, 731
*
  1.3470000E+01, 8.2700000E+00, 4.4700000E-01, 0.0000000E+00
* ELEM  3004  line segment
 1, 725, 726
*
  1.3200761E+01, 8.9200000E+00, -3.8076118E-01, -3.8076118E-01
* ELEM  3005  line segment
 1, 728, 726
*
  1.3272918E+01, 8.7457980E+00, -7.2156848E-02, 1.7420204E-01
* ELEM  3006  line segment
 1, 725, 573
*
  1.2820000E+01, 8.9200000E+00, 3.8076118E-01, 0.0000000E+00
* ELEM  3007  circular arc
 3, 877, 873
*
  1.3470000E+01, 6.9700000E+00, 5.1500000E-01, 0.0000000E+00, 2.2500000E+01
* ELEM  3008  circular arc
 3, 877, 876
*
  1.3470000E+01, 6.9700000E+00, 5.1500000E-01, 2.2500000E+01, 4.5000000E+01
* ELEM  3009  circular arc
 3, 877, 866
*
  1.3470000E+01, 6.9700000E+00, 5.1500000E-01, 2.4750000E+02, 4.5000000E+01
* ELEM  3010  circular arc
 3, 877, 870
*
  1.3470000E+01, 6.9700000E+00, 5.1500000E-01, 2.9250000E+02, 4.5000000E+01
* ELEM  3011  circular arc
 3, 877, 873
*
  1.3470000E+01, 6.9700000E+00, 5.1500000E-01, 3.3750000E+02, 2.2500000E+01
* ELEM  3012  circle
 2, 878, 877
*
  1.3470000E+01, 6.9700000E+00, 4.4700000E-01, 0.0000000E+00
* ELEM  3013  line segment
 1, 573, 575
*
  1.2820000E+01, 9.3007612E+00, 3.8076118E-01, -3.8076118E-01
* ELEM  3014  line segment
 1, 576, 575
*
  1.2994202E+01, 9.3729180E+00, -1.7420204E-01, -7.2156848E-02
* ELEM  3015  circular arc
 3, 585, 575
*
  1.3470000E+01, 9.5700000E+00, 5.1500000E-01, 2.0250000E+02, 4.5000000E+01
* ELEM  3016  line segment
 1, 575, 574
*
  1.3272918E+01, 9.0942020E+00, -7.2156848E-02, -1.7420204E-01
* ELEM  3017  line segment
 1, 599, 576
*
  1.2820000E+01, 9.8392388E+00, 0.0000000E+00, -5.3847763E-01
* ELEM  3018  line segment
 1, 580, 576
*
  1.2994202E+01, 9.7670820E+00, -1.7420204E-01, 7.2156848E-02
* ELEM  3019  circular arc
 3, 585, 576
*
  1.3470000E+01, 9.5700000E+00, 5.1500000E-01, 1.5750000E+02, 4.5000000E+01
* ELEM  3020  line segment
 1, 599, 602
*
  1.2645798E+01, 9.7670820E+00, 1.7420204E-01, 7.2156848E-02
* ELEM  3021  line segment
 1, 408, 411
*
  1.2645798E+01, 1.0672918E+01, 1.7420204E-01, -7.2156848E-02
* ELEM  3022  line segment
 1, 407, 408
*
  1.2439239E+01, 1.0220000E+01, 3.8076118E-01, 3.8076118E-01
* ELEM  3023  line segment
 1, 407, 385
*
  1.2820000E+01, 1.0600761E+01, 0.0000000E+00, -3.8076118E-01
* ELEM  3024  line segment
 1, 601, 407
*
  1.2439239E+01, 1.0220000E+01, 3.8076118E-01, 0.0000000E+00
* ELEM  3025  line segment
 1, 601, 602
*
  1.2820000E+01, 9.8392388E+00, -3.8076118E-01, 3.8076118E-01
* ELEM  3026  line segment
 1, 601, 579
*
  1.2820000E+01, 1.0220000E+01, 0.0000000E+00, -3.8076118E-01
* ELEM  3027  line segment
 1, 243, 244
*
  1.0600761E+01, 1.2820000E+01, -3.8076118E-01, -3.8076118E-01
* ELEM  3028  line segment
 1, 246, 244
*
  1.0672918E+01, 1.2645798E+01, -7.2156848E-02, 1.7420204E-01
* ELEM  3029  line segment
 1, 267, 268
*
  1.0220000E+01, 1.2439239E+01, -3.8076118E-01, 3.8076118E-01
* ELEM  3030  line segment
 1, 267, 79
*
  9.8392388E+00, 1.2820000E+01, 3.8076118E-01, 0.0000000E+00
* ELEM  3031  line segment
 1, 267, 243
*
  1.0220000E+01, 1.2820000E+01, 0.0000000E+00, -3.8076118E-01
* ELEM  3032  line segment
 1, 243, 57
*
  1.0220000E+01, 1.2820000E+01, 3.8076118E-01, 0.0000000E+00
* ELEM  3033  line segment
 1, 268, 266
*
  9.7670820E+00, 1.2645798E+01, 7.2156848E-02, 1.7420204E-01
* ELEM  3034  line segment
 1, 219, 221
*
  1.1520000E+01, 1.1900761E+01, 3.8076118E-01, -3.8076118E-01
* ELEM  3035  line segment
 1, 222, 221
*
  1.1694202E+01, 1.1972918E+01, -1.7420204E-01, -7.2156848E-02
* ELEM  3036  circular arc
 3, 231, 221
*
  1.2170000E+01, 1.2170000E+01, 5.1500000E-01, 2.0250000E+02, 4.5000000E+01
* ELEM  3037  line segment
 1, 221, 220
*
  1.1972918E+01, 1.1694202E+01, -7.2156848E-02, -1.7420204E-01
* ELEM  3038  line segment
 1, 245, 222
*
  1.1520000E+01, 1.2439239E+01, 0.0000000E+00, -5.3847763E-01
* ELEM  3039  line segment
 1, 226, 222
*
  1.1694202E+01, 1.2367082E+01, -1.7420204E-01, 7.2156848E-02
* ELEM  3040  circular arc
 3, 231, 222
*
  1.2170000E+01, 1.2170000E+01, 5.1500000E-01, 1.5750000E+02, 4.5000000E+01
* ELEM  3041  line segment
 1, 245, 248
*
  1.1345798E+01, 1.2367082E+01, 1.7420204E-01, 7.2156848E-02
* ELEM  3042  circular arc
 3, 231, 220
*
  1.2170000E+01, 1.2170000E+01, 5.1500000E-01, 2.4750000E+02, 4.5000000E+01
* ELEM  3043  line segment
 1, 220, 224
*
  1.2367082E+01, 1.1694202E+01, 7.2156848E-02, -1.7420204E-01
* ELEM  3044  line segment
 1, 412, 220
*
  1.1900761E+01, 1.1520000E+01, 5.3847763E-01, 0.0000000E+00
* ELEM  3045  line segment
 1, 414, 412
*
  1.2367082E+01, 1.1345798E+01, 7.2156848E-02, 1.7420204E-01
* ELEM  3046  line segment
 1, 119, 96
*
  7.6200000E+00, 1.3739239E+01, 0.0000000E+00, -5.3847763E-01
* ELEM  3047  line segment
 1, 100, 96
*
  7.7942020E+00, 1.3667082E+01, -1.7420204E-01, 7.2156848E-02
* ELEM  3048  circular arc
 3, 105, 96
*
  8.2700000E+00, 1.3470000E+01, 5.1500000E-01, 1.5750000E+02, 4.5000000E+01
* ELEM  3049  circular arc
 3, 123, 119
*
  6.9700000E+00, 1.3470000E+01, 5.1500000E-01, 3.3750000E+02, 2.2500000E+01
* ELEM  3050  circular arc
 3, 123, 119
*
  6.9700000E+00, 1.3470000E+01, 5.1500000E-01, 0.0000000E+00, 2.2500000E+01
* ELEM  3051  line segment
 1, 119, 122
*
  7.4457980E+00, 1.3667082E+01, 1.7420204E-01, 7.2156848E-02
* ELEM  3052  circular arc
 3, 105, 101
*
  8.2700000E+00, 1.3470000E+01, 5.1500000E-01, 0.0000000E+00, 2.2500000E+01
* ELEM  3053  circular arc
 3, 105, 104
*
  8.2700000E+00, 1.3470000E+01, 5.1500000E-01, 2.2500000E+01, 4.5000000E+01
* ELEM  3054  circular arc
 3, 105, 102
*
  8.2700000E+00, 1.3470000E+01, 5.1500000E-01, 6.7500000E+01, 4.5000000E+01
* ELEM  3055  circular arc
 3, 105, 100
*
  8.2700000E+00, 1.3470000E+01, 5.1500000E-01, 1.1250000E+02, 4.5000000E+01
* ELEM  3056  circular arc
 3, 105, 98
*
  8.2700000E+00, 1.3470000E+01, 5.1500000E-01, 2.9250000E+02, 4.5000000E+01
* ELEM  3057  circular arc
 3, 105, 101
*
  8.2700000E+00, 1.3470000E+01, 5.1500000E-01, 3.3750000E+02, 2.2500000E+01
* ELEM  3058  circle
 2, 106, 105
*
  8.2700000E+00, 1.3470000E+01, 4.4700000E-01, 0.0000000E+00
* ELEM  3059  line segment
 1, 98, 101
*
  8.7457980E+00, 1.3272918E+01, 1.7420204E-01, -7.2156848E-02
* ELEM  3060  line segment
 1, 97, 98
*
  8.5392388E+00, 1.2820000E+01, 3.8076118E-01, 3.8076118E-01
* ELEM  3061  line segment
 1, 97, 75
*
  8.9200000E+00, 1.3200761E+01, 0.0000000E+00, -3.8076118E-01
* ELEM  3062  circular arc
 3, 123, 122
*
  6.9700000E+00, 1.3470000E+01, 5.1500000E-01, 2.2500000E+01, 4.5000000E+01
* ELEM  3063  circular arc
 3, 123, 120
*
  6.9700000E+00, 1.3470000E+01, 5.1500000E-01, 6.7500000E+01, 4.5000000E+01
* ELEM  3064  circular arc
 3, 123, 118
*
  6.9700000E+00, 1.3470000E+01, 5.1500000E-01, 1.1250000E+02, 4.5000000E+01
* ELEM  3065  circular arc
 3, 123, 114
*
  6.9700000E+00, 1.3470000E+01, 5.1500000E-01, 1.5750000E+02, 4.5000000E+01
* ELEM  3066  circular arc
 3, 123, 113
*
  6.9700000E+00, 1.3470000E+01, 5.1500000E-01, 2.0250000E+02, 4.5000000E+01
* ELEM  3067  circle
 2, 124, 123
*
  6.9700000E+00, 1.3470000E+01, 4.4700000E-01, 0.0000000E+00
* ELEM  3068  line segment
 1, 133, 111
*
  6.3200000E+00, 1.3200761E+01, 0.0000000E+00, -3.8076118E-01
* ELEM  3069  line segment
 1, 111, 113
*
  6.3200000E+00, 1.3200761E+01, 3.8076118E-01, -3.8076118E-01
* ELEM  3070  line segment
 1, 114, 113
*
  6.4942020E+00, 1.3272918E+01, -1.7420204E-01, -7.2156848E-02
* ELEM  3071  line segment
 1, 75, 77
*
  8.9200000E+00, 1.3200761E+01, 3.8076118E-01, -3.8076118E-01
* ELEM  3072  line segment
 1, 78, 77
*
  9.0942020E+00, 1.3272918E+01, -1.7420204E-01, -7.2156848E-02
* ELEM  3073  circular arc
 3, 87, 77
*
  9.5700000E+00, 1.3470000E+01, 5.1500000E-01, 2.0250000E+02, 4.5000000E+01
* ELEM  3074  line segment
 1, 77, 76
*
  9.3729180E+00, 1.2994202E+01, -7.2156848E-02, -1.7420204E-01
* ELEM  3075  circular arc
 3, 87, 76
*
  9.5700000E+00, 1.3470000E+01, 5.1500000E-01, 2.4750000E+02, 4.5000000E+01
* ELEM  3076  line segment
 1, 76, 80
*
  9.7670820E+00, 1.2994202E+01, 7.2156848E-02, -1.7420204E-01
* ELEM  3077  line segment
 1, 266, 76
*
  9.3007612E+00, 1.2820000E+01, 5.3847763E-01, 0.0000000E+00
* ELEM  3078  line segment
 1, 133, 134
*
  5.9392388E+00, 1.2820000E+01, 3.8076118E-01, 3.8076118E-01
* ELEM  3079  circular arc
 3, 141, 134
*
  5.6700000E+00, 1.3470000E+01, 5.1500000E-01, 2.9250000E+02, 4.5000000E+01
* ELEM  3080  line segment
 1, 134, 137
*
  6.1457980E+00, 1.3272918E+01, 1.7420204E-01, -7.2156848E-02
* ELEM  3081  line segment
 1, 155, 132
*
  5.0200000E+00, 1.3739239E+01, 0.0000000E+00, -5.3847763E-01
* ELEM  3082  line segment
 1, 136, 132
*
  5.1942020E+00, 1.3667082E+01, -1.7420204E-01, 7.2156848E-02
* ELEM  3083  circular arc
 3, 141, 132
*
  5.6700000E+00, 1.3470000E+01, 5.1500000E-01, 1.5750000E+02, 4.5000000E+01
* ELEM  3084  line segment
 1, 155, 158
*
  4.8457980E+00, 1.3667082E+01, 1.7420204E-01, 7.2156848E-02
* ELEM  3085  circular arc
 3, 141, 137
*
  5.6700000E+00, 1.3470000E+01, 5.1500000E-01, 0.0000000E+00, 2.2500000E+01
* ELEM  3086  circular arc
 3, 141, 140
*
  5.6700000E+00, 1.3470000E+01, 5.1500000E-01, 2.2500000E+01, 4.5000000E+01
* ELEM  3087  circular arc
 3, 141, 138
*
  5.6700000E+00, 1.3470000E+01, 5.1500000E-01, 6.7500000E+01, 4.5000000E+01
* ELEM  3088  circular arc
 3, 141, 136
*
  5.6700000E+00, 1.3470000E+01, 5.1500000E-01, 1.1250000E+02, 4.5000000E+01
* ELEM  3089  circular arc
 3, 141, 137
*
  5.6700000E+00, 1.3470000E+01, 5.1500000E-01, 3.3750000E+02, 2.2500000E+01
* ELEM  3090  circle
 2, 142, 141
*
  5.6700000E+00, 1.3470000E+01, 4.4700000E-01, 0.0000000E+00
* ELEM  3091  line segment
 1, 1537, 1538
*
  1.3739239E+01, 1.1200000E+00, 3.8076118E-01, 3.8076118E-01
* ELEM  3092  line segment
 1, 1537, 1838
*
  1.4120000E+01, 1.5007612E+00, 0.0000000E+00, -2.0397883E-01
* ELEM  3093  line segment
 1, 1537, 1839
*
  1.3943218E+01, 1.1200000E+00, -2.0397883E-01, 0.0000000E+00
* ELEM  3094  line segment
 1, 1538, 1541
*
  1.3945798E+01, 1.5729180E+00, 1.7420204E-01, -7.2156848E-02
* ELEM  3095  line segment
 1, 1791, 174
*
  3.3392388E+00, 1.4120000E+01, -5.3847763E-01, 0.0000000E+00
* ELEM  3096  line segment
 1, 176, 174
*
  3.2670820E+00, 1.3945798E+01, 7.2156848E-02, 1.7420204E-01
* ELEM  3097  line segment
 1, 153, 154
*
  4.1007612E+00, 1.4120000E+01, -3.8076118E-01, -3.8076118E-01
* ELEM  3098  line segment
 1, 156, 154
*
  4.1729180E+00, 1.3945798E+01, -7.2156848E-02, 1.7420204E-01
* ELEM  3099  line segment
 1, 153, 1776
*
  3.7200000E+00, 1.4120000E+01, 3.8076118E-01, 0.0000000E+00
* ELEM  3100  line segment
 1, 175, 153
*
  3.7200000E+00, 1.4120000E+01, 0.0000000E+00, -3.8076118E-01
* ELEM  3101  line segment
 1, 175, 1791
*
  3.3392388E+00, 1.4120000E+01, 3.8076118E-01, 0.0000000E+00
* ELEM  3102  line segment
 1, 175, 176
*
  3.7200000E+00, 1.3739239E+01, -3.8076118E-01, 3.8076118E-01
* ELEM  3103  line segment
 1, 1543, 1351
*
  1.3739239E+01, 2.4200000E+00, 3.8076118E-01, 0.0000000E+00
* ELEM  3104  line segment
 1, 1351, 1352
*
  1.3739239E+01, 2.4200000E+00, 3.8076118E-01, 3.8076118E-01
* ELEM  3105  line segment
 1, 1351, 1788
*
  1.4120000E+01, 2.8007612E+00, 0.0000000E+00, -3.8076118E-01
* ELEM  3106  line segment
 1, 1352, 1355
*
  1.3945798E+01, 2.8729180E+00, 1.7420204E-01, -7.2156848E-02
* ELEM  3107  line segment
 1, 1541, 1544
*
  1.3945798E+01, 1.9670820E+00, 1.7420204E-01, 7.2156848E-02
* ELEM  3108  line segment
 1, 1543, 1544
*
  1.4120000E+01, 2.0392388E+00, -3.8076118E-01, 3.8076118E-01
* ELEM  3109  line segment
 1, 1543, 1838
*
  1.4120000E+01, 2.4200000E+00, 0.0000000E+00, -3.8076118E-01
* ELEM  3110  line segment
 1, 1162, 1166
*
  1.3667082E+01, 3.8942020E+00, 7.2156848E-02, -1.7420204E-01
* ELEM  3111  line segment
 1, 1356, 1162
*
  1.3200761E+01, 3.7200000E+00, 5.3847763E-01, 0.0000000E+00
* ELEM  3112  line segment
 1, 1358, 1356
*
  1.3667082E+01, 3.5457980E+00, 7.2156848E-02, 1.7420204E-01
* ELEM  3113  line segment
 1, 1171, 1017
*
  1.3739239E+01, 5.0200000E+00, 3.8076118E-01, 0.0000000E+00
* ELEM  3114  line segment
 1, 1017, 1018
*
  1.3739239E+01, 5.0200000E+00, 3.8076118E-01, 3.8076118E-01
* ELEM  3115  line segment
 1, 1017, 1789
*
  1.4120000E+01, 5.4007612E+00, 0.0000000E+00, -3.8076118E-01
* ELEM  3116  line segment
 1, 1018, 1021
*
  1.3945798E+01, 5.4729180E+00, 1.7420204E-01, -7.2156848E-02
* ELEM  3117  line segment
 1, 1169, 1172
*
  1.3945798E+01, 4.5670820E+00, 1.7420204E-01, 7.2156848E-02
* ELEM  3118  line segment
 1, 1171, 1172
*
  1.4120000E+01, 4.6392388E+00, -3.8076118E-01, 3.8076118E-01
* ELEM  3119  line segment
 1, 1171, 1781
*
  1.4120000E+01, 5.0200000E+00, 0.0000000E+00, -3.8076118E-01
* ELEM  3120  line segment
 1, 866, 870
*
  1.3667082E+01, 6.4942020E+00, 7.2156848E-02, -1.7420204E-01
* ELEM  3121  line segment
 1, 1022, 866
*
  1.3200761E+01, 6.3200000E+00, 5.3847763E-01, 0.0000000E+00
* ELEM  3122  line segment
 1, 1024, 1022
*
  1.3667082E+01, 6.1457980E+00, 7.2156848E-02, 1.7420204E-01
* ELEM  3123  line segment
 1, 875, 723
*
  1.3739239E+01, 7.6200000E+00, 3.8076118E-01, 0.0000000E+00
* ELEM  3124  line segment
 1, 723, 724
*
  1.3739239E+01, 7.6200000E+00, 3.8076118E-01, 3.8076118E-01
* ELEM  3125  line segment
 1, 723, 1782
*
  1.4120000E+01, 8.0007612E+00, 0.0000000E+00, -3.8076118E-01
* ELEM  3126  line segment
 1, 724, 727
*
  1.3945798E+01, 8.0729180E+00, 1.7420204E-01, -7.2156848E-02
* ELEM  3127  line segment
 1, 873, 876
*
  1.3945798E+01, 7.1670820E+00, 1.7420204E-01, 7.2156848E-02
* ELEM  3128  line segment
 1, 875, 876
*
  1.4120000E+01, 7.2392388E+00, -3.8076118E-01, 3.8076118E-01
* ELEM  3129  line segment
 1, 875, 1790
*
  1.4120000E+01, 7.6200000E+00, 0.0000000E+00, -3.8076118E-01
* ELEM  3130  circular arc
 3, 585, 574
*
  1.3470000E+01, 9.5700000E+00, 5.1500000E-01, 2.4750000E+02, 4.5000000E+01
* ELEM  3131  line segment
 1, 574, 578
*
  1.3667082E+01, 9.0942020E+00, 7.2156848E-02, -1.7420204E-01
* ELEM  3132  line segment
 1, 728, 574
*
  1.3200761E+01, 8.9200000E+00, 5.3847763E-01, 0.0000000E+00
* ELEM  3133  line segment
 1, 730, 728
*
  1.3667082E+01, 8.7457980E+00, 7.2156848E-02, 1.7420204E-01
* ELEM  3134  circular arc
 3, 585, 581
*
  1.3470000E+01, 9.5700000E+00, 5.1500000E-01, 0.0000000E+00, 2.2500000E+01
* ELEM  3135  circular arc
 3, 585, 584
*
  1.3470000E+01, 9.5700000E+00, 5.1500000E-01, 2.2500000E+01, 4.5000000E+01
* ELEM  3136  circular arc
 3, 585, 582
*
  1.3470000E+01, 9.5700000E+00, 5.1500000E-01, 6.7500000E+01, 4.5000000E+01
* ELEM  3137  circular arc
 3, 585, 580
*
  1.3470000E+01, 9.5700000E+00, 5.1500000E-01, 1.1250000E+02, 4.5000000E+01
* ELEM  3138  circular arc
 3, 585, 578
*
  1.3470000E+01, 9.5700000E+00, 5.1500000E-01, 2.9250000E+02, 4.5000000E+01
* ELEM  3139  circular arc
 3, 585, 581
*
  1.3470000E+01, 9.5700000E+00, 5.1500000E-01, 3.3750000E+02, 2.2500000E+01
* ELEM  3140  circle
 2, 586, 585
*
  1.3470000E+01, 9.5700000E+00, 4.4700000E-01, 0.0000000E+00
* ELEM  3141  line segment
 1, 579, 580
*
  1.3200761E+01, 1.0220000E+01, -3.8076118E-01, -3.8076118E-01
* ELEM  3142  line segment
 1, 582, 580
*
  1.3272918E+01, 1.0045798E+01, -7.2156848E-02, 1.7420204E-01
* ELEM  3143  line segment
 1, 579, 385
*
  1.2820000E+01, 1.0220000E+01, 3.8076118E-01, 0.0000000E+00
* ELEM  3144  line segment
 1, 385, 387
*
  1.2820000E+01, 1.0600761E+01, 3.8076118E-01, -3.8076118E-01
* ELEM  3145  line segment
 1, 388, 387
*
  1.2994202E+01, 1.0672918E+01, -1.7420204E-01, -7.2156848E-02
* ELEM  3146  circular arc
 3, 397, 387
*
  1.3470000E+01, 1.0870000E+01, 5.1500000E-01, 2.0250000E+02, 4.5000000E+01
* ELEM  3147  line segment
 1, 387, 386
*
  1.3272918E+01, 1.0394202E+01, -7.2156848E-02, -1.7420204E-01
* ELEM  3148  line segment
 1, 411, 388
*
  1.2820000E+01, 1.1139239E+01, 0.0000000E+00, -5.3847763E-01
* ELEM  3149  line segment
 1, 392, 388
*
  1.2994202E+01, 1.1067082E+01, -1.7420204E-01, 7.2156848E-02
* ELEM  3150  circular arc
 3, 397, 388
*
  1.3470000E+01, 1.0870000E+01, 5.1500000E-01, 1.5750000E+02, 4.5000000E+01
* ELEM  3151  line segment
 1, 411, 414
*
  1.2645798E+01, 1.1067082E+01, 1.7420204E-01, 7.2156848E-02
* ELEM  3152  line segment
 1, 79, 80
*
  9.8392388E+00, 1.2820000E+01, 3.8076118E-01, 3.8076118E-01
* ELEM  3153  line segment
 1, 79, 57
*
  1.0220000E+01, 1.3200761E+01, 0.0000000E+00, -3.8076118E-01
* ELEM  3154  line segment
 1, 57, 59
*
  1.0220000E+01, 1.3200761E+01, 3.8076118E-01, -3.8076118E-01
* ELEM  3155  line segment
 1, 60, 59
*
  1.0394202E+01, 1.3272918E+01, -1.7420204E-01, -7.2156848E-02
* ELEM  3156  circular arc
 3, 69, 59
*
  1.0870000E+01, 1.3470000E+01, 5.1500000E-01, 2.0250000E+02, 4.5000000E+01
* ELEM  3157  line segment
 1, 59, 58
*
  1.0672918E+01, 1.2994202E+01, -7.2156848E-02, -1.7420204E-01
* ELEM  3158  circular arc
 3, 69, 58
*
  1.0870000E+01, 1.3470000E+01, 5.1500000E-01, 2.4750000E+02, 4.5000000E+01
* ELEM  3159  line segment
 1, 58, 62
*
  1.1067082E+01, 1.2994202E+01, 7.2156848E-02, -1.7420204E-01
* ELEM  3160  line segment
 1, 246, 58
*
  1.0600761E+01, 1.2820000E+01, 5.3847763E-01, 0.0000000E+00
* ELEM  3161  line segment
 1, 248, 246
*
  1.1067082E+01, 1.2645798E+01, 7.2156848E-02, 1.7420204E-01
* ELEM  3162  circular arc
 3, 87, 80
*
  9.5700000E+00, 1.3470000E+01, 5.1500000E-01, 2.9250000E+02, 4.5000000E+01
* ELEM  3163  line segment
 1, 80, 83
*
  1.0045798E+01, 1.3272918E+01, 1.7420204E-01, -7.2156848E-02
* ELEM  3164  circular arc
 3, 231, 227
*
  1.2170000E+01, 1.2170000E+01, 5.1500000E-01, 0.0000000E+00, 2.2500000E+01
* ELEM  3165  circular arc
 3, 231, 230
*
  1.2170000E+01, 1.2170000E+01, 5.1500000E-01, 2.2500000E+01, 4.5000000E+01
* ELEM  3166  circular arc
 3, 231, 228
*
  1.2170000E+01, 1.2170000E+01, 5.1500000E-01, 6.7500000E+01, 4.5000000E+01
* ELEM  3167  circular arc
 3, 231, 226
*
  1.2170000E+01, 1.2170000E+01, 5.1500000E-01, 1.1250000E+02, 4.5000000E+01
* ELEM  3168  circular arc
 3, 231, 224
*
  1.2170000E+01, 1.2170000E+01, 5.1500000E-01, 2.9250000E+02, 4.5000000E+01
* ELEM  3169  circular arc
 3, 231, 227
*
  1.2170000E+01, 1.2170000E+01, 5.1500000E-01, 3.3750000E+02, 2.2500000E+01
* ELEM  3170  circle
 2, 232, 231
*
  1.2170000E+01, 1.2170000E+01, 4.4700000E-01, 0.0000000E+00
* ELEM  3171  line segment
 1, 225, 226
*
  1.1900761E+01, 1.2820000E+01, -3.8076118E-01, -3.8076118E-01
* ELEM  3172  line segment
 1, 228, 226
*
  1.1972918E+01, 1.2645798E+01, -7.2156848E-02, 1.7420204E-01
* ELEM  3173  line segment
 1, 247, 248
*
  1.1520000E+01, 1.2439239E+01, -3.8076118E-01, 3.8076118E-01
* ELEM  3174  line segment
 1, 247, 61
*
  1.1139239E+01, 1.2820000E+01, 3.8076118E-01, 0.0000000E+00
* ELEM  3175  line segment
 1, 247, 225
*
  1.1520000E+01, 1.2820000E+01, 0.0000000E+00, -3.8076118E-01
* ELEM  3176  line segment
 1, 225, 39
*
  1.1520000E+01, 1.2820000E+01, 3.8076118E-01, 0.0000000E+00
* ELEM  3177  line segment
 1, 224, 227
*
  1.2645798E+01, 1.1972918E+01, 1.7420204E-01, -7.2156848E-02
* ELEM  3178  line segment
 1, 223, 224
*
  1.2439239E+01, 1.1520000E+01, 3.8076118E-01, 3.8076118E-01
* ELEM  3179  line segment
 1, 223, 201
*
  1.2820000E+01, 1.1900761E+01, 0.0000000E+00, -3.8076118E-01
* ELEM  3180  line segment
 1, 413, 223
*
  1.2439239E+01, 1.1520000E+01, 3.8076118E-01, 0.0000000E+00
* ELEM  3181  line segment
 1, 413, 414
*
  1.2820000E+01, 1.1139239E+01, -3.8076118E-01, 3.8076118E-01
* ELEM  3182  line segment
 1, 413, 391
*
  1.2820000E+01, 1.1520000E+01, 0.0000000E+00, -3.8076118E-01
* ELEM  3183  line segment
 1, 99, 100
*
  8.0007612E+00, 1.4120000E+01, -3.8076118E-01, -3.8076118E-01
* ELEM  3184  line segment
 1, 102, 100
*
  8.0729180E+00, 1.3945798E+01, -7.2156848E-02, 1.7420204E-01
* ELEM  3185  line segment
 1, 99, 1770
*
  7.6200000E+00, 1.4120000E+01, 3.8076118E-01, 0.0000000E+00
* ELEM  3186  line segment
 1, 121, 99
*
  7.6200000E+00, 1.4120000E+01, 0.0000000E+00, -3.8076118E-01
* ELEM  3187  line segment
 1, 121, 1787
*
  7.2392388E+00, 1.4120000E+01, 3.8076118E-01, 0.0000000E+00
* ELEM  3188  line segment
 1, 121, 122
*
  7.6200000E+00, 1.3739239E+01, -3.8076118E-01, 3.8076118E-01
* ELEM  3189  line segment
 1, 122, 120
*
  7.1670820E+00, 1.3945798E+01, 7.2156848E-02, 1.7420204E-01
* ELEM  3190  line segment
 1, 101, 78
*
  8.9200000E+00, 1.3739239E+01, 0.0000000E+00, -5.3847763E-01
* ELEM  3191  line segment
 1, 82, 78
*
  9.0942020E+00, 1.3667082E+01, -1.7420204E-01, 7.2156848E-02
* ELEM  3192  circular arc
 3, 87, 78
*
  9.5700000E+00, 1.3470000E+01, 5.1500000E-01, 1.5750000E+02, 4.5000000E+01
* ELEM  3193  line segment
 1, 101, 104
*
  8.7457980E+00, 1.3667082E+01, 1.7420204E-01, 7.2156848E-02
* ELEM  3194  line segment
 1, 137, 114
*
  6.3200000E+00, 1.3739239E+01, 0.0000000E+00, -5.3847763E-01
* ELEM  3195  line segment
 1, 118, 114
*
  6.4942020E+00, 1.3667082E+01, -1.7420204E-01, 7.2156848E-02
* ELEM  3196  line segment
 1, 137, 140
*
  6.1457980E+00, 1.3667082E+01, 1.7420204E-01, 7.2156848E-02
* ELEM  3197  circular arc
 3, 87, 83
*
  9.5700000E+00, 1.3470000E+01, 5.1500000E-01, 0.0000000E+00, 2.2500000E+01
* ELEM  3198  circular arc
 3, 87, 86
*
  9.5700000E+00, 1.3470000E+01, 5.1500000E-01, 2.2500000E+01, 4.5000000E+01
* ELEM  3199  circular arc
 3, 87, 84
*
  9.5700000E+00, 1.3470000E+01, 5.1500000E-01, 6.7500000E+01, 4.5000000E+01
* ELEM  3200  circular arc
 3, 87, 82
*
  9.5700000E+00, 1.3470000E+01, 5.1500000E-01, 1.1250000E+02, 4.5000000E+01
* ELEM  3201  circular arc
 3, 87, 83
*
  9.5700000E+00, 1.3470000E+01, 5.1500000E-01, 3.3750000E+02, 2.2500000E+01
* ELEM  3202  circle
 2, 88, 87
*
  9.5700000E+00, 1.3470000E+01, 4.4700000E-01, 0.0000000E+00
* ELEM  3203  line segment
 1, 135, 136
*
  5.4007612E+00, 1.4120000E+01, -3.8076118E-01, -3.8076118E-01
* ELEM  3204  line segment
 1, 138, 136
*
  5.4729180E+00, 1.3945798E+01, -7.2156848E-02, 1.7420204E-01
* ELEM  3205  line segment
 1, 135, 1786
*
  5.0200000E+00, 1.4120000E+01, 3.8076118E-01, 0.0000000E+00
* ELEM  3206  line segment
 1, 157, 135
*
  5.0200000E+00, 1.4120000E+01, 0.0000000E+00, -3.8076118E-01
* ELEM  3207  line segment
 1, 157, 1776
*
  4.6392388E+00, 1.4120000E+01, 3.8076118E-01, 0.0000000E+00
* ELEM  3208  line segment
 1, 157, 158
*
  5.0200000E+00, 1.3739239E+01, -3.8076118E-01, 3.8076118E-01
* ELEM  3209  line segment
 1, 158, 156
*
  4.5670820E+00, 1.3945798E+01, 7.2156848E-02, 1.7420204E-01
* ELEM  3210  line segment
 1, 1838, 1541
*
  1.4120000E+01, 1.5007612E+00, 0.0000000E+00, 5.3847763E-01
* ELEM  3211  line segment
 1, 1776, 156
*
  4.6392388E+00, 1.4120000E+01, -5.3847763E-01, 0.0000000E+00
* ELEM  3212  line segment
 1, 1355, 1358
*
  1.3945798E+01, 3.2670820E+00, 1.7420204E-01, 7.2156848E-02
* ELEM  3213  line segment
 1, 1788, 1355
*
  1.4120000E+01, 2.8007612E+00, 0.0000000E+00, 5.3847763E-01
* ELEM  3214  line segment
 1, 1357, 1165
*
  1.3739239E+01, 3.7200000E+00, 3.8076118E-01, 0.0000000E+00
* ELEM  3215  line segment
 1, 1165, 1166
*
  1.3739239E+01, 3.7200000E+00, 3.8076118E-01, 3.8076118E-01
* ELEM  3216  line segment
 1, 1165, 1781
*
  1.4120000E+01, 4.1007612E+00, 0.0000000E+00, -3.8076118E-01
* ELEM  3217  line segment
 1, 1166, 1169
*
  1.3945798E+01, 4.1729180E+00, 1.7420204E-01, -7.2156848E-02
* ELEM  3218  line segment
 1, 1357, 1358
*
  1.4120000E+01, 3.3392388E+00, -3.8076118E-01, 3.8076118E-01
* ELEM  3219  line segment
 1, 1357, 1788
*
  1.4120000E+01, 3.7200000E+00, 0.0000000E+00, -3.8076118E-01
* ELEM  3220  line segment
 1, 1021, 1024
*
  1.3945798E+01, 5.8670820E+00, 1.7420204E-01, 7.2156848E-02
* ELEM  3221  line segment
 1, 1789, 1021
*
  1.4120000E+01, 5.4007612E+00, 0.0000000E+00, 5.3847763E-01
* ELEM  3222  line segment
 1, 1781, 1169
*
  1.4120000E+01, 4.1007612E+00, 0.0000000E+00, 5.3847763E-01
* ELEM  3223  line segment
 1, 1023, 869
*
  1.3739239E+01, 6.3200000E+00, 3.8076118E-01, 0.0000000E+00
* ELEM  3224  line segment
 1, 869, 870
*
  1.3739239E+01, 6.3200000E+00, 3.8076118E-01, 3.8076118E-01
* ELEM  3225  line segment
 1, 869, 1790
*
  1.4120000E+01, 6.7007612E+00, 0.0000000E+00, -3.8076118E-01
* ELEM  3226  line segment
 1, 870, 873
*
  1.3945798E+01, 6.7729180E+00, 1.7420204E-01, -7.2156848E-02
* ELEM  3227  line segment
 1, 1023, 1024
*
  1.4120000E+01, 5.9392388E+00, -3.8076118E-01, 3.8076118E-01
* ELEM  3228  line segment
 1, 1023, 1789
*
  1.4120000E+01, 6.3200000E+00, 0.0000000E+00, -3.8076118E-01
* ELEM  3229  line segment
 1, 727, 730
*
  1.3945798E+01, 8.4670820E+00, 1.7420204E-01, 7.2156848E-02
* ELEM  3230  line segment
 1, 1782, 727
*
  1.4120000E+01, 8.0007612E+00, 0.0000000E+00, 5.3847763E-01
* ELEM  3231  line segment
 1, 1790, 873
*
  1.4120000E+01, 6.7007612E+00, 0.0000000E+00, 5.3847763E-01
* ELEM  3232  line segment
 1, 729, 577
*
  1.3739239E+01, 8.9200000E+00, 3.8076118E-01, 0.0000000E+00
* ELEM  3233  line segment
 1, 577, 578
*
  1.3739239E+01, 8.9200000E+00, 3.8076118E-01, 3.8076118E-01
* ELEM  3234  line segment
 1, 577, 1793
*
  1.4120000E+01, 9.3007612E+00, 0.0000000E+00, -3.8076118E-01
* ELEM  3235  line segment
 1, 578, 581
*
  1.3945798E+01, 9.3729180E+00, 1.7420204E-01, -7.2156848E-02
* ELEM  3236  line segment
 1, 729, 730
*
  1.4120000E+01, 8.5392388E+00, -3.8076118E-01, 3.8076118E-01
* ELEM  3237  line segment
 1, 729, 1782
*
  1.4120000E+01, 8.9200000E+00, 0.0000000E+00, -3.8076118E-01
* ELEM  3238  circular arc
 3, 397, 386
*
  1.3470000E+01, 1.0870000E+01, 5.1500000E-01, 2.4750000E+02, 4.5000000E+01
* ELEM  3239  line segment
 1, 386, 390
*
  1.3667082E+01, 1.0394202E+01, 7.2156848E-02, -1.7420204E-01
* ELEM  3240  line segment
 1, 582, 386
*
  1.3200761E+01, 1.0220000E+01, 5.3847763E-01, 0.0000000E+00
* ELEM  3241  line segment
 1, 584, 582
*
  1.3667082E+01, 1.0045798E+01, 7.2156848E-02, 1.7420204E-01
* ELEM  3242  circular arc
 3, 397, 393
*
  1.3470000E+01, 1.0870000E+01, 5.1500000E-01, 0.0000000E+00, 2.2500000E+01
* ELEM  3243  circular arc
 3, 397, 396
*
  1.3470000E+01, 1.0870000E+01, 5.1500000E-01, 2.2500000E+01, 4.5000000E+01
* ELEM  3244  circular arc
 3, 397, 394
*
  1.3470000E+01, 1.0870000E+01, 5.1500000E-01, 6.7500000E+01, 4.5000000E+01
* ELEM  3245  circular arc
 3, 397, 392
*
  1.3470000E+01, 1.0870000E+01, 5.1500000E-01, 1.1250000E+02, 4.5000000E+01
* ELEM  3246  circular arc
 3, 397, 390
*
  1.3470000E+01, 1.0870000E+01, 5.1500000E-01, 2.9250000E+02, 4.5000000E+01
* ELEM  3247  circular arc
 3, 397, 393
*
  1.3470000E+01, 1.0870000E+01, 5.1500000E-01, 3.3750000E+02, 2.2500000E+01
* ELEM  3248  circle
 2, 398, 397
*
  1.3470000E+01, 1.0870000E+01, 4.4700000E-01, 0.0000000E+00
* ELEM  3249  line segment
 1, 391, 392
*
  1.3200761E+01, 1.1520000E+01, -3.8076118E-01, -3.8076118E-01
* ELEM  3250  line segment
 1, 394, 392
*
  1.3272918E+01, 1.1345798E+01, -7.2156848E-02, 1.7420204E-01
* ELEM  3251  line segment
 1, 391, 201
*
  1.2820000E+01, 1.1520000E+01, 3.8076118E-01, 0.0000000E+00
* ELEM  3252  line segment
 1, 83, 60
*
  1.0220000E+01, 1.3739239E+01, 0.0000000E+00, -5.3847763E-01
* ELEM  3253  line segment
 1, 64, 60
*
  1.0394202E+01, 1.3667082E+01, -1.7420204E-01, 7.2156848E-02
* ELEM  3254  circular arc
 3, 69, 60
*
  1.0870000E+01, 1.3470000E+01, 5.1500000E-01, 1.5750000E+02, 4.5000000E+01
* ELEM  3255  line segment
 1, 83, 86
*
  1.0045798E+01, 1.3667082E+01, 1.7420204E-01, 7.2156848E-02
* ELEM  3256  circular arc
 3, 69, 65
*
  1.0870000E+01, 1.3470000E+01, 5.1500000E-01, 0.0000000E+00, 2.2500000E+01
* ELEM  3257  circular arc
 3, 69, 68
*
  1.0870000E+01, 1.3470000E+01, 5.1500000E-01, 2.2500000E+01, 4.5000000E+01
* ELEM  3258  circular arc
 3, 69, 66
*
  1.0870000E+01, 1.3470000E+01, 5.1500000E-01, 6.7500000E+01, 4.5000000E+01
* ELEM  3259  circular arc
 3, 69, 64
*
  1.0870000E+01, 1.3470000E+01, 5.1500000E-01, 1.1250000E+02, 4.5000000E+01
* ELEM  3260  circular arc
 3, 69, 62
*
  1.0870000E+01, 1.3470000E+01, 5.1500000E-01, 2.9250000E+02, 4.5000000E+01
* ELEM  3261  circular arc
 3, 69, 65
*
  1.0870000E+01, 1.3470000E+01, 5.1500000E-01, 3.3750000E+02, 2.2500000E+01
* ELEM  3262  circle
 2, 70, 69
*
  1.0870000E+01, 1.3470000E+01, 4.4700000E-01, 0.0000000E+00
* ELEM  3263  line segment
 1, 62, 65
*
  1.1345798E+01, 1.3272918E+01, 1.7420204E-01, -7.2156848E-02
* ELEM  3264  line segment
 1, 61, 62
*
  1.1139239E+01, 1.2820000E+01, 3.8076118E-01, 3.8076118E-01
* ELEM  3265  line segment
 1, 61, 39
*
  1.1520000E+01, 1.3200761E+01, 0.0000000E+00, -3.8076118E-01
* ELEM  3266  line segment
 1, 39, 41
*
  1.1520000E+01, 1.3200761E+01, 3.8076118E-01, -3.8076118E-01
* ELEM  3267  line segment
 1, 42, 41
*
  1.1694202E+01, 1.3272918E+01, -1.7420204E-01, -7.2156848E-02
* ELEM  3268  circular arc
 3, 51, 41
*
  1.2170000E+01, 1.3470000E+01, 5.1500000E-01, 2.0250000E+02, 4.5000000E+01
* ELEM  3269  line segment
 1, 41, 40
*
  1.1972918E+01, 1.2994202E+01, -7.2156848E-02, -1.7420204E-01
* ELEM  3270  circular arc
 3, 51, 40
*
  1.2170000E+01, 1.3470000E+01, 5.1500000E-01, 2.4750000E+02, 4.5000000E+01
* ELEM  3271  line segment
 1, 40, 44
*
  1.2367082E+01, 1.2994202E+01, 7.2156848E-02, -1.7420204E-01
* ELEM  3272  line segment
 1, 228, 40
*
  1.1900761E+01, 1.2820000E+01, 5.3847763E-01, 0.0000000E+00
* ELEM  3273  line segment
 1, 230, 228
*
  1.2367082E+01, 1.2645798E+01, 7.2156848E-02, 1.7420204E-01
* ELEM  3274  line segment
 1, 201, 203
*
  1.2820000E+01, 1.1900761E+01, 3.8076118E-01, -3.8076118E-01
* ELEM  3275  line segment
 1, 204, 203
*
  1.2994202E+01, 1.1972918E+01, -1.7420204E-01, -7.2156848E-02
* ELEM  3276  circular arc
 3, 213, 203
*
  1.3470000E+01, 1.2170000E+01, 5.1500000E-01, 2.0250000E+02, 4.5000000E+01
* ELEM  3277  line segment
 1, 203, 202
*
  1.3272918E+01, 1.1694202E+01, -7.2156848E-02, -1.7420204E-01
* ELEM  3278  line segment
 1, 227, 204
*
  1.2820000E+01, 1.2439239E+01, 0.0000000E+00, -5.3847763E-01
* ELEM  3279  line segment
 1, 208, 204
*
  1.2994202E+01, 1.2367082E+01, -1.7420204E-01, 7.2156848E-02
* ELEM  3280  circular arc
 3, 213, 204
*
  1.3470000E+01, 1.2170000E+01, 5.1500000E-01, 1.5750000E+02, 4.5000000E+01
* ELEM  3281  line segment
 1, 227, 230
*
  1.2645798E+01, 1.2367082E+01, 1.7420204E-01, 7.2156848E-02
* ELEM  3282  line segment
 1, 1770, 102
*
  8.5392388E+00, 1.4120000E+01, -5.3847763E-01, 0.0000000E+00
* ELEM  3283  line segment
 1, 104, 102
*
  8.4670820E+00, 1.3945798E+01, 7.2156848E-02, 1.7420204E-01
* ELEM  3284  line segment
 1, 1787, 120
*
  7.2392388E+00, 1.4120000E+01, -5.3847763E-01, 0.0000000E+00
* ELEM  3285  line segment
 1, 120, 118
*
  6.7729180E+00, 1.3945798E+01, -7.2156848E-02, 1.7420204E-01
* ELEM  3286  line segment
 1, 81, 82
*
  9.3007612E+00, 1.4120000E+01, -3.8076118E-01, -3.8076118E-01
* ELEM  3287  line segment
 1, 84, 82
*
  9.3729180E+00, 1.3945798E+01, -7.2156848E-02, 1.7420204E-01
* ELEM  3288  line segment
 1, 81, 1792
*
  8.9200000E+00, 1.4120000E+01, 3.8076118E-01, 0.0000000E+00
* ELEM  3289  line segment
 1, 103, 81
*
  8.9200000E+00, 1.4120000E+01, 0.0000000E+00, -3.8076118E-01
* ELEM  3290  line segment
 1, 103, 1770
*
  8.5392388E+00, 1.4120000E+01, 3.8076118E-01, 0.0000000E+00
* ELEM  3291  line segment
 1, 103, 104
*
  8.9200000E+00, 1.3739239E+01, -3.8076118E-01, 3.8076118E-01
* ELEM  3292  line segment
 1, 117, 118
*
  6.7007612E+00, 1.4120000E+01, -3.8076118E-01, -3.8076118E-01
* ELEM  3293  line segment
 1, 117, 1787
*
  6.3200000E+00, 1.4120000E+01, 3.8076118E-01, 0.0000000E+00
* ELEM  3294  line segment
 1, 139, 117
*
  6.3200000E+00, 1.4120000E+01, 0.0000000E+00, -3.8076118E-01
* ELEM  3295  line segment
 1, 139, 1786
*
  5.9392388E+00, 1.4120000E+01, 3.8076118E-01, 0.0000000E+00
* ELEM  3296  line segment
 1, 139, 140
*
  6.3200000E+00, 1.3739239E+01, -3.8076118E-01, 3.8076118E-01
* ELEM  3297  line segment
 1, 140, 138
*
  5.8670820E+00, 1.3945798E+01, 7.2156848E-02, 1.7420204E-01
* ELEM  3298  line segment
 1, 1786, 138
*
  5.9392388E+00, 1.4120000E+01, -5.3847763E-01, 0.0000000E+00
* ELEM  3299  line segment
 1, 581, 584
*
  1.3945798E+01, 9.7670820E+00, 1.7420204E-01, 7.2156848E-02
* ELEM  3300  line segment
 1, 1793, 581
*
  1.4120000E+01, 9.3007612E+00, 0.0000000E+00, 5.3847763E-01
* ELEM  3301  line segment
 1, 583, 389
*
  1.3739239E+01, 1.0220000E+01, 3.8076118E-01, 0.0000000E+00
* ELEM  3302  line segment
 1, 389, 390
*
  1.3739239E+01, 1.0220000E+01, 3.8076118E-01, 3.8076118E-01
* ELEM  3303  line segment
 1, 389, 1783
*
  1.4120000E+01, 1.0600761E+01, 0.0000000E+00, -3.8076118E-01
* ELEM  3304  line segment
 1, 390, 393
*
  1.3945798E+01, 1.0672918E+01, 1.7420204E-01, -7.2156848E-02
* ELEM  3305  line segment
 1, 583, 584
*
  1.4120000E+01, 9.8392388E+00, -3.8076118E-01, 3.8076118E-01
* ELEM  3306  line segment
 1, 583, 1793
*
  1.4120000E+01, 1.0220000E+01, 0.0000000E+00, -3.8076118E-01
* ELEM  3307  circular arc
 3, 213, 202
*
  1.3470000E+01, 1.2170000E+01, 5.1500000E-01, 2.4750000E+02, 4.5000000E+01
* ELEM  3308  line segment
 1, 202, 206
*
  1.3667082E+01, 1.1694202E+01, 7.2156848E-02, -1.7420204E-01
* ELEM  3309  line segment
 1, 394, 202
*
  1.3200761E+01, 1.1520000E+01, 5.3847763E-01, 0.0000000E+00
* ELEM  3310  line segment
 1, 396, 394
*
  1.3667082E+01, 1.1345798E+01, 7.2156848E-02, 1.7420204E-01
* ELEM  3311  line segment
 1, 63, 64
*
  1.0600761E+01, 1.4120000E+01, -3.8076118E-01, -3.8076118E-01
* ELEM  3312  line segment
 1, 66, 64
*
  1.0672918E+01, 1.3945798E+01, -7.2156848E-02, 1.7420204E-01
* ELEM  3313  line segment
 1, 63, 1771
*
  1.0220000E+01, 1.4120000E+01, 3.8076118E-01, 0.0000000E+00
* ELEM  3314  line segment
 1, 85, 63
*
  1.0220000E+01, 1.4120000E+01, 0.0000000E+00, -3.8076118E-01
* ELEM  3315  line segment
 1, 85, 1792
*
  9.8392388E+00, 1.4120000E+01, 3.8076118E-01, 0.0000000E+00
* ELEM  3316  line segment
 1, 85, 86
*
  1.0220000E+01, 1.3739239E+01, -3.8076118E-01, 3.8076118E-01
* ELEM  3317  line segment
 1, 86, 84
*
  9.7670820E+00, 1.3945798E+01, 7.2156848E-02, 1.7420204E-01
* ELEM  3318  line segment
 1, 65, 42
*
  1.1520000E+01, 1.3739239E+01, 0.0000000E+00, -5.3847763E-01
* ELEM  3319  line segment
 1, 46, 42
*
  1.1694202E+01, 1.3667082E+01, -1.7420204E-01, 7.2156848E-02
* ELEM  3320  circular arc
 3, 51, 42
*
  1.2170000E+01, 1.3470000E+01, 5.1500000E-01, 1.5750000E+02, 4.5000000E+01
* ELEM  3321  line segment
 1, 65, 68
*
  1.1345798E+01, 1.3667082E+01, 1.7420204E-01, 7.2156848E-02
* ELEM  3322  circular arc
 3, 51, 47
*
  1.2170000E+01, 1.3470000E+01, 5.1500000E-01, 0.0000000E+00, 2.2500000E+01
* ELEM  3323  circular arc
 3, 51, 50
*
  1.2170000E+01, 1.3470000E+01, 5.1500000E-01, 2.2500000E+01, 4.5000000E+01
* ELEM  3324  circular arc
 3, 51, 48
*
  1.2170000E+01, 1.3470000E+01, 5.1500000E-01, 6.7500000E+01, 4.5000000E+01
* ELEM  3325  circular arc
 3, 51, 46
*
  1.2170000E+01, 1.3470000E+01, 5.1500000E-01, 1.1250000E+02, 4.5000000E+01
* ELEM  3326  circular arc
 3, 51, 44
*
  1.2170000E+01, 1.3470000E+01, 5.1500000E-01, 2.9250000E+02, 4.5000000E+01
* ELEM  3327  circular arc
 3, 51, 47
*
  1.2170000E+01, 1.3470000E+01, 5.1500000E-01, 3.3750000E+02, 2.2500000E+01
* ELEM  3328  circle
 2, 52, 51
*
  1.2170000E+01, 1.3470000E+01, 4.4700000E-01, 0.0000000E+00
* ELEM  3329  line segment
 1, 44, 47
*
  1.2645798E+01, 1.3272918E+01, 1.7420204E-01, -7.2156848E-02
* ELEM  3330  line segment
 1, 43, 44
*
  1.2439239E+01, 1.2820000E+01, 3.8076118E-01, 3.8076118E-01
* ELEM  3331  line segment
 1, 43, 21
*
  1.2820000E+01, 1.3200761E+01, 0.0000000E+00, -3.8076118E-01
* ELEM  3332  line segment
 1, 229, 43
*
  1.2439239E+01, 1.2820000E+01, 3.8076118E-01, 0.0000000E+00
* ELEM  3333  line segment
 1, 229, 230
*
  1.2820000E+01, 1.2439239E+01, -3.8076118E-01, 3.8076118E-01
* ELEM  3334  line segment
 1, 229, 207
*
  1.2820000E+01, 1.2820000E+01, 0.0000000E+00, -3.8076118E-01
* ELEM  3335  circular arc
 3, 213, 209
*
  1.3470000E+01, 1.2170000E+01, 5.1500000E-01, 0.0000000E+00, 2.2500000E+01
* ELEM  3336  circular arc
 3, 213, 212
*
  1.3470000E+01, 1.2170000E+01, 5.1500000E-01, 2.2500000E+01, 4.5000000E+01
* ELEM  3337  circular arc
 3, 213, 210
*
  1.3470000E+01, 1.2170000E+01, 5.1500000E-01, 6.7500000E+01, 4.5000000E+01
* ELEM  3338  circular arc
 3, 213, 208
*
  1.3470000E+01, 1.2170000E+01, 5.1500000E-01, 1.1250000E+02, 4.5000000E+01
* ELEM  3339  circular arc
 3, 213, 206
*
  1.3470000E+01, 1.2170000E+01, 5.1500000E-01, 2.9250000E+02, 4.5000000E+01
* ELEM  3340  circular arc
 3, 213, 209
*
  1.3470000E+01, 1.2170000E+01, 5.1500000E-01, 3.3750000E+02, 2.2500000E+01
* ELEM  3341  circle
 2, 214, 213
*
  1.3470000E+01, 1.2170000E+01, 4.4700000E-01, 0.0000000E+00
* ELEM  3342  line segment
 1, 207, 208
*
  1.3200761E+01, 1.2820000E+01, -3.8076118E-01, -3.8076118E-01
* ELEM  3343  line segment
 1, 210, 208
*
  1.3272918E+01, 1.2645798E+01, -7.2156848E-02, 1.7420204E-01
* ELEM  3344  line segment
 1, 207, 21
*
  1.2820000E+01, 1.2820000E+01, 3.8076118E-01, 0.0000000E+00
* ELEM  3345  line segment
 1, 1792, 84
*
  9.8392388E+00, 1.4120000E+01, -5.3847763E-01, 0.0000000E+00
* ELEM  3346  line segment
 1, 393, 396
*
  1.3945798E+01, 1.1067082E+01, 1.7420204E-01, 7.2156848E-02
* ELEM  3347  line segment
 1, 1783, 393
*
  1.4120000E+01, 1.0600761E+01, 0.0000000E+00, 5.3847763E-01
* ELEM  3348  line segment
 1, 395, 205
*
  1.3739239E+01, 1.1520000E+01, 3.8076118E-01, 0.0000000E+00
* ELEM  3349  line segment
 1, 205, 206
*
  1.3739239E+01, 1.1520000E+01, 3.8076118E-01, 3.8076118E-01
* ELEM  3350  line segment
 1, 205, 1784
*
  1.4120000E+01, 1.1900761E+01, 0.0000000E+00, -3.8076118E-01
* ELEM  3351  line segment
 1, 206, 209
*
  1.3945798E+01, 1.1972918E+01, 1.7420204E-01, -7.2156848E-02
* ELEM  3352  line segment
 1, 395, 396
*
  1.4120000E+01, 1.1139239E+01, -3.8076118E-01, 3.8076118E-01
* ELEM  3353  line segment
 1, 395, 1783
*
  1.4120000E+01, 1.1520000E+01, 0.0000000E+00, -3.8076118E-01
* ELEM  3354  line segment
 1, 1771, 66
*
  1.1139239E+01, 1.4120000E+01, -5.3847763E-01, 0.0000000E+00
* ELEM  3355  line segment
 1, 68, 66
*
  1.1067082E+01, 1.3945798E+01, 7.2156848E-02, 1.7420204E-01
* ELEM  3356  line segment
 1, 45, 46
*
  1.1900761E+01, 1.4120000E+01, -3.8076118E-01, -3.8076118E-01
* ELEM  3357  line segment
 1, 48, 46
*
  1.1972918E+01, 1.3945798E+01, -7.2156848E-02, 1.7420204E-01
* ELEM  3358  line segment
 1, 45, 1772
*
  1.1520000E+01, 1.4120000E+01, 3.8076118E-01, 0.0000000E+00
* ELEM  3359  line segment
 1, 67, 45
*
  1.1520000E+01, 1.4120000E+01, 0.0000000E+00, -3.8076118E-01
* ELEM  3360  line segment
 1, 67, 1771
*
  1.1139239E+01, 1.4120000E+01, 3.8076118E-01, 0.0000000E+00
* ELEM  3361  line segment
 1, 67, 68
*
  1.1520000E+01, 1.3739239E+01, -3.8076118E-01, 3.8076118E-01
* ELEM  3362  line segment
 1, 21, 23
*
  1.2820000E+01, 1.3200761E+01, 3.8076118E-01, -3.8076118E-01
* ELEM  3363  line segment
 1, 24, 23
*
  1.2994202E+01, 1.3272918E+01, -1.7420204E-01, -7.2156848E-02
* ELEM  3364  circular arc
 3, 33, 23
*
  1.3470000E+01, 1.3470000E+01, 5.1500000E-01, 2.0250000E+02, 4.5000000E+01
* ELEM  3365  line segment
 1, 23, 22
*
  1.3272918E+01, 1.2994202E+01, -7.2156848E-02, -1.7420204E-01
* ELEM  3366  line segment
 1, 47, 24
*
  1.2820000E+01, 1.3739239E+01, 0.0000000E+00, -5.3847763E-01
* ELEM  3367  line segment
 1, 28, 24
*
  1.2994202E+01, 1.3667082E+01, -1.7420204E-01, 7.2156848E-02
* ELEM  3368  circular arc
 3, 33, 24
*
  1.3470000E+01, 1.3470000E+01, 5.1500000E-01, 1.5750000E+02, 4.5000000E+01
* ELEM  3369  line segment
 1, 47, 50
*
  1.2645798E+01, 1.3667082E+01, 1.7420204E-01, 7.2156848E-02
* ELEM  3370  circular arc
 3, 33, 22
*
  1.3470000E+01, 1.3470000E+01, 5.1500000E-01, 2.4750000E+02, 4.5000000E+01
* ELEM  3371  line segment
 1, 22, 26
*
  1.3667082E+01, 1.2994202E+01, 7.2156848E-02, -1.7420204E-01
* ELEM  3372  line segment
 1, 210, 22
*
  1.3200761E+01, 1.2820000E+01, 5.3847763E-01, 0.0000000E+00
* ELEM  3373  line segment
 1, 212, 210
*
  1.3667082E+01, 1.2645798E+01, 7.2156848E-02, 1.7420204E-01
* ELEM  3374  line segment
 1, 209, 212
*
  1.3945798E+01, 1.2367082E+01, 1.7420204E-01, 7.2156848E-02
* ELEM  3375  line segment
 1, 1784, 209
*
  1.4120000E+01, 1.1900761E+01, 0.0000000E+00, 5.3847763E-01
* ELEM  3376  line segment
 1, 1772, 48
*
  1.2439239E+01, 1.4120000E+01, -5.3847763E-01, 0.0000000E+00
* ELEM  3377  line segment
 1, 50, 48
*
  1.2367082E+01, 1.3945798E+01, 7.2156848E-02, 1.7420204E-01
* ELEM  3378  circular arc
 3, 33, 29
*
  1.3470000E+01, 1.3470000E+01, 5.1500000E-01, 0.0000000E+00, 2.2500000E+01
* ELEM  3379  circular arc
 3, 33, 32
*
  1.3470000E+01, 1.3470000E+01, 5.1500000E-01, 2.2500000E+01, 4.5000000E+01
* ELEM  3380  circular arc
 3, 33, 30
*
  1.3470000E+01, 1.3470000E+01, 5.1500000E-01, 6.7500000E+01, 4.5000000E+01
* ELEM  3381  circular arc
 3, 33, 28
*
  1.3470000E+01, 1.3470000E+01, 5.1500000E-01, 1.1250000E+02, 4.5000000E+01
* ELEM  3382  circular arc
 3, 33, 26
*
  1.3470000E+01, 1.3470000E+01, 5.1500000E-01, 2.9250000E+02, 4.5000000E+01
* ELEM  3383  circular arc
 3, 33, 29
*
  1.3470000E+01, 1.3470000E+01, 5.1500000E-01, 3.3750000E+02, 2.2500000E+01
* ELEM  3384  circle
 2, 34, 33
*
  1.3470000E+01, 1.3470000E+01, 4.4700000E-01, 0.0000000E+00
* ELEM  3385  line segment
 1, 27, 28
*
  1.3200761E+01, 1.4120000E+01, -3.8076118E-01, -3.8076118E-01
* ELEM  3386  line segment
 1, 30, 28
*
  1.3272918E+01, 1.3945798E+01, -7.2156848E-02, 1.7420204E-01
* ELEM  3387  line segment
 1, 27, 1841
*
  1.2820000E+01, 1.4120000E+01, 3.8076118E-01, 0.0000000E+00
* ELEM  3388  line segment
 1, 49, 27
*
  1.2820000E+01, 1.4120000E+01, 0.0000000E+00, -3.8076118E-01
* ELEM  3389  line segment
 1, 49, 1772
*
  1.2439239E+01, 1.4120000E+01, 3.8076118E-01, 0.0000000E+00
* ELEM  3390  line segment
 1, 49, 50
*
  1.2820000E+01, 1.3739239E+01, -3.8076118E-01, 3.8076118E-01
* ELEM  3391  line segment
 1, 211, 25
*
  1.3739239E+01, 1.2820000E+01, 3.8076118E-01, 0.0000000E+00
* ELEM  3392  line segment
 1, 25, 26
*
  1.3739239E+01, 1.2820000E+01, 3.8076118E-01, 3.8076118E-01
* ELEM  3393  line segment
 1, 25, 1842
*
  1.4120000E+01, 1.3200761E+01, 0.0000000E+00, -3.8076118E-01
* ELEM  3394  line segment
 1, 26, 29
*
  1.3945798E+01, 1.3272918E+01, 1.7420204E-01, -7.2156848E-02
* ELEM  3395  line segment
 1, 211, 212
*
  1.4120000E+01, 1.2439239E+01, -3.8076118E-01, 3.8076118E-01
* ELEM  3396  line segment
 1, 211, 1784
*
  1.4120000E+01, 1.2820000E+01, 0.0000000E+00, -3.8076118E-01
* ELEM  3397  line segment
 1, 1841, 30
*
  1.3739239E+01, 1.4120000E+01, -5.3847763E-01, 0.0000000E+00
* ELEM  3398  line segment
 1, 32, 30
*
  1.3667082E+01, 1.3945798E+01, 7.2156848E-02, 1.7420204E-01
* ELEM  3399  line segment
 1, 29, 32
*
  1.3945798E+01, 1.3667082E+01, 1.7420204E-01, 7.2156848E-02
* ELEM  3400  line segment
 1, 1842, 29
*
  1.4120000E+01, 1.3200761E+01, 0.0000000E+00, 5.3847763E-01
* ELEM  3401  line segment
 1, 31, 32
*
  1.4120000E+01, 1.3739239E+01, -3.8076118E-01, 3.8076118E-01
* ELEM  3402  line segment
 1, 31, 1841
*
  1.3739239E+01, 1.4120000E+01, 2.0397883E-01, 0.0000000E+00
* ELEM  3403  line segment
 1, 31, 1842
*
  1.4120000E+01, 1.3943218E+01, 0.0000000E+00, -2.0397883E-01
* ELEM  3404  circle
 2, 35, 34
*
  1.3470000E+01, 1.3470000E+01, 4.3800000E-01, 0.0000000E+00
* ELEM  3405  circle
 2, 36, 35
*
  1.3470000E+01, 1.3470000E+01, 4.2690959E-01, 0.0000000E+00
* ELEM  3406  circle
 2, 37, 36
*
  1.3470000E+01, 1.3470000E+01, 3.9175911E-01, 0.0000000E+00
* ELEM  3407  circle
 2, 38, 37
*
  1.3470000E+01, 1.3470000E+01, 3.0971277E-01, 0.0000000E+00
* ELEM  3408  circle
 2, 53, 52
*
  1.2170000E+01, 1.3470000E+01, 4.3800000E-01, 0.0000000E+00
* ELEM  3409  circle
 2, 54, 53
*
  1.2170000E+01, 1.3470000E+01, 4.2690959E-01, 0.0000000E+00
* ELEM  3410  circle
 2, 55, 54
*
  1.2170000E+01, 1.3470000E+01, 3.9175911E-01, 0.0000000E+00
* ELEM  3411  circle
 2, 56, 55
*
  1.2170000E+01, 1.3470000E+01, 3.0971277E-01, 0.0000000E+00
* ELEM  3412  circle
 2, 71, 70
*
  1.0870000E+01, 1.3470000E+01, 4.3800000E-01, 0.0000000E+00
* ELEM  3413  circle
 2, 72, 71
*
  1.0870000E+01, 1.3470000E+01, 4.2690959E-01, 0.0000000E+00
* ELEM  3414  circle
 2, 73, 72
*
  1.0870000E+01, 1.3470000E+01, 3.9175911E-01, 0.0000000E+00
* ELEM  3415  circle
 2, 74, 73
*
  1.0870000E+01, 1.3470000E+01, 3.0971277E-01, 0.0000000E+00
* ELEM  3416  circle
 2, 89, 88
*
  9.5700000E+00, 1.3470000E+01, 4.3800000E-01, 0.0000000E+00
* ELEM  3417  circle
 2, 90, 89
*
  9.5700000E+00, 1.3470000E+01, 4.2690959E-01, 0.0000000E+00
* ELEM  3418  circle
 2, 91, 90
*
  9.5700000E+00, 1.3470000E+01, 3.9175911E-01, 0.0000000E+00
* ELEM  3419  circle
 2, 92, 91
*
  9.5700000E+00, 1.3470000E+01, 3.0971277E-01, 0.0000000E+00
* ELEM  3420  circle
 2, 107, 106
*
  8.2700000E+00, 1.3470000E+01, 4.3800000E-01, 0.0000000E+00
* ELEM  3421  circle
 2, 108, 107
*
  8.2700000E+00, 1.3470000E+01, 4.2690959E-01, 0.0000000E+00
* ELEM  3422  circle
 2, 109, 108
*
  8.2700000E+00, 1.3470000E+01, 3.9175911E-01, 0.0000000E+00
* ELEM  3423  circle
 2, 110, 109
*
  8.2700000E+00, 1.3470000E+01, 3.0971277E-01, 0.0000000E+00
* ELEM  3424  circle
 2, 125, 124
*
  6.9700000E+00, 1.3470000E+01, 4.3800000E-01, 0.0000000E+00
* ELEM  3425  circle
 2, 126, 125
*
  6.9700000E+00, 1.3470000E+01, 4.2690959E-01, 0.0000000E+00
* ELEM  3426  circle
 2, 127, 126
*
  6.9700000E+00, 1.3470000E+01, 3.9175911E-01, 0.0000000E+00
* ELEM  3427  circle
 2, 128, 127
*
  6.9700000E+00, 1.3470000E+01, 3.0971277E-01, 0.0000000E+00
* ELEM  3428  circle
 2, 143, 142
*
  5.6700000E+00, 1.3470000E+01, 4.3800000E-01, 0.0000000E+00
* ELEM  3429  circle
 2, 144, 143
*
  5.6700000E+00, 1.3470000E+01, 4.2690959E-01, 0.0000000E+00
* ELEM  3430  circle
 2, 145, 144
*
  5.6700000E+00, 1.3470000E+01, 3.9175911E-01, 0.0000000E+00
* ELEM  3431  circle
 2, 146, 145
*
  5.6700000E+00, 1.3470000E+01, 3.0971277E-01, 0.0000000E+00
* ELEM  3432  circle
 2, 161, 160
*
  4.3700000E+00, 1.3470000E+01, 4.3800000E-01, 0.0000000E+00
* ELEM  3433  circle
 2, 162, 161
*
  4.3700000E+00, 1.3470000E+01, 4.2690959E-01, 0.0000000E+00
* ELEM  3434  circle
 2, 163, 162
*
  4.3700000E+00, 1.3470000E+01, 3.9175911E-01, 0.0000000E+00
* ELEM  3435  circle
 2, 164, 163
*
  4.3700000E+00, 1.3470000E+01, 3.0971277E-01, 0.0000000E+00
* ELEM  3436  circle
 2, 179, 178
*
  3.0700000E+00, 1.3470000E+01, 4.3800000E-01, 0.0000000E+00
* ELEM  3437  circle
 2, 180, 179
*
  3.0700000E+00, 1.3470000E+01, 4.2690959E-01, 0.0000000E+00
* ELEM  3438  circle
 2, 181, 180
*
  3.0700000E+00, 1.3470000E+01, 3.9175911E-01, 0.0000000E+00
* ELEM  3439  circle
 2, 182, 181
*
  3.0700000E+00, 1.3470000E+01, 3.0971277E-01, 0.0000000E+00
* ELEM  3440  circle
 2, 197, 196
*
  1.7700000E+00, 1.3470000E+01, 4.3800000E-01, 0.0000000E+00
* ELEM  3441  circle
 2, 198, 197
*
  1.7700000E+00, 1.3470000E+01, 4.2690959E-01, 0.0000000E+00
* ELEM  3442  circle
 2, 199, 198
*
  1.7700000E+00, 1.3470000E+01, 3.9175911E-01, 0.0000000E+00
* ELEM  3443  circle
 2, 200, 199
*
  1.7700000E+00, 1.3470000E+01, 3.0971277E-01, 0.0000000E+00
* ELEM  3444  circle
 2, 215, 214
*
  1.3470000E+01, 1.2170000E+01, 4.3800000E-01, 0.0000000E+00
* ELEM  3445  circle
 2, 216, 215
*
  1.3470000E+01, 1.2170000E+01, 4.2690959E-01, 0.0000000E+00
* ELEM  3446  circle
 2, 217, 216
*
  1.3470000E+01, 1.2170000E+01, 3.9175911E-01, 0.0000000E+00
* ELEM  3447  circle
 2, 218, 217
*
  1.3470000E+01, 1.2170000E+01, 3.0971277E-01, 0.0000000E+00
* ELEM  3448  circle
 2, 233, 232
*
  1.2170000E+01, 1.2170000E+01, 4.3800000E-01, 0.0000000E+00
* ELEM  3449  circle
 2, 234, 233
*
  1.2170000E+01, 1.2170000E+01, 4.2690959E-01, 0.0000000E+00
* ELEM  3450  circle
 2, 235, 234
*
  1.2170000E+01, 1.2170000E+01, 3.9175911E-01, 0.0000000E+00
* ELEM  3451  circle
 2, 236, 235
*
  1.2170000E+01, 1.2170000E+01, 3.0971277E-01, 0.0000000E+00
* ELEM  3452  circle
 2, 251, 250
*
  1.0870000E+01, 1.2170000E+01, 4.3800000E-01, 0.0000000E+00
* ELEM  3453  circle
 2, 252, 251
*
  1.0870000E+01, 1.2170000E+01, 4.2690959E-01, 0.0000000E+00
* ELEM  3454  circle
 2, 253, 252
*
  1.0870000E+01, 1.2170000E+01, 3.9175911E-01, 0.0000000E+00
* ELEM  3455  circle
 2, 254, 253
*
  1.0870000E+01, 1.2170000E+01, 3.3927334E-01, 0.0000000E+00
* ELEM  3456  circle
 2, 255, 254
*
  1.0870000E+01, 1.2170000E+01, 2.7701552E-01, 0.0000000E+00
* ELEM  3457  circle
 2, 256, 255
*
  1.0870000E+01, 1.2170000E+01, 1.9587955E-01, 0.0000000E+00
* ELEM  3458  circle
 2, 271, 270
*
  9.5700000E+00, 1.2170000E+01, 4.3800000E-01, 0.0000000E+00
* ELEM  3459  circle
 2, 272, 271
*
  9.5700000E+00, 1.2170000E+01, 4.2690959E-01, 0.0000000E+00
* ELEM  3460  circle
 2, 273, 272
*
  9.5700000E+00, 1.2170000E+01, 3.9175911E-01, 0.0000000E+00
* ELEM  3461  circle
 2, 274, 273
*
  9.5700000E+00, 1.2170000E+01, 3.0971277E-01, 0.0000000E+00
* ELEM  3462  circle
 2, 289, 288
*
  8.2700000E+00, 1.2170000E+01, 4.3800000E-01, 0.0000000E+00
* ELEM  3463  circle
 2, 290, 289
*
  8.2700000E+00, 1.2170000E+01, 4.2690959E-01, 0.0000000E+00
* ELEM  3464  circle
 2, 291, 290
*
  8.2700000E+00, 1.2170000E+01, 3.9175911E-01, 0.0000000E+00
* ELEM  3465  circle
 2, 292, 291
*
  8.2700000E+00, 1.2170000E+01, 3.3927334E-01, 0.0000000E+00
* ELEM  3466  circle
 2, 293, 292
*
  8.2700000E+00, 1.2170000E+01, 2.7701552E-01, 0.0000000E+00
* ELEM  3467  circle
 2, 294, 293
*
  8.2700000E+00, 1.2170000E+01, 1.9587955E-01, 0.0000000E+00
* ELEM  3468  circle
 2, 309, 308
*
  6.9700000E+00, 1.2170000E+01, 4.3800000E-01, 0.0000000E+00
* ELEM  3469  circle
 2, 310, 309
*
  6.9700000E+00, 1.2170000E+01, 4.2690959E-01, 0.0000000E+00
* ELEM  3470  circle
 2, 311, 310
*
  6.9700000E+00, 1.2170000E+01, 3.9175911E-01, 0.0000000E+00
* ELEM  3471  circle
 2, 312, 311
*
  6.9700000E+00, 1.2170000E+01, 3.0971277E-01, 0.0000000E+00
* ELEM  3472  circle
 2, 327, 326
*
  5.6700000E+00, 1.2170000E+01, 4.3800000E-01, 0.0000000E+00
* ELEM  3473  circle
 2, 328, 327
*
  5.6700000E+00, 1.2170000E+01, 4.2690959E-01, 0.0000000E+00
* ELEM  3474  circle
 2, 329, 328
*
  5.6700000E+00, 1.2170000E+01, 3.9175911E-01, 0.0000000E+00
* ELEM  3475  circle
 2, 330, 329
*
  5.6700000E+00, 1.2170000E+01, 3.0971277E-01, 0.0000000E+00
* ELEM  3476  circle
 2, 345, 344
*
  4.3700000E+00, 1.2170000E+01, 4.3800000E-01, 0.0000000E+00
* ELEM  3477  circle
 2, 346, 345
*
  4.3700000E+00, 1.2170000E+01, 4.2690959E-01, 0.0000000E+00
* ELEM  3478  circle
 2, 347, 346
*
  4.3700000E+00, 1.2170000E+01, 3.9175911E-01, 0.0000000E+00
* ELEM  3479  circle
 2, 348, 347
*
  4.3700000E+00, 1.2170000E+01, 3.0971277E-01, 0.0000000E+00
* ELEM  3480  circle
 2, 363, 362
*
  3.0700000E+00, 1.2170000E+01, 4.3800000E-01, 0.0000000E+00
* ELEM  3481  circle
 2, 364, 363
*
  3.0700000E+00, 1.2170000E+01, 4.2690959E-01, 0.0000000E+00
* ELEM  3482  circle
 2, 365, 364
*
  3.0700000E+00, 1.2170000E+01, 3.9175911E-01, 0.0000000E+00
* ELEM  3483  circle
 2, 366, 365
*
  3.0700000E+00, 1.2170000E+01, 3.0971277E-01, 0.0000000E+00
* ELEM  3484  circle
 2, 381, 380
*
  1.7700000E+00, 1.2170000E+01, 4.3800000E-01, 0.0000000E+00
* ELEM  3485  circle
 2, 382, 381
*
  1.7700000E+00, 1.2170000E+01, 4.2690959E-01, 0.0000000E+00
* ELEM  3486  circle
 2, 383, 382
*
  1.7700000E+00, 1.2170000E+01, 3.9175911E-01, 0.0000000E+00
* ELEM  3487  circle
 2, 384, 383
*
  1.7700000E+00, 1.2170000E+01, 3.0971277E-01, 0.0000000E+00
* ELEM  3488  circle
 2, 399, 398
*
  1.3470000E+01, 1.0870000E+01, 4.3800000E-01, 0.0000000E+00
* ELEM  3489  circle
 2, 400, 399
*
  1.3470000E+01, 1.0870000E+01, 4.2690959E-01, 0.0000000E+00
* ELEM  3490  circle
 2, 401, 400
*
  1.3470000E+01, 1.0870000E+01, 3.9175911E-01, 0.0000000E+00
* ELEM  3491  circle
 2, 402, 401
*
  1.3470000E+01, 1.0870000E+01, 3.0971277E-01, 0.0000000E+00
* ELEM  3492  circle
 2, 417, 416
*
  1.2170000E+01, 1.0870000E+01, 4.3800000E-01, 0.0000000E+00
* ELEM  3493  circle
 2, 418, 417
*
  1.2170000E+01, 1.0870000E+01, 4.2690959E-01, 0.0000000E+00
* ELEM  3494  circle
 2, 419, 418
*
  1.2170000E+01, 1.0870000E+01, 3.9175911E-01, 0.0000000E+00
* ELEM  3495  circle
 2, 420, 419
*
  1.2170000E+01, 1.0870000E+01, 3.3927334E-01, 0.0000000E+00
* ELEM  3496  circle
 2, 421, 420
*
  1.2170000E+01, 1.0870000E+01, 2.7701552E-01, 0.0000000E+00
* ELEM  3497  circle
 2, 422, 421
*
  1.2170000E+01, 1.0870000E+01, 1.9587955E-01, 0.0000000E+00
* ELEM  3498  circle
 2, 437, 436
*
  1.0870000E+01, 1.0870000E+01, 4.3800000E-01, 0.0000000E+00
* ELEM  3499  circle
 2, 438, 437
*
  1.0870000E+01, 1.0870000E+01, 4.2690959E-01, 0.0000000E+00
* ELEM  3500  circle
 2, 439, 438
*
  1.0870000E+01, 1.0870000E+01, 3.9175911E-01, 0.0000000E+00
* ELEM  3501  circle
 2, 440, 439
*
  1.0870000E+01, 1.0870000E+01, 3.0971277E-01, 0.0000000E+00
* ELEM  3502  circle
 2, 455, 454
*
  9.5700000E+00, 1.0870000E+01, 4.3800000E-01, 0.0000000E+00
* ELEM  3503  circle
 2, 456, 455
*
  9.5700000E+00, 1.0870000E+01, 4.2690959E-01, 0.0000000E+00
* ELEM  3504  circle
 2, 457, 456
*
  9.5700000E+00, 1.0870000E+01, 3.9175911E-01, 0.0000000E+00
* ELEM  3505  circle
 2, 458, 457
*
  9.5700000E+00, 1.0870000E+01, 3.3927334E-01, 0.0000000E+00
* ELEM  3506  circle
 2, 459, 458
*
  9.5700000E+00, 1.0870000E+01, 2.7701552E-01, 0.0000000E+00
* ELEM  3507  circle
 2, 460, 459
*
  9.5700000E+00, 1.0870000E+01, 1.9587955E-01, 0.0000000E+00
* ELEM  3508  circle
 2, 475, 474
*
  8.2700000E+00, 1.0870000E+01, 4.3800000E-01, 0.0000000E+00
* ELEM  3509  circle
 2, 476, 475
*
  8.2700000E+00, 1.0870000E+01, 4.2690959E-01, 0.0000000E+00
* ELEM  3510  circle
 2, 477, 476
*
  8.2700000E+00, 1.0870000E+01, 3.9175911E-01, 0.0000000E+00
* ELEM  3511  circle
 2, 478, 477
*
  8.2700000E+00, 1.0870000E+01, 3.0971277E-01, 0.0000000E+00
* ELEM  3512  circle
 2, 493, 492
*
  6.9700000E+00, 1.0870000E+01, 4.3800000E-01, 0.0000000E+00
* ELEM  3513  circle
 2, 494, 493
*
  6.9700000E+00, 1.0870000E+01, 4.2690959E-01, 0.0000000E+00
* ELEM  3514  circle
 2, 495, 494
*
  6.9700000E+00, 1.0870000E+01, 3.9175911E-01, 0.0000000E+00
* ELEM  3515  circle
 2, 496, 495
*
  6.9700000E+00, 1.0870000E+01, 3.3927334E-01, 0.0000000E+00
* ELEM  3516  circle
 2, 497, 496
*
  6.9700000E+00, 1.0870000E+01, 2.7701552E-01, 0.0000000E+00
* ELEM  3517  circle
 2, 498, 497
*
  6.9700000E+00, 1.0870000E+01, 1.9587955E-01, 0.0000000E+00
* ELEM  3518  circle
 2, 513, 512
*
  5.6700000E+00, 1.0870000E+01, 4.3800000E-01, 0.0000000E+00
* ELEM  3519  circle
 2, 514, 513
*
  5.6700000E+00, 1.0870000E+01, 4.2690959E-01, 0.0000000E+00
* ELEM  3520  circle
 2, 515, 514
*
  5.6700000E+00, 1.0870000E+01, 3.9175911E-01, 0.0000000E+00
* ELEM  3521  circle
 2, 516, 515
*
  5.6700000E+00, 1.0870000E+01, 3.0971277E-01, 0.0000000E+00
* ELEM  3522  circle
 2, 531, 530
*
  4.3700000E+00, 1.0870000E+01, 4.3800000E-01, 0.0000000E+00
* ELEM  3523  circle
 2, 532, 531
*
  4.3700000E+00, 1.0870000E+01, 4.2690959E-01, 0.0000000E+00
* ELEM  3524  circle
 2, 533, 532
*
  4.3700000E+00, 1.0870000E+01, 3.9175911E-01, 0.0000000E+00
* ELEM  3525  circle
 2, 534, 533
*
  4.3700000E+00, 1.0870000E+01, 3.3927334E-01, 0.0000000E+00
* ELEM  3526  circle
 2, 535, 534
*
  4.3700000E+00, 1.0870000E+01, 2.7701552E-01, 0.0000000E+00
* ELEM  3527  circle
 2, 536, 535
*
  4.3700000E+00, 1.0870000E+01, 1.9587955E-01, 0.0000000E+00
* ELEM  3528  circle
 2, 551, 550
*
  3.0700000E+00, 1.0870000E+01, 4.3800000E-01, 0.0000000E+00
* ELEM  3529  circle
 2, 552, 551
*
  3.0700000E+00, 1.0870000E+01, 4.2690959E-01, 0.0000000E+00
* ELEM  3530  circle
 2, 553, 552
*
  3.0700000E+00, 1.0870000E+01, 3.9175911E-01, 0.0000000E+00
* ELEM  3531  circle
 2, 554, 553
*
  3.0700000E+00, 1.0870000E+01, 3.0971277E-01, 0.0000000E+00
* ELEM  3532  circle
 2, 569, 568
*
  1.7700000E+00, 1.0870000E+01, 4.3800000E-01, 0.0000000E+00
* ELEM  3533  circle
 2, 570, 569
*
  1.7700000E+00, 1.0870000E+01, 4.2690959E-01, 0.0000000E+00
* ELEM  3534  circle
 2, 571, 570
*
  1.7700000E+00, 1.0870000E+01, 3.9175911E-01, 0.0000000E+00
* ELEM  3535  circle
 2, 572, 571
*
  1.7700000E+00, 1.0870000E+01, 3.0971277E-01, 0.0000000E+00
* ELEM  3536  circle
 2, 587, 586
*
  1.3470000E+01, 9.5700000E+00, 4.3800000E-01, 0.0000000E+00
* ELEM  3537  circle
 2, 588, 587
*
  1.3470000E+01, 9.5700000E+00, 4.2690959E-01, 0.0000000E+00
* ELEM  3538  circle
 2, 589, 588
*
  1.3470000E+01, 9.5700000E+00, 3.9175911E-01, 0.0000000E+00
* ELEM  3539  circle
 2, 590, 589
*
  1.3470000E+01, 9.5700000E+00, 3.0971277E-01, 0.0000000E+00
* ELEM  3540  circle
 2, 605, 604
*
  1.2170000E+01, 9.5700000E+00, 4.3800000E-01, 0.0000000E+00
* ELEM  3541  circle
 2, 606, 605
*
  1.2170000E+01, 9.5700000E+00, 4.2690959E-01, 0.0000000E+00
* ELEM  3542  circle
 2, 607, 606
*
  1.2170000E+01, 9.5700000E+00, 3.9175911E-01, 0.0000000E+00
* ELEM  3543  circle
 2, 608, 607
*
  1.2170000E+01, 9.5700000E+00, 3.0971277E-01, 0.0000000E+00
* ELEM  3544  circle
 2, 623, 622
*
  1.0870000E+01, 9.5700000E+00, 4.3800000E-01, 0.0000000E+00
* ELEM  3545  circle
 2, 624, 623
*
  1.0870000E+01, 9.5700000E+00, 4.2690959E-01, 0.0000000E+00
* ELEM  3546  circle
 2, 625, 624
*
  1.0870000E+01, 9.5700000E+00, 3.9175911E-01, 0.0000000E+00
* ELEM  3547  circle
 2, 626, 625
*
  1.0870000E+01, 9.5700000E+00, 3.0971277E-01, 0.0000000E+00
* ELEM  3548  circle
 2, 641, 640
*
  6.9700000E+00, 9.5700000E+00, 4.3800000E-01, 0.0000000E+00
* ELEM  3549  circle
 2, 642, 641
*
  6.9700000E+00, 9.5700000E+00, 4.2690959E-01, 0.0000000E+00
* ELEM  3550  circle
 2, 643, 642
*
  6.9700000E+00, 9.5700000E+00, 3.9175911E-01, 0.0000000E+00
* ELEM  3551  circle
 2, 644, 643
*
  6.9700000E+00, 9.5700000E+00, 3.0971277E-01, 0.0000000E+00
* ELEM  3552  circle
 2, 659, 658
*
  5.6700000E+00, 9.5700000E+00, 4.3800000E-01, 0.0000000E+00
* ELEM  3553  circle
 2, 660, 659
*
  5.6700000E+00, 9.5700000E+00, 4.2690959E-01, 0.0000000E+00
* ELEM  3554  circle
 2, 661, 660
*
  5.6700000E+00, 9.5700000E+00, 3.9175911E-01, 0.0000000E+00
* ELEM  3555  circle
 2, 662, 661
*
  5.6700000E+00, 9.5700000E+00, 3.3927334E-01, 0.0000000E+00
* ELEM  3556  circle
 2, 663, 662
*
  5.6700000E+00, 9.5700000E+00, 2.7701552E-01, 0.0000000E+00
* ELEM  3557  circle
 2, 664, 663
*
  5.6700000E+00, 9.5700000E+00, 1.9587955E-01, 0.0000000E+00
* ELEM  3558  circle
 2, 679, 678
*
  4.3700000E+00, 9.5700000E+00, 4.3800000E-01, 0.0000000E+00
* ELEM  3559  circle
 2, 680, 679
*
  4.3700000E+00, 9.5700000E+00, 4.2690959E-01, 0.0000000E+00
* ELEM  3560  circle
 2, 681, 680
*
  4.3700000E+00, 9.5700000E+00, 3.9175911E-01, 0.0000000E+00
* ELEM  3561  circle
 2, 682, 681
*
  4.3700000E+00, 9.5700000E+00, 3.0971277E-01, 0.0000000E+00
* ELEM  3562  circle
 2, 697, 696
*
  3.0700000E+00, 9.5700000E+00, 4.3800000E-01, 0.0000000E+00
* ELEM  3563  circle
 2, 698, 697
*
  3.0700000E+00, 9.5700000E+00, 4.2690959E-01, 0.0000000E+00
* ELEM  3564  circle
 2, 699, 698
*
  3.0700000E+00, 9.5700000E+00, 3.9175911E-01, 0.0000000E+00
* ELEM  3565  circle
 2, 700, 699
*
  3.0700000E+00, 9.5700000E+00, 3.0971277E-01, 0.0000000E+00
* ELEM  3566  circle
 2, 715, 714
*
  1.7700000E+00, 9.5700000E+00, 4.3800000E-01, 0.0000000E+00
* ELEM  3567  circle
 2, 716, 715
*
  1.7700000E+00, 9.5700000E+00, 4.2690959E-01, 0.0000000E+00
* ELEM  3568  circle
 2, 717, 716
*
  1.7700000E+00, 9.5700000E+00, 3.9175911E-01, 0.0000000E+00
* ELEM  3569  circle
 2, 718, 717
*
  1.7700000E+00, 9.5700000E+00, 3.0971277E-01, 0.0000000E+00
* ELEM  3570  circle
 2, 733, 732
*
  1.3470000E+01, 8.2700000E+00, 4.3800000E-01, 0.0000000E+00
* ELEM  3571  circle
 2, 734, 733
*
  1.3470000E+01, 8.2700000E+00, 4.2690959E-01, 0.0000000E+00
* ELEM  3572  circle
 2, 735, 734
*
  1.3470000E+01, 8.2700000E+00, 3.9175911E-01, 0.0000000E+00
* ELEM  3573  circle
 2, 736, 735
*
  1.3470000E+01, 8.2700000E+00, 3.0971277E-01, 0.0000000E+00
* ELEM  3574  circle
 2, 751, 750
*
  1.2170000E+01, 8.2700000E+00, 4.3800000E-01, 0.0000000E+00
* ELEM  3575  circle
 2, 752, 751
*
  1.2170000E+01, 8.2700000E+00, 4.2690959E-01, 0.0000000E+00
* ELEM  3576  circle
 2, 753, 752
*
  1.2170000E+01, 8.2700000E+00, 3.9175911E-01, 0.0000000E+00
* ELEM  3577  circle
 2, 754, 753
*
  1.2170000E+01, 8.2700000E+00, 3.0971277E-01, 0.0000000E+00
* ELEM  3578  circle
 2, 769, 768
*
  1.0870000E+01, 8.2700000E+00, 4.3800000E-01, 0.0000000E+00
* ELEM  3579  circle
 2, 770, 769
*
  1.0870000E+01, 8.2700000E+00, 4.2690959E-01, 0.0000000E+00
* ELEM  3580  circle
 2, 771, 770
*
  1.0870000E+01, 8.2700000E+00, 3.9175911E-01, 0.0000000E+00
* ELEM  3581  circle
 2, 772, 771
*
  1.0870000E+01, 8.2700000E+00, 3.0971277E-01, 0.0000000E+00
* ELEM  3582  circle
 2, 787, 786
*
  6.9700000E+00, 8.2700000E+00, 4.3800000E-01, 0.0000000E+00
* ELEM  3583  circle
 2, 788, 787
*
  6.9700000E+00, 8.2700000E+00, 4.2690959E-01, 0.0000000E+00
* ELEM  3584  circle
 2, 789, 788
*
  6.9700000E+00, 8.2700000E+00, 3.9175911E-01, 0.0000000E+00
* ELEM  3585  circle
 2, 790, 789
*
  6.9700000E+00, 8.2700000E+00, 3.0971277E-01, 0.0000000E+00
* ELEM  3586  circle
 2, 805, 804
*
  5.6700000E+00, 8.2700000E+00, 4.3800000E-01, 0.0000000E+00
* ELEM  3587  circle
 2, 806, 805
*
  5.6700000E+00, 8.2700000E+00, 4.2690959E-01, 0.0000000E+00
* ELEM  3588  circle
 2, 807, 806
*
  5.6700000E+00, 8.2700000E+00, 3.9175911E-01, 0.0000000E+00
* ELEM  3589  circle
 2, 808, 807
*
  5.6700000E+00, 8.2700000E+00, 3.0971277E-01, 0.0000000E+00
* ELEM  3590  circle
 2, 823, 822
*
  4.3700000E+00, 8.2700000E+00, 4.3800000E-01, 0.0000000E+00
* ELEM  3591  circle
 2, 824, 823
*
  4.3700000E+00, 8.2700000E+00, 4.2690959E-01, 0.0000000E+00
* ELEM  3592  circle
 2, 825, 824
*
  4.3700000E+00, 8.2700000E+00, 3.9175911E-01, 0.0000000E+00
* ELEM  3593  circle
 2, 826, 825
*
  4.3700000E+00, 8.2700000E+00, 3.3927334E-01, 0.0000000E+00
* ELEM  3594  circle
 2, 827, 826
*
  4.3700000E+00, 8.2700000E+00, 2.7701552E-01, 0.0000000E+00
* ELEM  3595  circle
 2, 828, 827
*
  4.3700000E+00, 8.2700000E+00, 1.9587955E-01, 0.0000000E+00
* ELEM  3596  circle
 2, 843, 842
*
  3.0700000E+00, 8.2700000E+00, 4.3800000E-01, 0.0000000E+00
* ELEM  3597  circle
 2, 844, 843
*
  3.0700000E+00, 8.2700000E+00, 4.2690959E-01, 0.0000000E+00
* ELEM  3598  circle
 2, 845, 844
*
  3.0700000E+00, 8.2700000E+00, 3.9175911E-01, 0.0000000E+00
* ELEM  3599  circle
 2, 846, 845
*
  3.0700000E+00, 8.2700000E+00, 3.0971277E-01, 0.0000000E+00
* ELEM  3600  circle
 2, 861, 860
*
  1.7700000E+00, 8.2700000E+00, 4.3800000E-01, 0.0000000E+00
* ELEM  3601  circle
 2, 862, 861
*
  1.7700000E+00, 8.2700000E+00, 4.2690959E-01, 0.0000000E+00
* ELEM  3602  circle
 2, 863, 862
*
  1.7700000E+00, 8.2700000E+00, 3.9175911E-01, 0.0000000E+00
* ELEM  3603  circle
 2, 864, 863
*
  1.7700000E+00, 8.2700000E+00, 3.0971277E-01, 0.0000000E+00
* ELEM  3604  circle
 2, 879, 878
*
  1.3470000E+01, 6.9700000E+00, 4.3800000E-01, 0.0000000E+00
* ELEM  3605  circle
 2, 880, 879
*
  1.3470000E+01, 6.9700000E+00, 4.2690959E-01, 0.0000000E+00
* ELEM  3606  circle
 2, 881, 880
*
  1.3470000E+01, 6.9700000E+00, 3.9175911E-01, 0.0000000E+00
* ELEM  3607  circle
 2, 882, 881
*
  1.3470000E+01, 6.9700000E+00, 3.0971277E-01, 0.0000000E+00
* ELEM  3608  circle
 2, 897, 896
*
  1.2170000E+01, 6.9700000E+00, 4.3800000E-01, 0.0000000E+00
* ELEM  3609  circle
 2, 898, 897
*
  1.2170000E+01, 6.9700000E+00, 4.2690959E-01, 0.0000000E+00
* ELEM  3610  circle
 2, 899, 898
*
  1.2170000E+01, 6.9700000E+00, 3.9175911E-01, 0.0000000E+00
* ELEM  3611  circle
 2, 900, 899
*
  1.2170000E+01, 6.9700000E+00, 3.3927334E-01, 0.0000000E+00
* ELEM  3612  circle
 2, 901, 900
*
  1.2170000E+01, 6.9700000E+00, 2.7701552E-01, 0.0000000E+00
* ELEM  3613  circle
 2, 902, 901
*
  1.2170000E+01, 6.9700000E+00, 1.9587955E-01, 0.0000000E+00
* ELEM  3614  circle
 2, 917, 916
*
  1.0870000E+01, 6.9700000E+00, 4.3800000E-01, 0.0000000E+00
* ELEM  3615  circle
 2, 918, 917
*
  1.0870000E+01, 6.9700000E+00, 4.2690959E-01, 0.0000000E+00
* ELEM  3616  circle
 2, 919, 918
*
  1.0870000E+01, 6.9700000E+00, 3.9175911E-01, 0.0000000E+00
* ELEM  3617  circle
 2, 920, 919
*
  1.0870000E+01, 6.9700000E+00, 3.0971277E-01, 0.0000000E+00
* ELEM  3618  circle
 2, 935, 934
*
  9.5700000E+00, 6.9700000E+00, 4.3800000E-01, 0.0000000E+00
* ELEM  3619  circle
 2, 936, 935
*
  9.5700000E+00, 6.9700000E+00, 4.2690959E-01, 0.0000000E+00
* ELEM  3620  circle
 2, 937, 936
*
  9.5700000E+00, 6.9700000E+00, 3.9175911E-01, 0.0000000E+00
* ELEM  3621  circle
 2, 938, 937
*
  9.5700000E+00, 6.9700000E+00, 3.0971277E-01, 0.0000000E+00
* ELEM  3622  circle
 2, 953, 952
*
  8.2700000E+00, 6.9700000E+00, 4.3800000E-01, 0.0000000E+00
* ELEM  3623  circle
 2, 954, 953
*
  8.2700000E+00, 6.9700000E+00, 4.2690959E-01, 0.0000000E+00
* ELEM  3624  circle
 2, 955, 954
*
  8.2700000E+00, 6.9700000E+00, 3.9175911E-01, 0.0000000E+00
* ELEM  3625  circle
 2, 956, 955
*
  8.2700000E+00, 6.9700000E+00, 3.0971277E-01, 0.0000000E+00
* ELEM  3626  circle
 2, 971, 970
*
  4.3700000E+00, 6.9700000E+00, 4.3800000E-01, 0.0000000E+00
* ELEM  3627  circle
 2, 972, 971
*
  4.3700000E+00, 6.9700000E+00, 4.2690959E-01, 0.0000000E+00
* ELEM  3628  circle
 2, 973, 972
*
  4.3700000E+00, 6.9700000E+00, 3.9175911E-01, 0.0000000E+00
* ELEM  3629  circle
 2, 974, 973
*
  4.3700000E+00, 6.9700000E+00, 3.0971277E-01, 0.0000000E+00
* ELEM  3630  circle
 2, 989, 988
*
  3.0700000E+00, 6.9700000E+00, 4.3800000E-01, 0.0000000E+00
* ELEM  3631  circle
 2, 990, 989
*
  3.0700000E+00, 6.9700000E+00, 4.2690959E-01, 0.0000000E+00
* ELEM  3632  circle
 2, 991, 990
*
  3.0700000E+00, 6.9700000E+00, 3.9175911E-01, 0.0000000E+00
* ELEM  3633  circle
 2, 992, 991
*
  3.0700000E+00, 6.9700000E+00, 3.3927334E-01, 0.0000000E+00
* ELEM  3634  circle
 2, 993, 992
*
  3.0700000E+00, 6.9700000E+00, 2.7701552E-01, 0.0000000E+00
* ELEM  3635  circle
 2, 994, 993
*
  3.0700000E+00, 6.9700000E+00, 1.9587955E-01, 0.0000000E+00
* ELEM  3636  circle
 2, 1009, 1008
*
  1.7700000E+00, 6.9700000E+00, 4.3800000E-01, 0.0000000E+00
* ELEM  3637  circle
 2, 1010, 1009
*
  1.7700000E+00, 6.9700000E+00, 4.2690959E-01, 0.0000000E+00
* ELEM  3638  circle
 2, 1011, 1010
*
  1.7700000E+00, 6.9700000E+00, 3.9175911E-01, 0.0000000E+00
* ELEM  3639  circle
 2, 1012, 1011
*
  1.7700000E+00, 6.9700000E+00, 3.0971277E-01, 0.0000000E+00
* ELEM  3640  circle
 2, 1027, 1026
*
  1.3470000E+01, 5.6700000E+00, 4.3800000E-01, 0.0000000E+00
* ELEM  3641  circle
 2, 1028, 1027
*
  1.3470000E+01, 5.6700000E+00, 4.2690959E-01, 0.0000000E+00
* ELEM  3642  circle
 2, 1029, 1028
*
  1.3470000E+01, 5.6700000E+00, 3.9175911E-01, 0.0000000E+00
* ELEM  3643  circle
 2, 1030, 1029
*
  1.3470000E+01, 5.6700000E+00, 3.0971277E-01, 0.0000000E+00
* ELEM  3644  circle
 2, 1045, 1044
*
  1.2170000E+01, 5.6700000E+00, 4.3800000E-01, 0.0000000E+00
* ELEM  3645  circle
 2, 1046, 1045
*
  1.2170000E+01, 5.6700000E+00, 4.2690959E-01, 0.0000000E+00
* ELEM  3646  circle
 2, 1047, 1046
*
  1.2170000E+01, 5.6700000E+00, 3.9175911E-01, 0.0000000E+00
* ELEM  3647  circle
 2, 1048, 1047
*
  1.2170000E+01, 5.6700000E+00, 3.0971277E-01, 0.0000000E+00
* ELEM  3648  circle
 2, 1063, 1062
*
  1.0870000E+01, 5.6700000E+00, 4.3800000E-01, 0.0000000E+00
* ELEM  3649  circle
 2, 1064, 1063
*
  1.0870000E+01, 5.6700000E+00, 4.2690959E-01, 0.0000000E+00
* ELEM  3650  circle
 2, 1065, 1064
*
  1.0870000E+01, 5.6700000E+00, 3.9175911E-01, 0.0000000E+00
* ELEM  3651  circle
 2, 1066, 1065
*
  1.0870000E+01, 5.6700000E+00, 3.3927334E-01, 0.0000000E+00
* ELEM  3652  circle
 2, 1067, 1066
*
  1.0870000E+01, 5.6700000E+00, 2.7701552E-01, 0.0000000E+00
* ELEM  3653  circle
 2, 1068, 1067
*
  1.0870000E+01, 5.6700000E+00, 1.9587955E-01, 0.0000000E+00
* ELEM  3654  circle
 2, 1083, 1082
*
  9.5700000E+00, 5.6700000E+00, 4.3800000E-01, 0.0000000E+00
* ELEM  3655  circle
 2, 1084, 1083
*
  9.5700000E+00, 5.6700000E+00, 4.2690959E-01, 0.0000000E+00
* ELEM  3656  circle
 2, 1085, 1084
*
  9.5700000E+00, 5.6700000E+00, 3.9175911E-01, 0.0000000E+00
* ELEM  3657  circle
 2, 1086, 1085
*
  9.5700000E+00, 5.6700000E+00, 3.0971277E-01, 0.0000000E+00
* ELEM  3658  circle
 2, 1101, 1100
*
  8.2700000E+00, 5.6700000E+00, 4.3800000E-01, 0.0000000E+00
* ELEM  3659  circle
 2, 1102, 1101
*
  8.2700000E+00, 5.6700000E+00, 4.2690959E-01, 0.0000000E+00
* ELEM  3660  circle
 2, 1103, 1102
*
  8.2700000E+00, 5.6700000E+00, 3.9175911E-01, 0.0000000E+00
* ELEM  3661  circle
 2, 1104, 1103
*
  8.2700000E+00, 5.6700000E+00, 3.0971277E-01, 0.0000000E+00
* ELEM  3662  circle
 2, 1119, 1118
*
  4.3700000E+00, 5.6700000E+00, 4.3800000E-01, 0.0000000E+00
* ELEM  3663  circle
 2, 1120, 1119
*
  4.3700000E+00, 5.6700000E+00, 4.2690959E-01, 0.0000000E+00
* ELEM  3664  circle
 2, 1121, 1120
*
  4.3700000E+00, 5.6700000E+00, 3.9175911E-01, 0.0000000E+00
* ELEM  3665  circle
 2, 1122, 1121
*
  4.3700000E+00, 5.6700000E+00, 3.3927334E-01, 0.0000000E+00
* ELEM  3666  circle
 2, 1123, 1122
*
  4.3700000E+00, 5.6700000E+00, 2.7701552E-01, 0.0000000E+00
* ELEM  3667  circle
 2, 1124, 1123
*
  4.3700000E+00, 5.6700000E+00, 1.9587955E-01, 0.0000000E+00
* ELEM  3668  circle
 2, 1139, 1138
*
  3.0700000E+00, 5.6700000E+00, 4.3800000E-01, 0.0000000E+00
* ELEM  3669  circle
 2, 1140, 1139
*
  3.0700000E+00, 5.6700000E+00, 4.2690959E-01, 0.0000000E+00
* ELEM  3670  circle
 2, 1141, 1140
*
  3.0700000E+00, 5.6700000E+00, 3.9175911E-01, 0.0000000E+00
* ELEM  3671  circle
 2, 1142, 1141
*
  3.0700000E+00, 5.6700000E+00, 3.0971277E-01, 0.0000000E+00
* ELEM  3672  circle
 2, 1157, 1156
*
  1.7700000E+00, 5.6700000E+00, 4.3800000E-01, 0.0000000E+00
* ELEM  3673  circle
 2, 1158, 1157
*
  1.7700000E+00, 5.6700000E+00, 4.2690959E-01, 0.0000000E+00
* ELEM  3674  circle
 2, 1159, 1158
*
  1.7700000E+00, 5.6700000E+00, 3.9175911E-01, 0.0000000E+00
* ELEM  3675  circle
 2, 1160, 1159
*
  1.7700000E+00, 5.6700000E+00, 3.0971277E-01, 0.0000000E+00
* ELEM  3676  circle
 2, 1175, 1174
*
  1.3470000E+01, 4.3700000E+00, 4.3800000E-01, 0.0000000E+00
* ELEM  3677  circle
 2, 1176, 1175
*
  1.3470000E+01, 4.3700000E+00, 4.2690959E-01, 0.0000000E+00
* ELEM  3678  circle
 2, 1177, 1176
*
  1.3470000E+01, 4.3700000E+00, 3.9175911E-01, 0.0000000E+00
* ELEM  3679  circle
 2, 1178, 1177
*
  1.3470000E+01, 4.3700000E+00, 3.0971277E-01, 0.0000000E+00
* ELEM  3680  circle
 2, 1193, 1192
*
  1.2170000E+01, 4.3700000E+00, 4.3800000E-01, 0.0000000E+00
* ELEM  3681  circle
 2, 1194, 1193
*
  1.2170000E+01, 4.3700000E+00, 4.2690959E-01, 0.0000000E+00
* ELEM  3682  circle
 2, 1195, 1194
*
  1.2170000E+01, 4.3700000E+00, 3.9175911E-01, 0.0000000E+00
* ELEM  3683  circle
 2, 1196, 1195
*
  1.2170000E+01, 4.3700000E+00, 3.3927334E-01, 0.0000000E+00
* ELEM  3684  circle
 2, 1197, 1196
*
  1.2170000E+01, 4.3700000E+00, 2.7701552E-01, 0.0000000E+00
* ELEM  3685  circle
 2, 1198, 1197
*
  1.2170000E+01, 4.3700000E+00, 1.9587955E-01, 0.0000000E+00
* ELEM  3686  circle
 2, 1213, 1212
*
  1.0870000E+01, 4.3700000E+00, 4.3800000E-01, 0.0000000E+00
* ELEM  3687  circle
 2, 1214, 1213
*
  1.0870000E+01, 4.3700000E+00, 4.2690959E-01, 0.0000000E+00
* ELEM  3688  circle
 2, 1215, 1214
*
  1.0870000E+01, 4.3700000E+00, 3.9175911E-01, 0.0000000E+00
* ELEM  3689  circle
 2, 1216, 1215
*
  1.0870000E+01, 4.3700000E+00, 3.0971277E-01, 0.0000000E+00
* ELEM  3690  circle
 2, 1231, 1230
*
  9.5700000E+00, 4.3700000E+00, 4.3800000E-01, 0.0000000E+00
* ELEM  3691  circle
 2, 1232, 1231
*
  9.5700000E+00, 4.3700000E+00, 4.2690959E-01, 0.0000000E+00
* ELEM  3692  circle
 2, 1233, 1232
*
  9.5700000E+00, 4.3700000E+00, 3.9175911E-01, 0.0000000E+00
* ELEM  3693  circle
 2, 1234, 1233
*
  9.5700000E+00, 4.3700000E+00, 3.3927334E-01, 0.0000000E+00
* ELEM  3694  circle
 2, 1235, 1234
*
  9.5700000E+00, 4.3700000E+00, 2.7701552E-01, 0.0000000E+00
* ELEM  3695  circle
 2, 1236, 1235
*
  9.5700000E+00, 4.3700000E+00, 1.9587955E-01, 0.0000000E+00
* ELEM  3696  circle
 2, 1251, 1250
*
  8.2700000E+00, 4.3700000E+00, 4.3800000E-01, 0.0000000E+00
* ELEM  3697  circle
 2, 1252, 1251
*
  8.2700000E+00, 4.3700000E+00, 4.2690959E-01, 0.0000000E+00
* ELEM  3698  circle
 2, 1253, 1252
*
  8.2700000E+00, 4.3700000E+00, 3.9175911E-01, 0.0000000E+00
* ELEM  3699  circle
 2, 1254, 1253
*
  8.2700000E+00, 4.3700000E+00, 3.0971277E-01, 0.0000000E+00
* ELEM  3700  circle
 2, 1269, 1268
*
  6.9700000E+00, 4.3700000E+00, 4.3800000E-01, 0.0000000E+00
* ELEM  3701  circle
 2, 1270, 1269
*
  6.9700000E+00, 4.3700000E+00, 4.2690959E-01, 0.0000000E+00
* ELEM  3702  circle
 2, 1271, 1270
*
  6.9700000E+00, 4.3700000E+00, 3.9175911E-01, 0.0000000E+00
* ELEM  3703  circle
 2, 1272, 1271
*
  6.9700000E+00, 4.3700000E+00, 3.0971277E-01, 0.0000000E+00
* ELEM  3704  circle
 2, 1287, 1286
*
  5.6700000E+00, 4.3700000E+00, 4.3800000E-01, 0.0000000E+00
* ELEM  3705  circle
 2, 1288, 1287
*
  5.6700000E+00, 4.3700000E+00, 4.2690959E-01, 0.0000000E+00
* ELEM  3706  circle
 2, 1289, 1288
*
  5.6700000E+00, 4.3700000E+00, 3.9175911E-01, 0.0000000E+00
* ELEM  3707  circle
 2, 1290, 1289
*
  5.6700000E+00, 4.3700000E+00, 3.0971277E-01, 0.0000000E+00
* ELEM  3708  circle
 2, 1305, 1304
*
  4.3700000E+00, 4.3700000E+00, 4.3800000E-01, 0.0000000E+00
* ELEM  3709  circle
 2, 1306, 1305
*
  4.3700000E+00, 4.3700000E+00, 4.2690959E-01, 0.0000000E+00
* ELEM  3710  circle
 2, 1307, 1306
*
  4.3700000E+00, 4.3700000E+00, 3.9175911E-01, 0.0000000E+00
* ELEM  3711  circle
 2, 1308, 1307
*
  4.3700000E+00, 4.3700000E+00, 3.0971277E-01, 0.0000000E+00
* ELEM  3712  circle
 2, 1323, 1322
*
  3.0700000E+00, 4.3700000E+00, 4.3800000E-01, 0.0000000E+00
* ELEM  3713  circle
 2, 1324, 1323
*
  3.0700000E+00, 4.3700000E+00, 4.2690959E-01, 0.0000000E+00
* ELEM  3714  circle
 2, 1325, 1324
*
  3.0700000E+00, 4.3700000E+00, 3.9175911E-01, 0.0000000E+00
* ELEM  3715  circle
 2, 1326, 1325
*
  3.0700000E+00, 4.3700000E+00, 3.3927334E-01, 0.0000000E+00
* ELEM  3716  circle
 2, 1327, 1326
*
  3.0700000E+00, 4.3700000E+00, 2.7701552E-01, 0.0000000E+00
* ELEM  3717  circle
 2, 1328, 1327
*
  3.0700000E+00, 4.3700000E+00, 1.9587955E-01, 0.0000000E+00
* ELEM  3718  circle
 2, 1343, 1342
*
  1.7700000E+00, 4.3700000E+00, 4.3800000E-01, 0.0000000E+00
* ELEM  3719  circle
 2, 1344, 1343
*
  1.7700000E+00, 4.3700000E+00, 4.2690959E-01, 0.0000000E+00
* ELEM  3720  circle
 2, 1345, 1344
*
  1.7700000E+00, 4.3700000E+00, 3.9175911E-01, 0.0000000E+00
* ELEM  3721  circle
 2, 1346, 1345
*
  1.7700000E+00, 4.3700000E+00, 3.0971277E-01, 0.0000000E+00
* ELEM  3722  circle
 2, 1361, 1360
*
  1.3470000E+01, 3.0700000E+00, 4.3800000E-01, 0.0000000E+00
* ELEM  3723  circle
 2, 1362, 1361
*
  1.3470000E+01, 3.0700000E+00, 4.2690959E-01, 0.0000000E+00
* ELEM  3724  circle
 2, 1363, 1362
*
  1.3470000E+01, 3.0700000E+00, 3.9175911E-01, 0.0000000E+00
* ELEM  3725  circle
 2, 1364, 1363
*
  1.3470000E+01, 3.0700000E+00, 3.0971277E-01, 0.0000000E+00
* ELEM  3726  circle
 2, 1379, 1378
*
  1.2170000E+01, 3.0700000E+00, 4.3800000E-01, 0.0000000E+00
* ELEM  3727  circle
 2, 1380, 1379
*
  1.2170000E+01, 3.0700000E+00, 4.2690959E-01, 0.0000000E+00
* ELEM  3728  circle
 2, 1381, 1380
*
  1.2170000E+01, 3.0700000E+00, 3.9175911E-01, 0.0000000E+00
* ELEM  3729  circle
 2, 1382, 1381
*
  1.2170000E+01, 3.0700000E+00, 3.0971277E-01, 0.0000000E+00
* ELEM  3730  circle
 2, 1397, 1396
*
  1.0870000E+01, 3.0700000E+00, 4.3800000E-01, 0.0000000E+00
* ELEM  3731  circle
 2, 1398, 1397
*
  1.0870000E+01, 3.0700000E+00, 4.2690959E-01, 0.0000000E+00
* ELEM  3732  circle
 2, 1399, 1398
*
  1.0870000E+01, 3.0700000E+00, 3.9175911E-01, 0.0000000E+00
* ELEM  3733  circle
 2, 1400, 1399
*
  1.0870000E+01, 3.0700000E+00, 3.3927334E-01, 0.0000000E+00
* ELEM  3734  circle
 2, 1401, 1400
*
  1.0870000E+01, 3.0700000E+00, 2.7701552E-01, 0.0000000E+00
* ELEM  3735  circle
 2, 1402, 1401
*
  1.0870000E+01, 3.0700000E+00, 1.9587955E-01, 0.0000000E+00
* ELEM  3736  circle
 2, 1417, 1416
*
  9.5700000E+00, 3.0700000E+00, 4.3800000E-01, 0.0000000E+00
* ELEM  3737  circle
 2, 1418, 1417
*
  9.5700000E+00, 3.0700000E+00, 4.2690959E-01, 0.0000000E+00
* ELEM  3738  circle
 2, 1419, 1418
*
  9.5700000E+00, 3.0700000E+00, 3.9175911E-01, 0.0000000E+00
* ELEM  3739  circle
 2, 1420, 1419
*
  9.5700000E+00, 3.0700000E+00, 3.0971277E-01, 0.0000000E+00
* ELEM  3740  circle
 2, 1435, 1434
*
  8.2700000E+00, 3.0700000E+00, 4.3800000E-01, 0.0000000E+00
* ELEM  3741  circle
 2, 1436, 1435
*
  8.2700000E+00, 3.0700000E+00, 4.2690959E-01, 0.0000000E+00
* ELEM  3742  circle
 2, 1437, 1436
*
  8.2700000E+00, 3.0700000E+00, 3.9175911E-01, 0.0000000E+00
* ELEM  3743  circle
 2, 1438, 1437
*
  8.2700000E+00, 3.0700000E+00, 3.3927334E-01, 0.0000000E+00
* ELEM  3744  circle
 2, 1439, 1438
*
  8.2700000E+00, 3.0700000E+00, 2.7701552E-01, 0.0000000E+00
* ELEM  3745  circle
 2, 1440, 1439
*
  8.2700000E+00, 3.0700000E+00, 1.9587955E-01, 0.0000000E+00
* ELEM  3746  circle
 2, 1455, 1454
*
  6.9700000E+00, 3.0700000E+00, 4.3800000E-01, 0.0000000E+00
* ELEM  3747  circle
 2, 1456, 1455
*
  6.9700000E+00, 3.0700000E+00, 4.2690959E-01, 0.0000000E+00
* ELEM  3748  circle
 2, 1457, 1456
*
  6.9700000E+00, 3.0700000E+00, 3.9175911E-01, 0.0000000E+00
* ELEM  3749  circle
 2, 1458, 1457
*
  6.9700000E+00, 3.0700000E+00, 3.0971277E-01, 0.0000000E+00
* ELEM  3750  circle
 2, 1473, 1472
*
  5.6700000E+00, 3.0700000E+00, 4.3800000E-01, 0.0000000E+00
* ELEM  3751  circle
 2, 1474, 1473
*
  5.6700000E+00, 3.0700000E+00, 4.2690959E-01, 0.0000000E+00
* ELEM  3752  circle
 2, 1475, 1474
*
  5.6700000E+00, 3.0700000E+00, 3.9175911E-01, 0.0000000E+00
* ELEM  3753  circle
 2, 1476, 1475
*
  5.6700000E+00, 3.0700000E+00, 3.0971277E-01, 0.0000000E+00
* ELEM  3754  circle
 2, 1491, 1490
*
  4.3700000E+00, 3.0700000E+00, 4.3800000E-01, 0.0000000E+00
* ELEM  3755  circle
 2, 1492, 1491
*
  4.3700000E+00, 3.0700000E+00, 4.2690959E-01, 0.0000000E+00
* ELEM  3756  circle
 2, 1493, 1492
*
  4.3700000E+00, 3.0700000E+00, 3.9175911E-01, 0.0000000E+00
* ELEM  3757  circle
 2, 1494, 1493
*
  4.3700000E+00, 3.0700000E+00, 3.3927334E-01, 0.0000000E+00
* ELEM  3758  circle
 2, 1495, 1494
*
  4.3700000E+00, 3.0700000E+00, 2.7701552E-01, 0.0000000E+00
* ELEM  3759  circle
 2, 1496, 1495
*
  4.3700000E+00, 3.0700000E+00, 1.9587955E-01, 0.0000000E+00
* ELEM  3760  circle
 2, 1511, 1510
*
  3.0700000E+00, 3.0700000E+00, 4.3800000E-01, 0.0000000E+00
* ELEM  3761  circle
 2, 1512, 1511
*
  3.0700000E+00, 3.0700000E+00, 4.2690959E-01, 0.0000000E+00
* ELEM  3762  circle
 2, 1513, 1512
*
  3.0700000E+00, 3.0700000E+00, 3.9175911E-01, 0.0000000E+00
* ELEM  3763  circle
 2, 1514, 1513
*
  3.0700000E+00, 3.0700000E+00, 3.0971277E-01, 0.0000000E+00
* ELEM  3764  circle
 2, 1529, 1528
*
  1.7700000E+00, 3.0700000E+00, 4.3800000E-01, 0.0000000E+00
* ELEM  3765  circle
 2, 1530, 1529
*
  1.7700000E+00, 3.0700000E+00, 4.2690959E-01, 0.0000000E+00
* ELEM  3766  circle
 2, 1531, 1530
*
  1.7700000E+00, 3.0700000E+00, 3.9175911E-01, 0.0000000E+00
* ELEM  3767  circle
 2, 1532, 1531
*
  1.7700000E+00, 3.0700000E+00, 3.0971277E-01, 0.0000000E+00
* ELEM  3768  circle
 2, 1547, 1546
*
  1.3470000E+01, 1.7700000E+00, 4.3800000E-01, 0.0000000E+00
* ELEM  3769  circle
 2, 1548, 1547
*
  1.3470000E+01, 1.7700000E+00, 4.2690959E-01, 0.0000000E+00
* ELEM  3770  circle
 2, 1549, 1548
*
  1.3470000E+01, 1.7700000E+00, 3.9175911E-01, 0.0000000E+00
* ELEM  3771  circle
 2, 1550, 1549
*
  1.3470000E+01, 1.7700000E+00, 3.0971277E-01, 0.0000000E+00
* ELEM  3772  circle
 2, 1565, 1564
*
  1.2170000E+01, 1.7700000E+00, 4.3800000E-01, 0.0000000E+00
* ELEM  3773  circle
 2, 1566, 1565
*
  1.2170000E+01, 1.7700000E+00, 4.2690959E-01, 0.0000000E+00
* ELEM  3774  circle
 2, 1567, 1566
*
  1.2170000E+01, 1.7700000E+00, 3.9175911E-01, 0.0000000E+00
* ELEM  3775  circle
 2, 1568, 1567
*
  1.2170000E+01, 1.7700000E+00, 3.0971277E-01, 0.0000000E+00
* ELEM  3776  circle
 2, 1583, 1582
*
  1.0870000E+01, 1.7700000E+00, 4.3800000E-01, 0.0000000E+00
* ELEM  3777  circle
 2, 1584, 1583
*
  1.0870000E+01, 1.7700000E+00, 4.2690959E-01, 0.0000000E+00
* ELEM  3778  circle
 2, 1585, 1584
*
  1.0870000E+01, 1.7700000E+00, 3.9175911E-01, 0.0000000E+00
* ELEM  3779  circle
 2, 1586, 1585
*
  1.0870000E+01, 1.7700000E+00, 3.0971277E-01, 0.0000000E+00
* ELEM  3780  circle
 2, 1601, 1600
*
  9.5700000E+00, 1.7700000E+00, 4.3800000E-01, 0.0000000E+00
* ELEM  3781  circle
 2, 1602, 1601
*
  9.5700000E+00, 1.7700000E+00, 4.2690959E-01, 0.0000000E+00
* ELEM  3782  circle
 2, 1603, 1602
*
  9.5700000E+00, 1.7700000E+00, 3.9175911E-01, 0.0000000E+00
* ELEM  3783  circle
 2, 1604, 1603
*
  9.5700000E+00, 1.7700000E+00, 3.0971277E-01, 0.0000000E+00
* ELEM  3784  circle
 2, 1619, 1618
*
  8.2700000E+00, 1.7700000E+00, 4.3800000E-01, 0.0000000E+00
* ELEM  3785  circle
 2, 1620, 1619
*
  8.2700000E+00, 1.7700000E+00, 4.2690959E-01, 0.0000000E+00
* ELEM  3786  circle
 2, 1621, 1620
*
  8.2700000E+00, 1.7700000E+00, 3.9175911E-01, 0.0000000E+00
* ELEM  3787  circle
 2, 1622, 1621
*
  8.2700000E+00, 1.7700000E+00, 3.0971277E-01, 0.0000000E+00
* ELEM  3788  circle
 2, 1637, 1636
*
  6.9700000E+00, 1.7700000E+00, 4.3800000E-01, 0.0000000E+00
* ELEM  3789  circle
 2, 1638, 1637
*
  6.9700000E+00, 1.7700000E+00, 4.2690959E-01, 0.0000000E+00
* ELEM  3790  circle
 2, 1639, 1638
*
  6.9700000E+00, 1.7700000E+00, 3.9175911E-01, 0.0000000E+00
* ELEM  3791  circle
 2, 1640, 1639
*
  6.9700000E+00, 1.7700000E+00, 3.0971277E-01, 0.0000000E+00
* ELEM  3792  circle
 2, 1655, 1654
*
  5.6700000E+00, 1.7700000E+00, 4.3800000E-01, 0.0000000E+00
* ELEM  3793  circle
 2, 1656, 1655
*
  5.6700000E+00, 1.7700000E+00, 4.2690959E-01, 0.0000000E+00
* ELEM  3794  circle
 2, 1657, 1656
*
  5.6700000E+00, 1.7700000E+00, 3.9175911E-01, 0.0000000E+00
* ELEM  3795  circle
 2, 1658, 1657
*
  5.6700000E+00, 1.7700000E+00, 3.0971277E-01, 0.0000000E+00
* ELEM  3796  circle
 2, 1673, 1672
*
  4.3700000E+00, 1.7700000E+00, 4.3800000E-01, 0.0000000E+00
* ELEM  3797  circle
 2, 1674, 1673
*
  4.3700000E+00, 1.7700000E+00, 4.2690959E-01, 0.0000000E+00
* ELEM  3798  circle
 2, 1675, 1674
*
  4.3700000E+00, 1.7700000E+00, 3.9175911E-01, 0.0000000E+00
* ELEM  3799  circle
 2, 1676, 1675
*
  4.3700000E+00, 1.7700000E+00, 3.0971277E-01, 0.0000000E+00
* ELEM  3800  circle
 2, 1691, 1690
*
  3.0700000E+00, 1.7700000E+00, 4.3800000E-01, 0.0000000E+00
* ELEM  3801  circle
 2, 1692, 1691
*
  3.0700000E+00, 1.7700000E+00, 4.2690959E-01, 0.0000000E+00
* ELEM  3802  circle
 2, 1693, 1692
*
  3.0700000E+00, 1.7700000E+00, 3.9175911E-01, 0.0000000E+00
* ELEM  3803  circle
 2, 1694, 1693
*
  3.0700000E+00, 1.7700000E+00, 3.0971277E-01, 0.0000000E+00
* ELEM  3804  circle
 2, 1709, 1708
*
  1.7700000E+00, 1.7700000E+00, 4.3800000E-01, 0.0000000E+00
* ELEM  3805  circle
 2, 1710, 1709
*
  1.7700000E+00, 1.7700000E+00, 4.2690959E-01, 0.0000000E+00
* ELEM  3806  circle
 2, 1711, 1710
*
  1.7700000E+00, 1.7700000E+00, 3.9175911E-01, 0.0000000E+00
* ELEM  3807  circle
 2, 1712, 1711
*
  1.7700000E+00, 1.7700000E+00, 3.0971277E-01, 0.0000000E+00
* ELEM  3808  line segment
 1, 1768, 1777
*
  1.1200000E+00, 3.7200000E+00, -2.0000000E-01, 0.0000000E+00
* ELEM  3809  line segment
 1, 1769, 1836
*
  2.4200000E+00, 9.2000000E-01, 0.0000000E+00, 2.0000000E-01
* ELEM  3810  line segment
 1, 1774, 1768
*
  1.1200000E+00, 5.0200000E+00, -2.0000000E-01, 0.0000000E+00
* ELEM  3811  line segment
 1, 1773, 1769
*
  3.7200000E+00, 9.2000000E-01, 0.0000000E+00, 2.0000000E-01
* ELEM  3812  line segment
 1, 1775, 1774
*
  1.1200000E+00, 6.3200000E+00, -2.0000000E-01, 0.0000000E+00
* ELEM  3813  line segment
 1, 1778, 1773
*
  5.0200000E+00, 9.2000000E-01, 0.0000000E+00, 2.0000000E-01
* ELEM  3814  line segment
 1, 1765, 1775
*
  1.1200000E+00, 7.6200000E+00, -2.0000000E-01, 0.0000000E+00
* ELEM  3815  line segment
 1, 1779, 1778
*
  6.3200000E+00, 9.2000000E-01, 0.0000000E+00, 2.0000000E-01
* ELEM  3816  line segment
 1, 1785, 1765
*
  1.1200000E+00, 8.9200000E+00, -2.0000000E-01, 0.0000000E+00
* ELEM  3817  line segment
 1, 1762, 1779
*
  7.6200000E+00, 9.2000000E-01, 0.0000000E+00, 2.0000000E-01
* ELEM  3818  line segment
 1, 1766, 1785
*
  1.1200000E+00, 1.0220000E+01, -2.0000000E-01, 0.0000000E+00
* ELEM  3819  line segment
 1, 1780, 1762
*
  8.9200000E+00, 9.2000000E-01, 0.0000000E+00, 2.0000000E-01
* ELEM  3820  line segment
 1, 1767, 1766
*
  1.1200000E+00, 1.1520000E+01, -2.0000000E-01, 0.0000000E+00
* ELEM  3821  line segment
 1, 1763, 1780
*
  1.0220000E+01, 9.2000000E-01, 0.0000000E+00, 2.0000000E-01
* ELEM  3822  line segment
 1, 1840, 1767
*
  1.1200000E+00, 1.2820000E+01, -2.0000000E-01, 0.0000000E+00
* ELEM  3823  line segment
 1, 1764, 1763
*
  1.1520000E+01, 9.2000000E-01, 0.0000000E+00, 2.0000000E-01
* ELEM  3824  line segment
 1, 1839, 1764
*
  1.2820000E+01, 9.2000000E-01, 0.0000000E+00, 2.0000000E-01
* ELEM  3825  line segment
 1, 1791, 1837
*
  2.4200000E+00, 1.4120000E+01, 0.0000000E+00, 2.0000000E-01
* ELEM  3826  line segment
 1, 1788, 1838
*
  1.4320000E+01, 2.4200000E+00, -2.0000000E-01, 0.0000000E+00
* ELEM  3827  line segment
 1, 1776, 1791
*
  3.7200000E+00, 1.4120000E+01, 0.0000000E+00, 2.0000000E-01
* ELEM  3828  line segment
 1, 1781, 1788
*
  1.4320000E+01, 3.7200000E+00, -2.0000000E-01, 0.0000000E+00
* ELEM  3829  line segment
 1, 1786, 1776
*
  5.0200000E+00, 1.4120000E+01, 0.0000000E+00, 2.0000000E-01
* ELEM  3830  line segment
 1, 1789, 1781
*
  1.4320000E+01, 5.0200000E+00, -2.0000000E-01, 0.0000000E+00
* ELEM  3831  line segment
 1, 1787, 1786
*
  6.3200000E+00, 1.4120000E+01, 0.0000000E+00, 2.0000000E-01
* ELEM  3832  line segment
 1, 1790, 1789
*
  1.4320000E+01, 6.3200000E+00, -2.0000000E-01, 0.0000000E+00
* ELEM  3833  line segment
 1, 1770, 1787
*
  7.6200000E+00, 1.4120000E+01, 0.0000000E+00, 2.0000000E-01
* ELEM  3834  line segment
 1, 1782, 1790
*
  1.4320000E+01, 7.6200000E+00, -2.0000000E-01, 0.0000000E+00
* ELEM  3835  line segment
 1, 1792, 1770
*
  8.9200000E+00, 1.4120000E+01, 0.0000000E+00, 2.0000000E-01
* ELEM  3836  line segment
 1, 1793, 1782
*
  1.4320000E+01, 8.9200000E+00, -2.0000000E-01, 0.0000000E+00
* ELEM  3837  line segment
 1, 1771, 1792
*
  1.0220000E+01, 1.4120000E+01, 0.0000000E+00, 2.0000000E-01
* ELEM  3838  line segment
 1, 1783, 1793
*
  1.4320000E+01, 1.0220000E+01, -2.0000000E-01, 0.0000000E+00
* ELEM  3839  line segment
 1, 1772, 1771
*
  1.1520000E+01, 1.4120000E+01, 0.0000000E+00, 2.0000000E-01
* ELEM  3840  line segment
 1, 1784, 1783
*
  1.4320000E+01, 1.1520000E+01, -2.0000000E-01, 0.0000000E+00
* ELEM  3841  line segment
 1, 1841, 1772
*
  1.2820000E+01, 1.4120000E+01, 0.0000000E+00, 2.0000000E-01
* ELEM  3842  line segment
 1, 1842, 1784
*
  1.4320000E+01, 1.2820000E+01, -2.0000000E-01, 0.0000000E+00
* boundaries conditions: defaul nbbcda allsur
  0, 0, 0
* albedo
  1.0
#  1 - COOLANT
#  2 - CLAD
#  3 - MODERATOR
#  4 - GAP
#  5 - UOX28_zone4_pin1
#  6 - UOX28_zone3_pin1
#  7 - UOX28_zone2_pin1
#  8 - UOX28_zone1_pin1
#  9 - UOX40_zone4_pin11
# 10 - UOX40_zone3_pin11
# 11 - UOX40_zone2_pin11
# 12 - UOX40_zone1_pin11
# 13 - UOX40_zone4_pin20
# 14 - UOX40_zone3_pin20
# 15 - UOX40_zone2_pin20
# 16 - UOX40_zone1_pin20
# 17 - UOX40_zone4_pin28
# 18 - UOX40_zone3_pin28
# 19 - UOX40_zone2_pin28
# 20 - UOX40_zone1_pin28
# 21 - UOX40_zone4_pin33
# 22 - UOX40_zone3_pin33
# 23 - UOX40_zone2_pin33
# 24 - UOX40_zone1_pin33
# 25 - UOX40_zone4_pin37
# 26 - UOX40_zone3_pin37
# 27 - UOX40_zone2_pin37
# 28 - UOX40_zone1_pin37
# 29 - UOX40_zone4_pin42
# 30 - UOX40_zone3_pin42
# 31 - UOX40_zone2_pin42
# 32 - UOX40_zone1_pin42
# 33 - UOX32_zone4_pin46
# 34 - UOX32_zone3_pin46
# 35 - UOX32_zone2_pin46
# 36 - UOX32_zone1_pin46
# 37 - UOX28_zone4_pin49
# 38 - UOX28_zone3_pin49
# 39 - UOX28_zone2_pin49
# 40 - UOX28_zone1_pin49
# 41 - UOX16_zone4_pin51
# 42 - UOX16_zone3_pin51
# 43 - UOX16_zone2_pin51
# 44 - UOX16_zone1_pin51
# 45 - UOX40_zone4_pin2
# 46 - UOX40_zone3_pin2
# 47 - UOX40_zone2_pin2
# 48 - UOX40_zone1_pin2
# 49 - UOX40_zone4_pin12
# 50 - UOX40_zone3_pin12
# 51 - UOX40_zone2_pin12
# 52 - UOX40_zone1_pin12
# 53 - UOX44Gd6_zone6_pin21
# 54 - UOX44Gd6_zone5_pin21
# 55 - UOX44Gd6_zone4_pin21
# 56 - UOX44Gd6_zone3_pin21
# 57 - UOX44Gd6_zone2_pin21
# 58 - UOX44Gd6_zone1_pin21
# 59 - UOX40_zone4_pin29
# 60 - UOX40_zone3_pin29
# 61 - UOX40_zone2_pin29
# 62 - UOX40_zone1_pin29
# 63 - UOX40Gd8_zone6_pin34
# 64 - UOX40Gd8_zone5_pin34
# 65 - UOX40Gd8_zone4_pin34
# 66 - UOX40Gd8_zone3_pin34
# 67 - UOX40Gd8_zone2_pin34
# 68 - UOX40Gd8_zone1_pin34
# 69 - UOX36_zone4_pin38
# 70 - UOX36_zone3_pin38
# 71 - UOX36_zone2_pin38
# 72 - UOX36_zone1_pin38
# 73 - UOX40_zone4_pin43
# 74 - UOX40_zone3_pin43
# 75 - UOX40_zone2_pin43
# 76 - UOX40_zone1_pin43
# 77 - UOX32_zone4_pin47
# 78 - UOX32_zone3_pin47
# 79 - UOX32_zone2_pin47
# 80 - UOX32_zone1_pin47
# 81 - UOX28_zone4_pin50
# 82 - UOX28_zone3_pin50
# 83 - UOX28_zone2_pin50
# 84 - UOX28_zone1_pin50
# 85 - UOX49_zone4_pin3
# 86 - UOX49_zone3_pin3
# 87 - UOX49_zone2_pin3
# 88 - UOX49_zone1_pin3
# 89 - UOX44Gd6_zone6_pin13
# 90 - UOX44Gd6_zone5_pin13
# 91 - UOX44Gd6_zone4_pin13
# 92 - UOX44Gd6_zone3_pin13
# 93 - UOX44Gd6_zone2_pin13
# 94 - UOX44Gd6_zone1_pin13
# 95 - UOX44_zone4_pin22
# 96 - UOX44_zone3_pin22
# 97 - UOX44_zone2_pin22
# 98 - UOX44_zone1_pin22
# 99 - UOX44Gd6_zone6_pin30
# 100 - UOX44Gd6_zone5_pin30
# 101 - UOX44Gd6_zone4_pin30
# 102 - UOX44Gd6_zone3_pin30
# 103 - UOX44Gd6_zone2_pin30
# 104 - UOX44Gd6_zone1_pin30
# 105 - UOX44_zone4_pin35
# 106 - UOX44_zone3_pin35
# 107 - UOX44_zone2_pin35
# 108 - UOX44_zone1_pin35
# 109 - UOX49Gd6_zone6_pin39
# 110 - UOX49Gd6_zone5_pin39
# 111 - UOX49Gd6_zone4_pin39
# 112 - UOX49Gd6_zone3_pin39
# 113 - UOX49Gd6_zone2_pin39
# 114 - UOX49Gd6_zone1_pin39
# 115 - UOX44_zone4_pin44
# 116 - UOX44_zone3_pin44
# 117 - UOX44_zone2_pin44
# 118 - UOX44_zone1_pin44
# 119 - UOX44Gd3_zone6_pin48
# 120 - UOX44Gd3_zone5_pin48
# 121 - UOX44Gd3_zone4_pin48
# 122 - UOX44Gd3_zone3_pin48
# 123 - UOX44Gd3_zone2_pin48
# 124 - UOX44Gd3_zone1_pin48
# 125 - UOX49_zone4_pin4
# 126 - UOX49_zone3_pin4
# 127 - UOX49_zone2_pin4
# 128 - UOX49_zone1_pin4
# 129 - UOX49_zone4_pin14
# 130 - UOX49_zone3_pin14
# 131 - UOX49_zone2_pin14
# 132 - UOX49_zone1_pin14
# 133 - UOX49_zone4_pin23
# 134 - UOX49_zone3_pin23
# 135 - UOX49_zone2_pin23
# 136 - UOX49_zone1_pin23
# 137 - UOX40_zone4_pin40
# 138 - UOX40_zone3_pin40
# 139 - UOX40_zone2_pin40
# 140 - UOX40_zone1_pin40
# 141 - UOX49Gd8_zone6_pin45
# 142 - UOX49Gd8_zone5_pin45
# 143 - UOX49Gd8_zone4_pin45
# 144 - UOX49Gd8_zone3_pin45
# 145 - UOX49Gd8_zone2_pin45
# 146 - UOX49Gd8_zone1_pin45
# 147 - UOX49_zone4_pin5
# 148 - UOX49_zone3_pin5
# 149 - UOX49_zone2_pin5
# 150 - UOX49_zone1_pin5
# 151 - UOX49_zone4_pin15
# 152 - UOX49_zone3_pin15
# 153 - UOX49_zone2_pin15
# 154 - UOX49_zone1_pin15
# 155 - UOX49_zone4_pin24
# 156 - UOX49_zone3_pin24
# 157 - UOX49_zone2_pin24
# 158 - UOX49_zone1_pin24
# 159 - UOX49_zone4_pin41
# 160 - UOX49_zone3_pin41
# 161 - UOX49_zone2_pin41
# 162 - UOX49_zone1_pin41
# 163 - UOX49_zone4_pin6
# 164 - UOX49_zone3_pin6
# 165 - UOX49_zone2_pin6
# 166 - UOX49_zone1_pin6
# 167 - UOX49Gd8_zone6_pin16
# 168 - UOX49Gd8_zone5_pin16
# 169 - UOX49Gd8_zone4_pin16
# 170 - UOX49Gd8_zone3_pin16
# 171 - UOX49Gd8_zone2_pin16
# 172 - UOX49Gd8_zone1_pin16
# 173 - UOX49_zone4_pin25
# 174 - UOX49_zone3_pin25
# 175 - UOX49_zone2_pin25
# 176 - UOX49_zone1_pin25
# 177 - UOX49_zone4_pin31
# 178 - UOX49_zone3_pin31
# 179 - UOX49_zone2_pin31
# 180 - UOX49_zone1_pin31
# 181 - UOX49_zone4_pin36
# 182 - UOX49_zone3_pin36
# 183 - UOX49_zone2_pin36
# 184 - UOX49_zone1_pin36
# 185 - UOX49_zone4_pin7
# 186 - UOX49_zone3_pin7
# 187 - UOX49_zone2_pin7
# 188 - UOX49_zone1_pin7
# 189 - UOX49_zone4_pin17
# 190 - UOX49_zone3_pin17
# 191 - UOX49_zone2_pin17
# 192 - UOX49_zone1_pin17
# 193 - UOX49Gd8_zone6_pin26
# 194 - UOX49Gd8_zone5_pin26
# 195 - UOX49Gd8_zone4_pin26
# 196 - UOX49Gd8_zone3_pin26
# 197 - UOX49Gd8_zone2_pin26
# 198 - UOX49Gd8_zone1_pin26
# 199 - UOX49_zone4_pin32
# 200 - UOX49_zone3_pin32
# 201 - UOX49_zone2_pin32
# 202 - UOX49_zone1_pin32
# 203 - UOX49_zone4_pin8
# 204 - UOX49_zone3_pin8
# 205 - UOX49_zone2_pin8
# 206 - UOX49_zone1_pin8
# 207 - UOX49Gd8_zone6_pin18
# 208 - UOX49Gd8_zone5_pin18
# 209 - UOX49Gd8_zone4_pin18
# 210 - UOX49Gd8_zone3_pin18
# 211 - UOX49Gd8_zone2_pin18
# 212 - UOX49Gd8_zone1_pin18
# 213 - UOX49_zone4_pin27
# 214 - UOX49_zone3_pin27
# 215 - UOX49_zone2_pin27
# 216 - UOX49_zone1_pin27
# 217 - UOX49_zone4_pin9
# 218 - UOX49_zone3_pin9
# 219 - UOX49_zone2_pin9
# 220 - UOX49_zone1_pin9
# 221 - UOX49_zone4_pin19
# 222 - UOX49_zone3_pin19
# 223 - UOX49_zone2_pin19
# 224 - UOX49_zone1_pin19
# 225 - UOX32_zone4_pin10
# 226 - UOX32_zone3_pin10
# 227 - UOX32_zone2_pin10
# 228 - UOX32_zone1_pin10
# 229 - SHEATH_SS304
# 230 - CHANNEL_BOX
# 231 - ABS_B4C
* medium number per region
  1
  1
  1
  1
  1
  1
  1
  1
  2
  3
  1
  1
  1
  1
  1
  1
  1
  1
  2
  3
  1
  1
  1
  1
  1
  1
  1
  1
  1
  1
  1
  1
  2
  4
  5
  6
  7
  8
  1
  1
  1
  1
  1
  1
  1
  1
  1
  1
  1
  1
  2
  4
  9
  10
  11
  12
  1
  1
  1
  1
  1
  1
  1
  1
  1
  1
  1
  1
  2
  4
  13
  14
  15
  16
  1
  1
  1
  1
  1
  1
  1
  1
  1
  1
  1
  1
  2
  4
  17
  18
  19
  20
  1
  1
  1
  1
  1
  1
  1
  1
  1
  1
  1
  1
  2
  4
  21
  22
  23
  24
  1
  1
  1
  1
  1
  1
  1
  1
  1
  1
  1
  1
  2
  4
  25
  26
  27
  28
  1
  1
  1
  1
  1
  1
  1
  1
  1
  1
  1
  1
  2
  4
  29
  30
  31
  32
  1
  1
  1
  1
  1
  1
  1
  1
  1
  1
  1
  1
  2
  4
  33
  34
  35
  36
  1
  1
  1
  1
  1
  1
  1
  1
  1
  1
  1
  1
  2
  4
  37
  38
  39
  40
  1
  1
  1
  1
  1
  1
  1
  1
  1
  1
  1
  1
  2
  4
  41
  42
  43
  44
  1
  1
  1
  1
  1
  1
  1
  1
  1
  1
  1
  1
  2
  4
  45
  46
  47
  48
  1
  1
  1
  1
  1
  1
  1
  1
  1
  1
  1
  1
  2
  4
  49
  50
  51
  52
  1
  1
  1
  1
  1
  1
  1
  1
  1
  1
  1
  1
  2
  4
  53
  54
  55
  56
  57
  58
  1
  1
  1
  1
  1
  1
  1
  1
  1
  1
  1
  1
  2
  4
  59
  60
  61
  62
  1
  1
  1
  1
  1
  1
  1
  1
  1
  1
  1
  1
  2
  4
  63
  64
  65
  66
  67
  68
  1
  1
  1
  1
  1
  1
  1
  1
  1
  1
  1
  1
  2
  4
  69
  70
  71
  72
  1
  1
  1
  1
  1
  1
  1
  1
  1
  1
  1
  1
  2
  4
  73
  74
  75
  76
  1
  1
  1
  1
  1
  1
  1
  1
  1
  1
  1
  1
  2
  4
  77
  78
  79
  80
  1
  1
  1
  1
  1
  1
  1
  1
  1
  1
  1
  1
  2
  4
  81
  82
  83
  84
  1
  1
  1
  1
  1
  1
  1
  1
  1
  1
  1
  1
  2
  4
  37
  38
  39
  40
  1
  1
  1
  1
  1
  1
  1
  1
  1
  1
  1
  1
  2
  4
  85
  86
  87
  88
  1
  1
  1
  1
  1
  1
  1
  1
  1
  1
  1
  1
  2
  4
  89
  90
  91
  92
  93
  94
  1
  1
  1
  1
  1
  1
  1
  1
  1
  1
  1
  1
  2
  4
  95
  96
  97
  98
  1
  1
  1
  1
  1
  1
  1
  1
  1
  1
  1
  1
  2
  4
  99
  100
  101
  102
  103
  104
  1
  1
  1
  1
  1
  1
  1
  1
  1
  1
  1
  1
  2
  4
  105
  106
  107
  108
  1
  1
  1
  1
  1
  1
  1
  1
  1
  1
  1
  1
  2
  4
  109
  110
  111
  112
  113
  114
  1
  1
  1
  1
  1
  1
  1
  1
  1
  1
  1
  1
  2
  4
  115
  116
  117
  118
  1
  1
  1
  1
  1
  1
  1
  1
  1
  1
  1
  1
  2
  4
  119
  120
  121
  122
  123
  124
  1
  1
  1
  1
  1
  1
  1
  1
  1
  1
  1
  1
  2
  4
  77
  78
  79
  80
  1
  1
  1
  1
  1
  1
  1
  1
  1
  1
  1
  1
  2
  4
  33
  34
  35
  36
  1
  1
  1
  1
  1
  1
  1
  1
  1
  1
  1
  1
  2
  4
  125
  126
  127
  128
  1
  1
  1
  1
  1
  1
  1
  1
  1
  1
  1
  1
  2
  4
  129
  130
  131
  132
  1
  1
  1
  1
  1
  1
  1
  1
  1
  1
  1
  1
  2
  4
  133
  134
  135
  136
  1
  1
  1
  1
  1
  1
  1
  1
  1
  1
  1
  1
  2
  4
  137
  138
  139
  140
  1
  1
  1
  1
  1
  1
  1
  1
  1
  1
  1
  1
  2
  4
  141
  142
  143
  144
  145
  146
  1
  1
  1
  1
  1
  1
  1
  1
  1
  1
  1
  1
  2
  4
  115
  116
  117
  118
  1
  1
  1
  1
  1
  1
  1
  1
  1
  1
  1
  1
  2
  4
  73
  74
  75
  76
  1
  1
  1
  1
  1
  1
  1
  1
  1
  1
  1
  1
  2
  4
  29
  30
  31
  32
  1
  1
  1
  1
  1
  1
  1
  1
  1
  1
  1
  1
  2
  4
  147
  148
  149
  150
  1
  1
  1
  1
  1
  1
  1
  1
  1
  1
  1
  1
  2
  4
  151
  152
  153
  154
  1
  1
  1
  1
  1
  1
  1
  1
  1
  1
  1
  1
  2
  4
  155
  156
  157
  158
  1
  1
  1
  1
  1
  1
  1
  1
  1
  1
  1
  1
  2
  4
  159
  160
  161
  162
  1
  1
  1
  1
  1
  1
  1
  1
  1
  1
  1
  1
  2
  4
  137
  138
  139
  140
  1
  1
  1
  1
  1
  1
  1
  1
  1
  1
  1
  1
  2
  4
  109
  110
  111
  112
  113
  114
  1
  1
  1
  1
  1
  1
  1
  1
  1
  1
  1
  1
  2
  4
  69
  70
  71
  72
  1
  1
  1
  1
  1
  1
  1
  1
  1
  1
  1
  1
  2
  4
  25
  26
  27
  28
  1
  1
  1
  1
  1
  1
  1
  1
  1
  1
  1
  1
  2
  4
  163
  164
  165
  166
  1
  1
  1
  1
  1
  1
  1
  1
  1
  1
  1
  1
  2
  4
  167
  168
  169
  170
  171
  172
  1
  1
  1
  1
  1
  1
  1
  1
  1
  1
  1
  1
  2
  4
  173
  174
  175
  176
  1
  1
  1
  1
  1
  1
  1
  1
  1
  1
  1
  1
  2
  4
  177
  178
  179
  180
  1
  1
  1
  1
  1
  1
  1
  1
  1
  1
  1
  1
  2
  4
  181
  182
  183
  184
  1
  1
  1
  1
  1
  1
  1
  1
  1
  1
  1
  1
  2
  4
  105
  106
  107
  108
  1
  1
  1
  1
  1
  1
  1
  1
  1
  1
  1
  1
  2
  4
  63
  64
  65
  66
  67
  68
  1
  1
  1
  1
  1
  1
  1
  1
  1
  1
  1
  1
  2
  4
  21
  22
  23
  24
  1
  1
  1
  1
  1
  1
  1
  1
  1
  1
  1
  1
  2
  4
  185
  186
  187
  188
  1
  1
  1
  1
  1
  1
  1
  1
  1
  1
  1
  1
  2
  4
  189
  190
  191
  192
  1
  1
  1
  1
  1
  1
  1
  1
  1
  1
  1
  1
  2
  4
  193
  194
  195
  196
  197
  198
  1
  1
  1
  1
  1
  1
  1
  1
  1
  1
  1
  1
  2
  4
  199
  200
  201
  202
  1
  1
  1
  1
  1
  1
  1
  1
  1
  1
  1
  1
  2
  4
  177
  178
  179
  180
  1
  1
  1
  1
  1
  1
  1
  1
  1
  1
  1
  1
  2
  4
  99
  100
  101
  102
  103
  104
  1
  1
  1
  1
  1
  1
  1
  1
  1
  1
  1
  1
  2
  4
  59
  60
  61
  62
  1
  1
  1
  1
  1
  1
  1
  1
  1
  1
  1
  1
  2
  4
  17
  18
  19
  20
  1
  1
  1
  1
  1
  1
  1
  1
  1
  1
  1
  1
  2
  4
  203
  204
  205
  206
  1
  1
  1
  1
  1
  1
  1
  1
  1
  1
  1
  1
  2
  4
  207
  208
  209
  210
  211
  212
  1
  1
  1
  1
  1
  1
  1
  1
  1
  1
  1
  1
  2
  4
  213
  214
  215
  216
  1
  1
  1
  1
  1
  1
  1
  1
  1
  1
  1
  1
  2
  4
  193
  194
  195
  196
  197
  198
  1
  1
  1
  1
  1
  1
  1
  1
  1
  1
  1
  1
  2
  4
  173
  174
  175
  176
  1
  1
  1
  1
  1
  1
  1
  1
  1
  1
  1
  1
  2
  4
  155
  156
  157
  158
  1
  1
  1
  1
  1
  1
  1
  1
  1
  1
  1
  1
  2
  4
  133
  134
  135
  136
  1
  1
  1
  1
  1
  1
  1
  1
  1
  1
  1
  1
  2
  4
  95
  96
  97
  98
  1
  1
  1
  1
  1
  1
  1
  1
  1
  1
  1
  1
  2
  4
  53
  54
  55
  56
  57
  58
  1
  1
  1
  1
  1
  1
  1
  1
  1
  1
  1
  1
  2
  4
  13
  14
  15
  16
  1
  1
  1
  1
  1
  1
  1
  1
  1
  1
  1
  1
  2
  4
  217
  218
  219
  220
  1
  1
  1
  1
  1
  1
  1
  1
  1
  1
  1
  1
  2
  4
  221
  222
  223
  224
  1
  1
  1
  1
  1
  1
  1
  1
  1
  1
  1
  1
  2
  4
  207
  208
  209
  210
  211
  212
  1
  1
  1
  1
  1
  1
  1
  1
  1
  1
  1
  1
  2
  4
  189
  190
  191
  192
  1
  1
  1
  1
  1
  1
  1
  1
  1
  1
  1
  1
  2
  4
  167
  168
  169
  170
  171
  172
  1
  1
  1
  1
  1
  1
  1
  1
  1
  1
  1
  1
  2
  4
  151
  152
  153
  154
  1
  1
  1
  1
  1
  1
  1
  1
  1
  1
  1
  1
  2
  4
  129
  130
  131
  132
  1
  1
  1
  1
  1
  1
  1
  1
  1
  1
  1
  1
  2
  4
  89
  90
  91
  92
  93
  94
  1
  1
  1
  1
  1
  1
  1
  1
  1
  1
  1
  1
  2
  4
  49
  50
  51
  52
  1
  1
  1
  1
  1
  1
  1
  1
  1
  1
  1
  1
  2
  4
  9
  10
  11
  12
  1
  1
  1
  1
  1
  1
  1
  1
  1
  1
  1
  1
  2
  4
  225
  226
  227
  228
  1
  1
  1
  1
  1
  1
  1
  1
  1
  1
  1
  1
  2
  4
  217
  218
  219
  220
  1
  1
  1
  1
  1
  1
  1
  1
  1
  1
  1
  1
  2
  4
  203
  204
  205
  206
  1
  1
  1
  1
  1
  1
  1
  1
  1
  1
  1
  1
  2
  4
  185
  186
  187
  188
  1
  1
  1
  1
  1
  1
  1
  1
  1
  1
  1
  1
  2
  4
  163
  164
  165
  166
  1
  1
  1
  1
  1
  1
  1
  1
  1
  1
  1
  1
  2
  4
  147
  148
  149
  150
  1
  1
  1
  1
  1
  1
  1
  1
  1
  1
  1
  1
  2
  4
  125
  126
  127
  128
  1
  1
  1
  1
  1
  1
  1
  1
  1
  1
  1
  1
  2
  4
  85
  86
  87
  88
  1
  1
  1
  1
  1
  1
  1
  1
  1
  1
  1
  1
  2
  4
  45
  46
  47
  48
  1
  1
  1
  1
  1
  1
  1
  1
  1
  1
  1
  1
  2
  4
  5
  6
  7
  8
  229
  229
  3
  3
  3
  3
  3
  3
  3
  3
  3
  3
  3
  3
  3
  3
  3
  3
  3
  3
  3
  3
  3
  3
  3
  3
  3
  229
  229
  3
  3
  3
  3
  3
  3
  3
  3
  3
  3
  3
  3
  3
  3
  3
  3
  3
  3
  3
  3
  1
  1
  1
  1
  1
  1
  1
  1
  1
  1
  1
  1
  1
  1
  1
  1
  1
  1
  1
  1
  1
  1
  1
  1
  1
  1
  1
  1
  1
  1
  1
  1
  230
  230
  230
  230
  230
  230
  230
  230
  230
  230
  230
  230
  230
  230
  230
  230
  230
  230
  230
  230
  230
  230
  230
  230
  230
  230
  230
  230
  230
  230
  230
  230
  230
  230
  230
  230
  230
  230
  230
  230
  3
  1
  1
  1
  1
  1
  1
  1
  1
  3
  3
  3
  3
  3
  3
  3
  3
  3
  3
  3
  3
  3
  3
  3
  3
  3
  3
  3
  3
  3
  3
  3
  3
  3
  3
  3
  3
  3
  3
  3
  3
  3
  3
  3
  3
  3
  3
  3
  3
  3
  3
  229
  229
  229
  229
  229
  229
  229
  229
  229
  229
  229
  229
  229
  229
  229
  229
  229
  229
  229
  229
  229
  229
  229
  229
  229
  229
  229
  229
  229
  229
  229
  229
  229
  229
  229
  229
  229
  229
  229
  229
  229
  229
  229
  3
  3
  229
  229
  231
  231
  231
  231
  231
  231
  231
  231
  231
  231
  231
  231
  231
  231
  231
  231
  231
  231
  231
  231
  231
  231
  231
  231
  231
  231
  231
  231
  231
  231
  231
  231
  231
  231
  231
  231
  231
  231
  231
  231
  231
  231
  229
  229
  3
  3
  230
  230
  230
  230
  230
  230
  230
  230
------------------------------------------------------------
   this is the last line generated by conversion
