
	dat input file for DRAGON5
------------------------------------------------------------


* typge, nbfo, node, elem, macr, nreg,    z, mac2
      0,    0,   959,  1548,   143,  959,     0,     1
* index  kindex
      0       0  1
*     eps    eps0
  1.000000E-05   1.000000E-05
*   flux region number per geometry region (mesh)
   1,   2,   3,   4,   5,   6,   7,   8,   9,  10,  11,  12,
  13,  14,  15,  16,  17,  18,  19,  20,  21,  22,  23,  24,
  25,  26,  27,  28,  29,  30,  31,  32,  33,  34,  35,  36,
  37,  38,  39,  40,  41,  42,  43,  44,  45,  46,  47,  48,
  49,  50,  51,  52,  53,  54,  55,  56,  57,  58,  59,  60,
  61,  62,  63,  64,  65,  66,  67,  68,  69,  70,  71,  72,
  73,  74,  75,  76,  77,  78,  79,  80,  81,  82,  83,  84,
  85,  86,  87,  88,  89,  90,  91,  92,  93,  94,  95,  96,
  97,  98,  99, 100, 101, 102, 103, 104, 105, 106, 107, 108,
 109, 110, 111, 112, 113, 114, 115, 116, 117, 118, 119, 120,
 121, 122, 123, 124, 125, 126, 127, 128, 129, 130, 131, 132,
 133, 134, 135, 136, 137, 138, 139, 140, 141, 142, 143, 144,
 145, 146, 147, 148, 149, 150, 151, 152, 153, 154, 155, 156,
 157, 158, 159, 160, 161, 162, 163, 164, 165, 166, 167, 168,
 169, 170, 171, 172, 173, 174, 175, 176, 177, 178, 179, 180,
 181, 182, 183, 184, 185, 186, 187, 188, 189, 190, 191, 192,
 193, 194, 195, 196, 197, 198, 199, 200, 201, 202, 203, 204,
 205, 206, 207, 208, 209, 210, 211, 212, 213, 214, 215, 216,
 217, 218, 219, 220, 221, 222, 223, 224, 225, 226, 227, 228,
 229, 230, 231, 232, 233, 234, 235, 236, 237, 238, 239, 240,
 241, 242, 243, 244, 245, 246, 247, 248, 249, 250, 251, 252,
 253, 254, 255, 256, 257, 258, 259, 260, 261, 262, 263, 264,
 265, 266, 267, 268, 269, 270, 271, 272, 273, 274, 275, 276,
 277, 278, 279, 280, 281, 282, 283, 284, 285, 286, 287, 288,
 289, 290, 291, 292, 293, 294, 295, 296, 297, 298, 299, 300,
 301, 302, 303, 304, 305, 306, 307, 308, 309, 310, 311, 312,
 313, 314, 315, 316, 317, 318, 319, 320, 321, 322, 323, 324,
 325, 326, 327, 328, 329, 330, 331, 332, 333, 334, 335, 336,
 337, 338, 339, 340, 341, 342, 343, 344, 345, 346, 347, 348,
 349, 350, 351, 352, 353, 354, 355, 356, 357, 358, 359, 360,
 361, 362, 363, 364, 365, 366, 367, 368, 369, 370, 371, 372,
 373, 374, 375, 376, 377, 378, 379, 380, 381, 382, 383, 384,
 385, 386, 387, 388, 389, 390, 391, 392, 393, 394, 395, 396,
 397, 398, 399, 400, 401, 402, 403, 404, 405, 406, 407, 408,
 409, 410, 411, 412, 413, 414, 415, 416, 417, 418, 419, 420,
 421, 422, 423, 424, 425, 426, 427, 428, 429, 430, 431, 432,
 433, 434, 435, 436, 437, 438, 439, 440, 441, 442, 443, 444,
 445, 446, 447, 448, 449, 450, 451, 452, 453, 454, 455, 456,
 457, 458, 459, 460, 461, 462, 463, 464, 465, 466, 467, 468,
 469, 470, 471, 472, 473, 474, 475, 476, 477, 478, 479, 480,
 481, 482, 483, 484, 485, 486, 487, 488, 489, 490, 491, 492,
 493, 494, 495, 496, 497, 498, 499, 500, 501, 502, 503, 504,
 505, 506, 507, 508, 509, 510, 511, 512, 513, 514, 515, 516,
 517, 518, 519, 520, 521, 522, 523, 524, 525, 526, 527, 528,
 529, 530, 531, 532, 533, 534, 535, 536, 537, 538, 539, 540,
 541, 542, 543, 544, 545, 546, 547, 548, 549, 550, 551, 552,
 553, 554, 555, 556, 557, 558, 559, 560, 561, 562, 563, 564,
 565, 566, 567, 568, 569, 570, 571, 572, 573, 574, 575, 576,
 577, 578, 579, 580, 581, 582, 583, 584, 585, 586, 587, 588,
 589, 590, 591, 592, 593, 594, 595, 596, 597, 598, 599, 600,
 601, 602, 603, 604, 605, 606, 607, 608, 609, 610, 611, 612,
 613, 614, 615, 616, 617, 618, 619, 620, 621, 622, 623, 624,
 625, 626, 627, 628, 629, 630, 631, 632, 633, 634, 635, 636,
 637, 638, 639, 640, 641, 642, 643, 644, 645, 646, 647, 648,
 649, 650, 651, 652, 653, 654, 655, 656, 657, 658, 659, 660,
 661, 662, 663, 664, 665, 666, 667, 668, 669, 670, 671, 672,
 673, 674, 675, 676, 677, 678, 679, 680, 681, 682, 683, 684,
 685, 686, 687, 688, 689, 690, 691, 692, 693, 694, 695, 696,
 697, 698, 699, 700, 701, 702, 703, 704, 705, 706, 707, 708,
 709, 710, 711, 712, 713, 714, 715, 716, 717, 718, 719, 720,
 721, 722, 723, 724, 725, 726, 727, 728, 729, 730, 731, 732,
 733, 734, 735, 736, 737, 738, 739, 740, 741, 742, 743, 744,
 745, 746, 747, 748, 749, 750, 751, 752, 753, 754, 755, 756,
 757, 758, 759, 760, 761, 762, 763, 764, 765, 766, 767, 768,
 769, 770, 771, 772, 773, 774, 775, 776, 777, 778, 779, 780,
 781, 782, 783, 784, 785, 786, 787, 788, 789, 790, 791, 792,
 793, 794, 795, 796, 797, 798, 799, 800, 801, 802, 803, 804,
 805, 806, 807, 808, 809, 810, 811, 812, 813, 814, 815, 816,
 817, 818, 819, 820, 821, 822, 823, 824, 825, 826, 827, 828,
 829, 830, 831, 832, 833, 834, 835, 836, 837, 838, 839, 840,
 841, 842, 843, 844, 845, 846, 847, 848, 849, 850, 851, 852,
 853, 854, 855, 856, 857, 858, 859, 860, 861, 862, 863, 864,
 865, 866, 867, 868, 869, 870, 871, 872, 873, 874, 875, 876,
 877, 878, 879, 880, 881, 882, 883, 884, 885, 886, 887, 888,
 889, 890, 891, 892, 893, 894, 895, 896, 897, 898, 899, 900,
 901, 902, 903, 904, 905, 906, 907, 908, 909, 910, 911, 912,
 913, 914, 915, 916, 917, 918, 919, 920, 921, 922, 923, 924,
 925, 926, 927, 928, 929, 930, 931, 932, 933, 934, 935, 936,
 937, 938, 939, 940, 941, 942, 943, 944, 945, 946, 947, 948,
 949, 950, 951, 952, 953, 954, 955, 956, 957, 958, 959
*   names of macros
 MACRO_WaterRod_2 MACRO_WaterRod_1 MACRO99 MACRO98
 MACRO97 MACRO96 MACRO95 MACRO94
 MACRO93 MACRO92 MACRO91 MACRO90
 MACRO89 MACRO88 MACRO87 MACRO86
 MACRO85 MACRO84 MACRO83 MACRO82
 MACRO81 MACRO80 MACRO79 MACRO78
 MACRO77 MACRO76 MACRO75 MACRO74
 MACRO73 MACRO72 MACRO71 MACRO70
 MACRO69 MACRO68 MACRO67 MACRO64
 MACRO63 MACRO62 MACRO61 MACRO60
 MACRO59 MACRO58 MACRO57 MACRO54
 MACRO53 MACRO52 MACRO51 MACRO50
 MACRO49 MACRO48 MACRO47 MACRO46
 MACRO45 MACRO42 MACRO41 MACRO40
 MACRO39 MACRO38 MACRO37 MACRO36
 MACRO35 MACRO32 MACRO31 MACRO30
 MACRO29 MACRO28 MACRO27 MACRO26
 MACRO25 MACRO24 MACRO23 MACRO22
 MACRO21 MACRO20 MACRO19 MACRO18
 MACRO17 MACRO16 MACRO15 MACRO14
 MACRO13 MACRO12 MACRO11 MACRO10
 MACRO09 MACRO08 MACRO07 MACRO06
 MACRO05 MACRO04 MACRO03 MACRO02
 MACRO01 MACRO00 CROSS_WING_2 CROSS_WING_1
 RIGHT_1 RIGHT_10 BOT_1   BOT_10 
 CORNER_BL CORNER_BR CORNER_TR CROSS_WING_1_STUB
 CROSS_WING_2_STUB RIGHT_6 RIGHT_8 RIGHT_9
 BOT_6   RIGHT_2 RIGHT_3 BOT_8  
 BOT_9   RIGHT_4 RIGHT_5 BOT_2  
 BOT_3   BOT_4   BOT_5   RIGHT_7
 BOT_7   TOP_1   LEFT_10 TOP_10 
 LEFT_1  TOP_9   TOP_6   TOP_8  
 TOP_3   LEFT_6  LEFT_8  LEFT_9 
 TOP_5   LEFT_3  LEFT_5  LEFT_2 
 TOP_2   TOP_4   LEFT_4  LEFT_7 
 TOP_7   CORNER_TL CROSS_CENTER
*   macro order number per flux region
  1,  1,  1,  2,  2,  2,  3,  3,  3,  3,  3,  3,
  3,  4,  4,  4,  4,  4,  4,  4,  5,  5,  5,  5,
  5,  5,  5,  6,  6,  6,  6,  6,  6,  6,  7,  7,
  7,  7,  7,  7,  7,  8,  8,  8,  8,  8,  8,  8,
  9,  9,  9,  9,  9,  9,  9, 10, 10, 10, 10, 10,
 10, 10, 11, 11, 11, 11, 11, 11, 11, 12, 12, 12,
 12, 12, 12, 12, 13, 13, 13, 13, 13, 13, 13, 14,
 14, 14, 14, 14, 14, 14, 15, 15, 15, 15, 15, 15,
 15, 15, 15, 16, 16, 16, 16, 16, 16, 16, 17, 17,
 17, 17, 17, 17, 17, 17, 17, 18, 18, 18, 18, 18,
 18, 18, 19, 19, 19, 19, 19, 19, 19, 20, 20, 20,
 20, 20, 20, 20, 21, 21, 21, 21, 21, 21, 21, 22,
 22, 22, 22, 22, 22, 22, 23, 23, 23, 23, 23, 23,
 23, 24, 24, 24, 24, 24, 24, 24, 24, 24, 25, 25,
 25, 25, 25, 25, 25, 26, 26, 26, 26, 26, 26, 26,
 26, 26, 27, 27, 27, 27, 27, 27, 27, 28, 28, 28,
 28, 28, 28, 28, 28, 28, 29, 29, 29, 29, 29, 29,
 29, 30, 30, 30, 30, 30, 30, 30, 30, 30, 31, 31,
 31, 31, 31, 31, 31, 32, 32, 32, 32, 32, 32, 32,
 33, 33, 33, 33, 33, 33, 33, 34, 34, 34, 34, 34,
 34, 34, 35, 35, 35, 35, 35, 35, 35, 36, 36, 36,
 36, 36, 36, 36, 37, 37, 37, 37, 37, 37, 37, 37,
 37, 38, 38, 38, 38, 38, 38, 38, 39, 39, 39, 39,
 39, 39, 39, 40, 40, 40, 40, 40, 40, 40, 41, 41,
 41, 41, 41, 41, 41, 42, 42, 42, 42, 42, 42, 42,
 43, 43, 43, 43, 43, 43, 43, 44, 44, 44, 44, 44,
 44, 44, 45, 45, 45, 45, 45, 45, 45, 46, 46, 46,
 46, 46, 46, 46, 46, 46, 47, 47, 47, 47, 47, 47,
 47, 48, 48, 48, 48, 48, 48, 48, 49, 49, 49, 49,
 49, 49, 49, 50, 50, 50, 50, 50, 50, 50, 50, 50,
 51, 51, 51, 51, 51, 51, 51, 52, 52, 52, 52, 52,
 52, 52, 53, 53, 53, 53, 53, 53, 53, 54, 54, 54,
 54, 54, 54, 54, 55, 55, 55, 55, 55, 55, 55, 55,
 55, 56, 56, 56, 56, 56, 56, 56, 57, 57, 57, 57,
 57, 57, 57, 58, 58, 58, 58, 58, 58, 58, 59, 59,
 59, 59, 59, 59, 59, 59, 59, 60, 60, 60, 60, 60,
 60, 60, 61, 61, 61, 61, 61, 61, 61, 62, 62, 62,
 62, 62, 62, 62, 62, 62, 63, 63, 63, 63, 63, 63,
 63, 64, 64, 64, 64, 64, 64, 64, 65, 65, 65, 65,
 65, 65, 65, 66, 66, 66, 66, 66, 66, 66, 66, 66,
 67, 67, 67, 67, 67, 67, 67, 68, 68, 68, 68, 68,
 68, 68, 68, 68, 69, 69, 69, 69, 69, 69, 69, 70,
 70, 70, 70, 70, 70, 70, 71, 71, 71, 71, 71, 71,
 71, 72, 72, 72, 72, 72, 72, 72, 73, 73, 73, 73,
 73, 73, 73, 73, 73, 74, 74, 74, 74, 74, 74, 74,
 75, 75, 75, 75, 75, 75, 75, 76, 76, 76, 76, 76,
 76, 76, 77, 77, 77, 77, 77, 77, 77, 77, 77, 78,
 78, 78, 78, 78, 78, 78, 79, 79, 79, 79, 79, 79,
 79, 79, 79, 80, 80, 80, 80, 80, 80, 80, 81, 81,
 81, 81, 81, 81, 81, 82, 82, 82, 82, 82, 82, 82,
 82, 82, 83, 83, 83, 83, 83, 83, 83, 84, 84, 84,
 84, 84, 84, 84, 85, 85, 85, 85, 85, 85, 85, 86,
 86, 86, 86, 86, 86, 86, 87, 87, 87, 87, 87, 87,
 87, 88, 88, 88, 88, 88, 88, 88, 89, 89, 89, 89,
 89, 89, 89, 90, 90, 90, 90, 90, 90, 90, 91, 91,
 91, 91, 91, 91, 91, 92, 92, 92, 92, 92, 92, 92,
 93, 93, 93, 93, 93, 93, 93, 94, 94, 94, 94, 94,
 94, 94, 95, 96, 97, 98, 99, 100, 101, 102, 103, 104,
 105, 106, 107, 108, 109, 110, 111, 112, 113, 114, 115, 116,
 117, 118, 119, 120, 121, 95, 96, 122, 123, 124, 125, 126,
 127, 128, 129, 130, 131, 132, 133, 134, 135, 136, 137, 138,
 139, 140, 141, 130, 131, 132, 109, 112, 113, 134, 116, 117,
 139, 135, 118, 119, 127, 128, 126, 106, 107, 108, 136, 129,
 110, 111, 140, 138, 133, 121, 114, 115, 137, 141, 120, 125,
 99, 122, 123, 97, 100, 98, 124, 109, 134, 130, 131, 132,
 112, 113, 135, 116, 117, 106, 118, 129, 119, 127, 128, 126,
 107, 108, 139, 133, 110, 111, 136, 140, 114, 115, 138, 137,
 121, 141, 120, 142, 125, 99, 122, 97, 123, 100, 124, 98,
 95, 96, 95, 95, 95, 95, 95, 95, 95, 95, 95, 95,
 95, 95, 95, 95, 95, 95, 95, 95, 95, 96, 96, 96,
 96, 96, 96, 96, 96, 96, 96, 96, 96, 96, 96, 96,
 96, 96, 96, 96, 95, 96, 143, 95, 95, 96, 96, 95,
 96, 96, 96, 96, 95, 95, 96, 96, 95, 95, 95, 95,
 95, 95, 95, 95, 95, 95, 95, 95, 95, 95, 95, 95,
 96, 96, 96, 96, 96, 96, 96, 96, 96, 96, 96, 96,
 96, 96, 95, 95, 96, 96, 96, 96, 96, 96, 96, 96,
 96, 96, 96, 96, 96, 96, 96, 96, 96, 96, 96, 96,
 96, 96, 95, 95, 95, 95, 95, 95, 95, 95, 95, 95,
 95, 95, 95, 95, 95, 95, 95, 95, 95, 95, 95, 96,
 95, 95, 96,  3, 85, 12, 94, 101, 142, 102, 103
   elements
* ELEM  1  line segment
 1, 697, 903
*
  0.0000000E+00, 2.8575000E+00, 3.9624000E-01, 0.0000000E+00
* ELEM  2  line segment
 1, 697, 730
*
  3.9624000E-01, 2.8575000E+00, 0.0000000E+00, -4.3750000E-01
* ELEM  3  line segment
 1, 697, 719
*
  3.9624000E-01, 2.4200000E+00, 0.0000000E+00, -1.3000000E+00
* ELEM  4  line segment
 1, 697, 693
*
  3.9624000E-01, 1.1200000E+00, -3.9624000E-01, 0.0000000E+00
* ELEM  5  line segment
 1, 0, 697
*
  0.0000000E+00, 2.8575000E+00, 0.0000000E+00, -1.7375000E+00
* ELEM  6  line segment
 1, 719, 693
*
  1.0531941E+00, 1.1200000E+00, -6.5695413E-01, 0.0000000E+00
* ELEM  7  circular arc
 3, 956, 693
*
  1.8850000E+00, 1.8850000E+00, 1.1301000E+00, 2.2260430E+02, 4.7913947E+00
* ELEM  8  line segment
 1, 691, 693
*
  1.1200000E+00, 0.0000000E+00, 0.0000000E+00, 1.0531941E+00
* ELEM  9  line segment
 1, 0, 693
*
  0.0000000E+00, 0.0000000E+00, 1.1200000E+00, 0.0000000E+00
* ELEM  10  line segment
 1, 0, 693
*
  0.0000000E+00, 1.1200000E+00, 0.0000000E+00, -1.1200000E+00
* ELEM  11  line segment
 1, 730, 903
*
  3.9624000E-01, 2.8575000E+00, 0.0000000E+00, 1.4223220E-01
* ELEM  12  line segment
 1, 730, 950
*
  3.9624000E-01, 2.9997322E+00, 0.0000000E+00, 2.5400780E-01
* ELEM  13  line segment
 1, 730, 687
*
  3.9624000E-01, 3.2537400E+00, 0.0000000E+00, 4.6626000E-01
* ELEM  14  line segment
 1, 728, 730
*
  7.5490000E-01, 3.7200000E+00, -3.5866000E-01, 0.0000000E+00
* ELEM  15  line segment
 1, 730, 799
*
  7.5490000E-01, 3.7200000E+00, 0.0000000E+00, -1.3000000E+00
* ELEM  16  line segment
 1, 730, 719
*
  7.5490000E-01, 2.4200000E+00, -3.5866000E-01, 0.0000000E+00
* ELEM  17  line segment
 1, 719, 768
*
  7.5490000E-01, 2.4200000E+00, 0.0000000E+00, -5.3500000E-01
* ELEM  18  circular arc
 3, 768, 719
*
  1.8850000E+00, 1.8850000E+00, 1.1301000E+00, 1.8000000E+02, 4.2604303E+01
* ELEM  19  circular arc
 3, 769, 691
*
  1.8850000E+00, 1.8850000E+00, 1.1301000E+00, 2.2739570E+02, 4.2604303E+01
* ELEM  20  line segment
 1, 691, 769
*
  1.8850000E+00, 7.5490000E-01, 5.3500000E-01, 0.0000000E+00
* ELEM  21  line segment
 1, 708, 691
*
  2.4200000E+00, 0.0000000E+00, 0.0000000E+00, 7.5490000E-01
* ELEM  22  line segment
 1, 0, 691
*
  1.1200000E+00, 0.0000000E+00, 1.3000000E+00, 0.0000000E+00
* ELEM  23  line segment
 1, 708, 784
*
  2.4200000E+00, 7.5490000E-01, 1.3000000E+00, 0.0000000E+00
* ELEM  24  line segment
 1, 709, 708
*
  3.7200000E+00, 0.0000000E+00, 0.0000000E+00, 7.5490000E-01
* ELEM  25  line segment
 1, 0, 708
*
  2.4200000E+00, 0.0000000E+00, 1.3000000E+00, 0.0000000E+00
* ELEM  26  line segment
 1, 728, 687
*
  3.9624000E-01, 3.7200000E+00, 0.0000000E+00, 1.3000000E+00
* ELEM  27  line segment
 1, 733, 728
*
  7.5490000E-01, 5.0200000E+00, -3.5866000E-01, 0.0000000E+00
* ELEM  28  line segment
 1, 728, 777
*
  7.5490000E-01, 5.0200000E+00, 0.0000000E+00, -1.3000000E+00
* ELEM  29  line segment
 1, 709, 785
*
  3.7200000E+00, 7.5490000E-01, 1.3000000E+00, 0.0000000E+00
* ELEM  30  line segment
 1, 710, 709
*
  5.0200000E+00, 0.0000000E+00, 0.0000000E+00, 7.5490000E-01
* ELEM  31  line segment
 1, 0, 709
*
  3.7200000E+00, 0.0000000E+00, 1.3000000E+00, 0.0000000E+00
* ELEM  32  line segment
 1, 733, 687
*
  3.9624000E-01, 5.0200000E+00, 0.0000000E+00, 1.3000000E+00
* ELEM  33  line segment
 1, 729, 733
*
  7.5490000E-01, 6.3200000E+00, -3.5866000E-01, 0.0000000E+00
* ELEM  34  line segment
 1, 733, 795
*
  7.5490000E-01, 6.3200000E+00, 0.0000000E+00, -1.3000000E+00
* ELEM  35  line segment
 1, 710, 787
*
  5.0200000E+00, 7.5490000E-01, 1.3000000E+00, 0.0000000E+00
* ELEM  36  line segment
 1, 711, 710
*
  6.3200000E+00, 0.0000000E+00, 0.0000000E+00, 7.5490000E-01
* ELEM  37  line segment
 1, 0, 710
*
  5.0200000E+00, 0.0000000E+00, 1.3000000E+00, 0.0000000E+00
* ELEM  38  line segment
 1, 729, 687
*
  3.9624000E-01, 6.3200000E+00, 0.0000000E+00, 1.3000000E+00
* ELEM  39  line segment
 1, 724, 729
*
  7.5490000E-01, 7.6200000E+00, -3.5866000E-01, 0.0000000E+00
* ELEM  40  line segment
 1, 729, 783
*
  7.5490000E-01, 7.6200000E+00, 0.0000000E+00, -1.3000000E+00
* ELEM  41  line segment
 1, 711, 789
*
  6.3200000E+00, 7.5490000E-01, 1.3000000E+00, 0.0000000E+00
* ELEM  42  line segment
 1, 701, 711
*
  7.6200000E+00, 0.0000000E+00, 0.0000000E+00, 7.5490000E-01
* ELEM  43  line segment
 1, 0, 711
*
  6.3200000E+00, 0.0000000E+00, 1.3000000E+00, 0.0000000E+00
* ELEM  44  line segment
 1, 724, 687
*
  3.9624000E-01, 7.6200000E+00, 0.0000000E+00, 1.3000000E+00
* ELEM  45  line segment
 1, 734, 724
*
  7.5490000E-01, 8.9200000E+00, -3.5866000E-01, 0.0000000E+00
* ELEM  46  line segment
 1, 724, 778
*
  7.5490000E-01, 8.9200000E+00, 0.0000000E+00, -1.3000000E+00
* ELEM  47  line segment
 1, 701, 776
*
  7.6200000E+00, 7.5490000E-01, 1.3000000E+00, 0.0000000E+00
* ELEM  48  line segment
 1, 713, 701
*
  8.9200000E+00, 0.0000000E+00, 0.0000000E+00, 7.5490000E-01
* ELEM  49  line segment
 1, 0, 701
*
  7.6200000E+00, 0.0000000E+00, 1.3000000E+00, 0.0000000E+00
* ELEM  50  line segment
 1, 734, 687
*
  3.9624000E-01, 8.9200000E+00, 0.0000000E+00, 1.3000000E+00
* ELEM  51  line segment
 1, 725, 734
*
  7.5490000E-01, 1.0220000E+01, -3.5866000E-01, 0.0000000E+00
* ELEM  52  line segment
 1, 734, 800
*
  7.5490000E-01, 1.0220000E+01, 0.0000000E+00, -1.3000000E+00
* ELEM  53  line segment
 1, 713, 805
*
  8.9200000E+00, 7.5490000E-01, 1.3000000E+00, 0.0000000E+00
* ELEM  54  line segment
 1, 704, 713
*
  1.0220000E+01, 0.0000000E+00, 0.0000000E+00, 7.5490000E-01
* ELEM  55  line segment
 1, 0, 713
*
  8.9200000E+00, 0.0000000E+00, 1.3000000E+00, 0.0000000E+00
* ELEM  56  line segment
 1, 725, 687
*
  3.9624000E-01, 1.0220000E+01, 0.0000000E+00, 1.3000000E+00
* ELEM  57  line segment
 1, 726, 725
*
  7.5490000E-01, 1.1520000E+01, -3.5866000E-01, 0.0000000E+00
* ELEM  58  line segment
 1, 725, 779
*
  7.5490000E-01, 1.1520000E+01, 0.0000000E+00, -1.3000000E+00
* ELEM  59  line segment
 1, 704, 781
*
  1.0220000E+01, 7.5490000E-01, 1.3000000E+00, 0.0000000E+00
* ELEM  60  line segment
 1, 705, 704
*
  1.1520000E+01, 0.0000000E+00, 0.0000000E+00, 7.5490000E-01
* ELEM  61  line segment
 1, 0, 704
*
  1.0220000E+01, 0.0000000E+00, 1.3000000E+00, 0.0000000E+00
* ELEM  62  line segment
 1, 726, 687
*
  3.9624000E-01, 1.1520000E+01, 0.0000000E+00, 1.3000000E+00
* ELEM  63  line segment
 1, 717, 726
*
  7.5490000E-01, 1.2820000E+01, -3.5866000E-01, 0.0000000E+00
* ELEM  64  line segment
 1, 726, 780
*
  7.5490000E-01, 1.2820000E+01, 0.0000000E+00, -1.3000000E+00
* ELEM  65  line segment
 1, 705, 782
*
  1.1520000E+01, 7.5490000E-01, 1.3000000E+00, 0.0000000E+00
* ELEM  66  line segment
 1, 692, 705
*
  1.2820000E+01, 0.0000000E+00, 0.0000000E+00, 7.5490000E-01
* ELEM  67  line segment
 1, 0, 705
*
  1.1520000E+01, 0.0000000E+00, 1.3000000E+00, 0.0000000E+00
* ELEM  68  line segment
 1, 717, 687
*
  3.9624000E-01, 1.2820000E+01, 0.0000000E+00, 4.3499000E-01
* ELEM  69  line segment
 1, 717, 714
*
  3.9624000E-01, 1.3254990E+01, 0.0000000E+00, 8.6501000E-01
* ELEM  70  line segment
 1, 717, 808
*
  3.9624000E-01, 1.4120000E+01, 6.5695413E-01, 0.0000000E+00
* ELEM  71  circular arc
 3, 771, 717
*
  1.8850000E+00, 1.3355000E+01, 1.1301000E+00, 1.3739570E+02, 4.2604303E+01
* ELEM  72  line segment
 1, 717, 771
*
  7.5490000E-01, 1.3355000E+01, 0.0000000E+00, -5.3500000E-01
* ELEM  73  line segment
 1, 692, 773
*
  1.2820000E+01, 7.5490000E-01, 5.3500000E-01, 0.0000000E+00
* ELEM  74  circular arc
 3, 773, 692
*
  1.3355000E+01, 1.8850000E+00, 1.1301000E+00, 2.7000000E+02, 4.2604303E+01
* ELEM  75  line segment
 1, 692, 694
*
  1.4120000E+01, 1.0531941E+00, 0.0000000E+00, -1.0531941E+00
* ELEM  76  line segment
 1, 0, 692
*
  1.2820000E+01, 0.0000000E+00, 1.3000000E+00, 0.0000000E+00
* ELEM  77  circular arc
 3, 958, 694
*
  1.3355000E+01, 1.8850000E+00, 1.1301000E+00, 3.1260430E+02, 4.7913947E+00
* ELEM  78  line segment
 1, 689, 694
*
  1.5240000E+01, 1.1200000E+00, -1.0531941E+00, 0.0000000E+00
* ELEM  79  line segment
 1, 0, 694
*
  1.5240000E+01, 0.0000000E+00, 0.0000000E+00, 1.1200000E+00
* ELEM  80  line segment
 1, 0, 694
*
  1.4120000E+01, 0.0000000E+00, 1.1200000E+00, 0.0000000E+00
* ELEM  81  line segment
 1, 808, 714
*
  3.9624000E-01, 1.4120000E+01, 0.0000000E+00, 7.2376000E-01
* ELEM  82  line segment
 1, 808, 715
*
  3.9624000E-01, 1.4843760E+01, 7.2376000E-01, 0.0000000E+00
* ELEM  83  line segment
 1, 716, 808
*
  1.1200000E+00, 1.4186806E+01, 0.0000000E+00, 6.5695413E-01
* ELEM  84  circular arc
 3, 957, 808
*
  1.8850000E+00, 1.3355000E+01, 1.1301000E+00, 1.3260430E+02, 4.7913947E+00
* ELEM  85  line segment
 1, 716, 715
*
  1.1200000E+00, 1.4843760E+01, 8.6501000E-01, 0.0000000E+00
* ELEM  86  line segment
 1, 716, 688
*
  1.9850100E+00, 1.4843760E+01, 4.3499000E-01, 0.0000000E+00
* ELEM  87  line segment
 1, 731, 716
*
  2.4200000E+00, 1.4485100E+01, 0.0000000E+00, 3.5866000E-01
* ELEM  88  line segment
 1, 716, 770
*
  2.4200000E+00, 1.4485100E+01, -5.3500000E-01, 0.0000000E+00
* ELEM  89  circular arc
 3, 770, 716
*
  1.8850000E+00, 1.3355000E+01, 1.1301000E+00, 9.0000000E+01, 4.2604303E+01
* ELEM  90  circular arc
 3, 772, 689
*
  1.3355000E+01, 1.8850000E+00, 1.1301000E+00, 3.1739570E+02, 4.2604303E+01
* ELEM  91  line segment
 1, 689, 772
*
  1.4485100E+01, 1.8850000E+00, 0.0000000E+00, 5.3500000E-01
* ELEM  92  line segment
 1, 702, 689
*
  1.5240000E+01, 2.4200000E+00, -7.5490000E-01, 0.0000000E+00
* ELEM  93  line segment
 1, 0, 689
*
  1.5240000E+01, 1.1200000E+00, 0.0000000E+00, 1.3000000E+00
* ELEM  94  line segment
 1, 702, 797
*
  1.4485100E+01, 2.4200000E+00, 0.0000000E+00, 1.3000000E+00
* ELEM  95  line segment
 1, 703, 702
*
  1.5240000E+01, 3.7200000E+00, -7.5490000E-01, 0.0000000E+00
* ELEM  96  line segment
 1, 0, 702
*
  1.5240000E+01, 2.4200000E+00, 0.0000000E+00, 1.3000000E+00
* ELEM  97  line segment
 1, 731, 688
*
  2.4200000E+00, 1.4843760E+01, 1.3000000E+00, 0.0000000E+00
* ELEM  98  line segment
 1, 723, 731
*
  3.7200000E+00, 1.4485100E+01, 0.0000000E+00, 3.5866000E-01
* ELEM  99  line segment
 1, 731, 804
*
  3.7200000E+00, 1.4485100E+01, -1.3000000E+00, 0.0000000E+00
* ELEM  100  line segment
 1, 703, 798
*
  1.4485100E+01, 3.7200000E+00, 0.0000000E+00, 1.3000000E+00
* ELEM  101  line segment
 1, 706, 703
*
  1.5240000E+01, 5.0200000E+00, -7.5490000E-01, 0.0000000E+00
* ELEM  102  line segment
 1, 0, 703
*
  1.5240000E+01, 3.7200000E+00, 0.0000000E+00, 1.3000000E+00
* ELEM  103  line segment
 1, 723, 688
*
  3.7200000E+00, 1.4843760E+01, 1.3000000E+00, 0.0000000E+00
* ELEM  104  line segment
 1, 732, 723
*
  5.0200000E+00, 1.4485100E+01, 0.0000000E+00, 3.5866000E-01
* ELEM  105  line segment
 1, 723, 788
*
  5.0200000E+00, 1.4485100E+01, -1.3000000E+00, 0.0000000E+00
* ELEM  106  line segment
 1, 706, 801
*
  1.4485100E+01, 5.0200000E+00, 0.0000000E+00, 1.3000000E+00
* ELEM  107  line segment
 1, 707, 706
*
  1.5240000E+01, 6.3200000E+00, -7.5490000E-01, 0.0000000E+00
* ELEM  108  line segment
 1, 0, 706
*
  1.5240000E+01, 5.0200000E+00, 0.0000000E+00, 1.3000000E+00
* ELEM  109  line segment
 1, 732, 688
*
  5.0200000E+00, 1.4843760E+01, 1.3000000E+00, 0.0000000E+00
* ELEM  110  line segment
 1, 727, 732
*
  6.3200000E+00, 1.4485100E+01, 0.0000000E+00, 3.5866000E-01
* ELEM  111  line segment
 1, 732, 803
*
  6.3200000E+00, 1.4485100E+01, -1.3000000E+00, 0.0000000E+00
* ELEM  112  line segment
 1, 707, 802
*
  1.4485100E+01, 6.3200000E+00, 0.0000000E+00, 1.3000000E+00
* ELEM  113  line segment
 1, 698, 707
*
  1.5240000E+01, 7.6200000E+00, -7.5490000E-01, 0.0000000E+00
* ELEM  114  line segment
 1, 0, 707
*
  1.5240000E+01, 6.3200000E+00, 0.0000000E+00, 1.3000000E+00
* ELEM  115  line segment
 1, 727, 688
*
  6.3200000E+00, 1.4843760E+01, 1.3000000E+00, 0.0000000E+00
* ELEM  116  line segment
 1, 721, 727
*
  7.6200000E+00, 1.4485100E+01, 0.0000000E+00, 3.5866000E-01
* ELEM  117  line segment
 1, 727, 796
*
  7.6200000E+00, 1.4485100E+01, -1.3000000E+00, 0.0000000E+00
* ELEM  118  line segment
 1, 698, 786
*
  1.4485100E+01, 7.6200000E+00, 0.0000000E+00, 1.3000000E+00
* ELEM  119  line segment
 1, 712, 698
*
  1.5240000E+01, 8.9200000E+00, -7.5490000E-01, 0.0000000E+00
* ELEM  120  line segment
 1, 0, 698
*
  1.5240000E+01, 7.6200000E+00, 0.0000000E+00, 1.3000000E+00
* ELEM  121  line segment
 1, 721, 688
*
  7.6200000E+00, 1.4843760E+01, 1.3000000E+00, 0.0000000E+00
* ELEM  122  line segment
 1, 735, 721
*
  8.9200000E+00, 1.4485100E+01, 0.0000000E+00, 3.5866000E-01
* ELEM  123  line segment
 1, 721, 790
*
  8.9200000E+00, 1.4485100E+01, -1.3000000E+00, 0.0000000E+00
* ELEM  124  line segment
 1, 712, 807
*
  1.4485100E+01, 8.9200000E+00, 0.0000000E+00, 1.3000000E+00
* ELEM  125  line segment
 1, 699, 712
*
  1.5240000E+01, 1.0220000E+01, -7.5490000E-01, 0.0000000E+00
* ELEM  126  line segment
 1, 0, 712
*
  1.5240000E+01, 8.9200000E+00, 0.0000000E+00, 1.3000000E+00
* ELEM  127  line segment
 1, 735, 688
*
  8.9200000E+00, 1.4843760E+01, 1.3000000E+00, 0.0000000E+00
* ELEM  128  line segment
 1, 722, 735
*
  1.0220000E+01, 1.4485100E+01, 0.0000000E+00, 3.5866000E-01
* ELEM  129  line segment
 1, 735, 806
*
  1.0220000E+01, 1.4485100E+01, -1.3000000E+00, 0.0000000E+00
* ELEM  130  line segment
 1, 699, 793
*
  1.4485100E+01, 1.0220000E+01, 0.0000000E+00, 1.3000000E+00
* ELEM  131  line segment
 1, 700, 699
*
  1.5240000E+01, 1.1520000E+01, -7.5490000E-01, 0.0000000E+00
* ELEM  132  line segment
 1, 0, 699
*
  1.5240000E+01, 1.0220000E+01, 0.0000000E+00, 1.3000000E+00
* ELEM  133  line segment
 1, 722, 688
*
  1.0220000E+01, 1.4843760E+01, 1.3000000E+00, 0.0000000E+00
* ELEM  134  line segment
 1, 720, 722
*
  1.1520000E+01, 1.4485100E+01, 0.0000000E+00, 3.5866000E-01
* ELEM  135  line segment
 1, 722, 791
*
  1.1520000E+01, 1.4485100E+01, -1.3000000E+00, 0.0000000E+00
* ELEM  136  line segment
 1, 700, 794
*
  1.4485100E+01, 1.1520000E+01, 0.0000000E+00, 1.3000000E+00
* ELEM  137  line segment
 1, 690, 700
*
  1.5240000E+01, 1.2820000E+01, -7.5490000E-01, 0.0000000E+00
* ELEM  138  line segment
 1, 0, 700
*
  1.5240000E+01, 1.1520000E+01, 0.0000000E+00, 1.3000000E+00
* ELEM  139  line segment
 1, 720, 688
*
  1.1520000E+01, 1.4843760E+01, 4.6626000E-01, 0.0000000E+00
* ELEM  140  line segment
 1, 720, 951
*
  1.1986260E+01, 1.4843760E+01, 2.5400780E-01, 0.0000000E+00
* ELEM  141  line segment
 1, 720, 902
*
  1.2240268E+01, 1.4843760E+01, 1.4223220E-01, 0.0000000E+00
* ELEM  142  line segment
 1, 696, 720
*
  1.2820000E+01, 1.4843760E+01, -4.3750000E-01, 0.0000000E+00
* ELEM  143  line segment
 1, 718, 720
*
  1.2820000E+01, 1.4485100E+01, 0.0000000E+00, 3.5866000E-01
* ELEM  144  line segment
 1, 720, 792
*
  1.2820000E+01, 1.4485100E+01, -1.3000000E+00, 0.0000000E+00
* ELEM  145  line segment
 1, 690, 774
*
  1.4485100E+01, 1.2820000E+01, 0.0000000E+00, 5.3500000E-01
* ELEM  146  circular arc
 3, 774, 690
*
  1.3355000E+01, 1.3355000E+01, 1.1301000E+00, 0.0000000E+00, 4.2604303E+01
* ELEM  147  line segment
 1, 690, 695
*
  1.4186806E+01, 1.4120000E+01, 1.0531941E+00, 0.0000000E+00
* ELEM  148  line segment
 1, 0, 690
*
  1.5240000E+01, 1.2820000E+01, 0.0000000E+00, 1.3000000E+00
* ELEM  149  line segment
 1, 696, 718
*
  1.4120000E+01, 1.4843760E+01, -1.3000000E+00, 0.0000000E+00
* ELEM  150  line segment
 1, 718, 695
*
  1.4120000E+01, 1.4843760E+01, 0.0000000E+00, -6.5695413E-01
* ELEM  151  circular arc
 3, 775, 718
*
  1.3355000E+01, 1.3355000E+01, 1.1301000E+00, 4.7395697E+01, 4.2604303E+01
* ELEM  152  line segment
 1, 718, 775
*
  1.3355000E+01, 1.4485100E+01, -5.3500000E-01, 0.0000000E+00
* ELEM  153  circular arc
 3, 959, 695
*
  1.3355000E+01, 1.3355000E+01, 1.1301000E+00, 4.2604303E+01, 4.7913947E+00
* ELEM  154  line segment
 1, 696, 695
*
  1.4120000E+01, 1.5240000E+01, 0.0000000E+00, -3.9624000E-01
* ELEM  155  line segment
 1, 0, 695
*
  1.5240000E+01, 1.5240000E+01, -1.1200000E+00, 0.0000000E+00
* ELEM  156  line segment
 1, 0, 695
*
  1.5240000E+01, 1.4120000E+01, 0.0000000E+00, 1.1200000E+00
* ELEM  157  line segment
 1, 696, 902
*
  1.2382500E+01, 1.4843760E+01, 0.0000000E+00, 3.9624000E-01
* ELEM  158  line segment
 1, 0, 696
*
  1.4120000E+01, 1.5240000E+01, -1.7375000E+00, 0.0000000E+00
* ELEM  159  line segment
 1, 0, 949
*
  0.0000000E+00, 2.9997322E+00, 0.0000000E+00, -1.4223220E-01
* ELEM  160  line segment
 1, 949, 904
*
  0.0000000E+00, 2.9997322E+00, 2.5400000E-01, 0.0000000E+00
* ELEM  161  line segment
 1, 949, 687
*
  2.5400000E-01, 2.9997322E+00, 5.0115398E-02, 0.0000000E+00
* ELEM  162  circular arc
 3, 949, 903
*
  0.0000000E+00, 3.2537400E+00, 3.9624000E-01, 2.7000000E+02, 5.0130189E+01
* ELEM  163  line segment
 1, 903, 950
*
  3.0411540E-01, 2.9997322E+00, 9.2124602E-02, 0.0000000E+00
* ELEM  164  line segment
 1, 0, 904
*
  0.0000000E+00, 2.9997400E+00, 0.0000000E+00, -7.8000000E-06
* ELEM  165  circular arc
 3, 857, 904
*
  0.0000000E+00, 3.2537400E+00, 2.5400000E-01, 2.7000000E+02, 9.0000000E+01
* ELEM  166  line segment
 1, 687, 904
*
  2.5400000E-01, 2.9997322E+00, 0.0000000E+00, 2.5400780E-01
* ELEM  167  line segment
 1, 687, 857
*
  2.5400000E-01, 3.2537400E+00, 0.0000000E+00, 2.3433780E-01
* ELEM  168  line segment
 1, 687, 820
*
  2.5400000E-01, 3.4880778E+00, 0.0000000E+00, 4.8834560E-01
* ELEM  169  line segment
 1, 687, 831
*
  2.5400000E-01, 3.9764234E+00, 0.0000000E+00, 4.8834560E-01
* ELEM  170  line segment
 1, 687, 824
*
  2.5400000E-01, 4.4647690E+00, 0.0000000E+00, 4.8834560E-01
* ELEM  171  line segment
 1, 687, 837
*
  2.5400000E-01, 4.9531146E+00, 0.0000000E+00, 4.8834560E-01
* ELEM  172  line segment
 1, 687, 825
*
  2.5400000E-01, 5.4414602E+00, 0.0000000E+00, 4.8834560E-01
* ELEM  173  line segment
 1, 687, 830
*
  2.5400000E-01, 5.9298058E+00, 0.0000000E+00, 4.8834560E-01
* ELEM  174  line segment
 1, 687, 832
*
  2.5400000E-01, 6.4181514E+00, 0.0000000E+00, 4.8834560E-01
* ELEM  175  line segment
 1, 687, 827
*
  2.5400000E-01, 6.9064970E+00, 0.0000000E+00, 4.8834560E-01
* ELEM  176  line segment
 1, 687, 828
*
  2.5400000E-01, 7.3948426E+00, 0.0000000E+00, 4.8834560E-01
* ELEM  177  line segment
 1, 687, 836
*
  2.5400000E-01, 7.8831882E+00, 0.0000000E+00, 4.8834560E-01
* ELEM  178  line segment
 1, 687, 821
*
  2.5400000E-01, 8.3715338E+00, 0.0000000E+00, 4.8834560E-01
* ELEM  179  line segment
 1, 687, 833
*
  2.5400000E-01, 8.8598794E+00, 0.0000000E+00, 4.8834560E-01
* ELEM  180  line segment
 1, 687, 822
*
  2.5400000E-01, 9.3482250E+00, 0.0000000E+00, 4.8834560E-01
* ELEM  181  line segment
 1, 687, 823
*
  2.5400000E-01, 9.8365706E+00, 0.0000000E+00, 4.8834560E-01
* ELEM  182  line segment
 1, 687, 834
*
  2.5400000E-01, 1.0324916E+01, 0.0000000E+00, 4.8834560E-01
* ELEM  183  line segment
 1, 687, 826
*
  2.5400000E-01, 1.0813262E+01, 0.0000000E+00, 4.8834560E-01
* ELEM  184  line segment
 1, 687, 819
*
  2.5400000E-01, 1.1301607E+01, 0.0000000E+00, 4.8834560E-01
* ELEM  185  line segment
 1, 687, 835
*
  2.5400000E-01, 1.1789953E+01, 0.0000000E+00, 4.8834560E-01
* ELEM  186  line segment
 1, 687, 829
*
  2.5400000E-01, 1.2278299E+01, 0.0000000E+00, 4.8834560E-01
* ELEM  187  line segment
 1, 687, 817
*
  2.5400000E-01, 1.2766644E+01, 0.0000000E+00, 4.8834580E-01
* ELEM  188  line segment
 1, 687, 714
*
  2.5400000E-01, 1.3254990E+01, 1.4224000E-01, 0.0000000E+00
* ELEM  189  circular arc
 3, 687, 950
*
  0.0000000E+00, 3.2537400E+00, 3.9624000E-01, 3.2013019E+02, 3.9869811E+01
* ELEM  190  circular arc
 3, 948, 902
*
  1.1986260E+01, 1.5240000E+01, 3.9624000E-01, 3.0986981E+02, 5.0130189E+01
* ELEM  191  line segment
 1, 948, 688
*
  1.2240268E+01, 1.4935885E+01, 0.0000000E+00, 5.0115398E-02
* ELEM  192  line segment
 1, 948, 905
*
  1.2240268E+01, 1.4986000E+01, 0.0000000E+00, 2.5400000E-01
* ELEM  193  line segment
 1, 0, 948
*
  1.2382500E+01, 1.5240000E+01, -1.4223220E-01, 0.0000000E+00
* ELEM  194  line segment
 1, 902, 951
*
  1.2240268E+01, 1.4843760E+01, 0.0000000E+00, 9.2124602E-02
* ELEM  195  line segment
 1, 0, 857
*
  0.0000000E+00, 3.0051450E+00, 0.0000000E+00, -5.4050000E-03
* ELEM  196  circular arc
 3, 873, 857
*
  0.0000000E+00, 3.2439050E+00, 2.3876000E-01, 2.7000000E+02, 9.0000000E+01
* ELEM  197  circular arc
 3, 873, 857
*
  0.0000000E+00, 3.2439050E+00, 2.3876000E-01, 0.0000000E+00, 9.0000000E+01
* ELEM  198  line segment
 1, 0, 857
*
  0.0000000E+00, 3.4880778E+00, 0.0000000E+00, -5.4128000E-03
* ELEM  199  line segment
 1, 857, 820
*
  0.0000000E+00, 3.4880778E+00, 2.5400000E-01, 0.0000000E+00
* ELEM  200  line segment
 1, 688, 905
*
  1.1986260E+01, 1.4986000E+01, 2.5400780E-01, 0.0000000E+00
* ELEM  201  circular arc
 3, 858, 905
*
  1.1986260E+01, 1.5240000E+01, 2.5400000E-01, 2.7000000E+02, 9.0000000E+01
* ELEM  202  line segment
 1, 0, 905
*
  1.2240268E+01, 1.5240000E+01, -7.8000000E-06, 0.0000000E+00
* ELEM  203  circular arc
 3, 688, 951
*
  1.1986260E+01, 1.5240000E+01, 3.9624000E-01, 2.7000000E+02, 3.9869811E+01
* ELEM  204  line segment
 1, 688, 715
*
  1.9850100E+00, 1.4843760E+01, 0.0000000E+00, 1.4224000E-01
* ELEM  205  line segment
 1, 688, 818
*
  1.9850100E+00, 1.4986000E+01, 4.8834580E-01, 0.0000000E+00
* ELEM  206  line segment
 1, 688, 848
*
  2.4733558E+00, 1.4986000E+01, 4.8834560E-01, 0.0000000E+00
* ELEM  207  line segment
 1, 688, 854
*
  2.9617014E+00, 1.4986000E+01, 4.8834560E-01, 0.0000000E+00
* ELEM  208  line segment
 1, 688, 847
*
  3.4500470E+00, 1.4986000E+01, 4.8834560E-01, 0.0000000E+00
* ELEM  209  line segment
 1, 688, 841
*
  3.9383926E+00, 1.4986000E+01, 4.8834560E-01, 0.0000000E+00
* ELEM  210  line segment
 1, 688, 855
*
  4.4267382E+00, 1.4986000E+01, 4.8834560E-01, 0.0000000E+00
* ELEM  211  line segment
 1, 688, 850
*
  4.9150838E+00, 1.4986000E+01, 4.8834560E-01, 0.0000000E+00
* ELEM  212  line segment
 1, 688, 839
*
  5.4034294E+00, 1.4986000E+01, 4.8834560E-01, 0.0000000E+00
* ELEM  213  line segment
 1, 688, 856
*
  5.8917750E+00, 1.4986000E+01, 4.8834560E-01, 0.0000000E+00
* ELEM  214  line segment
 1, 688, 851
*
  6.3801206E+00, 1.4986000E+01, 4.8834560E-01, 0.0000000E+00
* ELEM  215  line segment
 1, 688, 849
*
  6.8684662E+00, 1.4986000E+01, 4.8834560E-01, 0.0000000E+00
* ELEM  216  line segment
 1, 688, 844
*
  7.3568118E+00, 1.4986000E+01, 4.8834560E-01, 0.0000000E+00
* ELEM  217  line segment
 1, 688, 842
*
  7.8451574E+00, 1.4986000E+01, 4.8834560E-01, 0.0000000E+00
* ELEM  218  line segment
 1, 688, 845
*
  8.3335030E+00, 1.4986000E+01, 4.8834560E-01, 0.0000000E+00
* ELEM  219  line segment
 1, 688, 846
*
  8.8218486E+00, 1.4986000E+01, 4.8834560E-01, 0.0000000E+00
* ELEM  220  line segment
 1, 688, 840
*
  9.3101942E+00, 1.4986000E+01, 4.8834560E-01, 0.0000000E+00
* ELEM  221  line segment
 1, 688, 843
*
  9.7985398E+00, 1.4986000E+01, 4.8834560E-01, 0.0000000E+00
* ELEM  222  line segment
 1, 688, 852
*
  1.0286885E+01, 1.4986000E+01, 4.8834560E-01, 0.0000000E+00
* ELEM  223  line segment
 1, 688, 853
*
  1.0775231E+01, 1.4986000E+01, 4.8834560E-01, 0.0000000E+00
* ELEM  224  line segment
 1, 688, 838
*
  1.1263577E+01, 1.4986000E+01, 4.8834560E-01, 0.0000000E+00
* ELEM  225  line segment
 1, 688, 858
*
  1.1751922E+01, 1.4986000E+01, 2.3433780E-01, 0.0000000E+00
* ELEM  226  line segment
 1, 0, 873
*
  0.0000000E+00, 3.0686450E+00, 0.0000000E+00, -6.3500000E-02
* ELEM  227  circular arc
 3, 927, 873
*
  0.0000000E+00, 3.2439050E+00, 1.7526000E-01, 2.7000000E+02, 9.0000000E+01
* ELEM  228  circular arc
 3, 927, 873
*
  0.0000000E+00, 3.2439050E+00, 1.7526000E-01, 0.0000000E+00, 9.0000000E+01
* ELEM  229  line segment
 1, 0, 873
*
  0.0000000E+00, 3.4826650E+00, 0.0000000E+00, -6.3500000E-02
* ELEM  230  line segment
 1, 817, 714
*
  0.0000000E+00, 1.3254990E+01, 2.5400000E-01, 0.0000000E+00
* ELEM  231  line segment
 1, 0, 714
*
  0.0000000E+00, 1.4843760E+01, 0.0000000E+00, -1.5887700E+00
* ELEM  232  line segment
 1, 714, 859
*
  0.0000000E+00, 1.4843760E+01, 3.9624000E-01, 0.0000000E+00
* ELEM  233  line segment
 1, 858, 838
*
  1.1751922E+01, 1.4986000E+01, 0.0000000E+00, 2.5400000E-01
* ELEM  234  line segment
 1, 0, 858
*
  1.1757335E+01, 1.5240000E+01, -5.4128000E-03, 0.0000000E+00
* ELEM  235  circular arc
 3, 901, 858
*
  1.1996095E+01, 1.5240000E+01, 2.3876000E-01, 1.8000000E+02, 1.8000000E+02
* ELEM  236  line segment
 1, 0, 858
*
  1.2240260E+01, 1.5240000E+01, -5.4050000E-03, 0.0000000E+00
* ELEM  237  line segment
 1, 0, 927
*
  0.0000000E+00, 3.4191650E+00, 0.0000000E+00, -3.5052000E-01
* ELEM  238  line segment
 1, 0, 820
*
  0.0000000E+00, 3.4934906E+00, 0.0000000E+00, -5.4128000E-03
* ELEM  239  circular arc
 3, 874, 820
*
  0.0000000E+00, 3.7322506E+00, 2.3876000E-01, 2.7000000E+02, 9.0000000E+01
* ELEM  240  circular arc
 3, 874, 820
*
  0.0000000E+00, 3.7322506E+00, 2.3876000E-01, 0.0000000E+00, 9.0000000E+01
* ELEM  241  line segment
 1, 0, 820
*
  0.0000000E+00, 3.9764234E+00, 0.0000000E+00, -5.4128000E-03
* ELEM  242  line segment
 1, 820, 831
*
  0.0000000E+00, 3.9764234E+00, 2.5400000E-01, 0.0000000E+00
* ELEM  243  line segment
 1, 829, 817
*
  0.0000000E+00, 1.2766644E+01, 2.5400000E-01, 0.0000000E+00
* ELEM  244  line segment
 1, 0, 817
*
  0.0000000E+00, 1.2772057E+01, 0.0000000E+00, -5.4128000E-03
* ELEM  245  circular arc
 3, 888, 817
*
  0.0000000E+00, 1.3010817E+01, 2.3876000E-01, 2.7000000E+02, 9.0000000E+01
* ELEM  246  circular arc
 3, 888, 817
*
  0.0000000E+00, 1.3010817E+01, 2.3876000E-01, 0.0000000E+00, 9.0000000E+01
* ELEM  247  line segment
 1, 0, 817
*
  0.0000000E+00, 1.3254990E+01, 0.0000000E+00, -5.4130000E-03
* ELEM  248  line segment
 1, 0, 859
*
  0.0000000E+00, 1.5240000E+01, 0.0000000E+00, -3.9624000E-01
* ELEM  249  line segment
 1, 0, 859
*
  3.9624000E-01, 1.5240000E+01, -3.9624000E-01, 0.0000000E+00
* ELEM  250  line segment
 1, 715, 859
*
  3.9624000E-01, 1.4843760E+01, 0.0000000E+00, 3.9624000E-01
* ELEM  251  line segment
 1, 0, 715
*
  1.9850100E+00, 1.5240000E+01, -1.5887700E+00, 0.0000000E+00
* ELEM  252  line segment
 1, 818, 715
*
  1.9850100E+00, 1.4986000E+01, 0.0000000E+00, 2.5400000E-01
* ELEM  253  line segment
 1, 0, 901
*
  1.1820835E+01, 1.5240000E+01, -6.3500000E-02, 0.0000000E+00
* ELEM  254  circular arc
 3, 926, 901
*
  1.1996095E+01, 1.5240000E+01, 1.7526000E-01, 1.8000000E+02, 1.8000000E+02
* ELEM  255  line segment
 1, 0, 901
*
  1.2234855E+01, 1.5240000E+01, -6.3500000E-02, 0.0000000E+00
* ELEM  256  line segment
 1, 0, 831
*
  0.0000000E+00, 3.9818362E+00, 0.0000000E+00, -5.4128000E-03
* ELEM  257  circular arc
 3, 875, 831
*
  0.0000000E+00, 4.2205962E+00, 2.3876000E-01, 2.7000000E+02, 9.0000000E+01
* ELEM  258  circular arc
 3, 875, 831
*
  0.0000000E+00, 4.2205962E+00, 2.3876000E-01, 0.0000000E+00, 9.0000000E+01
* ELEM  259  line segment
 1, 0, 831
*
  0.0000000E+00, 4.4647690E+00, 0.0000000E+00, -5.4128000E-03
* ELEM  260  line segment
 1, 831, 824
*
  0.0000000E+00, 4.4647690E+00, 2.5400000E-01, 0.0000000E+00
* ELEM  261  line segment
 1, 835, 829
*
  0.0000000E+00, 1.2278299E+01, 2.5400000E-01, 0.0000000E+00
* ELEM  262  line segment
 1, 0, 829
*
  0.0000000E+00, 1.2283711E+01, 0.0000000E+00, -5.4128000E-03
* ELEM  263  circular arc
 3, 887, 829
*
  0.0000000E+00, 1.2522471E+01, 2.3876000E-01, 2.7000000E+02, 9.0000000E+01
* ELEM  264  circular arc
 3, 887, 829
*
  0.0000000E+00, 1.2522471E+01, 2.3876000E-01, 0.0000000E+00, 9.0000000E+01
* ELEM  265  line segment
 1, 0, 829
*
  0.0000000E+00, 1.2766644E+01, 0.0000000E+00, -5.4128000E-03
* ELEM  266  line segment
 1, 0, 926
*
  1.2171355E+01, 1.5240000E+01, -3.5052000E-01, 0.0000000E+00
* ELEM  267  line segment
 1, 838, 853
*
  1.1263577E+01, 1.4986000E+01, 0.0000000E+00, 2.5400000E-01
* ELEM  268  line segment
 1, 0, 838
*
  1.1268989E+01, 1.5240000E+01, -5.4128000E-03, 0.0000000E+00
* ELEM  269  circular arc
 3, 900, 838
*
  1.1507749E+01, 1.5240000E+01, 2.3876000E-01, 1.8000000E+02, 1.8000000E+02
* ELEM  270  line segment
 1, 0, 838
*
  1.1751922E+01, 1.5240000E+01, -5.4128000E-03, 0.0000000E+00
* ELEM  271  line segment
 1, 0, 818
*
  1.9904230E+00, 1.5240000E+01, -5.4130000E-03, 0.0000000E+00
* ELEM  272  circular arc
 3, 889, 818
*
  2.2291830E+00, 1.5240000E+01, 2.3876000E-01, 1.8000000E+02, 1.8000000E+02
* ELEM  273  line segment
 1, 0, 818
*
  2.4733558E+00, 1.5240000E+01, -5.4128000E-03, 0.0000000E+00
* ELEM  274  line segment
 1, 848, 818
*
  2.4733558E+00, 1.4986000E+01, 0.0000000E+00, 2.5400000E-01
* ELEM  275  line segment
 1, 0, 824
*
  0.0000000E+00, 4.4701818E+00, 0.0000000E+00, -5.4128000E-03
* ELEM  276  circular arc
 3, 876, 824
*
  0.0000000E+00, 4.7089418E+00, 2.3876000E-01, 2.7000000E+02, 9.0000000E+01
* ELEM  277  circular arc
 3, 876, 824
*
  0.0000000E+00, 4.7089418E+00, 2.3876000E-01, 0.0000000E+00, 9.0000000E+01
* ELEM  278  line segment
 1, 0, 824
*
  0.0000000E+00, 4.9531146E+00, 0.0000000E+00, -5.4128000E-03
* ELEM  279  line segment
 1, 824, 837
*
  0.0000000E+00, 4.9531146E+00, 2.5400000E-01, 0.0000000E+00
* ELEM  280  line segment
 1, 0, 874
*
  0.0000000E+00, 3.5569906E+00, 0.0000000E+00, -6.3500000E-02
* ELEM  281  circular arc
 3, 928, 874
*
  0.0000000E+00, 3.7322506E+00, 1.7526000E-01, 2.7000000E+02, 9.0000000E+01
* ELEM  282  circular arc
 3, 928, 874
*
  0.0000000E+00, 3.7322506E+00, 1.7526000E-01, 0.0000000E+00, 9.0000000E+01
* ELEM  283  line segment
 1, 0, 874
*
  0.0000000E+00, 3.9710106E+00, 0.0000000E+00, -6.3500000E-02
* ELEM  284  line segment
 1, 0, 888
*
  0.0000000E+00, 1.2835557E+01, 0.0000000E+00, -6.3500000E-02
* ELEM  285  circular arc
 3, 947, 888
*
  0.0000000E+00, 1.3010817E+01, 1.7526000E-01, 2.7000000E+02, 9.0000000E+01
* ELEM  286  circular arc
 3, 947, 888
*
  0.0000000E+00, 1.3010817E+01, 1.7526000E-01, 0.0000000E+00, 9.0000000E+01
* ELEM  287  line segment
 1, 0, 888
*
  0.0000000E+00, 1.3249577E+01, 0.0000000E+00, -6.3500000E-02
* ELEM  288  line segment
 1, 819, 835
*
  0.0000000E+00, 1.1789953E+01, 2.5400000E-01, 0.0000000E+00
* ELEM  289  line segment
 1, 0, 835
*
  0.0000000E+00, 1.1795366E+01, 0.0000000E+00, -5.4128000E-03
* ELEM  290  circular arc
 3, 886, 835
*
  0.0000000E+00, 1.2034126E+01, 2.3876000E-01, 2.7000000E+02, 9.0000000E+01
* ELEM  291  circular arc
 3, 886, 835
*
  0.0000000E+00, 1.2034126E+01, 2.3876000E-01, 0.0000000E+00, 9.0000000E+01
* ELEM  292  line segment
 1, 0, 835
*
  0.0000000E+00, 1.2278299E+01, 0.0000000E+00, -5.4128000E-03
* ELEM  293  line segment
 1, 853, 852
*
  1.0775231E+01, 1.4986000E+01, 0.0000000E+00, 2.5400000E-01
* ELEM  294  line segment
 1, 0, 853
*
  1.0780644E+01, 1.5240000E+01, -5.4128000E-03, 0.0000000E+00
* ELEM  295  circular arc
 3, 899, 853
*
  1.1019404E+01, 1.5240000E+01, 2.3876000E-01, 1.8000000E+02, 1.8000000E+02
* ELEM  296  line segment
 1, 0, 853
*
  1.1263577E+01, 1.5240000E+01, -5.4128000E-03, 0.0000000E+00
* ELEM  297  line segment
 1, 0, 848
*
  2.4787686E+00, 1.5240000E+01, -5.4128000E-03, 0.0000000E+00
* ELEM  298  circular arc
 3, 890, 848
*
  2.7175286E+00, 1.5240000E+01, 2.3876000E-01, 1.8000000E+02, 1.8000000E+02
* ELEM  299  line segment
 1, 0, 848
*
  2.9617014E+00, 1.5240000E+01, -5.4128000E-03, 0.0000000E+00
* ELEM  300  line segment
 1, 854, 848
*
  2.9617014E+00, 1.4986000E+01, 0.0000000E+00, 2.5400000E-01
* ELEM  301  line segment
 1, 0, 837
*
  0.0000000E+00, 4.9585274E+00, 0.0000000E+00, -5.4128000E-03
* ELEM  302  circular arc
 3, 860, 837
*
  0.0000000E+00, 5.1972874E+00, 2.3876000E-01, 2.7000000E+02, 9.0000000E+01
* ELEM  303  circular arc
 3, 860, 837
*
  0.0000000E+00, 5.1972874E+00, 2.3876000E-01, 0.0000000E+00, 9.0000000E+01
* ELEM  304  line segment
 1, 0, 837
*
  0.0000000E+00, 5.4414602E+00, 0.0000000E+00, -5.4128000E-03
* ELEM  305  line segment
 1, 837, 825
*
  0.0000000E+00, 5.4414602E+00, 2.5400000E-01, 0.0000000E+00
* ELEM  306  line segment
 1, 0, 875
*
  0.0000000E+00, 4.0453362E+00, 0.0000000E+00, -6.3500000E-02
* ELEM  307  circular arc
 3, 929, 875
*
  0.0000000E+00, 4.2205962E+00, 1.7526000E-01, 2.7000000E+02, 9.0000000E+01
* ELEM  308  circular arc
 3, 929, 875
*
  0.0000000E+00, 4.2205962E+00, 1.7526000E-01, 0.0000000E+00, 9.0000000E+01
* ELEM  309  line segment
 1, 0, 875
*
  0.0000000E+00, 4.4593562E+00, 0.0000000E+00, -6.3500000E-02
* ELEM  310  line segment
 1, 0, 928
*
  0.0000000E+00, 3.9075106E+00, 0.0000000E+00, -3.5052000E-01
* ELEM  311  line segment
 1, 0, 947
*
  0.0000000E+00, 1.3186077E+01, 0.0000000E+00, -3.5052000E-01
* ELEM  312  line segment
 1, 826, 819
*
  0.0000000E+00, 1.1301607E+01, 2.5400000E-01, 0.0000000E+00
* ELEM  313  line segment
 1, 0, 819
*
  0.0000000E+00, 1.1307020E+01, 0.0000000E+00, -5.4128000E-03
* ELEM  314  circular arc
 3, 885, 819
*
  0.0000000E+00, 1.1545780E+01, 2.3876000E-01, 2.7000000E+02, 9.0000000E+01
* ELEM  315  circular arc
 3, 885, 819
*
  0.0000000E+00, 1.1545780E+01, 2.3876000E-01, 0.0000000E+00, 9.0000000E+01
* ELEM  316  line segment
 1, 0, 819
*
  0.0000000E+00, 1.1789953E+01, 0.0000000E+00, -5.4128000E-03
* ELEM  317  line segment
 1, 0, 887
*
  0.0000000E+00, 1.2347211E+01, 0.0000000E+00, -6.3500000E-02
* ELEM  318  circular arc
 3, 946, 887
*
  0.0000000E+00, 1.2522471E+01, 1.7526000E-01, 2.7000000E+02, 9.0000000E+01
* ELEM  319  circular arc
 3, 946, 887
*
  0.0000000E+00, 1.2522471E+01, 1.7526000E-01, 0.0000000E+00, 9.0000000E+01
* ELEM  320  line segment
 1, 0, 887
*
  0.0000000E+00, 1.2761231E+01, 0.0000000E+00, -6.3500000E-02
* ELEM  321  line segment
 1, 0, 889
*
  2.0539230E+00, 1.5240000E+01, -6.3500000E-02, 0.0000000E+00
* ELEM  322  circular arc
 3, 906, 889
*
  2.2291830E+00, 1.5240000E+01, 1.7526000E-01, 1.8000000E+02, 1.8000000E+02
* ELEM  323  line segment
 1, 0, 889
*
  2.4679430E+00, 1.5240000E+01, -6.3500000E-02, 0.0000000E+00
* ELEM  324  line segment
 1, 0, 900
*
  1.1332489E+01, 1.5240000E+01, -6.3500000E-02, 0.0000000E+00
* ELEM  325  circular arc
 3, 925, 900
*
  1.1507749E+01, 1.5240000E+01, 1.7526000E-01, 1.8000000E+02, 1.8000000E+02
* ELEM  326  line segment
 1, 0, 900
*
  1.1746509E+01, 1.5240000E+01, -6.3500000E-02, 0.0000000E+00
* ELEM  327  line segment
 1, 852, 843
*
  1.0286885E+01, 1.4986000E+01, 0.0000000E+00, 2.5400000E-01
* ELEM  328  line segment
 1, 0, 852
*
  1.0292298E+01, 1.5240000E+01, -5.4128000E-03, 0.0000000E+00
* ELEM  329  circular arc
 3, 898, 852
*
  1.0531058E+01, 1.5240000E+01, 2.3876000E-01, 1.8000000E+02, 1.8000000E+02
* ELEM  330  line segment
 1, 0, 852
*
  1.0775231E+01, 1.5240000E+01, -5.4128000E-03, 0.0000000E+00
* ELEM  331  line segment
 1, 0, 854
*
  2.9671142E+00, 1.5240000E+01, -5.4128000E-03, 0.0000000E+00
* ELEM  332  circular arc
 3, 865, 854
*
  3.2058742E+00, 1.5240000E+01, 2.3876000E-01, 1.8000000E+02, 1.8000000E+02
* ELEM  333  line segment
 1, 0, 854
*
  3.4500470E+00, 1.5240000E+01, -5.4128000E-03, 0.0000000E+00
* ELEM  334  line segment
 1, 847, 854
*
  3.4500470E+00, 1.4986000E+01, 0.0000000E+00, 2.5400000E-01
* ELEM  335  line segment
 1, 0, 825
*
  0.0000000E+00, 5.4468730E+00, 0.0000000E+00, -5.4128000E-03
* ELEM  336  circular arc
 3, 877, 825
*
  0.0000000E+00, 5.6856330E+00, 2.3876000E-01, 2.7000000E+02, 9.0000000E+01
* ELEM  337  circular arc
 3, 877, 825
*
  0.0000000E+00, 5.6856330E+00, 2.3876000E-01, 0.0000000E+00, 9.0000000E+01
* ELEM  338  line segment
 1, 0, 825
*
  0.0000000E+00, 5.9298058E+00, 0.0000000E+00, -5.4128000E-03
* ELEM  339  line segment
 1, 825, 830
*
  0.0000000E+00, 5.9298058E+00, 2.5400000E-01, 0.0000000E+00
* ELEM  340  line segment
 1, 0, 876
*
  0.0000000E+00, 4.5336818E+00, 0.0000000E+00, -6.3500000E-02
* ELEM  341  circular arc
 3, 930, 876
*
  0.0000000E+00, 4.7089418E+00, 1.7526000E-01, 2.7000000E+02, 9.0000000E+01
* ELEM  342  circular arc
 3, 930, 876
*
  0.0000000E+00, 4.7089418E+00, 1.7526000E-01, 0.0000000E+00, 9.0000000E+01
* ELEM  343  line segment
 1, 0, 876
*
  0.0000000E+00, 4.9477018E+00, 0.0000000E+00, -6.3500000E-02
* ELEM  344  line segment
 1, 0, 929
*
  0.0000000E+00, 4.3958562E+00, 0.0000000E+00, -3.5052000E-01
* ELEM  345  line segment
 1, 834, 826
*
  0.0000000E+00, 1.0813262E+01, 2.5400000E-01, 0.0000000E+00
* ELEM  346  line segment
 1, 0, 826
*
  0.0000000E+00, 1.0818675E+01, 0.0000000E+00, -5.4128000E-03
* ELEM  347  circular arc
 3, 884, 826
*
  0.0000000E+00, 1.1057435E+01, 2.3876000E-01, 2.7000000E+02, 9.0000000E+01
* ELEM  348  circular arc
 3, 884, 826
*
  0.0000000E+00, 1.1057435E+01, 2.3876000E-01, 0.0000000E+00, 9.0000000E+01
* ELEM  349  line segment
 1, 0, 826
*
  0.0000000E+00, 1.1301607E+01, 0.0000000E+00, -5.4128000E-03
* ELEM  350  line segment
 1, 0, 886
*
  0.0000000E+00, 1.1858866E+01, 0.0000000E+00, -6.3500000E-02
* ELEM  351  circular arc
 3, 945, 886
*
  0.0000000E+00, 1.2034126E+01, 1.7526000E-01, 2.7000000E+02, 9.0000000E+01
* ELEM  352  circular arc
 3, 945, 886
*
  0.0000000E+00, 1.2034126E+01, 1.7526000E-01, 0.0000000E+00, 9.0000000E+01
* ELEM  353  line segment
 1, 0, 886
*
  0.0000000E+00, 1.2272886E+01, 0.0000000E+00, -6.3500000E-02
* ELEM  354  line segment
 1, 0, 946
*
  0.0000000E+00, 1.2697731E+01, 0.0000000E+00, -3.5052000E-01
* ELEM  355  line segment
 1, 0, 906
*
  2.4044430E+00, 1.5240000E+01, -3.5052000E-01, 0.0000000E+00
* ELEM  356  line segment
 1, 0, 925
*
  1.1683009E+01, 1.5240000E+01, -3.5052000E-01, 0.0000000E+00
* ELEM  357  line segment
 1, 843, 840
*
  9.7985398E+00, 1.4986000E+01, 0.0000000E+00, 2.5400000E-01
* ELEM  358  line segment
 1, 0, 843
*
  9.8039526E+00, 1.5240000E+01, -5.4128000E-03, 0.0000000E+00
* ELEM  359  circular arc
 3, 897, 843
*
  1.0042713E+01, 1.5240000E+01, 2.3876000E-01, 1.8000000E+02, 1.8000000E+02
* ELEM  360  line segment
 1, 0, 843
*
  1.0286885E+01, 1.5240000E+01, -5.4128000E-03, 0.0000000E+00
* ELEM  361  line segment
 1, 0, 899
*
  1.0844144E+01, 1.5240000E+01, -6.3500000E-02, 0.0000000E+00
* ELEM  362  circular arc
 3, 924, 899
*
  1.1019404E+01, 1.5240000E+01, 1.7526000E-01, 1.8000000E+02, 1.8000000E+02
* ELEM  363  line segment
 1, 0, 899
*
  1.1258164E+01, 1.5240000E+01, -6.3500000E-02, 0.0000000E+00
* ELEM  364  line segment
 1, 0, 847
*
  3.4554598E+00, 1.5240000E+01, -5.4128000E-03, 0.0000000E+00
* ELEM  365  circular arc
 3, 891, 847
*
  3.6942198E+00, 1.5240000E+01, 2.3876000E-01, 1.8000000E+02, 1.8000000E+02
* ELEM  366  line segment
 1, 0, 847
*
  3.9383926E+00, 1.5240000E+01, -5.4128000E-03, 0.0000000E+00
* ELEM  367  line segment
 1, 841, 847
*
  3.9383926E+00, 1.4986000E+01, 0.0000000E+00, 2.5400000E-01
* ELEM  368  line segment
 1, 0, 890
*
  2.5422686E+00, 1.5240000E+01, -6.3500000E-02, 0.0000000E+00
* ELEM  369  circular arc
 3, 907, 890
*
  2.7175286E+00, 1.5240000E+01, 1.7526000E-01, 1.8000000E+02, 1.8000000E+02
* ELEM  370  line segment
 1, 0, 890
*
  2.9562886E+00, 1.5240000E+01, -6.3500000E-02, 0.0000000E+00
* ELEM  371  line segment
 1, 0, 830
*
  0.0000000E+00, 5.9352186E+00, 0.0000000E+00, -5.4128000E-03
* ELEM  372  circular arc
 3, 878, 830
*
  0.0000000E+00, 6.1739786E+00, 2.3876000E-01, 2.7000000E+02, 9.0000000E+01
* ELEM  373  circular arc
 3, 878, 830
*
  0.0000000E+00, 6.1739786E+00, 2.3876000E-01, 0.0000000E+00, 9.0000000E+01
* ELEM  374  line segment
 1, 0, 830
*
  0.0000000E+00, 6.4181514E+00, 0.0000000E+00, -5.4128000E-03
* ELEM  375  line segment
 1, 830, 832
*
  0.0000000E+00, 6.4181514E+00, 2.5400000E-01, 0.0000000E+00
* ELEM  376  line segment
 1, 0, 860
*
  0.0000000E+00, 5.0220274E+00, 0.0000000E+00, -6.3500000E-02
* ELEM  377  circular arc
 3, 931, 860
*
  0.0000000E+00, 5.1972874E+00, 1.7526000E-01, 2.7000000E+02, 9.0000000E+01
* ELEM  378  circular arc
 3, 931, 860
*
  0.0000000E+00, 5.1972874E+00, 1.7526000E-01, 0.0000000E+00, 9.0000000E+01
* ELEM  379  line segment
 1, 0, 860
*
  0.0000000E+00, 5.4360474E+00, 0.0000000E+00, -6.3500000E-02
* ELEM  380  line segment
 1, 0, 930
*
  0.0000000E+00, 4.8842018E+00, 0.0000000E+00, -3.5052000E-01
* ELEM  381  line segment
 1, 823, 834
*
  0.0000000E+00, 1.0324916E+01, 2.5400000E-01, 0.0000000E+00
* ELEM  382  line segment
 1, 0, 834
*
  0.0000000E+00, 1.0330329E+01, 0.0000000E+00, -5.4128000E-03
* ELEM  383  circular arc
 3, 883, 834
*
  0.0000000E+00, 1.0569089E+01, 2.3876000E-01, 2.7000000E+02, 9.0000000E+01
* ELEM  384  circular arc
 3, 883, 834
*
  0.0000000E+00, 1.0569089E+01, 2.3876000E-01, 0.0000000E+00, 9.0000000E+01
* ELEM  385  line segment
 1, 0, 834
*
  0.0000000E+00, 1.0813262E+01, 0.0000000E+00, -5.4128000E-03
* ELEM  386  line segment
 1, 0, 885
*
  0.0000000E+00, 1.1370520E+01, 0.0000000E+00, -6.3500000E-02
* ELEM  387  circular arc
 3, 944, 885
*
  0.0000000E+00, 1.1545780E+01, 1.7526000E-01, 2.7000000E+02, 9.0000000E+01
* ELEM  388  circular arc
 3, 944, 885
*
  0.0000000E+00, 1.1545780E+01, 1.7526000E-01, 0.0000000E+00, 9.0000000E+01
* ELEM  389  line segment
 1, 0, 885
*
  0.0000000E+00, 1.1784540E+01, 0.0000000E+00, -6.3500000E-02
* ELEM  390  line segment
 1, 0, 945
*
  0.0000000E+00, 1.2209386E+01, 0.0000000E+00, -3.5052000E-01
* ELEM  391  line segment
 1, 840, 846
*
  9.3101942E+00, 1.4986000E+01, 0.0000000E+00, 2.5400000E-01
* ELEM  392  line segment
 1, 0, 840
*
  9.3156070E+00, 1.5240000E+01, -5.4128000E-03, 0.0000000E+00
* ELEM  393  circular arc
 3, 896, 840
*
  9.5543670E+00, 1.5240000E+01, 2.3876000E-01, 1.8000000E+02, 1.8000000E+02
* ELEM  394  line segment
 1, 0, 840
*
  9.7985398E+00, 1.5240000E+01, -5.4128000E-03, 0.0000000E+00
* ELEM  395  line segment
 1, 0, 898
*
  1.0355798E+01, 1.5240000E+01, -6.3500000E-02, 0.0000000E+00
* ELEM  396  circular arc
 3, 923, 898
*
  1.0531058E+01, 1.5240000E+01, 1.7526000E-01, 1.8000000E+02, 1.8000000E+02
* ELEM  397  line segment
 1, 0, 898
*
  1.0769818E+01, 1.5240000E+01, -6.3500000E-02, 0.0000000E+00
* ELEM  398  line segment
 1, 0, 924
*
  1.1194664E+01, 1.5240000E+01, -3.5052000E-01, 0.0000000E+00
* ELEM  399  line segment
 1, 0, 841
*
  3.9438054E+00, 1.5240000E+01, -5.4128000E-03, 0.0000000E+00
* ELEM  400  circular arc
 3, 892, 841
*
  4.1825654E+00, 1.5240000E+01, 2.3876000E-01, 1.8000000E+02, 1.8000000E+02
* ELEM  401  line segment
 1, 0, 841
*
  4.4267382E+00, 1.5240000E+01, -5.4128000E-03, 0.0000000E+00
* ELEM  402  line segment
 1, 855, 841
*
  4.4267382E+00, 1.4986000E+01, 0.0000000E+00, 2.5400000E-01
* ELEM  403  line segment
 1, 0, 865
*
  3.0306142E+00, 1.5240000E+01, -6.3500000E-02, 0.0000000E+00
* ELEM  404  circular arc
 3, 909, 865
*
  3.2058742E+00, 1.5240000E+01, 1.7526000E-01, 1.8000000E+02, 1.8000000E+02
* ELEM  405  line segment
 1, 0, 865
*
  3.4446342E+00, 1.5240000E+01, -6.3500000E-02, 0.0000000E+00
* ELEM  406  line segment
 1, 0, 907
*
  2.8927886E+00, 1.5240000E+01, -3.5052000E-01, 0.0000000E+00
* ELEM  407  line segment
 1, 0, 832
*
  0.0000000E+00, 6.4235642E+00, 0.0000000E+00, -5.4128000E-03
* ELEM  408  circular arc
 3, 861, 832
*
  0.0000000E+00, 6.6623242E+00, 2.3876000E-01, 2.7000000E+02, 9.0000000E+01
* ELEM  409  circular arc
 3, 861, 832
*
  0.0000000E+00, 6.6623242E+00, 2.3876000E-01, 0.0000000E+00, 9.0000000E+01
* ELEM  410  line segment
 1, 0, 832
*
  0.0000000E+00, 6.9064970E+00, 0.0000000E+00, -5.4128000E-03
* ELEM  411  line segment
 1, 832, 827
*
  0.0000000E+00, 6.9064970E+00, 2.5400000E-01, 0.0000000E+00
* ELEM  412  line segment
 1, 0, 877
*
  0.0000000E+00, 5.5103730E+00, 0.0000000E+00, -6.3500000E-02
* ELEM  413  circular arc
 3, 932, 877
*
  0.0000000E+00, 5.6856330E+00, 1.7526000E-01, 2.7000000E+02, 9.0000000E+01
* ELEM  414  circular arc
 3, 932, 877
*
  0.0000000E+00, 5.6856330E+00, 1.7526000E-01, 0.0000000E+00, 9.0000000E+01
* ELEM  415  line segment
 1, 0, 877
*
  0.0000000E+00, 5.9243930E+00, 0.0000000E+00, -6.3500000E-02
* ELEM  416  line segment
 1, 0, 931
*
  0.0000000E+00, 5.3725474E+00, 0.0000000E+00, -3.5052000E-01
* ELEM  417  line segment
 1, 822, 823
*
  0.0000000E+00, 9.8365706E+00, 2.5400000E-01, 0.0000000E+00
* ELEM  418  line segment
 1, 0, 823
*
  0.0000000E+00, 9.8419834E+00, 0.0000000E+00, -5.4128000E-03
* ELEM  419  circular arc
 3, 882, 823
*
  0.0000000E+00, 1.0080743E+01, 2.3876000E-01, 2.7000000E+02, 9.0000000E+01
* ELEM  420  circular arc
 3, 882, 823
*
  0.0000000E+00, 1.0080743E+01, 2.3876000E-01, 0.0000000E+00, 9.0000000E+01
* ELEM  421  line segment
 1, 0, 823
*
  0.0000000E+00, 1.0324916E+01, 0.0000000E+00, -5.4128000E-03
* ELEM  422  line segment
 1, 0, 884
*
  0.0000000E+00, 1.0882175E+01, 0.0000000E+00, -6.3500000E-02
* ELEM  423  circular arc
 3, 943, 884
*
  0.0000000E+00, 1.1057435E+01, 1.7526000E-01, 2.7000000E+02, 9.0000000E+01
* ELEM  424  circular arc
 3, 943, 884
*
  0.0000000E+00, 1.1057435E+01, 1.7526000E-01, 0.0000000E+00, 9.0000000E+01
* ELEM  425  line segment
 1, 0, 884
*
  0.0000000E+00, 1.1296195E+01, 0.0000000E+00, -6.3500000E-02
* ELEM  426  line segment
 1, 0, 944
*
  0.0000000E+00, 1.1721040E+01, 0.0000000E+00, -3.5052000E-01
* ELEM  427  line segment
 1, 846, 845
*
  8.8218486E+00, 1.4986000E+01, 0.0000000E+00, 2.5400000E-01
* ELEM  428  line segment
 1, 0, 846
*
  8.8272614E+00, 1.5240000E+01, -5.4128000E-03, 0.0000000E+00
* ELEM  429  circular arc
 3, 895, 846
*
  9.0660214E+00, 1.5240000E+01, 2.3876000E-01, 1.8000000E+02, 1.8000000E+02
* ELEM  430  line segment
 1, 0, 846
*
  9.3101942E+00, 1.5240000E+01, -5.4128000E-03, 0.0000000E+00
* ELEM  431  line segment
 1, 0, 897
*
  9.8674526E+00, 1.5240000E+01, -6.3500000E-02, 0.0000000E+00
* ELEM  432  circular arc
 3, 922, 897
*
  1.0042713E+01, 1.5240000E+01, 1.7526000E-01, 1.8000000E+02, 1.8000000E+02
* ELEM  433  line segment
 1, 0, 897
*
  1.0281473E+01, 1.5240000E+01, -6.3500000E-02, 0.0000000E+00
* ELEM  434  line segment
 1, 0, 923
*
  1.0706318E+01, 1.5240000E+01, -3.5052000E-01, 0.0000000E+00
* ELEM  435  line segment
 1, 0, 855
*
  4.4321510E+00, 1.5240000E+01, -5.4128000E-03, 0.0000000E+00
* ELEM  436  circular arc
 3, 862, 855
*
  4.6709110E+00, 1.5240000E+01, 2.3876000E-01, 1.8000000E+02, 1.8000000E+02
* ELEM  437  line segment
 1, 0, 855
*
  4.9150838E+00, 1.5240000E+01, -5.4128000E-03, 0.0000000E+00
* ELEM  438  line segment
 1, 850, 855
*
  4.9150838E+00, 1.4986000E+01, 0.0000000E+00, 2.5400000E-01
* ELEM  439  line segment
 1, 0, 891
*
  3.5189598E+00, 1.5240000E+01, -6.3500000E-02, 0.0000000E+00
* ELEM  440  circular arc
 3, 908, 891
*
  3.6942198E+00, 1.5240000E+01, 1.7526000E-01, 1.8000000E+02, 1.8000000E+02
* ELEM  441  line segment
 1, 0, 891
*
  3.9329798E+00, 1.5240000E+01, -6.3500000E-02, 0.0000000E+00
* ELEM  442  line segment
 1, 0, 909
*
  3.3811342E+00, 1.5240000E+01, -3.5052000E-01, 0.0000000E+00
* ELEM  443  line segment
 1, 0, 827
*
  0.0000000E+00, 6.9119098E+00, 0.0000000E+00, -5.4128000E-03
* ELEM  444  circular arc
 3, 869, 827
*
  0.0000000E+00, 7.1506698E+00, 2.3876000E-01, 2.7000000E+02, 9.0000000E+01
* ELEM  445  circular arc
 3, 869, 827
*
  0.0000000E+00, 7.1506698E+00, 2.3876000E-01, 0.0000000E+00, 9.0000000E+01
* ELEM  446  line segment
 1, 0, 827
*
  0.0000000E+00, 7.3948426E+00, 0.0000000E+00, -5.4128000E-03
* ELEM  447  line segment
 1, 827, 828
*
  0.0000000E+00, 7.3948426E+00, 2.5400000E-01, 0.0000000E+00
* ELEM  448  line segment
 1, 0, 878
*
  0.0000000E+00, 5.9987186E+00, 0.0000000E+00, -6.3500000E-02
* ELEM  449  circular arc
 3, 933, 878
*
  0.0000000E+00, 6.1739786E+00, 1.7526000E-01, 2.7000000E+02, 9.0000000E+01
* ELEM  450  circular arc
 3, 933, 878
*
  0.0000000E+00, 6.1739786E+00, 1.7526000E-01, 0.0000000E+00, 9.0000000E+01
* ELEM  451  line segment
 1, 0, 878
*
  0.0000000E+00, 6.4127386E+00, 0.0000000E+00, -6.3500000E-02
* ELEM  452  line segment
 1, 0, 932
*
  0.0000000E+00, 5.8608930E+00, 0.0000000E+00, -3.5052000E-01
* ELEM  453  line segment
 1, 833, 822
*
  0.0000000E+00, 9.3482250E+00, 2.5400000E-01, 0.0000000E+00
* ELEM  454  line segment
 1, 0, 822
*
  0.0000000E+00, 9.3536378E+00, 0.0000000E+00, -5.4128000E-03
* ELEM  455  circular arc
 3, 881, 822
*
  0.0000000E+00, 9.5923978E+00, 2.3876000E-01, 2.7000000E+02, 9.0000000E+01
* ELEM  456  circular arc
 3, 881, 822
*
  0.0000000E+00, 9.5923978E+00, 2.3876000E-01, 0.0000000E+00, 9.0000000E+01
* ELEM  457  line segment
 1, 0, 822
*
  0.0000000E+00, 9.8365706E+00, 0.0000000E+00, -5.4128000E-03
* ELEM  458  line segment
 1, 0, 883
*
  0.0000000E+00, 1.0393829E+01, 0.0000000E+00, -6.3500000E-02
* ELEM  459  circular arc
 3, 942, 883
*
  0.0000000E+00, 1.0569089E+01, 1.7526000E-01, 2.7000000E+02, 9.0000000E+01
* ELEM  460  circular arc
 3, 942, 883
*
  0.0000000E+00, 1.0569089E+01, 1.7526000E-01, 0.0000000E+00, 9.0000000E+01
* ELEM  461  line segment
 1, 0, 883
*
  0.0000000E+00, 1.0807849E+01, 0.0000000E+00, -6.3500000E-02
* ELEM  462  line segment
 1, 0, 943
*
  0.0000000E+00, 1.1232695E+01, 0.0000000E+00, -3.5052000E-01
* ELEM  463  line segment
 1, 845, 842
*
  8.3335030E+00, 1.4986000E+01, 0.0000000E+00, 2.5400000E-01
* ELEM  464  line segment
 1, 0, 845
*
  8.3389158E+00, 1.5240000E+01, -5.4128000E-03, 0.0000000E+00
* ELEM  465  circular arc
 3, 894, 845
*
  8.5776758E+00, 1.5240000E+01, 2.3876000E-01, 1.8000000E+02, 1.8000000E+02
* ELEM  466  line segment
 1, 0, 845
*
  8.8218486E+00, 1.5240000E+01, -5.4128000E-03, 0.0000000E+00
* ELEM  467  line segment
 1, 0, 896
*
  9.3791070E+00, 1.5240000E+01, -6.3500000E-02, 0.0000000E+00
* ELEM  468  circular arc
 3, 921, 896
*
  9.5543670E+00, 1.5240000E+01, 1.7526000E-01, 1.8000000E+02, 1.8000000E+02
* ELEM  469  line segment
 1, 0, 896
*
  9.7931270E+00, 1.5240000E+01, -6.3500000E-02, 0.0000000E+00
* ELEM  470  line segment
 1, 0, 922
*
  1.0217973E+01, 1.5240000E+01, -3.5052000E-01, 0.0000000E+00
* ELEM  471  line segment
 1, 0, 850
*
  4.9204966E+00, 1.5240000E+01, -5.4128000E-03, 0.0000000E+00
* ELEM  472  circular arc
 3, 866, 850
*
  5.1592566E+00, 1.5240000E+01, 2.3876000E-01, 1.8000000E+02, 1.8000000E+02
* ELEM  473  line segment
 1, 0, 850
*
  5.4034294E+00, 1.5240000E+01, -5.4128000E-03, 0.0000000E+00
* ELEM  474  line segment
 1, 839, 850
*
  5.4034294E+00, 1.4986000E+01, 0.0000000E+00, 2.5400000E-01
* ELEM  475  line segment
 1, 0, 892
*
  4.0073054E+00, 1.5240000E+01, -6.3500000E-02, 0.0000000E+00
* ELEM  476  circular arc
 3, 910, 892
*
  4.1825654E+00, 1.5240000E+01, 1.7526000E-01, 1.8000000E+02, 1.8000000E+02
* ELEM  477  line segment
 1, 0, 892
*
  4.4213254E+00, 1.5240000E+01, -6.3500000E-02, 0.0000000E+00
* ELEM  478  line segment
 1, 0, 908
*
  3.8694798E+00, 1.5240000E+01, -3.5052000E-01, 0.0000000E+00
* ELEM  479  line segment
 1, 0, 828
*
  0.0000000E+00, 7.4002554E+00, 0.0000000E+00, -5.4128000E-03
* ELEM  480  circular arc
 3, 864, 828
*
  0.0000000E+00, 7.6390154E+00, 2.3876000E-01, 2.7000000E+02, 9.0000000E+01
* ELEM  481  circular arc
 3, 864, 828
*
  0.0000000E+00, 7.6390154E+00, 2.3876000E-01, 0.0000000E+00, 9.0000000E+01
* ELEM  482  line segment
 1, 0, 828
*
  0.0000000E+00, 7.8831882E+00, 0.0000000E+00, -5.4128000E-03
* ELEM  483  line segment
 1, 828, 836
*
  0.0000000E+00, 7.8831882E+00, 2.5400000E-01, 0.0000000E+00
* ELEM  484  line segment
 1, 0, 861
*
  0.0000000E+00, 6.4870642E+00, 0.0000000E+00, -6.3500000E-02
* ELEM  485  circular arc
 3, 934, 861
*
  0.0000000E+00, 6.6623242E+00, 1.7526000E-01, 2.7000000E+02, 9.0000000E+01
* ELEM  486  circular arc
 3, 934, 861
*
  0.0000000E+00, 6.6623242E+00, 1.7526000E-01, 0.0000000E+00, 9.0000000E+01
* ELEM  487  line segment
 1, 0, 861
*
  0.0000000E+00, 6.9010842E+00, 0.0000000E+00, -6.3500000E-02
* ELEM  488  line segment
 1, 0, 933
*
  0.0000000E+00, 6.3492386E+00, 0.0000000E+00, -3.5052000E-01
* ELEM  489  line segment
 1, 821, 833
*
  0.0000000E+00, 8.8598794E+00, 2.5400000E-01, 0.0000000E+00
* ELEM  490  line segment
 1, 0, 833
*
  0.0000000E+00, 8.8652922E+00, 0.0000000E+00, -5.4128000E-03
* ELEM  491  circular arc
 3, 880, 833
*
  0.0000000E+00, 9.1040522E+00, 2.3876000E-01, 2.7000000E+02, 9.0000000E+01
* ELEM  492  circular arc
 3, 880, 833
*
  0.0000000E+00, 9.1040522E+00, 2.3876000E-01, 0.0000000E+00, 9.0000000E+01
* ELEM  493  line segment
 1, 0, 833
*
  0.0000000E+00, 9.3482250E+00, 0.0000000E+00, -5.4128000E-03
* ELEM  494  line segment
 1, 0, 882
*
  0.0000000E+00, 9.9054834E+00, 0.0000000E+00, -6.3500000E-02
* ELEM  495  circular arc
 3, 941, 882
*
  0.0000000E+00, 1.0080743E+01, 1.7526000E-01, 2.7000000E+02, 9.0000000E+01
* ELEM  496  circular arc
 3, 941, 882
*
  0.0000000E+00, 1.0080743E+01, 1.7526000E-01, 0.0000000E+00, 9.0000000E+01
* ELEM  497  line segment
 1, 0, 882
*
  0.0000000E+00, 1.0319503E+01, 0.0000000E+00, -6.3500000E-02
* ELEM  498  line segment
 1, 0, 942
*
  0.0000000E+00, 1.0744349E+01, 0.0000000E+00, -3.5052000E-01
* ELEM  499  line segment
 1, 842, 844
*
  7.8451574E+00, 1.4986000E+01, 0.0000000E+00, 2.5400000E-01
* ELEM  500  line segment
 1, 0, 842
*
  7.8505702E+00, 1.5240000E+01, -5.4128000E-03, 0.0000000E+00
* ELEM  501  circular arc
 3, 872, 842
*
  8.0893302E+00, 1.5240000E+01, 2.3876000E-01, 1.8000000E+02, 1.8000000E+02
* ELEM  502  line segment
 1, 0, 842
*
  8.3335030E+00, 1.5240000E+01, -5.4128000E-03, 0.0000000E+00
* ELEM  503  line segment
 1, 0, 895
*
  8.8907614E+00, 1.5240000E+01, -6.3500000E-02, 0.0000000E+00
* ELEM  504  circular arc
 3, 920, 895
*
  9.0660214E+00, 1.5240000E+01, 1.7526000E-01, 1.8000000E+02, 1.8000000E+02
* ELEM  505  line segment
 1, 0, 895
*
  9.3047814E+00, 1.5240000E+01, -6.3500000E-02, 0.0000000E+00
* ELEM  506  line segment
 1, 0, 921
*
  9.7296270E+00, 1.5240000E+01, -3.5052000E-01, 0.0000000E+00
* ELEM  507  line segment
 1, 0, 839
*
  5.4088422E+00, 1.5240000E+01, -5.4128000E-03, 0.0000000E+00
* ELEM  508  circular arc
 3, 893, 839
*
  5.6476022E+00, 1.5240000E+01, 2.3876000E-01, 1.8000000E+02, 1.8000000E+02
* ELEM  509  line segment
 1, 0, 839
*
  5.8917750E+00, 1.5240000E+01, -5.4128000E-03, 0.0000000E+00
* ELEM  510  line segment
 1, 856, 839
*
  5.8917750E+00, 1.4986000E+01, 0.0000000E+00, 2.5400000E-01
* ELEM  511  line segment
 1, 0, 862
*
  4.4956510E+00, 1.5240000E+01, -6.3500000E-02, 0.0000000E+00
* ELEM  512  circular arc
 3, 911, 862
*
  4.6709110E+00, 1.5240000E+01, 1.7526000E-01, 1.8000000E+02, 1.8000000E+02
* ELEM  513  line segment
 1, 0, 862
*
  4.9096710E+00, 1.5240000E+01, -6.3500000E-02, 0.0000000E+00
* ELEM  514  line segment
 1, 0, 910
*
  4.3578254E+00, 1.5240000E+01, -3.5052000E-01, 0.0000000E+00
* ELEM  515  line segment
 1, 0, 836
*
  0.0000000E+00, 7.8886010E+00, 0.0000000E+00, -5.4128000E-03
* ELEM  516  circular arc
 3, 870, 836
*
  0.0000000E+00, 8.1273610E+00, 2.3876000E-01, 2.7000000E+02, 9.0000000E+01
* ELEM  517  circular arc
 3, 870, 836
*
  0.0000000E+00, 8.1273610E+00, 2.3876000E-01, 0.0000000E+00, 9.0000000E+01
* ELEM  518  line segment
 1, 0, 836
*
  0.0000000E+00, 8.3715338E+00, 0.0000000E+00, -5.4128000E-03
* ELEM  519  line segment
 1, 836, 821
*
  0.0000000E+00, 8.3715338E+00, 2.5400000E-01, 0.0000000E+00
* ELEM  520  line segment
 1, 0, 869
*
  0.0000000E+00, 6.9754098E+00, 0.0000000E+00, -6.3500000E-02
* ELEM  521  circular arc
 3, 935, 869
*
  0.0000000E+00, 7.1506698E+00, 1.7526000E-01, 2.7000000E+02, 9.0000000E+01
* ELEM  522  circular arc
 3, 935, 869
*
  0.0000000E+00, 7.1506698E+00, 1.7526000E-01, 0.0000000E+00, 9.0000000E+01
* ELEM  523  line segment
 1, 0, 869
*
  0.0000000E+00, 7.3894298E+00, 0.0000000E+00, -6.3500000E-02
* ELEM  524  line segment
 1, 0, 934
*
  0.0000000E+00, 6.8375842E+00, 0.0000000E+00, -3.5052000E-01
* ELEM  525  line segment
 1, 0, 821
*
  0.0000000E+00, 8.3769466E+00, 0.0000000E+00, -5.4128000E-03
* ELEM  526  circular arc
 3, 879, 821
*
  0.0000000E+00, 8.6157066E+00, 2.3876000E-01, 2.7000000E+02, 9.0000000E+01
* ELEM  527  circular arc
 3, 879, 821
*
  0.0000000E+00, 8.6157066E+00, 2.3876000E-01, 0.0000000E+00, 9.0000000E+01
* ELEM  528  line segment
 1, 0, 821
*
  0.0000000E+00, 8.8598794E+00, 0.0000000E+00, -5.4128000E-03
* ELEM  529  line segment
 1, 0, 881
*
  0.0000000E+00, 9.4171378E+00, 0.0000000E+00, -6.3500000E-02
* ELEM  530  circular arc
 3, 940, 881
*
  0.0000000E+00, 9.5923978E+00, 1.7526000E-01, 2.7000000E+02, 9.0000000E+01
* ELEM  531  circular arc
 3, 940, 881
*
  0.0000000E+00, 9.5923978E+00, 1.7526000E-01, 0.0000000E+00, 9.0000000E+01
* ELEM  532  line segment
 1, 0, 881
*
  0.0000000E+00, 9.8311578E+00, 0.0000000E+00, -6.3500000E-02
* ELEM  533  line segment
 1, 0, 941
*
  0.0000000E+00, 1.0256003E+01, 0.0000000E+00, -3.5052000E-01
* ELEM  534  line segment
 1, 844, 849
*
  7.3568118E+00, 1.4986000E+01, 0.0000000E+00, 2.5400000E-01
* ELEM  535  line segment
 1, 0, 844
*
  7.3622246E+00, 1.5240000E+01, -5.4128000E-03, 0.0000000E+00
* ELEM  536  circular arc
 3, 868, 844
*
  7.6009846E+00, 1.5240000E+01, 2.3876000E-01, 1.8000000E+02, 1.8000000E+02
* ELEM  537  line segment
 1, 0, 844
*
  7.8451574E+00, 1.5240000E+01, -5.4128000E-03, 0.0000000E+00
* ELEM  538  line segment
 1, 0, 894
*
  8.4024158E+00, 1.5240000E+01, -6.3500000E-02, 0.0000000E+00
* ELEM  539  circular arc
 3, 919, 894
*
  8.5776758E+00, 1.5240000E+01, 1.7526000E-01, 1.8000000E+02, 1.8000000E+02
* ELEM  540  line segment
 1, 0, 894
*
  8.8164358E+00, 1.5240000E+01, -6.3500000E-02, 0.0000000E+00
* ELEM  541  line segment
 1, 0, 920
*
  9.2412814E+00, 1.5240000E+01, -3.5052000E-01, 0.0000000E+00
* ELEM  542  line segment
 1, 0, 856
*
  5.8971878E+00, 1.5240000E+01, -5.4128000E-03, 0.0000000E+00
* ELEM  543  circular arc
 3, 863, 856
*
  6.1359478E+00, 1.5240000E+01, 2.3876000E-01, 1.8000000E+02, 1.8000000E+02
* ELEM  544  line segment
 1, 0, 856
*
  6.3801206E+00, 1.5240000E+01, -5.4128000E-03, 0.0000000E+00
* ELEM  545  line segment
 1, 851, 856
*
  6.3801206E+00, 1.4986000E+01, 0.0000000E+00, 2.5400000E-01
* ELEM  546  line segment
 1, 0, 866
*
  4.9839966E+00, 1.5240000E+01, -6.3500000E-02, 0.0000000E+00
* ELEM  547  circular arc
 3, 912, 866
*
  5.1592566E+00, 1.5240000E+01, 1.7526000E-01, 1.8000000E+02, 1.8000000E+02
* ELEM  548  line segment
 1, 0, 866
*
  5.3980166E+00, 1.5240000E+01, -6.3500000E-02, 0.0000000E+00
* ELEM  549  line segment
 1, 0, 911
*
  4.8461710E+00, 1.5240000E+01, -3.5052000E-01, 0.0000000E+00
* ELEM  550  line segment
 1, 0, 864
*
  0.0000000E+00, 7.4637554E+00, 0.0000000E+00, -6.3500000E-02
* ELEM  551  circular arc
 3, 936, 864
*
  0.0000000E+00, 7.6390154E+00, 1.7526000E-01, 2.7000000E+02, 9.0000000E+01
* ELEM  552  circular arc
 3, 936, 864
*
  0.0000000E+00, 7.6390154E+00, 1.7526000E-01, 0.0000000E+00, 9.0000000E+01
* ELEM  553  line segment
 1, 0, 864
*
  0.0000000E+00, 7.8777754E+00, 0.0000000E+00, -6.3500000E-02
* ELEM  554  line segment
 1, 0, 935
*
  0.0000000E+00, 7.3259298E+00, 0.0000000E+00, -3.5052000E-01
* ELEM  555  line segment
 1, 0, 880
*
  0.0000000E+00, 8.9287922E+00, 0.0000000E+00, -6.3500000E-02
* ELEM  556  circular arc
 3, 939, 880
*
  0.0000000E+00, 9.1040522E+00, 1.7526000E-01, 2.7000000E+02, 9.0000000E+01
* ELEM  557  circular arc
 3, 939, 880
*
  0.0000000E+00, 9.1040522E+00, 1.7526000E-01, 0.0000000E+00, 9.0000000E+01
* ELEM  558  line segment
 1, 0, 880
*
  0.0000000E+00, 9.3428122E+00, 0.0000000E+00, -6.3500000E-02
* ELEM  559  line segment
 1, 0, 940
*
  0.0000000E+00, 9.7676578E+00, 0.0000000E+00, -3.5052000E-01
* ELEM  560  line segment
 1, 849, 851
*
  6.8684662E+00, 1.4986000E+01, 0.0000000E+00, 2.5400000E-01
* ELEM  561  line segment
 1, 0, 849
*
  6.8738790E+00, 1.5240000E+01, -5.4128000E-03, 0.0000000E+00
* ELEM  562  circular arc
 3, 871, 849
*
  7.1126390E+00, 1.5240000E+01, 2.3876000E-01, 1.8000000E+02, 1.8000000E+02
* ELEM  563  line segment
 1, 0, 849
*
  7.3568118E+00, 1.5240000E+01, -5.4128000E-03, 0.0000000E+00
* ELEM  564  line segment
 1, 0, 872
*
  7.9140702E+00, 1.5240000E+01, -6.3500000E-02, 0.0000000E+00
* ELEM  565  circular arc
 3, 918, 872
*
  8.0893302E+00, 1.5240000E+01, 1.7526000E-01, 1.8000000E+02, 1.8000000E+02
* ELEM  566  line segment
 1, 0, 872
*
  8.3280902E+00, 1.5240000E+01, -6.3500000E-02, 0.0000000E+00
* ELEM  567  line segment
 1, 0, 919
*
  8.7529358E+00, 1.5240000E+01, -3.5052000E-01, 0.0000000E+00
* ELEM  568  line segment
 1, 0, 851
*
  6.3855334E+00, 1.5240000E+01, -5.4128000E-03, 0.0000000E+00
* ELEM  569  circular arc
 3, 867, 851
*
  6.6242934E+00, 1.5240000E+01, 2.3876000E-01, 1.8000000E+02, 1.8000000E+02
* ELEM  570  line segment
 1, 0, 851
*
  6.8684662E+00, 1.5240000E+01, -5.4128000E-03, 0.0000000E+00
* ELEM  571  line segment
 1, 0, 893
*
  5.4723422E+00, 1.5240000E+01, -6.3500000E-02, 0.0000000E+00
* ELEM  572  circular arc
 3, 913, 893
*
  5.6476022E+00, 1.5240000E+01, 1.7526000E-01, 1.8000000E+02, 1.8000000E+02
* ELEM  573  line segment
 1, 0, 893
*
  5.8863622E+00, 1.5240000E+01, -6.3500000E-02, 0.0000000E+00
* ELEM  574  line segment
 1, 0, 912
*
  5.3345166E+00, 1.5240000E+01, -3.5052000E-01, 0.0000000E+00
* ELEM  575  line segment
 1, 0, 870
*
  0.0000000E+00, 7.9521010E+00, 0.0000000E+00, -6.3500000E-02
* ELEM  576  circular arc
 3, 937, 870
*
  0.0000000E+00, 8.1273610E+00, 1.7526000E-01, 2.7000000E+02, 9.0000000E+01
* ELEM  577  circular arc
 3, 937, 870
*
  0.0000000E+00, 8.1273610E+00, 1.7526000E-01, 0.0000000E+00, 9.0000000E+01
* ELEM  578  line segment
 1, 0, 870
*
  0.0000000E+00, 8.3661210E+00, 0.0000000E+00, -6.3500000E-02
* ELEM  579  line segment
 1, 0, 936
*
  0.0000000E+00, 7.8142754E+00, 0.0000000E+00, -3.5052000E-01
* ELEM  580  line segment
 1, 0, 879
*
  0.0000000E+00, 8.4404466E+00, 0.0000000E+00, -6.3500000E-02
* ELEM  581  circular arc
 3, 938, 879
*
  0.0000000E+00, 8.6157066E+00, 1.7526000E-01, 2.7000000E+02, 9.0000000E+01
* ELEM  582  circular arc
 3, 938, 879
*
  0.0000000E+00, 8.6157066E+00, 1.7526000E-01, 0.0000000E+00, 9.0000000E+01
* ELEM  583  line segment
 1, 0, 879
*
  0.0000000E+00, 8.8544666E+00, 0.0000000E+00, -6.3500000E-02
* ELEM  584  line segment
 1, 0, 939
*
  0.0000000E+00, 9.2793122E+00, 0.0000000E+00, -3.5052000E-01
* ELEM  585  line segment
 1, 0, 868
*
  7.4257246E+00, 1.5240000E+01, -6.3500000E-02, 0.0000000E+00
* ELEM  586  circular arc
 3, 917, 868
*
  7.6009846E+00, 1.5240000E+01, 1.7526000E-01, 1.8000000E+02, 1.8000000E+02
* ELEM  587  line segment
 1, 0, 868
*
  7.8397446E+00, 1.5240000E+01, -6.3500000E-02, 0.0000000E+00
* ELEM  588  line segment
 1, 0, 918
*
  8.2645902E+00, 1.5240000E+01, -3.5052000E-01, 0.0000000E+00
* ELEM  589  line segment
 1, 0, 863
*
  5.9606878E+00, 1.5240000E+01, -6.3500000E-02, 0.0000000E+00
* ELEM  590  circular arc
 3, 914, 863
*
  6.1359478E+00, 1.5240000E+01, 1.7526000E-01, 1.8000000E+02, 1.8000000E+02
* ELEM  591  line segment
 1, 0, 863
*
  6.3747078E+00, 1.5240000E+01, -6.3500000E-02, 0.0000000E+00
* ELEM  592  line segment
 1, 0, 913
*
  5.8228622E+00, 1.5240000E+01, -3.5052000E-01, 0.0000000E+00
* ELEM  593  line segment
 1, 0, 937
*
  0.0000000E+00, 8.3026210E+00, 0.0000000E+00, -3.5052000E-01
* ELEM  594  line segment
 1, 0, 938
*
  0.0000000E+00, 8.7909666E+00, 0.0000000E+00, -3.5052000E-01
* ELEM  595  line segment
 1, 0, 871
*
  6.9373790E+00, 1.5240000E+01, -6.3500000E-02, 0.0000000E+00
* ELEM  596  circular arc
 3, 916, 871
*
  7.1126390E+00, 1.5240000E+01, 1.7526000E-01, 1.8000000E+02, 1.8000000E+02
* ELEM  597  line segment
 1, 0, 871
*
  7.3513990E+00, 1.5240000E+01, -6.3500000E-02, 0.0000000E+00
* ELEM  598  line segment
 1, 0, 917
*
  7.7762446E+00, 1.5240000E+01, -3.5052000E-01, 0.0000000E+00
* ELEM  599  line segment
 1, 0, 867
*
  6.4490334E+00, 1.5240000E+01, -6.3500000E-02, 0.0000000E+00
* ELEM  600  circular arc
 3, 915, 867
*
  6.6242934E+00, 1.5240000E+01, 1.7526000E-01, 1.8000000E+02, 1.8000000E+02
* ELEM  601  line segment
 1, 0, 867
*
  6.8630534E+00, 1.5240000E+01, -6.3500000E-02, 0.0000000E+00
* ELEM  602  line segment
 1, 0, 914
*
  6.3112078E+00, 1.5240000E+01, -3.5052000E-01, 0.0000000E+00
* ELEM  603  line segment
 1, 0, 916
*
  7.2878990E+00, 1.5240000E+01, -3.5052000E-01, 0.0000000E+00
* ELEM  604  line segment
 1, 0, 915
*
  6.7995534E+00, 1.5240000E+01, -3.5052000E-01, 0.0000000E+00
* ELEM  605  line segment
 1, 771, 957
*
  1.0531941E+00, 1.4120000E+01, 6.6805873E-02, 0.0000000E+00
* ELEM  606  line segment
 1, 954, 771
*
  1.1200000E+00, 1.3943218E+01, 0.0000000E+00, 1.7678235E-01
* ELEM  607  circular arc
 3, 813, 771
*
  1.8850000E+00, 1.3355000E+01, 9.6500000E-01, 1.4244289E+02, 3.7557114E+01
* ELEM  608  line segment
 1, 771, 813
*
  9.2000000E-01, 1.3355000E+01, 0.0000000E+00, -5.3500000E-01
* ELEM  609  line segment
 1, 771, 780
*
  9.2000000E-01, 1.2820000E+01, -1.6510000E-01, 0.0000000E+00
* ELEM  610  line segment
 1, 780, 738
*
  9.2000000E-01, 1.2820000E+01, 0.0000000E+00, -1.3000000E+00
* ELEM  611  line segment
 1, 780, 779
*
  9.2000000E-01, 1.1520000E+01, -1.6510000E-01, 0.0000000E+00
* ELEM  612  line segment
 1, 770, 957
*
  1.1200000E+00, 1.4120000E+01, 0.0000000E+00, 6.6805873E-02
* ELEM  613  line segment
 1, 779, 737
*
  9.2000000E-01, 1.1520000E+01, 0.0000000E+00, -1.3000000E+00
* ELEM  614  line segment
 1, 779, 800
*
  9.2000000E-01, 1.0220000E+01, -1.6510000E-01, 0.0000000E+00
* ELEM  615  line segment
 1, 804, 770
*
  2.4200000E+00, 1.4320000E+01, 0.0000000E+00, 1.6510000E-01
* ELEM  616  line segment
 1, 770, 811
*
  2.4200000E+00, 1.4320000E+01, -5.3500000E-01, 0.0000000E+00
* ELEM  617  circular arc
 3, 811, 770
*
  1.8850000E+00, 1.3355000E+01, 9.6500000E-01, 9.0000000E+01, 3.7557114E+01
* ELEM  618  line segment
 1, 954, 770
*
  1.1200000E+00, 1.4120000E+01, 1.7678235E-01, 0.0000000E+00
* ELEM  619  circular arc
 3, 70, 954
*
  1.8850000E+00, 1.3355000E+01, 9.6500000E-01, 1.2755711E+02, 1.4885772E+01
* ELEM  620  line segment
 1, 800, 759
*
  9.2000000E-01, 1.0220000E+01, 0.0000000E+00, -1.3000000E+00
* ELEM  621  line segment
 1, 800, 778
*
  9.2000000E-01, 8.9200000E+00, -1.6510000E-01, 0.0000000E+00
* ELEM  622  line segment
 1, 778, 736
*
  9.2000000E-01, 8.9200000E+00, 0.0000000E+00, -1.3000000E+00
* ELEM  623  line segment
 1, 778, 783
*
  9.2000000E-01, 7.6200000E+00, -1.6510000E-01, 0.0000000E+00
* ELEM  624  line segment
 1, 788, 804
*
  3.7200000E+00, 1.4320000E+01, 0.0000000E+00, 1.6510000E-01
* ELEM  625  line segment
 1, 804, 765
*
  3.7200000E+00, 1.4320000E+01, -1.3000000E+00, 0.0000000E+00
* ELEM  626  line segment
 1, 783, 746
*
  9.2000000E-01, 7.6200000E+00, 0.0000000E+00, -1.3000000E+00
* ELEM  627  line segment
 1, 783, 795
*
  9.2000000E-01, 6.3200000E+00, -1.6510000E-01, 0.0000000E+00
* ELEM  628  line segment
 1, 803, 788
*
  5.0200000E+00, 1.4320000E+01, 0.0000000E+00, 1.6510000E-01
* ELEM  629  line segment
 1, 788, 756
*
  5.0200000E+00, 1.4320000E+01, -1.3000000E+00, 0.0000000E+00
* ELEM  630  line segment
 1, 795, 745
*
  9.2000000E-01, 6.3200000E+00, 0.0000000E+00, -1.3000000E+00
* ELEM  631  line segment
 1, 795, 777
*
  9.2000000E-01, 5.0200000E+00, -1.6510000E-01, 0.0000000E+00
* ELEM  632  line segment
 1, 796, 803
*
  6.3200000E+00, 1.4320000E+01, 0.0000000E+00, 1.6510000E-01
* ELEM  633  line segment
 1, 803, 760
*
  6.3200000E+00, 1.4320000E+01, -1.3000000E+00, 0.0000000E+00
* ELEM  634  line segment
 1, 777, 742
*
  9.2000000E-01, 5.0200000E+00, 0.0000000E+00, -1.3000000E+00
* ELEM  635  line segment
 1, 777, 799
*
  9.2000000E-01, 3.7200000E+00, -1.6510000E-01, 0.0000000E+00
* ELEM  636  line segment
 1, 790, 796
*
  7.6200000E+00, 1.4320000E+01, 0.0000000E+00, 1.6510000E-01
* ELEM  637  line segment
 1, 796, 761
*
  7.6200000E+00, 1.4320000E+01, -1.3000000E+00, 0.0000000E+00
* ELEM  638  line segment
 1, 799, 755
*
  9.2000000E-01, 3.7200000E+00, 0.0000000E+00, -1.3000000E+00
* ELEM  639  line segment
 1, 799, 768
*
  9.2000000E-01, 2.4200000E+00, -1.6510000E-01, 0.0000000E+00
* ELEM  640  line segment
 1, 806, 790
*
  8.9200000E+00, 1.4320000E+01, 0.0000000E+00, 1.6510000E-01
* ELEM  641  line segment
 1, 790, 749
*
  8.9200000E+00, 1.4320000E+01, -1.3000000E+00, 0.0000000E+00
* ELEM  642  line segment
 1, 768, 809
*
  9.2000000E-01, 2.4200000E+00, 0.0000000E+00, -5.3500000E-01
* ELEM  643  circular arc
 3, 809, 768
*
  1.8850000E+00, 1.8850000E+00, 9.6500000E-01, 1.8000000E+02, 3.7557114E+01
* ELEM  644  line segment
 1, 955, 768
*
  1.1200000E+00, 1.1200000E+00, 0.0000000E+00, 1.7678235E-01
* ELEM  645  line segment
 1, 768, 956
*
  1.1200000E+00, 1.1200000E+00, -6.6805873E-02, 0.0000000E+00
* ELEM  646  line segment
 1, 791, 806
*
  1.0220000E+01, 1.4320000E+01, 0.0000000E+00, 1.6510000E-01
* ELEM  647  line segment
 1, 806, 766
*
  1.0220000E+01, 1.4320000E+01, -1.3000000E+00, 0.0000000E+00
* ELEM  648  line segment
 1, 792, 791
*
  1.1520000E+01, 1.4320000E+01, 0.0000000E+00, 1.6510000E-01
* ELEM  649  line segment
 1, 791, 750
*
  1.1520000E+01, 1.4320000E+01, -1.3000000E+00, 0.0000000E+00
* ELEM  650  line segment
 1, 769, 956
*
  1.1200000E+00, 1.0531941E+00, 0.0000000E+00, 6.6805873E-02
* ELEM  651  line segment
 1, 775, 792
*
  1.2820000E+01, 1.4320000E+01, 0.0000000E+00, 1.6510000E-01
* ELEM  652  line segment
 1, 792, 751
*
  1.2820000E+01, 1.4320000E+01, -1.3000000E+00, 0.0000000E+00
* ELEM  653  line segment
 1, 955, 769
*
  1.2967824E+00, 1.1200000E+00, -1.7678235E-01, 0.0000000E+00
* ELEM  654  circular arc
 3, 810, 769
*
  1.8850000E+00, 1.8850000E+00, 9.6500000E-01, 2.3244289E+02, 3.7557114E+01
* ELEM  655  line segment
 1, 769, 810
*
  1.8850000E+00, 9.2000000E-01, 5.3500000E-01, 0.0000000E+00
* ELEM  656  line segment
 1, 784, 769
*
  2.4200000E+00, 7.5490000E-01, 0.0000000E+00, 1.6510000E-01
* ELEM  657  circular arc
 3, 680, 955
*
  1.8850000E+00, 1.8850000E+00, 9.6500000E-01, 2.1755711E+02, 1.4885772E+01
* ELEM  658  line segment
 1, 775, 959
*
  1.4120000E+01, 1.4186806E+01, 0.0000000E+00, -6.6805873E-02
* ELEM  659  line segment
 1, 952, 775
*
  1.3943218E+01, 1.4120000E+01, 1.7678235E-01, 0.0000000E+00
* ELEM  660  circular arc
 3, 815, 775
*
  1.3355000E+01, 1.3355000E+01, 9.6500000E-01, 5.2442886E+01, 3.7557114E+01
* ELEM  661  line segment
 1, 775, 815
*
  1.3355000E+01, 1.4320000E+01, -5.3500000E-01, 0.0000000E+00
* ELEM  662  line segment
 1, 784, 743
*
  2.4200000E+00, 9.2000000E-01, 1.3000000E+00, 0.0000000E+00
* ELEM  663  line segment
 1, 785, 784
*
  3.7200000E+00, 7.5490000E-01, 0.0000000E+00, 1.6510000E-01
* ELEM  664  line segment
 1, 774, 959
*
  1.4120000E+01, 1.4120000E+01, 6.6805873E-02, 0.0000000E+00
* ELEM  665  line segment
 1, 785, 744
*
  3.7200000E+00, 9.2000000E-01, 1.3000000E+00, 0.0000000E+00
* ELEM  666  line segment
 1, 787, 785
*
  5.0200000E+00, 7.5490000E-01, 0.0000000E+00, 1.6510000E-01
* ELEM  667  line segment
 1, 774, 794
*
  1.4485100E+01, 1.2820000E+01, -1.6510000E-01, 0.0000000E+00
* ELEM  668  line segment
 1, 774, 816
*
  1.4320000E+01, 1.2820000E+01, 0.0000000E+00, 5.3500000E-01
* ELEM  669  circular arc
 3, 816, 774
*
  1.3355000E+01, 1.3355000E+01, 9.6500000E-01, 0.0000000E+00, 3.7557114E+01
* ELEM  670  line segment
 1, 952, 774
*
  1.4120000E+01, 1.4120000E+01, 0.0000000E+00, -1.7678235E-01
* ELEM  671  circular arc
 3, 7, 952
*
  1.3355000E+01, 1.3355000E+01, 9.6500000E-01, 3.7557114E+01, 1.4885772E+01
* ELEM  672  line segment
 1, 787, 747
*
  5.0200000E+00, 9.2000000E-01, 1.3000000E+00, 0.0000000E+00
* ELEM  673  line segment
 1, 789, 787
*
  6.3200000E+00, 7.5490000E-01, 0.0000000E+00, 1.6510000E-01
* ELEM  674  line segment
 1, 789, 748
*
  6.3200000E+00, 9.2000000E-01, 1.3000000E+00, 0.0000000E+00
* ELEM  675  line segment
 1, 776, 789
*
  7.6200000E+00, 7.5490000E-01, 0.0000000E+00, 1.6510000E-01
* ELEM  676  line segment
 1, 794, 793
*
  1.4485100E+01, 1.1520000E+01, -1.6510000E-01, 0.0000000E+00
* ELEM  677  line segment
 1, 794, 754
*
  1.4320000E+01, 1.1520000E+01, 0.0000000E+00, 1.3000000E+00
* ELEM  678  line segment
 1, 776, 739
*
  7.6200000E+00, 9.2000000E-01, 1.3000000E+00, 0.0000000E+00
* ELEM  679  line segment
 1, 805, 776
*
  8.9200000E+00, 7.5490000E-01, 0.0000000E+00, 1.6510000E-01
* ELEM  680  line segment
 1, 793, 807
*
  1.4485100E+01, 1.0220000E+01, -1.6510000E-01, 0.0000000E+00
* ELEM  681  line segment
 1, 793, 753
*
  1.4320000E+01, 1.0220000E+01, 0.0000000E+00, 1.3000000E+00
* ELEM  682  line segment
 1, 805, 762
*
  8.9200000E+00, 9.2000000E-01, 1.3000000E+00, 0.0000000E+00
* ELEM  683  line segment
 1, 781, 805
*
  1.0220000E+01, 7.5490000E-01, 0.0000000E+00, 1.6510000E-01
* ELEM  684  line segment
 1, 807, 786
*
  1.4485100E+01, 8.9200000E+00, -1.6510000E-01, 0.0000000E+00
* ELEM  685  line segment
 1, 807, 767
*
  1.4320000E+01, 8.9200000E+00, 0.0000000E+00, 1.3000000E+00
* ELEM  686  line segment
 1, 781, 740
*
  1.0220000E+01, 9.2000000E-01, 1.3000000E+00, 0.0000000E+00
* ELEM  687  line segment
 1, 782, 781
*
  1.1520000E+01, 7.5490000E-01, 0.0000000E+00, 1.6510000E-01
* ELEM  688  line segment
 1, 786, 802
*
  1.4485100E+01, 7.6200000E+00, -1.6510000E-01, 0.0000000E+00
* ELEM  689  line segment
 1, 786, 752
*
  1.4320000E+01, 7.6200000E+00, 0.0000000E+00, 1.3000000E+00
* ELEM  690  line segment
 1, 782, 741
*
  1.1520000E+01, 9.2000000E-01, 1.3000000E+00, 0.0000000E+00
* ELEM  691  line segment
 1, 773, 782
*
  1.2820000E+01, 7.5490000E-01, 0.0000000E+00, 1.6510000E-01
* ELEM  692  line segment
 1, 802, 801
*
  1.4485100E+01, 6.3200000E+00, -1.6510000E-01, 0.0000000E+00
* ELEM  693  line segment
 1, 802, 764
*
  1.4320000E+01, 6.3200000E+00, 0.0000000E+00, 1.3000000E+00
* ELEM  694  line segment
 1, 773, 814
*
  1.2820000E+01, 9.2000000E-01, 5.3500000E-01, 0.0000000E+00
* ELEM  695  circular arc
 3, 814, 773
*
  1.3355000E+01, 1.8850000E+00, 9.6500000E-01, 2.7000000E+02, 3.7557114E+01
* ELEM  696  line segment
 1, 953, 773
*
  1.4120000E+01, 1.1200000E+00, -1.7678235E-01, 0.0000000E+00
* ELEM  697  line segment
 1, 773, 958
*
  1.4120000E+01, 1.1200000E+00, 0.0000000E+00, -6.6805873E-02
* ELEM  698  line segment
 1, 801, 798
*
  1.4485100E+01, 5.0200000E+00, -1.6510000E-01, 0.0000000E+00
* ELEM  699  line segment
 1, 801, 763
*
  1.4320000E+01, 5.0200000E+00, 0.0000000E+00, 1.3000000E+00
* ELEM  700  line segment
 1, 798, 797
*
  1.4485100E+01, 3.7200000E+00, -1.6510000E-01, 0.0000000E+00
* ELEM  701  line segment
 1, 798, 758
*
  1.4320000E+01, 3.7200000E+00, 0.0000000E+00, 1.3000000E+00
* ELEM  702  line segment
 1, 772, 958
*
  1.4186806E+01, 1.1200000E+00, -6.6805873E-02, 0.0000000E+00
* ELEM  703  line segment
 1, 797, 772
*
  1.4485100E+01, 2.4200000E+00, -1.6510000E-01, 0.0000000E+00
* ELEM  704  line segment
 1, 797, 757
*
  1.4320000E+01, 2.4200000E+00, 0.0000000E+00, 1.3000000E+00
* ELEM  705  line segment
 1, 953, 772
*
  1.4120000E+01, 1.2967824E+00, 0.0000000E+00, -1.7678235E-01
* ELEM  706  circular arc
 3, 812, 772
*
  1.3355000E+01, 1.8850000E+00, 9.6500000E-01, 3.2244289E+02, 3.7557114E+01
* ELEM  707  line segment
 1, 772, 812
*
  1.4320000E+01, 1.8850000E+00, 0.0000000E+00, 5.3500000E-01
* ELEM  708  circular arc
 3, 617, 953
*
  1.3355000E+01, 1.8850000E+00, 9.6500000E-01, 3.0755711E+02, 1.4885772E+01
* ELEM  709  line segment
 1, 755, 809
*
  1.1200000E+00, 2.4200000E+00, -2.0000000E-01, 0.0000000E+00
* ELEM  710  line segment
 1, 680, 809
*
  1.1200000E+00, 1.2967824E+00, 0.0000000E+00, 1.1232176E+00
* ELEM  711  line segment
 1, 680, 610
*
  1.1200000E+00, 2.4200000E+00, 1.3000000E+00, 0.0000000E+00
* ELEM  712  line segment
 1, 680, 673
*
  2.4200000E+00, 2.4200000E+00, 0.0000000E+00, -1.3000000E+00
* ELEM  713  line segment
 1, 680, 810
*
  2.4200000E+00, 1.1200000E+00, -1.1232176E+00, 0.0000000E+00
* ELEM  714  circle
 2, 681, 680
*
  1.7700000E+00, 1.7700000E+00, 5.1500000E-01, 0.0000000E+00
* ELEM  715  line segment
 1, 610, 755
*
  1.1200000E+00, 2.4200000E+00, 0.0000000E+00, 1.3000000E+00
* ELEM  716  line segment
 1, 610, 534
*
  1.1200000E+00, 3.7200000E+00, 1.3000000E+00, 0.0000000E+00
* ELEM  717  line segment
 1, 610, 603
*
  2.4200000E+00, 3.7200000E+00, 0.0000000E+00, -1.3000000E+00
* ELEM  718  circle
 2, 611, 610
*
  1.7700000E+00, 3.0700000E+00, 5.1500000E-01, 0.0000000E+00
* ELEM  719  line segment
 1, 534, 742
*
  1.1200000E+00, 3.7200000E+00, 0.0000000E+00, 1.3000000E+00
* ELEM  720  line segment
 1, 534, 458
*
  1.1200000E+00, 5.0200000E+00, 1.3000000E+00, 0.0000000E+00
* ELEM  721  line segment
 1, 534, 525
*
  2.4200000E+00, 5.0200000E+00, 0.0000000E+00, -1.3000000E+00
* ELEM  722  circle
 2, 535, 534
*
  1.7700000E+00, 4.3700000E+00, 5.1500000E-01, 0.0000000E+00
* ELEM  723  line segment
 1, 673, 603
*
  2.4200000E+00, 2.4200000E+00, 1.3000000E+00, 0.0000000E+00
* ELEM  724  line segment
 1, 603, 594
*
  3.7200000E+00, 3.7200000E+00, 0.0000000E+00, -1.3000000E+00
* ELEM  725  line segment
 1, 603, 525
*
  2.4200000E+00, 3.7200000E+00, 1.3000000E+00, 0.0000000E+00
* ELEM  726  circle
 2, 604, 603
*
  3.0700000E+00, 3.0700000E+00, 5.1500000E-01, 0.0000000E+00
* ELEM  727  line segment
 1, 673, 666
*
  3.7200000E+00, 2.4200000E+00, 0.0000000E+00, -1.3000000E+00
* ELEM  728  line segment
 1, 673, 743
*
  3.7200000E+00, 1.1200000E+00, -1.3000000E+00, 0.0000000E+00
* ELEM  729  circle
 2, 674, 673
*
  3.0700000E+00, 1.7700000E+00, 5.1500000E-01, 0.0000000E+00
* ELEM  730  line segment
 1, 458, 745
*
  1.1200000E+00, 5.0200000E+00, 0.0000000E+00, 1.3000000E+00
* ELEM  731  line segment
 1, 458, 398
*
  1.1200000E+00, 6.3200000E+00, 1.3000000E+00, 0.0000000E+00
* ELEM  732  line segment
 1, 458, 451
*
  2.4200000E+00, 6.3200000E+00, 0.0000000E+00, -1.3000000E+00
* ELEM  733  circle
 2, 459, 458
*
  1.7700000E+00, 5.6700000E+00, 5.1500000E-01, 0.0000000E+00
* ELEM  734  line segment
 1, 525, 518
*
  3.7200000E+00, 5.0200000E+00, 0.0000000E+00, -1.3000000E+00
* ELEM  735  line segment
 1, 525, 451
*
  2.4200000E+00, 5.0200000E+00, 1.3000000E+00, 0.0000000E+00
* ELEM  736  circle
 2, 526, 525
*
  3.0700000E+00, 4.3700000E+00, 5.1500000E-01, 0.0000000E+00
* ELEM  737  line segment
 1, 666, 594
*
  3.7200000E+00, 2.4200000E+00, 1.3000000E+00, 0.0000000E+00
* ELEM  738  line segment
 1, 594, 587
*
  5.0200000E+00, 3.7200000E+00, 0.0000000E+00, -1.3000000E+00
* ELEM  739  line segment
 1, 594, 518
*
  3.7200000E+00, 3.7200000E+00, 1.3000000E+00, 0.0000000E+00
* ELEM  740  circle
 2, 595, 594
*
  4.3700000E+00, 3.0700000E+00, 5.1500000E-01, 0.0000000E+00
* ELEM  741  line segment
 1, 666, 659
*
  5.0200000E+00, 2.4200000E+00, 0.0000000E+00, -1.3000000E+00
* ELEM  742  line segment
 1, 666, 744
*
  5.0200000E+00, 1.1200000E+00, -1.3000000E+00, 0.0000000E+00
* ELEM  743  circle
 2, 667, 666
*
  4.3700000E+00, 1.7700000E+00, 5.1500000E-01, 0.0000000E+00
* ELEM  744  line segment
 1, 398, 746
*
  1.1200000E+00, 6.3200000E+00, 0.0000000E+00, 1.3000000E+00
* ELEM  745  line segment
 1, 398, 338
*
  1.1200000E+00, 7.6200000E+00, 1.3000000E+00, 0.0000000E+00
* ELEM  746  line segment
 1, 398, 389
*
  2.4200000E+00, 7.6200000E+00, 0.0000000E+00, -1.3000000E+00
* ELEM  747  circle
 2, 399, 398
*
  1.7700000E+00, 6.9700000E+00, 5.1500000E-01, 0.0000000E+00
* ELEM  748  line segment
 1, 451, 442
*
  3.7200000E+00, 6.3200000E+00, 0.0000000E+00, -1.3000000E+00
* ELEM  749  line segment
 1, 451, 389
*
  2.4200000E+00, 6.3200000E+00, 1.3000000E+00, 0.0000000E+00
* ELEM  750  circle
 2, 452, 451
*
  3.0700000E+00, 5.6700000E+00, 5.1500000E-01, 0.0000000E+00
* ELEM  751  line segment
 1, 518, 511
*
  5.0200000E+00, 5.0200000E+00, 0.0000000E+00, -1.3000000E+00
* ELEM  752  line segment
 1, 518, 442
*
  3.7200000E+00, 5.0200000E+00, 1.3000000E+00, 0.0000000E+00
* ELEM  753  circle
 2, 519, 518
*
  4.3700000E+00, 4.3700000E+00, 5.1500000E-01, 0.0000000E+00
* ELEM  754  line segment
 1, 659, 587
*
  5.0200000E+00, 2.4200000E+00, 1.3000000E+00, 0.0000000E+00
* ELEM  755  line segment
 1, 587, 580
*
  6.3200000E+00, 3.7200000E+00, 0.0000000E+00, -1.3000000E+00
* ELEM  756  line segment
 1, 587, 511
*
  5.0200000E+00, 3.7200000E+00, 1.3000000E+00, 0.0000000E+00
* ELEM  757  circle
 2, 588, 587
*
  5.6700000E+00, 3.0700000E+00, 5.1500000E-01, 0.0000000E+00
* ELEM  758  line segment
 1, 659, 652
*
  6.3200000E+00, 2.4200000E+00, 0.0000000E+00, -1.3000000E+00
* ELEM  759  line segment
 1, 659, 747
*
  6.3200000E+00, 1.1200000E+00, -1.3000000E+00, 0.0000000E+00
* ELEM  760  circle
 2, 660, 659
*
  5.6700000E+00, 1.7700000E+00, 5.1500000E-01, 0.0000000E+00
* ELEM  761  line segment
 1, 338, 736
*
  1.1200000E+00, 7.6200000E+00, 0.0000000E+00, 1.3000000E+00
* ELEM  762  line segment
 1, 338, 280
*
  1.1200000E+00, 8.9200000E+00, 1.3000000E+00, 0.0000000E+00
* ELEM  763  line segment
 1, 338, 331
*
  2.4200000E+00, 8.9200000E+00, 0.0000000E+00, -1.3000000E+00
* ELEM  764  circle
 2, 339, 338
*
  1.7700000E+00, 8.2700000E+00, 5.1500000E-01, 0.0000000E+00
* ELEM  765  line segment
 1, 389, 382
*
  3.7200000E+00, 7.6200000E+00, 0.0000000E+00, -1.3000000E+00
* ELEM  766  line segment
 1, 389, 331
*
  2.4200000E+00, 7.6200000E+00, 1.3000000E+00, 0.0000000E+00
* ELEM  767  circle
 2, 390, 389
*
  3.0700000E+00, 6.9700000E+00, 5.1500000E-01, 0.0000000E+00
* ELEM  768  line segment
 1, 4, 442
*
  5.0200000E+00, 5.0200000E+00, 0.0000000E+00, 1.3000000E+00
* ELEM  769  line segment
 1, 442, 382
*
  3.7200000E+00, 6.3200000E+00, 1.3000000E+00, 0.0000000E+00
* ELEM  770  circle
 2, 443, 442
*
  4.3700000E+00, 5.6700000E+00, 5.1500000E-01, 0.0000000E+00
* ELEM  771  line segment
 1, 511, 504
*
  6.3200000E+00, 5.0200000E+00, 0.0000000E+00, -1.3000000E+00
* ELEM  772  line segment
 1, 4, 511
*
  6.3200000E+00, 5.0200000E+00, -1.3000000E+00, 0.0000000E+00
* ELEM  773  circle
 2, 512, 511
*
  5.6700000E+00, 4.3700000E+00, 5.1500000E-01, 0.0000000E+00
* ELEM  774  line segment
 1, 652, 580
*
  6.3200000E+00, 2.4200000E+00, 1.3000000E+00, 0.0000000E+00
* ELEM  775  line segment
 1, 580, 571
*
  7.6200000E+00, 3.7200000E+00, 0.0000000E+00, -1.3000000E+00
* ELEM  776  line segment
 1, 580, 504
*
  6.3200000E+00, 3.7200000E+00, 1.3000000E+00, 0.0000000E+00
* ELEM  777  circle
 2, 581, 580
*
  6.9700000E+00, 3.0700000E+00, 5.1500000E-01, 0.0000000E+00
* ELEM  778  line segment
 1, 652, 645
*
  7.6200000E+00, 2.4200000E+00, 0.0000000E+00, -1.3000000E+00
* ELEM  779  line segment
 1, 652, 748
*
  7.6200000E+00, 1.1200000E+00, -1.3000000E+00, 0.0000000E+00
* ELEM  780  circle
 2, 653, 652
*
  6.9700000E+00, 1.7700000E+00, 5.1500000E-01, 0.0000000E+00
* ELEM  781  line segment
 1, 280, 759
*
  1.1200000E+00, 8.9200000E+00, 0.0000000E+00, 1.3000000E+00
* ELEM  782  line segment
 1, 280, 222
*
  1.1200000E+00, 1.0220000E+01, 1.3000000E+00, 0.0000000E+00
* ELEM  783  line segment
 1, 280, 273
*
  2.4200000E+00, 1.0220000E+01, 0.0000000E+00, -1.3000000E+00
* ELEM  784  circle
 2, 281, 280
*
  1.7700000E+00, 9.5700000E+00, 5.1500000E-01, 0.0000000E+00
* ELEM  785  line segment
 1, 331, 322
*
  3.7200000E+00, 8.9200000E+00, 0.0000000E+00, -1.3000000E+00
* ELEM  786  line segment
 1, 331, 273
*
  2.4200000E+00, 8.9200000E+00, 1.3000000E+00, 0.0000000E+00
* ELEM  787  circle
 2, 332, 331
*
  3.0700000E+00, 8.2700000E+00, 5.1500000E-01, 0.0000000E+00
* ELEM  788  line segment
 1, 4, 382
*
  5.0200000E+00, 6.3200000E+00, 0.0000000E+00, 1.3000000E+00
* ELEM  789  line segment
 1, 382, 322
*
  3.7200000E+00, 7.6200000E+00, 1.3000000E+00, 0.0000000E+00
* ELEM  790  circle
 2, 383, 382
*
  4.3700000E+00, 6.9700000E+00, 5.1500000E-01, 0.0000000E+00
* ELEM  791  line segment
 1, 4, 504
*
  7.6200000E+00, 5.0200000E+00, -1.3000000E+00, 0.0000000E+00
* ELEM  792  line segment
 1, 4, 435
*
  7.6200000E+00, 6.3200000E+00, 0.0000000E+00, -1.3000000E+00
* ELEM  793  line segment
 1, 4, 375
*
  7.6200000E+00, 7.6200000E+00, 0.0000000E+00, -1.3000000E+00
* ELEM  794  line segment
 1, 4, 308
*
  6.3200000E+00, 7.6200000E+00, 1.3000000E+00, 0.0000000E+00
* ELEM  795  line segment
 1, 4, 315
*
  5.0200000E+00, 7.6200000E+00, 1.3000000E+00, 0.0000000E+00
* ELEM  796  circle
 2, 5, 4
*
  6.3200000E+00, 6.3200000E+00, 1.2450000E+00, 0.0000000E+00
* ELEM  797  line segment
 1, 504, 497
*
  7.6200000E+00, 5.0200000E+00, 0.0000000E+00, -1.3000000E+00
* ELEM  798  circle
 2, 505, 504
*
  6.9700000E+00, 4.3700000E+00, 5.1500000E-01, 0.0000000E+00
* ELEM  799  line segment
 1, 645, 571
*
  7.6200000E+00, 2.4200000E+00, 1.3000000E+00, 0.0000000E+00
* ELEM  800  line segment
 1, 571, 564
*
  8.9200000E+00, 3.7200000E+00, 0.0000000E+00, -1.3000000E+00
* ELEM  801  line segment
 1, 571, 497
*
  7.6200000E+00, 3.7200000E+00, 1.3000000E+00, 0.0000000E+00
* ELEM  802  circle
 2, 572, 571
*
  8.2700000E+00, 3.0700000E+00, 5.1500000E-01, 0.0000000E+00
* ELEM  803  line segment
 1, 645, 638
*
  8.9200000E+00, 2.4200000E+00, 0.0000000E+00, -1.3000000E+00
* ELEM  804  line segment
 1, 645, 739
*
  8.9200000E+00, 1.1200000E+00, -1.3000000E+00, 0.0000000E+00
* ELEM  805  circle
 2, 646, 645
*
  8.2700000E+00, 1.7700000E+00, 5.1500000E-01, 0.0000000E+00
* ELEM  806  line segment
 1, 222, 737
*
  1.1200000E+00, 1.0220000E+01, 0.0000000E+00, 1.3000000E+00
* ELEM  807  line segment
 1, 222, 144
*
  1.1200000E+00, 1.1520000E+01, 1.3000000E+00, 0.0000000E+00
* ELEM  808  line segment
 1, 222, 215
*
  2.4200000E+00, 1.1520000E+01, 0.0000000E+00, -1.3000000E+00
* ELEM  809  circle
 2, 223, 222
*
  1.7700000E+00, 1.0870000E+01, 5.1500000E-01, 0.0000000E+00
* ELEM  810  line segment
 1, 273, 266
*
  3.7200000E+00, 1.0220000E+01, 0.0000000E+00, -1.3000000E+00
* ELEM  811  line segment
 1, 273, 215
*
  2.4200000E+00, 1.0220000E+01, 1.3000000E+00, 0.0000000E+00
* ELEM  812  circle
 2, 274, 273
*
  3.0700000E+00, 9.5700000E+00, 5.1500000E-01, 0.0000000E+00
* ELEM  813  line segment
 1, 322, 315
*
  5.0200000E+00, 8.9200000E+00, 0.0000000E+00, -1.3000000E+00
* ELEM  814  line segment
 1, 322, 266
*
  3.7200000E+00, 8.9200000E+00, 1.3000000E+00, 0.0000000E+00
* ELEM  815  circle
 2, 323, 322
*
  4.3700000E+00, 8.2700000E+00, 5.1500000E-01, 0.0000000E+00
* ELEM  816  line segment
 1, 497, 488
*
  8.9200000E+00, 5.0200000E+00, 0.0000000E+00, -1.3000000E+00
* ELEM  817  line segment
 1, 497, 435
*
  7.6200000E+00, 5.0200000E+00, 1.3000000E+00, 0.0000000E+00
* ELEM  818  circle
 2, 498, 497
*
  8.2700000E+00, 4.3700000E+00, 5.1500000E-01, 0.0000000E+00
* ELEM  819  line segment
 1, 638, 564
*
  8.9200000E+00, 2.4200000E+00, 1.3000000E+00, 0.0000000E+00
* ELEM  820  line segment
 1, 564, 555
*
  1.0220000E+01, 3.7200000E+00, 0.0000000E+00, -1.3000000E+00
* ELEM  821  line segment
 1, 564, 488
*
  8.9200000E+00, 3.7200000E+00, 1.3000000E+00, 0.0000000E+00
* ELEM  822  circle
 2, 565, 564
*
  9.5700000E+00, 3.0700000E+00, 5.1500000E-01, 0.0000000E+00
* ELEM  823  line segment
 1, 638, 631
*
  1.0220000E+01, 2.4200000E+00, 0.0000000E+00, -1.3000000E+00
* ELEM  824  line segment
 1, 638, 762
*
  1.0220000E+01, 1.1200000E+00, -1.3000000E+00, 0.0000000E+00
* ELEM  825  circle
 2, 639, 638
*
  9.5700000E+00, 1.7700000E+00, 5.1500000E-01, 0.0000000E+00
* ELEM  826  line segment
 1, 144, 738
*
  1.1200000E+00, 1.1520000E+01, 0.0000000E+00, 1.3000000E+00
* ELEM  827  line segment
 1, 144, 70
*
  1.1200000E+00, 1.2820000E+01, 1.3000000E+00, 0.0000000E+00
* ELEM  828  line segment
 1, 144, 137
*
  2.4200000E+00, 1.2820000E+01, 0.0000000E+00, -1.3000000E+00
* ELEM  829  circle
 2, 145, 144
*
  1.7700000E+00, 1.2170000E+01, 5.1500000E-01, 0.0000000E+00
* ELEM  830  line segment
 1, 215, 206
*
  3.7200000E+00, 1.1520000E+01, 0.0000000E+00, -1.3000000E+00
* ELEM  831  line segment
 1, 215, 137
*
  2.4200000E+00, 1.1520000E+01, 1.3000000E+00, 0.0000000E+00
* ELEM  832  circle
 2, 216, 215
*
  3.0700000E+00, 1.0870000E+01, 5.1500000E-01, 0.0000000E+00
* ELEM  833  line segment
 1, 266, 257
*
  5.0200000E+00, 1.0220000E+01, 0.0000000E+00, -1.3000000E+00
* ELEM  834  line segment
 1, 266, 206
*
  3.7200000E+00, 1.0220000E+01, 1.3000000E+00, 0.0000000E+00
* ELEM  835  circle
 2, 267, 266
*
  4.3700000E+00, 9.5700000E+00, 5.1500000E-01, 0.0000000E+00
* ELEM  836  line segment
 1, 315, 308
*
  6.3200000E+00, 8.9200000E+00, 0.0000000E+00, -1.3000000E+00
* ELEM  837  line segment
 1, 315, 257
*
  5.0200000E+00, 8.9200000E+00, 1.3000000E+00, 0.0000000E+00
* ELEM  838  circle
 2, 316, 315
*
  5.6700000E+00, 8.2700000E+00, 5.1500000E-01, 0.0000000E+00
* ELEM  839  line segment
 1, 435, 428
*
  8.9200000E+00, 6.3200000E+00, 0.0000000E+00, -1.3000000E+00
* ELEM  840  line segment
 1, 435, 375
*
  7.6200000E+00, 6.3200000E+00, 1.3000000E+00, 0.0000000E+00
* ELEM  841  circle
 2, 436, 435
*
  8.2700000E+00, 5.6700000E+00, 5.1500000E-01, 0.0000000E+00
* ELEM  842  line segment
 1, 488, 481
*
  1.0220000E+01, 5.0200000E+00, 0.0000000E+00, -1.3000000E+00
* ELEM  843  line segment
 1, 488, 428
*
  8.9200000E+00, 5.0200000E+00, 1.3000000E+00, 0.0000000E+00
* ELEM  844  circle
 2, 489, 488
*
  9.5700000E+00, 4.3700000E+00, 5.1500000E-01, 0.0000000E+00
* ELEM  845  line segment
 1, 631, 555
*
  1.0220000E+01, 2.4200000E+00, 1.3000000E+00, 0.0000000E+00
* ELEM  846  line segment
 1, 555, 548
*
  1.1520000E+01, 3.7200000E+00, 0.0000000E+00, -1.3000000E+00
* ELEM  847  line segment
 1, 555, 481
*
  1.0220000E+01, 3.7200000E+00, 1.3000000E+00, 0.0000000E+00
* ELEM  848  circle
 2, 556, 555
*
  1.0870000E+01, 3.0700000E+00, 5.1500000E-01, 0.0000000E+00
* ELEM  849  line segment
 1, 631, 624
*
  1.1520000E+01, 2.4200000E+00, 0.0000000E+00, -1.3000000E+00
* ELEM  850  line segment
 1, 631, 740
*
  1.1520000E+01, 1.1200000E+00, -1.3000000E+00, 0.0000000E+00
* ELEM  851  circle
 2, 632, 631
*
  1.0870000E+01, 1.7700000E+00, 5.1500000E-01, 0.0000000E+00
* ELEM  852  line segment
 1, 70, 813
*
  1.1200000E+00, 1.2820000E+01, 0.0000000E+00, 1.1232176E+00
* ELEM  853  line segment
 1, 70, 811
*
  1.2967824E+00, 1.4120000E+01, 1.1232176E+00, 0.0000000E+00
* ELEM  854  line segment
 1, 70, 63
*
  2.4200000E+00, 1.4120000E+01, 0.0000000E+00, -1.3000000E+00
* ELEM  855  circle
 2, 71, 70
*
  1.7700000E+00, 1.3470000E+01, 5.1500000E-01, 0.0000000E+00
* ELEM  856  line segment
 1, 137, 130
*
  3.7200000E+00, 1.2820000E+01, 0.0000000E+00, -1.3000000E+00
* ELEM  857  line segment
 1, 137, 63
*
  2.4200000E+00, 1.2820000E+01, 1.3000000E+00, 0.0000000E+00
* ELEM  858  circle
 2, 138, 137
*
  3.0700000E+00, 1.2170000E+01, 5.1500000E-01, 0.0000000E+00
* ELEM  859  line segment
 1, 206, 199
*
  5.0200000E+00, 1.1520000E+01, 0.0000000E+00, -1.3000000E+00
* ELEM  860  line segment
 1, 206, 130
*
  3.7200000E+00, 1.1520000E+01, 1.3000000E+00, 0.0000000E+00
* ELEM  861  circle
 2, 207, 206
*
  4.3700000E+00, 1.0870000E+01, 5.1500000E-01, 0.0000000E+00
* ELEM  862  line segment
 1, 257, 250
*
  6.3200000E+00, 1.0220000E+01, 0.0000000E+00, -1.3000000E+00
* ELEM  863  line segment
 1, 257, 199
*
  5.0200000E+00, 1.0220000E+01, 1.3000000E+00, 0.0000000E+00
* ELEM  864  circle
 2, 258, 257
*
  5.6700000E+00, 9.5700000E+00, 5.1500000E-01, 0.0000000E+00
* ELEM  865  line segment
 1, 1, 308
*
  7.6200000E+00, 7.6200000E+00, 0.0000000E+00, 1.3000000E+00
* ELEM  866  line segment
 1, 308, 250
*
  6.3200000E+00, 8.9200000E+00, 1.3000000E+00, 0.0000000E+00
* ELEM  867  circle
 2, 309, 308
*
  6.9700000E+00, 8.2700000E+00, 5.1500000E-01, 0.0000000E+00
* ELEM  868  line segment
 1, 375, 368
*
  8.9200000E+00, 7.6200000E+00, 0.0000000E+00, -1.3000000E+00
* ELEM  869  line segment
 1, 1, 375
*
  8.9200000E+00, 7.6200000E+00, -1.3000000E+00, 0.0000000E+00
* ELEM  870  circle
 2, 376, 375
*
  8.2700000E+00, 6.9700000E+00, 5.1500000E-01, 0.0000000E+00
* ELEM  871  line segment
 1, 428, 419
*
  1.0220000E+01, 6.3200000E+00, 0.0000000E+00, -1.3000000E+00
* ELEM  872  line segment
 1, 428, 368
*
  8.9200000E+00, 6.3200000E+00, 1.3000000E+00, 0.0000000E+00
* ELEM  873  circle
 2, 429, 428
*
  9.5700000E+00, 5.6700000E+00, 5.1500000E-01, 0.0000000E+00
* ELEM  874  line segment
 1, 481, 472
*
  1.1520000E+01, 5.0200000E+00, 0.0000000E+00, -1.3000000E+00
* ELEM  875  line segment
 1, 481, 419
*
  1.0220000E+01, 5.0200000E+00, 1.3000000E+00, 0.0000000E+00
* ELEM  876  circle
 2, 482, 481
*
  1.0870000E+01, 4.3700000E+00, 5.1500000E-01, 0.0000000E+00
* ELEM  877  line segment
 1, 624, 548
*
  1.1520000E+01, 2.4200000E+00, 1.3000000E+00, 0.0000000E+00
* ELEM  878  line segment
 1, 548, 541
*
  1.2820000E+01, 3.7200000E+00, 0.0000000E+00, -1.3000000E+00
* ELEM  879  line segment
 1, 548, 472
*
  1.1520000E+01, 3.7200000E+00, 1.3000000E+00, 0.0000000E+00
* ELEM  880  circle
 2, 549, 548
*
  1.2170000E+01, 3.0700000E+00, 5.1500000E-01, 0.0000000E+00
* ELEM  881  line segment
 1, 624, 617
*
  1.2820000E+01, 2.4200000E+00, 0.0000000E+00, -1.3000000E+00
* ELEM  882  line segment
 1, 624, 741
*
  1.2820000E+01, 1.1200000E+00, -1.3000000E+00, 0.0000000E+00
* ELEM  883  circle
 2, 625, 624
*
  1.2170000E+01, 1.7700000E+00, 5.1500000E-01, 0.0000000E+00
* ELEM  884  line segment
 1, 63, 765
*
  2.4200000E+00, 1.4120000E+01, 1.3000000E+00, 0.0000000E+00
* ELEM  885  line segment
 1, 63, 56
*
  3.7200000E+00, 1.4120000E+01, 0.0000000E+00, -1.3000000E+00
* ELEM  886  circle
 2, 64, 63
*
  3.0700000E+00, 1.3470000E+01, 5.1500000E-01, 0.0000000E+00
* ELEM  887  line segment
 1, 130, 123
*
  5.0200000E+00, 1.2820000E+01, 0.0000000E+00, -1.3000000E+00
* ELEM  888  line segment
 1, 130, 56
*
  3.7200000E+00, 1.2820000E+01, 1.3000000E+00, 0.0000000E+00
* ELEM  889  circle
 2, 131, 130
*
  4.3700000E+00, 1.2170000E+01, 5.1500000E-01, 0.0000000E+00
* ELEM  890  line segment
 1, 199, 190
*
  6.3200000E+00, 1.1520000E+01, 0.0000000E+00, -1.3000000E+00
* ELEM  891  line segment
 1, 199, 123
*
  5.0200000E+00, 1.1520000E+01, 1.3000000E+00, 0.0000000E+00
* ELEM  892  circle
 2, 200, 199
*
  5.6700000E+00, 1.0870000E+01, 5.1500000E-01, 0.0000000E+00
* ELEM  893  line segment
 1, 1, 250
*
  7.6200000E+00, 8.9200000E+00, 0.0000000E+00, 1.3000000E+00
* ELEM  894  line segment
 1, 250, 190
*
  6.3200000E+00, 1.0220000E+01, 1.3000000E+00, 0.0000000E+00
* ELEM  895  circle
 2, 251, 250
*
  6.9700000E+00, 9.5700000E+00, 5.1500000E-01, 0.0000000E+00
* ELEM  896  line segment
 1, 1, 368
*
  1.0220000E+01, 7.6200000E+00, -1.3000000E+00, 0.0000000E+00
* ELEM  897  line segment
 1, 1, 301
*
  1.0220000E+01, 8.9200000E+00, 0.0000000E+00, -1.3000000E+00
* ELEM  898  line segment
 1, 1, 243
*
  1.0220000E+01, 1.0220000E+01, 0.0000000E+00, -1.3000000E+00
* ELEM  899  line segment
 1, 1, 174
*
  8.9200000E+00, 1.0220000E+01, 1.3000000E+00, 0.0000000E+00
* ELEM  900  line segment
 1, 1, 183
*
  7.6200000E+00, 1.0220000E+01, 1.3000000E+00, 0.0000000E+00
* ELEM  901  circle
 2, 2, 1
*
  8.9200000E+00, 8.9200000E+00, 1.2450000E+00, 0.0000000E+00
* ELEM  902  line segment
 1, 368, 361
*
  1.0220000E+01, 7.6200000E+00, 0.0000000E+00, -1.3000000E+00
* ELEM  903  circle
 2, 369, 368
*
  9.5700000E+00, 6.9700000E+00, 5.1500000E-01, 0.0000000E+00
* ELEM  904  line segment
 1, 419, 412
*
  1.1520000E+01, 6.3200000E+00, 0.0000000E+00, -1.3000000E+00
* ELEM  905  line segment
 1, 419, 361
*
  1.0220000E+01, 6.3200000E+00, 1.3000000E+00, 0.0000000E+00
* ELEM  906  circle
 2, 420, 419
*
  1.0870000E+01, 5.6700000E+00, 5.1500000E-01, 0.0000000E+00
* ELEM  907  line segment
 1, 472, 465
*
  1.2820000E+01, 5.0200000E+00, 0.0000000E+00, -1.3000000E+00
* ELEM  908  line segment
 1, 472, 412
*
  1.1520000E+01, 5.0200000E+00, 1.3000000E+00, 0.0000000E+00
* ELEM  909  circle
 2, 473, 472
*
  1.2170000E+01, 4.3700000E+00, 5.1500000E-01, 0.0000000E+00
* ELEM  910  line segment
 1, 617, 541
*
  1.2820000E+01, 2.4200000E+00, 1.3000000E+00, 0.0000000E+00
* ELEM  911  line segment
 1, 541, 465
*
  1.2820000E+01, 3.7200000E+00, 1.3000000E+00, 0.0000000E+00
* ELEM  912  line segment
 1, 541, 757
*
  1.4120000E+01, 3.7200000E+00, 0.0000000E+00, -1.3000000E+00
* ELEM  913  circle
 2, 542, 541
*
  1.3470000E+01, 3.0700000E+00, 5.1500000E-01, 0.0000000E+00
* ELEM  914  line segment
 1, 617, 812
*
  1.4120000E+01, 2.4200000E+00, 0.0000000E+00, -1.1232176E+00
* ELEM  915  line segment
 1, 617, 814
*
  1.3943218E+01, 1.1200000E+00, -1.1232176E+00, 0.0000000E+00
* ELEM  916  circle
 2, 618, 617
*
  1.3470000E+01, 1.7700000E+00, 5.1500000E-01, 0.0000000E+00
* ELEM  917  line segment
 1, 56, 756
*
  3.7200000E+00, 1.4120000E+01, 1.3000000E+00, 0.0000000E+00
* ELEM  918  line segment
 1, 56, 49
*
  5.0200000E+00, 1.4120000E+01, 0.0000000E+00, -1.3000000E+00
* ELEM  919  circle
 2, 57, 56
*
  4.3700000E+00, 1.3470000E+01, 5.1500000E-01, 0.0000000E+00
* ELEM  920  line segment
 1, 123, 116
*
  6.3200000E+00, 1.2820000E+01, 0.0000000E+00, -1.3000000E+00
* ELEM  921  line segment
 1, 123, 49
*
  5.0200000E+00, 1.2820000E+01, 1.3000000E+00, 0.0000000E+00
* ELEM  922  circle
 2, 124, 123
*
  5.6700000E+00, 1.2170000E+01, 5.1500000E-01, 0.0000000E+00
* ELEM  923  line segment
 1, 190, 183
*
  7.6200000E+00, 1.1520000E+01, 0.0000000E+00, -1.3000000E+00
* ELEM  924  line segment
 1, 190, 116
*
  6.3200000E+00, 1.1520000E+01, 1.3000000E+00, 0.0000000E+00
* ELEM  925  circle
 2, 191, 190
*
  6.9700000E+00, 1.0870000E+01, 5.1500000E-01, 0.0000000E+00
* ELEM  926  line segment
 1, 361, 352
*
  1.1520000E+01, 7.6200000E+00, 0.0000000E+00, -1.3000000E+00
* ELEM  927  line segment
 1, 361, 301
*
  1.0220000E+01, 7.6200000E+00, 1.3000000E+00, 0.0000000E+00
* ELEM  928  circle
 2, 362, 361
*
  1.0870000E+01, 6.9700000E+00, 5.1500000E-01, 0.0000000E+00
* ELEM  929  line segment
 1, 412, 405
*
  1.2820000E+01, 6.3200000E+00, 0.0000000E+00, -1.3000000E+00
* ELEM  930  line segment
 1, 412, 352
*
  1.1520000E+01, 6.3200000E+00, 1.3000000E+00, 0.0000000E+00
* ELEM  931  circle
 2, 413, 412
*
  1.2170000E+01, 5.6700000E+00, 5.1500000E-01, 0.0000000E+00
* ELEM  932  line segment
 1, 465, 405
*
  1.2820000E+01, 5.0200000E+00, 1.3000000E+00, 0.0000000E+00
* ELEM  933  line segment
 1, 465, 758
*
  1.4120000E+01, 5.0200000E+00, 0.0000000E+00, -1.3000000E+00
* ELEM  934  circle
 2, 466, 465
*
  1.3470000E+01, 4.3700000E+00, 5.1500000E-01, 0.0000000E+00
* ELEM  935  line segment
 1, 49, 760
*
  5.0200000E+00, 1.4120000E+01, 1.3000000E+00, 0.0000000E+00
* ELEM  936  line segment
 1, 49, 42
*
  6.3200000E+00, 1.4120000E+01, 0.0000000E+00, -1.3000000E+00
* ELEM  937  circle
 2, 50, 49
*
  5.6700000E+00, 1.3470000E+01, 5.1500000E-01, 0.0000000E+00
* ELEM  938  line segment
 1, 116, 107
*
  7.6200000E+00, 1.2820000E+01, 0.0000000E+00, -1.3000000E+00
* ELEM  939  line segment
 1, 116, 42
*
  6.3200000E+00, 1.2820000E+01, 1.3000000E+00, 0.0000000E+00
* ELEM  940  circle
 2, 117, 116
*
  6.9700000E+00, 1.2170000E+01, 5.1500000E-01, 0.0000000E+00
* ELEM  941  line segment
 1, 183, 174
*
  8.9200000E+00, 1.1520000E+01, 0.0000000E+00, -1.3000000E+00
* ELEM  942  line segment
 1, 183, 107
*
  7.6200000E+00, 1.1520000E+01, 1.3000000E+00, 0.0000000E+00
* ELEM  943  circle
 2, 184, 183
*
  8.2700000E+00, 1.0870000E+01, 5.1500000E-01, 0.0000000E+00
* ELEM  944  line segment
 1, 301, 294
*
  1.1520000E+01, 8.9200000E+00, 0.0000000E+00, -1.3000000E+00
* ELEM  945  line segment
 1, 301, 243
*
  1.0220000E+01, 8.9200000E+00, 1.3000000E+00, 0.0000000E+00
* ELEM  946  circle
 2, 302, 301
*
  1.0870000E+01, 8.2700000E+00, 5.1500000E-01, 0.0000000E+00
* ELEM  947  line segment
 1, 352, 345
*
  1.2820000E+01, 7.6200000E+00, 0.0000000E+00, -1.3000000E+00
* ELEM  948  line segment
 1, 352, 294
*
  1.1520000E+01, 7.6200000E+00, 1.3000000E+00, 0.0000000E+00
* ELEM  949  circle
 2, 353, 352
*
  1.2170000E+01, 6.9700000E+00, 5.1500000E-01, 0.0000000E+00
* ELEM  950  line segment
 1, 405, 345
*
  1.2820000E+01, 6.3200000E+00, 1.3000000E+00, 0.0000000E+00
* ELEM  951  line segment
 1, 405, 763
*
  1.4120000E+01, 6.3200000E+00, 0.0000000E+00, -1.3000000E+00
* ELEM  952  circle
 2, 406, 405
*
  1.3470000E+01, 5.6700000E+00, 5.1500000E-01, 0.0000000E+00
* ELEM  953  line segment
 1, 42, 761
*
  6.3200000E+00, 1.4120000E+01, 1.3000000E+00, 0.0000000E+00
* ELEM  954  line segment
 1, 42, 35
*
  7.6200000E+00, 1.4120000E+01, 0.0000000E+00, -1.3000000E+00
* ELEM  955  circle
 2, 43, 42
*
  6.9700000E+00, 1.3470000E+01, 5.1500000E-01, 0.0000000E+00
* ELEM  956  line segment
 1, 107, 100
*
  8.9200000E+00, 1.2820000E+01, 0.0000000E+00, -1.3000000E+00
* ELEM  957  line segment
 1, 107, 35
*
  7.6200000E+00, 1.2820000E+01, 1.3000000E+00, 0.0000000E+00
* ELEM  958  circle
 2, 108, 107
*
  8.2700000E+00, 1.2170000E+01, 5.1500000E-01, 0.0000000E+00
* ELEM  959  line segment
 1, 174, 167
*
  1.0220000E+01, 1.1520000E+01, 0.0000000E+00, -1.3000000E+00
* ELEM  960  line segment
 1, 174, 100
*
  8.9200000E+00, 1.1520000E+01, 1.3000000E+00, 0.0000000E+00
* ELEM  961  circle
 2, 175, 174
*
  9.5700000E+00, 1.0870000E+01, 5.1500000E-01, 0.0000000E+00
* ELEM  962  line segment
 1, 243, 236
*
  1.1520000E+01, 1.0220000E+01, 0.0000000E+00, -1.3000000E+00
* ELEM  963  line segment
 1, 243, 167
*
  1.0220000E+01, 1.0220000E+01, 1.3000000E+00, 0.0000000E+00
* ELEM  964  circle
 2, 244, 243
*
  1.0870000E+01, 9.5700000E+00, 5.1500000E-01, 0.0000000E+00
* ELEM  965  line segment
 1, 294, 287
*
  1.2820000E+01, 8.9200000E+00, 0.0000000E+00, -1.3000000E+00
* ELEM  966  line segment
 1, 294, 236
*
  1.1520000E+01, 8.9200000E+00, 1.3000000E+00, 0.0000000E+00
* ELEM  967  circle
 2, 295, 294
*
  1.2170000E+01, 8.2700000E+00, 5.1500000E-01, 0.0000000E+00
* ELEM  968  line segment
 1, 345, 287
*
  1.2820000E+01, 7.6200000E+00, 1.3000000E+00, 0.0000000E+00
* ELEM  969  line segment
 1, 345, 764
*
  1.4120000E+01, 7.6200000E+00, 0.0000000E+00, -1.3000000E+00
* ELEM  970  circle
 2, 346, 345
*
  1.3470000E+01, 6.9700000E+00, 5.1500000E-01, 0.0000000E+00
* ELEM  971  line segment
 1, 35, 749
*
  7.6200000E+00, 1.4120000E+01, 1.3000000E+00, 0.0000000E+00
* ELEM  972  line segment
 1, 35, 28
*
  8.9200000E+00, 1.4120000E+01, 0.0000000E+00, -1.3000000E+00
* ELEM  973  circle
 2, 36, 35
*
  8.2700000E+00, 1.3470000E+01, 5.1500000E-01, 0.0000000E+00
* ELEM  974  line segment
 1, 100, 91
*
  1.0220000E+01, 1.2820000E+01, 0.0000000E+00, -1.3000000E+00
* ELEM  975  line segment
 1, 100, 28
*
  8.9200000E+00, 1.2820000E+01, 1.3000000E+00, 0.0000000E+00
* ELEM  976  circle
 2, 101, 100
*
  9.5700000E+00, 1.2170000E+01, 5.1500000E-01, 0.0000000E+00
* ELEM  977  line segment
 1, 167, 158
*
  1.1520000E+01, 1.1520000E+01, 0.0000000E+00, -1.3000000E+00
* ELEM  978  line segment
 1, 167, 91
*
  1.0220000E+01, 1.1520000E+01, 1.3000000E+00, 0.0000000E+00
* ELEM  979  circle
 2, 168, 167
*
  1.0870000E+01, 1.0870000E+01, 5.1500000E-01, 0.0000000E+00
* ELEM  980  line segment
 1, 236, 229
*
  1.2820000E+01, 1.0220000E+01, 0.0000000E+00, -1.3000000E+00
* ELEM  981  line segment
 1, 236, 158
*
  1.1520000E+01, 1.0220000E+01, 1.3000000E+00, 0.0000000E+00
* ELEM  982  circle
 2, 237, 236
*
  1.2170000E+01, 9.5700000E+00, 5.1500000E-01, 0.0000000E+00
* ELEM  983  line segment
 1, 287, 229
*
  1.2820000E+01, 8.9200000E+00, 1.3000000E+00, 0.0000000E+00
* ELEM  984  line segment
 1, 287, 752
*
  1.4120000E+01, 8.9200000E+00, 0.0000000E+00, -1.3000000E+00
* ELEM  985  circle
 2, 288, 287
*
  1.3470000E+01, 8.2700000E+00, 5.1500000E-01, 0.0000000E+00
* ELEM  986  line segment
 1, 28, 766
*
  8.9200000E+00, 1.4120000E+01, 1.3000000E+00, 0.0000000E+00
* ELEM  987  line segment
 1, 28, 21
*
  1.0220000E+01, 1.4120000E+01, 0.0000000E+00, -1.3000000E+00
* ELEM  988  circle
 2, 29, 28
*
  9.5700000E+00, 1.3470000E+01, 5.1500000E-01, 0.0000000E+00
* ELEM  989  line segment
 1, 91, 84
*
  1.1520000E+01, 1.2820000E+01, 0.0000000E+00, -1.3000000E+00
* ELEM  990  line segment
 1, 91, 21
*
  1.0220000E+01, 1.2820000E+01, 1.3000000E+00, 0.0000000E+00
* ELEM  991  circle
 2, 92, 91
*
  1.0870000E+01, 1.2170000E+01, 5.1500000E-01, 0.0000000E+00
* ELEM  992  line segment
 1, 158, 151
*
  1.2820000E+01, 1.1520000E+01, 0.0000000E+00, -1.3000000E+00
* ELEM  993  line segment
 1, 158, 84
*
  1.1520000E+01, 1.1520000E+01, 1.3000000E+00, 0.0000000E+00
* ELEM  994  circle
 2, 159, 158
*
  1.2170000E+01, 1.0870000E+01, 5.1500000E-01, 0.0000000E+00
* ELEM  995  line segment
 1, 229, 151
*
  1.2820000E+01, 1.0220000E+01, 1.3000000E+00, 0.0000000E+00
* ELEM  996  line segment
 1, 229, 767
*
  1.4120000E+01, 1.0220000E+01, 0.0000000E+00, -1.3000000E+00
* ELEM  997  circle
 2, 230, 229
*
  1.3470000E+01, 9.5700000E+00, 5.1500000E-01, 0.0000000E+00
* ELEM  998  line segment
 1, 21, 750
*
  1.0220000E+01, 1.4120000E+01, 1.3000000E+00, 0.0000000E+00
* ELEM  999  line segment
 1, 21, 14
*
  1.1520000E+01, 1.4120000E+01, 0.0000000E+00, -1.3000000E+00
* ELEM  1000  circle
 2, 22, 21
*
  1.0870000E+01, 1.3470000E+01, 5.1500000E-01, 0.0000000E+00
* ELEM  1001  line segment
 1, 84, 77
*
  1.2820000E+01, 1.2820000E+01, 0.0000000E+00, -1.3000000E+00
* ELEM  1002  line segment
 1, 84, 14
*
  1.1520000E+01, 1.2820000E+01, 1.3000000E+00, 0.0000000E+00
* ELEM  1003  circle
 2, 85, 84
*
  1.2170000E+01, 1.2170000E+01, 5.1500000E-01, 0.0000000E+00
* ELEM  1004  line segment
 1, 151, 77
*
  1.2820000E+01, 1.1520000E+01, 1.3000000E+00, 0.0000000E+00
* ELEM  1005  line segment
 1, 151, 753
*
  1.4120000E+01, 1.1520000E+01, 0.0000000E+00, -1.3000000E+00
* ELEM  1006  circle
 2, 152, 151
*
  1.3470000E+01, 1.0870000E+01, 5.1500000E-01, 0.0000000E+00
* ELEM  1007  line segment
 1, 14, 751
*
  1.1520000E+01, 1.4120000E+01, 1.3000000E+00, 0.0000000E+00
* ELEM  1008  line segment
 1, 14, 7
*
  1.2820000E+01, 1.4120000E+01, 0.0000000E+00, -1.3000000E+00
* ELEM  1009  circle
 2, 15, 14
*
  1.2170000E+01, 1.3470000E+01, 5.1500000E-01, 0.0000000E+00
* ELEM  1010  line segment
 1, 77, 7
*
  1.2820000E+01, 1.2820000E+01, 1.3000000E+00, 0.0000000E+00
* ELEM  1011  line segment
 1, 77, 754
*
  1.4120000E+01, 1.2820000E+01, 0.0000000E+00, -1.3000000E+00
* ELEM  1012  circle
 2, 78, 77
*
  1.3470000E+01, 1.2170000E+01, 5.1500000E-01, 0.0000000E+00
* ELEM  1013  line segment
 1, 7, 815
*
  1.2820000E+01, 1.4120000E+01, 1.1232176E+00, 0.0000000E+00
* ELEM  1014  line segment
 1, 7, 816
*
  1.4120000E+01, 1.3943218E+01, 0.0000000E+00, -1.1232176E+00
* ELEM  1015  circle
 2, 8, 7
*
  1.3470000E+01, 1.3470000E+01, 5.1500000E-01, 0.0000000E+00
* ELEM  1016  circle
 2, 3, 2
*
  8.9200000E+00, 8.9200000E+00, 1.1700000E+00, 0.0000000E+00
* ELEM  1017  circle
 2, 6, 5
*
  6.3200000E+00, 6.3200000E+00, 1.1700000E+00, 0.0000000E+00
* ELEM  1018  circle
 2, 9, 8
*
  1.3470000E+01, 1.3470000E+01, 4.4700000E-01, 0.0000000E+00
* ELEM  1019  circle
 2, 10, 9
*
  1.3470000E+01, 1.3470000E+01, 4.3800000E-01, 0.0000000E+00
* ELEM  1020  circle
 2, 11, 10
*
  1.3470000E+01, 1.3470000E+01, 4.2690959E-01, 0.0000000E+00
* ELEM  1021  circle
 2, 12, 11
*
  1.3470000E+01, 1.3470000E+01, 3.9175911E-01, 0.0000000E+00
* ELEM  1022  circle
 2, 13, 12
*
  1.3470000E+01, 1.3470000E+01, 3.0971277E-01, 0.0000000E+00
* ELEM  1023  circle
 2, 16, 15
*
  1.2170000E+01, 1.3470000E+01, 4.4700000E-01, 0.0000000E+00
* ELEM  1024  circle
 2, 17, 16
*
  1.2170000E+01, 1.3470000E+01, 4.3800000E-01, 0.0000000E+00
* ELEM  1025  circle
 2, 18, 17
*
  1.2170000E+01, 1.3470000E+01, 4.2690959E-01, 0.0000000E+00
* ELEM  1026  circle
 2, 19, 18
*
  1.2170000E+01, 1.3470000E+01, 3.9175911E-01, 0.0000000E+00
* ELEM  1027  circle
 2, 20, 19
*
  1.2170000E+01, 1.3470000E+01, 3.0971277E-01, 0.0000000E+00
* ELEM  1028  circle
 2, 23, 22
*
  1.0870000E+01, 1.3470000E+01, 4.4700000E-01, 0.0000000E+00
* ELEM  1029  circle
 2, 24, 23
*
  1.0870000E+01, 1.3470000E+01, 4.3800000E-01, 0.0000000E+00
* ELEM  1030  circle
 2, 25, 24
*
  1.0870000E+01, 1.3470000E+01, 4.2690959E-01, 0.0000000E+00
* ELEM  1031  circle
 2, 26, 25
*
  1.0870000E+01, 1.3470000E+01, 3.9175911E-01, 0.0000000E+00
* ELEM  1032  circle
 2, 27, 26
*
  1.0870000E+01, 1.3470000E+01, 3.0971277E-01, 0.0000000E+00
* ELEM  1033  circle
 2, 30, 29
*
  9.5700000E+00, 1.3470000E+01, 4.4700000E-01, 0.0000000E+00
* ELEM  1034  circle
 2, 31, 30
*
  9.5700000E+00, 1.3470000E+01, 4.3800000E-01, 0.0000000E+00
* ELEM  1035  circle
 2, 32, 31
*
  9.5700000E+00, 1.3470000E+01, 4.2690959E-01, 0.0000000E+00
* ELEM  1036  circle
 2, 33, 32
*
  9.5700000E+00, 1.3470000E+01, 3.9175911E-01, 0.0000000E+00
* ELEM  1037  circle
 2, 34, 33
*
  9.5700000E+00, 1.3470000E+01, 3.0971277E-01, 0.0000000E+00
* ELEM  1038  circle
 2, 37, 36
*
  8.2700000E+00, 1.3470000E+01, 4.4700000E-01, 0.0000000E+00
* ELEM  1039  circle
 2, 38, 37
*
  8.2700000E+00, 1.3470000E+01, 4.3800000E-01, 0.0000000E+00
* ELEM  1040  circle
 2, 39, 38
*
  8.2700000E+00, 1.3470000E+01, 4.2690959E-01, 0.0000000E+00
* ELEM  1041  circle
 2, 40, 39
*
  8.2700000E+00, 1.3470000E+01, 3.9175911E-01, 0.0000000E+00
* ELEM  1042  circle
 2, 41, 40
*
  8.2700000E+00, 1.3470000E+01, 3.0971277E-01, 0.0000000E+00
* ELEM  1043  circle
 2, 44, 43
*
  6.9700000E+00, 1.3470000E+01, 4.4700000E-01, 0.0000000E+00
* ELEM  1044  circle
 2, 45, 44
*
  6.9700000E+00, 1.3470000E+01, 4.3800000E-01, 0.0000000E+00
* ELEM  1045  circle
 2, 46, 45
*
  6.9700000E+00, 1.3470000E+01, 4.2690959E-01, 0.0000000E+00
* ELEM  1046  circle
 2, 47, 46
*
  6.9700000E+00, 1.3470000E+01, 3.9175911E-01, 0.0000000E+00
* ELEM  1047  circle
 2, 48, 47
*
  6.9700000E+00, 1.3470000E+01, 3.0971277E-01, 0.0000000E+00
* ELEM  1048  circle
 2, 51, 50
*
  5.6700000E+00, 1.3470000E+01, 4.4700000E-01, 0.0000000E+00
* ELEM  1049  circle
 2, 52, 51
*
  5.6700000E+00, 1.3470000E+01, 4.3800000E-01, 0.0000000E+00
* ELEM  1050  circle
 2, 53, 52
*
  5.6700000E+00, 1.3470000E+01, 4.2690959E-01, 0.0000000E+00
* ELEM  1051  circle
 2, 54, 53
*
  5.6700000E+00, 1.3470000E+01, 3.9175911E-01, 0.0000000E+00
* ELEM  1052  circle
 2, 55, 54
*
  5.6700000E+00, 1.3470000E+01, 3.0971277E-01, 0.0000000E+00
* ELEM  1053  circle
 2, 58, 57
*
  4.3700000E+00, 1.3470000E+01, 4.4700000E-01, 0.0000000E+00
* ELEM  1054  circle
 2, 59, 58
*
  4.3700000E+00, 1.3470000E+01, 4.3800000E-01, 0.0000000E+00
* ELEM  1055  circle
 2, 60, 59
*
  4.3700000E+00, 1.3470000E+01, 4.2690959E-01, 0.0000000E+00
* ELEM  1056  circle
 2, 61, 60
*
  4.3700000E+00, 1.3470000E+01, 3.9175911E-01, 0.0000000E+00
* ELEM  1057  circle
 2, 62, 61
*
  4.3700000E+00, 1.3470000E+01, 3.0971277E-01, 0.0000000E+00
* ELEM  1058  circle
 2, 65, 64
*
  3.0700000E+00, 1.3470000E+01, 4.4700000E-01, 0.0000000E+00
* ELEM  1059  circle
 2, 66, 65
*
  3.0700000E+00, 1.3470000E+01, 4.3800000E-01, 0.0000000E+00
* ELEM  1060  circle
 2, 67, 66
*
  3.0700000E+00, 1.3470000E+01, 4.2690959E-01, 0.0000000E+00
* ELEM  1061  circle
 2, 68, 67
*
  3.0700000E+00, 1.3470000E+01, 3.9175911E-01, 0.0000000E+00
* ELEM  1062  circle
 2, 69, 68
*
  3.0700000E+00, 1.3470000E+01, 3.0971277E-01, 0.0000000E+00
* ELEM  1063  circle
 2, 72, 71
*
  1.7700000E+00, 1.3470000E+01, 4.4700000E-01, 0.0000000E+00
* ELEM  1064  circle
 2, 73, 72
*
  1.7700000E+00, 1.3470000E+01, 4.3800000E-01, 0.0000000E+00
* ELEM  1065  circle
 2, 74, 73
*
  1.7700000E+00, 1.3470000E+01, 4.2690959E-01, 0.0000000E+00
* ELEM  1066  circle
 2, 75, 74
*
  1.7700000E+00, 1.3470000E+01, 3.9175911E-01, 0.0000000E+00
* ELEM  1067  circle
 2, 76, 75
*
  1.7700000E+00, 1.3470000E+01, 3.0971277E-01, 0.0000000E+00
* ELEM  1068  circle
 2, 79, 78
*
  1.3470000E+01, 1.2170000E+01, 4.4700000E-01, 0.0000000E+00
* ELEM  1069  circle
 2, 80, 79
*
  1.3470000E+01, 1.2170000E+01, 4.3800000E-01, 0.0000000E+00
* ELEM  1070  circle
 2, 81, 80
*
  1.3470000E+01, 1.2170000E+01, 4.2690959E-01, 0.0000000E+00
* ELEM  1071  circle
 2, 82, 81
*
  1.3470000E+01, 1.2170000E+01, 3.9175911E-01, 0.0000000E+00
* ELEM  1072  circle
 2, 83, 82
*
  1.3470000E+01, 1.2170000E+01, 3.0971277E-01, 0.0000000E+00
* ELEM  1073  circle
 2, 86, 85
*
  1.2170000E+01, 1.2170000E+01, 4.4700000E-01, 0.0000000E+00
* ELEM  1074  circle
 2, 87, 86
*
  1.2170000E+01, 1.2170000E+01, 4.3800000E-01, 0.0000000E+00
* ELEM  1075  circle
 2, 88, 87
*
  1.2170000E+01, 1.2170000E+01, 4.2690959E-01, 0.0000000E+00
* ELEM  1076  circle
 2, 89, 88
*
  1.2170000E+01, 1.2170000E+01, 3.9175911E-01, 0.0000000E+00
* ELEM  1077  circle
 2, 90, 89
*
  1.2170000E+01, 1.2170000E+01, 3.0971277E-01, 0.0000000E+00
* ELEM  1078  circle
 2, 93, 92
*
  1.0870000E+01, 1.2170000E+01, 4.4700000E-01, 0.0000000E+00
* ELEM  1079  circle
 2, 94, 93
*
  1.0870000E+01, 1.2170000E+01, 4.3800000E-01, 0.0000000E+00
* ELEM  1080  circle
 2, 95, 94
*
  1.0870000E+01, 1.2170000E+01, 4.2690959E-01, 0.0000000E+00
* ELEM  1081  circle
 2, 96, 95
*
  1.0870000E+01, 1.2170000E+01, 3.9175911E-01, 0.0000000E+00
* ELEM  1082  circle
 2, 97, 96
*
  1.0870000E+01, 1.2170000E+01, 3.3927334E-01, 0.0000000E+00
* ELEM  1083  circle
 2, 98, 97
*
  1.0870000E+01, 1.2170000E+01, 2.7701552E-01, 0.0000000E+00
* ELEM  1084  circle
 2, 99, 98
*
  1.0870000E+01, 1.2170000E+01, 1.9587955E-01, 0.0000000E+00
* ELEM  1085  circle
 2, 102, 101
*
  9.5700000E+00, 1.2170000E+01, 4.4700000E-01, 0.0000000E+00
* ELEM  1086  circle
 2, 103, 102
*
  9.5700000E+00, 1.2170000E+01, 4.3800000E-01, 0.0000000E+00
* ELEM  1087  circle
 2, 104, 103
*
  9.5700000E+00, 1.2170000E+01, 4.2690959E-01, 0.0000000E+00
* ELEM  1088  circle
 2, 105, 104
*
  9.5700000E+00, 1.2170000E+01, 3.9175911E-01, 0.0000000E+00
* ELEM  1089  circle
 2, 106, 105
*
  9.5700000E+00, 1.2170000E+01, 3.0971277E-01, 0.0000000E+00
* ELEM  1090  circle
 2, 109, 108
*
  8.2700000E+00, 1.2170000E+01, 4.4700000E-01, 0.0000000E+00
* ELEM  1091  circle
 2, 110, 109
*
  8.2700000E+00, 1.2170000E+01, 4.3800000E-01, 0.0000000E+00
* ELEM  1092  circle
 2, 111, 110
*
  8.2700000E+00, 1.2170000E+01, 4.2690959E-01, 0.0000000E+00
* ELEM  1093  circle
 2, 112, 111
*
  8.2700000E+00, 1.2170000E+01, 3.9175911E-01, 0.0000000E+00
* ELEM  1094  circle
 2, 113, 112
*
  8.2700000E+00, 1.2170000E+01, 3.3927334E-01, 0.0000000E+00
* ELEM  1095  circle
 2, 114, 113
*
  8.2700000E+00, 1.2170000E+01, 2.7701552E-01, 0.0000000E+00
* ELEM  1096  circle
 2, 115, 114
*
  8.2700000E+00, 1.2170000E+01, 1.9587955E-01, 0.0000000E+00
* ELEM  1097  circle
 2, 118, 117
*
  6.9700000E+00, 1.2170000E+01, 4.4700000E-01, 0.0000000E+00
* ELEM  1098  circle
 2, 119, 118
*
  6.9700000E+00, 1.2170000E+01, 4.3800000E-01, 0.0000000E+00
* ELEM  1099  circle
 2, 120, 119
*
  6.9700000E+00, 1.2170000E+01, 4.2690959E-01, 0.0000000E+00
* ELEM  1100  circle
 2, 121, 120
*
  6.9700000E+00, 1.2170000E+01, 3.9175911E-01, 0.0000000E+00
* ELEM  1101  circle
 2, 122, 121
*
  6.9700000E+00, 1.2170000E+01, 3.0971277E-01, 0.0000000E+00
* ELEM  1102  circle
 2, 125, 124
*
  5.6700000E+00, 1.2170000E+01, 4.4700000E-01, 0.0000000E+00
* ELEM  1103  circle
 2, 126, 125
*
  5.6700000E+00, 1.2170000E+01, 4.3800000E-01, 0.0000000E+00
* ELEM  1104  circle
 2, 127, 126
*
  5.6700000E+00, 1.2170000E+01, 4.2690959E-01, 0.0000000E+00
* ELEM  1105  circle
 2, 128, 127
*
  5.6700000E+00, 1.2170000E+01, 3.9175911E-01, 0.0000000E+00
* ELEM  1106  circle
 2, 129, 128
*
  5.6700000E+00, 1.2170000E+01, 3.0971277E-01, 0.0000000E+00
* ELEM  1107  circle
 2, 132, 131
*
  4.3700000E+00, 1.2170000E+01, 4.4700000E-01, 0.0000000E+00
* ELEM  1108  circle
 2, 133, 132
*
  4.3700000E+00, 1.2170000E+01, 4.3800000E-01, 0.0000000E+00
* ELEM  1109  circle
 2, 134, 133
*
  4.3700000E+00, 1.2170000E+01, 4.2690959E-01, 0.0000000E+00
* ELEM  1110  circle
 2, 135, 134
*
  4.3700000E+00, 1.2170000E+01, 3.9175911E-01, 0.0000000E+00
* ELEM  1111  circle
 2, 136, 135
*
  4.3700000E+00, 1.2170000E+01, 3.0971277E-01, 0.0000000E+00
* ELEM  1112  circle
 2, 139, 138
*
  3.0700000E+00, 1.2170000E+01, 4.4700000E-01, 0.0000000E+00
* ELEM  1113  circle
 2, 140, 139
*
  3.0700000E+00, 1.2170000E+01, 4.3800000E-01, 0.0000000E+00
* ELEM  1114  circle
 2, 141, 140
*
  3.0700000E+00, 1.2170000E+01, 4.2690959E-01, 0.0000000E+00
* ELEM  1115  circle
 2, 142, 141
*
  3.0700000E+00, 1.2170000E+01, 3.9175911E-01, 0.0000000E+00
* ELEM  1116  circle
 2, 143, 142
*
  3.0700000E+00, 1.2170000E+01, 3.0971277E-01, 0.0000000E+00
* ELEM  1117  circle
 2, 146, 145
*
  1.7700000E+00, 1.2170000E+01, 4.4700000E-01, 0.0000000E+00
* ELEM  1118  circle
 2, 147, 146
*
  1.7700000E+00, 1.2170000E+01, 4.3800000E-01, 0.0000000E+00
* ELEM  1119  circle
 2, 148, 147
*
  1.7700000E+00, 1.2170000E+01, 4.2690959E-01, 0.0000000E+00
* ELEM  1120  circle
 2, 149, 148
*
  1.7700000E+00, 1.2170000E+01, 3.9175911E-01, 0.0000000E+00
* ELEM  1121  circle
 2, 150, 149
*
  1.7700000E+00, 1.2170000E+01, 3.0971277E-01, 0.0000000E+00
* ELEM  1122  circle
 2, 153, 152
*
  1.3470000E+01, 1.0870000E+01, 4.4700000E-01, 0.0000000E+00
* ELEM  1123  circle
 2, 154, 153
*
  1.3470000E+01, 1.0870000E+01, 4.3800000E-01, 0.0000000E+00
* ELEM  1124  circle
 2, 155, 154
*
  1.3470000E+01, 1.0870000E+01, 4.2690959E-01, 0.0000000E+00
* ELEM  1125  circle
 2, 156, 155
*
  1.3470000E+01, 1.0870000E+01, 3.9175911E-01, 0.0000000E+00
* ELEM  1126  circle
 2, 157, 156
*
  1.3470000E+01, 1.0870000E+01, 3.0971277E-01, 0.0000000E+00
* ELEM  1127  circle
 2, 160, 159
*
  1.2170000E+01, 1.0870000E+01, 4.4700000E-01, 0.0000000E+00
* ELEM  1128  circle
 2, 161, 160
*
  1.2170000E+01, 1.0870000E+01, 4.3800000E-01, 0.0000000E+00
* ELEM  1129  circle
 2, 162, 161
*
  1.2170000E+01, 1.0870000E+01, 4.2690959E-01, 0.0000000E+00
* ELEM  1130  circle
 2, 163, 162
*
  1.2170000E+01, 1.0870000E+01, 3.9175911E-01, 0.0000000E+00
* ELEM  1131  circle
 2, 164, 163
*
  1.2170000E+01, 1.0870000E+01, 3.3927334E-01, 0.0000000E+00
* ELEM  1132  circle
 2, 165, 164
*
  1.2170000E+01, 1.0870000E+01, 2.7701552E-01, 0.0000000E+00
* ELEM  1133  circle
 2, 166, 165
*
  1.2170000E+01, 1.0870000E+01, 1.9587955E-01, 0.0000000E+00
* ELEM  1134  circle
 2, 169, 168
*
  1.0870000E+01, 1.0870000E+01, 4.4700000E-01, 0.0000000E+00
* ELEM  1135  circle
 2, 170, 169
*
  1.0870000E+01, 1.0870000E+01, 4.3800000E-01, 0.0000000E+00
* ELEM  1136  circle
 2, 171, 170
*
  1.0870000E+01, 1.0870000E+01, 4.2690959E-01, 0.0000000E+00
* ELEM  1137  circle
 2, 172, 171
*
  1.0870000E+01, 1.0870000E+01, 3.9175911E-01, 0.0000000E+00
* ELEM  1138  circle
 2, 173, 172
*
  1.0870000E+01, 1.0870000E+01, 3.0971277E-01, 0.0000000E+00
* ELEM  1139  circle
 2, 176, 175
*
  9.5700000E+00, 1.0870000E+01, 4.4700000E-01, 0.0000000E+00
* ELEM  1140  circle
 2, 177, 176
*
  9.5700000E+00, 1.0870000E+01, 4.3800000E-01, 0.0000000E+00
* ELEM  1141  circle
 2, 178, 177
*
  9.5700000E+00, 1.0870000E+01, 4.2690959E-01, 0.0000000E+00
* ELEM  1142  circle
 2, 179, 178
*
  9.5700000E+00, 1.0870000E+01, 3.9175911E-01, 0.0000000E+00
* ELEM  1143  circle
 2, 180, 179
*
  9.5700000E+00, 1.0870000E+01, 3.3927334E-01, 0.0000000E+00
* ELEM  1144  circle
 2, 181, 180
*
  9.5700000E+00, 1.0870000E+01, 2.7701552E-01, 0.0000000E+00
* ELEM  1145  circle
 2, 182, 181
*
  9.5700000E+00, 1.0870000E+01, 1.9587955E-01, 0.0000000E+00
* ELEM  1146  circle
 2, 185, 184
*
  8.2700000E+00, 1.0870000E+01, 4.4700000E-01, 0.0000000E+00
* ELEM  1147  circle
 2, 186, 185
*
  8.2700000E+00, 1.0870000E+01, 4.3800000E-01, 0.0000000E+00
* ELEM  1148  circle
 2, 187, 186
*
  8.2700000E+00, 1.0870000E+01, 4.2690959E-01, 0.0000000E+00
* ELEM  1149  circle
 2, 188, 187
*
  8.2700000E+00, 1.0870000E+01, 3.9175911E-01, 0.0000000E+00
* ELEM  1150  circle
 2, 189, 188
*
  8.2700000E+00, 1.0870000E+01, 3.0971277E-01, 0.0000000E+00
* ELEM  1151  circle
 2, 192, 191
*
  6.9700000E+00, 1.0870000E+01, 4.4700000E-01, 0.0000000E+00
* ELEM  1152  circle
 2, 193, 192
*
  6.9700000E+00, 1.0870000E+01, 4.3800000E-01, 0.0000000E+00
* ELEM  1153  circle
 2, 194, 193
*
  6.9700000E+00, 1.0870000E+01, 4.2690959E-01, 0.0000000E+00
* ELEM  1154  circle
 2, 195, 194
*
  6.9700000E+00, 1.0870000E+01, 3.9175911E-01, 0.0000000E+00
* ELEM  1155  circle
 2, 196, 195
*
  6.9700000E+00, 1.0870000E+01, 3.3927334E-01, 0.0000000E+00
* ELEM  1156  circle
 2, 197, 196
*
  6.9700000E+00, 1.0870000E+01, 2.7701552E-01, 0.0000000E+00
* ELEM  1157  circle
 2, 198, 197
*
  6.9700000E+00, 1.0870000E+01, 1.9587955E-01, 0.0000000E+00
* ELEM  1158  circle
 2, 201, 200
*
  5.6700000E+00, 1.0870000E+01, 4.4700000E-01, 0.0000000E+00
* ELEM  1159  circle
 2, 202, 201
*
  5.6700000E+00, 1.0870000E+01, 4.3800000E-01, 0.0000000E+00
* ELEM  1160  circle
 2, 203, 202
*
  5.6700000E+00, 1.0870000E+01, 4.2690959E-01, 0.0000000E+00
* ELEM  1161  circle
 2, 204, 203
*
  5.6700000E+00, 1.0870000E+01, 3.9175911E-01, 0.0000000E+00
* ELEM  1162  circle
 2, 205, 204
*
  5.6700000E+00, 1.0870000E+01, 3.0971277E-01, 0.0000000E+00
* ELEM  1163  circle
 2, 208, 207
*
  4.3700000E+00, 1.0870000E+01, 4.4700000E-01, 0.0000000E+00
* ELEM  1164  circle
 2, 209, 208
*
  4.3700000E+00, 1.0870000E+01, 4.3800000E-01, 0.0000000E+00
* ELEM  1165  circle
 2, 210, 209
*
  4.3700000E+00, 1.0870000E+01, 4.2690959E-01, 0.0000000E+00
* ELEM  1166  circle
 2, 211, 210
*
  4.3700000E+00, 1.0870000E+01, 3.9175911E-01, 0.0000000E+00
* ELEM  1167  circle
 2, 212, 211
*
  4.3700000E+00, 1.0870000E+01, 3.3927334E-01, 0.0000000E+00
* ELEM  1168  circle
 2, 213, 212
*
  4.3700000E+00, 1.0870000E+01, 2.7701552E-01, 0.0000000E+00
* ELEM  1169  circle
 2, 214, 213
*
  4.3700000E+00, 1.0870000E+01, 1.9587955E-01, 0.0000000E+00
* ELEM  1170  circle
 2, 217, 216
*
  3.0700000E+00, 1.0870000E+01, 4.4700000E-01, 0.0000000E+00
* ELEM  1171  circle
 2, 218, 217
*
  3.0700000E+00, 1.0870000E+01, 4.3800000E-01, 0.0000000E+00
* ELEM  1172  circle
 2, 219, 218
*
  3.0700000E+00, 1.0870000E+01, 4.2690959E-01, 0.0000000E+00
* ELEM  1173  circle
 2, 220, 219
*
  3.0700000E+00, 1.0870000E+01, 3.9175911E-01, 0.0000000E+00
* ELEM  1174  circle
 2, 221, 220
*
  3.0700000E+00, 1.0870000E+01, 3.0971277E-01, 0.0000000E+00
* ELEM  1175  circle
 2, 224, 223
*
  1.7700000E+00, 1.0870000E+01, 4.4700000E-01, 0.0000000E+00
* ELEM  1176  circle
 2, 225, 224
*
  1.7700000E+00, 1.0870000E+01, 4.3800000E-01, 0.0000000E+00
* ELEM  1177  circle
 2, 226, 225
*
  1.7700000E+00, 1.0870000E+01, 4.2690959E-01, 0.0000000E+00
* ELEM  1178  circle
 2, 227, 226
*
  1.7700000E+00, 1.0870000E+01, 3.9175911E-01, 0.0000000E+00
* ELEM  1179  circle
 2, 228, 227
*
  1.7700000E+00, 1.0870000E+01, 3.0971277E-01, 0.0000000E+00
* ELEM  1180  circle
 2, 231, 230
*
  1.3470000E+01, 9.5700000E+00, 4.4700000E-01, 0.0000000E+00
* ELEM  1181  circle
 2, 232, 231
*
  1.3470000E+01, 9.5700000E+00, 4.3800000E-01, 0.0000000E+00
* ELEM  1182  circle
 2, 233, 232
*
  1.3470000E+01, 9.5700000E+00, 4.2690959E-01, 0.0000000E+00
* ELEM  1183  circle
 2, 234, 233
*
  1.3470000E+01, 9.5700000E+00, 3.9175911E-01, 0.0000000E+00
* ELEM  1184  circle
 2, 235, 234
*
  1.3470000E+01, 9.5700000E+00, 3.0971277E-01, 0.0000000E+00
* ELEM  1185  circle
 2, 238, 237
*
  1.2170000E+01, 9.5700000E+00, 4.4700000E-01, 0.0000000E+00
* ELEM  1186  circle
 2, 239, 238
*
  1.2170000E+01, 9.5700000E+00, 4.3800000E-01, 0.0000000E+00
* ELEM  1187  circle
 2, 240, 239
*
  1.2170000E+01, 9.5700000E+00, 4.2690959E-01, 0.0000000E+00
* ELEM  1188  circle
 2, 241, 240
*
  1.2170000E+01, 9.5700000E+00, 3.9175911E-01, 0.0000000E+00
* ELEM  1189  circle
 2, 242, 241
*
  1.2170000E+01, 9.5700000E+00, 3.0971277E-01, 0.0000000E+00
* ELEM  1190  circle
 2, 245, 244
*
  1.0870000E+01, 9.5700000E+00, 4.4700000E-01, 0.0000000E+00
* ELEM  1191  circle
 2, 246, 245
*
  1.0870000E+01, 9.5700000E+00, 4.3800000E-01, 0.0000000E+00
* ELEM  1192  circle
 2, 247, 246
*
  1.0870000E+01, 9.5700000E+00, 4.2690959E-01, 0.0000000E+00
* ELEM  1193  circle
 2, 248, 247
*
  1.0870000E+01, 9.5700000E+00, 3.9175911E-01, 0.0000000E+00
* ELEM  1194  circle
 2, 249, 248
*
  1.0870000E+01, 9.5700000E+00, 3.0971277E-01, 0.0000000E+00
* ELEM  1195  circle
 2, 252, 251
*
  6.9700000E+00, 9.5700000E+00, 4.4700000E-01, 0.0000000E+00
* ELEM  1196  circle
 2, 253, 252
*
  6.9700000E+00, 9.5700000E+00, 4.3800000E-01, 0.0000000E+00
* ELEM  1197  circle
 2, 254, 253
*
  6.9700000E+00, 9.5700000E+00, 4.2690959E-01, 0.0000000E+00
* ELEM  1198  circle
 2, 255, 254
*
  6.9700000E+00, 9.5700000E+00, 3.9175911E-01, 0.0000000E+00
* ELEM  1199  circle
 2, 256, 255
*
  6.9700000E+00, 9.5700000E+00, 3.0971277E-01, 0.0000000E+00
* ELEM  1200  circle
 2, 259, 258
*
  5.6700000E+00, 9.5700000E+00, 4.4700000E-01, 0.0000000E+00
* ELEM  1201  circle
 2, 260, 259
*
  5.6700000E+00, 9.5700000E+00, 4.3800000E-01, 0.0000000E+00
* ELEM  1202  circle
 2, 261, 260
*
  5.6700000E+00, 9.5700000E+00, 4.2690959E-01, 0.0000000E+00
* ELEM  1203  circle
 2, 262, 261
*
  5.6700000E+00, 9.5700000E+00, 3.9175911E-01, 0.0000000E+00
* ELEM  1204  circle
 2, 263, 262
*
  5.6700000E+00, 9.5700000E+00, 3.3927334E-01, 0.0000000E+00
* ELEM  1205  circle
 2, 264, 263
*
  5.6700000E+00, 9.5700000E+00, 2.7701552E-01, 0.0000000E+00
* ELEM  1206  circle
 2, 265, 264
*
  5.6700000E+00, 9.5700000E+00, 1.9587955E-01, 0.0000000E+00
* ELEM  1207  circle
 2, 268, 267
*
  4.3700000E+00, 9.5700000E+00, 4.4700000E-01, 0.0000000E+00
* ELEM  1208  circle
 2, 269, 268
*
  4.3700000E+00, 9.5700000E+00, 4.3800000E-01, 0.0000000E+00
* ELEM  1209  circle
 2, 270, 269
*
  4.3700000E+00, 9.5700000E+00, 4.2690959E-01, 0.0000000E+00
* ELEM  1210  circle
 2, 271, 270
*
  4.3700000E+00, 9.5700000E+00, 3.9175911E-01, 0.0000000E+00
* ELEM  1211  circle
 2, 272, 271
*
  4.3700000E+00, 9.5700000E+00, 3.0971277E-01, 0.0000000E+00
* ELEM  1212  circle
 2, 275, 274
*
  3.0700000E+00, 9.5700000E+00, 4.4700000E-01, 0.0000000E+00
* ELEM  1213  circle
 2, 276, 275
*
  3.0700000E+00, 9.5700000E+00, 4.3800000E-01, 0.0000000E+00
* ELEM  1214  circle
 2, 277, 276
*
  3.0700000E+00, 9.5700000E+00, 4.2690959E-01, 0.0000000E+00
* ELEM  1215  circle
 2, 278, 277
*
  3.0700000E+00, 9.5700000E+00, 3.9175911E-01, 0.0000000E+00
* ELEM  1216  circle
 2, 279, 278
*
  3.0700000E+00, 9.5700000E+00, 3.0971277E-01, 0.0000000E+00
* ELEM  1217  circle
 2, 282, 281
*
  1.7700000E+00, 9.5700000E+00, 4.4700000E-01, 0.0000000E+00
* ELEM  1218  circle
 2, 283, 282
*
  1.7700000E+00, 9.5700000E+00, 4.3800000E-01, 0.0000000E+00
* ELEM  1219  circle
 2, 284, 283
*
  1.7700000E+00, 9.5700000E+00, 4.2690959E-01, 0.0000000E+00
* ELEM  1220  circle
 2, 285, 284
*
  1.7700000E+00, 9.5700000E+00, 3.9175911E-01, 0.0000000E+00
* ELEM  1221  circle
 2, 286, 285
*
  1.7700000E+00, 9.5700000E+00, 3.0971277E-01, 0.0000000E+00
* ELEM  1222  circle
 2, 289, 288
*
  1.3470000E+01, 8.2700000E+00, 4.4700000E-01, 0.0000000E+00
* ELEM  1223  circle
 2, 290, 289
*
  1.3470000E+01, 8.2700000E+00, 4.3800000E-01, 0.0000000E+00
* ELEM  1224  circle
 2, 291, 290
*
  1.3470000E+01, 8.2700000E+00, 4.2690959E-01, 0.0000000E+00
* ELEM  1225  circle
 2, 292, 291
*
  1.3470000E+01, 8.2700000E+00, 3.9175911E-01, 0.0000000E+00
* ELEM  1226  circle
 2, 293, 292
*
  1.3470000E+01, 8.2700000E+00, 3.0971277E-01, 0.0000000E+00
* ELEM  1227  circle
 2, 296, 295
*
  1.2170000E+01, 8.2700000E+00, 4.4700000E-01, 0.0000000E+00
* ELEM  1228  circle
 2, 297, 296
*
  1.2170000E+01, 8.2700000E+00, 4.3800000E-01, 0.0000000E+00
* ELEM  1229  circle
 2, 298, 297
*
  1.2170000E+01, 8.2700000E+00, 4.2690959E-01, 0.0000000E+00
* ELEM  1230  circle
 2, 299, 298
*
  1.2170000E+01, 8.2700000E+00, 3.9175911E-01, 0.0000000E+00
* ELEM  1231  circle
 2, 300, 299
*
  1.2170000E+01, 8.2700000E+00, 3.0971277E-01, 0.0000000E+00
* ELEM  1232  circle
 2, 303, 302
*
  1.0870000E+01, 8.2700000E+00, 4.4700000E-01, 0.0000000E+00
* ELEM  1233  circle
 2, 304, 303
*
  1.0870000E+01, 8.2700000E+00, 4.3800000E-01, 0.0000000E+00
* ELEM  1234  circle
 2, 305, 304
*
  1.0870000E+01, 8.2700000E+00, 4.2690959E-01, 0.0000000E+00
* ELEM  1235  circle
 2, 306, 305
*
  1.0870000E+01, 8.2700000E+00, 3.9175911E-01, 0.0000000E+00
* ELEM  1236  circle
 2, 307, 306
*
  1.0870000E+01, 8.2700000E+00, 3.0971277E-01, 0.0000000E+00
* ELEM  1237  circle
 2, 310, 309
*
  6.9700000E+00, 8.2700000E+00, 4.4700000E-01, 0.0000000E+00
* ELEM  1238  circle
 2, 311, 310
*
  6.9700000E+00, 8.2700000E+00, 4.3800000E-01, 0.0000000E+00
* ELEM  1239  circle
 2, 312, 311
*
  6.9700000E+00, 8.2700000E+00, 4.2690959E-01, 0.0000000E+00
* ELEM  1240  circle
 2, 313, 312
*
  6.9700000E+00, 8.2700000E+00, 3.9175911E-01, 0.0000000E+00
* ELEM  1241  circle
 2, 314, 313
*
  6.9700000E+00, 8.2700000E+00, 3.0971277E-01, 0.0000000E+00
* ELEM  1242  circle
 2, 317, 316
*
  5.6700000E+00, 8.2700000E+00, 4.4700000E-01, 0.0000000E+00
* ELEM  1243  circle
 2, 318, 317
*
  5.6700000E+00, 8.2700000E+00, 4.3800000E-01, 0.0000000E+00
* ELEM  1244  circle
 2, 319, 318
*
  5.6700000E+00, 8.2700000E+00, 4.2690959E-01, 0.0000000E+00
* ELEM  1245  circle
 2, 320, 319
*
  5.6700000E+00, 8.2700000E+00, 3.9175911E-01, 0.0000000E+00
* ELEM  1246  circle
 2, 321, 320
*
  5.6700000E+00, 8.2700000E+00, 3.0971277E-01, 0.0000000E+00
* ELEM  1247  circle
 2, 324, 323
*
  4.3700000E+00, 8.2700000E+00, 4.4700000E-01, 0.0000000E+00
* ELEM  1248  circle
 2, 325, 324
*
  4.3700000E+00, 8.2700000E+00, 4.3800000E-01, 0.0000000E+00
* ELEM  1249  circle
 2, 326, 325
*
  4.3700000E+00, 8.2700000E+00, 4.2690959E-01, 0.0000000E+00
* ELEM  1250  circle
 2, 327, 326
*
  4.3700000E+00, 8.2700000E+00, 3.9175911E-01, 0.0000000E+00
* ELEM  1251  circle
 2, 328, 327
*
  4.3700000E+00, 8.2700000E+00, 3.3927334E-01, 0.0000000E+00
* ELEM  1252  circle
 2, 329, 328
*
  4.3700000E+00, 8.2700000E+00, 2.7701552E-01, 0.0000000E+00
* ELEM  1253  circle
 2, 330, 329
*
  4.3700000E+00, 8.2700000E+00, 1.9587955E-01, 0.0000000E+00
* ELEM  1254  circle
 2, 333, 332
*
  3.0700000E+00, 8.2700000E+00, 4.4700000E-01, 0.0000000E+00
* ELEM  1255  circle
 2, 334, 333
*
  3.0700000E+00, 8.2700000E+00, 4.3800000E-01, 0.0000000E+00
* ELEM  1256  circle
 2, 335, 334
*
  3.0700000E+00, 8.2700000E+00, 4.2690959E-01, 0.0000000E+00
* ELEM  1257  circle
 2, 336, 335
*
  3.0700000E+00, 8.2700000E+00, 3.9175911E-01, 0.0000000E+00
* ELEM  1258  circle
 2, 337, 336
*
  3.0700000E+00, 8.2700000E+00, 3.0971277E-01, 0.0000000E+00
* ELEM  1259  circle
 2, 340, 339
*
  1.7700000E+00, 8.2700000E+00, 4.4700000E-01, 0.0000000E+00
* ELEM  1260  circle
 2, 341, 340
*
  1.7700000E+00, 8.2700000E+00, 4.3800000E-01, 0.0000000E+00
* ELEM  1261  circle
 2, 342, 341
*
  1.7700000E+00, 8.2700000E+00, 4.2690959E-01, 0.0000000E+00
* ELEM  1262  circle
 2, 343, 342
*
  1.7700000E+00, 8.2700000E+00, 3.9175911E-01, 0.0000000E+00
* ELEM  1263  circle
 2, 344, 343
*
  1.7700000E+00, 8.2700000E+00, 3.0971277E-01, 0.0000000E+00
* ELEM  1264  circle
 2, 347, 346
*
  1.3470000E+01, 6.9700000E+00, 4.4700000E-01, 0.0000000E+00
* ELEM  1265  circle
 2, 348, 347
*
  1.3470000E+01, 6.9700000E+00, 4.3800000E-01, 0.0000000E+00
* ELEM  1266  circle
 2, 349, 348
*
  1.3470000E+01, 6.9700000E+00, 4.2690959E-01, 0.0000000E+00
* ELEM  1267  circle
 2, 350, 349
*
  1.3470000E+01, 6.9700000E+00, 3.9175911E-01, 0.0000000E+00
* ELEM  1268  circle
 2, 351, 350
*
  1.3470000E+01, 6.9700000E+00, 3.0971277E-01, 0.0000000E+00
* ELEM  1269  circle
 2, 354, 353
*
  1.2170000E+01, 6.9700000E+00, 4.4700000E-01, 0.0000000E+00
* ELEM  1270  circle
 2, 355, 354
*
  1.2170000E+01, 6.9700000E+00, 4.3800000E-01, 0.0000000E+00
* ELEM  1271  circle
 2, 356, 355
*
  1.2170000E+01, 6.9700000E+00, 4.2690959E-01, 0.0000000E+00
* ELEM  1272  circle
 2, 357, 356
*
  1.2170000E+01, 6.9700000E+00, 3.9175911E-01, 0.0000000E+00
* ELEM  1273  circle
 2, 358, 357
*
  1.2170000E+01, 6.9700000E+00, 3.3927334E-01, 0.0000000E+00
* ELEM  1274  circle
 2, 359, 358
*
  1.2170000E+01, 6.9700000E+00, 2.7701552E-01, 0.0000000E+00
* ELEM  1275  circle
 2, 360, 359
*
  1.2170000E+01, 6.9700000E+00, 1.9587955E-01, 0.0000000E+00
* ELEM  1276  circle
 2, 363, 362
*
  1.0870000E+01, 6.9700000E+00, 4.4700000E-01, 0.0000000E+00
* ELEM  1277  circle
 2, 364, 363
*
  1.0870000E+01, 6.9700000E+00, 4.3800000E-01, 0.0000000E+00
* ELEM  1278  circle
 2, 365, 364
*
  1.0870000E+01, 6.9700000E+00, 4.2690959E-01, 0.0000000E+00
* ELEM  1279  circle
 2, 366, 365
*
  1.0870000E+01, 6.9700000E+00, 3.9175911E-01, 0.0000000E+00
* ELEM  1280  circle
 2, 367, 366
*
  1.0870000E+01, 6.9700000E+00, 3.0971277E-01, 0.0000000E+00
* ELEM  1281  circle
 2, 370, 369
*
  9.5700000E+00, 6.9700000E+00, 4.4700000E-01, 0.0000000E+00
* ELEM  1282  circle
 2, 371, 370
*
  9.5700000E+00, 6.9700000E+00, 4.3800000E-01, 0.0000000E+00
* ELEM  1283  circle
 2, 372, 371
*
  9.5700000E+00, 6.9700000E+00, 4.2690959E-01, 0.0000000E+00
* ELEM  1284  circle
 2, 373, 372
*
  9.5700000E+00, 6.9700000E+00, 3.9175911E-01, 0.0000000E+00
* ELEM  1285  circle
 2, 374, 373
*
  9.5700000E+00, 6.9700000E+00, 3.0971277E-01, 0.0000000E+00
* ELEM  1286  circle
 2, 377, 376
*
  8.2700000E+00, 6.9700000E+00, 4.4700000E-01, 0.0000000E+00
* ELEM  1287  circle
 2, 378, 377
*
  8.2700000E+00, 6.9700000E+00, 4.3800000E-01, 0.0000000E+00
* ELEM  1288  circle
 2, 379, 378
*
  8.2700000E+00, 6.9700000E+00, 4.2690959E-01, 0.0000000E+00
* ELEM  1289  circle
 2, 380, 379
*
  8.2700000E+00, 6.9700000E+00, 3.9175911E-01, 0.0000000E+00
* ELEM  1290  circle
 2, 381, 380
*
  8.2700000E+00, 6.9700000E+00, 3.0971277E-01, 0.0000000E+00
* ELEM  1291  circle
 2, 384, 383
*
  4.3700000E+00, 6.9700000E+00, 4.4700000E-01, 0.0000000E+00
* ELEM  1292  circle
 2, 385, 384
*
  4.3700000E+00, 6.9700000E+00, 4.3800000E-01, 0.0000000E+00
* ELEM  1293  circle
 2, 386, 385
*
  4.3700000E+00, 6.9700000E+00, 4.2690959E-01, 0.0000000E+00
* ELEM  1294  circle
 2, 387, 386
*
  4.3700000E+00, 6.9700000E+00, 3.9175911E-01, 0.0000000E+00
* ELEM  1295  circle
 2, 388, 387
*
  4.3700000E+00, 6.9700000E+00, 3.0971277E-01, 0.0000000E+00
* ELEM  1296  circle
 2, 391, 390
*
  3.0700000E+00, 6.9700000E+00, 4.4700000E-01, 0.0000000E+00
* ELEM  1297  circle
 2, 392, 391
*
  3.0700000E+00, 6.9700000E+00, 4.3800000E-01, 0.0000000E+00
* ELEM  1298  circle
 2, 393, 392
*
  3.0700000E+00, 6.9700000E+00, 4.2690959E-01, 0.0000000E+00
* ELEM  1299  circle
 2, 394, 393
*
  3.0700000E+00, 6.9700000E+00, 3.9175911E-01, 0.0000000E+00
* ELEM  1300  circle
 2, 395, 394
*
  3.0700000E+00, 6.9700000E+00, 3.3927334E-01, 0.0000000E+00
* ELEM  1301  circle
 2, 396, 395
*
  3.0700000E+00, 6.9700000E+00, 2.7701552E-01, 0.0000000E+00
* ELEM  1302  circle
 2, 397, 396
*
  3.0700000E+00, 6.9700000E+00, 1.9587955E-01, 0.0000000E+00
* ELEM  1303  circle
 2, 400, 399
*
  1.7700000E+00, 6.9700000E+00, 4.4700000E-01, 0.0000000E+00
* ELEM  1304  circle
 2, 401, 400
*
  1.7700000E+00, 6.9700000E+00, 4.3800000E-01, 0.0000000E+00
* ELEM  1305  circle
 2, 402, 401
*
  1.7700000E+00, 6.9700000E+00, 4.2690959E-01, 0.0000000E+00
* ELEM  1306  circle
 2, 403, 402
*
  1.7700000E+00, 6.9700000E+00, 3.9175911E-01, 0.0000000E+00
* ELEM  1307  circle
 2, 404, 403
*
  1.7700000E+00, 6.9700000E+00, 3.0971277E-01, 0.0000000E+00
* ELEM  1308  circle
 2, 407, 406
*
  1.3470000E+01, 5.6700000E+00, 4.4700000E-01, 0.0000000E+00
* ELEM  1309  circle
 2, 408, 407
*
  1.3470000E+01, 5.6700000E+00, 4.3800000E-01, 0.0000000E+00
* ELEM  1310  circle
 2, 409, 408
*
  1.3470000E+01, 5.6700000E+00, 4.2690959E-01, 0.0000000E+00
* ELEM  1311  circle
 2, 410, 409
*
  1.3470000E+01, 5.6700000E+00, 3.9175911E-01, 0.0000000E+00
* ELEM  1312  circle
 2, 411, 410
*
  1.3470000E+01, 5.6700000E+00, 3.0971277E-01, 0.0000000E+00
* ELEM  1313  circle
 2, 414, 413
*
  1.2170000E+01, 5.6700000E+00, 4.4700000E-01, 0.0000000E+00
* ELEM  1314  circle
 2, 415, 414
*
  1.2170000E+01, 5.6700000E+00, 4.3800000E-01, 0.0000000E+00
* ELEM  1315  circle
 2, 416, 415
*
  1.2170000E+01, 5.6700000E+00, 4.2690959E-01, 0.0000000E+00
* ELEM  1316  circle
 2, 417, 416
*
  1.2170000E+01, 5.6700000E+00, 3.9175911E-01, 0.0000000E+00
* ELEM  1317  circle
 2, 418, 417
*
  1.2170000E+01, 5.6700000E+00, 3.0971277E-01, 0.0000000E+00
* ELEM  1318  circle
 2, 421, 420
*
  1.0870000E+01, 5.6700000E+00, 4.4700000E-01, 0.0000000E+00
* ELEM  1319  circle
 2, 422, 421
*
  1.0870000E+01, 5.6700000E+00, 4.3800000E-01, 0.0000000E+00
* ELEM  1320  circle
 2, 423, 422
*
  1.0870000E+01, 5.6700000E+00, 4.2690959E-01, 0.0000000E+00
* ELEM  1321  circle
 2, 424, 423
*
  1.0870000E+01, 5.6700000E+00, 3.9175911E-01, 0.0000000E+00
* ELEM  1322  circle
 2, 425, 424
*
  1.0870000E+01, 5.6700000E+00, 3.3927334E-01, 0.0000000E+00
* ELEM  1323  circle
 2, 426, 425
*
  1.0870000E+01, 5.6700000E+00, 2.7701552E-01, 0.0000000E+00
* ELEM  1324  circle
 2, 427, 426
*
  1.0870000E+01, 5.6700000E+00, 1.9587955E-01, 0.0000000E+00
* ELEM  1325  circle
 2, 430, 429
*
  9.5700000E+00, 5.6700000E+00, 4.4700000E-01, 0.0000000E+00
* ELEM  1326  circle
 2, 431, 430
*
  9.5700000E+00, 5.6700000E+00, 4.3800000E-01, 0.0000000E+00
* ELEM  1327  circle
 2, 432, 431
*
  9.5700000E+00, 5.6700000E+00, 4.2690959E-01, 0.0000000E+00
* ELEM  1328  circle
 2, 433, 432
*
  9.5700000E+00, 5.6700000E+00, 3.9175911E-01, 0.0000000E+00
* ELEM  1329  circle
 2, 434, 433
*
  9.5700000E+00, 5.6700000E+00, 3.0971277E-01, 0.0000000E+00
* ELEM  1330  circle
 2, 437, 436
*
  8.2700000E+00, 5.6700000E+00, 4.4700000E-01, 0.0000000E+00
* ELEM  1331  circle
 2, 438, 437
*
  8.2700000E+00, 5.6700000E+00, 4.3800000E-01, 0.0000000E+00
* ELEM  1332  circle
 2, 439, 438
*
  8.2700000E+00, 5.6700000E+00, 4.2690959E-01, 0.0000000E+00
* ELEM  1333  circle
 2, 440, 439
*
  8.2700000E+00, 5.6700000E+00, 3.9175911E-01, 0.0000000E+00
* ELEM  1334  circle
 2, 441, 440
*
  8.2700000E+00, 5.6700000E+00, 3.0971277E-01, 0.0000000E+00
* ELEM  1335  circle
 2, 444, 443
*
  4.3700000E+00, 5.6700000E+00, 4.4700000E-01, 0.0000000E+00
* ELEM  1336  circle
 2, 445, 444
*
  4.3700000E+00, 5.6700000E+00, 4.3800000E-01, 0.0000000E+00
* ELEM  1337  circle
 2, 446, 445
*
  4.3700000E+00, 5.6700000E+00, 4.2690959E-01, 0.0000000E+00
* ELEM  1338  circle
 2, 447, 446
*
  4.3700000E+00, 5.6700000E+00, 3.9175911E-01, 0.0000000E+00
* ELEM  1339  circle
 2, 448, 447
*
  4.3700000E+00, 5.6700000E+00, 3.3927334E-01, 0.0000000E+00
* ELEM  1340  circle
 2, 449, 448
*
  4.3700000E+00, 5.6700000E+00, 2.7701552E-01, 0.0000000E+00
* ELEM  1341  circle
 2, 450, 449
*
  4.3700000E+00, 5.6700000E+00, 1.9587955E-01, 0.0000000E+00
* ELEM  1342  circle
 2, 453, 452
*
  3.0700000E+00, 5.6700000E+00, 4.4700000E-01, 0.0000000E+00
* ELEM  1343  circle
 2, 454, 453
*
  3.0700000E+00, 5.6700000E+00, 4.3800000E-01, 0.0000000E+00
* ELEM  1344  circle
 2, 455, 454
*
  3.0700000E+00, 5.6700000E+00, 4.2690959E-01, 0.0000000E+00
* ELEM  1345  circle
 2, 456, 455
*
  3.0700000E+00, 5.6700000E+00, 3.9175911E-01, 0.0000000E+00
* ELEM  1346  circle
 2, 457, 456
*
  3.0700000E+00, 5.6700000E+00, 3.0971277E-01, 0.0000000E+00
* ELEM  1347  circle
 2, 460, 459
*
  1.7700000E+00, 5.6700000E+00, 4.4700000E-01, 0.0000000E+00
* ELEM  1348  circle
 2, 461, 460
*
  1.7700000E+00, 5.6700000E+00, 4.3800000E-01, 0.0000000E+00
* ELEM  1349  circle
 2, 462, 461
*
  1.7700000E+00, 5.6700000E+00, 4.2690959E-01, 0.0000000E+00
* ELEM  1350  circle
 2, 463, 462
*
  1.7700000E+00, 5.6700000E+00, 3.9175911E-01, 0.0000000E+00
* ELEM  1351  circle
 2, 464, 463
*
  1.7700000E+00, 5.6700000E+00, 3.0971277E-01, 0.0000000E+00
* ELEM  1352  circle
 2, 467, 466
*
  1.3470000E+01, 4.3700000E+00, 4.4700000E-01, 0.0000000E+00
* ELEM  1353  circle
 2, 468, 467
*
  1.3470000E+01, 4.3700000E+00, 4.3800000E-01, 0.0000000E+00
* ELEM  1354  circle
 2, 469, 468
*
  1.3470000E+01, 4.3700000E+00, 4.2690959E-01, 0.0000000E+00
* ELEM  1355  circle
 2, 470, 469
*
  1.3470000E+01, 4.3700000E+00, 3.9175911E-01, 0.0000000E+00
* ELEM  1356  circle
 2, 471, 470
*
  1.3470000E+01, 4.3700000E+00, 3.0971277E-01, 0.0000000E+00
* ELEM  1357  circle
 2, 474, 473
*
  1.2170000E+01, 4.3700000E+00, 4.4700000E-01, 0.0000000E+00
* ELEM  1358  circle
 2, 475, 474
*
  1.2170000E+01, 4.3700000E+00, 4.3800000E-01, 0.0000000E+00
* ELEM  1359  circle
 2, 476, 475
*
  1.2170000E+01, 4.3700000E+00, 4.2690959E-01, 0.0000000E+00
* ELEM  1360  circle
 2, 477, 476
*
  1.2170000E+01, 4.3700000E+00, 3.9175911E-01, 0.0000000E+00
* ELEM  1361  circle
 2, 478, 477
*
  1.2170000E+01, 4.3700000E+00, 3.3927334E-01, 0.0000000E+00
* ELEM  1362  circle
 2, 479, 478
*
  1.2170000E+01, 4.3700000E+00, 2.7701552E-01, 0.0000000E+00
* ELEM  1363  circle
 2, 480, 479
*
  1.2170000E+01, 4.3700000E+00, 1.9587955E-01, 0.0000000E+00
* ELEM  1364  circle
 2, 483, 482
*
  1.0870000E+01, 4.3700000E+00, 4.4700000E-01, 0.0000000E+00
* ELEM  1365  circle
 2, 484, 483
*
  1.0870000E+01, 4.3700000E+00, 4.3800000E-01, 0.0000000E+00
* ELEM  1366  circle
 2, 485, 484
*
  1.0870000E+01, 4.3700000E+00, 4.2690959E-01, 0.0000000E+00
* ELEM  1367  circle
 2, 486, 485
*
  1.0870000E+01, 4.3700000E+00, 3.9175911E-01, 0.0000000E+00
* ELEM  1368  circle
 2, 487, 486
*
  1.0870000E+01, 4.3700000E+00, 3.0971277E-01, 0.0000000E+00
* ELEM  1369  circle
 2, 490, 489
*
  9.5700000E+00, 4.3700000E+00, 4.4700000E-01, 0.0000000E+00
* ELEM  1370  circle
 2, 491, 490
*
  9.5700000E+00, 4.3700000E+00, 4.3800000E-01, 0.0000000E+00
* ELEM  1371  circle
 2, 492, 491
*
  9.5700000E+00, 4.3700000E+00, 4.2690959E-01, 0.0000000E+00
* ELEM  1372  circle
 2, 493, 492
*
  9.5700000E+00, 4.3700000E+00, 3.9175911E-01, 0.0000000E+00
* ELEM  1373  circle
 2, 494, 493
*
  9.5700000E+00, 4.3700000E+00, 3.3927334E-01, 0.0000000E+00
* ELEM  1374  circle
 2, 495, 494
*
  9.5700000E+00, 4.3700000E+00, 2.7701552E-01, 0.0000000E+00
* ELEM  1375  circle
 2, 496, 495
*
  9.5700000E+00, 4.3700000E+00, 1.9587955E-01, 0.0000000E+00
* ELEM  1376  circle
 2, 499, 498
*
  8.2700000E+00, 4.3700000E+00, 4.4700000E-01, 0.0000000E+00
* ELEM  1377  circle
 2, 500, 499
*
  8.2700000E+00, 4.3700000E+00, 4.3800000E-01, 0.0000000E+00
* ELEM  1378  circle
 2, 501, 500
*
  8.2700000E+00, 4.3700000E+00, 4.2690959E-01, 0.0000000E+00
* ELEM  1379  circle
 2, 502, 501
*
  8.2700000E+00, 4.3700000E+00, 3.9175911E-01, 0.0000000E+00
* ELEM  1380  circle
 2, 503, 502
*
  8.2700000E+00, 4.3700000E+00, 3.0971277E-01, 0.0000000E+00
* ELEM  1381  circle
 2, 506, 505
*
  6.9700000E+00, 4.3700000E+00, 4.4700000E-01, 0.0000000E+00
* ELEM  1382  circle
 2, 507, 506
*
  6.9700000E+00, 4.3700000E+00, 4.3800000E-01, 0.0000000E+00
* ELEM  1383  circle
 2, 508, 507
*
  6.9700000E+00, 4.3700000E+00, 4.2690959E-01, 0.0000000E+00
* ELEM  1384  circle
 2, 509, 508
*
  6.9700000E+00, 4.3700000E+00, 3.9175911E-01, 0.0000000E+00
* ELEM  1385  circle
 2, 510, 509
*
  6.9700000E+00, 4.3700000E+00, 3.0971277E-01, 0.0000000E+00
* ELEM  1386  circle
 2, 513, 512
*
  5.6700000E+00, 4.3700000E+00, 4.4700000E-01, 0.0000000E+00
* ELEM  1387  circle
 2, 514, 513
*
  5.6700000E+00, 4.3700000E+00, 4.3800000E-01, 0.0000000E+00
* ELEM  1388  circle
 2, 515, 514
*
  5.6700000E+00, 4.3700000E+00, 4.2690959E-01, 0.0000000E+00
* ELEM  1389  circle
 2, 516, 515
*
  5.6700000E+00, 4.3700000E+00, 3.9175911E-01, 0.0000000E+00
* ELEM  1390  circle
 2, 517, 516
*
  5.6700000E+00, 4.3700000E+00, 3.0971277E-01, 0.0000000E+00
* ELEM  1391  circle
 2, 520, 519
*
  4.3700000E+00, 4.3700000E+00, 4.4700000E-01, 0.0000000E+00
* ELEM  1392  circle
 2, 521, 520
*
  4.3700000E+00, 4.3700000E+00, 4.3800000E-01, 0.0000000E+00
* ELEM  1393  circle
 2, 522, 521
*
  4.3700000E+00, 4.3700000E+00, 4.2690959E-01, 0.0000000E+00
* ELEM  1394  circle
 2, 523, 522
*
  4.3700000E+00, 4.3700000E+00, 3.9175911E-01, 0.0000000E+00
* ELEM  1395  circle
 2, 524, 523
*
  4.3700000E+00, 4.3700000E+00, 3.0971277E-01, 0.0000000E+00
* ELEM  1396  circle
 2, 527, 526
*
  3.0700000E+00, 4.3700000E+00, 4.4700000E-01, 0.0000000E+00
* ELEM  1397  circle
 2, 528, 527
*
  3.0700000E+00, 4.3700000E+00, 4.3800000E-01, 0.0000000E+00
* ELEM  1398  circle
 2, 529, 528
*
  3.0700000E+00, 4.3700000E+00, 4.2690959E-01, 0.0000000E+00
* ELEM  1399  circle
 2, 530, 529
*
  3.0700000E+00, 4.3700000E+00, 3.9175911E-01, 0.0000000E+00
* ELEM  1400  circle
 2, 531, 530
*
  3.0700000E+00, 4.3700000E+00, 3.3927334E-01, 0.0000000E+00
* ELEM  1401  circle
 2, 532, 531
*
  3.0700000E+00, 4.3700000E+00, 2.7701552E-01, 0.0000000E+00
* ELEM  1402  circle
 2, 533, 532
*
  3.0700000E+00, 4.3700000E+00, 1.9587955E-01, 0.0000000E+00
* ELEM  1403  circle
 2, 536, 535
*
  1.7700000E+00, 4.3700000E+00, 4.4700000E-01, 0.0000000E+00
* ELEM  1404  circle
 2, 537, 536
*
  1.7700000E+00, 4.3700000E+00, 4.3800000E-01, 0.0000000E+00
* ELEM  1405  circle
 2, 538, 537
*
  1.7700000E+00, 4.3700000E+00, 4.2690959E-01, 0.0000000E+00
* ELEM  1406  circle
 2, 539, 538
*
  1.7700000E+00, 4.3700000E+00, 3.9175911E-01, 0.0000000E+00
* ELEM  1407  circle
 2, 540, 539
*
  1.7700000E+00, 4.3700000E+00, 3.0971277E-01, 0.0000000E+00
* ELEM  1408  circle
 2, 543, 542
*
  1.3470000E+01, 3.0700000E+00, 4.4700000E-01, 0.0000000E+00
* ELEM  1409  circle
 2, 544, 543
*
  1.3470000E+01, 3.0700000E+00, 4.3800000E-01, 0.0000000E+00
* ELEM  1410  circle
 2, 545, 544
*
  1.3470000E+01, 3.0700000E+00, 4.2690959E-01, 0.0000000E+00
* ELEM  1411  circle
 2, 546, 545
*
  1.3470000E+01, 3.0700000E+00, 3.9175911E-01, 0.0000000E+00
* ELEM  1412  circle
 2, 547, 546
*
  1.3470000E+01, 3.0700000E+00, 3.0971277E-01, 0.0000000E+00
* ELEM  1413  circle
 2, 550, 549
*
  1.2170000E+01, 3.0700000E+00, 4.4700000E-01, 0.0000000E+00
* ELEM  1414  circle
 2, 551, 550
*
  1.2170000E+01, 3.0700000E+00, 4.3800000E-01, 0.0000000E+00
* ELEM  1415  circle
 2, 552, 551
*
  1.2170000E+01, 3.0700000E+00, 4.2690959E-01, 0.0000000E+00
* ELEM  1416  circle
 2, 553, 552
*
  1.2170000E+01, 3.0700000E+00, 3.9175911E-01, 0.0000000E+00
* ELEM  1417  circle
 2, 554, 553
*
  1.2170000E+01, 3.0700000E+00, 3.0971277E-01, 0.0000000E+00
* ELEM  1418  circle
 2, 557, 556
*
  1.0870000E+01, 3.0700000E+00, 4.4700000E-01, 0.0000000E+00
* ELEM  1419  circle
 2, 558, 557
*
  1.0870000E+01, 3.0700000E+00, 4.3800000E-01, 0.0000000E+00
* ELEM  1420  circle
 2, 559, 558
*
  1.0870000E+01, 3.0700000E+00, 4.2690959E-01, 0.0000000E+00
* ELEM  1421  circle
 2, 560, 559
*
  1.0870000E+01, 3.0700000E+00, 3.9175911E-01, 0.0000000E+00
* ELEM  1422  circle
 2, 561, 560
*
  1.0870000E+01, 3.0700000E+00, 3.3927334E-01, 0.0000000E+00
* ELEM  1423  circle
 2, 562, 561
*
  1.0870000E+01, 3.0700000E+00, 2.7701552E-01, 0.0000000E+00
* ELEM  1424  circle
 2, 563, 562
*
  1.0870000E+01, 3.0700000E+00, 1.9587955E-01, 0.0000000E+00
* ELEM  1425  circle
 2, 566, 565
*
  9.5700000E+00, 3.0700000E+00, 4.4700000E-01, 0.0000000E+00
* ELEM  1426  circle
 2, 567, 566
*
  9.5700000E+00, 3.0700000E+00, 4.3800000E-01, 0.0000000E+00
* ELEM  1427  circle
 2, 568, 567
*
  9.5700000E+00, 3.0700000E+00, 4.2690959E-01, 0.0000000E+00
* ELEM  1428  circle
 2, 569, 568
*
  9.5700000E+00, 3.0700000E+00, 3.9175911E-01, 0.0000000E+00
* ELEM  1429  circle
 2, 570, 569
*
  9.5700000E+00, 3.0700000E+00, 3.0971277E-01, 0.0000000E+00
* ELEM  1430  circle
 2, 573, 572
*
  8.2700000E+00, 3.0700000E+00, 4.4700000E-01, 0.0000000E+00
* ELEM  1431  circle
 2, 574, 573
*
  8.2700000E+00, 3.0700000E+00, 4.3800000E-01, 0.0000000E+00
* ELEM  1432  circle
 2, 575, 574
*
  8.2700000E+00, 3.0700000E+00, 4.2690959E-01, 0.0000000E+00
* ELEM  1433  circle
 2, 576, 575
*
  8.2700000E+00, 3.0700000E+00, 3.9175911E-01, 0.0000000E+00
* ELEM  1434  circle
 2, 577, 576
*
  8.2700000E+00, 3.0700000E+00, 3.3927334E-01, 0.0000000E+00
* ELEM  1435  circle
 2, 578, 577
*
  8.2700000E+00, 3.0700000E+00, 2.7701552E-01, 0.0000000E+00
* ELEM  1436  circle
 2, 579, 578
*
  8.2700000E+00, 3.0700000E+00, 1.9587955E-01, 0.0000000E+00
* ELEM  1437  circle
 2, 582, 581
*
  6.9700000E+00, 3.0700000E+00, 4.4700000E-01, 0.0000000E+00
* ELEM  1438  circle
 2, 583, 582
*
  6.9700000E+00, 3.0700000E+00, 4.3800000E-01, 0.0000000E+00
* ELEM  1439  circle
 2, 584, 583
*
  6.9700000E+00, 3.0700000E+00, 4.2690959E-01, 0.0000000E+00
* ELEM  1440  circle
 2, 585, 584
*
  6.9700000E+00, 3.0700000E+00, 3.9175911E-01, 0.0000000E+00
* ELEM  1441  circle
 2, 586, 585
*
  6.9700000E+00, 3.0700000E+00, 3.0971277E-01, 0.0000000E+00
* ELEM  1442  circle
 2, 589, 588
*
  5.6700000E+00, 3.0700000E+00, 4.4700000E-01, 0.0000000E+00
* ELEM  1443  circle
 2, 590, 589
*
  5.6700000E+00, 3.0700000E+00, 4.3800000E-01, 0.0000000E+00
* ELEM  1444  circle
 2, 591, 590
*
  5.6700000E+00, 3.0700000E+00, 4.2690959E-01, 0.0000000E+00
* ELEM  1445  circle
 2, 592, 591
*
  5.6700000E+00, 3.0700000E+00, 3.9175911E-01, 0.0000000E+00
* ELEM  1446  circle
 2, 593, 592
*
  5.6700000E+00, 3.0700000E+00, 3.0971277E-01, 0.0000000E+00
* ELEM  1447  circle
 2, 596, 595
*
  4.3700000E+00, 3.0700000E+00, 4.4700000E-01, 0.0000000E+00
* ELEM  1448  circle
 2, 597, 596
*
  4.3700000E+00, 3.0700000E+00, 4.3800000E-01, 0.0000000E+00
* ELEM  1449  circle
 2, 598, 597
*
  4.3700000E+00, 3.0700000E+00, 4.2690959E-01, 0.0000000E+00
* ELEM  1450  circle
 2, 599, 598
*
  4.3700000E+00, 3.0700000E+00, 3.9175911E-01, 0.0000000E+00
* ELEM  1451  circle
 2, 600, 599
*
  4.3700000E+00, 3.0700000E+00, 3.3927334E-01, 0.0000000E+00
* ELEM  1452  circle
 2, 601, 600
*
  4.3700000E+00, 3.0700000E+00, 2.7701552E-01, 0.0000000E+00
* ELEM  1453  circle
 2, 602, 601
*
  4.3700000E+00, 3.0700000E+00, 1.9587955E-01, 0.0000000E+00
* ELEM  1454  circle
 2, 605, 604
*
  3.0700000E+00, 3.0700000E+00, 4.4700000E-01, 0.0000000E+00
* ELEM  1455  circle
 2, 606, 605
*
  3.0700000E+00, 3.0700000E+00, 4.3800000E-01, 0.0000000E+00
* ELEM  1456  circle
 2, 607, 606
*
  3.0700000E+00, 3.0700000E+00, 4.2690959E-01, 0.0000000E+00
* ELEM  1457  circle
 2, 608, 607
*
  3.0700000E+00, 3.0700000E+00, 3.9175911E-01, 0.0000000E+00
* ELEM  1458  circle
 2, 609, 608
*
  3.0700000E+00, 3.0700000E+00, 3.0971277E-01, 0.0000000E+00
* ELEM  1459  circle
 2, 612, 611
*
  1.7700000E+00, 3.0700000E+00, 4.4700000E-01, 0.0000000E+00
* ELEM  1460  circle
 2, 613, 612
*
  1.7700000E+00, 3.0700000E+00, 4.3800000E-01, 0.0000000E+00
* ELEM  1461  circle
 2, 614, 613
*
  1.7700000E+00, 3.0700000E+00, 4.2690959E-01, 0.0000000E+00
* ELEM  1462  circle
 2, 615, 614
*
  1.7700000E+00, 3.0700000E+00, 3.9175911E-01, 0.0000000E+00
* ELEM  1463  circle
 2, 616, 615
*
  1.7700000E+00, 3.0700000E+00, 3.0971277E-01, 0.0000000E+00
* ELEM  1464  circle
 2, 619, 618
*
  1.3470000E+01, 1.7700000E+00, 4.4700000E-01, 0.0000000E+00
* ELEM  1465  circle
 2, 620, 619
*
  1.3470000E+01, 1.7700000E+00, 4.3800000E-01, 0.0000000E+00
* ELEM  1466  circle
 2, 621, 620
*
  1.3470000E+01, 1.7700000E+00, 4.2690959E-01, 0.0000000E+00
* ELEM  1467  circle
 2, 622, 621
*
  1.3470000E+01, 1.7700000E+00, 3.9175911E-01, 0.0000000E+00
* ELEM  1468  circle
 2, 623, 622
*
  1.3470000E+01, 1.7700000E+00, 3.0971277E-01, 0.0000000E+00
* ELEM  1469  circle
 2, 626, 625
*
  1.2170000E+01, 1.7700000E+00, 4.4700000E-01, 0.0000000E+00
* ELEM  1470  circle
 2, 627, 626
*
  1.2170000E+01, 1.7700000E+00, 4.3800000E-01, 0.0000000E+00
* ELEM  1471  circle
 2, 628, 627
*
  1.2170000E+01, 1.7700000E+00, 4.2690959E-01, 0.0000000E+00
* ELEM  1472  circle
 2, 629, 628
*
  1.2170000E+01, 1.7700000E+00, 3.9175911E-01, 0.0000000E+00
* ELEM  1473  circle
 2, 630, 629
*
  1.2170000E+01, 1.7700000E+00, 3.0971277E-01, 0.0000000E+00
* ELEM  1474  circle
 2, 633, 632
*
  1.0870000E+01, 1.7700000E+00, 4.4700000E-01, 0.0000000E+00
* ELEM  1475  circle
 2, 634, 633
*
  1.0870000E+01, 1.7700000E+00, 4.3800000E-01, 0.0000000E+00
* ELEM  1476  circle
 2, 635, 634
*
  1.0870000E+01, 1.7700000E+00, 4.2690959E-01, 0.0000000E+00
* ELEM  1477  circle
 2, 636, 635
*
  1.0870000E+01, 1.7700000E+00, 3.9175911E-01, 0.0000000E+00
* ELEM  1478  circle
 2, 637, 636
*
  1.0870000E+01, 1.7700000E+00, 3.0971277E-01, 0.0000000E+00
* ELEM  1479  circle
 2, 640, 639
*
  9.5700000E+00, 1.7700000E+00, 4.4700000E-01, 0.0000000E+00
* ELEM  1480  circle
 2, 641, 640
*
  9.5700000E+00, 1.7700000E+00, 4.3800000E-01, 0.0000000E+00
* ELEM  1481  circle
 2, 642, 641
*
  9.5700000E+00, 1.7700000E+00, 4.2690959E-01, 0.0000000E+00
* ELEM  1482  circle
 2, 643, 642
*
  9.5700000E+00, 1.7700000E+00, 3.9175911E-01, 0.0000000E+00
* ELEM  1483  circle
 2, 644, 643
*
  9.5700000E+00, 1.7700000E+00, 3.0971277E-01, 0.0000000E+00
* ELEM  1484  circle
 2, 647, 646
*
  8.2700000E+00, 1.7700000E+00, 4.4700000E-01, 0.0000000E+00
* ELEM  1485  circle
 2, 648, 647
*
  8.2700000E+00, 1.7700000E+00, 4.3800000E-01, 0.0000000E+00
* ELEM  1486  circle
 2, 649, 648
*
  8.2700000E+00, 1.7700000E+00, 4.2690959E-01, 0.0000000E+00
* ELEM  1487  circle
 2, 650, 649
*
  8.2700000E+00, 1.7700000E+00, 3.9175911E-01, 0.0000000E+00
* ELEM  1488  circle
 2, 651, 650
*
  8.2700000E+00, 1.7700000E+00, 3.0971277E-01, 0.0000000E+00
* ELEM  1489  circle
 2, 654, 653
*
  6.9700000E+00, 1.7700000E+00, 4.4700000E-01, 0.0000000E+00
* ELEM  1490  circle
 2, 655, 654
*
  6.9700000E+00, 1.7700000E+00, 4.3800000E-01, 0.0000000E+00
* ELEM  1491  circle
 2, 656, 655
*
  6.9700000E+00, 1.7700000E+00, 4.2690959E-01, 0.0000000E+00
* ELEM  1492  circle
 2, 657, 656
*
  6.9700000E+00, 1.7700000E+00, 3.9175911E-01, 0.0000000E+00
* ELEM  1493  circle
 2, 658, 657
*
  6.9700000E+00, 1.7700000E+00, 3.0971277E-01, 0.0000000E+00
* ELEM  1494  circle
 2, 661, 660
*
  5.6700000E+00, 1.7700000E+00, 4.4700000E-01, 0.0000000E+00
* ELEM  1495  circle
 2, 662, 661
*
  5.6700000E+00, 1.7700000E+00, 4.3800000E-01, 0.0000000E+00
* ELEM  1496  circle
 2, 663, 662
*
  5.6700000E+00, 1.7700000E+00, 4.2690959E-01, 0.0000000E+00
* ELEM  1497  circle
 2, 664, 663
*
  5.6700000E+00, 1.7700000E+00, 3.9175911E-01, 0.0000000E+00
* ELEM  1498  circle
 2, 665, 664
*
  5.6700000E+00, 1.7700000E+00, 3.0971277E-01, 0.0000000E+00
* ELEM  1499  circle
 2, 668, 667
*
  4.3700000E+00, 1.7700000E+00, 4.4700000E-01, 0.0000000E+00
* ELEM  1500  circle
 2, 669, 668
*
  4.3700000E+00, 1.7700000E+00, 4.3800000E-01, 0.0000000E+00
* ELEM  1501  circle
 2, 670, 669
*
  4.3700000E+00, 1.7700000E+00, 4.2690959E-01, 0.0000000E+00
* ELEM  1502  circle
 2, 671, 670
*
  4.3700000E+00, 1.7700000E+00, 3.9175911E-01, 0.0000000E+00
* ELEM  1503  circle
 2, 672, 671
*
  4.3700000E+00, 1.7700000E+00, 3.0971277E-01, 0.0000000E+00
* ELEM  1504  circle
 2, 675, 674
*
  3.0700000E+00, 1.7700000E+00, 4.4700000E-01, 0.0000000E+00
* ELEM  1505  circle
 2, 676, 675
*
  3.0700000E+00, 1.7700000E+00, 4.3800000E-01, 0.0000000E+00
* ELEM  1506  circle
 2, 677, 676
*
  3.0700000E+00, 1.7700000E+00, 4.2690959E-01, 0.0000000E+00
* ELEM  1507  circle
 2, 678, 677
*
  3.0700000E+00, 1.7700000E+00, 3.9175911E-01, 0.0000000E+00
* ELEM  1508  circle
 2, 679, 678
*
  3.0700000E+00, 1.7700000E+00, 3.0971277E-01, 0.0000000E+00
* ELEM  1509  circle
 2, 682, 681
*
  1.7700000E+00, 1.7700000E+00, 4.4700000E-01, 0.0000000E+00
* ELEM  1510  circle
 2, 683, 682
*
  1.7700000E+00, 1.7700000E+00, 4.3800000E-01, 0.0000000E+00
* ELEM  1511  circle
 2, 684, 683
*
  1.7700000E+00, 1.7700000E+00, 4.2690959E-01, 0.0000000E+00
* ELEM  1512  circle
 2, 685, 684
*
  1.7700000E+00, 1.7700000E+00, 3.9175911E-01, 0.0000000E+00
* ELEM  1513  circle
 2, 686, 685
*
  1.7700000E+00, 1.7700000E+00, 3.0971277E-01, 0.0000000E+00
* ELEM  1514  line segment
 1, 742, 755
*
  1.1200000E+00, 3.7200000E+00, -2.0000000E-01, 0.0000000E+00
* ELEM  1515  line segment
 1, 743, 810
*
  2.4200000E+00, 9.2000000E-01, 0.0000000E+00, 2.0000000E-01
* ELEM  1516  line segment
 1, 745, 742
*
  1.1200000E+00, 5.0200000E+00, -2.0000000E-01, 0.0000000E+00
* ELEM  1517  line segment
 1, 744, 743
*
  3.7200000E+00, 9.2000000E-01, 0.0000000E+00, 2.0000000E-01
* ELEM  1518  line segment
 1, 746, 745
*
  1.1200000E+00, 6.3200000E+00, -2.0000000E-01, 0.0000000E+00
* ELEM  1519  line segment
 1, 747, 744
*
  5.0200000E+00, 9.2000000E-01, 0.0000000E+00, 2.0000000E-01
* ELEM  1520  line segment
 1, 736, 746
*
  1.1200000E+00, 7.6200000E+00, -2.0000000E-01, 0.0000000E+00
* ELEM  1521  line segment
 1, 748, 747
*
  6.3200000E+00, 9.2000000E-01, 0.0000000E+00, 2.0000000E-01
* ELEM  1522  line segment
 1, 759, 736
*
  1.1200000E+00, 8.9200000E+00, -2.0000000E-01, 0.0000000E+00
* ELEM  1523  line segment
 1, 739, 748
*
  7.6200000E+00, 9.2000000E-01, 0.0000000E+00, 2.0000000E-01
* ELEM  1524  line segment
 1, 737, 759
*
  1.1200000E+00, 1.0220000E+01, -2.0000000E-01, 0.0000000E+00
* ELEM  1525  line segment
 1, 762, 739
*
  8.9200000E+00, 9.2000000E-01, 0.0000000E+00, 2.0000000E-01
* ELEM  1526  line segment
 1, 738, 737
*
  1.1200000E+00, 1.1520000E+01, -2.0000000E-01, 0.0000000E+00
* ELEM  1527  line segment
 1, 740, 762
*
  1.0220000E+01, 9.2000000E-01, 0.0000000E+00, 2.0000000E-01
* ELEM  1528  line segment
 1, 813, 738
*
  1.1200000E+00, 1.2820000E+01, -2.0000000E-01, 0.0000000E+00
* ELEM  1529  line segment
 1, 741, 740
*
  1.1520000E+01, 9.2000000E-01, 0.0000000E+00, 2.0000000E-01
* ELEM  1530  line segment
 1, 814, 741
*
  1.2820000E+01, 9.2000000E-01, 0.0000000E+00, 2.0000000E-01
* ELEM  1531  line segment
 1, 765, 811
*
  2.4200000E+00, 1.4120000E+01, 0.0000000E+00, 2.0000000E-01
* ELEM  1532  line segment
 1, 757, 812
*
  1.4320000E+01, 2.4200000E+00, -2.0000000E-01, 0.0000000E+00
* ELEM  1533  line segment
 1, 756, 765
*
  3.7200000E+00, 1.4120000E+01, 0.0000000E+00, 2.0000000E-01
* ELEM  1534  line segment
 1, 758, 757
*
  1.4320000E+01, 3.7200000E+00, -2.0000000E-01, 0.0000000E+00
* ELEM  1535  line segment
 1, 760, 756
*
  5.0200000E+00, 1.4120000E+01, 0.0000000E+00, 2.0000000E-01
* ELEM  1536  line segment
 1, 763, 758
*
  1.4320000E+01, 5.0200000E+00, -2.0000000E-01, 0.0000000E+00
* ELEM  1537  line segment
 1, 761, 760
*
  6.3200000E+00, 1.4120000E+01, 0.0000000E+00, 2.0000000E-01
* ELEM  1538  line segment
 1, 764, 763
*
  1.4320000E+01, 6.3200000E+00, -2.0000000E-01, 0.0000000E+00
* ELEM  1539  line segment
 1, 749, 761
*
  7.6200000E+00, 1.4120000E+01, 0.0000000E+00, 2.0000000E-01
* ELEM  1540  line segment
 1, 752, 764
*
  1.4320000E+01, 7.6200000E+00, -2.0000000E-01, 0.0000000E+00
* ELEM  1541  line segment
 1, 766, 749
*
  8.9200000E+00, 1.4120000E+01, 0.0000000E+00, 2.0000000E-01
* ELEM  1542  line segment
 1, 767, 752
*
  1.4320000E+01, 8.9200000E+00, -2.0000000E-01, 0.0000000E+00
* ELEM  1543  line segment
 1, 750, 766
*
  1.0220000E+01, 1.4120000E+01, 0.0000000E+00, 2.0000000E-01
* ELEM  1544  line segment
 1, 753, 767
*
  1.4320000E+01, 1.0220000E+01, -2.0000000E-01, 0.0000000E+00
* ELEM  1545  line segment
 1, 751, 750
*
  1.1520000E+01, 1.4120000E+01, 0.0000000E+00, 2.0000000E-01
* ELEM  1546  line segment
 1, 754, 753
*
  1.4320000E+01, 1.1520000E+01, -2.0000000E-01, 0.0000000E+00
* ELEM  1547  line segment
 1, 815, 751
*
  1.2820000E+01, 1.4120000E+01, 0.0000000E+00, 2.0000000E-01
* ELEM  1548  line segment
 1, 816, 754
*
  1.4320000E+01, 1.2820000E+01, -2.0000000E-01, 0.0000000E+00
* boundaries conditions: defaul nbbcda allsur
  0, 0, 0
* albedo
  1.0
#  1 - COOLANT
#  2 - CLAD
#  3 - MODERATOR
#  4 - GAP
#  5 - UOX28_zone4_pin1
#  6 - UOX28_zone3_pin1
#  7 - UOX28_zone2_pin1
#  8 - UOX28_zone1_pin1
#  9 - UOX40_zone4_pin11
# 10 - UOX40_zone3_pin11
# 11 - UOX40_zone2_pin11
# 12 - UOX40_zone1_pin11
# 13 - UOX40_zone4_pin20
# 14 - UOX40_zone3_pin20
# 15 - UOX40_zone2_pin20
# 16 - UOX40_zone1_pin20
# 17 - UOX40_zone4_pin28
# 18 - UOX40_zone3_pin28
# 19 - UOX40_zone2_pin28
# 20 - UOX40_zone1_pin28
# 21 - UOX40_zone4_pin33
# 22 - UOX40_zone3_pin33
# 23 - UOX40_zone2_pin33
# 24 - UOX40_zone1_pin33
# 25 - UOX40_zone4_pin37
# 26 - UOX40_zone3_pin37
# 27 - UOX40_zone2_pin37
# 28 - UOX40_zone1_pin37
# 29 - UOX40_zone4_pin42
# 30 - UOX40_zone3_pin42
# 31 - UOX40_zone2_pin42
# 32 - UOX40_zone1_pin42
# 33 - UOX32_zone4_pin46
# 34 - UOX32_zone3_pin46
# 35 - UOX32_zone2_pin46
# 36 - UOX32_zone1_pin46
# 37 - UOX28_zone4_pin49
# 38 - UOX28_zone3_pin49
# 39 - UOX28_zone2_pin49
# 40 - UOX28_zone1_pin49
# 41 - UOX16_zone4_pin51
# 42 - UOX16_zone3_pin51
# 43 - UOX16_zone2_pin51
# 44 - UOX16_zone1_pin51
# 45 - UOX40_zone4_pin2
# 46 - UOX40_zone3_pin2
# 47 - UOX40_zone2_pin2
# 48 - UOX40_zone1_pin2
# 49 - UOX40_zone4_pin12
# 50 - UOX40_zone3_pin12
# 51 - UOX40_zone2_pin12
# 52 - UOX40_zone1_pin12
# 53 - UOX44Gd6_zone6_pin21
# 54 - UOX44Gd6_zone5_pin21
# 55 - UOX44Gd6_zone4_pin21
# 56 - UOX44Gd6_zone3_pin21
# 57 - UOX44Gd6_zone2_pin21
# 58 - UOX44Gd6_zone1_pin21
# 59 - UOX40_zone4_pin29
# 60 - UOX40_zone3_pin29
# 61 - UOX40_zone2_pin29
# 62 - UOX40_zone1_pin29
# 63 - UOX40Gd8_zone6_pin34
# 64 - UOX40Gd8_zone5_pin34
# 65 - UOX40Gd8_zone4_pin34
# 66 - UOX40Gd8_zone3_pin34
# 67 - UOX40Gd8_zone2_pin34
# 68 - UOX40Gd8_zone1_pin34
# 69 - UOX36_zone4_pin38
# 70 - UOX36_zone3_pin38
# 71 - UOX36_zone2_pin38
# 72 - UOX36_zone1_pin38
# 73 - UOX40_zone4_pin43
# 74 - UOX40_zone3_pin43
# 75 - UOX40_zone2_pin43
# 76 - UOX40_zone1_pin43
# 77 - UOX32_zone4_pin47
# 78 - UOX32_zone3_pin47
# 79 - UOX32_zone2_pin47
# 80 - UOX32_zone1_pin47
# 81 - UOX28_zone4_pin50
# 82 - UOX28_zone3_pin50
# 83 - UOX28_zone2_pin50
# 84 - UOX28_zone1_pin50
# 85 - UOX49_zone4_pin3
# 86 - UOX49_zone3_pin3
# 87 - UOX49_zone2_pin3
# 88 - UOX49_zone1_pin3
# 89 - UOX44Gd6_zone6_pin13
# 90 - UOX44Gd6_zone5_pin13
# 91 - UOX44Gd6_zone4_pin13
# 92 - UOX44Gd6_zone3_pin13
# 93 - UOX44Gd6_zone2_pin13
# 94 - UOX44Gd6_zone1_pin13
# 95 - UOX44_zone4_pin22
# 96 - UOX44_zone3_pin22
# 97 - UOX44_zone2_pin22
# 98 - UOX44_zone1_pin22
# 99 - UOX44Gd6_zone6_pin30
# 100 - UOX44Gd6_zone5_pin30
# 101 - UOX44Gd6_zone4_pin30
# 102 - UOX44Gd6_zone3_pin30
# 103 - UOX44Gd6_zone2_pin30
# 104 - UOX44Gd6_zone1_pin30
# 105 - UOX44_zone4_pin35
# 106 - UOX44_zone3_pin35
# 107 - UOX44_zone2_pin35
# 108 - UOX44_zone1_pin35
# 109 - UOX49Gd6_zone6_pin39
# 110 - UOX49Gd6_zone5_pin39
# 111 - UOX49Gd6_zone4_pin39
# 112 - UOX49Gd6_zone3_pin39
# 113 - UOX49Gd6_zone2_pin39
# 114 - UOX49Gd6_zone1_pin39
# 115 - UOX44_zone4_pin44
# 116 - UOX44_zone3_pin44
# 117 - UOX44_zone2_pin44
# 118 - UOX44_zone1_pin44
# 119 - UOX44Gd3_zone6_pin48
# 120 - UOX44Gd3_zone5_pin48
# 121 - UOX44Gd3_zone4_pin48
# 122 - UOX44Gd3_zone3_pin48
# 123 - UOX44Gd3_zone2_pin48
# 124 - UOX44Gd3_zone1_pin48
# 125 - UOX49_zone4_pin4
# 126 - UOX49_zone3_pin4
# 127 - UOX49_zone2_pin4
# 128 - UOX49_zone1_pin4
# 129 - UOX49_zone4_pin14
# 130 - UOX49_zone3_pin14
# 131 - UOX49_zone2_pin14
# 132 - UOX49_zone1_pin14
# 133 - UOX49_zone4_pin23
# 134 - UOX49_zone3_pin23
# 135 - UOX49_zone2_pin23
# 136 - UOX49_zone1_pin23
# 137 - UOX40_zone4_pin40
# 138 - UOX40_zone3_pin40
# 139 - UOX40_zone2_pin40
# 140 - UOX40_zone1_pin40
# 141 - UOX49Gd8_zone6_pin45
# 142 - UOX49Gd8_zone5_pin45
# 143 - UOX49Gd8_zone4_pin45
# 144 - UOX49Gd8_zone3_pin45
# 145 - UOX49Gd8_zone2_pin45
# 146 - UOX49Gd8_zone1_pin45
# 147 - UOX49_zone4_pin5
# 148 - UOX49_zone3_pin5
# 149 - UOX49_zone2_pin5
# 150 - UOX49_zone1_pin5
# 151 - UOX49_zone4_pin15
# 152 - UOX49_zone3_pin15
# 153 - UOX49_zone2_pin15
# 154 - UOX49_zone1_pin15
# 155 - UOX49_zone4_pin24
# 156 - UOX49_zone3_pin24
# 157 - UOX49_zone2_pin24
# 158 - UOX49_zone1_pin24
# 159 - UOX49_zone4_pin41
# 160 - UOX49_zone3_pin41
# 161 - UOX49_zone2_pin41
# 162 - UOX49_zone1_pin41
# 163 - UOX49_zone4_pin6
# 164 - UOX49_zone3_pin6
# 165 - UOX49_zone2_pin6
# 166 - UOX49_zone1_pin6
# 167 - UOX49Gd8_zone6_pin16
# 168 - UOX49Gd8_zone5_pin16
# 169 - UOX49Gd8_zone4_pin16
# 170 - UOX49Gd8_zone3_pin16
# 171 - UOX49Gd8_zone2_pin16
# 172 - UOX49Gd8_zone1_pin16
# 173 - UOX49_zone4_pin25
# 174 - UOX49_zone3_pin25
# 175 - UOX49_zone2_pin25
# 176 - UOX49_zone1_pin25
# 177 - UOX49_zone4_pin31
# 178 - UOX49_zone3_pin31
# 179 - UOX49_zone2_pin31
# 180 - UOX49_zone1_pin31
# 181 - UOX49_zone4_pin36
# 182 - UOX49_zone3_pin36
# 183 - UOX49_zone2_pin36
# 184 - UOX49_zone1_pin36
# 185 - UOX49_zone4_pin7
# 186 - UOX49_zone3_pin7
# 187 - UOX49_zone2_pin7
# 188 - UOX49_zone1_pin7
# 189 - UOX49_zone4_pin17
# 190 - UOX49_zone3_pin17
# 191 - UOX49_zone2_pin17
# 192 - UOX49_zone1_pin17
# 193 - UOX49Gd8_zone6_pin26
# 194 - UOX49Gd8_zone5_pin26
# 195 - UOX49Gd8_zone4_pin26
# 196 - UOX49Gd8_zone3_pin26
# 197 - UOX49Gd8_zone2_pin26
# 198 - UOX49Gd8_zone1_pin26
# 199 - UOX49_zone4_pin32
# 200 - UOX49_zone3_pin32
# 201 - UOX49_zone2_pin32
# 202 - UOX49_zone1_pin32
# 203 - UOX49_zone4_pin8
# 204 - UOX49_zone3_pin8
# 205 - UOX49_zone2_pin8
# 206 - UOX49_zone1_pin8
# 207 - UOX49Gd8_zone6_pin18
# 208 - UOX49Gd8_zone5_pin18
# 209 - UOX49Gd8_zone4_pin18
# 210 - UOX49Gd8_zone3_pin18
# 211 - UOX49Gd8_zone2_pin18
# 212 - UOX49Gd8_zone1_pin18
# 213 - UOX49_zone4_pin27
# 214 - UOX49_zone3_pin27
# 215 - UOX49_zone2_pin27
# 216 - UOX49_zone1_pin27
# 217 - UOX49_zone4_pin9
# 218 - UOX49_zone3_pin9
# 219 - UOX49_zone2_pin9
# 220 - UOX49_zone1_pin9
# 221 - UOX49_zone4_pin19
# 222 - UOX49_zone3_pin19
# 223 - UOX49_zone2_pin19
# 224 - UOX49_zone1_pin19
# 225 - UOX32_zone4_pin10
# 226 - UOX32_zone3_pin10
# 227 - UOX32_zone2_pin10
# 228 - UOX32_zone1_pin10
# 229 - SHEATH_SS304
# 230 - CHANNEL_BOX
# 231 - ABS_B4C
* medium number per region
  1
  2
  3
  1
  2
  3
  1
  2
  4
  5
  6
  7
  8
  1
  2
  4
  9
  10
  11
  12
  1
  2
  4
  13
  14
  15
  16
  1
  2
  4
  17
  18
  19
  20
  1
  2
  4
  21
  22
  23
  24
  1
  2
  4
  25
  26
  27
  28
  1
  2
  4
  29
  30
  31
  32
  1
  2
  4
  33
  34
  35
  36
  1
  2
  4
  37
  38
  39
  40
  1
  2
  4
  41
  42
  43
  44
  1
  2
  4
  45
  46
  47
  48
  1
  2
  4
  49
  50
  51
  52
  1
  2
  4
  53
  54
  55
  56
  57
  58
  1
  2
  4
  59
  60
  61
  62
  1
  2
  4
  63
  64
  65
  66
  67
  68
  1
  2
  4
  69
  70
  71
  72
  1
  2
  4
  73
  74
  75
  76
  1
  2
  4
  77
  78
  79
  80
  1
  2
  4
  81
  82
  83
  84
  1
  2
  4
  37
  38
  39
  40
  1
  2
  4
  85
  86
  87
  88
  1
  2
  4
  89
  90
  91
  92
  93
  94
  1
  2
  4
  95
  96
  97
  98
  1
  2
  4
  99
  100
  101
  102
  103
  104
  1
  2
  4
  105
  106
  107
  108
  1
  2
  4
  109
  110
  111
  112
  113
  114
  1
  2
  4
  115
  116
  117
  118
  1
  2
  4
  119
  120
  121
  122
  123
  124
  1
  2
  4
  77
  78
  79
  80
  1
  2
  4
  33
  34
  35
  36
  1
  2
  4
  125
  126
  127
  128
  1
  2
  4
  129
  130
  131
  132
  1
  2
  4
  133
  134
  135
  136
  1
  2
  4
  137
  138
  139
  140
  1
  2
  4
  141
  142
  143
  144
  145
  146
  1
  2
  4
  115
  116
  117
  118
  1
  2
  4
  73
  74
  75
  76
  1
  2
  4
  29
  30
  31
  32
  1
  2
  4
  147
  148
  149
  150
  1
  2
  4
  151
  152
  153
  154
  1
  2
  4
  155
  156
  157
  158
  1
  2
  4
  159
  160
  161
  162
  1
  2
  4
  137
  138
  139
  140
  1
  2
  4
  109
  110
  111
  112
  113
  114
  1
  2
  4
  69
  70
  71
  72
  1
  2
  4
  25
  26
  27
  28
  1
  2
  4
  163
  164
  165
  166
  1
  2
  4
  167
  168
  169
  170
  171
  172
  1
  2
  4
  173
  174
  175
  176
  1
  2
  4
  177
  178
  179
  180
  1
  2
  4
  181
  182
  183
  184
  1
  2
  4
  105
  106
  107
  108
  1
  2
  4
  63
  64
  65
  66
  67
  68
  1
  2
  4
  21
  22
  23
  24
  1
  2
  4
  185
  186
  187
  188
  1
  2
  4
  189
  190
  191
  192
  1
  2
  4
  193
  194
  195
  196
  197
  198
  1
  2
  4
  199
  200
  201
  202
  1
  2
  4
  177
  178
  179
  180
  1
  2
  4
  99
  100
  101
  102
  103
  104
  1
  2
  4
  59
  60
  61
  62
  1
  2
  4
  17
  18
  19
  20
  1
  2
  4
  203
  204
  205
  206
  1
  2
  4
  207
  208
  209
  210
  211
  212
  1
  2
  4
  213
  214
  215
  216
  1
  2
  4
  193
  194
  195
  196
  197
  198
  1
  2
  4
  173
  174
  175
  176
  1
  2
  4
  155
  156
  157
  158
  1
  2
  4
  133
  134
  135
  136
  1
  2
  4
  95
  96
  97
  98
  1
  2
  4
  53
  54
  55
  56
  57
  58
  1
  2
  4
  13
  14
  15
  16
  1
  2
  4
  217
  218
  219
  220
  1
  2
  4
  221
  222
  223
  224
  1
  2
  4
  207
  208
  209
  210
  211
  212
  1
  2
  4
  189
  190
  191
  192
  1
  2
  4
  167
  168
  169
  170
  171
  172
  1
  2
  4
  151
  152
  153
  154
  1
  2
  4
  129
  130
  131
  132
  1
  2
  4
  89
  90
  91
  92
  93
  94
  1
  2
  4
  49
  50
  51
  52
  1
  2
  4
  9
  10
  11
  12
  1
  2
  4
  225
  226
  227
  228
  1
  2
  4
  217
  218
  219
  220
  1
  2
  4
  203
  204
  205
  206
  1
  2
  4
  185
  186
  187
  188
  1
  2
  4
  163
  164
  165
  166
  1
  2
  4
  147
  148
  149
  150
  1
  2
  4
  125
  126
  127
  128
  1
  2
  4
  85
  86
  87
  88
  1
  2
  4
  45
  46
  47
  48
  1
  2
  4
  5
  6
  7
  8
  229
  229
  3
  3
  3
  3
  3
  3
  3
  3
  3
  3
  3
  3
  3
  3
  3
  3
  3
  3
  3
  3
  3
  3
  3
  3
  3
  229
  229
  3
  3
  3
  3
  3
  3
  3
  3
  3
  3
  3
  3
  3
  3
  3
  3
  3
  3
  3
  3
  1
  1
  1
  1
  1
  1
  1
  1
  1
  1
  1
  1
  1
  1
  1
  1
  1
  1
  1
  1
  1
  1
  1
  1
  1
  1
  1
  1
  1
  1
  1
  1
  230
  230
  230
  230
  230
  230
  230
  230
  230
  230
  230
  230
  230
  230
  230
  230
  230
  230
  230
  230
  230
  230
  230
  230
  230
  230
  230
  230
  230
  230
  230
  230
  230
  230
  230
  230
  230
  230
  230
  230
  3
  1
  1
  1
  1
  1
  1
  1
  1
  3
  3
  3
  3
  3
  3
  3
  3
  3
  3
  3
  3
  3
  3
  3
  3
  3
  3
  3
  3
  3
  3
  3
  3
  3
  3
  3
  3
  3
  3
  3
  3
  3
  3
  3
  3
  3
  3
  3
  3
  3
  3
  229
  229
  229
  229
  229
  229
  229
  229
  229
  229
  229
  229
  229
  229
  229
  229
  229
  229
  229
  229
  229
  229
  229
  229
  229
  229
  229
  229
  229
  229
  229
  229
  229
  229
  229
  229
  229
  229
  229
  229
  229
  229
  229
  3
  3
  229
  229
  231
  231
  231
  231
  231
  231
  231
  231
  231
  231
  231
  231
  231
  231
  231
  231
  231
  231
  231
  231
  231
  231
  231
  231
  231
  231
  231
  231
  231
  231
  231
  231
  231
  231
  231
  231
  231
  231
  231
  231
  231
  231
  229
  229
  3
  3
  230
  230
  230
  230
  230
  230
  230
  230
------------------------------------------------------------
   this is the last line generated by conversion
