
	dat input file for DRAGON5
------------------------------------------------------------


* typge, nbfo, node, elem, macr, nreg,    z, mac2
      0,    0,   818,  1088,   138,  818,     0,     1
* index  kindex
      0       0  1
*     eps    eps0
  1.000000E-05   1.000000E-05
*   flux region number per geometry region (mesh)
   1,   2,   3,   4,   5,   6,   7,   8,   9,  10,  11,  12,
  13,  14,  15,  16,  17,  18,  19,  20,  21,  22,  23,  24,
  25,  26,  27,  28,  29,  30,  31,  32,  33,  34,  35,  36,
  37,  38,  39,  40,  41,  42,  43,  44,  45,  46,  47,  48,
  49,  50,  51,  52,  53,  54,  55,  56,  57,  58,  59,  60,
  61,  62,  63,  64,  65,  66,  67,  68,  69,  70,  71,  72,
  73,  74,  75,  76,  77,  78,  79,  80,  81,  82,  83,  84,
  85,  86,  87,  88,  89,  90,  91,  92,  93,  94,  95,  96,
  97,  98,  99, 100, 101, 102, 103, 104, 105, 106, 107, 108,
 109, 110, 111, 112, 113, 114, 115, 116, 117, 118, 119, 120,
 121, 122, 123, 124, 125, 126, 127, 128, 129, 130, 131, 132,
 133, 134, 135, 136, 137, 138, 139, 140, 141, 142, 143, 144,
 145, 146, 147, 148, 149, 150, 151, 152, 153, 154, 155, 156,
 157, 158, 159, 160, 161, 162, 163, 164, 165, 166, 167, 168,
 169, 170, 171, 172, 173, 174, 175, 176, 177, 178, 179, 180,
 181, 182, 183, 184, 185, 186, 187, 188, 189, 190, 191, 192,
 193, 194, 195, 196, 197, 198, 199, 200, 201, 202, 203, 204,
 205, 206, 207, 208, 209, 210, 211, 212, 213, 214, 215, 216,
 217, 218, 219, 220, 221, 222, 223, 224, 225, 226, 227, 228,
 229, 230, 231, 232, 233, 234, 235, 236, 237, 238, 239, 240,
 241, 242, 243, 244, 245, 246, 247, 248, 249, 250, 251, 252,
 253, 254, 255, 256, 257, 258, 259, 260, 261, 262, 263, 264,
 265, 266, 267, 268, 269, 270, 271, 272, 273, 274, 275, 276,
 277, 278, 279, 280, 281, 282, 283, 284, 285, 286, 287, 288,
 289, 290, 291, 292, 293, 294, 295, 296, 297, 298, 299, 300,
 301, 302, 303, 304, 305, 306, 307, 308, 309, 310, 311, 312,
 313, 314, 315, 316, 317, 318, 319, 320, 321, 322, 323, 324,
 325, 326, 327, 328, 329, 330, 331, 332, 333, 334, 335, 336,
 337, 338, 339, 340, 341, 342, 343, 344, 345, 346, 347, 348,
 349, 350, 351, 352, 353, 354, 355, 356, 357, 358, 359, 360,
 361, 362, 363, 364, 365, 366, 367, 368, 369, 370, 371, 372,
 373, 374, 375, 376, 377, 378, 379, 380, 381, 382, 383, 384,
 385, 386, 387, 388, 389, 390, 391, 392, 393, 394, 395, 396,
 397, 398, 399, 400, 401, 402, 403, 404, 405, 406, 407, 408,
 409, 410, 411, 412, 413, 414, 415, 416, 417, 418, 419, 420,
 421, 422, 423, 424, 425, 426, 427, 428, 429, 430, 431, 432,
 433, 434, 435, 436, 437, 438, 439, 440, 441, 442, 443, 444,
 445, 446, 447, 448, 449, 450, 451, 452, 453, 454, 455, 456,
 457, 458, 459, 460, 461, 462, 463, 464, 465, 466, 467, 468,
 469, 470, 471, 472, 473, 474, 475, 476, 477, 478, 479, 480,
 481, 482, 483, 484, 485, 486, 487, 488, 489, 490, 491, 492,
 493, 494, 495, 496, 497, 498, 499, 500, 501, 502, 503, 504,
 505, 506, 507, 508, 509, 510, 511, 512, 513, 514, 515, 516,
 517, 518, 519, 520, 521, 522, 523, 524, 525, 526, 527, 528,
 529, 530, 531, 532, 533, 534, 535, 536, 537, 538, 539, 540,
 541, 542, 543, 544, 545, 546, 547, 548, 549, 550, 551, 552,
 553, 554, 555, 556, 557, 558, 559, 560, 561, 562, 563, 564,
 565, 566, 567, 568, 569, 570, 571, 572, 573, 574, 575, 576,
 577, 578, 579, 580, 581, 582, 583, 584, 585, 586, 587, 588,
 589, 590, 591, 592, 593, 594, 595, 596, 597, 598, 599, 600,
 601, 602, 603, 604, 605, 606, 607, 608, 609, 610, 611, 612,
 613, 614, 615, 616, 617, 618, 619, 620, 621, 622, 623, 624,
 625, 626, 627, 628, 629, 630, 631, 632, 633, 634, 635, 636,
 637, 638, 639, 640, 641, 642, 643, 644, 645, 646, 647, 648,
 649, 650, 651, 652, 653, 654, 655, 656, 657, 658, 659, 660,
 661, 662, 663, 664, 665, 666, 667, 668, 669, 670, 671, 672,
 673, 674, 675, 676, 677, 678, 679, 680, 681, 682, 683, 684,
 685, 686, 687, 688, 689, 690, 691, 692, 693, 694, 695, 696,
 697, 698, 699, 700, 701, 702, 703, 704, 705, 706, 707, 708,
 709, 710, 711, 712, 713, 714, 715, 716, 717, 718, 719, 720,
 721, 722, 723, 724, 725, 726, 727, 728, 729, 730, 731, 732,
 733, 734, 735, 736, 737, 738, 739, 740, 741, 742, 743, 744,
 745, 746, 747, 748, 749, 750, 751, 752, 753, 754, 755, 756,
 757, 758, 759, 760, 761, 762, 763, 764, 765, 766, 767, 768,
 769, 770, 771, 772, 773, 774, 775, 776, 777, 778, 779, 780,
 781, 782, 783, 784, 785, 786, 787, 788, 789, 790, 791, 792,
 793, 794, 795, 796, 797, 798, 799, 800, 801, 802, 803, 804,
 805, 806, 807, 808, 809, 810, 811, 812, 813, 814, 815, 816,
 817, 818
*   names of macros
 MACRO_WATER_ROD_2 MACRO_WATER_ROD_1 MACRO99 MACRO98
 MACRO97 MACRO96 MACRO95 MACRO94
 MACRO93 MACRO92 MACRO91 MACRO90
 MACRO89 MACRO88 MACRO87 MACRO86
 MACRO85 MACRO84 MACRO83 MACRO82
 MACRO81 MACRO80 MACRO79 MACRO78
 MACRO77 MACRO76 MACRO75 MACRO74
 MACRO73 MACRO72 MACRO71 MACRO70
 MACRO69 MACRO68 MACRO67 MACRO64
 MACRO63 MACRO62 MACRO61 MACRO60
 MACRO59 MACRO58 MACRO57 MACRO54
 MACRO53 MACRO52 MACRO51 MACRO50
 MACRO49 MACRO48 MACRO47 MACRO46
 MACRO45 MACRO42 MACRO41 MACRO40
 MACRO39 MACRO38 MACRO37 MACRO36
 MACRO35 MACRO32 MACRO31 MACRO30
 MACRO29 MACRO28 MACRO27 MACRO26
 MACRO25 MACRO24 MACRO23 MACRO22
 MACRO21 MACRO20 MACRO19 MACRO18
 MACRO17 MACRO16 MACRO15 MACRO14
 MACRO13 MACRO12 MACRO11 MACRO10
 MACRO09 MACRO08 MACRO07 MACRO06
 MACRO05 MACRO04 MACRO03 MACRO02
 MACRO01 MACRO00 RIGHTSIDE_1 BOTSIDE_10
 TOPSIDE_1 TOPSIDE_10 RIGHTSIDE_10 LEFTSIDE_10
 BOTSIDE_1 LEFTSIDE_1 CORNER_BOTTOM_LEFT CORNER_BOTTOM_RIGHT
 CORNER_TOP_LEFT CORNER_TOP_RIGHT RIGHTSIDE_6 TOPSIDE_3
 TOPSIDE_6 TOPSIDE_8 TOPSIDE_9 RIGHTSIDE_8
 RIGHTSIDE_9 BOTSIDE_6 RIGHTSIDE_2 RIGHTSIDE_3
 LEFTSIDE_3 LEFTSIDE_6 LEFTSIDE_8 LEFTSIDE_9
 TOPSIDE_2 TOPSIDE_4 TOPSIDE_5 BOTSIDE_8
 BOTSIDE_9 RIGHTSIDE_4 RIGHTSIDE_5 BOTSIDE_2
 BOTSIDE_3 LEFTSIDE_2 LEFTSIDE_4 LEFTSIDE_5
 BOTSIDE_4 BOTSIDE_5 TOPSIDE_7 LEFTSIDE_7
 RIGHTSIDE_7 BOTSIDE_7
*   macro order number per flux region
  1,  1,  1,  2,  2,  2,  3,  3,  3,  3,  3,  3,
  3,  4,  4,  4,  4,  4,  4,  4,  5,  5,  5,  5,
  5,  5,  5,  6,  6,  6,  6,  6,  6,  6,  7,  7,
  7,  7,  7,  7,  7,  8,  8,  8,  8,  8,  8,  8,
  9,  9,  9,  9,  9,  9,  9, 10, 10, 10, 10, 10,
 10, 10, 11, 11, 11, 11, 11, 11, 11, 12, 12, 12,
 12, 12, 12, 12, 13, 13, 13, 13, 13, 13, 13, 14,
 14, 14, 14, 14, 14, 14, 15, 15, 15, 15, 15, 15,
 15, 15, 15, 16, 16, 16, 16, 16, 16, 16, 17, 17,
 17, 17, 17, 17, 17, 17, 17, 18, 18, 18, 18, 18,
 18, 18, 19, 19, 19, 19, 19, 19, 19, 20, 20, 20,
 20, 20, 20, 20, 21, 21, 21, 21, 21, 21, 21, 22,
 22, 22, 22, 22, 22, 22, 23, 23, 23, 23, 23, 23,
 23, 24, 24, 24, 24, 24, 24, 24, 24, 24, 25, 25,
 25, 25, 25, 25, 25, 26, 26, 26, 26, 26, 26, 26,
 26, 26, 27, 27, 27, 27, 27, 27, 27, 28, 28, 28,
 28, 28, 28, 28, 28, 28, 29, 29, 29, 29, 29, 29,
 29, 30, 30, 30, 30, 30, 30, 30, 30, 30, 31, 31,
 31, 31, 31, 31, 31, 32, 32, 32, 32, 32, 32, 32,
 33, 33, 33, 33, 33, 33, 33, 34, 34, 34, 34, 34,
 34, 34, 35, 35, 35, 35, 35, 35, 35, 36, 36, 36,
 36, 36, 36, 36, 37, 37, 37, 37, 37, 37, 37, 37,
 37, 38, 38, 38, 38, 38, 38, 38, 39, 39, 39, 39,
 39, 39, 39, 40, 40, 40, 40, 40, 40, 40, 41, 41,
 41, 41, 41, 41, 41, 42, 42, 42, 42, 42, 42, 42,
 43, 43, 43, 43, 43, 43, 43, 44, 44, 44, 44, 44,
 44, 44, 45, 45, 45, 45, 45, 45, 45, 46, 46, 46,
 46, 46, 46, 46, 46, 46, 47, 47, 47, 47, 47, 47,
 47, 48, 48, 48, 48, 48, 48, 48, 49, 49, 49, 49,
 49, 49, 49, 50, 50, 50, 50, 50, 50, 50, 50, 50,
 51, 51, 51, 51, 51, 51, 51, 52, 52, 52, 52, 52,
 52, 52, 53, 53, 53, 53, 53, 53, 53, 54, 54, 54,
 54, 54, 54, 54, 55, 55, 55, 55, 55, 55, 55, 55,
 55, 56, 56, 56, 56, 56, 56, 56, 57, 57, 57, 57,
 57, 57, 57, 58, 58, 58, 58, 58, 58, 58, 59, 59,
 59, 59, 59, 59, 59, 59, 59, 60, 60, 60, 60, 60,
 60, 60, 61, 61, 61, 61, 61, 61, 61, 62, 62, 62,
 62, 62, 62, 62, 62, 62, 63, 63, 63, 63, 63, 63,
 63, 64, 64, 64, 64, 64, 64, 64, 65, 65, 65, 65,
 65, 65, 65, 66, 66, 66, 66, 66, 66, 66, 66, 66,
 67, 67, 67, 67, 67, 67, 67, 68, 68, 68, 68, 68,
 68, 68, 68, 68, 69, 69, 69, 69, 69, 69, 69, 70,
 70, 70, 70, 70, 70, 70, 71, 71, 71, 71, 71, 71,
 71, 72, 72, 72, 72, 72, 72, 72, 73, 73, 73, 73,
 73, 73, 73, 73, 73, 74, 74, 74, 74, 74, 74, 74,
 75, 75, 75, 75, 75, 75, 75, 76, 76, 76, 76, 76,
 76, 76, 77, 77, 77, 77, 77, 77, 77, 77, 77, 78,
 78, 78, 78, 78, 78, 78, 79, 79, 79, 79, 79, 79,
 79, 79, 79, 80, 80, 80, 80, 80, 80, 80, 81, 81,
 81, 81, 81, 81, 81, 82, 82, 82, 82, 82, 82, 82,
 82, 82, 83, 83, 83, 83, 83, 83, 83, 84, 84, 84,
 84, 84, 84, 84, 85, 85, 85, 85, 85, 85, 85, 86,
 86, 86, 86, 86, 86, 86, 87, 87, 87, 87, 87, 87,
 87, 88, 88, 88, 88, 88, 88, 88, 89, 89, 89, 89,
 89, 89, 89, 90, 90, 90, 90, 90, 90, 90, 91, 91,
 91, 91, 91, 91, 91, 92, 92, 92, 92, 92, 92, 92,
 93, 93, 93, 93, 93, 93, 93, 94, 94, 94, 94, 94,
 94, 94, 95, 96, 97, 98, 99, 100, 101, 102, 103, 104,
 105, 106, 107, 108, 109, 110, 111, 112, 113, 114, 115, 116,
 117, 118, 119, 120, 121, 122, 123, 124, 125, 126, 127, 128,
 129, 130, 131, 132, 133, 134, 135, 136, 137, 138, 118, 119,
 120, 114, 124, 125, 117, 128, 129, 131, 132, 133, 134, 109,
 110, 111, 107, 112, 113, 130, 108, 115, 116, 136, 122, 123,
 138, 126, 127, 121, 135, 137, 101, 102, 97, 100, 96, 95,
 99, 98, 114, 117, 118, 119, 120, 124, 125, 132, 128, 129,
 107, 133, 108, 134, 109, 110, 111, 112, 113, 131, 123, 115,
 116, 130, 136, 126, 127, 122, 121, 138, 135, 137, 102, 101,
 95, 97, 100, 96, 99, 98,  3, 12, 85, 94, 103, 105,
 104, 106
   elements
* ELEM  1  line segment
 1, 0, 695
*
  0.0000000E+00, 1.1200000E+00, 0.0000000E+00, -1.1200000E+00
* ELEM  2  line segment
 1, 694, 695
*
  1.0533063E+00, 1.1200000E+00, -1.0533063E+00, 0.0000000E+00
* ELEM  3  circular arc
 3, 815, 695
*
  1.8852000E+00, 1.8852000E+00, 1.1303000E+00, 2.2260875E+02, 4.7824947E+00
* ELEM  4  line segment
 1, 693, 695
*
  1.1200000E+00, 0.0000000E+00, 0.0000000E+00, 1.0533063E+00
* ELEM  5  line segment
 1, 0, 695
*
  0.0000000E+00, 0.0000000E+00, 1.1200000E+00, 0.0000000E+00
* ELEM  6  circular arc
 3, 763, 693
*
  1.8852000E+00, 1.8852000E+00, 1.1303000E+00, 2.2739125E+02, 4.2608753E+01
* ELEM  7  line segment
 1, 693, 763
*
  1.8852000E+00, 7.5490000E-01, 5.3480000E-01, 0.0000000E+00
* ELEM  8  line segment
 1, 720, 693
*
  2.4200000E+00, 0.0000000E+00, 0.0000000E+00, 7.5490000E-01
* ELEM  9  line segment
 1, 0, 693
*
  1.1200000E+00, 0.0000000E+00, 1.3000000E+00, 0.0000000E+00
* ELEM  10  line segment
 1, 0, 694
*
  0.0000000E+00, 2.4200000E+00, 0.0000000E+00, -1.3000000E+00
* ELEM  11  line segment
 1, 722, 694
*
  7.5490000E-01, 2.4200000E+00, -7.5490000E-01, 0.0000000E+00
* ELEM  12  line segment
 1, 694, 764
*
  7.5490000E-01, 2.4200000E+00, 0.0000000E+00, -5.3480000E-01
* ELEM  13  circular arc
 3, 764, 694
*
  1.8852000E+00, 1.8852000E+00, 1.1303000E+00, 1.8000000E+02, 4.2608753E+01
* ELEM  14  line segment
 1, 720, 779
*
  2.4200000E+00, 7.5490000E-01, 1.3000000E+00, 0.0000000E+00
* ELEM  15  line segment
 1, 721, 720
*
  3.7200000E+00, 0.0000000E+00, 0.0000000E+00, 7.5490000E-01
* ELEM  16  line segment
 1, 0, 720
*
  2.4200000E+00, 0.0000000E+00, 1.3000000E+00, 0.0000000E+00
* ELEM  17  line segment
 1, 0, 722
*
  0.0000000E+00, 3.7200000E+00, 0.0000000E+00, -1.3000000E+00
* ELEM  18  line segment
 1, 709, 722
*
  7.5490000E-01, 3.7200000E+00, -7.5490000E-01, 0.0000000E+00
* ELEM  19  line segment
 1, 722, 794
*
  7.5490000E-01, 3.7200000E+00, 0.0000000E+00, -1.3000000E+00
* ELEM  20  line segment
 1, 721, 780
*
  3.7200000E+00, 7.5490000E-01, 1.3000000E+00, 0.0000000E+00
* ELEM  21  line segment
 1, 725, 721
*
  5.0200000E+00, 0.0000000E+00, 0.0000000E+00, 7.5490000E-01
* ELEM  22  line segment
 1, 0, 721
*
  3.7200000E+00, 0.0000000E+00, 1.3000000E+00, 0.0000000E+00
* ELEM  23  line segment
 1, 0, 709
*
  0.0000000E+00, 5.0200000E+00, 0.0000000E+00, -1.3000000E+00
* ELEM  24  line segment
 1, 723, 709
*
  7.5490000E-01, 5.0200000E+00, -7.5490000E-01, 0.0000000E+00
* ELEM  25  line segment
 1, 709, 772
*
  7.5490000E-01, 5.0200000E+00, 0.0000000E+00, -1.3000000E+00
* ELEM  26  line segment
 1, 725, 782
*
  5.0200000E+00, 7.5490000E-01, 1.3000000E+00, 0.0000000E+00
* ELEM  27  line segment
 1, 726, 725
*
  6.3200000E+00, 0.0000000E+00, 0.0000000E+00, 7.5490000E-01
* ELEM  28  line segment
 1, 0, 725
*
  5.0200000E+00, 0.0000000E+00, 1.3000000E+00, 0.0000000E+00
* ELEM  29  line segment
 1, 0, 723
*
  0.0000000E+00, 6.3200000E+00, 0.0000000E+00, -1.3000000E+00
* ELEM  30  line segment
 1, 724, 723
*
  7.5490000E-01, 6.3200000E+00, -7.5490000E-01, 0.0000000E+00
* ELEM  31  line segment
 1, 723, 790
*
  7.5490000E-01, 6.3200000E+00, 0.0000000E+00, -1.3000000E+00
* ELEM  32  line segment
 1, 726, 784
*
  6.3200000E+00, 7.5490000E-01, 1.3000000E+00, 0.0000000E+00
* ELEM  33  line segment
 1, 706, 726
*
  7.6200000E+00, 0.0000000E+00, 0.0000000E+00, 7.5490000E-01
* ELEM  34  line segment
 1, 0, 726
*
  6.3200000E+00, 0.0000000E+00, 1.3000000E+00, 0.0000000E+00
* ELEM  35  line segment
 1, 0, 724
*
  0.0000000E+00, 7.6200000E+00, 0.0000000E+00, -1.3000000E+00
* ELEM  36  line segment
 1, 710, 724
*
  7.5490000E-01, 7.6200000E+00, -7.5490000E-01, 0.0000000E+00
* ELEM  37  line segment
 1, 724, 778
*
  7.5490000E-01, 7.6200000E+00, 0.0000000E+00, -1.3000000E+00
* ELEM  38  line segment
 1, 706, 771
*
  7.6200000E+00, 7.5490000E-01, 1.3000000E+00, 0.0000000E+00
* ELEM  39  line segment
 1, 730, 706
*
  8.9200000E+00, 0.0000000E+00, 0.0000000E+00, 7.5490000E-01
* ELEM  40  line segment
 1, 0, 706
*
  7.6200000E+00, 0.0000000E+00, 1.3000000E+00, 0.0000000E+00
* ELEM  41  line segment
 1, 0, 710
*
  0.0000000E+00, 8.9200000E+00, 0.0000000E+00, -1.3000000E+00
* ELEM  42  line segment
 1, 728, 710
*
  7.5490000E-01, 8.9200000E+00, -7.5490000E-01, 0.0000000E+00
* ELEM  43  line segment
 1, 710, 773
*
  7.5490000E-01, 8.9200000E+00, 0.0000000E+00, -1.3000000E+00
* ELEM  44  line segment
 1, 730, 800
*
  8.9200000E+00, 7.5490000E-01, 1.3000000E+00, 0.0000000E+00
* ELEM  45  line segment
 1, 716, 730
*
  1.0220000E+01, 0.0000000E+00, 0.0000000E+00, 7.5490000E-01
* ELEM  46  line segment
 1, 0, 730
*
  8.9200000E+00, 0.0000000E+00, 1.3000000E+00, 0.0000000E+00
* ELEM  47  line segment
 1, 0, 728
*
  0.0000000E+00, 1.0220000E+01, 0.0000000E+00, -1.3000000E+00
* ELEM  48  line segment
 1, 711, 728
*
  7.5490000E-01, 1.0220000E+01, -7.5490000E-01, 0.0000000E+00
* ELEM  49  line segment
 1, 728, 795
*
  7.5490000E-01, 1.0220000E+01, 0.0000000E+00, -1.3000000E+00
* ELEM  50  line segment
 1, 716, 776
*
  1.0220000E+01, 7.5490000E-01, 1.3000000E+00, 0.0000000E+00
* ELEM  51  line segment
 1, 717, 716
*
  1.1520000E+01, 0.0000000E+00, 0.0000000E+00, 7.5490000E-01
* ELEM  52  line segment
 1, 0, 716
*
  1.0220000E+01, 0.0000000E+00, 1.3000000E+00, 0.0000000E+00
* ELEM  53  line segment
 1, 0, 711
*
  0.0000000E+00, 1.1520000E+01, 0.0000000E+00, -1.3000000E+00
* ELEM  54  line segment
 1, 712, 711
*
  7.5490000E-01, 1.1520000E+01, -7.5490000E-01, 0.0000000E+00
* ELEM  55  line segment
 1, 711, 774
*
  7.5490000E-01, 1.1520000E+01, 0.0000000E+00, -1.3000000E+00
* ELEM  56  line segment
 1, 717, 777
*
  1.1520000E+01, 7.5490000E-01, 1.3000000E+00, 0.0000000E+00
* ELEM  57  line segment
 1, 688, 717
*
  1.2820000E+01, 0.0000000E+00, 0.0000000E+00, 7.5490000E-01
* ELEM  58  line segment
 1, 0, 717
*
  1.1520000E+01, 0.0000000E+00, 1.3000000E+00, 0.0000000E+00
* ELEM  59  line segment
 1, 0, 712
*
  0.0000000E+00, 1.2820000E+01, 0.0000000E+00, -1.3000000E+00
* ELEM  60  line segment
 1, 692, 712
*
  7.5490000E-01, 1.2820000E+01, -7.5490000E-01, 0.0000000E+00
* ELEM  61  line segment
 1, 712, 775
*
  7.5490000E-01, 1.2820000E+01, 0.0000000E+00, -1.3000000E+00
* ELEM  62  line segment
 1, 688, 767
*
  1.2820000E+01, 7.5490000E-01, 5.3480000E-01, 0.0000000E+00
* ELEM  63  circular arc
 3, 767, 688
*
  1.3354800E+01, 1.8852000E+00, 1.1303000E+00, 2.7000000E+02, 4.2608753E+01
* ELEM  64  line segment
 1, 696, 688
*
  1.4120000E+01, 0.0000000E+00, 0.0000000E+00, 1.0533063E+00
* ELEM  65  line segment
 1, 0, 688
*
  1.2820000E+01, 0.0000000E+00, 1.3000000E+00, 0.0000000E+00
* ELEM  66  line segment
 1, 0, 692
*
  0.0000000E+00, 1.4120000E+01, 0.0000000E+00, -1.3000000E+00
* ELEM  67  line segment
 1, 697, 692
*
  1.0533063E+00, 1.4120000E+01, -1.0533063E+00, 0.0000000E+00
* ELEM  68  circular arc
 3, 766, 692
*
  1.8852000E+00, 1.3354800E+01, 1.1303000E+00, 1.3739125E+02, 4.2608753E+01
* ELEM  69  line segment
 1, 692, 766
*
  7.5490000E-01, 1.3354800E+01, 0.0000000E+00, -5.3480000E-01
* ELEM  70  circular arc
 3, 817, 696
*
  1.3354800E+01, 1.8852000E+00, 1.1303000E+00, 3.1260875E+02, 4.7824947E+00
* ELEM  71  line segment
 1, 687, 696
*
  1.5240000E+01, 1.1200000E+00, -1.0533063E+00, 0.0000000E+00
* ELEM  72  line segment
 1, 0, 696
*
  1.5240000E+01, 0.0000000E+00, 0.0000000E+00, 1.1200000E+00
* ELEM  73  line segment
 1, 0, 696
*
  1.4120000E+01, 0.0000000E+00, 1.1200000E+00, 0.0000000E+00
* ELEM  74  line segment
 1, 0, 697
*
  0.0000000E+00, 1.5240000E+01, 0.0000000E+00, -1.1200000E+00
* ELEM  75  line segment
 1, 0, 697
*
  1.1200000E+00, 1.5240000E+01, -1.1200000E+00, 0.0000000E+00
* ELEM  76  line segment
 1, 689, 697
*
  1.1200000E+00, 1.4186694E+01, 0.0000000E+00, 1.0533063E+00
* ELEM  77  circular arc
 3, 816, 697
*
  1.8852000E+00, 1.3354800E+01, 1.1303000E+00, 1.3260875E+02, 4.7824947E+00
* ELEM  78  circular arc
 3, 768, 687
*
  1.3354800E+01, 1.8852000E+00, 1.1303000E+00, 3.1739125E+02, 4.2608753E+01
* ELEM  79  line segment
 1, 687, 768
*
  1.4485100E+01, 1.8852000E+00, 0.0000000E+00, 5.3480000E-01
* ELEM  80  line segment
 1, 707, 687
*
  1.5240000E+01, 2.4200000E+00, -7.5490000E-01, 0.0000000E+00
* ELEM  81  line segment
 1, 0, 687
*
  1.5240000E+01, 1.1200000E+00, 0.0000000E+00, 1.3000000E+00
* ELEM  82  line segment
 1, 0, 689
*
  2.4200000E+00, 1.5240000E+01, -1.3000000E+00, 0.0000000E+00
* ELEM  83  line segment
 1, 713, 689
*
  2.4200000E+00, 1.4485100E+01, 0.0000000E+00, 7.5490000E-01
* ELEM  84  line segment
 1, 689, 765
*
  2.4200000E+00, 1.4485100E+01, -5.3480000E-01, 0.0000000E+00
* ELEM  85  circular arc
 3, 765, 689
*
  1.8852000E+00, 1.3354800E+01, 1.1303000E+00, 9.0000000E+01, 4.2608753E+01
* ELEM  86  line segment
 1, 707, 792
*
  1.4485100E+01, 2.4200000E+00, 0.0000000E+00, 1.3000000E+00
* ELEM  87  line segment
 1, 708, 707
*
  1.5240000E+01, 3.7200000E+00, -7.5490000E-01, 0.0000000E+00
* ELEM  88  line segment
 1, 0, 707
*
  1.5240000E+01, 2.4200000E+00, 0.0000000E+00, 1.3000000E+00
* ELEM  89  line segment
 1, 0, 713
*
  3.7200000E+00, 1.5240000E+01, -1.3000000E+00, 0.0000000E+00
* ELEM  90  line segment
 1, 700, 713
*
  3.7200000E+00, 1.4485100E+01, 0.0000000E+00, 7.5490000E-01
* ELEM  91  line segment
 1, 713, 799
*
  3.7200000E+00, 1.4485100E+01, -1.3000000E+00, 0.0000000E+00
* ELEM  92  line segment
 1, 708, 793
*
  1.4485100E+01, 3.7200000E+00, 0.0000000E+00, 1.3000000E+00
* ELEM  93  line segment
 1, 718, 708
*
  1.5240000E+01, 5.0200000E+00, -7.5490000E-01, 0.0000000E+00
* ELEM  94  line segment
 1, 0, 708
*
  1.5240000E+01, 3.7200000E+00, 0.0000000E+00, 1.3000000E+00
* ELEM  95  line segment
 1, 0, 700
*
  5.0200000E+00, 1.5240000E+01, -1.3000000E+00, 0.0000000E+00
* ELEM  96  line segment
 1, 714, 700
*
  5.0200000E+00, 1.4485100E+01, 0.0000000E+00, 7.5490000E-01
* ELEM  97  line segment
 1, 700, 783
*
  5.0200000E+00, 1.4485100E+01, -1.3000000E+00, 0.0000000E+00
* ELEM  98  line segment
 1, 718, 796
*
  1.4485100E+01, 5.0200000E+00, 0.0000000E+00, 1.3000000E+00
* ELEM  99  line segment
 1, 719, 718
*
  1.5240000E+01, 6.3200000E+00, -7.5490000E-01, 0.0000000E+00
* ELEM  100  line segment
 1, 0, 718
*
  1.5240000E+01, 5.0200000E+00, 0.0000000E+00, 1.3000000E+00
* ELEM  101  line segment
 1, 0, 714
*
  6.3200000E+00, 1.5240000E+01, -1.3000000E+00, 0.0000000E+00
* ELEM  102  line segment
 1, 715, 714
*
  6.3200000E+00, 1.4485100E+01, 0.0000000E+00, 7.5490000E-01
* ELEM  103  line segment
 1, 714, 798
*
  6.3200000E+00, 1.4485100E+01, -1.3000000E+00, 0.0000000E+00
* ELEM  104  line segment
 1, 719, 797
*
  1.4485100E+01, 6.3200000E+00, 0.0000000E+00, 1.3000000E+00
* ELEM  105  line segment
 1, 699, 719
*
  1.5240000E+01, 7.6200000E+00, -7.5490000E-01, 0.0000000E+00
* ELEM  106  line segment
 1, 0, 719
*
  1.5240000E+01, 6.3200000E+00, 0.0000000E+00, 1.3000000E+00
* ELEM  107  line segment
 1, 0, 715
*
  7.6200000E+00, 1.5240000E+01, -1.3000000E+00, 0.0000000E+00
* ELEM  108  line segment
 1, 701, 715
*
  7.6200000E+00, 1.4485100E+01, 0.0000000E+00, 7.5490000E-01
* ELEM  109  line segment
 1, 715, 791
*
  7.6200000E+00, 1.4485100E+01, -1.3000000E+00, 0.0000000E+00
* ELEM  110  line segment
 1, 699, 781
*
  1.4485100E+01, 7.6200000E+00, 0.0000000E+00, 1.3000000E+00
* ELEM  111  line segment
 1, 729, 699
*
  1.5240000E+01, 8.9200000E+00, -7.5490000E-01, 0.0000000E+00
* ELEM  112  line segment
 1, 0, 699
*
  1.5240000E+01, 7.6200000E+00, 0.0000000E+00, 1.3000000E+00
* ELEM  113  line segment
 1, 0, 701
*
  8.9200000E+00, 1.5240000E+01, -1.3000000E+00, 0.0000000E+00
* ELEM  114  line segment
 1, 727, 701
*
  8.9200000E+00, 1.4485100E+01, 0.0000000E+00, 7.5490000E-01
* ELEM  115  line segment
 1, 701, 785
*
  8.9200000E+00, 1.4485100E+01, -1.3000000E+00, 0.0000000E+00
* ELEM  116  line segment
 1, 729, 802
*
  1.4485100E+01, 8.9200000E+00, 0.0000000E+00, 1.3000000E+00
* ELEM  117  line segment
 1, 704, 729
*
  1.5240000E+01, 1.0220000E+01, -7.5490000E-01, 0.0000000E+00
* ELEM  118  line segment
 1, 0, 729
*
  1.5240000E+01, 8.9200000E+00, 0.0000000E+00, 1.3000000E+00
* ELEM  119  line segment
 1, 0, 727
*
  1.0220000E+01, 1.5240000E+01, -1.3000000E+00, 0.0000000E+00
* ELEM  120  line segment
 1, 702, 727
*
  1.0220000E+01, 1.4485100E+01, 0.0000000E+00, 7.5490000E-01
* ELEM  121  line segment
 1, 727, 801
*
  1.0220000E+01, 1.4485100E+01, -1.3000000E+00, 0.0000000E+00
* ELEM  122  line segment
 1, 704, 788
*
  1.4485100E+01, 1.0220000E+01, 0.0000000E+00, 1.3000000E+00
* ELEM  123  line segment
 1, 705, 704
*
  1.5240000E+01, 1.1520000E+01, -7.5490000E-01, 0.0000000E+00
* ELEM  124  line segment
 1, 0, 704
*
  1.5240000E+01, 1.0220000E+01, 0.0000000E+00, 1.3000000E+00
* ELEM  125  line segment
 1, 0, 702
*
  1.1520000E+01, 1.5240000E+01, -1.3000000E+00, 0.0000000E+00
* ELEM  126  line segment
 1, 703, 702
*
  1.1520000E+01, 1.4485100E+01, 0.0000000E+00, 7.5490000E-01
* ELEM  127  line segment
 1, 702, 786
*
  1.1520000E+01, 1.4485100E+01, -1.3000000E+00, 0.0000000E+00
* ELEM  128  line segment
 1, 705, 789
*
  1.4485100E+01, 1.1520000E+01, 0.0000000E+00, 1.3000000E+00
* ELEM  129  line segment
 1, 691, 705
*
  1.5240000E+01, 1.2820000E+01, -7.5490000E-01, 0.0000000E+00
* ELEM  130  line segment
 1, 0, 705
*
  1.5240000E+01, 1.1520000E+01, 0.0000000E+00, 1.3000000E+00
* ELEM  131  line segment
 1, 0, 703
*
  1.2820000E+01, 1.5240000E+01, -1.3000000E+00, 0.0000000E+00
* ELEM  132  line segment
 1, 690, 703
*
  1.2820000E+01, 1.4485100E+01, 0.0000000E+00, 7.5490000E-01
* ELEM  133  line segment
 1, 703, 787
*
  1.2820000E+01, 1.4485100E+01, -1.3000000E+00, 0.0000000E+00
* ELEM  134  line segment
 1, 691, 769
*
  1.4485100E+01, 1.2820000E+01, 0.0000000E+00, 5.3480000E-01
* ELEM  135  circular arc
 3, 769, 691
*
  1.3354800E+01, 1.3354800E+01, 1.1303000E+00, 0.0000000E+00, 4.2608753E+01
* ELEM  136  line segment
 1, 698, 691
*
  1.5240000E+01, 1.4120000E+01, -1.0533063E+00, 0.0000000E+00
* ELEM  137  line segment
 1, 0, 691
*
  1.5240000E+01, 1.2820000E+01, 0.0000000E+00, 1.3000000E+00
* ELEM  138  line segment
 1, 0, 690
*
  1.4120000E+01, 1.5240000E+01, -1.3000000E+00, 0.0000000E+00
* ELEM  139  line segment
 1, 698, 690
*
  1.4120000E+01, 1.4186694E+01, 0.0000000E+00, 1.0533063E+00
* ELEM  140  circular arc
 3, 770, 690
*
  1.3354800E+01, 1.3354800E+01, 1.1303000E+00, 4.7391247E+01, 4.2608753E+01
* ELEM  141  line segment
 1, 690, 770
*
  1.3354800E+01, 1.4485100E+01, -5.3480000E-01, 0.0000000E+00
* ELEM  142  circular arc
 3, 818, 698
*
  1.3354800E+01, 1.3354800E+01, 1.1303000E+00, 4.2608753E+01, 4.7824947E+00
* ELEM  143  line segment
 1, 0, 698
*
  1.5240000E+01, 1.5240000E+01, -1.1200000E+00, 0.0000000E+00
* ELEM  144  line segment
 1, 0, 698
*
  1.5240000E+01, 1.4120000E+01, 0.0000000E+00, 1.1200000E+00
* ELEM  145  line segment
 1, 816, 766
*
  1.1200000E+00, 1.4120000E+01, -6.6693653E-02, 0.0000000E+00
* ELEM  146  line segment
 1, 812, 766
*
  1.1200000E+00, 1.3943086E+01, 0.0000000E+00, 1.7691436E-01
* ELEM  147  circular arc
 3, 807, 766
*
  1.8852000E+00, 1.3354800E+01, 9.6520000E-01, 1.4244692E+02, 3.7553077E+01
* ELEM  148  line segment
 1, 766, 807
*
  9.2000000E-01, 1.3354800E+01, 0.0000000E+00, -5.3480000E-01
* ELEM  149  line segment
 1, 766, 775
*
  9.2000000E-01, 1.2820000E+01, -1.6510000E-01, 0.0000000E+00
* ELEM  150  line segment
 1, 775, 733
*
  9.2000000E-01, 1.2820000E+01, 0.0000000E+00, -1.3000000E+00
* ELEM  151  line segment
 1, 775, 774
*
  9.2000000E-01, 1.1520000E+01, -1.6510000E-01, 0.0000000E+00
* ELEM  152  line segment
 1, 765, 816
*
  1.1200000E+00, 1.4120000E+01, 0.0000000E+00, 6.6693653E-02
* ELEM  153  line segment
 1, 774, 732
*
  9.2000000E-01, 1.1520000E+01, 0.0000000E+00, -1.3000000E+00
* ELEM  154  line segment
 1, 774, 795
*
  9.2000000E-01, 1.0220000E+01, -1.6510000E-01, 0.0000000E+00
* ELEM  155  line segment
 1, 799, 765
*
  2.4200000E+00, 1.4320000E+01, 0.0000000E+00, 1.6510000E-01
* ELEM  156  line segment
 1, 765, 806
*
  2.4200000E+00, 1.4320000E+01, -5.3480000E-01, 0.0000000E+00
* ELEM  157  circular arc
 3, 806, 765
*
  1.8852000E+00, 1.3354800E+01, 9.6520000E-01, 9.0000000E+01, 3.7553077E+01
* ELEM  158  line segment
 1, 812, 765
*
  1.1200000E+00, 1.4120000E+01, 1.7691436E-01, 0.0000000E+00
* ELEM  159  circular arc
 3, 70, 812
*
  1.8852000E+00, 1.3354800E+01, 9.6520000E-01, 1.2755308E+02, 1.4893845E+01
* ELEM  160  line segment
 1, 795, 754
*
  9.2000000E-01, 1.0220000E+01, 0.0000000E+00, -1.3000000E+00
* ELEM  161  line segment
 1, 795, 773
*
  9.2000000E-01, 8.9200000E+00, -1.6510000E-01, 0.0000000E+00
* ELEM  162  line segment
 1, 773, 731
*
  9.2000000E-01, 8.9200000E+00, 0.0000000E+00, -1.3000000E+00
* ELEM  163  line segment
 1, 773, 778
*
  9.2000000E-01, 7.6200000E+00, -1.6510000E-01, 0.0000000E+00
* ELEM  164  line segment
 1, 783, 799
*
  3.7200000E+00, 1.4320000E+01, 0.0000000E+00, 1.6510000E-01
* ELEM  165  line segment
 1, 799, 760
*
  3.7200000E+00, 1.4320000E+01, -1.3000000E+00, 0.0000000E+00
* ELEM  166  line segment
 1, 778, 741
*
  9.2000000E-01, 7.6200000E+00, 0.0000000E+00, -1.3000000E+00
* ELEM  167  line segment
 1, 778, 790
*
  9.2000000E-01, 6.3200000E+00, -1.6510000E-01, 0.0000000E+00
* ELEM  168  line segment
 1, 798, 783
*
  5.0200000E+00, 1.4320000E+01, 0.0000000E+00, 1.6510000E-01
* ELEM  169  line segment
 1, 783, 751
*
  5.0200000E+00, 1.4320000E+01, -1.3000000E+00, 0.0000000E+00
* ELEM  170  line segment
 1, 790, 740
*
  9.2000000E-01, 6.3200000E+00, 0.0000000E+00, -1.3000000E+00
* ELEM  171  line segment
 1, 790, 772
*
  9.2000000E-01, 5.0200000E+00, -1.6510000E-01, 0.0000000E+00
* ELEM  172  line segment
 1, 791, 798
*
  6.3200000E+00, 1.4320000E+01, 0.0000000E+00, 1.6510000E-01
* ELEM  173  line segment
 1, 798, 755
*
  6.3200000E+00, 1.4320000E+01, -1.3000000E+00, 0.0000000E+00
* ELEM  174  line segment
 1, 772, 737
*
  9.2000000E-01, 5.0200000E+00, 0.0000000E+00, -1.3000000E+00
* ELEM  175  line segment
 1, 772, 794
*
  9.2000000E-01, 3.7200000E+00, -1.6510000E-01, 0.0000000E+00
* ELEM  176  line segment
 1, 785, 791
*
  7.6200000E+00, 1.4320000E+01, 0.0000000E+00, 1.6510000E-01
* ELEM  177  line segment
 1, 791, 756
*
  7.6200000E+00, 1.4320000E+01, -1.3000000E+00, 0.0000000E+00
* ELEM  178  line segment
 1, 794, 750
*
  9.2000000E-01, 3.7200000E+00, 0.0000000E+00, -1.3000000E+00
* ELEM  179  line segment
 1, 794, 764
*
  9.2000000E-01, 2.4200000E+00, -1.6510000E-01, 0.0000000E+00
* ELEM  180  line segment
 1, 801, 785
*
  8.9200000E+00, 1.4320000E+01, 0.0000000E+00, 1.6510000E-01
* ELEM  181  line segment
 1, 785, 744
*
  8.9200000E+00, 1.4320000E+01, -1.3000000E+00, 0.0000000E+00
* ELEM  182  line segment
 1, 764, 803
*
  9.2000000E-01, 2.4200000E+00, 0.0000000E+00, -5.3480000E-01
* ELEM  183  circular arc
 3, 803, 764
*
  1.8852000E+00, 1.8852000E+00, 9.6520000E-01, 1.8000000E+02, 3.7553077E+01
* ELEM  184  line segment
 1, 814, 764
*
  1.1200000E+00, 1.1200000E+00, 0.0000000E+00, 1.7691436E-01
* ELEM  185  line segment
 1, 764, 815
*
  1.1200000E+00, 1.1200000E+00, -6.6693653E-02, 0.0000000E+00
* ELEM  186  line segment
 1, 786, 801
*
  1.0220000E+01, 1.4320000E+01, 0.0000000E+00, 1.6510000E-01
* ELEM  187  line segment
 1, 801, 761
*
  1.0220000E+01, 1.4320000E+01, -1.3000000E+00, 0.0000000E+00
* ELEM  188  line segment
 1, 787, 786
*
  1.1520000E+01, 1.4320000E+01, 0.0000000E+00, 1.6510000E-01
* ELEM  189  line segment
 1, 786, 745
*
  1.1520000E+01, 1.4320000E+01, -1.3000000E+00, 0.0000000E+00
* ELEM  190  line segment
 1, 763, 815
*
  1.1200000E+00, 1.0533063E+00, 0.0000000E+00, 6.6693653E-02
* ELEM  191  line segment
 1, 770, 787
*
  1.2820000E+01, 1.4320000E+01, 0.0000000E+00, 1.6510000E-01
* ELEM  192  line segment
 1, 787, 746
*
  1.2820000E+01, 1.4320000E+01, -1.3000000E+00, 0.0000000E+00
* ELEM  193  line segment
 1, 814, 763
*
  1.2969144E+00, 1.1200000E+00, -1.7691436E-01, 0.0000000E+00
* ELEM  194  circular arc
 3, 804, 763
*
  1.8852000E+00, 1.8852000E+00, 9.6520000E-01, 2.3244692E+02, 3.7553077E+01
* ELEM  195  line segment
 1, 763, 804
*
  1.8852000E+00, 9.2000000E-01, 5.3480000E-01, 0.0000000E+00
* ELEM  196  line segment
 1, 779, 763
*
  2.4200000E+00, 7.5490000E-01, 0.0000000E+00, 1.6510000E-01
* ELEM  197  circular arc
 3, 680, 814
*
  1.8852000E+00, 1.8852000E+00, 9.6520000E-01, 2.1755308E+02, 1.4893845E+01
* ELEM  198  line segment
 1, 818, 770
*
  1.4120000E+01, 1.4120000E+01, 0.0000000E+00, 6.6693653E-02
* ELEM  199  line segment
 1, 811, 770
*
  1.3943086E+01, 1.4120000E+01, 1.7691436E-01, 0.0000000E+00
* ELEM  200  circular arc
 3, 810, 770
*
  1.3354800E+01, 1.3354800E+01, 9.6520000E-01, 5.2446923E+01, 3.7553077E+01
* ELEM  201  line segment
 1, 770, 810
*
  1.3354800E+01, 1.4320000E+01, -5.3480000E-01, 0.0000000E+00
* ELEM  202  line segment
 1, 779, 738
*
  2.4200000E+00, 9.2000000E-01, 1.3000000E+00, 0.0000000E+00
* ELEM  203  line segment
 1, 780, 779
*
  3.7200000E+00, 7.5490000E-01, 0.0000000E+00, 1.6510000E-01
* ELEM  204  line segment
 1, 818, 769
*
  1.4186694E+01, 1.4120000E+01, -6.6693653E-02, 0.0000000E+00
* ELEM  205  line segment
 1, 780, 739
*
  3.7200000E+00, 9.2000000E-01, 1.3000000E+00, 0.0000000E+00
* ELEM  206  line segment
 1, 782, 780
*
  5.0200000E+00, 7.5490000E-01, 0.0000000E+00, 1.6510000E-01
* ELEM  207  line segment
 1, 769, 789
*
  1.4485100E+01, 1.2820000E+01, -1.6510000E-01, 0.0000000E+00
* ELEM  208  line segment
 1, 769, 809
*
  1.4320000E+01, 1.2820000E+01, 0.0000000E+00, 5.3480000E-01
* ELEM  209  circular arc
 3, 809, 769
*
  1.3354800E+01, 1.3354800E+01, 9.6520000E-01, 0.0000000E+00, 3.7553077E+01
* ELEM  210  line segment
 1, 811, 769
*
  1.4120000E+01, 1.4120000E+01, 0.0000000E+00, -1.7691436E-01
* ELEM  211  circular arc
 3, 7, 811
*
  1.3354800E+01, 1.3354800E+01, 9.6520000E-01, 3.7553077E+01, 1.4893845E+01
* ELEM  212  line segment
 1, 782, 742
*
  5.0200000E+00, 9.2000000E-01, 1.3000000E+00, 0.0000000E+00
* ELEM  213  line segment
 1, 784, 782
*
  6.3200000E+00, 7.5490000E-01, 0.0000000E+00, 1.6510000E-01
* ELEM  214  line segment
 1, 784, 743
*
  6.3200000E+00, 9.2000000E-01, 1.3000000E+00, 0.0000000E+00
* ELEM  215  line segment
 1, 771, 784
*
  7.6200000E+00, 7.5490000E-01, 0.0000000E+00, 1.6510000E-01
* ELEM  216  line segment
 1, 789, 788
*
  1.4485100E+01, 1.1520000E+01, -1.6510000E-01, 0.0000000E+00
* ELEM  217  line segment
 1, 789, 749
*
  1.4320000E+01, 1.1520000E+01, 0.0000000E+00, 1.3000000E+00
* ELEM  218  line segment
 1, 771, 734
*
  7.6200000E+00, 9.2000000E-01, 1.3000000E+00, 0.0000000E+00
* ELEM  219  line segment
 1, 800, 771
*
  8.9200000E+00, 7.5490000E-01, 0.0000000E+00, 1.6510000E-01
* ELEM  220  line segment
 1, 788, 802
*
  1.4485100E+01, 1.0220000E+01, -1.6510000E-01, 0.0000000E+00
* ELEM  221  line segment
 1, 788, 748
*
  1.4320000E+01, 1.0220000E+01, 0.0000000E+00, 1.3000000E+00
* ELEM  222  line segment
 1, 800, 757
*
  8.9200000E+00, 9.2000000E-01, 1.3000000E+00, 0.0000000E+00
* ELEM  223  line segment
 1, 776, 800
*
  1.0220000E+01, 7.5490000E-01, 0.0000000E+00, 1.6510000E-01
* ELEM  224  line segment
 1, 802, 781
*
  1.4485100E+01, 8.9200000E+00, -1.6510000E-01, 0.0000000E+00
* ELEM  225  line segment
 1, 802, 762
*
  1.4320000E+01, 8.9200000E+00, 0.0000000E+00, 1.3000000E+00
* ELEM  226  line segment
 1, 776, 735
*
  1.0220000E+01, 9.2000000E-01, 1.3000000E+00, 0.0000000E+00
* ELEM  227  line segment
 1, 777, 776
*
  1.1520000E+01, 7.5490000E-01, 0.0000000E+00, 1.6510000E-01
* ELEM  228  line segment
 1, 781, 797
*
  1.4485100E+01, 7.6200000E+00, -1.6510000E-01, 0.0000000E+00
* ELEM  229  line segment
 1, 781, 747
*
  1.4320000E+01, 7.6200000E+00, 0.0000000E+00, 1.3000000E+00
* ELEM  230  line segment
 1, 777, 736
*
  1.1520000E+01, 9.2000000E-01, 1.3000000E+00, 0.0000000E+00
* ELEM  231  line segment
 1, 767, 777
*
  1.2820000E+01, 7.5490000E-01, 0.0000000E+00, 1.6510000E-01
* ELEM  232  line segment
 1, 797, 796
*
  1.4485100E+01, 6.3200000E+00, -1.6510000E-01, 0.0000000E+00
* ELEM  233  line segment
 1, 797, 759
*
  1.4320000E+01, 6.3200000E+00, 0.0000000E+00, 1.3000000E+00
* ELEM  234  line segment
 1, 767, 808
*
  1.2820000E+01, 9.2000000E-01, 5.3480000E-01, 0.0000000E+00
* ELEM  235  circular arc
 3, 808, 767
*
  1.3354800E+01, 1.8852000E+00, 9.6520000E-01, 2.7000000E+02, 3.7553077E+01
* ELEM  236  line segment
 1, 813, 767
*
  1.4120000E+01, 1.1200000E+00, -1.7691436E-01, 0.0000000E+00
* ELEM  237  line segment
 1, 817, 767
*
  1.4120000E+01, 1.0533063E+00, 0.0000000E+00, 6.6693653E-02
* ELEM  238  line segment
 1, 796, 793
*
  1.4485100E+01, 5.0200000E+00, -1.6510000E-01, 0.0000000E+00
* ELEM  239  line segment
 1, 796, 758
*
  1.4320000E+01, 5.0200000E+00, 0.0000000E+00, 1.3000000E+00
* ELEM  240  line segment
 1, 793, 792
*
  1.4485100E+01, 3.7200000E+00, -1.6510000E-01, 0.0000000E+00
* ELEM  241  line segment
 1, 793, 753
*
  1.4320000E+01, 3.7200000E+00, 0.0000000E+00, 1.3000000E+00
* ELEM  242  line segment
 1, 768, 817
*
  1.4186694E+01, 1.1200000E+00, -6.6693653E-02, 0.0000000E+00
* ELEM  243  line segment
 1, 792, 768
*
  1.4485100E+01, 2.4200000E+00, -1.6510000E-01, 0.0000000E+00
* ELEM  244  line segment
 1, 792, 752
*
  1.4320000E+01, 2.4200000E+00, 0.0000000E+00, 1.3000000E+00
* ELEM  245  line segment
 1, 813, 768
*
  1.4120000E+01, 1.2969144E+00, 0.0000000E+00, -1.7691436E-01
* ELEM  246  circular arc
 3, 805, 768
*
  1.3354800E+01, 1.8852000E+00, 9.6520000E-01, 3.2244692E+02, 3.7553077E+01
* ELEM  247  line segment
 1, 768, 805
*
  1.4320000E+01, 1.8852000E+00, 0.0000000E+00, 5.3480000E-01
* ELEM  248  circular arc
 3, 617, 813
*
  1.3354800E+01, 1.8852000E+00, 9.6520000E-01, 3.0755308E+02, 1.4893845E+01
* ELEM  249  line segment
 1, 750, 803
*
  1.1200000E+00, 2.4200000E+00, -2.0000000E-01, 0.0000000E+00
* ELEM  250  line segment
 1, 680, 803
*
  1.1200000E+00, 1.2969144E+00, 0.0000000E+00, 1.1230856E+00
* ELEM  251  line segment
 1, 680, 610
*
  1.1200000E+00, 2.4200000E+00, 1.3000000E+00, 0.0000000E+00
* ELEM  252  line segment
 1, 680, 673
*
  2.4200000E+00, 2.4200000E+00, 0.0000000E+00, -1.3000000E+00
* ELEM  253  line segment
 1, 680, 804
*
  2.4200000E+00, 1.1200000E+00, -1.1230856E+00, 0.0000000E+00
* ELEM  254  circle
 2, 681, 680
*
  1.7700000E+00, 1.7700000E+00, 5.1500000E-01, 0.0000000E+00
* ELEM  255  line segment
 1, 610, 750
*
  1.1200000E+00, 2.4200000E+00, 0.0000000E+00, 1.3000000E+00
* ELEM  256  line segment
 1, 610, 534
*
  1.1200000E+00, 3.7200000E+00, 1.3000000E+00, 0.0000000E+00
* ELEM  257  line segment
 1, 610, 603
*
  2.4200000E+00, 3.7200000E+00, 0.0000000E+00, -1.3000000E+00
* ELEM  258  circle
 2, 611, 610
*
  1.7700000E+00, 3.0700000E+00, 5.1500000E-01, 0.0000000E+00
* ELEM  259  line segment
 1, 534, 737
*
  1.1200000E+00, 3.7200000E+00, 0.0000000E+00, 1.3000000E+00
* ELEM  260  line segment
 1, 534, 458
*
  1.1200000E+00, 5.0200000E+00, 1.3000000E+00, 0.0000000E+00
* ELEM  261  line segment
 1, 534, 525
*
  2.4200000E+00, 5.0200000E+00, 0.0000000E+00, -1.3000000E+00
* ELEM  262  circle
 2, 535, 534
*
  1.7700000E+00, 4.3700000E+00, 5.1500000E-01, 0.0000000E+00
* ELEM  263  line segment
 1, 673, 603
*
  2.4200000E+00, 2.4200000E+00, 1.3000000E+00, 0.0000000E+00
* ELEM  264  line segment
 1, 603, 594
*
  3.7200000E+00, 3.7200000E+00, 0.0000000E+00, -1.3000000E+00
* ELEM  265  line segment
 1, 603, 525
*
  2.4200000E+00, 3.7200000E+00, 1.3000000E+00, 0.0000000E+00
* ELEM  266  circle
 2, 604, 603
*
  3.0700000E+00, 3.0700000E+00, 5.1500000E-01, 0.0000000E+00
* ELEM  267  line segment
 1, 673, 666
*
  3.7200000E+00, 2.4200000E+00, 0.0000000E+00, -1.3000000E+00
* ELEM  268  line segment
 1, 673, 738
*
  3.7200000E+00, 1.1200000E+00, -1.3000000E+00, 0.0000000E+00
* ELEM  269  circle
 2, 674, 673
*
  3.0700000E+00, 1.7700000E+00, 5.1500000E-01, 0.0000000E+00
* ELEM  270  line segment
 1, 458, 740
*
  1.1200000E+00, 5.0200000E+00, 0.0000000E+00, 1.3000000E+00
* ELEM  271  line segment
 1, 458, 398
*
  1.1200000E+00, 6.3200000E+00, 1.3000000E+00, 0.0000000E+00
* ELEM  272  line segment
 1, 458, 451
*
  2.4200000E+00, 6.3200000E+00, 0.0000000E+00, -1.3000000E+00
* ELEM  273  circle
 2, 459, 458
*
  1.7700000E+00, 5.6700000E+00, 5.1500000E-01, 0.0000000E+00
* ELEM  274  line segment
 1, 525, 518
*
  3.7200000E+00, 5.0200000E+00, 0.0000000E+00, -1.3000000E+00
* ELEM  275  line segment
 1, 525, 451
*
  2.4200000E+00, 5.0200000E+00, 1.3000000E+00, 0.0000000E+00
* ELEM  276  circle
 2, 526, 525
*
  3.0700000E+00, 4.3700000E+00, 5.1500000E-01, 0.0000000E+00
* ELEM  277  line segment
 1, 666, 594
*
  3.7200000E+00, 2.4200000E+00, 1.3000000E+00, 0.0000000E+00
* ELEM  278  line segment
 1, 594, 587
*
  5.0200000E+00, 3.7200000E+00, 0.0000000E+00, -1.3000000E+00
* ELEM  279  line segment
 1, 594, 518
*
  3.7200000E+00, 3.7200000E+00, 1.3000000E+00, 0.0000000E+00
* ELEM  280  circle
 2, 595, 594
*
  4.3700000E+00, 3.0700000E+00, 5.1500000E-01, 0.0000000E+00
* ELEM  281  line segment
 1, 666, 659
*
  5.0200000E+00, 2.4200000E+00, 0.0000000E+00, -1.3000000E+00
* ELEM  282  line segment
 1, 666, 739
*
  5.0200000E+00, 1.1200000E+00, -1.3000000E+00, 0.0000000E+00
* ELEM  283  circle
 2, 667, 666
*
  4.3700000E+00, 1.7700000E+00, 5.1500000E-01, 0.0000000E+00
* ELEM  284  line segment
 1, 398, 741
*
  1.1200000E+00, 6.3200000E+00, 0.0000000E+00, 1.3000000E+00
* ELEM  285  line segment
 1, 398, 338
*
  1.1200000E+00, 7.6200000E+00, 1.3000000E+00, 0.0000000E+00
* ELEM  286  line segment
 1, 398, 389
*
  2.4200000E+00, 7.6200000E+00, 0.0000000E+00, -1.3000000E+00
* ELEM  287  circle
 2, 399, 398
*
  1.7700000E+00, 6.9700000E+00, 5.1500000E-01, 0.0000000E+00
* ELEM  288  line segment
 1, 451, 442
*
  3.7200000E+00, 6.3200000E+00, 0.0000000E+00, -1.3000000E+00
* ELEM  289  line segment
 1, 451, 389
*
  2.4200000E+00, 6.3200000E+00, 1.3000000E+00, 0.0000000E+00
* ELEM  290  circle
 2, 452, 451
*
  3.0700000E+00, 5.6700000E+00, 5.1500000E-01, 0.0000000E+00
* ELEM  291  line segment
 1, 518, 511
*
  5.0200000E+00, 5.0200000E+00, 0.0000000E+00, -1.3000000E+00
* ELEM  292  line segment
 1, 518, 442
*
  3.7200000E+00, 5.0200000E+00, 1.3000000E+00, 0.0000000E+00
* ELEM  293  circle
 2, 519, 518
*
  4.3700000E+00, 4.3700000E+00, 5.1500000E-01, 0.0000000E+00
* ELEM  294  line segment
 1, 659, 587
*
  5.0200000E+00, 2.4200000E+00, 1.3000000E+00, 0.0000000E+00
* ELEM  295  line segment
 1, 587, 580
*
  6.3200000E+00, 3.7200000E+00, 0.0000000E+00, -1.3000000E+00
* ELEM  296  line segment
 1, 587, 511
*
  5.0200000E+00, 3.7200000E+00, 1.3000000E+00, 0.0000000E+00
* ELEM  297  circle
 2, 588, 587
*
  5.6700000E+00, 3.0700000E+00, 5.1500000E-01, 0.0000000E+00
* ELEM  298  line segment
 1, 659, 652
*
  6.3200000E+00, 2.4200000E+00, 0.0000000E+00, -1.3000000E+00
* ELEM  299  line segment
 1, 659, 742
*
  6.3200000E+00, 1.1200000E+00, -1.3000000E+00, 0.0000000E+00
* ELEM  300  circle
 2, 660, 659
*
  5.6700000E+00, 1.7700000E+00, 5.1500000E-01, 0.0000000E+00
* ELEM  301  line segment
 1, 338, 731
*
  1.1200000E+00, 7.6200000E+00, 0.0000000E+00, 1.3000000E+00
* ELEM  302  line segment
 1, 338, 280
*
  1.1200000E+00, 8.9200000E+00, 1.3000000E+00, 0.0000000E+00
* ELEM  303  line segment
 1, 338, 331
*
  2.4200000E+00, 8.9200000E+00, 0.0000000E+00, -1.3000000E+00
* ELEM  304  circle
 2, 339, 338
*
  1.7700000E+00, 8.2700000E+00, 5.1500000E-01, 0.0000000E+00
* ELEM  305  line segment
 1, 389, 382
*
  3.7200000E+00, 7.6200000E+00, 0.0000000E+00, -1.3000000E+00
* ELEM  306  line segment
 1, 389, 331
*
  2.4200000E+00, 7.6200000E+00, 1.3000000E+00, 0.0000000E+00
* ELEM  307  circle
 2, 390, 389
*
  3.0700000E+00, 6.9700000E+00, 5.1500000E-01, 0.0000000E+00
* ELEM  308  line segment
 1, 4, 442
*
  5.0200000E+00, 5.0200000E+00, 0.0000000E+00, 1.3000000E+00
* ELEM  309  line segment
 1, 442, 382
*
  3.7200000E+00, 6.3200000E+00, 1.3000000E+00, 0.0000000E+00
* ELEM  310  circle
 2, 443, 442
*
  4.3700000E+00, 5.6700000E+00, 5.1500000E-01, 0.0000000E+00
* ELEM  311  line segment
 1, 511, 504
*
  6.3200000E+00, 5.0200000E+00, 0.0000000E+00, -1.3000000E+00
* ELEM  312  line segment
 1, 4, 511
*
  6.3200000E+00, 5.0200000E+00, -1.3000000E+00, 0.0000000E+00
* ELEM  313  circle
 2, 512, 511
*
  5.6700000E+00, 4.3700000E+00, 5.1500000E-01, 0.0000000E+00
* ELEM  314  line segment
 1, 652, 580
*
  6.3200000E+00, 2.4200000E+00, 1.3000000E+00, 0.0000000E+00
* ELEM  315  line segment
 1, 580, 571
*
  7.6200000E+00, 3.7200000E+00, 0.0000000E+00, -1.3000000E+00
* ELEM  316  line segment
 1, 580, 504
*
  6.3200000E+00, 3.7200000E+00, 1.3000000E+00, 0.0000000E+00
* ELEM  317  circle
 2, 581, 580
*
  6.9700000E+00, 3.0700000E+00, 5.1500000E-01, 0.0000000E+00
* ELEM  318  line segment
 1, 652, 645
*
  7.6200000E+00, 2.4200000E+00, 0.0000000E+00, -1.3000000E+00
* ELEM  319  line segment
 1, 652, 743
*
  7.6200000E+00, 1.1200000E+00, -1.3000000E+00, 0.0000000E+00
* ELEM  320  circle
 2, 653, 652
*
  6.9700000E+00, 1.7700000E+00, 5.1500000E-01, 0.0000000E+00
* ELEM  321  line segment
 1, 280, 754
*
  1.1200000E+00, 8.9200000E+00, 0.0000000E+00, 1.3000000E+00
* ELEM  322  line segment
 1, 280, 222
*
  1.1200000E+00, 1.0220000E+01, 1.3000000E+00, 0.0000000E+00
* ELEM  323  line segment
 1, 280, 273
*
  2.4200000E+00, 1.0220000E+01, 0.0000000E+00, -1.3000000E+00
* ELEM  324  circle
 2, 281, 280
*
  1.7700000E+00, 9.5700000E+00, 5.1500000E-01, 0.0000000E+00
* ELEM  325  line segment
 1, 331, 322
*
  3.7200000E+00, 8.9200000E+00, 0.0000000E+00, -1.3000000E+00
* ELEM  326  line segment
 1, 331, 273
*
  2.4200000E+00, 8.9200000E+00, 1.3000000E+00, 0.0000000E+00
* ELEM  327  circle
 2, 332, 331
*
  3.0700000E+00, 8.2700000E+00, 5.1500000E-01, 0.0000000E+00
* ELEM  328  line segment
 1, 4, 382
*
  5.0200000E+00, 6.3200000E+00, 0.0000000E+00, 1.3000000E+00
* ELEM  329  line segment
 1, 382, 322
*
  3.7200000E+00, 7.6200000E+00, 1.3000000E+00, 0.0000000E+00
* ELEM  330  circle
 2, 383, 382
*
  4.3700000E+00, 6.9700000E+00, 5.1500000E-01, 0.0000000E+00
* ELEM  331  line segment
 1, 4, 504
*
  7.6200000E+00, 5.0200000E+00, -1.3000000E+00, 0.0000000E+00
* ELEM  332  line segment
 1, 4, 435
*
  7.6200000E+00, 6.3200000E+00, 0.0000000E+00, -1.3000000E+00
* ELEM  333  line segment
 1, 4, 375
*
  7.6200000E+00, 7.6200000E+00, 0.0000000E+00, -1.3000000E+00
* ELEM  334  line segment
 1, 4, 308
*
  6.3200000E+00, 7.6200000E+00, 1.3000000E+00, 0.0000000E+00
* ELEM  335  line segment
 1, 4, 315
*
  5.0200000E+00, 7.6200000E+00, 1.3000000E+00, 0.0000000E+00
* ELEM  336  circle
 2, 5, 4
*
  6.3200000E+00, 6.3200000E+00, 1.2450000E+00, 0.0000000E+00
* ELEM  337  line segment
 1, 504, 497
*
  7.6200000E+00, 5.0200000E+00, 0.0000000E+00, -1.3000000E+00
* ELEM  338  circle
 2, 505, 504
*
  6.9700000E+00, 4.3700000E+00, 5.1500000E-01, 0.0000000E+00
* ELEM  339  line segment
 1, 645, 571
*
  7.6200000E+00, 2.4200000E+00, 1.3000000E+00, 0.0000000E+00
* ELEM  340  line segment
 1, 571, 564
*
  8.9200000E+00, 3.7200000E+00, 0.0000000E+00, -1.3000000E+00
* ELEM  341  line segment
 1, 571, 497
*
  7.6200000E+00, 3.7200000E+00, 1.3000000E+00, 0.0000000E+00
* ELEM  342  circle
 2, 572, 571
*
  8.2700000E+00, 3.0700000E+00, 5.1500000E-01, 0.0000000E+00
* ELEM  343  line segment
 1, 645, 638
*
  8.9200000E+00, 2.4200000E+00, 0.0000000E+00, -1.3000000E+00
* ELEM  344  line segment
 1, 645, 734
*
  8.9200000E+00, 1.1200000E+00, -1.3000000E+00, 0.0000000E+00
* ELEM  345  circle
 2, 646, 645
*
  8.2700000E+00, 1.7700000E+00, 5.1500000E-01, 0.0000000E+00
* ELEM  346  line segment
 1, 222, 732
*
  1.1200000E+00, 1.0220000E+01, 0.0000000E+00, 1.3000000E+00
* ELEM  347  line segment
 1, 222, 144
*
  1.1200000E+00, 1.1520000E+01, 1.3000000E+00, 0.0000000E+00
* ELEM  348  line segment
 1, 222, 215
*
  2.4200000E+00, 1.1520000E+01, 0.0000000E+00, -1.3000000E+00
* ELEM  349  circle
 2, 223, 222
*
  1.7700000E+00, 1.0870000E+01, 5.1500000E-01, 0.0000000E+00
* ELEM  350  line segment
 1, 273, 266
*
  3.7200000E+00, 1.0220000E+01, 0.0000000E+00, -1.3000000E+00
* ELEM  351  line segment
 1, 273, 215
*
  2.4200000E+00, 1.0220000E+01, 1.3000000E+00, 0.0000000E+00
* ELEM  352  circle
 2, 274, 273
*
  3.0700000E+00, 9.5700000E+00, 5.1500000E-01, 0.0000000E+00
* ELEM  353  line segment
 1, 322, 315
*
  5.0200000E+00, 8.9200000E+00, 0.0000000E+00, -1.3000000E+00
* ELEM  354  line segment
 1, 322, 266
*
  3.7200000E+00, 8.9200000E+00, 1.3000000E+00, 0.0000000E+00
* ELEM  355  circle
 2, 323, 322
*
  4.3700000E+00, 8.2700000E+00, 5.1500000E-01, 0.0000000E+00
* ELEM  356  line segment
 1, 497, 488
*
  8.9200000E+00, 5.0200000E+00, 0.0000000E+00, -1.3000000E+00
* ELEM  357  line segment
 1, 497, 435
*
  7.6200000E+00, 5.0200000E+00, 1.3000000E+00, 0.0000000E+00
* ELEM  358  circle
 2, 498, 497
*
  8.2700000E+00, 4.3700000E+00, 5.1500000E-01, 0.0000000E+00
* ELEM  359  line segment
 1, 638, 564
*
  8.9200000E+00, 2.4200000E+00, 1.3000000E+00, 0.0000000E+00
* ELEM  360  line segment
 1, 564, 555
*
  1.0220000E+01, 3.7200000E+00, 0.0000000E+00, -1.3000000E+00
* ELEM  361  line segment
 1, 564, 488
*
  8.9200000E+00, 3.7200000E+00, 1.3000000E+00, 0.0000000E+00
* ELEM  362  circle
 2, 565, 564
*
  9.5700000E+00, 3.0700000E+00, 5.1500000E-01, 0.0000000E+00
* ELEM  363  line segment
 1, 638, 631
*
  1.0220000E+01, 2.4200000E+00, 0.0000000E+00, -1.3000000E+00
* ELEM  364  line segment
 1, 638, 757
*
  1.0220000E+01, 1.1200000E+00, -1.3000000E+00, 0.0000000E+00
* ELEM  365  circle
 2, 639, 638
*
  9.5700000E+00, 1.7700000E+00, 5.1500000E-01, 0.0000000E+00
* ELEM  366  line segment
 1, 144, 733
*
  1.1200000E+00, 1.1520000E+01, 0.0000000E+00, 1.3000000E+00
* ELEM  367  line segment
 1, 144, 70
*
  1.1200000E+00, 1.2820000E+01, 1.3000000E+00, 0.0000000E+00
* ELEM  368  line segment
 1, 144, 137
*
  2.4200000E+00, 1.2820000E+01, 0.0000000E+00, -1.3000000E+00
* ELEM  369  circle
 2, 145, 144
*
  1.7700000E+00, 1.2170000E+01, 5.1500000E-01, 0.0000000E+00
* ELEM  370  line segment
 1, 215, 206
*
  3.7200000E+00, 1.1520000E+01, 0.0000000E+00, -1.3000000E+00
* ELEM  371  line segment
 1, 215, 137
*
  2.4200000E+00, 1.1520000E+01, 1.3000000E+00, 0.0000000E+00
* ELEM  372  circle
 2, 216, 215
*
  3.0700000E+00, 1.0870000E+01, 5.1500000E-01, 0.0000000E+00
* ELEM  373  line segment
 1, 266, 257
*
  5.0200000E+00, 1.0220000E+01, 0.0000000E+00, -1.3000000E+00
* ELEM  374  line segment
 1, 266, 206
*
  3.7200000E+00, 1.0220000E+01, 1.3000000E+00, 0.0000000E+00
* ELEM  375  circle
 2, 267, 266
*
  4.3700000E+00, 9.5700000E+00, 5.1500000E-01, 0.0000000E+00
* ELEM  376  line segment
 1, 315, 308
*
  6.3200000E+00, 8.9200000E+00, 0.0000000E+00, -1.3000000E+00
* ELEM  377  line segment
 1, 315, 257
*
  5.0200000E+00, 8.9200000E+00, 1.3000000E+00, 0.0000000E+00
* ELEM  378  circle
 2, 316, 315
*
  5.6700000E+00, 8.2700000E+00, 5.1500000E-01, 0.0000000E+00
* ELEM  379  line segment
 1, 435, 428
*
  8.9200000E+00, 6.3200000E+00, 0.0000000E+00, -1.3000000E+00
* ELEM  380  line segment
 1, 435, 375
*
  7.6200000E+00, 6.3200000E+00, 1.3000000E+00, 0.0000000E+00
* ELEM  381  circle
 2, 436, 435
*
  8.2700000E+00, 5.6700000E+00, 5.1500000E-01, 0.0000000E+00
* ELEM  382  line segment
 1, 488, 481
*
  1.0220000E+01, 5.0200000E+00, 0.0000000E+00, -1.3000000E+00
* ELEM  383  line segment
 1, 488, 428
*
  8.9200000E+00, 5.0200000E+00, 1.3000000E+00, 0.0000000E+00
* ELEM  384  circle
 2, 489, 488
*
  9.5700000E+00, 4.3700000E+00, 5.1500000E-01, 0.0000000E+00
* ELEM  385  line segment
 1, 631, 555
*
  1.0220000E+01, 2.4200000E+00, 1.3000000E+00, 0.0000000E+00
* ELEM  386  line segment
 1, 555, 548
*
  1.1520000E+01, 3.7200000E+00, 0.0000000E+00, -1.3000000E+00
* ELEM  387  line segment
 1, 555, 481
*
  1.0220000E+01, 3.7200000E+00, 1.3000000E+00, 0.0000000E+00
* ELEM  388  circle
 2, 556, 555
*
  1.0870000E+01, 3.0700000E+00, 5.1500000E-01, 0.0000000E+00
* ELEM  389  line segment
 1, 631, 624
*
  1.1520000E+01, 2.4200000E+00, 0.0000000E+00, -1.3000000E+00
* ELEM  390  line segment
 1, 631, 735
*
  1.1520000E+01, 1.1200000E+00, -1.3000000E+00, 0.0000000E+00
* ELEM  391  circle
 2, 632, 631
*
  1.0870000E+01, 1.7700000E+00, 5.1500000E-01, 0.0000000E+00
* ELEM  392  line segment
 1, 70, 807
*
  1.1200000E+00, 1.2820000E+01, 0.0000000E+00, 1.1230856E+00
* ELEM  393  line segment
 1, 70, 806
*
  1.2969144E+00, 1.4120000E+01, 1.1230856E+00, 0.0000000E+00
* ELEM  394  line segment
 1, 70, 63
*
  2.4200000E+00, 1.4120000E+01, 0.0000000E+00, -1.3000000E+00
* ELEM  395  circle
 2, 71, 70
*
  1.7700000E+00, 1.3470000E+01, 5.1500000E-01, 0.0000000E+00
* ELEM  396  line segment
 1, 137, 130
*
  3.7200000E+00, 1.2820000E+01, 0.0000000E+00, -1.3000000E+00
* ELEM  397  line segment
 1, 137, 63
*
  2.4200000E+00, 1.2820000E+01, 1.3000000E+00, 0.0000000E+00
* ELEM  398  circle
 2, 138, 137
*
  3.0700000E+00, 1.2170000E+01, 5.1500000E-01, 0.0000000E+00
* ELEM  399  line segment
 1, 206, 199
*
  5.0200000E+00, 1.1520000E+01, 0.0000000E+00, -1.3000000E+00
* ELEM  400  line segment
 1, 206, 130
*
  3.7200000E+00, 1.1520000E+01, 1.3000000E+00, 0.0000000E+00
* ELEM  401  circle
 2, 207, 206
*
  4.3700000E+00, 1.0870000E+01, 5.1500000E-01, 0.0000000E+00
* ELEM  402  line segment
 1, 257, 250
*
  6.3200000E+00, 1.0220000E+01, 0.0000000E+00, -1.3000000E+00
* ELEM  403  line segment
 1, 257, 199
*
  5.0200000E+00, 1.0220000E+01, 1.3000000E+00, 0.0000000E+00
* ELEM  404  circle
 2, 258, 257
*
  5.6700000E+00, 9.5700000E+00, 5.1500000E-01, 0.0000000E+00
* ELEM  405  line segment
 1, 1, 308
*
  7.6200000E+00, 7.6200000E+00, 0.0000000E+00, 1.3000000E+00
* ELEM  406  line segment
 1, 308, 250
*
  6.3200000E+00, 8.9200000E+00, 1.3000000E+00, 0.0000000E+00
* ELEM  407  circle
 2, 309, 308
*
  6.9700000E+00, 8.2700000E+00, 5.1500000E-01, 0.0000000E+00
* ELEM  408  line segment
 1, 375, 368
*
  8.9200000E+00, 7.6200000E+00, 0.0000000E+00, -1.3000000E+00
* ELEM  409  line segment
 1, 1, 375
*
  8.9200000E+00, 7.6200000E+00, -1.3000000E+00, 0.0000000E+00
* ELEM  410  circle
 2, 376, 375
*
  8.2700000E+00, 6.9700000E+00, 5.1500000E-01, 0.0000000E+00
* ELEM  411  line segment
 1, 428, 419
*
  1.0220000E+01, 6.3200000E+00, 0.0000000E+00, -1.3000000E+00
* ELEM  412  line segment
 1, 428, 368
*
  8.9200000E+00, 6.3200000E+00, 1.3000000E+00, 0.0000000E+00
* ELEM  413  circle
 2, 429, 428
*
  9.5700000E+00, 5.6700000E+00, 5.1500000E-01, 0.0000000E+00
* ELEM  414  line segment
 1, 481, 472
*
  1.1520000E+01, 5.0200000E+00, 0.0000000E+00, -1.3000000E+00
* ELEM  415  line segment
 1, 481, 419
*
  1.0220000E+01, 5.0200000E+00, 1.3000000E+00, 0.0000000E+00
* ELEM  416  circle
 2, 482, 481
*
  1.0870000E+01, 4.3700000E+00, 5.1500000E-01, 0.0000000E+00
* ELEM  417  line segment
 1, 624, 548
*
  1.1520000E+01, 2.4200000E+00, 1.3000000E+00, 0.0000000E+00
* ELEM  418  line segment
 1, 548, 541
*
  1.2820000E+01, 3.7200000E+00, 0.0000000E+00, -1.3000000E+00
* ELEM  419  line segment
 1, 548, 472
*
  1.1520000E+01, 3.7200000E+00, 1.3000000E+00, 0.0000000E+00
* ELEM  420  circle
 2, 549, 548
*
  1.2170000E+01, 3.0700000E+00, 5.1500000E-01, 0.0000000E+00
* ELEM  421  line segment
 1, 624, 617
*
  1.2820000E+01, 2.4200000E+00, 0.0000000E+00, -1.3000000E+00
* ELEM  422  line segment
 1, 624, 736
*
  1.2820000E+01, 1.1200000E+00, -1.3000000E+00, 0.0000000E+00
* ELEM  423  circle
 2, 625, 624
*
  1.2170000E+01, 1.7700000E+00, 5.1500000E-01, 0.0000000E+00
* ELEM  424  line segment
 1, 63, 760
*
  2.4200000E+00, 1.4120000E+01, 1.3000000E+00, 0.0000000E+00
* ELEM  425  line segment
 1, 63, 56
*
  3.7200000E+00, 1.4120000E+01, 0.0000000E+00, -1.3000000E+00
* ELEM  426  circle
 2, 64, 63
*
  3.0700000E+00, 1.3470000E+01, 5.1500000E-01, 0.0000000E+00
* ELEM  427  line segment
 1, 130, 123
*
  5.0200000E+00, 1.2820000E+01, 0.0000000E+00, -1.3000000E+00
* ELEM  428  line segment
 1, 130, 56
*
  3.7200000E+00, 1.2820000E+01, 1.3000000E+00, 0.0000000E+00
* ELEM  429  circle
 2, 131, 130
*
  4.3700000E+00, 1.2170000E+01, 5.1500000E-01, 0.0000000E+00
* ELEM  430  line segment
 1, 199, 190
*
  6.3200000E+00, 1.1520000E+01, 0.0000000E+00, -1.3000000E+00
* ELEM  431  line segment
 1, 199, 123
*
  5.0200000E+00, 1.1520000E+01, 1.3000000E+00, 0.0000000E+00
* ELEM  432  circle
 2, 200, 199
*
  5.6700000E+00, 1.0870000E+01, 5.1500000E-01, 0.0000000E+00
* ELEM  433  line segment
 1, 1, 250
*
  7.6200000E+00, 8.9200000E+00, 0.0000000E+00, 1.3000000E+00
* ELEM  434  line segment
 1, 250, 190
*
  6.3200000E+00, 1.0220000E+01, 1.3000000E+00, 0.0000000E+00
* ELEM  435  circle
 2, 251, 250
*
  6.9700000E+00, 9.5700000E+00, 5.1500000E-01, 0.0000000E+00
* ELEM  436  line segment
 1, 1, 368
*
  1.0220000E+01, 7.6200000E+00, -1.3000000E+00, 0.0000000E+00
* ELEM  437  line segment
 1, 1, 301
*
  1.0220000E+01, 8.9200000E+00, 0.0000000E+00, -1.3000000E+00
* ELEM  438  line segment
 1, 1, 243
*
  1.0220000E+01, 1.0220000E+01, 0.0000000E+00, -1.3000000E+00
* ELEM  439  line segment
 1, 1, 174
*
  8.9200000E+00, 1.0220000E+01, 1.3000000E+00, 0.0000000E+00
* ELEM  440  line segment
 1, 1, 183
*
  7.6200000E+00, 1.0220000E+01, 1.3000000E+00, 0.0000000E+00
* ELEM  441  circle
 2, 2, 1
*
  8.9200000E+00, 8.9200000E+00, 1.2450000E+00, 0.0000000E+00
* ELEM  442  line segment
 1, 368, 361
*
  1.0220000E+01, 7.6200000E+00, 0.0000000E+00, -1.3000000E+00
* ELEM  443  circle
 2, 369, 368
*
  9.5700000E+00, 6.9700000E+00, 5.1500000E-01, 0.0000000E+00
* ELEM  444  line segment
 1, 419, 412
*
  1.1520000E+01, 6.3200000E+00, 0.0000000E+00, -1.3000000E+00
* ELEM  445  line segment
 1, 419, 361
*
  1.0220000E+01, 6.3200000E+00, 1.3000000E+00, 0.0000000E+00
* ELEM  446  circle
 2, 420, 419
*
  1.0870000E+01, 5.6700000E+00, 5.1500000E-01, 0.0000000E+00
* ELEM  447  line segment
 1, 472, 465
*
  1.2820000E+01, 5.0200000E+00, 0.0000000E+00, -1.3000000E+00
* ELEM  448  line segment
 1, 472, 412
*
  1.1520000E+01, 5.0200000E+00, 1.3000000E+00, 0.0000000E+00
* ELEM  449  circle
 2, 473, 472
*
  1.2170000E+01, 4.3700000E+00, 5.1500000E-01, 0.0000000E+00
* ELEM  450  line segment
 1, 617, 541
*
  1.2820000E+01, 2.4200000E+00, 1.3000000E+00, 0.0000000E+00
* ELEM  451  line segment
 1, 541, 465
*
  1.2820000E+01, 3.7200000E+00, 1.3000000E+00, 0.0000000E+00
* ELEM  452  line segment
 1, 541, 752
*
  1.4120000E+01, 3.7200000E+00, 0.0000000E+00, -1.3000000E+00
* ELEM  453  circle
 2, 542, 541
*
  1.3470000E+01, 3.0700000E+00, 5.1500000E-01, 0.0000000E+00
* ELEM  454  line segment
 1, 617, 805
*
  1.4120000E+01, 2.4200000E+00, 0.0000000E+00, -1.1230856E+00
* ELEM  455  line segment
 1, 617, 808
*
  1.3943086E+01, 1.1200000E+00, -1.1230856E+00, 0.0000000E+00
* ELEM  456  circle
 2, 618, 617
*
  1.3470000E+01, 1.7700000E+00, 5.1500000E-01, 0.0000000E+00
* ELEM  457  line segment
 1, 56, 751
*
  3.7200000E+00, 1.4120000E+01, 1.3000000E+00, 0.0000000E+00
* ELEM  458  line segment
 1, 56, 49
*
  5.0200000E+00, 1.4120000E+01, 0.0000000E+00, -1.3000000E+00
* ELEM  459  circle
 2, 57, 56
*
  4.3700000E+00, 1.3470000E+01, 5.1500000E-01, 0.0000000E+00
* ELEM  460  line segment
 1, 123, 116
*
  6.3200000E+00, 1.2820000E+01, 0.0000000E+00, -1.3000000E+00
* ELEM  461  line segment
 1, 123, 49
*
  5.0200000E+00, 1.2820000E+01, 1.3000000E+00, 0.0000000E+00
* ELEM  462  circle
 2, 124, 123
*
  5.6700000E+00, 1.2170000E+01, 5.1500000E-01, 0.0000000E+00
* ELEM  463  line segment
 1, 190, 183
*
  7.6200000E+00, 1.1520000E+01, 0.0000000E+00, -1.3000000E+00
* ELEM  464  line segment
 1, 190, 116
*
  6.3200000E+00, 1.1520000E+01, 1.3000000E+00, 0.0000000E+00
* ELEM  465  circle
 2, 191, 190
*
  6.9700000E+00, 1.0870000E+01, 5.1500000E-01, 0.0000000E+00
* ELEM  466  line segment
 1, 361, 352
*
  1.1520000E+01, 7.6200000E+00, 0.0000000E+00, -1.3000000E+00
* ELEM  467  line segment
 1, 361, 301
*
  1.0220000E+01, 7.6200000E+00, 1.3000000E+00, 0.0000000E+00
* ELEM  468  circle
 2, 362, 361
*
  1.0870000E+01, 6.9700000E+00, 5.1500000E-01, 0.0000000E+00
* ELEM  469  line segment
 1, 412, 405
*
  1.2820000E+01, 6.3200000E+00, 0.0000000E+00, -1.3000000E+00
* ELEM  470  line segment
 1, 412, 352
*
  1.1520000E+01, 6.3200000E+00, 1.3000000E+00, 0.0000000E+00
* ELEM  471  circle
 2, 413, 412
*
  1.2170000E+01, 5.6700000E+00, 5.1500000E-01, 0.0000000E+00
* ELEM  472  line segment
 1, 465, 405
*
  1.2820000E+01, 5.0200000E+00, 1.3000000E+00, 0.0000000E+00
* ELEM  473  line segment
 1, 465, 753
*
  1.4120000E+01, 5.0200000E+00, 0.0000000E+00, -1.3000000E+00
* ELEM  474  circle
 2, 466, 465
*
  1.3470000E+01, 4.3700000E+00, 5.1500000E-01, 0.0000000E+00
* ELEM  475  line segment
 1, 49, 755
*
  5.0200000E+00, 1.4120000E+01, 1.3000000E+00, 0.0000000E+00
* ELEM  476  line segment
 1, 49, 42
*
  6.3200000E+00, 1.4120000E+01, 0.0000000E+00, -1.3000000E+00
* ELEM  477  circle
 2, 50, 49
*
  5.6700000E+00, 1.3470000E+01, 5.1500000E-01, 0.0000000E+00
* ELEM  478  line segment
 1, 116, 107
*
  7.6200000E+00, 1.2820000E+01, 0.0000000E+00, -1.3000000E+00
* ELEM  479  line segment
 1, 116, 42
*
  6.3200000E+00, 1.2820000E+01, 1.3000000E+00, 0.0000000E+00
* ELEM  480  circle
 2, 117, 116
*
  6.9700000E+00, 1.2170000E+01, 5.1500000E-01, 0.0000000E+00
* ELEM  481  line segment
 1, 183, 174
*
  8.9200000E+00, 1.1520000E+01, 0.0000000E+00, -1.3000000E+00
* ELEM  482  line segment
 1, 183, 107
*
  7.6200000E+00, 1.1520000E+01, 1.3000000E+00, 0.0000000E+00
* ELEM  483  circle
 2, 184, 183
*
  8.2700000E+00, 1.0870000E+01, 5.1500000E-01, 0.0000000E+00
* ELEM  484  line segment
 1, 301, 294
*
  1.1520000E+01, 8.9200000E+00, 0.0000000E+00, -1.3000000E+00
* ELEM  485  line segment
 1, 301, 243
*
  1.0220000E+01, 8.9200000E+00, 1.3000000E+00, 0.0000000E+00
* ELEM  486  circle
 2, 302, 301
*
  1.0870000E+01, 8.2700000E+00, 5.1500000E-01, 0.0000000E+00
* ELEM  487  line segment
 1, 352, 345
*
  1.2820000E+01, 7.6200000E+00, 0.0000000E+00, -1.3000000E+00
* ELEM  488  line segment
 1, 352, 294
*
  1.1520000E+01, 7.6200000E+00, 1.3000000E+00, 0.0000000E+00
* ELEM  489  circle
 2, 353, 352
*
  1.2170000E+01, 6.9700000E+00, 5.1500000E-01, 0.0000000E+00
* ELEM  490  line segment
 1, 405, 345
*
  1.2820000E+01, 6.3200000E+00, 1.3000000E+00, 0.0000000E+00
* ELEM  491  line segment
 1, 405, 758
*
  1.4120000E+01, 6.3200000E+00, 0.0000000E+00, -1.3000000E+00
* ELEM  492  circle
 2, 406, 405
*
  1.3470000E+01, 5.6700000E+00, 5.1500000E-01, 0.0000000E+00
* ELEM  493  line segment
 1, 42, 756
*
  6.3200000E+00, 1.4120000E+01, 1.3000000E+00, 0.0000000E+00
* ELEM  494  line segment
 1, 42, 35
*
  7.6200000E+00, 1.4120000E+01, 0.0000000E+00, -1.3000000E+00
* ELEM  495  circle
 2, 43, 42
*
  6.9700000E+00, 1.3470000E+01, 5.1500000E-01, 0.0000000E+00
* ELEM  496  line segment
 1, 107, 100
*
  8.9200000E+00, 1.2820000E+01, 0.0000000E+00, -1.3000000E+00
* ELEM  497  line segment
 1, 107, 35
*
  7.6200000E+00, 1.2820000E+01, 1.3000000E+00, 0.0000000E+00
* ELEM  498  circle
 2, 108, 107
*
  8.2700000E+00, 1.2170000E+01, 5.1500000E-01, 0.0000000E+00
* ELEM  499  line segment
 1, 174, 167
*
  1.0220000E+01, 1.1520000E+01, 0.0000000E+00, -1.3000000E+00
* ELEM  500  line segment
 1, 174, 100
*
  8.9200000E+00, 1.1520000E+01, 1.3000000E+00, 0.0000000E+00
* ELEM  501  circle
 2, 175, 174
*
  9.5700000E+00, 1.0870000E+01, 5.1500000E-01, 0.0000000E+00
* ELEM  502  line segment
 1, 243, 236
*
  1.1520000E+01, 1.0220000E+01, 0.0000000E+00, -1.3000000E+00
* ELEM  503  line segment
 1, 243, 167
*
  1.0220000E+01, 1.0220000E+01, 1.3000000E+00, 0.0000000E+00
* ELEM  504  circle
 2, 244, 243
*
  1.0870000E+01, 9.5700000E+00, 5.1500000E-01, 0.0000000E+00
* ELEM  505  line segment
 1, 294, 287
*
  1.2820000E+01, 8.9200000E+00, 0.0000000E+00, -1.3000000E+00
* ELEM  506  line segment
 1, 294, 236
*
  1.1520000E+01, 8.9200000E+00, 1.3000000E+00, 0.0000000E+00
* ELEM  507  circle
 2, 295, 294
*
  1.2170000E+01, 8.2700000E+00, 5.1500000E-01, 0.0000000E+00
* ELEM  508  line segment
 1, 345, 287
*
  1.2820000E+01, 7.6200000E+00, 1.3000000E+00, 0.0000000E+00
* ELEM  509  line segment
 1, 345, 759
*
  1.4120000E+01, 7.6200000E+00, 0.0000000E+00, -1.3000000E+00
* ELEM  510  circle
 2, 346, 345
*
  1.3470000E+01, 6.9700000E+00, 5.1500000E-01, 0.0000000E+00
* ELEM  511  line segment
 1, 35, 744
*
  7.6200000E+00, 1.4120000E+01, 1.3000000E+00, 0.0000000E+00
* ELEM  512  line segment
 1, 35, 28
*
  8.9200000E+00, 1.4120000E+01, 0.0000000E+00, -1.3000000E+00
* ELEM  513  circle
 2, 36, 35
*
  8.2700000E+00, 1.3470000E+01, 5.1500000E-01, 0.0000000E+00
* ELEM  514  line segment
 1, 100, 91
*
  1.0220000E+01, 1.2820000E+01, 0.0000000E+00, -1.3000000E+00
* ELEM  515  line segment
 1, 100, 28
*
  8.9200000E+00, 1.2820000E+01, 1.3000000E+00, 0.0000000E+00
* ELEM  516  circle
 2, 101, 100
*
  9.5700000E+00, 1.2170000E+01, 5.1500000E-01, 0.0000000E+00
* ELEM  517  line segment
 1, 167, 158
*
  1.1520000E+01, 1.1520000E+01, 0.0000000E+00, -1.3000000E+00
* ELEM  518  line segment
 1, 167, 91
*
  1.0220000E+01, 1.1520000E+01, 1.3000000E+00, 0.0000000E+00
* ELEM  519  circle
 2, 168, 167
*
  1.0870000E+01, 1.0870000E+01, 5.1500000E-01, 0.0000000E+00
* ELEM  520  line segment
 1, 236, 229
*
  1.2820000E+01, 1.0220000E+01, 0.0000000E+00, -1.3000000E+00
* ELEM  521  line segment
 1, 236, 158
*
  1.1520000E+01, 1.0220000E+01, 1.3000000E+00, 0.0000000E+00
* ELEM  522  circle
 2, 237, 236
*
  1.2170000E+01, 9.5700000E+00, 5.1500000E-01, 0.0000000E+00
* ELEM  523  line segment
 1, 287, 229
*
  1.2820000E+01, 8.9200000E+00, 1.3000000E+00, 0.0000000E+00
* ELEM  524  line segment
 1, 287, 747
*
  1.4120000E+01, 8.9200000E+00, 0.0000000E+00, -1.3000000E+00
* ELEM  525  circle
 2, 288, 287
*
  1.3470000E+01, 8.2700000E+00, 5.1500000E-01, 0.0000000E+00
* ELEM  526  line segment
 1, 28, 761
*
  8.9200000E+00, 1.4120000E+01, 1.3000000E+00, 0.0000000E+00
* ELEM  527  line segment
 1, 28, 21
*
  1.0220000E+01, 1.4120000E+01, 0.0000000E+00, -1.3000000E+00
* ELEM  528  circle
 2, 29, 28
*
  9.5700000E+00, 1.3470000E+01, 5.1500000E-01, 0.0000000E+00
* ELEM  529  line segment
 1, 91, 84
*
  1.1520000E+01, 1.2820000E+01, 0.0000000E+00, -1.3000000E+00
* ELEM  530  line segment
 1, 91, 21
*
  1.0220000E+01, 1.2820000E+01, 1.3000000E+00, 0.0000000E+00
* ELEM  531  circle
 2, 92, 91
*
  1.0870000E+01, 1.2170000E+01, 5.1500000E-01, 0.0000000E+00
* ELEM  532  line segment
 1, 158, 151
*
  1.2820000E+01, 1.1520000E+01, 0.0000000E+00, -1.3000000E+00
* ELEM  533  line segment
 1, 158, 84
*
  1.1520000E+01, 1.1520000E+01, 1.3000000E+00, 0.0000000E+00
* ELEM  534  circle
 2, 159, 158
*
  1.2170000E+01, 1.0870000E+01, 5.1500000E-01, 0.0000000E+00
* ELEM  535  line segment
 1, 229, 151
*
  1.2820000E+01, 1.0220000E+01, 1.3000000E+00, 0.0000000E+00
* ELEM  536  line segment
 1, 229, 762
*
  1.4120000E+01, 1.0220000E+01, 0.0000000E+00, -1.3000000E+00
* ELEM  537  circle
 2, 230, 229
*
  1.3470000E+01, 9.5700000E+00, 5.1500000E-01, 0.0000000E+00
* ELEM  538  line segment
 1, 21, 745
*
  1.0220000E+01, 1.4120000E+01, 1.3000000E+00, 0.0000000E+00
* ELEM  539  line segment
 1, 21, 14
*
  1.1520000E+01, 1.4120000E+01, 0.0000000E+00, -1.3000000E+00
* ELEM  540  circle
 2, 22, 21
*
  1.0870000E+01, 1.3470000E+01, 5.1500000E-01, 0.0000000E+00
* ELEM  541  line segment
 1, 84, 77
*
  1.2820000E+01, 1.2820000E+01, 0.0000000E+00, -1.3000000E+00
* ELEM  542  line segment
 1, 84, 14
*
  1.1520000E+01, 1.2820000E+01, 1.3000000E+00, 0.0000000E+00
* ELEM  543  circle
 2, 85, 84
*
  1.2170000E+01, 1.2170000E+01, 5.1500000E-01, 0.0000000E+00
* ELEM  544  line segment
 1, 151, 77
*
  1.2820000E+01, 1.1520000E+01, 1.3000000E+00, 0.0000000E+00
* ELEM  545  line segment
 1, 151, 748
*
  1.4120000E+01, 1.1520000E+01, 0.0000000E+00, -1.3000000E+00
* ELEM  546  circle
 2, 152, 151
*
  1.3470000E+01, 1.0870000E+01, 5.1500000E-01, 0.0000000E+00
* ELEM  547  line segment
 1, 14, 746
*
  1.1520000E+01, 1.4120000E+01, 1.3000000E+00, 0.0000000E+00
* ELEM  548  line segment
 1, 14, 7
*
  1.2820000E+01, 1.4120000E+01, 0.0000000E+00, -1.3000000E+00
* ELEM  549  circle
 2, 15, 14
*
  1.2170000E+01, 1.3470000E+01, 5.1500000E-01, 0.0000000E+00
* ELEM  550  line segment
 1, 77, 7
*
  1.2820000E+01, 1.2820000E+01, 1.3000000E+00, 0.0000000E+00
* ELEM  551  line segment
 1, 77, 749
*
  1.4120000E+01, 1.2820000E+01, 0.0000000E+00, -1.3000000E+00
* ELEM  552  circle
 2, 78, 77
*
  1.3470000E+01, 1.2170000E+01, 5.1500000E-01, 0.0000000E+00
* ELEM  553  line segment
 1, 7, 810
*
  1.2820000E+01, 1.4120000E+01, 1.1230856E+00, 0.0000000E+00
* ELEM  554  line segment
 1, 7, 809
*
  1.4120000E+01, 1.3943086E+01, 0.0000000E+00, -1.1230856E+00
* ELEM  555  circle
 2, 8, 7
*
  1.3470000E+01, 1.3470000E+01, 5.1500000E-01, 0.0000000E+00
* ELEM  556  circle
 2, 3, 2
*
  8.9200000E+00, 8.9200000E+00, 1.1700000E+00, 0.0000000E+00
* ELEM  557  circle
 2, 6, 5
*
  6.3200000E+00, 6.3200000E+00, 1.1700000E+00, 0.0000000E+00
* ELEM  558  circle
 2, 9, 8
*
  1.3470000E+01, 1.3470000E+01, 4.4700000E-01, 0.0000000E+00
* ELEM  559  circle
 2, 10, 9
*
  1.3470000E+01, 1.3470000E+01, 4.3800000E-01, 0.0000000E+00
* ELEM  560  circle
 2, 11, 10
*
  1.3470000E+01, 1.3470000E+01, 4.2690959E-01, 0.0000000E+00
* ELEM  561  circle
 2, 12, 11
*
  1.3470000E+01, 1.3470000E+01, 3.9175911E-01, 0.0000000E+00
* ELEM  562  circle
 2, 13, 12
*
  1.3470000E+01, 1.3470000E+01, 3.0971277E-01, 0.0000000E+00
* ELEM  563  circle
 2, 16, 15
*
  1.2170000E+01, 1.3470000E+01, 4.4700000E-01, 0.0000000E+00
* ELEM  564  circle
 2, 17, 16
*
  1.2170000E+01, 1.3470000E+01, 4.3800000E-01, 0.0000000E+00
* ELEM  565  circle
 2, 18, 17
*
  1.2170000E+01, 1.3470000E+01, 4.2690959E-01, 0.0000000E+00
* ELEM  566  circle
 2, 19, 18
*
  1.2170000E+01, 1.3470000E+01, 3.9175911E-01, 0.0000000E+00
* ELEM  567  circle
 2, 20, 19
*
  1.2170000E+01, 1.3470000E+01, 3.0971277E-01, 0.0000000E+00
* ELEM  568  circle
 2, 23, 22
*
  1.0870000E+01, 1.3470000E+01, 4.4700000E-01, 0.0000000E+00
* ELEM  569  circle
 2, 24, 23
*
  1.0870000E+01, 1.3470000E+01, 4.3800000E-01, 0.0000000E+00
* ELEM  570  circle
 2, 25, 24
*
  1.0870000E+01, 1.3470000E+01, 4.2690959E-01, 0.0000000E+00
* ELEM  571  circle
 2, 26, 25
*
  1.0870000E+01, 1.3470000E+01, 3.9175911E-01, 0.0000000E+00
* ELEM  572  circle
 2, 27, 26
*
  1.0870000E+01, 1.3470000E+01, 3.0971277E-01, 0.0000000E+00
* ELEM  573  circle
 2, 30, 29
*
  9.5700000E+00, 1.3470000E+01, 4.4700000E-01, 0.0000000E+00
* ELEM  574  circle
 2, 31, 30
*
  9.5700000E+00, 1.3470000E+01, 4.3800000E-01, 0.0000000E+00
* ELEM  575  circle
 2, 32, 31
*
  9.5700000E+00, 1.3470000E+01, 4.2690959E-01, 0.0000000E+00
* ELEM  576  circle
 2, 33, 32
*
  9.5700000E+00, 1.3470000E+01, 3.9175911E-01, 0.0000000E+00
* ELEM  577  circle
 2, 34, 33
*
  9.5700000E+00, 1.3470000E+01, 3.0971277E-01, 0.0000000E+00
* ELEM  578  circle
 2, 37, 36
*
  8.2700000E+00, 1.3470000E+01, 4.4700000E-01, 0.0000000E+00
* ELEM  579  circle
 2, 38, 37
*
  8.2700000E+00, 1.3470000E+01, 4.3800000E-01, 0.0000000E+00
* ELEM  580  circle
 2, 39, 38
*
  8.2700000E+00, 1.3470000E+01, 4.2690959E-01, 0.0000000E+00
* ELEM  581  circle
 2, 40, 39
*
  8.2700000E+00, 1.3470000E+01, 3.9175911E-01, 0.0000000E+00
* ELEM  582  circle
 2, 41, 40
*
  8.2700000E+00, 1.3470000E+01, 3.0971277E-01, 0.0000000E+00
* ELEM  583  circle
 2, 44, 43
*
  6.9700000E+00, 1.3470000E+01, 4.4700000E-01, 0.0000000E+00
* ELEM  584  circle
 2, 45, 44
*
  6.9700000E+00, 1.3470000E+01, 4.3800000E-01, 0.0000000E+00
* ELEM  585  circle
 2, 46, 45
*
  6.9700000E+00, 1.3470000E+01, 4.2690959E-01, 0.0000000E+00
* ELEM  586  circle
 2, 47, 46
*
  6.9700000E+00, 1.3470000E+01, 3.9175911E-01, 0.0000000E+00
* ELEM  587  circle
 2, 48, 47
*
  6.9700000E+00, 1.3470000E+01, 3.0971277E-01, 0.0000000E+00
* ELEM  588  circle
 2, 51, 50
*
  5.6700000E+00, 1.3470000E+01, 4.4700000E-01, 0.0000000E+00
* ELEM  589  circle
 2, 52, 51
*
  5.6700000E+00, 1.3470000E+01, 4.3800000E-01, 0.0000000E+00
* ELEM  590  circle
 2, 53, 52
*
  5.6700000E+00, 1.3470000E+01, 4.2690959E-01, 0.0000000E+00
* ELEM  591  circle
 2, 54, 53
*
  5.6700000E+00, 1.3470000E+01, 3.9175911E-01, 0.0000000E+00
* ELEM  592  circle
 2, 55, 54
*
  5.6700000E+00, 1.3470000E+01, 3.0971277E-01, 0.0000000E+00
* ELEM  593  circle
 2, 58, 57
*
  4.3700000E+00, 1.3470000E+01, 4.4700000E-01, 0.0000000E+00
* ELEM  594  circle
 2, 59, 58
*
  4.3700000E+00, 1.3470000E+01, 4.3800000E-01, 0.0000000E+00
* ELEM  595  circle
 2, 60, 59
*
  4.3700000E+00, 1.3470000E+01, 4.2690959E-01, 0.0000000E+00
* ELEM  596  circle
 2, 61, 60
*
  4.3700000E+00, 1.3470000E+01, 3.9175911E-01, 0.0000000E+00
* ELEM  597  circle
 2, 62, 61
*
  4.3700000E+00, 1.3470000E+01, 3.0971277E-01, 0.0000000E+00
* ELEM  598  circle
 2, 65, 64
*
  3.0700000E+00, 1.3470000E+01, 4.4700000E-01, 0.0000000E+00
* ELEM  599  circle
 2, 66, 65
*
  3.0700000E+00, 1.3470000E+01, 4.3800000E-01, 0.0000000E+00
* ELEM  600  circle
 2, 67, 66
*
  3.0700000E+00, 1.3470000E+01, 4.2690959E-01, 0.0000000E+00
* ELEM  601  circle
 2, 68, 67
*
  3.0700000E+00, 1.3470000E+01, 3.9175911E-01, 0.0000000E+00
* ELEM  602  circle
 2, 69, 68
*
  3.0700000E+00, 1.3470000E+01, 3.0971277E-01, 0.0000000E+00
* ELEM  603  circle
 2, 72, 71
*
  1.7700000E+00, 1.3470000E+01, 4.4700000E-01, 0.0000000E+00
* ELEM  604  circle
 2, 73, 72
*
  1.7700000E+00, 1.3470000E+01, 4.3800000E-01, 0.0000000E+00
* ELEM  605  circle
 2, 74, 73
*
  1.7700000E+00, 1.3470000E+01, 4.2690959E-01, 0.0000000E+00
* ELEM  606  circle
 2, 75, 74
*
  1.7700000E+00, 1.3470000E+01, 3.9175911E-01, 0.0000000E+00
* ELEM  607  circle
 2, 76, 75
*
  1.7700000E+00, 1.3470000E+01, 3.0971277E-01, 0.0000000E+00
* ELEM  608  circle
 2, 79, 78
*
  1.3470000E+01, 1.2170000E+01, 4.4700000E-01, 0.0000000E+00
* ELEM  609  circle
 2, 80, 79
*
  1.3470000E+01, 1.2170000E+01, 4.3800000E-01, 0.0000000E+00
* ELEM  610  circle
 2, 81, 80
*
  1.3470000E+01, 1.2170000E+01, 4.2690959E-01, 0.0000000E+00
* ELEM  611  circle
 2, 82, 81
*
  1.3470000E+01, 1.2170000E+01, 3.9175911E-01, 0.0000000E+00
* ELEM  612  circle
 2, 83, 82
*
  1.3470000E+01, 1.2170000E+01, 3.0971277E-01, 0.0000000E+00
* ELEM  613  circle
 2, 86, 85
*
  1.2170000E+01, 1.2170000E+01, 4.4700000E-01, 0.0000000E+00
* ELEM  614  circle
 2, 87, 86
*
  1.2170000E+01, 1.2170000E+01, 4.3800000E-01, 0.0000000E+00
* ELEM  615  circle
 2, 88, 87
*
  1.2170000E+01, 1.2170000E+01, 4.2690959E-01, 0.0000000E+00
* ELEM  616  circle
 2, 89, 88
*
  1.2170000E+01, 1.2170000E+01, 3.9175911E-01, 0.0000000E+00
* ELEM  617  circle
 2, 90, 89
*
  1.2170000E+01, 1.2170000E+01, 3.0971277E-01, 0.0000000E+00
* ELEM  618  circle
 2, 93, 92
*
  1.0870000E+01, 1.2170000E+01, 4.4700000E-01, 0.0000000E+00
* ELEM  619  circle
 2, 94, 93
*
  1.0870000E+01, 1.2170000E+01, 4.3800000E-01, 0.0000000E+00
* ELEM  620  circle
 2, 95, 94
*
  1.0870000E+01, 1.2170000E+01, 4.2690959E-01, 0.0000000E+00
* ELEM  621  circle
 2, 96, 95
*
  1.0870000E+01, 1.2170000E+01, 3.9175911E-01, 0.0000000E+00
* ELEM  622  circle
 2, 97, 96
*
  1.0870000E+01, 1.2170000E+01, 3.3927334E-01, 0.0000000E+00
* ELEM  623  circle
 2, 98, 97
*
  1.0870000E+01, 1.2170000E+01, 2.7701552E-01, 0.0000000E+00
* ELEM  624  circle
 2, 99, 98
*
  1.0870000E+01, 1.2170000E+01, 1.9587955E-01, 0.0000000E+00
* ELEM  625  circle
 2, 102, 101
*
  9.5700000E+00, 1.2170000E+01, 4.4700000E-01, 0.0000000E+00
* ELEM  626  circle
 2, 103, 102
*
  9.5700000E+00, 1.2170000E+01, 4.3800000E-01, 0.0000000E+00
* ELEM  627  circle
 2, 104, 103
*
  9.5700000E+00, 1.2170000E+01, 4.2690959E-01, 0.0000000E+00
* ELEM  628  circle
 2, 105, 104
*
  9.5700000E+00, 1.2170000E+01, 3.9175911E-01, 0.0000000E+00
* ELEM  629  circle
 2, 106, 105
*
  9.5700000E+00, 1.2170000E+01, 3.0971277E-01, 0.0000000E+00
* ELEM  630  circle
 2, 109, 108
*
  8.2700000E+00, 1.2170000E+01, 4.4700000E-01, 0.0000000E+00
* ELEM  631  circle
 2, 110, 109
*
  8.2700000E+00, 1.2170000E+01, 4.3800000E-01, 0.0000000E+00
* ELEM  632  circle
 2, 111, 110
*
  8.2700000E+00, 1.2170000E+01, 4.2690959E-01, 0.0000000E+00
* ELEM  633  circle
 2, 112, 111
*
  8.2700000E+00, 1.2170000E+01, 3.9175911E-01, 0.0000000E+00
* ELEM  634  circle
 2, 113, 112
*
  8.2700000E+00, 1.2170000E+01, 3.3927334E-01, 0.0000000E+00
* ELEM  635  circle
 2, 114, 113
*
  8.2700000E+00, 1.2170000E+01, 2.7701552E-01, 0.0000000E+00
* ELEM  636  circle
 2, 115, 114
*
  8.2700000E+00, 1.2170000E+01, 1.9587955E-01, 0.0000000E+00
* ELEM  637  circle
 2, 118, 117
*
  6.9700000E+00, 1.2170000E+01, 4.4700000E-01, 0.0000000E+00
* ELEM  638  circle
 2, 119, 118
*
  6.9700000E+00, 1.2170000E+01, 4.3800000E-01, 0.0000000E+00
* ELEM  639  circle
 2, 120, 119
*
  6.9700000E+00, 1.2170000E+01, 4.2690959E-01, 0.0000000E+00
* ELEM  640  circle
 2, 121, 120
*
  6.9700000E+00, 1.2170000E+01, 3.9175911E-01, 0.0000000E+00
* ELEM  641  circle
 2, 122, 121
*
  6.9700000E+00, 1.2170000E+01, 3.0971277E-01, 0.0000000E+00
* ELEM  642  circle
 2, 125, 124
*
  5.6700000E+00, 1.2170000E+01, 4.4700000E-01, 0.0000000E+00
* ELEM  643  circle
 2, 126, 125
*
  5.6700000E+00, 1.2170000E+01, 4.3800000E-01, 0.0000000E+00
* ELEM  644  circle
 2, 127, 126
*
  5.6700000E+00, 1.2170000E+01, 4.2690959E-01, 0.0000000E+00
* ELEM  645  circle
 2, 128, 127
*
  5.6700000E+00, 1.2170000E+01, 3.9175911E-01, 0.0000000E+00
* ELEM  646  circle
 2, 129, 128
*
  5.6700000E+00, 1.2170000E+01, 3.0971277E-01, 0.0000000E+00
* ELEM  647  circle
 2, 132, 131
*
  4.3700000E+00, 1.2170000E+01, 4.4700000E-01, 0.0000000E+00
* ELEM  648  circle
 2, 133, 132
*
  4.3700000E+00, 1.2170000E+01, 4.3800000E-01, 0.0000000E+00
* ELEM  649  circle
 2, 134, 133
*
  4.3700000E+00, 1.2170000E+01, 4.2690959E-01, 0.0000000E+00
* ELEM  650  circle
 2, 135, 134
*
  4.3700000E+00, 1.2170000E+01, 3.9175911E-01, 0.0000000E+00
* ELEM  651  circle
 2, 136, 135
*
  4.3700000E+00, 1.2170000E+01, 3.0971277E-01, 0.0000000E+00
* ELEM  652  circle
 2, 139, 138
*
  3.0700000E+00, 1.2170000E+01, 4.4700000E-01, 0.0000000E+00
* ELEM  653  circle
 2, 140, 139
*
  3.0700000E+00, 1.2170000E+01, 4.3800000E-01, 0.0000000E+00
* ELEM  654  circle
 2, 141, 140
*
  3.0700000E+00, 1.2170000E+01, 4.2690959E-01, 0.0000000E+00
* ELEM  655  circle
 2, 142, 141
*
  3.0700000E+00, 1.2170000E+01, 3.9175911E-01, 0.0000000E+00
* ELEM  656  circle
 2, 143, 142
*
  3.0700000E+00, 1.2170000E+01, 3.0971277E-01, 0.0000000E+00
* ELEM  657  circle
 2, 146, 145
*
  1.7700000E+00, 1.2170000E+01, 4.4700000E-01, 0.0000000E+00
* ELEM  658  circle
 2, 147, 146
*
  1.7700000E+00, 1.2170000E+01, 4.3800000E-01, 0.0000000E+00
* ELEM  659  circle
 2, 148, 147
*
  1.7700000E+00, 1.2170000E+01, 4.2690959E-01, 0.0000000E+00
* ELEM  660  circle
 2, 149, 148
*
  1.7700000E+00, 1.2170000E+01, 3.9175911E-01, 0.0000000E+00
* ELEM  661  circle
 2, 150, 149
*
  1.7700000E+00, 1.2170000E+01, 3.0971277E-01, 0.0000000E+00
* ELEM  662  circle
 2, 153, 152
*
  1.3470000E+01, 1.0870000E+01, 4.4700000E-01, 0.0000000E+00
* ELEM  663  circle
 2, 154, 153
*
  1.3470000E+01, 1.0870000E+01, 4.3800000E-01, 0.0000000E+00
* ELEM  664  circle
 2, 155, 154
*
  1.3470000E+01, 1.0870000E+01, 4.2690959E-01, 0.0000000E+00
* ELEM  665  circle
 2, 156, 155
*
  1.3470000E+01, 1.0870000E+01, 3.9175911E-01, 0.0000000E+00
* ELEM  666  circle
 2, 157, 156
*
  1.3470000E+01, 1.0870000E+01, 3.0971277E-01, 0.0000000E+00
* ELEM  667  circle
 2, 160, 159
*
  1.2170000E+01, 1.0870000E+01, 4.4700000E-01, 0.0000000E+00
* ELEM  668  circle
 2, 161, 160
*
  1.2170000E+01, 1.0870000E+01, 4.3800000E-01, 0.0000000E+00
* ELEM  669  circle
 2, 162, 161
*
  1.2170000E+01, 1.0870000E+01, 4.2690959E-01, 0.0000000E+00
* ELEM  670  circle
 2, 163, 162
*
  1.2170000E+01, 1.0870000E+01, 3.9175911E-01, 0.0000000E+00
* ELEM  671  circle
 2, 164, 163
*
  1.2170000E+01, 1.0870000E+01, 3.3927334E-01, 0.0000000E+00
* ELEM  672  circle
 2, 165, 164
*
  1.2170000E+01, 1.0870000E+01, 2.7701552E-01, 0.0000000E+00
* ELEM  673  circle
 2, 166, 165
*
  1.2170000E+01, 1.0870000E+01, 1.9587955E-01, 0.0000000E+00
* ELEM  674  circle
 2, 169, 168
*
  1.0870000E+01, 1.0870000E+01, 4.4700000E-01, 0.0000000E+00
* ELEM  675  circle
 2, 170, 169
*
  1.0870000E+01, 1.0870000E+01, 4.3800000E-01, 0.0000000E+00
* ELEM  676  circle
 2, 171, 170
*
  1.0870000E+01, 1.0870000E+01, 4.2690959E-01, 0.0000000E+00
* ELEM  677  circle
 2, 172, 171
*
  1.0870000E+01, 1.0870000E+01, 3.9175911E-01, 0.0000000E+00
* ELEM  678  circle
 2, 173, 172
*
  1.0870000E+01, 1.0870000E+01, 3.0971277E-01, 0.0000000E+00
* ELEM  679  circle
 2, 176, 175
*
  9.5700000E+00, 1.0870000E+01, 4.4700000E-01, 0.0000000E+00
* ELEM  680  circle
 2, 177, 176
*
  9.5700000E+00, 1.0870000E+01, 4.3800000E-01, 0.0000000E+00
* ELEM  681  circle
 2, 178, 177
*
  9.5700000E+00, 1.0870000E+01, 4.2690959E-01, 0.0000000E+00
* ELEM  682  circle
 2, 179, 178
*
  9.5700000E+00, 1.0870000E+01, 3.9175911E-01, 0.0000000E+00
* ELEM  683  circle
 2, 180, 179
*
  9.5700000E+00, 1.0870000E+01, 3.3927334E-01, 0.0000000E+00
* ELEM  684  circle
 2, 181, 180
*
  9.5700000E+00, 1.0870000E+01, 2.7701552E-01, 0.0000000E+00
* ELEM  685  circle
 2, 182, 181
*
  9.5700000E+00, 1.0870000E+01, 1.9587955E-01, 0.0000000E+00
* ELEM  686  circle
 2, 185, 184
*
  8.2700000E+00, 1.0870000E+01, 4.4700000E-01, 0.0000000E+00
* ELEM  687  circle
 2, 186, 185
*
  8.2700000E+00, 1.0870000E+01, 4.3800000E-01, 0.0000000E+00
* ELEM  688  circle
 2, 187, 186
*
  8.2700000E+00, 1.0870000E+01, 4.2690959E-01, 0.0000000E+00
* ELEM  689  circle
 2, 188, 187
*
  8.2700000E+00, 1.0870000E+01, 3.9175911E-01, 0.0000000E+00
* ELEM  690  circle
 2, 189, 188
*
  8.2700000E+00, 1.0870000E+01, 3.0971277E-01, 0.0000000E+00
* ELEM  691  circle
 2, 192, 191
*
  6.9700000E+00, 1.0870000E+01, 4.4700000E-01, 0.0000000E+00
* ELEM  692  circle
 2, 193, 192
*
  6.9700000E+00, 1.0870000E+01, 4.3800000E-01, 0.0000000E+00
* ELEM  693  circle
 2, 194, 193
*
  6.9700000E+00, 1.0870000E+01, 4.2690959E-01, 0.0000000E+00
* ELEM  694  circle
 2, 195, 194
*
  6.9700000E+00, 1.0870000E+01, 3.9175911E-01, 0.0000000E+00
* ELEM  695  circle
 2, 196, 195
*
  6.9700000E+00, 1.0870000E+01, 3.3927334E-01, 0.0000000E+00
* ELEM  696  circle
 2, 197, 196
*
  6.9700000E+00, 1.0870000E+01, 2.7701552E-01, 0.0000000E+00
* ELEM  697  circle
 2, 198, 197
*
  6.9700000E+00, 1.0870000E+01, 1.9587955E-01, 0.0000000E+00
* ELEM  698  circle
 2, 201, 200
*
  5.6700000E+00, 1.0870000E+01, 4.4700000E-01, 0.0000000E+00
* ELEM  699  circle
 2, 202, 201
*
  5.6700000E+00, 1.0870000E+01, 4.3800000E-01, 0.0000000E+00
* ELEM  700  circle
 2, 203, 202
*
  5.6700000E+00, 1.0870000E+01, 4.2690959E-01, 0.0000000E+00
* ELEM  701  circle
 2, 204, 203
*
  5.6700000E+00, 1.0870000E+01, 3.9175911E-01, 0.0000000E+00
* ELEM  702  circle
 2, 205, 204
*
  5.6700000E+00, 1.0870000E+01, 3.0971277E-01, 0.0000000E+00
* ELEM  703  circle
 2, 208, 207
*
  4.3700000E+00, 1.0870000E+01, 4.4700000E-01, 0.0000000E+00
* ELEM  704  circle
 2, 209, 208
*
  4.3700000E+00, 1.0870000E+01, 4.3800000E-01, 0.0000000E+00
* ELEM  705  circle
 2, 210, 209
*
  4.3700000E+00, 1.0870000E+01, 4.2690959E-01, 0.0000000E+00
* ELEM  706  circle
 2, 211, 210
*
  4.3700000E+00, 1.0870000E+01, 3.9175911E-01, 0.0000000E+00
* ELEM  707  circle
 2, 212, 211
*
  4.3700000E+00, 1.0870000E+01, 3.3927334E-01, 0.0000000E+00
* ELEM  708  circle
 2, 213, 212
*
  4.3700000E+00, 1.0870000E+01, 2.7701552E-01, 0.0000000E+00
* ELEM  709  circle
 2, 214, 213
*
  4.3700000E+00, 1.0870000E+01, 1.9587955E-01, 0.0000000E+00
* ELEM  710  circle
 2, 217, 216
*
  3.0700000E+00, 1.0870000E+01, 4.4700000E-01, 0.0000000E+00
* ELEM  711  circle
 2, 218, 217
*
  3.0700000E+00, 1.0870000E+01, 4.3800000E-01, 0.0000000E+00
* ELEM  712  circle
 2, 219, 218
*
  3.0700000E+00, 1.0870000E+01, 4.2690959E-01, 0.0000000E+00
* ELEM  713  circle
 2, 220, 219
*
  3.0700000E+00, 1.0870000E+01, 3.9175911E-01, 0.0000000E+00
* ELEM  714  circle
 2, 221, 220
*
  3.0700000E+00, 1.0870000E+01, 3.0971277E-01, 0.0000000E+00
* ELEM  715  circle
 2, 224, 223
*
  1.7700000E+00, 1.0870000E+01, 4.4700000E-01, 0.0000000E+00
* ELEM  716  circle
 2, 225, 224
*
  1.7700000E+00, 1.0870000E+01, 4.3800000E-01, 0.0000000E+00
* ELEM  717  circle
 2, 226, 225
*
  1.7700000E+00, 1.0870000E+01, 4.2690959E-01, 0.0000000E+00
* ELEM  718  circle
 2, 227, 226
*
  1.7700000E+00, 1.0870000E+01, 3.9175911E-01, 0.0000000E+00
* ELEM  719  circle
 2, 228, 227
*
  1.7700000E+00, 1.0870000E+01, 3.0971277E-01, 0.0000000E+00
* ELEM  720  circle
 2, 231, 230
*
  1.3470000E+01, 9.5700000E+00, 4.4700000E-01, 0.0000000E+00
* ELEM  721  circle
 2, 232, 231
*
  1.3470000E+01, 9.5700000E+00, 4.3800000E-01, 0.0000000E+00
* ELEM  722  circle
 2, 233, 232
*
  1.3470000E+01, 9.5700000E+00, 4.2690959E-01, 0.0000000E+00
* ELEM  723  circle
 2, 234, 233
*
  1.3470000E+01, 9.5700000E+00, 3.9175911E-01, 0.0000000E+00
* ELEM  724  circle
 2, 235, 234
*
  1.3470000E+01, 9.5700000E+00, 3.0971277E-01, 0.0000000E+00
* ELEM  725  circle
 2, 238, 237
*
  1.2170000E+01, 9.5700000E+00, 4.4700000E-01, 0.0000000E+00
* ELEM  726  circle
 2, 239, 238
*
  1.2170000E+01, 9.5700000E+00, 4.3800000E-01, 0.0000000E+00
* ELEM  727  circle
 2, 240, 239
*
  1.2170000E+01, 9.5700000E+00, 4.2690959E-01, 0.0000000E+00
* ELEM  728  circle
 2, 241, 240
*
  1.2170000E+01, 9.5700000E+00, 3.9175911E-01, 0.0000000E+00
* ELEM  729  circle
 2, 242, 241
*
  1.2170000E+01, 9.5700000E+00, 3.0971277E-01, 0.0000000E+00
* ELEM  730  circle
 2, 245, 244
*
  1.0870000E+01, 9.5700000E+00, 4.4700000E-01, 0.0000000E+00
* ELEM  731  circle
 2, 246, 245
*
  1.0870000E+01, 9.5700000E+00, 4.3800000E-01, 0.0000000E+00
* ELEM  732  circle
 2, 247, 246
*
  1.0870000E+01, 9.5700000E+00, 4.2690959E-01, 0.0000000E+00
* ELEM  733  circle
 2, 248, 247
*
  1.0870000E+01, 9.5700000E+00, 3.9175911E-01, 0.0000000E+00
* ELEM  734  circle
 2, 249, 248
*
  1.0870000E+01, 9.5700000E+00, 3.0971277E-01, 0.0000000E+00
* ELEM  735  circle
 2, 252, 251
*
  6.9700000E+00, 9.5700000E+00, 4.4700000E-01, 0.0000000E+00
* ELEM  736  circle
 2, 253, 252
*
  6.9700000E+00, 9.5700000E+00, 4.3800000E-01, 0.0000000E+00
* ELEM  737  circle
 2, 254, 253
*
  6.9700000E+00, 9.5700000E+00, 4.2690959E-01, 0.0000000E+00
* ELEM  738  circle
 2, 255, 254
*
  6.9700000E+00, 9.5700000E+00, 3.9175911E-01, 0.0000000E+00
* ELEM  739  circle
 2, 256, 255
*
  6.9700000E+00, 9.5700000E+00, 3.0971277E-01, 0.0000000E+00
* ELEM  740  circle
 2, 259, 258
*
  5.6700000E+00, 9.5700000E+00, 4.4700000E-01, 0.0000000E+00
* ELEM  741  circle
 2, 260, 259
*
  5.6700000E+00, 9.5700000E+00, 4.3800000E-01, 0.0000000E+00
* ELEM  742  circle
 2, 261, 260
*
  5.6700000E+00, 9.5700000E+00, 4.2690959E-01, 0.0000000E+00
* ELEM  743  circle
 2, 262, 261
*
  5.6700000E+00, 9.5700000E+00, 3.9175911E-01, 0.0000000E+00
* ELEM  744  circle
 2, 263, 262
*
  5.6700000E+00, 9.5700000E+00, 3.3927334E-01, 0.0000000E+00
* ELEM  745  circle
 2, 264, 263
*
  5.6700000E+00, 9.5700000E+00, 2.7701552E-01, 0.0000000E+00
* ELEM  746  circle
 2, 265, 264
*
  5.6700000E+00, 9.5700000E+00, 1.9587955E-01, 0.0000000E+00
* ELEM  747  circle
 2, 268, 267
*
  4.3700000E+00, 9.5700000E+00, 4.4700000E-01, 0.0000000E+00
* ELEM  748  circle
 2, 269, 268
*
  4.3700000E+00, 9.5700000E+00, 4.3800000E-01, 0.0000000E+00
* ELEM  749  circle
 2, 270, 269
*
  4.3700000E+00, 9.5700000E+00, 4.2690959E-01, 0.0000000E+00
* ELEM  750  circle
 2, 271, 270
*
  4.3700000E+00, 9.5700000E+00, 3.9175911E-01, 0.0000000E+00
* ELEM  751  circle
 2, 272, 271
*
  4.3700000E+00, 9.5700000E+00, 3.0971277E-01, 0.0000000E+00
* ELEM  752  circle
 2, 275, 274
*
  3.0700000E+00, 9.5700000E+00, 4.4700000E-01, 0.0000000E+00
* ELEM  753  circle
 2, 276, 275
*
  3.0700000E+00, 9.5700000E+00, 4.3800000E-01, 0.0000000E+00
* ELEM  754  circle
 2, 277, 276
*
  3.0700000E+00, 9.5700000E+00, 4.2690959E-01, 0.0000000E+00
* ELEM  755  circle
 2, 278, 277
*
  3.0700000E+00, 9.5700000E+00, 3.9175911E-01, 0.0000000E+00
* ELEM  756  circle
 2, 279, 278
*
  3.0700000E+00, 9.5700000E+00, 3.0971277E-01, 0.0000000E+00
* ELEM  757  circle
 2, 282, 281
*
  1.7700000E+00, 9.5700000E+00, 4.4700000E-01, 0.0000000E+00
* ELEM  758  circle
 2, 283, 282
*
  1.7700000E+00, 9.5700000E+00, 4.3800000E-01, 0.0000000E+00
* ELEM  759  circle
 2, 284, 283
*
  1.7700000E+00, 9.5700000E+00, 4.2690959E-01, 0.0000000E+00
* ELEM  760  circle
 2, 285, 284
*
  1.7700000E+00, 9.5700000E+00, 3.9175911E-01, 0.0000000E+00
* ELEM  761  circle
 2, 286, 285
*
  1.7700000E+00, 9.5700000E+00, 3.0971277E-01, 0.0000000E+00
* ELEM  762  circle
 2, 289, 288
*
  1.3470000E+01, 8.2700000E+00, 4.4700000E-01, 0.0000000E+00
* ELEM  763  circle
 2, 290, 289
*
  1.3470000E+01, 8.2700000E+00, 4.3800000E-01, 0.0000000E+00
* ELEM  764  circle
 2, 291, 290
*
  1.3470000E+01, 8.2700000E+00, 4.2690959E-01, 0.0000000E+00
* ELEM  765  circle
 2, 292, 291
*
  1.3470000E+01, 8.2700000E+00, 3.9175911E-01, 0.0000000E+00
* ELEM  766  circle
 2, 293, 292
*
  1.3470000E+01, 8.2700000E+00, 3.0971277E-01, 0.0000000E+00
* ELEM  767  circle
 2, 296, 295
*
  1.2170000E+01, 8.2700000E+00, 4.4700000E-01, 0.0000000E+00
* ELEM  768  circle
 2, 297, 296
*
  1.2170000E+01, 8.2700000E+00, 4.3800000E-01, 0.0000000E+00
* ELEM  769  circle
 2, 298, 297
*
  1.2170000E+01, 8.2700000E+00, 4.2690959E-01, 0.0000000E+00
* ELEM  770  circle
 2, 299, 298
*
  1.2170000E+01, 8.2700000E+00, 3.9175911E-01, 0.0000000E+00
* ELEM  771  circle
 2, 300, 299
*
  1.2170000E+01, 8.2700000E+00, 3.0971277E-01, 0.0000000E+00
* ELEM  772  circle
 2, 303, 302
*
  1.0870000E+01, 8.2700000E+00, 4.4700000E-01, 0.0000000E+00
* ELEM  773  circle
 2, 304, 303
*
  1.0870000E+01, 8.2700000E+00, 4.3800000E-01, 0.0000000E+00
* ELEM  774  circle
 2, 305, 304
*
  1.0870000E+01, 8.2700000E+00, 4.2690959E-01, 0.0000000E+00
* ELEM  775  circle
 2, 306, 305
*
  1.0870000E+01, 8.2700000E+00, 3.9175911E-01, 0.0000000E+00
* ELEM  776  circle
 2, 307, 306
*
  1.0870000E+01, 8.2700000E+00, 3.0971277E-01, 0.0000000E+00
* ELEM  777  circle
 2, 310, 309
*
  6.9700000E+00, 8.2700000E+00, 4.4700000E-01, 0.0000000E+00
* ELEM  778  circle
 2, 311, 310
*
  6.9700000E+00, 8.2700000E+00, 4.3800000E-01, 0.0000000E+00
* ELEM  779  circle
 2, 312, 311
*
  6.9700000E+00, 8.2700000E+00, 4.2690959E-01, 0.0000000E+00
* ELEM  780  circle
 2, 313, 312
*
  6.9700000E+00, 8.2700000E+00, 3.9175911E-01, 0.0000000E+00
* ELEM  781  circle
 2, 314, 313
*
  6.9700000E+00, 8.2700000E+00, 3.0971277E-01, 0.0000000E+00
* ELEM  782  circle
 2, 317, 316
*
  5.6700000E+00, 8.2700000E+00, 4.4700000E-01, 0.0000000E+00
* ELEM  783  circle
 2, 318, 317
*
  5.6700000E+00, 8.2700000E+00, 4.3800000E-01, 0.0000000E+00
* ELEM  784  circle
 2, 319, 318
*
  5.6700000E+00, 8.2700000E+00, 4.2690959E-01, 0.0000000E+00
* ELEM  785  circle
 2, 320, 319
*
  5.6700000E+00, 8.2700000E+00, 3.9175911E-01, 0.0000000E+00
* ELEM  786  circle
 2, 321, 320
*
  5.6700000E+00, 8.2700000E+00, 3.0971277E-01, 0.0000000E+00
* ELEM  787  circle
 2, 324, 323
*
  4.3700000E+00, 8.2700000E+00, 4.4700000E-01, 0.0000000E+00
* ELEM  788  circle
 2, 325, 324
*
  4.3700000E+00, 8.2700000E+00, 4.3800000E-01, 0.0000000E+00
* ELEM  789  circle
 2, 326, 325
*
  4.3700000E+00, 8.2700000E+00, 4.2690959E-01, 0.0000000E+00
* ELEM  790  circle
 2, 327, 326
*
  4.3700000E+00, 8.2700000E+00, 3.9175911E-01, 0.0000000E+00
* ELEM  791  circle
 2, 328, 327
*
  4.3700000E+00, 8.2700000E+00, 3.3927334E-01, 0.0000000E+00
* ELEM  792  circle
 2, 329, 328
*
  4.3700000E+00, 8.2700000E+00, 2.7701552E-01, 0.0000000E+00
* ELEM  793  circle
 2, 330, 329
*
  4.3700000E+00, 8.2700000E+00, 1.9587955E-01, 0.0000000E+00
* ELEM  794  circle
 2, 333, 332
*
  3.0700000E+00, 8.2700000E+00, 4.4700000E-01, 0.0000000E+00
* ELEM  795  circle
 2, 334, 333
*
  3.0700000E+00, 8.2700000E+00, 4.3800000E-01, 0.0000000E+00
* ELEM  796  circle
 2, 335, 334
*
  3.0700000E+00, 8.2700000E+00, 4.2690959E-01, 0.0000000E+00
* ELEM  797  circle
 2, 336, 335
*
  3.0700000E+00, 8.2700000E+00, 3.9175911E-01, 0.0000000E+00
* ELEM  798  circle
 2, 337, 336
*
  3.0700000E+00, 8.2700000E+00, 3.0971277E-01, 0.0000000E+00
* ELEM  799  circle
 2, 340, 339
*
  1.7700000E+00, 8.2700000E+00, 4.4700000E-01, 0.0000000E+00
* ELEM  800  circle
 2, 341, 340
*
  1.7700000E+00, 8.2700000E+00, 4.3800000E-01, 0.0000000E+00
* ELEM  801  circle
 2, 342, 341
*
  1.7700000E+00, 8.2700000E+00, 4.2690959E-01, 0.0000000E+00
* ELEM  802  circle
 2, 343, 342
*
  1.7700000E+00, 8.2700000E+00, 3.9175911E-01, 0.0000000E+00
* ELEM  803  circle
 2, 344, 343
*
  1.7700000E+00, 8.2700000E+00, 3.0971277E-01, 0.0000000E+00
* ELEM  804  circle
 2, 347, 346
*
  1.3470000E+01, 6.9700000E+00, 4.4700000E-01, 0.0000000E+00
* ELEM  805  circle
 2, 348, 347
*
  1.3470000E+01, 6.9700000E+00, 4.3800000E-01, 0.0000000E+00
* ELEM  806  circle
 2, 349, 348
*
  1.3470000E+01, 6.9700000E+00, 4.2690959E-01, 0.0000000E+00
* ELEM  807  circle
 2, 350, 349
*
  1.3470000E+01, 6.9700000E+00, 3.9175911E-01, 0.0000000E+00
* ELEM  808  circle
 2, 351, 350
*
  1.3470000E+01, 6.9700000E+00, 3.0971277E-01, 0.0000000E+00
* ELEM  809  circle
 2, 354, 353
*
  1.2170000E+01, 6.9700000E+00, 4.4700000E-01, 0.0000000E+00
* ELEM  810  circle
 2, 355, 354
*
  1.2170000E+01, 6.9700000E+00, 4.3800000E-01, 0.0000000E+00
* ELEM  811  circle
 2, 356, 355
*
  1.2170000E+01, 6.9700000E+00, 4.2690959E-01, 0.0000000E+00
* ELEM  812  circle
 2, 357, 356
*
  1.2170000E+01, 6.9700000E+00, 3.9175911E-01, 0.0000000E+00
* ELEM  813  circle
 2, 358, 357
*
  1.2170000E+01, 6.9700000E+00, 3.3927334E-01, 0.0000000E+00
* ELEM  814  circle
 2, 359, 358
*
  1.2170000E+01, 6.9700000E+00, 2.7701552E-01, 0.0000000E+00
* ELEM  815  circle
 2, 360, 359
*
  1.2170000E+01, 6.9700000E+00, 1.9587955E-01, 0.0000000E+00
* ELEM  816  circle
 2, 363, 362
*
  1.0870000E+01, 6.9700000E+00, 4.4700000E-01, 0.0000000E+00
* ELEM  817  circle
 2, 364, 363
*
  1.0870000E+01, 6.9700000E+00, 4.3800000E-01, 0.0000000E+00
* ELEM  818  circle
 2, 365, 364
*
  1.0870000E+01, 6.9700000E+00, 4.2690959E-01, 0.0000000E+00
* ELEM  819  circle
 2, 366, 365
*
  1.0870000E+01, 6.9700000E+00, 3.9175911E-01, 0.0000000E+00
* ELEM  820  circle
 2, 367, 366
*
  1.0870000E+01, 6.9700000E+00, 3.0971277E-01, 0.0000000E+00
* ELEM  821  circle
 2, 370, 369
*
  9.5700000E+00, 6.9700000E+00, 4.4700000E-01, 0.0000000E+00
* ELEM  822  circle
 2, 371, 370
*
  9.5700000E+00, 6.9700000E+00, 4.3800000E-01, 0.0000000E+00
* ELEM  823  circle
 2, 372, 371
*
  9.5700000E+00, 6.9700000E+00, 4.2690959E-01, 0.0000000E+00
* ELEM  824  circle
 2, 373, 372
*
  9.5700000E+00, 6.9700000E+00, 3.9175911E-01, 0.0000000E+00
* ELEM  825  circle
 2, 374, 373
*
  9.5700000E+00, 6.9700000E+00, 3.0971277E-01, 0.0000000E+00
* ELEM  826  circle
 2, 377, 376
*
  8.2700000E+00, 6.9700000E+00, 4.4700000E-01, 0.0000000E+00
* ELEM  827  circle
 2, 378, 377
*
  8.2700000E+00, 6.9700000E+00, 4.3800000E-01, 0.0000000E+00
* ELEM  828  circle
 2, 379, 378
*
  8.2700000E+00, 6.9700000E+00, 4.2690959E-01, 0.0000000E+00
* ELEM  829  circle
 2, 380, 379
*
  8.2700000E+00, 6.9700000E+00, 3.9175911E-01, 0.0000000E+00
* ELEM  830  circle
 2, 381, 380
*
  8.2700000E+00, 6.9700000E+00, 3.0971277E-01, 0.0000000E+00
* ELEM  831  circle
 2, 384, 383
*
  4.3700000E+00, 6.9700000E+00, 4.4700000E-01, 0.0000000E+00
* ELEM  832  circle
 2, 385, 384
*
  4.3700000E+00, 6.9700000E+00, 4.3800000E-01, 0.0000000E+00
* ELEM  833  circle
 2, 386, 385
*
  4.3700000E+00, 6.9700000E+00, 4.2690959E-01, 0.0000000E+00
* ELEM  834  circle
 2, 387, 386
*
  4.3700000E+00, 6.9700000E+00, 3.9175911E-01, 0.0000000E+00
* ELEM  835  circle
 2, 388, 387
*
  4.3700000E+00, 6.9700000E+00, 3.0971277E-01, 0.0000000E+00
* ELEM  836  circle
 2, 391, 390
*
  3.0700000E+00, 6.9700000E+00, 4.4700000E-01, 0.0000000E+00
* ELEM  837  circle
 2, 392, 391
*
  3.0700000E+00, 6.9700000E+00, 4.3800000E-01, 0.0000000E+00
* ELEM  838  circle
 2, 393, 392
*
  3.0700000E+00, 6.9700000E+00, 4.2690959E-01, 0.0000000E+00
* ELEM  839  circle
 2, 394, 393
*
  3.0700000E+00, 6.9700000E+00, 3.9175911E-01, 0.0000000E+00
* ELEM  840  circle
 2, 395, 394
*
  3.0700000E+00, 6.9700000E+00, 3.3927334E-01, 0.0000000E+00
* ELEM  841  circle
 2, 396, 395
*
  3.0700000E+00, 6.9700000E+00, 2.7701552E-01, 0.0000000E+00
* ELEM  842  circle
 2, 397, 396
*
  3.0700000E+00, 6.9700000E+00, 1.9587955E-01, 0.0000000E+00
* ELEM  843  circle
 2, 400, 399
*
  1.7700000E+00, 6.9700000E+00, 4.4700000E-01, 0.0000000E+00
* ELEM  844  circle
 2, 401, 400
*
  1.7700000E+00, 6.9700000E+00, 4.3800000E-01, 0.0000000E+00
* ELEM  845  circle
 2, 402, 401
*
  1.7700000E+00, 6.9700000E+00, 4.2690959E-01, 0.0000000E+00
* ELEM  846  circle
 2, 403, 402
*
  1.7700000E+00, 6.9700000E+00, 3.9175911E-01, 0.0000000E+00
* ELEM  847  circle
 2, 404, 403
*
  1.7700000E+00, 6.9700000E+00, 3.0971277E-01, 0.0000000E+00
* ELEM  848  circle
 2, 407, 406
*
  1.3470000E+01, 5.6700000E+00, 4.4700000E-01, 0.0000000E+00
* ELEM  849  circle
 2, 408, 407
*
  1.3470000E+01, 5.6700000E+00, 4.3800000E-01, 0.0000000E+00
* ELEM  850  circle
 2, 409, 408
*
  1.3470000E+01, 5.6700000E+00, 4.2690959E-01, 0.0000000E+00
* ELEM  851  circle
 2, 410, 409
*
  1.3470000E+01, 5.6700000E+00, 3.9175911E-01, 0.0000000E+00
* ELEM  852  circle
 2, 411, 410
*
  1.3470000E+01, 5.6700000E+00, 3.0971277E-01, 0.0000000E+00
* ELEM  853  circle
 2, 414, 413
*
  1.2170000E+01, 5.6700000E+00, 4.4700000E-01, 0.0000000E+00
* ELEM  854  circle
 2, 415, 414
*
  1.2170000E+01, 5.6700000E+00, 4.3800000E-01, 0.0000000E+00
* ELEM  855  circle
 2, 416, 415
*
  1.2170000E+01, 5.6700000E+00, 4.2690959E-01, 0.0000000E+00
* ELEM  856  circle
 2, 417, 416
*
  1.2170000E+01, 5.6700000E+00, 3.9175911E-01, 0.0000000E+00
* ELEM  857  circle
 2, 418, 417
*
  1.2170000E+01, 5.6700000E+00, 3.0971277E-01, 0.0000000E+00
* ELEM  858  circle
 2, 421, 420
*
  1.0870000E+01, 5.6700000E+00, 4.4700000E-01, 0.0000000E+00
* ELEM  859  circle
 2, 422, 421
*
  1.0870000E+01, 5.6700000E+00, 4.3800000E-01, 0.0000000E+00
* ELEM  860  circle
 2, 423, 422
*
  1.0870000E+01, 5.6700000E+00, 4.2690959E-01, 0.0000000E+00
* ELEM  861  circle
 2, 424, 423
*
  1.0870000E+01, 5.6700000E+00, 3.9175911E-01, 0.0000000E+00
* ELEM  862  circle
 2, 425, 424
*
  1.0870000E+01, 5.6700000E+00, 3.3927334E-01, 0.0000000E+00
* ELEM  863  circle
 2, 426, 425
*
  1.0870000E+01, 5.6700000E+00, 2.7701552E-01, 0.0000000E+00
* ELEM  864  circle
 2, 427, 426
*
  1.0870000E+01, 5.6700000E+00, 1.9587955E-01, 0.0000000E+00
* ELEM  865  circle
 2, 430, 429
*
  9.5700000E+00, 5.6700000E+00, 4.4700000E-01, 0.0000000E+00
* ELEM  866  circle
 2, 431, 430
*
  9.5700000E+00, 5.6700000E+00, 4.3800000E-01, 0.0000000E+00
* ELEM  867  circle
 2, 432, 431
*
  9.5700000E+00, 5.6700000E+00, 4.2690959E-01, 0.0000000E+00
* ELEM  868  circle
 2, 433, 432
*
  9.5700000E+00, 5.6700000E+00, 3.9175911E-01, 0.0000000E+00
* ELEM  869  circle
 2, 434, 433
*
  9.5700000E+00, 5.6700000E+00, 3.0971277E-01, 0.0000000E+00
* ELEM  870  circle
 2, 437, 436
*
  8.2700000E+00, 5.6700000E+00, 4.4700000E-01, 0.0000000E+00
* ELEM  871  circle
 2, 438, 437
*
  8.2700000E+00, 5.6700000E+00, 4.3800000E-01, 0.0000000E+00
* ELEM  872  circle
 2, 439, 438
*
  8.2700000E+00, 5.6700000E+00, 4.2690959E-01, 0.0000000E+00
* ELEM  873  circle
 2, 440, 439
*
  8.2700000E+00, 5.6700000E+00, 3.9175911E-01, 0.0000000E+00
* ELEM  874  circle
 2, 441, 440
*
  8.2700000E+00, 5.6700000E+00, 3.0971277E-01, 0.0000000E+00
* ELEM  875  circle
 2, 444, 443
*
  4.3700000E+00, 5.6700000E+00, 4.4700000E-01, 0.0000000E+00
* ELEM  876  circle
 2, 445, 444
*
  4.3700000E+00, 5.6700000E+00, 4.3800000E-01, 0.0000000E+00
* ELEM  877  circle
 2, 446, 445
*
  4.3700000E+00, 5.6700000E+00, 4.2690959E-01, 0.0000000E+00
* ELEM  878  circle
 2, 447, 446
*
  4.3700000E+00, 5.6700000E+00, 3.9175911E-01, 0.0000000E+00
* ELEM  879  circle
 2, 448, 447
*
  4.3700000E+00, 5.6700000E+00, 3.3927334E-01, 0.0000000E+00
* ELEM  880  circle
 2, 449, 448
*
  4.3700000E+00, 5.6700000E+00, 2.7701552E-01, 0.0000000E+00
* ELEM  881  circle
 2, 450, 449
*
  4.3700000E+00, 5.6700000E+00, 1.9587955E-01, 0.0000000E+00
* ELEM  882  circle
 2, 453, 452
*
  3.0700000E+00, 5.6700000E+00, 4.4700000E-01, 0.0000000E+00
* ELEM  883  circle
 2, 454, 453
*
  3.0700000E+00, 5.6700000E+00, 4.3800000E-01, 0.0000000E+00
* ELEM  884  circle
 2, 455, 454
*
  3.0700000E+00, 5.6700000E+00, 4.2690959E-01, 0.0000000E+00
* ELEM  885  circle
 2, 456, 455
*
  3.0700000E+00, 5.6700000E+00, 3.9175911E-01, 0.0000000E+00
* ELEM  886  circle
 2, 457, 456
*
  3.0700000E+00, 5.6700000E+00, 3.0971277E-01, 0.0000000E+00
* ELEM  887  circle
 2, 460, 459
*
  1.7700000E+00, 5.6700000E+00, 4.4700000E-01, 0.0000000E+00
* ELEM  888  circle
 2, 461, 460
*
  1.7700000E+00, 5.6700000E+00, 4.3800000E-01, 0.0000000E+00
* ELEM  889  circle
 2, 462, 461
*
  1.7700000E+00, 5.6700000E+00, 4.2690959E-01, 0.0000000E+00
* ELEM  890  circle
 2, 463, 462
*
  1.7700000E+00, 5.6700000E+00, 3.9175911E-01, 0.0000000E+00
* ELEM  891  circle
 2, 464, 463
*
  1.7700000E+00, 5.6700000E+00, 3.0971277E-01, 0.0000000E+00
* ELEM  892  circle
 2, 467, 466
*
  1.3470000E+01, 4.3700000E+00, 4.4700000E-01, 0.0000000E+00
* ELEM  893  circle
 2, 468, 467
*
  1.3470000E+01, 4.3700000E+00, 4.3800000E-01, 0.0000000E+00
* ELEM  894  circle
 2, 469, 468
*
  1.3470000E+01, 4.3700000E+00, 4.2690959E-01, 0.0000000E+00
* ELEM  895  circle
 2, 470, 469
*
  1.3470000E+01, 4.3700000E+00, 3.9175911E-01, 0.0000000E+00
* ELEM  896  circle
 2, 471, 470
*
  1.3470000E+01, 4.3700000E+00, 3.0971277E-01, 0.0000000E+00
* ELEM  897  circle
 2, 474, 473
*
  1.2170000E+01, 4.3700000E+00, 4.4700000E-01, 0.0000000E+00
* ELEM  898  circle
 2, 475, 474
*
  1.2170000E+01, 4.3700000E+00, 4.3800000E-01, 0.0000000E+00
* ELEM  899  circle
 2, 476, 475
*
  1.2170000E+01, 4.3700000E+00, 4.2690959E-01, 0.0000000E+00
* ELEM  900  circle
 2, 477, 476
*
  1.2170000E+01, 4.3700000E+00, 3.9175911E-01, 0.0000000E+00
* ELEM  901  circle
 2, 478, 477
*
  1.2170000E+01, 4.3700000E+00, 3.3927334E-01, 0.0000000E+00
* ELEM  902  circle
 2, 479, 478
*
  1.2170000E+01, 4.3700000E+00, 2.7701552E-01, 0.0000000E+00
* ELEM  903  circle
 2, 480, 479
*
  1.2170000E+01, 4.3700000E+00, 1.9587955E-01, 0.0000000E+00
* ELEM  904  circle
 2, 483, 482
*
  1.0870000E+01, 4.3700000E+00, 4.4700000E-01, 0.0000000E+00
* ELEM  905  circle
 2, 484, 483
*
  1.0870000E+01, 4.3700000E+00, 4.3800000E-01, 0.0000000E+00
* ELEM  906  circle
 2, 485, 484
*
  1.0870000E+01, 4.3700000E+00, 4.2690959E-01, 0.0000000E+00
* ELEM  907  circle
 2, 486, 485
*
  1.0870000E+01, 4.3700000E+00, 3.9175911E-01, 0.0000000E+00
* ELEM  908  circle
 2, 487, 486
*
  1.0870000E+01, 4.3700000E+00, 3.0971277E-01, 0.0000000E+00
* ELEM  909  circle
 2, 490, 489
*
  9.5700000E+00, 4.3700000E+00, 4.4700000E-01, 0.0000000E+00
* ELEM  910  circle
 2, 491, 490
*
  9.5700000E+00, 4.3700000E+00, 4.3800000E-01, 0.0000000E+00
* ELEM  911  circle
 2, 492, 491
*
  9.5700000E+00, 4.3700000E+00, 4.2690959E-01, 0.0000000E+00
* ELEM  912  circle
 2, 493, 492
*
  9.5700000E+00, 4.3700000E+00, 3.9175911E-01, 0.0000000E+00
* ELEM  913  circle
 2, 494, 493
*
  9.5700000E+00, 4.3700000E+00, 3.3927334E-01, 0.0000000E+00
* ELEM  914  circle
 2, 495, 494
*
  9.5700000E+00, 4.3700000E+00, 2.7701552E-01, 0.0000000E+00
* ELEM  915  circle
 2, 496, 495
*
  9.5700000E+00, 4.3700000E+00, 1.9587955E-01, 0.0000000E+00
* ELEM  916  circle
 2, 499, 498
*
  8.2700000E+00, 4.3700000E+00, 4.4700000E-01, 0.0000000E+00
* ELEM  917  circle
 2, 500, 499
*
  8.2700000E+00, 4.3700000E+00, 4.3800000E-01, 0.0000000E+00
* ELEM  918  circle
 2, 501, 500
*
  8.2700000E+00, 4.3700000E+00, 4.2690959E-01, 0.0000000E+00
* ELEM  919  circle
 2, 502, 501
*
  8.2700000E+00, 4.3700000E+00, 3.9175911E-01, 0.0000000E+00
* ELEM  920  circle
 2, 503, 502
*
  8.2700000E+00, 4.3700000E+00, 3.0971277E-01, 0.0000000E+00
* ELEM  921  circle
 2, 506, 505
*
  6.9700000E+00, 4.3700000E+00, 4.4700000E-01, 0.0000000E+00
* ELEM  922  circle
 2, 507, 506
*
  6.9700000E+00, 4.3700000E+00, 4.3800000E-01, 0.0000000E+00
* ELEM  923  circle
 2, 508, 507
*
  6.9700000E+00, 4.3700000E+00, 4.2690959E-01, 0.0000000E+00
* ELEM  924  circle
 2, 509, 508
*
  6.9700000E+00, 4.3700000E+00, 3.9175911E-01, 0.0000000E+00
* ELEM  925  circle
 2, 510, 509
*
  6.9700000E+00, 4.3700000E+00, 3.0971277E-01, 0.0000000E+00
* ELEM  926  circle
 2, 513, 512
*
  5.6700000E+00, 4.3700000E+00, 4.4700000E-01, 0.0000000E+00
* ELEM  927  circle
 2, 514, 513
*
  5.6700000E+00, 4.3700000E+00, 4.3800000E-01, 0.0000000E+00
* ELEM  928  circle
 2, 515, 514
*
  5.6700000E+00, 4.3700000E+00, 4.2690959E-01, 0.0000000E+00
* ELEM  929  circle
 2, 516, 515
*
  5.6700000E+00, 4.3700000E+00, 3.9175911E-01, 0.0000000E+00
* ELEM  930  circle
 2, 517, 516
*
  5.6700000E+00, 4.3700000E+00, 3.0971277E-01, 0.0000000E+00
* ELEM  931  circle
 2, 520, 519
*
  4.3700000E+00, 4.3700000E+00, 4.4700000E-01, 0.0000000E+00
* ELEM  932  circle
 2, 521, 520
*
  4.3700000E+00, 4.3700000E+00, 4.3800000E-01, 0.0000000E+00
* ELEM  933  circle
 2, 522, 521
*
  4.3700000E+00, 4.3700000E+00, 4.2690959E-01, 0.0000000E+00
* ELEM  934  circle
 2, 523, 522
*
  4.3700000E+00, 4.3700000E+00, 3.9175911E-01, 0.0000000E+00
* ELEM  935  circle
 2, 524, 523
*
  4.3700000E+00, 4.3700000E+00, 3.0971277E-01, 0.0000000E+00
* ELEM  936  circle
 2, 527, 526
*
  3.0700000E+00, 4.3700000E+00, 4.4700000E-01, 0.0000000E+00
* ELEM  937  circle
 2, 528, 527
*
  3.0700000E+00, 4.3700000E+00, 4.3800000E-01, 0.0000000E+00
* ELEM  938  circle
 2, 529, 528
*
  3.0700000E+00, 4.3700000E+00, 4.2690959E-01, 0.0000000E+00
* ELEM  939  circle
 2, 530, 529
*
  3.0700000E+00, 4.3700000E+00, 3.9175911E-01, 0.0000000E+00
* ELEM  940  circle
 2, 531, 530
*
  3.0700000E+00, 4.3700000E+00, 3.3927334E-01, 0.0000000E+00
* ELEM  941  circle
 2, 532, 531
*
  3.0700000E+00, 4.3700000E+00, 2.7701552E-01, 0.0000000E+00
* ELEM  942  circle
 2, 533, 532
*
  3.0700000E+00, 4.3700000E+00, 1.9587955E-01, 0.0000000E+00
* ELEM  943  circle
 2, 536, 535
*
  1.7700000E+00, 4.3700000E+00, 4.4700000E-01, 0.0000000E+00
* ELEM  944  circle
 2, 537, 536
*
  1.7700000E+00, 4.3700000E+00, 4.3800000E-01, 0.0000000E+00
* ELEM  945  circle
 2, 538, 537
*
  1.7700000E+00, 4.3700000E+00, 4.2690959E-01, 0.0000000E+00
* ELEM  946  circle
 2, 539, 538
*
  1.7700000E+00, 4.3700000E+00, 3.9175911E-01, 0.0000000E+00
* ELEM  947  circle
 2, 540, 539
*
  1.7700000E+00, 4.3700000E+00, 3.0971277E-01, 0.0000000E+00
* ELEM  948  circle
 2, 543, 542
*
  1.3470000E+01, 3.0700000E+00, 4.4700000E-01, 0.0000000E+00
* ELEM  949  circle
 2, 544, 543
*
  1.3470000E+01, 3.0700000E+00, 4.3800000E-01, 0.0000000E+00
* ELEM  950  circle
 2, 545, 544
*
  1.3470000E+01, 3.0700000E+00, 4.2690959E-01, 0.0000000E+00
* ELEM  951  circle
 2, 546, 545
*
  1.3470000E+01, 3.0700000E+00, 3.9175911E-01, 0.0000000E+00
* ELEM  952  circle
 2, 547, 546
*
  1.3470000E+01, 3.0700000E+00, 3.0971277E-01, 0.0000000E+00
* ELEM  953  circle
 2, 550, 549
*
  1.2170000E+01, 3.0700000E+00, 4.4700000E-01, 0.0000000E+00
* ELEM  954  circle
 2, 551, 550
*
  1.2170000E+01, 3.0700000E+00, 4.3800000E-01, 0.0000000E+00
* ELEM  955  circle
 2, 552, 551
*
  1.2170000E+01, 3.0700000E+00, 4.2690959E-01, 0.0000000E+00
* ELEM  956  circle
 2, 553, 552
*
  1.2170000E+01, 3.0700000E+00, 3.9175911E-01, 0.0000000E+00
* ELEM  957  circle
 2, 554, 553
*
  1.2170000E+01, 3.0700000E+00, 3.0971277E-01, 0.0000000E+00
* ELEM  958  circle
 2, 557, 556
*
  1.0870000E+01, 3.0700000E+00, 4.4700000E-01, 0.0000000E+00
* ELEM  959  circle
 2, 558, 557
*
  1.0870000E+01, 3.0700000E+00, 4.3800000E-01, 0.0000000E+00
* ELEM  960  circle
 2, 559, 558
*
  1.0870000E+01, 3.0700000E+00, 4.2690959E-01, 0.0000000E+00
* ELEM  961  circle
 2, 560, 559
*
  1.0870000E+01, 3.0700000E+00, 3.9175911E-01, 0.0000000E+00
* ELEM  962  circle
 2, 561, 560
*
  1.0870000E+01, 3.0700000E+00, 3.3927334E-01, 0.0000000E+00
* ELEM  963  circle
 2, 562, 561
*
  1.0870000E+01, 3.0700000E+00, 2.7701552E-01, 0.0000000E+00
* ELEM  964  circle
 2, 563, 562
*
  1.0870000E+01, 3.0700000E+00, 1.9587955E-01, 0.0000000E+00
* ELEM  965  circle
 2, 566, 565
*
  9.5700000E+00, 3.0700000E+00, 4.4700000E-01, 0.0000000E+00
* ELEM  966  circle
 2, 567, 566
*
  9.5700000E+00, 3.0700000E+00, 4.3800000E-01, 0.0000000E+00
* ELEM  967  circle
 2, 568, 567
*
  9.5700000E+00, 3.0700000E+00, 4.2690959E-01, 0.0000000E+00
* ELEM  968  circle
 2, 569, 568
*
  9.5700000E+00, 3.0700000E+00, 3.9175911E-01, 0.0000000E+00
* ELEM  969  circle
 2, 570, 569
*
  9.5700000E+00, 3.0700000E+00, 3.0971277E-01, 0.0000000E+00
* ELEM  970  circle
 2, 573, 572
*
  8.2700000E+00, 3.0700000E+00, 4.4700000E-01, 0.0000000E+00
* ELEM  971  circle
 2, 574, 573
*
  8.2700000E+00, 3.0700000E+00, 4.3800000E-01, 0.0000000E+00
* ELEM  972  circle
 2, 575, 574
*
  8.2700000E+00, 3.0700000E+00, 4.2690959E-01, 0.0000000E+00
* ELEM  973  circle
 2, 576, 575
*
  8.2700000E+00, 3.0700000E+00, 3.9175911E-01, 0.0000000E+00
* ELEM  974  circle
 2, 577, 576
*
  8.2700000E+00, 3.0700000E+00, 3.3927334E-01, 0.0000000E+00
* ELEM  975  circle
 2, 578, 577
*
  8.2700000E+00, 3.0700000E+00, 2.7701552E-01, 0.0000000E+00
* ELEM  976  circle
 2, 579, 578
*
  8.2700000E+00, 3.0700000E+00, 1.9587955E-01, 0.0000000E+00
* ELEM  977  circle
 2, 582, 581
*
  6.9700000E+00, 3.0700000E+00, 4.4700000E-01, 0.0000000E+00
* ELEM  978  circle
 2, 583, 582
*
  6.9700000E+00, 3.0700000E+00, 4.3800000E-01, 0.0000000E+00
* ELEM  979  circle
 2, 584, 583
*
  6.9700000E+00, 3.0700000E+00, 4.2690959E-01, 0.0000000E+00
* ELEM  980  circle
 2, 585, 584
*
  6.9700000E+00, 3.0700000E+00, 3.9175911E-01, 0.0000000E+00
* ELEM  981  circle
 2, 586, 585
*
  6.9700000E+00, 3.0700000E+00, 3.0971277E-01, 0.0000000E+00
* ELEM  982  circle
 2, 589, 588
*
  5.6700000E+00, 3.0700000E+00, 4.4700000E-01, 0.0000000E+00
* ELEM  983  circle
 2, 590, 589
*
  5.6700000E+00, 3.0700000E+00, 4.3800000E-01, 0.0000000E+00
* ELEM  984  circle
 2, 591, 590
*
  5.6700000E+00, 3.0700000E+00, 4.2690959E-01, 0.0000000E+00
* ELEM  985  circle
 2, 592, 591
*
  5.6700000E+00, 3.0700000E+00, 3.9175911E-01, 0.0000000E+00
* ELEM  986  circle
 2, 593, 592
*
  5.6700000E+00, 3.0700000E+00, 3.0971277E-01, 0.0000000E+00
* ELEM  987  circle
 2, 596, 595
*
  4.3700000E+00, 3.0700000E+00, 4.4700000E-01, 0.0000000E+00
* ELEM  988  circle
 2, 597, 596
*
  4.3700000E+00, 3.0700000E+00, 4.3800000E-01, 0.0000000E+00
* ELEM  989  circle
 2, 598, 597
*
  4.3700000E+00, 3.0700000E+00, 4.2690959E-01, 0.0000000E+00
* ELEM  990  circle
 2, 599, 598
*
  4.3700000E+00, 3.0700000E+00, 3.9175911E-01, 0.0000000E+00
* ELEM  991  circle
 2, 600, 599
*
  4.3700000E+00, 3.0700000E+00, 3.3927334E-01, 0.0000000E+00
* ELEM  992  circle
 2, 601, 600
*
  4.3700000E+00, 3.0700000E+00, 2.7701552E-01, 0.0000000E+00
* ELEM  993  circle
 2, 602, 601
*
  4.3700000E+00, 3.0700000E+00, 1.9587955E-01, 0.0000000E+00
* ELEM  994  circle
 2, 605, 604
*
  3.0700000E+00, 3.0700000E+00, 4.4700000E-01, 0.0000000E+00
* ELEM  995  circle
 2, 606, 605
*
  3.0700000E+00, 3.0700000E+00, 4.3800000E-01, 0.0000000E+00
* ELEM  996  circle
 2, 607, 606
*
  3.0700000E+00, 3.0700000E+00, 4.2690959E-01, 0.0000000E+00
* ELEM  997  circle
 2, 608, 607
*
  3.0700000E+00, 3.0700000E+00, 3.9175911E-01, 0.0000000E+00
* ELEM  998  circle
 2, 609, 608
*
  3.0700000E+00, 3.0700000E+00, 3.0971277E-01, 0.0000000E+00
* ELEM  999  circle
 2, 612, 611
*
  1.7700000E+00, 3.0700000E+00, 4.4700000E-01, 0.0000000E+00
* ELEM  1000  circle
 2, 613, 612
*
  1.7700000E+00, 3.0700000E+00, 4.3800000E-01, 0.0000000E+00
* ELEM  1001  circle
 2, 614, 613
*
  1.7700000E+00, 3.0700000E+00, 4.2690959E-01, 0.0000000E+00
* ELEM  1002  circle
 2, 615, 614
*
  1.7700000E+00, 3.0700000E+00, 3.9175911E-01, 0.0000000E+00
* ELEM  1003  circle
 2, 616, 615
*
  1.7700000E+00, 3.0700000E+00, 3.0971277E-01, 0.0000000E+00
* ELEM  1004  circle
 2, 619, 618
*
  1.3470000E+01, 1.7700000E+00, 4.4700000E-01, 0.0000000E+00
* ELEM  1005  circle
 2, 620, 619
*
  1.3470000E+01, 1.7700000E+00, 4.3800000E-01, 0.0000000E+00
* ELEM  1006  circle
 2, 621, 620
*
  1.3470000E+01, 1.7700000E+00, 4.2690959E-01, 0.0000000E+00
* ELEM  1007  circle
 2, 622, 621
*
  1.3470000E+01, 1.7700000E+00, 3.9175911E-01, 0.0000000E+00
* ELEM  1008  circle
 2, 623, 622
*
  1.3470000E+01, 1.7700000E+00, 3.0971277E-01, 0.0000000E+00
* ELEM  1009  circle
 2, 626, 625
*
  1.2170000E+01, 1.7700000E+00, 4.4700000E-01, 0.0000000E+00
* ELEM  1010  circle
 2, 627, 626
*
  1.2170000E+01, 1.7700000E+00, 4.3800000E-01, 0.0000000E+00
* ELEM  1011  circle
 2, 628, 627
*
  1.2170000E+01, 1.7700000E+00, 4.2690959E-01, 0.0000000E+00
* ELEM  1012  circle
 2, 629, 628
*
  1.2170000E+01, 1.7700000E+00, 3.9175911E-01, 0.0000000E+00
* ELEM  1013  circle
 2, 630, 629
*
  1.2170000E+01, 1.7700000E+00, 3.0971277E-01, 0.0000000E+00
* ELEM  1014  circle
 2, 633, 632
*
  1.0870000E+01, 1.7700000E+00, 4.4700000E-01, 0.0000000E+00
* ELEM  1015  circle
 2, 634, 633
*
  1.0870000E+01, 1.7700000E+00, 4.3800000E-01, 0.0000000E+00
* ELEM  1016  circle
 2, 635, 634
*
  1.0870000E+01, 1.7700000E+00, 4.2690959E-01, 0.0000000E+00
* ELEM  1017  circle
 2, 636, 635
*
  1.0870000E+01, 1.7700000E+00, 3.9175911E-01, 0.0000000E+00
* ELEM  1018  circle
 2, 637, 636
*
  1.0870000E+01, 1.7700000E+00, 3.0971277E-01, 0.0000000E+00
* ELEM  1019  circle
 2, 640, 639
*
  9.5700000E+00, 1.7700000E+00, 4.4700000E-01, 0.0000000E+00
* ELEM  1020  circle
 2, 641, 640
*
  9.5700000E+00, 1.7700000E+00, 4.3800000E-01, 0.0000000E+00
* ELEM  1021  circle
 2, 642, 641
*
  9.5700000E+00, 1.7700000E+00, 4.2690959E-01, 0.0000000E+00
* ELEM  1022  circle
 2, 643, 642
*
  9.5700000E+00, 1.7700000E+00, 3.9175911E-01, 0.0000000E+00
* ELEM  1023  circle
 2, 644, 643
*
  9.5700000E+00, 1.7700000E+00, 3.0971277E-01, 0.0000000E+00
* ELEM  1024  circle
 2, 647, 646
*
  8.2700000E+00, 1.7700000E+00, 4.4700000E-01, 0.0000000E+00
* ELEM  1025  circle
 2, 648, 647
*
  8.2700000E+00, 1.7700000E+00, 4.3800000E-01, 0.0000000E+00
* ELEM  1026  circle
 2, 649, 648
*
  8.2700000E+00, 1.7700000E+00, 4.2690959E-01, 0.0000000E+00
* ELEM  1027  circle
 2, 650, 649
*
  8.2700000E+00, 1.7700000E+00, 3.9175911E-01, 0.0000000E+00
* ELEM  1028  circle
 2, 651, 650
*
  8.2700000E+00, 1.7700000E+00, 3.0971277E-01, 0.0000000E+00
* ELEM  1029  circle
 2, 654, 653
*
  6.9700000E+00, 1.7700000E+00, 4.4700000E-01, 0.0000000E+00
* ELEM  1030  circle
 2, 655, 654
*
  6.9700000E+00, 1.7700000E+00, 4.3800000E-01, 0.0000000E+00
* ELEM  1031  circle
 2, 656, 655
*
  6.9700000E+00, 1.7700000E+00, 4.2690959E-01, 0.0000000E+00
* ELEM  1032  circle
 2, 657, 656
*
  6.9700000E+00, 1.7700000E+00, 3.9175911E-01, 0.0000000E+00
* ELEM  1033  circle
 2, 658, 657
*
  6.9700000E+00, 1.7700000E+00, 3.0971277E-01, 0.0000000E+00
* ELEM  1034  circle
 2, 661, 660
*
  5.6700000E+00, 1.7700000E+00, 4.4700000E-01, 0.0000000E+00
* ELEM  1035  circle
 2, 662, 661
*
  5.6700000E+00, 1.7700000E+00, 4.3800000E-01, 0.0000000E+00
* ELEM  1036  circle
 2, 663, 662
*
  5.6700000E+00, 1.7700000E+00, 4.2690959E-01, 0.0000000E+00
* ELEM  1037  circle
 2, 664, 663
*
  5.6700000E+00, 1.7700000E+00, 3.9175911E-01, 0.0000000E+00
* ELEM  1038  circle
 2, 665, 664
*
  5.6700000E+00, 1.7700000E+00, 3.0971277E-01, 0.0000000E+00
* ELEM  1039  circle
 2, 668, 667
*
  4.3700000E+00, 1.7700000E+00, 4.4700000E-01, 0.0000000E+00
* ELEM  1040  circle
 2, 669, 668
*
  4.3700000E+00, 1.7700000E+00, 4.3800000E-01, 0.0000000E+00
* ELEM  1041  circle
 2, 670, 669
*
  4.3700000E+00, 1.7700000E+00, 4.2690959E-01, 0.0000000E+00
* ELEM  1042  circle
 2, 671, 670
*
  4.3700000E+00, 1.7700000E+00, 3.9175911E-01, 0.0000000E+00
* ELEM  1043  circle
 2, 672, 671
*
  4.3700000E+00, 1.7700000E+00, 3.0971277E-01, 0.0000000E+00
* ELEM  1044  circle
 2, 675, 674
*
  3.0700000E+00, 1.7700000E+00, 4.4700000E-01, 0.0000000E+00
* ELEM  1045  circle
 2, 676, 675
*
  3.0700000E+00, 1.7700000E+00, 4.3800000E-01, 0.0000000E+00
* ELEM  1046  circle
 2, 677, 676
*
  3.0700000E+00, 1.7700000E+00, 4.2690959E-01, 0.0000000E+00
* ELEM  1047  circle
 2, 678, 677
*
  3.0700000E+00, 1.7700000E+00, 3.9175911E-01, 0.0000000E+00
* ELEM  1048  circle
 2, 679, 678
*
  3.0700000E+00, 1.7700000E+00, 3.0971277E-01, 0.0000000E+00
* ELEM  1049  circle
 2, 682, 681
*
  1.7700000E+00, 1.7700000E+00, 4.4700000E-01, 0.0000000E+00
* ELEM  1050  circle
 2, 683, 682
*
  1.7700000E+00, 1.7700000E+00, 4.3800000E-01, 0.0000000E+00
* ELEM  1051  circle
 2, 684, 683
*
  1.7700000E+00, 1.7700000E+00, 4.2690959E-01, 0.0000000E+00
* ELEM  1052  circle
 2, 685, 684
*
  1.7700000E+00, 1.7700000E+00, 3.9175911E-01, 0.0000000E+00
* ELEM  1053  circle
 2, 686, 685
*
  1.7700000E+00, 1.7700000E+00, 3.0971277E-01, 0.0000000E+00
* ELEM  1054  line segment
 1, 737, 750
*
  1.1200000E+00, 3.7200000E+00, -2.0000000E-01, 0.0000000E+00
* ELEM  1055  line segment
 1, 738, 804
*
  2.4200000E+00, 9.2000000E-01, 0.0000000E+00, 2.0000000E-01
* ELEM  1056  line segment
 1, 740, 737
*
  1.1200000E+00, 5.0200000E+00, -2.0000000E-01, 0.0000000E+00
* ELEM  1057  line segment
 1, 739, 738
*
  3.7200000E+00, 9.2000000E-01, 0.0000000E+00, 2.0000000E-01
* ELEM  1058  line segment
 1, 741, 740
*
  1.1200000E+00, 6.3200000E+00, -2.0000000E-01, 0.0000000E+00
* ELEM  1059  line segment
 1, 742, 739
*
  5.0200000E+00, 9.2000000E-01, 0.0000000E+00, 2.0000000E-01
* ELEM  1060  line segment
 1, 731, 741
*
  1.1200000E+00, 7.6200000E+00, -2.0000000E-01, 0.0000000E+00
* ELEM  1061  line segment
 1, 743, 742
*
  6.3200000E+00, 9.2000000E-01, 0.0000000E+00, 2.0000000E-01
* ELEM  1062  line segment
 1, 754, 731
*
  1.1200000E+00, 8.9200000E+00, -2.0000000E-01, 0.0000000E+00
* ELEM  1063  line segment
 1, 734, 743
*
  7.6200000E+00, 9.2000000E-01, 0.0000000E+00, 2.0000000E-01
* ELEM  1064  line segment
 1, 732, 754
*
  1.1200000E+00, 1.0220000E+01, -2.0000000E-01, 0.0000000E+00
* ELEM  1065  line segment
 1, 757, 734
*
  8.9200000E+00, 9.2000000E-01, 0.0000000E+00, 2.0000000E-01
* ELEM  1066  line segment
 1, 733, 732
*
  1.1200000E+00, 1.1520000E+01, -2.0000000E-01, 0.0000000E+00
* ELEM  1067  line segment
 1, 735, 757
*
  1.0220000E+01, 9.2000000E-01, 0.0000000E+00, 2.0000000E-01
* ELEM  1068  line segment
 1, 807, 733
*
  1.1200000E+00, 1.2820000E+01, -2.0000000E-01, 0.0000000E+00
* ELEM  1069  line segment
 1, 736, 735
*
  1.1520000E+01, 9.2000000E-01, 0.0000000E+00, 2.0000000E-01
* ELEM  1070  line segment
 1, 808, 736
*
  1.2820000E+01, 9.2000000E-01, 0.0000000E+00, 2.0000000E-01
* ELEM  1071  line segment
 1, 760, 806
*
  2.4200000E+00, 1.4120000E+01, 0.0000000E+00, 2.0000000E-01
* ELEM  1072  line segment
 1, 752, 805
*
  1.4320000E+01, 2.4200000E+00, -2.0000000E-01, 0.0000000E+00
* ELEM  1073  line segment
 1, 751, 760
*
  3.7200000E+00, 1.4120000E+01, 0.0000000E+00, 2.0000000E-01
* ELEM  1074  line segment
 1, 753, 752
*
  1.4320000E+01, 3.7200000E+00, -2.0000000E-01, 0.0000000E+00
* ELEM  1075  line segment
 1, 755, 751
*
  5.0200000E+00, 1.4120000E+01, 0.0000000E+00, 2.0000000E-01
* ELEM  1076  line segment
 1, 758, 753
*
  1.4320000E+01, 5.0200000E+00, -2.0000000E-01, 0.0000000E+00
* ELEM  1077  line segment
 1, 756, 755
*
  6.3200000E+00, 1.4120000E+01, 0.0000000E+00, 2.0000000E-01
* ELEM  1078  line segment
 1, 759, 758
*
  1.4320000E+01, 6.3200000E+00, -2.0000000E-01, 0.0000000E+00
* ELEM  1079  line segment
 1, 744, 756
*
  7.6200000E+00, 1.4120000E+01, 0.0000000E+00, 2.0000000E-01
* ELEM  1080  line segment
 1, 747, 759
*
  1.4320000E+01, 7.6200000E+00, -2.0000000E-01, 0.0000000E+00
* ELEM  1081  line segment
 1, 761, 744
*
  8.9200000E+00, 1.4120000E+01, 0.0000000E+00, 2.0000000E-01
* ELEM  1082  line segment
 1, 762, 747
*
  1.4320000E+01, 8.9200000E+00, -2.0000000E-01, 0.0000000E+00
* ELEM  1083  line segment
 1, 745, 761
*
  1.0220000E+01, 1.4120000E+01, 0.0000000E+00, 2.0000000E-01
* ELEM  1084  line segment
 1, 748, 762
*
  1.4320000E+01, 1.0220000E+01, -2.0000000E-01, 0.0000000E+00
* ELEM  1085  line segment
 1, 746, 745
*
  1.1520000E+01, 1.4120000E+01, 0.0000000E+00, 2.0000000E-01
* ELEM  1086  line segment
 1, 749, 748
*
  1.4320000E+01, 1.1520000E+01, -2.0000000E-01, 0.0000000E+00
* ELEM  1087  line segment
 1, 810, 746
*
  1.2820000E+01, 1.4120000E+01, 0.0000000E+00, 2.0000000E-01
* ELEM  1088  line segment
 1, 809, 749
*
  1.4320000E+01, 1.2820000E+01, -2.0000000E-01, 0.0000000E+00
* boundaries conditions: defaul nbbcda allsur
  0, 0, 0
* albedo
  1.0
#  1 - COOLANT
#  2 - CLAD
#  3 - MODERATOR
#  4 - GAP
#  5 - UOX16_zone_4
#  6 - UOX16_zone_3
#  7 - UOX16_zone_2
#  8 - UOX16_zone_1
#  9 - UOX40Gd8_zone_6
# 10 - UOX40Gd8_zone_5
# 11 - UOX40Gd8_zone_4
# 12 - UOX40Gd8_zone_3
# 13 - UOX40Gd8_zone_2
# 14 - UOX40Gd8_zone_1
# 15 - CHANNEL_BOX
* medium number per region
  1
  2
  3
  1
  2
  3
  1
  2
  4
  5
  6
  7
  8
  1
  2
  4
  5
  6
  7
  8
  1
  2
  4
  5
  6
  7
  8
  1
  2
  4
  5
  6
  7
  8
  1
  2
  4
  5
  6
  7
  8
  1
  2
  4
  5
  6
  7
  8
  1
  2
  4
  5
  6
  7
  8
  1
  2
  4
  5
  6
  7
  8
  1
  2
  4
  5
  6
  7
  8
  1
  2
  4
  5
  6
  7
  8
  1
  2
  4
  5
  6
  7
  8
  1
  2
  4
  5
  6
  7
  8
  1
  2
  4
  9
  10
  11
  12
  13
  14
  1
  2
  4
  5
  6
  7
  8
  1
  2
  4
  9
  10
  11
  12
  13
  14
  1
  2
  4
  5
  6
  7
  8
  1
  2
  4
  5
  6
  7
  8
  1
  2
  4
  5
  6
  7
  8
  1
  2
  4
  5
  6
  7
  8
  1
  2
  4
  5
  6
  7
  8
  1
  2
  4
  5
  6
  7
  8
  1
  2
  4
  9
  10
  11
  12
  13
  14
  1
  2
  4
  5
  6
  7
  8
  1
  2
  4
  9
  10
  11
  12
  13
  14
  1
  2
  4
  5
  6
  7
  8
  1
  2
  4
  9
  10
  11
  12
  13
  14
  1
  2
  4
  5
  6
  7
  8
  1
  2
  4
  9
  10
  11
  12
  13
  14
  1
  2
  4
  5
  6
  7
  8
  1
  2
  4
  5
  6
  7
  8
  1
  2
  4
  5
  6
  7
  8
  1
  2
  4
  5
  6
  7
  8
  1
  2
  4
  5
  6
  7
  8
  1
  2
  4
  5
  6
  7
  8
  1
  2
  4
  9
  10
  11
  12
  13
  14
  1
  2
  4
  5
  6
  7
  8
  1
  2
  4
  5
  6
  7
  8
  1
  2
  4
  5
  6
  7
  8
  1
  2
  4
  5
  6
  7
  8
  1
  2
  4
  5
  6
  7
  8
  1
  2
  4
  5
  6
  7
  8
  1
  2
  4
  5
  6
  7
  8
  1
  2
  4
  5
  6
  7
  8
  1
  2
  4
  9
  10
  11
  12
  13
  14
  1
  2
  4
  5
  6
  7
  8
  1
  2
  4
  5
  6
  7
  8
  1
  2
  4
  5
  6
  7
  8
  1
  2
  4
  9
  10
  11
  12
  13
  14
  1
  2
  4
  5
  6
  7
  8
  1
  2
  4
  5
  6
  7
  8
  1
  2
  4
  5
  6
  7
  8
  1
  2
  4
  5
  6
  7
  8
  1
  2
  4
  9
  10
  11
  12
  13
  14
  1
  2
  4
  5
  6
  7
  8
  1
  2
  4
  5
  6
  7
  8
  1
  2
  4
  5
  6
  7
  8
  1
  2
  4
  9
  10
  11
  12
  13
  14
  1
  2
  4
  5
  6
  7
  8
  1
  2
  4
  5
  6
  7
  8
  1
  2
  4
  9
  10
  11
  12
  13
  14
  1
  2
  4
  5
  6
  7
  8
  1
  2
  4
  5
  6
  7
  8
  1
  2
  4
  5
  6
  7
  8
  1
  2
  4
  9
  10
  11
  12
  13
  14
  1
  2
  4
  5
  6
  7
  8
  1
  2
  4
  9
  10
  11
  12
  13
  14
  1
  2
  4
  5
  6
  7
  8
  1
  2
  4
  5
  6
  7
  8
  1
  2
  4
  5
  6
  7
  8
  1
  2
  4
  5
  6
  7
  8
  1
  2
  4
  9
  10
  11
  12
  13
  14
  1
  2
  4
  5
  6
  7
  8
  1
  2
  4
  5
  6
  7
  8
  1
  2
  4
  5
  6
  7
  8
  1
  2
  4
  9
  10
  11
  12
  13
  14
  1
  2
  4
  5
  6
  7
  8
  1
  2
  4
  9
  10
  11
  12
  13
  14
  1
  2
  4
  5
  6
  7
  8
  1
  2
  4
  5
  6
  7
  8
  1
  2
  4
  9
  10
  11
  12
  13
  14
  1
  2
  4
  5
  6
  7
  8
  1
  2
  4
  5
  6
  7
  8
  1
  2
  4
  5
  6
  7
  8
  1
  2
  4
  5
  6
  7
  8
  1
  2
  4
  5
  6
  7
  8
  1
  2
  4
  5
  6
  7
  8
  1
  2
  4
  5
  6
  7
  8
  1
  2
  4
  5
  6
  7
  8
  1
  2
  4
  5
  6
  7
  8
  1
  2
  4
  5
  6
  7
  8
  1
  2
  4
  5
  6
  7
  8
  1
  2
  4
  5
  6
  7
  8
  3
  3
  3
  3
  3
  3
  3
  3
  3
  3
  3
  3
  3
  3
  3
  3
  3
  3
  3
  3
  3
  3
  3
  3
  3
  3
  3
  3
  3
  3
  3
  3
  3
  3
  3
  3
  3
  3
  3
  3
  3
  3
  3
  3
  1
  1
  1
  1
  1
  1
  1
  1
  1
  1
  1
  1
  1
  1
  1
  1
  1
  1
  1
  1
  1
  1
  1
  1
  1
  1
  1
  1
  1
  1
  1
  1
  15
  15
  15
  15
  15
  15
  15
  15
  15
  15
  15
  15
  15
  15
  15
  15
  15
  15
  15
  15
  15
  15
  15
  15
  15
  15
  15
  15
  15
  15
  15
  15
  15
  15
  15
  15
  15
  15
  15
  15
  1
  1
  1
  1
  1
  1
  1
  1
  15
  15
  15
  15
  15
  15
  15
  15
------------------------------------------------------------
   this is the last line generated by conversion
