
	dat input file for DRAGON5
------------------------------------------------------------


* typge, nbfo, node, elem, macr, nreg,    z, mac2
      0,    0,  1254,  2332,   100, 1254,     0,     1
* index  kindex
      0       0  1
*     eps    eps0
  1.000000E-05   1.000000E-05
*   flux region number per geometry region (mesh)
   1,   2,   3,   4,   5,   6,   7,   8,   9,  10,  11,  12,
  13,  14,  15,  16,  17,  18,  19,  20,  21,  22,  23,  24,
  25,  26,  27,  28,  29,  30,  31,  32,  33,  34,  35,  36,
  37,  38,  39,  40,  41,  42,  43,  44,  45,  46,  47,  48,
  49,  50,  51,  52,  53,  54,  55,  56,  57,  58,  59,  60,
  61,  62,  63,  64,  65,  66,  67,  68,  69,  70,  71,  72,
  73,  74,  75,  76,  77,  78,  79,  80,  81,  82,  83,  84,
  85,  86,  87,  88,  89,  90,  91,  92,  93,  94,  95,  96,
  97,  98,  99, 100, 101, 102, 103, 104, 105, 106, 107, 108,
 109, 110, 111, 112, 113, 114, 115, 116, 117, 118, 119, 120,
 121, 122, 123, 124, 125, 126, 127, 128, 129, 130, 131, 132,
 133, 134, 135, 136, 137, 138, 139, 140, 141, 142, 143, 144,
 145, 146, 147, 148, 149, 150, 151, 152, 153, 154, 155, 156,
 157, 158, 159, 160, 161, 162, 163, 164, 165, 166, 167, 168,
 169, 170, 171, 172, 173, 174, 175, 176, 177, 178, 179, 180,
 181, 182, 183, 184, 185, 186, 187, 188, 189, 190, 191, 192,
 193, 194, 195, 196, 197, 198, 199, 200, 201, 202, 203, 204,
 205, 206, 207, 208, 209, 210, 211, 212, 213, 214, 215, 216,
 217, 218, 219, 220, 221, 222, 223, 224, 225, 226, 227, 228,
 229, 230, 231, 232, 233, 234, 235, 236, 237, 238, 239, 240,
 241, 242, 243, 244, 245, 246, 247, 248, 249, 250, 251, 252,
 253, 254, 255, 256, 257, 258, 259, 260, 261, 262, 263, 264,
 265, 266, 267, 268, 269, 270, 271, 272, 273, 274, 275, 276,
 277, 278, 279, 280, 281, 282, 283, 284, 285, 286, 287, 288,
 289, 290, 291, 292, 293, 294, 295, 296, 297, 298, 299, 300,
 301, 302, 303, 304, 305, 306, 307, 308, 309, 310, 311, 312,
 313, 314, 315, 316, 317, 318, 319, 320, 321, 322, 323, 324,
 325, 326, 327, 328, 329, 330, 331, 332, 333, 334, 335, 336,
 337, 338, 339, 340, 341, 342, 343, 344, 345, 346, 347, 348,
 349, 350, 351, 352, 353, 354, 355, 356, 357, 358, 359, 360,
 361, 362, 363, 364, 365, 366, 367, 368, 369, 370, 371, 372,
 373, 374, 375, 376, 377, 378, 379, 380, 381, 382, 383, 384,
 385, 386, 387, 388, 389, 390, 391, 392, 393, 394, 395, 396,
 397, 398, 399, 400, 401, 402, 403, 404, 405, 406, 407, 408,
 409, 410, 411, 412, 413, 414, 415, 416, 417, 418, 419, 420,
 421, 422, 423, 424, 425, 426, 427, 428, 429, 430, 431, 432,
 433, 434, 435, 436, 437, 438, 439, 440, 441, 442, 443, 444,
 445, 446, 447, 448, 449, 450, 451, 452, 453, 454, 455, 456,
 457, 458, 459, 460, 461, 462, 463, 464, 465, 466, 467, 468,
 469, 470, 471, 472, 473, 474, 475, 476, 477, 478, 479, 480,
 481, 482, 483, 484, 485, 486, 487, 488, 489, 490, 491, 492,
 493, 494, 495, 496, 497, 498, 499, 500, 501, 502, 503, 504,
 505, 506, 507, 508, 509, 510, 511, 512, 513, 514, 515, 516,
 517, 518, 519, 520, 521, 522, 523, 524, 525, 526, 527, 528,
 529, 530, 531, 532, 533, 534, 535, 536, 537, 538, 539, 540,
 541, 542, 543, 544, 545, 546, 547, 548, 549, 550, 551, 552,
 553, 554, 555, 556, 557, 558, 559, 560, 561, 562, 563, 564,
 565, 566, 567, 568, 569, 570, 571, 572, 573, 574, 575, 576,
 577, 578, 579, 580, 581, 582, 583, 584, 585, 586, 587, 588,
 589, 590, 591, 592, 593, 594, 595, 596, 597, 598, 599, 600,
 601, 602, 603, 604, 605, 606, 607, 608, 609, 610, 611, 612,
 613, 614, 615, 616, 617, 618, 619, 620, 621, 622, 623, 624,
 625, 626, 627, 628, 629, 630, 631, 632, 633, 634, 635, 636,
 637, 638, 639, 640, 641, 642, 643, 644, 645, 646, 647, 648,
 649, 650, 651, 652, 653, 654, 655, 656, 657, 658, 659, 660,
 661, 662, 663, 664, 665, 666, 667, 668, 669, 670, 671, 672,
 673, 674, 675, 676, 677, 678, 679, 680, 681, 682, 683, 684,
 685, 686, 687, 688, 689, 690, 691, 692, 693, 694, 695, 696,
 697, 698, 699, 700, 701, 702, 703, 704, 705, 706, 707, 708,
 709, 710, 711, 712, 713, 714, 715, 716, 717, 718, 719, 720,
 721, 722, 723, 724, 725, 726, 727, 728, 729, 730, 731, 732,
 733, 734, 735, 736, 737, 738, 739, 740, 741, 742, 743, 744,
 745, 746, 747, 748, 749, 750, 751, 752, 753, 754, 755, 756,
 757, 758, 759, 760, 761, 762, 763, 764, 765, 766, 767, 768,
 769, 770, 771, 772, 773, 774, 775, 776, 777, 778, 779, 780,
 781, 782, 783, 784, 785, 786, 787, 788, 789, 790, 791, 792,
 793, 794, 795, 796, 797, 798, 799, 800, 801, 802, 803, 804,
 805, 806, 807, 808, 809, 810, 811, 812, 813, 814, 815, 816,
 817, 818, 819, 820, 821, 822, 823, 824, 825, 826, 827, 828,
 829, 830, 831, 832, 833, 834, 835, 836, 837, 838, 839, 840,
 841, 842, 843, 844, 845, 846, 847, 848, 849, 850, 851, 852,
 853, 854, 855, 856, 857, 858, 859, 860, 861, 862, 863, 864,
 865, 866, 867, 868, 869, 870, 871, 872, 873, 874, 875, 876,
 877, 878, 879, 880, 881, 882, 883, 884, 885, 886, 887, 888,
 889, 890, 891, 892, 893, 894, 895, 896, 897, 898, 899, 900,
 901, 902, 903, 904, 905, 906, 907, 908, 909, 910, 911, 912,
 913, 914, 915, 916, 917, 918, 919, 920, 921, 922, 923, 924,
 925, 926, 927, 928, 929, 930, 931, 932, 933, 934, 935, 936,
 937, 938, 939, 940, 941, 942, 943, 944, 945, 946, 947, 948,
 949, 950, 951, 952, 953, 954, 955, 956, 957, 958, 959, 960,
 961, 962, 963, 964, 965, 966, 967, 968, 969, 970, 971, 972,
 973, 974, 975, 976, 977, 978, 979, 980, 981, 982, 983, 984,
 985, 986, 987, 988, 989, 990, 991, 992, 993, 994, 995, 996,
 997, 998, 999, 1000, 1001, 1002, 1003, 1004, 1005, 1006, 1007, 1008,
 1009, 1010, 1011, 1012, 1013, 1014, 1015, 1016, 1017, 1018, 1019, 1020,
 1021, 1022, 1023, 1024, 1025, 1026, 1027, 1028, 1029, 1030, 1031, 1032,
 1033, 1034, 1035, 1036, 1037, 1038, 1039, 1040, 1041, 1042, 1043, 1044,
 1045, 1046, 1047, 1048, 1049, 1050, 1051, 1052, 1053, 1054, 1055, 1056,
 1057, 1058, 1059, 1060, 1061, 1062, 1063, 1064, 1065, 1066, 1067, 1068,
 1069, 1070, 1071, 1072, 1073, 1074, 1075, 1076, 1077, 1078, 1079, 1080,
 1081, 1082, 1083, 1084, 1085, 1086, 1087, 1088, 1089, 1090, 1091, 1092,
 1093, 1094, 1095, 1096, 1097, 1098, 1099, 1100, 1101, 1102, 1103, 1104,
 1105, 1106, 1107, 1108, 1109, 1110, 1111, 1112, 1113, 1114, 1115, 1116,
 1117, 1118, 1119, 1120, 1121, 1122, 1123, 1124, 1125, 1126, 1127, 1128,
 1129, 1130, 1131, 1132, 1133, 1134, 1135, 1136, 1137, 1138, 1139, 1140,
 1141, 1142, 1143, 1144, 1145, 1146, 1147, 1148, 1149, 1150, 1151, 1152,
 1153, 1154, 1155, 1156, 1157, 1158, 1159, 1160, 1161, 1162, 1163, 1164,
 1165, 1166, 1167, 1168, 1169, 1170, 1171, 1172, 1173, 1174, 1175, 1176,
 1177, 1178, 1179, 1180, 1181, 1182, 1183, 1184, 1185, 1186, 1187, 1188,
 1189, 1190, 1191, 1192, 1193, 1194, 1195, 1196, 1197, 1198, 1199, 1200,
 1201, 1202, 1203, 1204, 1205, 1206, 1207, 1208, 1209, 1210, 1211, 1212,
 1213, 1214, 1215, 1216, 1217, 1218, 1219, 1220, 1221, 1222, 1223, 1224,
 1225, 1226, 1227, 1228, 1229, 1230, 1231, 1232, 1233, 1234, 1235, 1236,
 1237, 1238, 1239, 1240, 1241, 1242, 1243, 1244, 1245, 1246, 1247, 1248,
 1249, 1250, 1251, 1252, 1253, 1254
*   names of macros
 MACRO_WaterRod_2 MACRO_WaterRod_1 MACRO70 MACRO12
 MACRO02 MACRO01 MACRO00 MACRO77
 MACRO76 MACRO75 MACRO74 MACRO73
 MACRO72 MACRO71 MACRO67 MACRO66
 MACRO65 MACRO64 MACRO63 MACRO62
 MACRO61 MACRO60 MACRO57 MACRO56
 MACRO55 MACRO54 MACRO53 MACRO52
 MACRO51 MACRO50 MACRO47 MACRO46
 MACRO45 MACRO43 MACRO42 MACRO41
 MACRO40 MACRO37 MACRO36 MACRO35
 MACRO34 MACRO32 MACRO31 MACRO30
 MACRO27 MACRO26 MACRO25 MACRO24
 MACRO23 MACRO22 MACRO21 MACRO20
 MACRO17 MACRO16 MACRO15 MACRO14
 MACRO13 MACRO11 MACRO10 MACRO07
 MACRO06 MACRO05 MACRO04 MACRO03
 BOT_8   RIGHT_8 TOP_1   TOP_8  
 LEFT_1  BOT_1   RIGHT_1 LEFT_8 
 RIGHT_5 TOP_4   TOP_5   TOP_7  
 RIGHT_4 BOT_5   RIGHT_2 LEFT_4 
 LEFT_5  LEFT_7  TOP_2   TOP_3  
 BOT_4   RIGHT_3 RIGHT_7 BOT_2  
 LEFT_2  LEFT_3  BOT_3   TOP_6  
 BOT_7   RIGHT_6 LEFT_6  BOT_6  
 CORNER_TR CORNER_TL CORNER_BR CORNER_BL
*   macro order number per flux region
  1,  1,  1,  1,  1,  1,  1,  1,  1,  1,  2,  2,
  2,  2,  2,  2,  2,  2,  2,  2,  3,  3,  3,  3,
  3,  3,  3,  3,  3,  3,  3,  3,  3,  3,  3,  3,
  3,  3,  4,  4,  4,  4,  4,  4,  4,  4,  4,  4,
  4,  4,  4,  4,  4,  4,  4,  4,  4,  4,  5,  5,
  5,  5,  5,  5,  5,  5,  5,  5,  5,  5,  5,  5,
  5,  5,  5,  5,  6,  6,  6,  6,  6,  6,  6,  6,
  6,  6,  6,  6,  6,  6,  6,  6,  6,  6,  7,  7,
  7,  7,  7,  7,  7,  7,  7,  7,  7,  7,  7,  7,
  7,  7,  7,  7,  8,  8,  8,  8,  8,  8,  8,  8,
  8,  8,  8,  8,  8,  8,  8,  8,  8,  8,  9,  9,
  9,  9,  9,  9,  9,  9,  9,  9,  9,  9,  9,  9,
  9,  9,  9,  9, 10, 10, 10, 10, 10, 10, 10, 10,
 10, 10, 10, 10, 10, 10, 10, 10, 10, 10, 11, 11,
 11, 11, 11, 11, 11, 11, 11, 11, 11, 11, 11, 11,
 11, 11, 11, 11, 12, 12, 12, 12, 12, 12, 12, 12,
 12, 12, 12, 12, 12, 12, 12, 12, 12, 12, 13, 13,
 13, 13, 13, 13, 13, 13, 13, 13, 13, 13, 13, 13,
 13, 13, 13, 13, 14, 14, 14, 14, 14, 14, 14, 14,
 14, 14, 14, 14, 14, 14, 14, 14, 14, 14, 15, 15,
 15, 15, 15, 15, 15, 15, 15, 15, 15, 15, 15, 15,
 15, 15, 15, 15, 16, 16, 16, 16, 16, 16, 16, 16,
 16, 16, 16, 16, 16, 16, 16, 16, 16, 16, 17, 17,
 17, 17, 17, 17, 17, 17, 17, 17, 17, 17, 17, 17,
 17, 17, 17, 17, 18, 18, 18, 18, 18, 18, 18, 18,
 18, 18, 18, 18, 18, 18, 18, 18, 18, 18, 19, 19,
 19, 19, 19, 19, 19, 19, 19, 19, 19, 19, 19, 19,
 19, 19, 19, 19, 19, 19, 20, 20, 20, 20, 20, 20,
 20, 20, 20, 20, 20, 20, 20, 20, 20, 20, 20, 20,
 21, 21, 21, 21, 21, 21, 21, 21, 21, 21, 21, 21,
 21, 21, 21, 21, 21, 21, 22, 22, 22, 22, 22, 22,
 22, 22, 22, 22, 22, 22, 22, 22, 22, 22, 22, 22,
 23, 23, 23, 23, 23, 23, 23, 23, 23, 23, 23, 23,
 23, 23, 23, 23, 23, 23, 24, 24, 24, 24, 24, 24,
 24, 24, 24, 24, 24, 24, 24, 24, 24, 24, 24, 24,
 24, 24, 25, 25, 25, 25, 25, 25, 25, 25, 25, 25,
 25, 25, 25, 25, 25, 25, 25, 25, 26, 26, 26, 26,
 26, 26, 26, 26, 26, 26, 26, 26, 26, 26, 26, 26,
 26, 26, 27, 27, 27, 27, 27, 27, 27, 27, 27, 27,
 27, 27, 27, 27, 27, 27, 27, 27, 28, 28, 28, 28,
 28, 28, 28, 28, 28, 28, 28, 28, 28, 28, 28, 28,
 28, 28, 29, 29, 29, 29, 29, 29, 29, 29, 29, 29,
 29, 29, 29, 29, 29, 29, 29, 29, 30, 30, 30, 30,
 30, 30, 30, 30, 30, 30, 30, 30, 30, 30, 30, 30,
 30, 30, 31, 31, 31, 31, 31, 31, 31, 31, 31, 31,
 31, 31, 31, 31, 31, 31, 31, 31, 32, 32, 32, 32,
 32, 32, 32, 32, 32, 32, 32, 32, 32, 32, 32, 32,
 32, 32, 33, 33, 33, 33, 33, 33, 33, 33, 33, 33,
 33, 33, 33, 33, 33, 33, 33, 33, 34, 34, 34, 34,
 34, 34, 34, 34, 34, 34, 34, 34, 34, 34, 34, 34,
 34, 34, 35, 35, 35, 35, 35, 35, 35, 35, 35, 35,
 35, 35, 35, 35, 35, 35, 35, 35, 36, 36, 36, 36,
 36, 36, 36, 36, 36, 36, 36, 36, 36, 36, 36, 36,
 36, 36, 36, 36, 37, 37, 37, 37, 37, 37, 37, 37,
 37, 37, 37, 37, 37, 37, 37, 37, 37, 37, 38, 38,
 38, 38, 38, 38, 38, 38, 38, 38, 38, 38, 38, 38,
 38, 38, 38, 38, 39, 39, 39, 39, 39, 39, 39, 39,
 39, 39, 39, 39, 39, 39, 39, 39, 39, 39, 40, 40,
 40, 40, 40, 40, 40, 40, 40, 40, 40, 40, 40, 40,
 40, 40, 40, 40, 41, 41, 41, 41, 41, 41, 41, 41,
 41, 41, 41, 41, 41, 41, 41, 41, 41, 41, 42, 42,
 42, 42, 42, 42, 42, 42, 42, 42, 42, 42, 42, 42,
 42, 42, 42, 42, 43, 43, 43, 43, 43, 43, 43, 43,
 43, 43, 43, 43, 43, 43, 43, 43, 43, 43, 44, 44,
 44, 44, 44, 44, 44, 44, 44, 44, 44, 44, 44, 44,
 44, 44, 44, 44, 45, 45, 45, 45, 45, 45, 45, 45,
 45, 45, 45, 45, 45, 45, 45, 45, 45, 45, 46, 46,
 46, 46, 46, 46, 46, 46, 46, 46, 46, 46, 46, 46,
 46, 46, 46, 46, 47, 47, 47, 47, 47, 47, 47, 47,
 47, 47, 47, 47, 47, 47, 47, 47, 47, 47, 48, 48,
 48, 48, 48, 48, 48, 48, 48, 48, 48, 48, 48, 48,
 48, 48, 48, 48, 49, 49, 49, 49, 49, 49, 49, 49,
 49, 49, 49, 49, 49, 49, 49, 49, 49, 49, 50, 50,
 50, 50, 50, 50, 50, 50, 50, 50, 50, 50, 50, 50,
 50, 50, 50, 50, 51, 51, 51, 51, 51, 51, 51, 51,
 51, 51, 51, 51, 51, 51, 51, 51, 51, 51, 52, 52,
 52, 52, 52, 52, 52, 52, 52, 52, 52, 52, 52, 52,
 52, 52, 52, 52, 53, 53, 53, 53, 53, 53, 53, 53,
 53, 53, 53, 53, 53, 53, 53, 53, 53, 53, 54, 54,
 54, 54, 54, 54, 54, 54, 54, 54, 54, 54, 54, 54,
 54, 54, 54, 54, 54, 54, 55, 55, 55, 55, 55, 55,
 55, 55, 55, 55, 55, 55, 55, 55, 55, 55, 55, 55,
 56, 56, 56, 56, 56, 56, 56, 56, 56, 56, 56, 56,
 56, 56, 56, 56, 56, 56, 57, 57, 57, 57, 57, 57,
 57, 57, 57, 57, 57, 57, 57, 57, 57, 57, 57, 57,
 58, 58, 58, 58, 58, 58, 58, 58, 58, 58, 58, 58,
 58, 58, 58, 58, 58, 58, 59, 59, 59, 59, 59, 59,
 59, 59, 59, 59, 59, 59, 59, 59, 59, 59, 59, 59,
 60, 60, 60, 60, 60, 60, 60, 60, 60, 60, 60, 60,
 60, 60, 60, 60, 60, 60, 61, 61, 61, 61, 61, 61,
 61, 61, 61, 61, 61, 61, 61, 61, 61, 61, 61, 61,
 62, 62, 62, 62, 62, 62, 62, 62, 62, 62, 62, 62,
 62, 62, 62, 62, 62, 62, 63, 63, 63, 63, 63, 63,
 63, 63, 63, 63, 63, 63, 63, 63, 63, 63, 63, 63,
 64, 64, 64, 64, 64, 64, 64, 64, 64, 64, 64, 64,
 64, 64, 64, 64, 64, 64, 65, 66, 67, 68, 69, 70,
 71, 72, 73, 74, 75, 76, 77, 78, 79, 80, 81, 82,
 83, 84, 85, 86, 87, 88, 89, 90, 91, 92, 93, 94,
 95, 96, 97, 98, 99, 100, 65, 69, 67, 66, 72, 70,
 71, 68, 78, 80, 81, 82, 85, 88, 73, 89, 90, 91,
 74, 75, 93, 76, 77, 79, 95, 83, 84, 96, 86, 87,
 92, 94, 73, 87, 74, 75, 76, 77, 84, 78, 93, 80,
 81, 82, 79, 83, 85, 86, 90, 88, 94, 92, 89, 91,
 96, 95, 66, 68, 65, 71, 67, 72, 70, 69, 98, 97,
 99, 100,  7,  3, 60,  8
   elements
* ELEM  1  line segment
 1, 0, 1182
*
  0.0000000E+00, 1.1176000E+00, 0.0000000E+00, -1.1176000E+00
* ELEM  2  line segment
 1, 1151, 1182
*
  9.3244151E-01, 1.1176000E+00, -9.3244151E-01, 0.0000000E+00
* ELEM  3  circular arc
 3, 1250, 1182
*
  1.8821400E+00, 1.8821400E+00, 1.2192000E+00, 2.1883526E+02, 1.2329475E+01
* ELEM  4  line segment
 1, 1152, 1182
*
  1.1176000E+00, 0.0000000E+00, 0.0000000E+00, 9.3244151E-01
* ELEM  5  line segment
 1, 0, 1182
*
  0.0000000E+00, 0.0000000E+00, 1.1176000E+00, 0.0000000E+00
* ELEM  6  circular arc
 3, 1188, 1152
*
  1.8821400E+00, 1.8821400E+00, 1.2192000E+00, 2.3116474E+02, 3.8835262E+01
* ELEM  7  line segment
 1, 1152, 1188
*
  1.8821400E+00, 6.6294000E-01, 8.6106000E-01, 0.0000000E+00
* ELEM  8  line segment
 1, 1170, 1152
*
  2.7432000E+00, 0.0000000E+00, 0.0000000E+00, 6.6294000E-01
* ELEM  9  line segment
 1, 0, 1152
*
  1.1176000E+00, 0.0000000E+00, 1.6256000E+00, 0.0000000E+00
* ELEM  10  line segment
 1, 0, 1151
*
  0.0000000E+00, 2.7432000E+00, 0.0000000E+00, -1.6256000E+00
* ELEM  11  line segment
 1, 1171, 1151
*
  6.6294000E-01, 2.7432000E+00, -6.6294000E-01, 0.0000000E+00
* ELEM  12  line segment
 1, 1151, 1184
*
  6.6294000E-01, 2.7432000E+00, 0.0000000E+00, -8.6106000E-01
* ELEM  13  circular arc
 3, 1184, 1151
*
  1.8821400E+00, 1.8821400E+00, 1.2192000E+00, 1.8000000E+02, 3.8835262E+01
* ELEM  14  line segment
 1, 1170, 1196
*
  2.7432000E+00, 6.6294000E-01, 1.6256000E+00, 0.0000000E+00
* ELEM  15  line segment
 1, 1173, 1170
*
  4.3688000E+00, 0.0000000E+00, 0.0000000E+00, 6.6294000E-01
* ELEM  16  line segment
 1, 0, 1170
*
  2.7432000E+00, 0.0000000E+00, 1.6256000E+00, 0.0000000E+00
* ELEM  17  line segment
 1, 0, 1171
*
  0.0000000E+00, 4.3688000E+00, 0.0000000E+00, -1.6256000E+00
* ELEM  18  line segment
 1, 1172, 1171
*
  6.6294000E-01, 4.3688000E+00, -6.6294000E-01, 0.0000000E+00
* ELEM  19  line segment
 1, 1171, 1198
*
  6.6294000E-01, 4.3688000E+00, 0.0000000E+00, -1.6256000E+00
* ELEM  20  line segment
 1, 1173, 1200
*
  4.3688000E+00, 6.6294000E-01, 1.6256000E+00, 0.0000000E+00
* ELEM  21  line segment
 1, 1167, 1173
*
  5.9944000E+00, 0.0000000E+00, 0.0000000E+00, 6.6294000E-01
* ELEM  22  line segment
 1, 0, 1173
*
  4.3688000E+00, 0.0000000E+00, 1.6256000E+00, 0.0000000E+00
* ELEM  23  line segment
 1, 0, 1172
*
  0.0000000E+00, 5.9944000E+00, 0.0000000E+00, -1.6256000E+00
* ELEM  24  line segment
 1, 1162, 1172
*
  6.6294000E-01, 5.9944000E+00, -6.6294000E-01, 0.0000000E+00
* ELEM  25  line segment
 1, 1172, 1199
*
  6.6294000E-01, 5.9944000E+00, 0.0000000E+00, -1.6256000E+00
* ELEM  26  line segment
 1, 1167, 1195
*
  5.9944000E+00, 6.6294000E-01, 1.6256000E+00, 0.0000000E+00
* ELEM  27  line segment
 1, 1160, 1167
*
  7.6200000E+00, 0.0000000E+00, 0.0000000E+00, 6.6294000E-01
* ELEM  28  line segment
 1, 0, 1167
*
  5.9944000E+00, 0.0000000E+00, 1.6256000E+00, 0.0000000E+00
* ELEM  29  line segment
 1, 0, 1162
*
  0.0000000E+00, 7.6200000E+00, 0.0000000E+00, -1.6256000E+00
* ELEM  30  line segment
 1, 1163, 1162
*
  6.6294000E-01, 7.6200000E+00, -6.6294000E-01, 0.0000000E+00
* ELEM  31  line segment
 1, 1162, 1192
*
  6.6294000E-01, 7.6200000E+00, 0.0000000E+00, -1.6256000E+00
* ELEM  32  line segment
 1, 1160, 1191
*
  7.6200000E+00, 6.6294000E-01, 1.6256000E+00, 0.0000000E+00
* ELEM  33  line segment
 1, 1178, 1160
*
  9.2456000E+00, 0.0000000E+00, 0.0000000E+00, 6.6294000E-01
* ELEM  34  line segment
 1, 0, 1160
*
  7.6200000E+00, 0.0000000E+00, 1.6256000E+00, 0.0000000E+00
* ELEM  35  line segment
 1, 0, 1163
*
  0.0000000E+00, 9.2456000E+00, 0.0000000E+00, -1.6256000E+00
* ELEM  36  line segment
 1, 1177, 1163
*
  6.6294000E-01, 9.2456000E+00, -6.6294000E-01, 0.0000000E+00
* ELEM  37  line segment
 1, 1163, 1193
*
  6.6294000E-01, 9.2456000E+00, 0.0000000E+00, -1.6256000E+00
* ELEM  38  line segment
 1, 1178, 1210
*
  9.2456000E+00, 6.6294000E-01, 1.6256000E+00, 0.0000000E+00
* ELEM  39  line segment
 1, 1175, 1178
*
  1.0871200E+01, 0.0000000E+00, 0.0000000E+00, 6.6294000E-01
* ELEM  40  line segment
 1, 0, 1178
*
  9.2456000E+00, 0.0000000E+00, 1.6256000E+00, 0.0000000E+00
* ELEM  41  line segment
 1, 0, 1177
*
  0.0000000E+00, 1.0871200E+01, 0.0000000E+00, -1.6256000E+00
* ELEM  42  line segment
 1, 1164, 1177
*
  6.6294000E-01, 1.0871200E+01, -6.6294000E-01, 0.0000000E+00
* ELEM  43  line segment
 1, 1177, 1207
*
  6.6294000E-01, 1.0871200E+01, 0.0000000E+00, -1.6256000E+00
* ELEM  44  line segment
 1, 1175, 1203
*
  1.0871200E+01, 6.6294000E-01, 1.6256000E+00, 0.0000000E+00
* ELEM  45  line segment
 1, 1147, 1175
*
  1.2496800E+01, 0.0000000E+00, 0.0000000E+00, 6.6294000E-01
* ELEM  46  line segment
 1, 0, 1175
*
  1.0871200E+01, 0.0000000E+00, 1.6256000E+00, 0.0000000E+00
* ELEM  47  line segment
 1, 0, 1164
*
  0.0000000E+00, 1.2496800E+01, 0.0000000E+00, -1.6256000E+00
* ELEM  48  line segment
 1, 1154, 1164
*
  6.6294000E-01, 1.2496800E+01, -6.6294000E-01, 0.0000000E+00
* ELEM  49  line segment
 1, 1164, 1194
*
  6.6294000E-01, 1.2496800E+01, 0.0000000E+00, -1.6256000E+00
* ELEM  50  line segment
 1, 1147, 1183
*
  1.2496800E+01, 6.6294000E-01, 8.6106000E-01, 0.0000000E+00
* ELEM  51  circular arc
 3, 1183, 1147
*
  1.3357860E+01, 1.8821400E+00, 1.2192000E+00, 2.7000000E+02, 3.8835262E+01
* ELEM  52  line segment
 1, 1181, 1147
*
  1.4122400E+01, 0.0000000E+00, 0.0000000E+00, 9.3244151E-01
* ELEM  53  line segment
 1, 0, 1147
*
  1.2496800E+01, 0.0000000E+00, 1.6256000E+00, 0.0000000E+00
* ELEM  54  line segment
 1, 0, 1154
*
  0.0000000E+00, 1.4122400E+01, 0.0000000E+00, -1.6256000E+00
* ELEM  55  line segment
 1, 1180, 1154
*
  9.3244151E-01, 1.4122400E+01, -9.3244151E-01, 0.0000000E+00
* ELEM  56  circular arc
 3, 1187, 1154
*
  1.8821400E+00, 1.3357860E+01, 1.2192000E+00, 1.4116474E+02, 3.8835262E+01
* ELEM  57  line segment
 1, 1154, 1187
*
  6.6294000E-01, 1.3357860E+01, 0.0000000E+00, -8.6106000E-01
* ELEM  58  circular arc
 3, 1249, 1181
*
  1.3357860E+01, 1.8821400E+00, 1.2192000E+00, 3.0883526E+02, 1.2329475E+01
* ELEM  59  line segment
 1, 1153, 1181
*
  1.5240000E+01, 1.1176000E+00, -9.3244151E-01, 0.0000000E+00
* ELEM  60  line segment
 1, 0, 1181
*
  1.5240000E+01, 0.0000000E+00, 0.0000000E+00, 1.1176000E+00
* ELEM  61  line segment
 1, 0, 1181
*
  1.4122400E+01, 0.0000000E+00, 1.1176000E+00, 0.0000000E+00
* ELEM  62  line segment
 1, 0, 1180
*
  0.0000000E+00, 1.5240000E+01, 0.0000000E+00, -1.1176000E+00
* ELEM  63  line segment
 1, 0, 1180
*
  1.1176000E+00, 1.5240000E+01, -1.1176000E+00, 0.0000000E+00
* ELEM  64  line segment
 1, 1149, 1180
*
  1.1176000E+00, 1.4307558E+01, 0.0000000E+00, 9.3244151E-01
* ELEM  65  circular arc
 3, 1247, 1180
*
  1.8821400E+00, 1.3357860E+01, 1.2192000E+00, 1.2883526E+02, 1.2329475E+01
* ELEM  66  circular arc
 3, 1189, 1153
*
  1.3357860E+01, 1.8821400E+00, 1.2192000E+00, 3.2116474E+02, 3.8835262E+01
* ELEM  67  line segment
 1, 1153, 1189
*
  1.4577060E+01, 1.8821400E+00, 0.0000000E+00, 8.6106000E-01
* ELEM  68  line segment
 1, 1161, 1153
*
  1.5240000E+01, 2.7432000E+00, -6.6294000E-01, 0.0000000E+00
* ELEM  69  line segment
 1, 0, 1153
*
  1.5240000E+01, 1.1176000E+00, 0.0000000E+00, 1.6256000E+00
* ELEM  70  line segment
 1, 0, 1149
*
  2.7432000E+00, 1.5240000E+01, -1.6256000E+00, 0.0000000E+00
* ELEM  71  line segment
 1, 1165, 1149
*
  2.7432000E+00, 1.4577060E+01, 0.0000000E+00, 6.6294000E-01
* ELEM  72  line segment
 1, 1149, 1185
*
  2.7432000E+00, 1.4577060E+01, -8.6106000E-01, 0.0000000E+00
* ELEM  73  circular arc
 3, 1185, 1149
*
  1.8821400E+00, 1.3357860E+01, 1.2192000E+00, 9.0000000E+01, 3.8835262E+01
* ELEM  74  line segment
 1, 1161, 1206
*
  1.4577060E+01, 2.7432000E+00, 0.0000000E+00, 1.6256000E+00
* ELEM  75  line segment
 1, 1168, 1161
*
  1.5240000E+01, 4.3688000E+00, -6.6294000E-01, 0.0000000E+00
* ELEM  76  line segment
 1, 0, 1161
*
  1.5240000E+01, 2.7432000E+00, 0.0000000E+00, 1.6256000E+00
* ELEM  77  line segment
 1, 0, 1165
*
  4.3688000E+00, 1.5240000E+01, -1.6256000E+00, 0.0000000E+00
* ELEM  78  line segment
 1, 1166, 1165
*
  4.3688000E+00, 1.4577060E+01, 0.0000000E+00, 6.6294000E-01
* ELEM  79  line segment
 1, 1165, 1208
*
  4.3688000E+00, 1.4577060E+01, -1.6256000E+00, 0.0000000E+00
* ELEM  80  line segment
 1, 1168, 1211
*
  1.4577060E+01, 4.3688000E+00, 0.0000000E+00, 1.6256000E+00
* ELEM  81  line segment
 1, 1159, 1168
*
  1.5240000E+01, 5.9944000E+00, -6.6294000E-01, 0.0000000E+00
* ELEM  82  line segment
 1, 0, 1168
*
  1.5240000E+01, 4.3688000E+00, 0.0000000E+00, 1.6256000E+00
* ELEM  83  line segment
 1, 0, 1166
*
  5.9944000E+00, 1.5240000E+01, -1.6256000E+00, 0.0000000E+00
* ELEM  84  line segment
 1, 1156, 1166
*
  5.9944000E+00, 1.4577060E+01, 0.0000000E+00, 6.6294000E-01
* ELEM  85  line segment
 1, 1166, 1209
*
  5.9944000E+00, 1.4577060E+01, -1.6256000E+00, 0.0000000E+00
* ELEM  86  line segment
 1, 1159, 1205
*
  1.4577060E+01, 5.9944000E+00, 0.0000000E+00, 1.6256000E+00
* ELEM  87  line segment
 1, 1155, 1159
*
  1.5240000E+01, 7.6200000E+00, -6.6294000E-01, 0.0000000E+00
* ELEM  88  line segment
 1, 0, 1159
*
  1.5240000E+01, 5.9944000E+00, 0.0000000E+00, 1.6256000E+00
* ELEM  89  line segment
 1, 0, 1156
*
  7.6200000E+00, 1.5240000E+01, -1.6256000E+00, 0.0000000E+00
* ELEM  90  line segment
 1, 1157, 1156
*
  7.6200000E+00, 1.4577060E+01, 0.0000000E+00, 6.6294000E-01
* ELEM  91  line segment
 1, 1156, 1201
*
  7.6200000E+00, 1.4577060E+01, -1.6256000E+00, 0.0000000E+00
* ELEM  92  line segment
 1, 1155, 1197
*
  1.4577060E+01, 7.6200000E+00, 0.0000000E+00, 1.6256000E+00
* ELEM  93  line segment
 1, 1176, 1155
*
  1.5240000E+01, 9.2456000E+00, -6.6294000E-01, 0.0000000E+00
* ELEM  94  line segment
 1, 0, 1155
*
  1.5240000E+01, 7.6200000E+00, 0.0000000E+00, 1.6256000E+00
* ELEM  95  line segment
 1, 0, 1157
*
  9.2456000E+00, 1.5240000E+01, -1.6256000E+00, 0.0000000E+00
* ELEM  96  line segment
 1, 1174, 1157
*
  9.2456000E+00, 1.4577060E+01, 0.0000000E+00, 6.6294000E-01
* ELEM  97  line segment
 1, 1157, 1202
*
  9.2456000E+00, 1.4577060E+01, -1.6256000E+00, 0.0000000E+00
* ELEM  98  line segment
 1, 1176, 1214
*
  1.4577060E+01, 9.2456000E+00, 0.0000000E+00, 1.6256000E+00
* ELEM  99  line segment
 1, 1169, 1176
*
  1.5240000E+01, 1.0871200E+01, -6.6294000E-01, 0.0000000E+00
* ELEM  100  line segment
 1, 0, 1176
*
  1.5240000E+01, 9.2456000E+00, 0.0000000E+00, 1.6256000E+00
* ELEM  101  line segment
 1, 0, 1174
*
  1.0871200E+01, 1.5240000E+01, -1.6256000E+00, 0.0000000E+00
* ELEM  102  line segment
 1, 1158, 1174
*
  1.0871200E+01, 1.4577060E+01, 0.0000000E+00, 6.6294000E-01
* ELEM  103  line segment
 1, 1174, 1213
*
  1.0871200E+01, 1.4577060E+01, -1.6256000E+00, 0.0000000E+00
* ELEM  104  line segment
 1, 1169, 1212
*
  1.4577060E+01, 1.0871200E+01, 0.0000000E+00, 1.6256000E+00
* ELEM  105  line segment
 1, 1148, 1169
*
  1.5240000E+01, 1.2496800E+01, -6.6294000E-01, 0.0000000E+00
* ELEM  106  line segment
 1, 0, 1169
*
  1.5240000E+01, 1.0871200E+01, 0.0000000E+00, 1.6256000E+00
* ELEM  107  line segment
 1, 0, 1158
*
  1.2496800E+01, 1.5240000E+01, -1.6256000E+00, 0.0000000E+00
* ELEM  108  line segment
 1, 1150, 1158
*
  1.2496800E+01, 1.4577060E+01, 0.0000000E+00, 6.6294000E-01
* ELEM  109  line segment
 1, 1158, 1204
*
  1.2496800E+01, 1.4577060E+01, -1.6256000E+00, 0.0000000E+00
* ELEM  110  line segment
 1, 1148, 1186
*
  1.4577060E+01, 1.2496800E+01, 0.0000000E+00, 8.6106000E-01
* ELEM  111  circular arc
 3, 1186, 1148
*
  1.3357860E+01, 1.3357860E+01, 1.2192000E+00, 0.0000000E+00, 3.8835262E+01
* ELEM  112  line segment
 1, 1179, 1148
*
  1.5240000E+01, 1.4122400E+01, -9.3244151E-01, 0.0000000E+00
* ELEM  113  line segment
 1, 0, 1148
*
  1.5240000E+01, 1.2496800E+01, 0.0000000E+00, 1.6256000E+00
* ELEM  114  line segment
 1, 0, 1150
*
  1.4122400E+01, 1.5240000E+01, -1.6256000E+00, 0.0000000E+00
* ELEM  115  line segment
 1, 1179, 1150
*
  1.4122400E+01, 1.4307558E+01, 0.0000000E+00, 9.3244151E-01
* ELEM  116  circular arc
 3, 1190, 1150
*
  1.3357860E+01, 1.3357860E+01, 1.2192000E+00, 5.1164738E+01, 3.8835262E+01
* ELEM  117  line segment
 1, 1150, 1190
*
  1.3357860E+01, 1.4577060E+01, -8.6106000E-01, 0.0000000E+00
* ELEM  118  circular arc
 3, 1248, 1179
*
  1.3357860E+01, 1.3357860E+01, 1.2192000E+00, 3.8835262E+01, 1.2329475E+01
* ELEM  119  line segment
 1, 0, 1179
*
  1.5240000E+01, 1.5240000E+01, -1.1176000E+00, 0.0000000E+00
* ELEM  120  line segment
 1, 0, 1179
*
  1.5240000E+01, 1.4122400E+01, 0.0000000E+00, 1.1176000E+00
* ELEM  121  line segment
 1, 1247, 1187
*
  1.1176000E+00, 1.4122400E+01, -1.8515849E-01, 0.0000000E+00
* ELEM  122  line segment
 1, 1252, 1187
*
  1.1176000E+00, 1.3947003E+01, 0.0000000E+00, 1.7539687E-01
* ELEM  123  circular arc
 3, 1244, 1187
*
  1.8821400E+00, 1.3357860E+01, 9.6520000E-01, 1.4238269E+02, 3.7617311E+01
* ELEM  124  line segment
 1, 1187, 1244
*
  9.1694000E-01, 1.3357860E+01, 0.0000000E+00, -8.6106000E-01
* ELEM  125  line segment
 1, 1187, 1194
*
  9.1694000E-01, 1.2496800E+01, -2.5400000E-01, 0.0000000E+00
* ELEM  126  line segment
 1, 1194, 1226
*
  9.1694000E-01, 1.2496800E+01, 0.0000000E+00, -1.6256000E+00
* ELEM  127  line segment
 1, 1194, 1207
*
  9.1694000E-01, 1.0871200E+01, -2.5400000E-01, 0.0000000E+00
* ELEM  128  line segment
 1, 1185, 1247
*
  1.1176000E+00, 1.4122400E+01, 0.0000000E+00, 1.8515849E-01
* ELEM  129  line segment
 1, 1207, 1238
*
  9.1694000E-01, 1.0871200E+01, 0.0000000E+00, -1.6256000E+00
* ELEM  130  line segment
 1, 1207, 1193
*
  9.1694000E-01, 9.2456000E+00, -2.5400000E-01, 0.0000000E+00
* ELEM  131  line segment
 1, 1208, 1185
*
  2.7432000E+00, 1.4323060E+01, 0.0000000E+00, 2.5400000E-01
* ELEM  132  line segment
 1, 1185, 1243
*
  2.7432000E+00, 1.4323060E+01, -8.6106000E-01, 0.0000000E+00
* ELEM  133  circular arc
 3, 1243, 1185
*
  1.8821400E+00, 1.3357860E+01, 9.6520000E-01, 9.0000000E+01, 3.7617311E+01
* ELEM  134  line segment
 1, 1252, 1185
*
  1.1176000E+00, 1.4122400E+01, 1.7539687E-01, 0.0000000E+00
* ELEM  135  circular arc
 3, 27, 1252
*
  1.8821400E+00, 1.3357860E+01, 9.6520000E-01, 1.2761731E+02, 1.4765378E+01
* ELEM  136  line segment
 1, 1193, 1225
*
  9.1694000E-01, 9.2456000E+00, 0.0000000E+00, -1.6256000E+00
* ELEM  137  line segment
 1, 1193, 1192
*
  9.1694000E-01, 7.6200000E+00, -2.5400000E-01, 0.0000000E+00
* ELEM  138  line segment
 1, 1192, 1224
*
  9.1694000E-01, 7.6200000E+00, 0.0000000E+00, -1.6256000E+00
* ELEM  139  line segment
 1, 1192, 1199
*
  9.1694000E-01, 5.9944000E+00, -2.5400000E-01, 0.0000000E+00
* ELEM  140  line segment
 1, 1209, 1208
*
  4.3688000E+00, 1.4323060E+01, 0.0000000E+00, 2.5400000E-01
* ELEM  141  line segment
 1, 1208, 1228
*
  4.3688000E+00, 1.4323060E+01, -1.6256000E+00, 0.0000000E+00
* ELEM  142  line segment
 1, 1199, 1231
*
  9.1694000E-01, 5.9944000E+00, 0.0000000E+00, -1.6256000E+00
* ELEM  143  line segment
 1, 1199, 1198
*
  9.1694000E-01, 4.3688000E+00, -2.5400000E-01, 0.0000000E+00
* ELEM  144  line segment
 1, 1201, 1209
*
  5.9944000E+00, 1.4323060E+01, 0.0000000E+00, 2.5400000E-01
* ELEM  145  line segment
 1, 1209, 1221
*
  5.9944000E+00, 1.4323060E+01, -1.6256000E+00, 0.0000000E+00
* ELEM  146  line segment
 1, 1198, 1235
*
  9.1694000E-01, 4.3688000E+00, 0.0000000E+00, -1.6256000E+00
* ELEM  147  line segment
 1, 1198, 1184
*
  9.1694000E-01, 2.7432000E+00, -2.5400000E-01, 0.0000000E+00
* ELEM  148  line segment
 1, 1202, 1201
*
  7.6200000E+00, 1.4323060E+01, 0.0000000E+00, 2.5400000E-01
* ELEM  149  line segment
 1, 1201, 1217
*
  7.6200000E+00, 1.4323060E+01, -1.6256000E+00, 0.0000000E+00
* ELEM  150  line segment
 1, 1184, 1246
*
  9.1694000E-01, 2.7432000E+00, 0.0000000E+00, -8.6106000E-01
* ELEM  151  circular arc
 3, 1246, 1184
*
  1.8821400E+00, 1.8821400E+00, 9.6520000E-01, 1.8000000E+02, 3.7617311E+01
* ELEM  152  line segment
 1, 1251, 1184
*
  1.1176000E+00, 1.1176000E+00, 0.0000000E+00, 1.7539687E-01
* ELEM  153  line segment
 1, 1184, 1250
*
  1.1176000E+00, 1.1176000E+00, -1.8515849E-01, 0.0000000E+00
* ELEM  154  line segment
 1, 1213, 1202
*
  9.2456000E+00, 1.4323060E+01, 0.0000000E+00, 2.5400000E-01
* ELEM  155  line segment
 1, 1202, 1218
*
  9.2456000E+00, 1.4323060E+01, -1.6256000E+00, 0.0000000E+00
* ELEM  156  line segment
 1, 1204, 1213
*
  1.0871200E+01, 1.4323060E+01, 0.0000000E+00, 2.5400000E-01
* ELEM  157  line segment
 1, 1213, 1234
*
  1.0871200E+01, 1.4323060E+01, -1.6256000E+00, 0.0000000E+00
* ELEM  158  line segment
 1, 1188, 1250
*
  1.1176000E+00, 9.3244151E-01, 0.0000000E+00, 1.8515849E-01
* ELEM  159  line segment
 1, 1190, 1204
*
  1.2496800E+01, 1.4323060E+01, 0.0000000E+00, 2.5400000E-01
* ELEM  160  line segment
 1, 1204, 1219
*
  1.2496800E+01, 1.4323060E+01, -1.6256000E+00, 0.0000000E+00
* ELEM  161  line segment
 1, 1251, 1188
*
  1.2929969E+00, 1.1176000E+00, -1.7539687E-01, 0.0000000E+00
* ELEM  162  circular arc
 3, 1245, 1188
*
  1.8821400E+00, 1.8821400E+00, 9.6520000E-01, 2.3238269E+02, 3.7617311E+01
* ELEM  163  line segment
 1, 1188, 1245
*
  1.8821400E+00, 9.1694000E-01, 8.6106000E-01, 0.0000000E+00
* ELEM  164  line segment
 1, 1196, 1188
*
  2.7432000E+00, 6.6294000E-01, 0.0000000E+00, 2.5400000E-01
* ELEM  165  circular arc
 3, 95, 1251
*
  1.8821400E+00, 1.8821400E+00, 9.6520000E-01, 2.1761731E+02, 1.4765378E+01
* ELEM  166  line segment
 1, 1248, 1190
*
  1.4122400E+01, 1.4122400E+01, 0.0000000E+00, 1.8515849E-01
* ELEM  167  line segment
 1, 1254, 1190
*
  1.3947003E+01, 1.4122400E+01, 1.7539687E-01, 0.0000000E+00
* ELEM  168  circular arc
 3, 1240, 1190
*
  1.3357860E+01, 1.3357860E+01, 9.6520000E-01, 5.2382689E+01, 3.7617311E+01
* ELEM  169  line segment
 1, 1190, 1240
*
  1.3357860E+01, 1.4323060E+01, -8.6106000E-01, 0.0000000E+00
* ELEM  170  line segment
 1, 1196, 1232
*
  2.7432000E+00, 9.1694000E-01, 1.6256000E+00, 0.0000000E+00
* ELEM  171  line segment
 1, 1200, 1196
*
  4.3688000E+00, 6.6294000E-01, 0.0000000E+00, 2.5400000E-01
* ELEM  172  line segment
 1, 1248, 1186
*
  1.4307558E+01, 1.4122400E+01, -1.8515849E-01, 0.0000000E+00
* ELEM  173  line segment
 1, 1200, 1236
*
  4.3688000E+00, 9.1694000E-01, 1.6256000E+00, 0.0000000E+00
* ELEM  174  line segment
 1, 1195, 1200
*
  5.9944000E+00, 6.6294000E-01, 0.0000000E+00, 2.5400000E-01
* ELEM  175  line segment
 1, 1186, 1212
*
  1.4577060E+01, 1.2496800E+01, -2.5400000E-01, 0.0000000E+00
* ELEM  176  line segment
 1, 1186, 1239
*
  1.4323060E+01, 1.2496800E+01, 0.0000000E+00, 8.6106000E-01
* ELEM  177  circular arc
 3, 1239, 1186
*
  1.3357860E+01, 1.3357860E+01, 9.6520000E-01, 0.0000000E+00, 3.7617311E+01
* ELEM  178  line segment
 1, 1254, 1186
*
  1.4122400E+01, 1.4122400E+01, 0.0000000E+00, -1.7539687E-01
* ELEM  179  circular arc
 3, 123, 1254
*
  1.3357860E+01, 1.3357860E+01, 9.6520000E-01, 3.7617311E+01, 1.4765378E+01
* ELEM  180  line segment
 1, 1195, 1229
*
  5.9944000E+00, 9.1694000E-01, 1.6256000E+00, 0.0000000E+00
* ELEM  181  line segment
 1, 1191, 1195
*
  7.6200000E+00, 6.6294000E-01, 0.0000000E+00, 2.5400000E-01
* ELEM  182  line segment
 1, 1191, 1222
*
  7.6200000E+00, 9.1694000E-01, 1.6256000E+00, 0.0000000E+00
* ELEM  183  line segment
 1, 1210, 1191
*
  9.2456000E+00, 6.6294000E-01, 0.0000000E+00, 2.5400000E-01
* ELEM  184  line segment
 1, 1212, 1214
*
  1.4577060E+01, 1.0871200E+01, -2.5400000E-01, 0.0000000E+00
* ELEM  185  line segment
 1, 1212, 1216
*
  1.4323060E+01, 1.0871200E+01, 0.0000000E+00, 1.6256000E+00
* ELEM  186  line segment
 1, 1210, 1237
*
  9.2456000E+00, 9.1694000E-01, 1.6256000E+00, 0.0000000E+00
* ELEM  187  line segment
 1, 1203, 1210
*
  1.0871200E+01, 6.6294000E-01, 0.0000000E+00, 2.5400000E-01
* ELEM  188  line segment
 1, 1214, 1197
*
  1.4577060E+01, 9.2456000E+00, -2.5400000E-01, 0.0000000E+00
* ELEM  189  line segment
 1, 1214, 1233
*
  1.4323060E+01, 9.2456000E+00, 0.0000000E+00, 1.6256000E+00
* ELEM  190  line segment
 1, 1203, 1223
*
  1.0871200E+01, 9.1694000E-01, 1.6256000E+00, 0.0000000E+00
* ELEM  191  line segment
 1, 1183, 1203
*
  1.2496800E+01, 6.6294000E-01, 0.0000000E+00, 2.5400000E-01
* ELEM  192  line segment
 1, 1197, 1205
*
  1.4577060E+01, 7.6200000E+00, -2.5400000E-01, 0.0000000E+00
* ELEM  193  line segment
 1, 1197, 1215
*
  1.4323060E+01, 7.6200000E+00, 0.0000000E+00, 1.6256000E+00
* ELEM  194  line segment
 1, 1183, 1241
*
  1.2496800E+01, 9.1694000E-01, 8.6106000E-01, 0.0000000E+00
* ELEM  195  circular arc
 3, 1241, 1183
*
  1.3357860E+01, 1.8821400E+00, 9.6520000E-01, 2.7000000E+02, 3.7617311E+01
* ELEM  196  line segment
 1, 1253, 1183
*
  1.4122400E+01, 1.1176000E+00, -1.7539687E-01, 0.0000000E+00
* ELEM  197  line segment
 1, 1249, 1183
*
  1.4122400E+01, 9.3244151E-01, 0.0000000E+00, 1.8515849E-01
* ELEM  198  line segment
 1, 1205, 1211
*
  1.4577060E+01, 5.9944000E+00, -2.5400000E-01, 0.0000000E+00
* ELEM  199  line segment
 1, 1205, 1220
*
  1.4323060E+01, 5.9944000E+00, 0.0000000E+00, 1.6256000E+00
* ELEM  200  line segment
 1, 1211, 1206
*
  1.4577060E+01, 4.3688000E+00, -2.5400000E-01, 0.0000000E+00
* ELEM  201  line segment
 1, 1211, 1230
*
  1.4323060E+01, 4.3688000E+00, 0.0000000E+00, 1.6256000E+00
* ELEM  202  line segment
 1, 1189, 1249
*
  1.4307558E+01, 1.1176000E+00, -1.8515849E-01, 0.0000000E+00
* ELEM  203  line segment
 1, 1206, 1189
*
  1.4577060E+01, 2.7432000E+00, -2.5400000E-01, 0.0000000E+00
* ELEM  204  line segment
 1, 1206, 1227
*
  1.4323060E+01, 2.7432000E+00, 0.0000000E+00, 1.6256000E+00
* ELEM  205  line segment
 1, 1253, 1189
*
  1.4122400E+01, 1.2929969E+00, 0.0000000E+00, -1.7539687E-01
* ELEM  206  circular arc
 3, 1242, 1189
*
  1.3357860E+01, 1.8821400E+00, 9.6520000E-01, 3.2238269E+02, 3.7617311E+01
* ELEM  207  line segment
 1, 1189, 1242
*
  1.4323060E+01, 1.8821400E+00, 0.0000000E+00, 8.6106000E-01
* ELEM  208  circular arc
 3, 1061, 1253
*
  1.3357860E+01, 1.8821400E+00, 9.6520000E-01, 3.0761731E+02, 1.4765378E+01
* ELEM  209  line segment
 1, 1235, 1246
*
  1.1176000E+00, 2.7432000E+00, -2.0066000E-01, 0.0000000E+00
* ELEM  210  line segment
 1, 95, 1246
*
  1.1176000E+00, 1.2929969E+00, 0.0000000E+00, 3.0073035E-01
* ELEM  211  line segment
 1, 1246, 98
*
  1.1176000E+00, 2.2670728E+00, 0.0000000E+00, -6.7334557E-01
* ELEM  212  line segment
 1, 101, 1246
*
  1.1176000E+00, 2.2670728E+00, 0.0000000E+00, 4.7612722E-01
* ELEM  213  line segment
 1, 95, 97
*
  1.1176000E+00, 1.5937272E+00, 4.7612722E-01, -4.7612722E-01
* ELEM  214  line segment
 1, 95, 1245
*
  1.5937272E+00, 1.1176000E+00, -3.0073035E-01, 0.0000000E+00
* ELEM  215  line segment
 1, 98, 97
*
  1.3636831E+00, 1.6956582E+00, -2.4608306E-01, -1.0193094E-01
* ELEM  216  circular arc
 3, 107, 97
*
  1.9304000E+00, 1.9304000E+00, 6.1341000E-01, 2.0250000E+02, 4.5000000E+01
* ELEM  217  line segment
 1, 97, 96
*
  1.6956582E+00, 1.3636831E+00, -1.0193094E-01, -2.4608306E-01
* ELEM  218  line segment
 1, 102, 98
*
  1.3636831E+00, 2.1651418E+00, -2.4608306E-01, 1.0193094E-01
* ELEM  219  circular arc
 3, 107, 98
*
  1.9304000E+00, 1.9304000E+00, 6.1341000E-01, 1.5750000E+02, 4.5000000E+01
* ELEM  220  line segment
 1, 101, 102
*
  1.5937272E+00, 2.7432000E+00, -4.7612722E-01, -4.7612722E-01
* ELEM  221  line segment
 1, 104, 102
*
  1.6956582E+00, 2.4971169E+00, -1.0193094E-01, 2.4608306E-01
* ELEM  222  circular arc
 3, 107, 102
*
  1.9304000E+00, 1.9304000E+00, 6.1341000E-01, 1.1250000E+02, 4.5000000E+01
* ELEM  223  line segment
 1, 1039, 101
*
  1.5937272E+00, 2.7432000E+00, -4.7612722E-01, 0.0000000E+00
* ELEM  224  circular arc
 3, 107, 96
*
  1.9304000E+00, 1.9304000E+00, 6.1341000E-01, 2.4750000E+02, 4.5000000E+01
* ELEM  225  line segment
 1, 96, 100
*
  2.1651418E+00, 1.3636831E+00, 1.0193094E-01, -2.4608306E-01
* ELEM  226  line segment
 1, 1245, 96
*
  1.5937272E+00, 1.1176000E+00, 6.7334557E-01, 0.0000000E+00
* ELEM  227  circular arc
 3, 107, 103
*
  1.9304000E+00, 1.9304000E+00, 6.1341000E-01, 0.0000000E+00, 2.2500000E+01
* ELEM  228  circular arc
 3, 107, 106
*
  1.9304000E+00, 1.9304000E+00, 6.1341000E-01, 2.2500000E+01, 4.5000000E+01
* ELEM  229  circular arc
 3, 107, 104
*
  1.9304000E+00, 1.9304000E+00, 6.1341000E-01, 6.7500000E+01, 4.5000000E+01
* ELEM  230  circular arc
 3, 107, 100
*
  1.9304000E+00, 1.9304000E+00, 6.1341000E-01, 2.9250000E+02, 4.5000000E+01
* ELEM  231  circular arc
 3, 107, 103
*
  1.9304000E+00, 1.9304000E+00, 6.1341000E-01, 3.3750000E+02, 2.2500000E+01
* ELEM  232  circle
 2, 108, 107
*
  1.9304000E+00, 1.9304000E+00, 5.3213000E-01, 0.0000000E+00
* ELEM  233  line segment
 1, 1039, 1235
*
  1.1176000E+00, 2.7432000E+00, 0.0000000E+00, 4.7612722E-01
* ELEM  234  line segment
 1, 1039, 1041
*
  1.1176000E+00, 3.2193272E+00, 4.7612722E-01, -4.7612722E-01
* ELEM  235  line segment
 1, 1040, 104
*
  2.2670728E+00, 2.7432000E+00, -6.7334557E-01, 0.0000000E+00
* ELEM  236  line segment
 1, 106, 104
*
  2.1651418E+00, 2.4971169E+00, 1.0193094E-01, 2.4608306E-01
* ELEM  237  line segment
 1, 1041, 1040
*
  1.6956582E+00, 2.9892831E+00, -1.0193094E-01, -2.4608306E-01
* ELEM  238  circular arc
 3, 1051, 1040
*
  1.9304000E+00, 3.5560000E+00, 6.1341000E-01, 2.4750000E+02, 4.5000000E+01
* ELEM  239  line segment
 1, 1040, 1044
*
  2.1651418E+00, 2.9892831E+00, 1.0193094E-01, -2.4608306E-01
* ELEM  240  line segment
 1, 1042, 1041
*
  1.3636831E+00, 3.3212582E+00, -2.4608306E-01, -1.0193094E-01
* ELEM  241  circular arc
 3, 1051, 1041
*
  1.9304000E+00, 3.5560000E+00, 6.1341000E-01, 2.0250000E+02, 4.5000000E+01
* ELEM  242  line segment
 1, 99, 100
*
  2.2670728E+00, 1.1176000E+00, 4.7612722E-01, 4.7612722E-01
* ELEM  243  line segment
 1, 99, 77
*
  2.7432000E+00, 1.5937272E+00, 0.0000000E+00, -4.7612722E-01
* ELEM  244  line segment
 1, 99, 1245
*
  2.7432000E+00, 1.1176000E+00, -4.7612722E-01, 0.0000000E+00
* ELEM  245  line segment
 1, 100, 103
*
  2.4971169E+00, 1.6956582E+00, 2.4608306E-01, -1.0193094E-01
* ELEM  246  line segment
 1, 1235, 1042
*
  1.1176000E+00, 3.8926728E+00, 0.0000000E+00, -6.7334557E-01
* ELEM  247  line segment
 1, 1046, 1042
*
  1.3636831E+00, 3.7907418E+00, -2.4608306E-01, 1.0193094E-01
* ELEM  248  circular arc
 3, 1051, 1042
*
  1.9304000E+00, 3.5560000E+00, 6.1341000E-01, 1.5750000E+02, 4.5000000E+01
* ELEM  249  line segment
 1, 103, 106
*
  2.4971169E+00, 2.1651418E+00, 2.4608306E-01, 1.0193094E-01
* ELEM  250  line segment
 1, 105, 106
*
  2.7432000E+00, 2.2670728E+00, -4.7612722E-01, 4.7612722E-01
* ELEM  251  line segment
 1, 1043, 105
*
  2.7432000E+00, 2.7432000E+00, -4.7612722E-01, 0.0000000E+00
* ELEM  252  line segment
 1, 105, 83
*
  2.7432000E+00, 2.7432000E+00, 0.0000000E+00, -4.7612722E-01
* ELEM  253  line segment
 1, 1043, 1044
*
  2.2670728E+00, 2.7432000E+00, 4.7612722E-01, 4.7612722E-01
* ELEM  254  line segment
 1, 1043, 1021
*
  2.7432000E+00, 3.2193272E+00, 0.0000000E+00, -4.7612722E-01
* ELEM  255  circular arc
 3, 1051, 1044
*
  1.9304000E+00, 3.5560000E+00, 6.1341000E-01, 2.9250000E+02, 4.5000000E+01
* ELEM  256  line segment
 1, 1044, 1047
*
  2.4971169E+00, 3.3212582E+00, 2.4608306E-01, -1.0193094E-01
* ELEM  257  circular arc
 3, 1051, 1047
*
  1.9304000E+00, 3.5560000E+00, 6.1341000E-01, 0.0000000E+00, 2.2500000E+01
* ELEM  258  circular arc
 3, 1051, 1050
*
  1.9304000E+00, 3.5560000E+00, 6.1341000E-01, 2.2500000E+01, 4.5000000E+01
* ELEM  259  circular arc
 3, 1051, 1048
*
  1.9304000E+00, 3.5560000E+00, 6.1341000E-01, 6.7500000E+01, 4.5000000E+01
* ELEM  260  circular arc
 3, 1051, 1046
*
  1.9304000E+00, 3.5560000E+00, 6.1341000E-01, 1.1250000E+02, 4.5000000E+01
* ELEM  261  circular arc
 3, 1051, 1047
*
  1.9304000E+00, 3.5560000E+00, 6.1341000E-01, 3.3750000E+02, 2.2500000E+01
* ELEM  262  circle
 2, 1052, 1051
*
  1.9304000E+00, 3.5560000E+00, 5.3213000E-01, 0.0000000E+00
* ELEM  263  line segment
 1, 77, 79
*
  2.7432000E+00, 1.5937272E+00, 4.7612722E-01, -4.7612722E-01
* ELEM  264  line segment
 1, 77, 1232
*
  3.2193272E+00, 1.1176000E+00, -4.7612722E-01, 0.0000000E+00
* ELEM  265  line segment
 1, 80, 79
*
  2.9892831E+00, 1.6956582E+00, -2.4608306E-01, -1.0193094E-01
* ELEM  266  circular arc
 3, 89, 79
*
  3.5560000E+00, 1.9304000E+00, 6.1341000E-01, 2.0250000E+02, 4.5000000E+01
* ELEM  267  line segment
 1, 79, 78
*
  3.3212582E+00, 1.3636831E+00, -1.0193094E-01, -2.4608306E-01
* ELEM  268  line segment
 1, 103, 80
*
  2.7432000E+00, 2.2670728E+00, 0.0000000E+00, -6.7334557E-01
* ELEM  269  line segment
 1, 84, 80
*
  2.9892831E+00, 2.1651418E+00, -2.4608306E-01, 1.0193094E-01
* ELEM  270  circular arc
 3, 89, 80
*
  3.5560000E+00, 1.9304000E+00, 6.1341000E-01, 1.5750000E+02, 4.5000000E+01
* ELEM  271  line segment
 1, 1045, 1046
*
  1.5937272E+00, 4.3688000E+00, -4.7612722E-01, -4.7612722E-01
* ELEM  272  line segment
 1, 1048, 1046
*
  1.6956582E+00, 4.1227169E+00, -1.0193094E-01, 2.4608306E-01
* ELEM  273  line segment
 1, 1045, 1235
*
  1.1176000E+00, 3.8926728E+00, 0.0000000E+00, 4.7612722E-01
* ELEM  274  line segment
 1, 1045, 911
*
  1.1176000E+00, 4.3688000E+00, 4.7612722E-01, 0.0000000E+00
* ELEM  275  line segment
 1, 83, 84
*
  3.2193272E+00, 2.7432000E+00, -4.7612722E-01, -4.7612722E-01
* ELEM  276  line segment
 1, 86, 84
*
  3.3212582E+00, 2.4971169E+00, -1.0193094E-01, 2.4608306E-01
* ELEM  277  circular arc
 3, 89, 84
*
  3.5560000E+00, 1.9304000E+00, 6.1341000E-01, 1.1250000E+02, 4.5000000E+01
* ELEM  278  line segment
 1, 1021, 83
*
  3.2193272E+00, 2.7432000E+00, -4.7612722E-01, 0.0000000E+00
* ELEM  279  line segment
 1, 1021, 1023
*
  2.7432000E+00, 3.2193272E+00, 4.7612722E-01, -4.7612722E-01
* ELEM  280  line segment
 1, 1024, 1023
*
  2.9892831E+00, 3.3212582E+00, -2.4608306E-01, -1.0193094E-01
* ELEM  281  circular arc
 3, 1033, 1023
*
  3.5560000E+00, 3.5560000E+00, 6.1341000E-01, 2.0250000E+02, 4.5000000E+01
* ELEM  282  line segment
 1, 1023, 1022
*
  3.3212582E+00, 2.9892831E+00, -1.0193094E-01, -2.4608306E-01
* ELEM  283  line segment
 1, 1047, 1024
*
  2.7432000E+00, 3.8926728E+00, 0.0000000E+00, -6.7334557E-01
* ELEM  284  line segment
 1, 1028, 1024
*
  2.9892831E+00, 3.7907418E+00, -2.4608306E-01, 1.0193094E-01
* ELEM  285  circular arc
 3, 1033, 1024
*
  3.5560000E+00, 3.5560000E+00, 6.1341000E-01, 1.5750000E+02, 4.5000000E+01
* ELEM  286  line segment
 1, 1047, 1050
*
  2.4971169E+00, 3.7907418E+00, 2.4608306E-01, 1.0193094E-01
* ELEM  287  circular arc
 3, 89, 78
*
  3.5560000E+00, 1.9304000E+00, 6.1341000E-01, 2.4750000E+02, 4.5000000E+01
* ELEM  288  line segment
 1, 78, 82
*
  3.7907418E+00, 1.3636831E+00, 1.0193094E-01, -2.4608306E-01
* ELEM  289  line segment
 1, 1232, 78
*
  3.2193272E+00, 1.1176000E+00, 6.7334557E-01, 0.0000000E+00
* ELEM  290  circular arc
 3, 89, 85
*
  3.5560000E+00, 1.9304000E+00, 6.1341000E-01, 0.0000000E+00, 2.2500000E+01
* ELEM  291  circular arc
 3, 89, 88
*
  3.5560000E+00, 1.9304000E+00, 6.1341000E-01, 2.2500000E+01, 4.5000000E+01
* ELEM  292  circular arc
 3, 89, 86
*
  3.5560000E+00, 1.9304000E+00, 6.1341000E-01, 6.7500000E+01, 4.5000000E+01
* ELEM  293  circular arc
 3, 89, 82
*
  3.5560000E+00, 1.9304000E+00, 6.1341000E-01, 2.9250000E+02, 4.5000000E+01
* ELEM  294  circular arc
 3, 89, 85
*
  3.5560000E+00, 1.9304000E+00, 6.1341000E-01, 3.3750000E+02, 2.2500000E+01
* ELEM  295  circle
 2, 90, 89
*
  3.5560000E+00, 1.9304000E+00, 5.3213000E-01, 0.0000000E+00
* ELEM  296  line segment
 1, 911, 1231
*
  1.1176000E+00, 4.3688000E+00, 0.0000000E+00, 4.7612722E-01
* ELEM  297  line segment
 1, 911, 913
*
  1.1176000E+00, 4.8449272E+00, 4.7612722E-01, -4.7612722E-01
* ELEM  298  line segment
 1, 914, 913
*
  1.3636831E+00, 4.9468582E+00, -2.4608306E-01, -1.0193094E-01
* ELEM  299  circular arc
 3, 923, 913
*
  1.9304000E+00, 5.1816000E+00, 6.1341000E-01, 2.0250000E+02, 4.5000000E+01
* ELEM  300  line segment
 1, 913, 912
*
  1.6956582E+00, 4.6148831E+00, -1.0193094E-01, -2.4608306E-01
* ELEM  301  circular arc
 3, 923, 912
*
  1.9304000E+00, 5.1816000E+00, 6.1341000E-01, 2.4750000E+02, 4.5000000E+01
* ELEM  302  line segment
 1, 912, 916
*
  2.1651418E+00, 4.6148831E+00, 1.0193094E-01, -2.4608306E-01
* ELEM  303  line segment
 1, 1048, 912
*
  1.5937272E+00, 4.3688000E+00, 6.7334557E-01, 0.0000000E+00
* ELEM  304  line segment
 1, 1050, 1048
*
  2.1651418E+00, 4.1227169E+00, 1.0193094E-01, 2.4608306E-01
* ELEM  305  line segment
 1, 1022, 86
*
  3.8926728E+00, 2.7432000E+00, -6.7334557E-01, 0.0000000E+00
* ELEM  306  line segment
 1, 88, 86
*
  3.7907418E+00, 2.4971169E+00, 1.0193094E-01, 2.4608306E-01
* ELEM  307  circular arc
 3, 1033, 1022
*
  3.5560000E+00, 3.5560000E+00, 6.1341000E-01, 2.4750000E+02, 4.5000000E+01
* ELEM  308  line segment
 1, 1022, 1026
*
  3.7907418E+00, 2.9892831E+00, 1.0193094E-01, -2.4608306E-01
* ELEM  309  circular arc
 3, 1033, 1029
*
  3.5560000E+00, 3.5560000E+00, 6.1341000E-01, 0.0000000E+00, 2.2500000E+01
* ELEM  310  circular arc
 3, 1033, 1032
*
  3.5560000E+00, 3.5560000E+00, 6.1341000E-01, 2.2500000E+01, 4.5000000E+01
* ELEM  311  circular arc
 3, 1033, 1030
*
  3.5560000E+00, 3.5560000E+00, 6.1341000E-01, 6.7500000E+01, 4.5000000E+01
* ELEM  312  circular arc
 3, 1033, 1028
*
  3.5560000E+00, 3.5560000E+00, 6.1341000E-01, 1.1250000E+02, 4.5000000E+01
* ELEM  313  circular arc
 3, 1033, 1026
*
  3.5560000E+00, 3.5560000E+00, 6.1341000E-01, 2.9250000E+02, 4.5000000E+01
* ELEM  314  circular arc
 3, 1033, 1029
*
  3.5560000E+00, 3.5560000E+00, 6.1341000E-01, 3.3750000E+02, 2.2500000E+01
* ELEM  315  circle
 2, 1034, 1033
*
  3.5560000E+00, 3.5560000E+00, 5.3213000E-01, 0.0000000E+00
* ELEM  316  line segment
 1, 1027, 1028
*
  3.2193272E+00, 4.3688000E+00, -4.7612722E-01, -4.7612722E-01
* ELEM  317  line segment
 1, 1030, 1028
*
  3.3212582E+00, 4.1227169E+00, -1.0193094E-01, 2.4608306E-01
* ELEM  318  line segment
 1, 1049, 1050
*
  2.7432000E+00, 3.8926728E+00, -4.7612722E-01, 4.7612722E-01
* ELEM  319  line segment
 1, 1049, 915
*
  2.2670728E+00, 4.3688000E+00, 4.7612722E-01, 0.0000000E+00
* ELEM  320  line segment
 1, 1049, 1027
*
  2.7432000E+00, 4.3688000E+00, 0.0000000E+00, -4.7612722E-01
* ELEM  321  line segment
 1, 1027, 893
*
  2.7432000E+00, 4.3688000E+00, 4.7612722E-01, 0.0000000E+00
* ELEM  322  line segment
 1, 81, 82
*
  3.8926728E+00, 1.1176000E+00, 4.7612722E-01, 4.7612722E-01
* ELEM  323  line segment
 1, 81, 59
*
  4.3688000E+00, 1.5937272E+00, 0.0000000E+00, -4.7612722E-01
* ELEM  324  line segment
 1, 81, 1232
*
  4.3688000E+00, 1.1176000E+00, -4.7612722E-01, 0.0000000E+00
* ELEM  325  line segment
 1, 82, 85
*
  4.1227169E+00, 1.6956582E+00, 2.4608306E-01, -1.0193094E-01
* ELEM  326  line segment
 1, 1231, 914
*
  1.1176000E+00, 5.5182728E+00, 0.0000000E+00, -6.7334557E-01
* ELEM  327  line segment
 1, 918, 914
*
  1.3636831E+00, 5.4163418E+00, -2.4608306E-01, 1.0193094E-01
* ELEM  328  circular arc
 3, 923, 914
*
  1.9304000E+00, 5.1816000E+00, 6.1341000E-01, 1.5750000E+02, 4.5000000E+01
* ELEM  329  circular arc
 3, 923, 919
*
  1.9304000E+00, 5.1816000E+00, 6.1341000E-01, 0.0000000E+00, 2.2500000E+01
* ELEM  330  circular arc
 3, 923, 922
*
  1.9304000E+00, 5.1816000E+00, 6.1341000E-01, 2.2500000E+01, 4.5000000E+01
* ELEM  331  circular arc
 3, 923, 920
*
  1.9304000E+00, 5.1816000E+00, 6.1341000E-01, 6.7500000E+01, 4.5000000E+01
* ELEM  332  circular arc
 3, 923, 918
*
  1.9304000E+00, 5.1816000E+00, 6.1341000E-01, 1.1250000E+02, 4.5000000E+01
* ELEM  333  circular arc
 3, 923, 916
*
  1.9304000E+00, 5.1816000E+00, 6.1341000E-01, 2.9250000E+02, 4.5000000E+01
* ELEM  334  circular arc
 3, 923, 919
*
  1.9304000E+00, 5.1816000E+00, 6.1341000E-01, 3.3750000E+02, 2.2500000E+01
* ELEM  335  circle
 2, 924, 923
*
  1.9304000E+00, 5.1816000E+00, 5.3213000E-01, 0.0000000E+00
* ELEM  336  line segment
 1, 916, 919
*
  2.4971169E+00, 4.9468582E+00, 2.4608306E-01, -1.0193094E-01
* ELEM  337  line segment
 1, 915, 916
*
  2.2670728E+00, 4.3688000E+00, 4.7612722E-01, 4.7612722E-01
* ELEM  338  line segment
 1, 915, 893
*
  2.7432000E+00, 4.8449272E+00, 0.0000000E+00, -4.7612722E-01
* ELEM  339  line segment
 1, 85, 88
*
  4.1227169E+00, 2.1651418E+00, 2.4608306E-01, 1.0193094E-01
* ELEM  340  line segment
 1, 87, 88
*
  4.3688000E+00, 2.2670728E+00, -4.7612722E-01, 4.7612722E-01
* ELEM  341  line segment
 1, 1025, 87
*
  4.3688000E+00, 2.7432000E+00, -4.7612722E-01, 0.0000000E+00
* ELEM  342  line segment
 1, 87, 65
*
  4.3688000E+00, 2.7432000E+00, 0.0000000E+00, -4.7612722E-01
* ELEM  343  line segment
 1, 1025, 1026
*
  3.8926728E+00, 2.7432000E+00, 4.7612722E-01, 4.7612722E-01
* ELEM  344  line segment
 1, 1025, 39
*
  4.3688000E+00, 3.2193272E+00, 0.0000000E+00, -4.7612722E-01
* ELEM  345  line segment
 1, 1026, 1029
*
  4.1227169E+00, 3.3212582E+00, 2.4608306E-01, -1.0193094E-01
* ELEM  346  line segment
 1, 893, 895
*
  2.7432000E+00, 4.8449272E+00, 4.7612722E-01, -4.7612722E-01
* ELEM  347  line segment
 1, 896, 895
*
  2.9892831E+00, 4.9468582E+00, -2.4608306E-01, -1.0193094E-01
* ELEM  348  circular arc
 3, 905, 895
*
  3.5560000E+00, 5.1816000E+00, 6.1341000E-01, 2.0250000E+02, 4.5000000E+01
* ELEM  349  line segment
 1, 895, 894
*
  3.3212582E+00, 4.6148831E+00, -1.0193094E-01, -2.4608306E-01
* ELEM  350  circular arc
 3, 905, 894
*
  3.5560000E+00, 5.1816000E+00, 6.1341000E-01, 2.4750000E+02, 4.5000000E+01
* ELEM  351  line segment
 1, 894, 898
*
  3.7907418E+00, 4.6148831E+00, 1.0193094E-01, -2.4608306E-01
* ELEM  352  line segment
 1, 1030, 894
*
  3.2193272E+00, 4.3688000E+00, 6.7334557E-01, 0.0000000E+00
* ELEM  353  line segment
 1, 1032, 1030
*
  3.7907418E+00, 4.1227169E+00, 1.0193094E-01, 2.4608306E-01
* ELEM  354  line segment
 1, 59, 61
*
  4.3688000E+00, 1.5937272E+00, 4.7612722E-01, -4.7612722E-01
* ELEM  355  line segment
 1, 59, 1236
*
  4.8449272E+00, 1.1176000E+00, -4.7612722E-01, 0.0000000E+00
* ELEM  356  line segment
 1, 62, 61
*
  4.6148831E+00, 1.6956582E+00, -2.4608306E-01, -1.0193094E-01
* ELEM  357  circular arc
 3, 71, 61
*
  5.1816000E+00, 1.9304000E+00, 6.1341000E-01, 2.0250000E+02, 4.5000000E+01
* ELEM  358  line segment
 1, 61, 60
*
  4.9468582E+00, 1.3636831E+00, -1.0193094E-01, -2.4608306E-01
* ELEM  359  line segment
 1, 85, 62
*
  4.3688000E+00, 2.2670728E+00, 0.0000000E+00, -6.7334557E-01
* ELEM  360  line segment
 1, 66, 62
*
  4.6148831E+00, 2.1651418E+00, -2.4608306E-01, 1.0193094E-01
* ELEM  361  circular arc
 3, 71, 62
*
  5.1816000E+00, 1.9304000E+00, 6.1341000E-01, 1.5750000E+02, 4.5000000E+01
* ELEM  362  line segment
 1, 917, 918
*
  1.5937272E+00, 5.9944000E+00, -4.7612722E-01, -4.7612722E-01
* ELEM  363  line segment
 1, 920, 918
*
  1.6956582E+00, 5.7483169E+00, -1.0193094E-01, 2.4608306E-01
* ELEM  364  line segment
 1, 917, 1231
*
  1.1176000E+00, 5.5182728E+00, 0.0000000E+00, 4.7612722E-01
* ELEM  365  line segment
 1, 917, 767
*
  1.1176000E+00, 5.9944000E+00, 4.7612722E-01, 0.0000000E+00
* ELEM  366  line segment
 1, 919, 896
*
  2.7432000E+00, 5.5182728E+00, 0.0000000E+00, -6.7334557E-01
* ELEM  367  line segment
 1, 900, 896
*
  2.9892831E+00, 5.4163418E+00, -2.4608306E-01, 1.0193094E-01
* ELEM  368  circular arc
 3, 905, 896
*
  3.5560000E+00, 5.1816000E+00, 6.1341000E-01, 1.5750000E+02, 4.5000000E+01
* ELEM  369  line segment
 1, 919, 922
*
  2.4971169E+00, 5.4163418E+00, 2.4608306E-01, 1.0193094E-01
* ELEM  370  line segment
 1, 65, 66
*
  4.8449272E+00, 2.7432000E+00, -4.7612722E-01, -4.7612722E-01
* ELEM  371  line segment
 1, 68, 66
*
  4.9468582E+00, 2.4971169E+00, -1.0193094E-01, 2.4608306E-01
* ELEM  372  circular arc
 3, 71, 66
*
  5.1816000E+00, 1.9304000E+00, 6.1341000E-01, 1.1250000E+02, 4.5000000E+01
* ELEM  373  line segment
 1, 65, 39
*
  4.3688000E+00, 2.7432000E+00, 4.7612722E-01, 0.0000000E+00
* ELEM  374  line segment
 1, 39, 41
*
  4.3688000E+00, 3.2193272E+00, 4.7612722E-01, -4.7612722E-01
* ELEM  375  line segment
 1, 42, 41
*
  4.6148831E+00, 3.3212582E+00, -2.4608306E-01, -1.0193094E-01
* ELEM  376  circular arc
 3, 51, 41
*
  5.1816000E+00, 3.5560000E+00, 6.1341000E-01, 2.0250000E+02, 4.5000000E+01
* ELEM  377  line segment
 1, 41, 40
*
  4.9468582E+00, 2.9892831E+00, -1.0193094E-01, -2.4608306E-01
* ELEM  378  line segment
 1, 1029, 42
*
  4.3688000E+00, 3.8926728E+00, 0.0000000E+00, -6.7334557E-01
* ELEM  379  line segment
 1, 46, 42
*
  4.6148831E+00, 3.7907418E+00, -2.4608306E-01, 1.0193094E-01
* ELEM  380  circular arc
 3, 51, 42
*
  5.1816000E+00, 3.5560000E+00, 6.1341000E-01, 1.5750000E+02, 4.5000000E+01
* ELEM  381  line segment
 1, 1029, 1032
*
  4.1227169E+00, 3.7907418E+00, 2.4608306E-01, 1.0193094E-01
* ELEM  382  circular arc
 3, 905, 901
*
  3.5560000E+00, 5.1816000E+00, 6.1341000E-01, 0.0000000E+00, 2.2500000E+01
* ELEM  383  circular arc
 3, 905, 904
*
  3.5560000E+00, 5.1816000E+00, 6.1341000E-01, 2.2500000E+01, 4.5000000E+01
* ELEM  384  circular arc
 3, 905, 902
*
  3.5560000E+00, 5.1816000E+00, 6.1341000E-01, 6.7500000E+01, 4.5000000E+01
* ELEM  385  circular arc
 3, 905, 900
*
  3.5560000E+00, 5.1816000E+00, 6.1341000E-01, 1.1250000E+02, 4.5000000E+01
* ELEM  386  circular arc
 3, 905, 898
*
  3.5560000E+00, 5.1816000E+00, 6.1341000E-01, 2.9250000E+02, 4.5000000E+01
* ELEM  387  circular arc
 3, 905, 901
*
  3.5560000E+00, 5.1816000E+00, 6.1341000E-01, 3.3750000E+02, 2.2500000E+01
* ELEM  388  circle
 2, 906, 905
*
  3.5560000E+00, 5.1816000E+00, 5.3213000E-01, 0.0000000E+00
* ELEM  389  line segment
 1, 898, 901
*
  4.1227169E+00, 4.9468582E+00, 2.4608306E-01, -1.0193094E-01
* ELEM  390  line segment
 1, 897, 898
*
  3.8926728E+00, 4.3688000E+00, 4.7612722E-01, 4.7612722E-01
* ELEM  391  line segment
 1, 897, 875
*
  4.3688000E+00, 4.8449272E+00, 0.0000000E+00, -4.7612722E-01
* ELEM  392  line segment
 1, 1031, 897
*
  3.8926728E+00, 4.3688000E+00, 4.7612722E-01, 0.0000000E+00
* ELEM  393  line segment
 1, 1031, 1032
*
  4.3688000E+00, 3.8926728E+00, -4.7612722E-01, 4.7612722E-01
* ELEM  394  line segment
 1, 1031, 45
*
  4.3688000E+00, 4.3688000E+00, 0.0000000E+00, -4.7612722E-01
* ELEM  395  circular arc
 3, 71, 60
*
  5.1816000E+00, 1.9304000E+00, 6.1341000E-01, 2.4750000E+02, 4.5000000E+01
* ELEM  396  line segment
 1, 60, 64
*
  5.4163418E+00, 1.3636831E+00, 1.0193094E-01, -2.4608306E-01
* ELEM  397  line segment
 1, 1236, 60
*
  4.8449272E+00, 1.1176000E+00, 6.7334557E-01, 0.0000000E+00
* ELEM  398  circular arc
 3, 71, 67
*
  5.1816000E+00, 1.9304000E+00, 6.1341000E-01, 0.0000000E+00, 2.2500000E+01
* ELEM  399  circular arc
 3, 71, 70
*
  5.1816000E+00, 1.9304000E+00, 6.1341000E-01, 2.2500000E+01, 4.5000000E+01
* ELEM  400  circular arc
 3, 71, 68
*
  5.1816000E+00, 1.9304000E+00, 6.1341000E-01, 6.7500000E+01, 4.5000000E+01
* ELEM  401  circular arc
 3, 71, 64
*
  5.1816000E+00, 1.9304000E+00, 6.1341000E-01, 2.9250000E+02, 4.5000000E+01
* ELEM  402  circular arc
 3, 71, 67
*
  5.1816000E+00, 1.9304000E+00, 6.1341000E-01, 3.3750000E+02, 2.2500000E+01
* ELEM  403  circle
 2, 72, 71
*
  5.1816000E+00, 1.9304000E+00, 5.3213000E-01, 0.0000000E+00
* ELEM  404  line segment
 1, 767, 1224
*
  1.1176000E+00, 5.9944000E+00, 0.0000000E+00, 4.7612722E-01
* ELEM  405  line segment
 1, 767, 769
*
  1.1176000E+00, 6.4705272E+00, 4.7612722E-01, -4.7612722E-01
* ELEM  406  line segment
 1, 770, 769
*
  1.3636831E+00, 6.5724582E+00, -2.4608306E-01, -1.0193094E-01
* ELEM  407  circular arc
 3, 779, 769
*
  1.9304000E+00, 6.8072000E+00, 6.1341000E-01, 2.0250000E+02, 4.5000000E+01
* ELEM  408  line segment
 1, 769, 768
*
  1.6956582E+00, 6.2404831E+00, -1.0193094E-01, -2.4608306E-01
* ELEM  409  circular arc
 3, 779, 768
*
  1.9304000E+00, 6.8072000E+00, 6.1341000E-01, 2.4750000E+02, 4.5000000E+01
* ELEM  410  line segment
 1, 768, 772
*
  2.1651418E+00, 6.2404831E+00, 1.0193094E-01, -2.4608306E-01
* ELEM  411  line segment
 1, 920, 768
*
  1.5937272E+00, 5.9944000E+00, 6.7334557E-01, 0.0000000E+00
* ELEM  412  line segment
 1, 922, 920
*
  2.1651418E+00, 5.7483169E+00, 1.0193094E-01, 2.4608306E-01
* ELEM  413  line segment
 1, 899, 900
*
  3.2193272E+00, 5.9944000E+00, -4.7612722E-01, -4.7612722E-01
* ELEM  414  line segment
 1, 902, 900
*
  3.3212582E+00, 5.7483169E+00, -1.0193094E-01, 2.4608306E-01
* ELEM  415  line segment
 1, 921, 922
*
  2.7432000E+00, 5.5182728E+00, -4.7612722E-01, 4.7612722E-01
* ELEM  416  line segment
 1, 921, 771
*
  2.2670728E+00, 5.9944000E+00, 4.7612722E-01, 0.0000000E+00
* ELEM  417  line segment
 1, 921, 899
*
  2.7432000E+00, 5.9944000E+00, 0.0000000E+00, -4.7612722E-01
* ELEM  418  line segment
 1, 899, 749
*
  2.7432000E+00, 5.9944000E+00, 4.7612722E-01, 0.0000000E+00
* ELEM  419  circular arc
 3, 51, 40
*
  5.1816000E+00, 3.5560000E+00, 6.1341000E-01, 2.4750000E+02, 4.5000000E+01
* ELEM  420  line segment
 1, 40, 44
*
  5.4163418E+00, 2.9892831E+00, 1.0193094E-01, -2.4608306E-01
* ELEM  421  line segment
 1, 68, 40
*
  4.8449272E+00, 2.7432000E+00, 6.7334557E-01, 0.0000000E+00
* ELEM  422  line segment
 1, 70, 68
*
  5.4163418E+00, 2.4971169E+00, 1.0193094E-01, 2.4608306E-01
* ELEM  423  circular arc
 3, 51, 47
*
  5.1816000E+00, 3.5560000E+00, 6.1341000E-01, 0.0000000E+00, 2.2500000E+01
* ELEM  424  circular arc
 3, 51, 50
*
  5.1816000E+00, 3.5560000E+00, 6.1341000E-01, 2.2500000E+01, 4.5000000E+01
* ELEM  425  circular arc
 3, 51, 48
*
  5.1816000E+00, 3.5560000E+00, 6.1341000E-01, 6.7500000E+01, 4.5000000E+01
* ELEM  426  circular arc
 3, 51, 46
*
  5.1816000E+00, 3.5560000E+00, 6.1341000E-01, 1.1250000E+02, 4.5000000E+01
* ELEM  427  circular arc
 3, 51, 44
*
  5.1816000E+00, 3.5560000E+00, 6.1341000E-01, 2.9250000E+02, 4.5000000E+01
* ELEM  428  circular arc
 3, 51, 47
*
  5.1816000E+00, 3.5560000E+00, 6.1341000E-01, 3.3750000E+02, 2.2500000E+01
* ELEM  429  circle
 2, 52, 51
*
  5.1816000E+00, 3.5560000E+00, 5.3213000E-01, 0.0000000E+00
* ELEM  430  line segment
 1, 45, 46
*
  4.8449272E+00, 4.3688000E+00, -4.7612722E-01, -4.7612722E-01
* ELEM  431  line segment
 1, 48, 46
*
  4.9468582E+00, 4.1227169E+00, -1.0193094E-01, 2.4608306E-01
* ELEM  432  line segment
 1, 875, 45
*
  4.8449272E+00, 4.3688000E+00, -4.7612722E-01, 0.0000000E+00
* ELEM  433  line segment
 1, 875, 877
*
  4.3688000E+00, 4.8449272E+00, 4.7612722E-01, -4.7612722E-01
* ELEM  434  line segment
 1, 878, 877
*
  4.6148831E+00, 4.9468582E+00, -2.4608306E-01, -1.0193094E-01
* ELEM  435  circular arc
 3, 887, 877
*
  5.1816000E+00, 5.1816000E+00, 6.1341000E-01, 2.0250000E+02, 4.5000000E+01
* ELEM  436  line segment
 1, 877, 876
*
  4.9468582E+00, 4.6148831E+00, -1.0193094E-01, -2.4608306E-01
* ELEM  437  line segment
 1, 901, 878
*
  4.3688000E+00, 5.5182728E+00, 0.0000000E+00, -6.7334557E-01
* ELEM  438  line segment
 1, 882, 878
*
  4.6148831E+00, 5.4163418E+00, -2.4608306E-01, 1.0193094E-01
* ELEM  439  circular arc
 3, 887, 878
*
  5.1816000E+00, 5.1816000E+00, 6.1341000E-01, 1.5750000E+02, 4.5000000E+01
* ELEM  440  line segment
 1, 901, 904
*
  4.1227169E+00, 5.4163418E+00, 2.4608306E-01, 1.0193094E-01
* ELEM  441  line segment
 1, 63, 64
*
  5.5182728E+00, 1.1176000E+00, 4.7612722E-01, 4.7612722E-01
* ELEM  442  line segment
 1, 1129, 63
*
  5.9944000E+00, 1.1176000E+00, 0.0000000E+00, 4.7612722E-01
* ELEM  443  line segment
 1, 63, 1236
*
  5.9944000E+00, 1.1176000E+00, -4.7612722E-01, 0.0000000E+00
* ELEM  444  line segment
 1, 64, 67
*
  5.7483169E+00, 1.6956582E+00, 2.4608306E-01, -1.0193094E-01
* ELEM  445  line segment
 1, 1224, 770
*
  1.1176000E+00, 7.1438728E+00, 0.0000000E+00, -6.7334557E-01
* ELEM  446  line segment
 1, 774, 770
*
  1.3636831E+00, 7.0419418E+00, -2.4608306E-01, 1.0193094E-01
* ELEM  447  circular arc
 3, 779, 770
*
  1.9304000E+00, 6.8072000E+00, 6.1341000E-01, 1.5750000E+02, 4.5000000E+01
* ELEM  448  circular arc
 3, 779, 775
*
  1.9304000E+00, 6.8072000E+00, 6.1341000E-01, 0.0000000E+00, 2.2500000E+01
* ELEM  449  circular arc
 3, 779, 778
*
  1.9304000E+00, 6.8072000E+00, 6.1341000E-01, 2.2500000E+01, 4.5000000E+01
* ELEM  450  circular arc
 3, 779, 776
*
  1.9304000E+00, 6.8072000E+00, 6.1341000E-01, 6.7500000E+01, 4.5000000E+01
* ELEM  451  circular arc
 3, 779, 774
*
  1.9304000E+00, 6.8072000E+00, 6.1341000E-01, 1.1250000E+02, 4.5000000E+01
* ELEM  452  circular arc
 3, 779, 772
*
  1.9304000E+00, 6.8072000E+00, 6.1341000E-01, 2.9250000E+02, 4.5000000E+01
* ELEM  453  circular arc
 3, 779, 775
*
  1.9304000E+00, 6.8072000E+00, 6.1341000E-01, 3.3750000E+02, 2.2500000E+01
* ELEM  454  circle
 2, 780, 779
*
  1.9304000E+00, 6.8072000E+00, 5.3213000E-01, 0.0000000E+00
* ELEM  455  line segment
 1, 772, 775
*
  2.4971169E+00, 6.5724582E+00, 2.4608306E-01, -1.0193094E-01
* ELEM  456  line segment
 1, 771, 772
*
  2.2670728E+00, 5.9944000E+00, 4.7612722E-01, 4.7612722E-01
* ELEM  457  line segment
 1, 771, 749
*
  2.7432000E+00, 6.4705272E+00, 0.0000000E+00, -4.7612722E-01
* ELEM  458  line segment
 1, 749, 751
*
  2.7432000E+00, 6.4705272E+00, 4.7612722E-01, -4.7612722E-01
* ELEM  459  line segment
 1, 752, 751
*
  2.9892831E+00, 6.5724582E+00, -2.4608306E-01, -1.0193094E-01
* ELEM  460  circular arc
 3, 761, 751
*
  3.5560000E+00, 6.8072000E+00, 6.1341000E-01, 2.0250000E+02, 4.5000000E+01
* ELEM  461  line segment
 1, 751, 750
*
  3.3212582E+00, 6.2404831E+00, -1.0193094E-01, -2.4608306E-01
* ELEM  462  circular arc
 3, 761, 750
*
  3.5560000E+00, 6.8072000E+00, 6.1341000E-01, 2.4750000E+02, 4.5000000E+01
* ELEM  463  line segment
 1, 750, 754
*
  3.7907418E+00, 6.2404831E+00, 1.0193094E-01, -2.4608306E-01
* ELEM  464  line segment
 1, 902, 750
*
  3.2193272E+00, 5.9944000E+00, 6.7334557E-01, 0.0000000E+00
* ELEM  465  line segment
 1, 904, 902
*
  3.7907418E+00, 5.7483169E+00, 1.0193094E-01, 2.4608306E-01
* ELEM  466  line segment
 1, 44, 47
*
  5.7483169E+00, 3.3212582E+00, 2.4608306E-01, -1.0193094E-01
* ELEM  467  line segment
 1, 43, 44
*
  5.5182728E+00, 2.7432000E+00, 4.7612722E-01, 4.7612722E-01
* ELEM  468  line segment
 1, 1003, 43
*
  5.9944000E+00, 2.7432000E+00, 0.0000000E+00, 4.7612722E-01
* ELEM  469  line segment
 1, 69, 43
*
  5.5182728E+00, 2.7432000E+00, 4.7612722E-01, 0.0000000E+00
* ELEM  470  line segment
 1, 67, 70
*
  5.7483169E+00, 2.1651418E+00, 2.4608306E-01, 1.0193094E-01
* ELEM  471  line segment
 1, 69, 70
*
  5.9944000E+00, 2.2670728E+00, -4.7612722E-01, 4.7612722E-01
* ELEM  472  line segment
 1, 1135, 69
*
  5.9944000E+00, 2.2670728E+00, 0.0000000E+00, 4.7612722E-01
* ELEM  473  line segment
 1, 876, 48
*
  5.5182728E+00, 4.3688000E+00, -6.7334557E-01, 0.0000000E+00
* ELEM  474  line segment
 1, 50, 48
*
  5.4163418E+00, 4.1227169E+00, 1.0193094E-01, 2.4608306E-01
* ELEM  475  circular arc
 3, 887, 876
*
  5.1816000E+00, 5.1816000E+00, 6.1341000E-01, 2.4750000E+02, 4.5000000E+01
* ELEM  476  line segment
 1, 876, 880
*
  5.4163418E+00, 4.6148831E+00, 1.0193094E-01, -2.4608306E-01
* ELEM  477  circular arc
 3, 887, 883
*
  5.1816000E+00, 5.1816000E+00, 6.1341000E-01, 0.0000000E+00, 2.2500000E+01
* ELEM  478  circular arc
 3, 887, 886
*
  5.1816000E+00, 5.1816000E+00, 6.1341000E-01, 2.2500000E+01, 4.5000000E+01
* ELEM  479  circular arc
 3, 887, 884
*
  5.1816000E+00, 5.1816000E+00, 6.1341000E-01, 6.7500000E+01, 4.5000000E+01
* ELEM  480  circular arc
 3, 887, 882
*
  5.1816000E+00, 5.1816000E+00, 6.1341000E-01, 1.1250000E+02, 4.5000000E+01
* ELEM  481  circular arc
 3, 887, 880
*
  5.1816000E+00, 5.1816000E+00, 6.1341000E-01, 2.9250000E+02, 4.5000000E+01
* ELEM  482  circular arc
 3, 887, 883
*
  5.1816000E+00, 5.1816000E+00, 6.1341000E-01, 3.3750000E+02, 2.2500000E+01
* ELEM  483  circle
 2, 888, 887
*
  5.1816000E+00, 5.1816000E+00, 5.3213000E-01, 0.0000000E+00
* ELEM  484  line segment
 1, 881, 882
*
  4.8449272E+00, 5.9944000E+00, -4.7612722E-01, -4.7612722E-01
* ELEM  485  line segment
 1, 884, 882
*
  4.9468582E+00, 5.7483169E+00, -1.0193094E-01, 2.4608306E-01
* ELEM  486  line segment
 1, 903, 904
*
  4.3688000E+00, 5.5182728E+00, -4.7612722E-01, 4.7612722E-01
* ELEM  487  line segment
 1, 903, 753
*
  3.8926728E+00, 5.9944000E+00, 4.7612722E-01, 0.0000000E+00
* ELEM  488  line segment
 1, 903, 881
*
  4.3688000E+00, 5.9944000E+00, 0.0000000E+00, -4.7612722E-01
* ELEM  489  line segment
 1, 881, 731
*
  4.3688000E+00, 5.9944000E+00, 4.7612722E-01, 0.0000000E+00
* ELEM  490  line segment
 1, 1129, 1131
*
  5.9944000E+00, 1.5937272E+00, 4.7612722E-01, -4.7612722E-01
* ELEM  491  line segment
 1, 1129, 1229
*
  6.4705272E+00, 1.1176000E+00, -4.7612722E-01, 0.0000000E+00
* ELEM  492  line segment
 1, 1132, 67
*
  5.9944000E+00, 1.5937272E+00, 0.0000000E+00, 6.7334557E-01
* ELEM  493  line segment
 1, 1132, 1131
*
  6.2404831E+00, 1.6956582E+00, -2.4608306E-01, -1.0193094E-01
* ELEM  494  circular arc
 3, 1141, 1131
*
  6.8072000E+00, 1.9304000E+00, 6.1341000E-01, 2.0250000E+02, 4.5000000E+01
* ELEM  495  line segment
 1, 1131, 1130
*
  6.5724582E+00, 1.3636831E+00, -1.0193094E-01, -2.4608306E-01
* ELEM  496  line segment
 1, 1136, 1132
*
  6.2404831E+00, 2.1651418E+00, -2.4608306E-01, 1.0193094E-01
* ELEM  497  circular arc
 3, 1141, 1132
*
  6.8072000E+00, 1.9304000E+00, 6.1341000E-01, 1.5750000E+02, 4.5000000E+01
* ELEM  498  line segment
 1, 773, 774
*
  1.5937272E+00, 7.6200000E+00, -4.7612722E-01, -4.7612722E-01
* ELEM  499  line segment
 1, 776, 774
*
  1.6956582E+00, 7.3739169E+00, -1.0193094E-01, 2.4608306E-01
* ELEM  500  line segment
 1, 773, 1224
*
  1.1176000E+00, 7.1438728E+00, 0.0000000E+00, 4.7612722E-01
* ELEM  501  line segment
 1, 773, 641
*
  1.1176000E+00, 7.6200000E+00, 4.7612722E-01, 0.0000000E+00
* ELEM  502  line segment
 1, 775, 752
*
  2.7432000E+00, 7.1438728E+00, 0.0000000E+00, -6.7334557E-01
* ELEM  503  line segment
 1, 756, 752
*
  2.9892831E+00, 7.0419418E+00, -2.4608306E-01, 1.0193094E-01
* ELEM  504  circular arc
 3, 761, 752
*
  3.5560000E+00, 6.8072000E+00, 6.1341000E-01, 1.5750000E+02, 4.5000000E+01
* ELEM  505  line segment
 1, 775, 778
*
  2.4971169E+00, 7.0419418E+00, 2.4608306E-01, 1.0193094E-01
* ELEM  506  circular arc
 3, 761, 757
*
  3.5560000E+00, 6.8072000E+00, 6.1341000E-01, 0.0000000E+00, 2.2500000E+01
* ELEM  507  circular arc
 3, 761, 760
*
  3.5560000E+00, 6.8072000E+00, 6.1341000E-01, 2.2500000E+01, 4.5000000E+01
* ELEM  508  circular arc
 3, 761, 758
*
  3.5560000E+00, 6.8072000E+00, 6.1341000E-01, 6.7500000E+01, 4.5000000E+01
* ELEM  509  circular arc
 3, 761, 756
*
  3.5560000E+00, 6.8072000E+00, 6.1341000E-01, 1.1250000E+02, 4.5000000E+01
* ELEM  510  circular arc
 3, 761, 754
*
  3.5560000E+00, 6.8072000E+00, 6.1341000E-01, 2.9250000E+02, 4.5000000E+01
* ELEM  511  circular arc
 3, 761, 757
*
  3.5560000E+00, 6.8072000E+00, 6.1341000E-01, 3.3750000E+02, 2.2500000E+01
* ELEM  512  circle
 2, 762, 761
*
  3.5560000E+00, 6.8072000E+00, 5.3213000E-01, 0.0000000E+00
* ELEM  513  line segment
 1, 754, 757
*
  4.1227169E+00, 6.5724582E+00, 2.4608306E-01, -1.0193094E-01
* ELEM  514  line segment
 1, 753, 754
*
  3.8926728E+00, 5.9944000E+00, 4.7612722E-01, 4.7612722E-01
* ELEM  515  line segment
 1, 753, 731
*
  4.3688000E+00, 6.4705272E+00, 0.0000000E+00, -4.7612722E-01
* ELEM  516  line segment
 1, 1003, 1005
*
  5.9944000E+00, 3.2193272E+00, 4.7612722E-01, -4.7612722E-01
* ELEM  517  line segment
 1, 1135, 1003
*
  5.9944000E+00, 2.7432000E+00, 4.7612722E-01, 0.0000000E+00
* ELEM  518  line segment
 1, 47, 50
*
  5.7483169E+00, 3.7907418E+00, 2.4608306E-01, 1.0193094E-01
* ELEM  519  line segment
 1, 1006, 47
*
  5.9944000E+00, 3.2193272E+00, 0.0000000E+00, 6.7334557E-01
* ELEM  520  line segment
 1, 1006, 1005
*
  6.2404831E+00, 3.3212582E+00, -2.4608306E-01, -1.0193094E-01
* ELEM  521  circular arc
 3, 1015, 1005
*
  6.8072000E+00, 3.5560000E+00, 6.1341000E-01, 2.0250000E+02, 4.5000000E+01
* ELEM  522  line segment
 1, 1005, 1004
*
  6.5724582E+00, 2.9892831E+00, -1.0193094E-01, -2.4608306E-01
* ELEM  523  line segment
 1, 1010, 1006
*
  6.2404831E+00, 3.7907418E+00, -2.4608306E-01, 1.0193094E-01
* ELEM  524  circular arc
 3, 1015, 1006
*
  6.8072000E+00, 3.5560000E+00, 6.1341000E-01, 1.5750000E+02, 4.5000000E+01
* ELEM  525  line segment
 1, 1135, 1136
*
  6.4705272E+00, 2.7432000E+00, -4.7612722E-01, -4.7612722E-01
* ELEM  526  line segment
 1, 1138, 1136
*
  6.5724582E+00, 2.4971169E+00, -1.0193094E-01, 2.4608306E-01
* ELEM  527  circular arc
 3, 1141, 1136
*
  6.8072000E+00, 1.9304000E+00, 6.1341000E-01, 1.1250000E+02, 4.5000000E+01
* ELEM  528  line segment
 1, 49, 50
*
  5.9944000E+00, 3.8926728E+00, -4.7612722E-01, 4.7612722E-01
* ELEM  529  line segment
 1, 879, 49
*
  5.9944000E+00, 4.3688000E+00, -4.7612722E-01, 0.0000000E+00
* ELEM  530  line segment
 1, 1009, 49
*
  5.9944000E+00, 3.8926728E+00, 0.0000000E+00, 4.7612722E-01
* ELEM  531  line segment
 1, 879, 880
*
  5.5182728E+00, 4.3688000E+00, 4.7612722E-01, 4.7612722E-01
* ELEM  532  line segment
 1, 879, 857
*
  5.9944000E+00, 4.8449272E+00, 0.0000000E+00, -4.7612722E-01
* ELEM  533  line segment
 1, 880, 883
*
  5.7483169E+00, 4.9468582E+00, 2.4608306E-01, -1.0193094E-01
* ELEM  534  line segment
 1, 731, 733
*
  4.3688000E+00, 6.4705272E+00, 4.7612722E-01, -4.7612722E-01
* ELEM  535  line segment
 1, 734, 733
*
  4.6148831E+00, 6.5724582E+00, -2.4608306E-01, -1.0193094E-01
* ELEM  536  circular arc
 3, 743, 733
*
  5.1816000E+00, 6.8072000E+00, 6.1341000E-01, 2.0250000E+02, 4.5000000E+01
* ELEM  537  line segment
 1, 733, 732
*
  4.9468582E+00, 6.2404831E+00, -1.0193094E-01, -2.4608306E-01
* ELEM  538  circular arc
 3, 743, 732
*
  5.1816000E+00, 6.8072000E+00, 6.1341000E-01, 2.4750000E+02, 4.5000000E+01
* ELEM  539  line segment
 1, 732, 736
*
  5.4163418E+00, 6.2404831E+00, 1.0193094E-01, -2.4608306E-01
* ELEM  540  line segment
 1, 884, 732
*
  4.8449272E+00, 5.9944000E+00, 6.7334557E-01, 0.0000000E+00
* ELEM  541  line segment
 1, 886, 884
*
  5.4163418E+00, 5.7483169E+00, 1.0193094E-01, 2.4608306E-01
* ELEM  542  circular arc
 3, 1141, 1130
*
  6.8072000E+00, 1.9304000E+00, 6.1341000E-01, 2.4750000E+02, 4.5000000E+01
* ELEM  543  line segment
 1, 1130, 1134
*
  7.0419418E+00, 1.3636831E+00, 1.0193094E-01, -2.4608306E-01
* ELEM  544  line segment
 1, 1229, 1130
*
  6.4705272E+00, 1.1176000E+00, 6.7334557E-01, 0.0000000E+00
* ELEM  545  circular arc
 3, 1141, 1137
*
  6.8072000E+00, 1.9304000E+00, 6.1341000E-01, 0.0000000E+00, 2.2500000E+01
* ELEM  546  circular arc
 3, 1141, 1140
*
  6.8072000E+00, 1.9304000E+00, 6.1341000E-01, 2.2500000E+01, 4.5000000E+01
* ELEM  547  circular arc
 3, 1141, 1138
*
  6.8072000E+00, 1.9304000E+00, 6.1341000E-01, 6.7500000E+01, 4.5000000E+01
* ELEM  548  circular arc
 3, 1141, 1134
*
  6.8072000E+00, 1.9304000E+00, 6.1341000E-01, 2.9250000E+02, 4.5000000E+01
* ELEM  549  circular arc
 3, 1141, 1137
*
  6.8072000E+00, 1.9304000E+00, 6.1341000E-01, 3.3750000E+02, 2.2500000E+01
* ELEM  550  circle
 2, 1142, 1141
*
  6.8072000E+00, 1.9304000E+00, 5.3213000E-01, 0.0000000E+00
* ELEM  551  line segment
 1, 641, 1225
*
  1.1176000E+00, 7.6200000E+00, 0.0000000E+00, 4.7612722E-01
* ELEM  552  line segment
 1, 641, 643
*
  1.1176000E+00, 8.0961272E+00, 4.7612722E-01, -4.7612722E-01
* ELEM  553  line segment
 1, 644, 643
*
  1.3636831E+00, 8.1980582E+00, -2.4608306E-01, -1.0193094E-01
* ELEM  554  circular arc
 3, 653, 643
*
  1.9304000E+00, 8.4328000E+00, 6.1341000E-01, 2.0250000E+02, 4.5000000E+01
* ELEM  555  line segment
 1, 643, 642
*
  1.6956582E+00, 7.8660831E+00, -1.0193094E-01, -2.4608306E-01
* ELEM  556  circular arc
 3, 653, 642
*
  1.9304000E+00, 8.4328000E+00, 6.1341000E-01, 2.4750000E+02, 4.5000000E+01
* ELEM  557  line segment
 1, 642, 646
*
  2.1651418E+00, 7.8660831E+00, 1.0193094E-01, -2.4608306E-01
* ELEM  558  line segment
 1, 776, 642
*
  1.5937272E+00, 7.6200000E+00, 6.7334557E-01, 0.0000000E+00
* ELEM  559  line segment
 1, 778, 776
*
  2.1651418E+00, 7.3739169E+00, 1.0193094E-01, 2.4608306E-01
* ELEM  560  line segment
 1, 755, 756
*
  3.2193272E+00, 7.6200000E+00, -4.7612722E-01, -4.7612722E-01
* ELEM  561  line segment
 1, 758, 756
*
  3.3212582E+00, 7.3739169E+00, -1.0193094E-01, 2.4608306E-01
* ELEM  562  line segment
 1, 777, 778
*
  2.7432000E+00, 7.1438728E+00, -4.7612722E-01, 4.7612722E-01
* ELEM  563  line segment
 1, 777, 645
*
  2.2670728E+00, 7.6200000E+00, 4.7612722E-01, 0.0000000E+00
* ELEM  564  line segment
 1, 777, 755
*
  2.7432000E+00, 7.6200000E+00, 0.0000000E+00, -4.7612722E-01
* ELEM  565  line segment
 1, 755, 621
*
  2.7432000E+00, 7.6200000E+00, 4.7612722E-01, 0.0000000E+00
* ELEM  566  line segment
 1, 757, 734
*
  4.3688000E+00, 7.1438728E+00, 0.0000000E+00, -6.7334557E-01
* ELEM  567  line segment
 1, 738, 734
*
  4.6148831E+00, 7.0419418E+00, -2.4608306E-01, 1.0193094E-01
* ELEM  568  circular arc
 3, 743, 734
*
  5.1816000E+00, 6.8072000E+00, 6.1341000E-01, 1.5750000E+02, 4.5000000E+01
* ELEM  569  line segment
 1, 757, 760
*
  4.1227169E+00, 7.0419418E+00, 2.4608306E-01, 1.0193094E-01
* ELEM  570  line segment
 1, 1009, 1010
*
  6.4705272E+00, 4.3688000E+00, -4.7612722E-01, -4.7612722E-01
* ELEM  571  line segment
 1, 1012, 1010
*
  6.5724582E+00, 4.1227169E+00, -1.0193094E-01, 2.4608306E-01
* ELEM  572  circular arc
 3, 1015, 1010
*
  6.8072000E+00, 3.5560000E+00, 6.1341000E-01, 1.1250000E+02, 4.5000000E+01
* ELEM  573  line segment
 1, 1009, 857
*
  5.9944000E+00, 4.3688000E+00, 4.7612722E-01, 0.0000000E+00
* ELEM  574  circular arc
 3, 1015, 1004
*
  6.8072000E+00, 3.5560000E+00, 6.1341000E-01, 2.4750000E+02, 4.5000000E+01
* ELEM  575  line segment
 1, 1004, 1008
*
  7.0419418E+00, 2.9892831E+00, 1.0193094E-01, -2.4608306E-01
* ELEM  576  line segment
 1, 1138, 1004
*
  6.4705272E+00, 2.7432000E+00, 6.7334557E-01, 0.0000000E+00
* ELEM  577  line segment
 1, 1140, 1138
*
  7.0419418E+00, 2.4971169E+00, 1.0193094E-01, 2.4608306E-01
* ELEM  578  circular arc
 3, 1015, 1011
*
  6.8072000E+00, 3.5560000E+00, 6.1341000E-01, 0.0000000E+00, 2.2500000E+01
* ELEM  579  circular arc
 3, 1015, 1014
*
  6.8072000E+00, 3.5560000E+00, 6.1341000E-01, 2.2500000E+01, 4.5000000E+01
* ELEM  580  circular arc
 3, 1015, 1012
*
  6.8072000E+00, 3.5560000E+00, 6.1341000E-01, 6.7500000E+01, 4.5000000E+01
* ELEM  581  circular arc
 3, 1015, 1008
*
  6.8072000E+00, 3.5560000E+00, 6.1341000E-01, 2.9250000E+02, 4.5000000E+01
* ELEM  582  circular arc
 3, 1015, 1011
*
  6.8072000E+00, 3.5560000E+00, 6.1341000E-01, 3.3750000E+02, 2.2500000E+01
* ELEM  583  circle
 2, 1016, 1015
*
  6.8072000E+00, 3.5560000E+00, 5.3213000E-01, 0.0000000E+00
* ELEM  584  line segment
 1, 857, 859
*
  5.9944000E+00, 4.8449272E+00, 4.7612722E-01, -4.7612722E-01
* ELEM  585  line segment
 1, 860, 859
*
  6.2404831E+00, 4.9468582E+00, -2.4608306E-01, -1.0193094E-01
* ELEM  586  circular arc
 3, 869, 859
*
  6.8072000E+00, 5.1816000E+00, 6.1341000E-01, 2.0250000E+02, 4.5000000E+01
* ELEM  587  line segment
 1, 859, 858
*
  6.5724582E+00, 4.6148831E+00, -1.0193094E-01, -2.4608306E-01
* ELEM  588  line segment
 1, 883, 860
*
  5.9944000E+00, 5.5182728E+00, 0.0000000E+00, -6.7334557E-01
* ELEM  589  line segment
 1, 864, 860
*
  6.2404831E+00, 5.4163418E+00, -2.4608306E-01, 1.0193094E-01
* ELEM  590  circular arc
 3, 869, 860
*
  6.8072000E+00, 5.1816000E+00, 6.1341000E-01, 1.5750000E+02, 4.5000000E+01
* ELEM  591  line segment
 1, 883, 886
*
  5.7483169E+00, 5.4163418E+00, 2.4608306E-01, 1.0193094E-01
* ELEM  592  circular arc
 3, 743, 739
*
  5.1816000E+00, 6.8072000E+00, 6.1341000E-01, 0.0000000E+00, 2.2500000E+01
* ELEM  593  circular arc
 3, 743, 742
*
  5.1816000E+00, 6.8072000E+00, 6.1341000E-01, 2.2500000E+01, 4.5000000E+01
* ELEM  594  circular arc
 3, 743, 740
*
  5.1816000E+00, 6.8072000E+00, 6.1341000E-01, 6.7500000E+01, 4.5000000E+01
* ELEM  595  circular arc
 3, 743, 738
*
  5.1816000E+00, 6.8072000E+00, 6.1341000E-01, 1.1250000E+02, 4.5000000E+01
* ELEM  596  circular arc
 3, 743, 736
*
  5.1816000E+00, 6.8072000E+00, 6.1341000E-01, 2.9250000E+02, 4.5000000E+01
* ELEM  597  circular arc
 3, 743, 739
*
  5.1816000E+00, 6.8072000E+00, 6.1341000E-01, 3.3750000E+02, 2.2500000E+01
* ELEM  598  circle
 2, 744, 743
*
  5.1816000E+00, 6.8072000E+00, 5.3213000E-01, 0.0000000E+00
* ELEM  599  line segment
 1, 736, 739
*
  5.7483169E+00, 6.5724582E+00, 2.4608306E-01, -1.0193094E-01
* ELEM  600  line segment
 1, 735, 736
*
  5.5182728E+00, 5.9944000E+00, 4.7612722E-01, 4.7612722E-01
* ELEM  601  line segment
 1, 12, 735
*
  5.9944000E+00, 5.9944000E+00, 0.0000000E+00, 4.7612722E-01
* ELEM  602  line segment
 1, 885, 735
*
  5.5182728E+00, 5.9944000E+00, 4.7612722E-01, 0.0000000E+00
* ELEM  603  line segment
 1, 885, 886
*
  5.9944000E+00, 5.5182728E+00, -4.7612722E-01, 4.7612722E-01
* ELEM  604  line segment
 1, 885, 863
*
  5.9944000E+00, 5.9944000E+00, 0.0000000E+00, -4.7612722E-01
* ELEM  605  line segment
 1, 1133, 1134
*
  7.1438728E+00, 1.1176000E+00, 4.7612722E-01, 4.7612722E-01
* ELEM  606  line segment
 1, 1133, 1111
*
  7.6200000E+00, 1.5937272E+00, 0.0000000E+00, -4.7612722E-01
* ELEM  607  line segment
 1, 1133, 1229
*
  7.6200000E+00, 1.1176000E+00, -4.7612722E-01, 0.0000000E+00
* ELEM  608  line segment
 1, 1134, 1137
*
  7.3739169E+00, 1.6956582E+00, 2.4608306E-01, -1.0193094E-01
* ELEM  609  line segment
 1, 1225, 644
*
  1.1176000E+00, 8.7694728E+00, 0.0000000E+00, -6.7334557E-01
* ELEM  610  line segment
 1, 648, 644
*
  1.3636831E+00, 8.6675418E+00, -2.4608306E-01, 1.0193094E-01
* ELEM  611  circular arc
 3, 653, 644
*
  1.9304000E+00, 8.4328000E+00, 6.1341000E-01, 1.5750000E+02, 4.5000000E+01
* ELEM  612  circular arc
 3, 653, 649
*
  1.9304000E+00, 8.4328000E+00, 6.1341000E-01, 0.0000000E+00, 2.2500000E+01
* ELEM  613  circular arc
 3, 653, 652
*
  1.9304000E+00, 8.4328000E+00, 6.1341000E-01, 2.2500000E+01, 4.5000000E+01
* ELEM  614  circular arc
 3, 653, 650
*
  1.9304000E+00, 8.4328000E+00, 6.1341000E-01, 6.7500000E+01, 4.5000000E+01
* ELEM  615  circular arc
 3, 653, 648
*
  1.9304000E+00, 8.4328000E+00, 6.1341000E-01, 1.1250000E+02, 4.5000000E+01
* ELEM  616  circular arc
 3, 653, 646
*
  1.9304000E+00, 8.4328000E+00, 6.1341000E-01, 2.9250000E+02, 4.5000000E+01
* ELEM  617  circular arc
 3, 653, 649
*
  1.9304000E+00, 8.4328000E+00, 6.1341000E-01, 3.3750000E+02, 2.2500000E+01
* ELEM  618  circle
 2, 654, 653
*
  1.9304000E+00, 8.4328000E+00, 5.3213000E-01, 0.0000000E+00
* ELEM  619  line segment
 1, 646, 649
*
  2.4971169E+00, 8.1980582E+00, 2.4608306E-01, -1.0193094E-01
* ELEM  620  line segment
 1, 645, 646
*
  2.2670728E+00, 7.6200000E+00, 4.7612722E-01, 4.7612722E-01
* ELEM  621  line segment
 1, 645, 621
*
  2.7432000E+00, 8.0961272E+00, 0.0000000E+00, -4.7612722E-01
* ELEM  622  line segment
 1, 621, 623
*
  2.7432000E+00, 8.0961272E+00, 4.7612722E-01, -4.7612722E-01
* ELEM  623  line segment
 1, 624, 623
*
  2.9892831E+00, 8.1980582E+00, -2.4608306E-01, -1.0193094E-01
* ELEM  624  circular arc
 3, 633, 623
*
  3.5560000E+00, 8.4328000E+00, 6.1341000E-01, 2.0250000E+02, 4.5000000E+01
* ELEM  625  line segment
 1, 623, 622
*
  3.3212582E+00, 7.8660831E+00, -1.0193094E-01, -2.4608306E-01
* ELEM  626  circular arc
 3, 633, 622
*
  3.5560000E+00, 8.4328000E+00, 6.1341000E-01, 2.4750000E+02, 4.5000000E+01
* ELEM  627  line segment
 1, 622, 626
*
  3.7907418E+00, 7.8660831E+00, 1.0193094E-01, -2.4608306E-01
* ELEM  628  line segment
 1, 758, 622
*
  3.2193272E+00, 7.6200000E+00, 6.7334557E-01, 0.0000000E+00
* ELEM  629  line segment
 1, 760, 758
*
  3.7907418E+00, 7.3739169E+00, 1.0193094E-01, 2.4608306E-01
* ELEM  630  line segment
 1, 737, 738
*
  4.8449272E+00, 7.6200000E+00, -4.7612722E-01, -4.7612722E-01
* ELEM  631  line segment
 1, 740, 738
*
  4.9468582E+00, 7.3739169E+00, -1.0193094E-01, 2.4608306E-01
* ELEM  632  line segment
 1, 759, 760
*
  4.3688000E+00, 7.1438728E+00, -4.7612722E-01, 4.7612722E-01
* ELEM  633  line segment
 1, 759, 625
*
  3.8926728E+00, 7.6200000E+00, 4.7612722E-01, 0.0000000E+00
* ELEM  634  line segment
 1, 759, 737
*
  4.3688000E+00, 7.6200000E+00, 0.0000000E+00, -4.7612722E-01
* ELEM  635  line segment
 1, 737, 603
*
  4.3688000E+00, 7.6200000E+00, 4.7612722E-01, 0.0000000E+00
* ELEM  636  circular arc
 3, 869, 858
*
  6.8072000E+00, 5.1816000E+00, 6.1341000E-01, 2.4750000E+02, 4.5000000E+01
* ELEM  637  line segment
 1, 858, 862
*
  7.0419418E+00, 4.6148831E+00, 1.0193094E-01, -2.4608306E-01
* ELEM  638  line segment
 1, 1012, 858
*
  6.4705272E+00, 4.3688000E+00, 6.7334557E-01, 0.0000000E+00
* ELEM  639  line segment
 1, 1014, 1012
*
  7.0419418E+00, 4.1227169E+00, 1.0193094E-01, 2.4608306E-01
* ELEM  640  line segment
 1, 1008, 1011
*
  7.3739169E+00, 3.3212582E+00, 2.4608306E-01, -1.0193094E-01
* ELEM  641  line segment
 1, 1007, 1008
*
  7.1438728E+00, 2.7432000E+00, 4.7612722E-01, 4.7612722E-01
* ELEM  642  line segment
 1, 1007, 985
*
  7.6200000E+00, 3.2193272E+00, 0.0000000E+00, -4.7612722E-01
* ELEM  643  line segment
 1, 1139, 1007
*
  7.1438728E+00, 2.7432000E+00, 4.7612722E-01, 0.0000000E+00
* ELEM  644  line segment
 1, 1137, 1140
*
  7.3739169E+00, 2.1651418E+00, 2.4608306E-01, 1.0193094E-01
* ELEM  645  line segment
 1, 1139, 1140
*
  7.6200000E+00, 2.2670728E+00, -4.7612722E-01, 4.7612722E-01
* ELEM  646  line segment
 1, 1139, 1117
*
  7.6200000E+00, 2.7432000E+00, 0.0000000E+00, -4.7612722E-01
* ELEM  647  circular arc
 3, 869, 865
*
  6.8072000E+00, 5.1816000E+00, 6.1341000E-01, 0.0000000E+00, 2.2500000E+01
* ELEM  648  circular arc
 3, 869, 868
*
  6.8072000E+00, 5.1816000E+00, 6.1341000E-01, 2.2500000E+01, 4.5000000E+01
* ELEM  649  circular arc
 3, 869, 866
*
  6.8072000E+00, 5.1816000E+00, 6.1341000E-01, 6.7500000E+01, 4.5000000E+01
* ELEM  650  circular arc
 3, 869, 864
*
  6.8072000E+00, 5.1816000E+00, 6.1341000E-01, 1.1250000E+02, 4.5000000E+01
* ELEM  651  circular arc
 3, 869, 862
*
  6.8072000E+00, 5.1816000E+00, 6.1341000E-01, 2.9250000E+02, 4.5000000E+01
* ELEM  652  circular arc
 3, 869, 865
*
  6.8072000E+00, 5.1816000E+00, 6.1341000E-01, 3.3750000E+02, 2.2500000E+01
* ELEM  653  circle
 2, 870, 869
*
  6.8072000E+00, 5.1816000E+00, 5.3213000E-01, 0.0000000E+00
* ELEM  654  line segment
 1, 863, 864
*
  6.4705272E+00, 5.9944000E+00, -4.7612722E-01, -4.7612722E-01
* ELEM  655  line segment
 1, 866, 864
*
  6.5724582E+00, 5.7483169E+00, -1.0193094E-01, 2.4608306E-01
* ELEM  656  line segment
 1, 11, 863
*
  6.4705272E+00, 5.9944000E+00, -4.7612722E-01, 0.0000000E+00
* ELEM  657  line segment
 1, 739, 742
*
  5.7483169E+00, 7.0419418E+00, 2.4608306E-01, 1.0193094E-01
* ELEM  658  line segment
 1, 739, 12
*
  5.9944000E+00, 6.8072000E+00, 0.0000000E+00, -3.3667278E-01
* ELEM  659  line segment
 1, 739, 14
*
  5.9944000E+00, 7.1438728E+00, 0.0000000E+00, -3.3667278E-01
* ELEM  660  line segment
 1, 14, 12
*
  6.0566300E+00, 6.8072000E+00, -6.2230000E-02, 0.0000000E+00
* ELEM  661  circular arc
 3, 19, 12
*
  6.8072000E+00, 6.8072000E+00, 7.5057000E-01, 1.8000000E+02, 4.5000000E+01
* ELEM  662  line segment
 1, 12, 11
*
  6.2764669E+00, 6.2764669E+00, -2.8206686E-01, -2.8206686E-01
* ELEM  663  circular arc
 3, 19, 11
*
  6.8072000E+00, 6.8072000E+00, 7.5057000E-01, 2.2500000E+02, 4.5000000E+01
* ELEM  664  line segment
 1, 11, 13
*
  6.8072000E+00, 6.0566300E+00, 0.0000000E+00, -6.2230000E-02
* ELEM  665  line segment
 1, 866, 11
*
  6.4705272E+00, 5.9944000E+00, 3.3667278E-01, 0.0000000E+00
* ELEM  666  line segment
 1, 1111, 1113
*
  7.6200000E+00, 1.5937272E+00, 4.7612722E-01, -4.7612722E-01
* ELEM  667  line segment
 1, 1111, 1222
*
  8.0961272E+00, 1.1176000E+00, -4.7612722E-01, 0.0000000E+00
* ELEM  668  line segment
 1, 1114, 1113
*
  7.8660831E+00, 1.6956582E+00, -2.4608306E-01, -1.0193094E-01
* ELEM  669  circular arc
 3, 1123, 1113
*
  8.4328000E+00, 1.9304000E+00, 6.1341000E-01, 2.0250000E+02, 4.5000000E+01
* ELEM  670  line segment
 1, 1113, 1112
*
  8.1980582E+00, 1.3636831E+00, -1.0193094E-01, -2.4608306E-01
* ELEM  671  line segment
 1, 1137, 1114
*
  7.6200000E+00, 2.2670728E+00, 0.0000000E+00, -6.7334557E-01
* ELEM  672  line segment
 1, 1118, 1114
*
  7.8660831E+00, 2.1651418E+00, -2.4608306E-01, 1.0193094E-01
* ELEM  673  circular arc
 3, 1123, 1114
*
  8.4328000E+00, 1.9304000E+00, 6.1341000E-01, 1.5750000E+02, 4.5000000E+01
* ELEM  674  line segment
 1, 647, 648
*
  1.5937272E+00, 9.2456000E+00, -4.7612722E-01, -4.7612722E-01
* ELEM  675  line segment
 1, 650, 648
*
  1.6956582E+00, 8.9995169E+00, -1.0193094E-01, 2.4608306E-01
* ELEM  676  line segment
 1, 647, 1225
*
  1.1176000E+00, 8.7694728E+00, 0.0000000E+00, 4.7612722E-01
* ELEM  677  line segment
 1, 647, 513
*
  1.1176000E+00, 9.2456000E+00, 4.7612722E-01, 0.0000000E+00
* ELEM  678  line segment
 1, 649, 624
*
  2.7432000E+00, 8.7694728E+00, 0.0000000E+00, -6.7334557E-01
* ELEM  679  line segment
 1, 628, 624
*
  2.9892831E+00, 8.6675418E+00, -2.4608306E-01, 1.0193094E-01
* ELEM  680  circular arc
 3, 633, 624
*
  3.5560000E+00, 8.4328000E+00, 6.1341000E-01, 1.5750000E+02, 4.5000000E+01
* ELEM  681  line segment
 1, 649, 652
*
  2.4971169E+00, 8.6675418E+00, 2.4608306E-01, 1.0193094E-01
* ELEM  682  circular arc
 3, 633, 629
*
  3.5560000E+00, 8.4328000E+00, 6.1341000E-01, 0.0000000E+00, 2.2500000E+01
* ELEM  683  circular arc
 3, 633, 632
*
  3.5560000E+00, 8.4328000E+00, 6.1341000E-01, 2.2500000E+01, 4.5000000E+01
* ELEM  684  circular arc
 3, 633, 630
*
  3.5560000E+00, 8.4328000E+00, 6.1341000E-01, 6.7500000E+01, 4.5000000E+01
* ELEM  685  circular arc
 3, 633, 628
*
  3.5560000E+00, 8.4328000E+00, 6.1341000E-01, 1.1250000E+02, 4.5000000E+01
* ELEM  686  circular arc
 3, 633, 626
*
  3.5560000E+00, 8.4328000E+00, 6.1341000E-01, 2.9250000E+02, 4.5000000E+01
* ELEM  687  circular arc
 3, 633, 629
*
  3.5560000E+00, 8.4328000E+00, 6.1341000E-01, 3.3750000E+02, 2.2500000E+01
* ELEM  688  circle
 2, 634, 633
*
  3.5560000E+00, 8.4328000E+00, 5.3213000E-01, 0.0000000E+00
* ELEM  689  line segment
 1, 626, 629
*
  4.1227169E+00, 8.1980582E+00, 2.4608306E-01, -1.0193094E-01
* ELEM  690  line segment
 1, 625, 626
*
  3.8926728E+00, 7.6200000E+00, 4.7612722E-01, 4.7612722E-01
* ELEM  691  line segment
 1, 625, 603
*
  4.3688000E+00, 8.0961272E+00, 0.0000000E+00, -4.7612722E-01
* ELEM  692  line segment
 1, 603, 605
*
  4.3688000E+00, 8.0961272E+00, 4.7612722E-01, -4.7612722E-01
* ELEM  693  line segment
 1, 606, 605
*
  4.6148831E+00, 8.1980582E+00, -2.4608306E-01, -1.0193094E-01
* ELEM  694  circular arc
 3, 615, 605
*
  5.1816000E+00, 8.4328000E+00, 6.1341000E-01, 2.0250000E+02, 4.5000000E+01
* ELEM  695  line segment
 1, 605, 604
*
  4.9468582E+00, 7.8660831E+00, -1.0193094E-01, -2.4608306E-01
* ELEM  696  circular arc
 3, 615, 604
*
  5.1816000E+00, 8.4328000E+00, 6.1341000E-01, 2.4750000E+02, 4.5000000E+01
* ELEM  697  line segment
 1, 604, 608
*
  5.4163418E+00, 7.8660831E+00, 1.0193094E-01, -2.4608306E-01
* ELEM  698  line segment
 1, 740, 604
*
  4.8449272E+00, 7.6200000E+00, 6.7334557E-01, 0.0000000E+00
* ELEM  699  line segment
 1, 742, 740
*
  5.4163418E+00, 7.3739169E+00, 1.0193094E-01, 2.4608306E-01
* ELEM  700  line segment
 1, 862, 865
*
  7.3739169E+00, 4.9468582E+00, 2.4608306E-01, -1.0193094E-01
* ELEM  701  line segment
 1, 861, 862
*
  7.1438728E+00, 4.3688000E+00, 4.7612722E-01, 4.7612722E-01
* ELEM  702  line segment
 1, 861, 839
*
  7.6200000E+00, 4.8449272E+00, 0.0000000E+00, -4.7612722E-01
* ELEM  703  line segment
 1, 1013, 861
*
  7.1438728E+00, 4.3688000E+00, 4.7612722E-01, 0.0000000E+00
* ELEM  704  line segment
 1, 1011, 1014
*
  7.3739169E+00, 3.7907418E+00, 2.4608306E-01, 1.0193094E-01
* ELEM  705  line segment
 1, 1013, 1014
*
  7.6200000E+00, 3.8926728E+00, -4.7612722E-01, 4.7612722E-01
* ELEM  706  line segment
 1, 1013, 991
*
  7.6200000E+00, 4.3688000E+00, 0.0000000E+00, -4.7612722E-01
* ELEM  707  line segment
 1, 985, 987
*
  7.6200000E+00, 3.2193272E+00, 4.7612722E-01, -4.7612722E-01
* ELEM  708  line segment
 1, 1117, 985
*
  7.6200000E+00, 2.7432000E+00, 4.7612722E-01, 0.0000000E+00
* ELEM  709  line segment
 1, 988, 987
*
  7.8660831E+00, 3.3212582E+00, -2.4608306E-01, -1.0193094E-01
* ELEM  710  circular arc
 3, 997, 987
*
  8.4328000E+00, 3.5560000E+00, 6.1341000E-01, 2.0250000E+02, 4.5000000E+01
* ELEM  711  line segment
 1, 987, 986
*
  8.1980582E+00, 2.9892831E+00, -1.0193094E-01, -2.4608306E-01
* ELEM  712  line segment
 1, 1011, 988
*
  7.6200000E+00, 3.8926728E+00, 0.0000000E+00, -6.7334557E-01
* ELEM  713  line segment
 1, 992, 988
*
  7.8660831E+00, 3.7907418E+00, -2.4608306E-01, 1.0193094E-01
* ELEM  714  circular arc
 3, 997, 988
*
  8.4328000E+00, 3.5560000E+00, 6.1341000E-01, 1.5750000E+02, 4.5000000E+01
* ELEM  715  line segment
 1, 1117, 1118
*
  8.0961272E+00, 2.7432000E+00, -4.7612722E-01, -4.7612722E-01
* ELEM  716  line segment
 1, 1120, 1118
*
  8.1980582E+00, 2.4971169E+00, -1.0193094E-01, 2.4608306E-01
* ELEM  717  circular arc
 3, 1123, 1118
*
  8.4328000E+00, 1.9304000E+00, 6.1341000E-01, 1.1250000E+02, 4.5000000E+01
* ELEM  718  line segment
 1, 866, 13
*
  6.8072000E+00, 5.9944000E+00, 3.3667278E-01, 0.0000000E+00
* ELEM  719  line segment
 1, 868, 866
*
  7.0419418E+00, 5.7483169E+00, 1.0193094E-01, 2.4608306E-01
* ELEM  720  line segment
 1, 14, 741
*
  5.9944000E+00, 7.1438728E+00, 0.0000000E+00, 4.7612722E-01
* ELEM  721  line segment
 1, 16, 14
*
  6.2764669E+00, 7.3379331E+00, -2.8206686E-01, 2.8206686E-01
* ELEM  722  circular arc
 3, 19, 14
*
  6.8072000E+00, 6.8072000E+00, 7.5057000E-01, 1.3500000E+02, 4.5000000E+01
* ELEM  723  circular arc
 3, 19, 17
*
  6.8072000E+00, 6.8072000E+00, 7.5057000E-01, 0.0000000E+00, 4.5000000E+01
* ELEM  724  circular arc
 3, 19, 18
*
  6.8072000E+00, 6.8072000E+00, 7.5057000E-01, 4.5000000E+01, 4.5000000E+01
* ELEM  725  circular arc
 3, 19, 16
*
  6.8072000E+00, 6.8072000E+00, 7.5057000E-01, 9.0000000E+01, 4.5000000E+01
* ELEM  726  circular arc
 3, 19, 13
*
  6.8072000E+00, 6.8072000E+00, 7.5057000E-01, 2.7000000E+02, 4.5000000E+01
* ELEM  727  circular arc
 3, 19, 15
*
  6.8072000E+00, 6.8072000E+00, 7.5057000E-01, 3.1500000E+02, 4.5000000E+01
* ELEM  728  circle
 2, 20, 19
*
  6.8072000E+00, 6.8072000E+00, 6.7437000E-01, 0.0000000E+00
* ELEM  729  circular arc
 3, 1123, 1112
*
  8.4328000E+00, 1.9304000E+00, 6.1341000E-01, 2.4750000E+02, 4.5000000E+01
* ELEM  730  line segment
 1, 1112, 1116
*
  8.6675418E+00, 1.3636831E+00, 1.0193094E-01, -2.4608306E-01
* ELEM  731  line segment
 1, 1222, 1112
*
  8.0961272E+00, 1.1176000E+00, 6.7334557E-01, 0.0000000E+00
* ELEM  732  circular arc
 3, 1123, 1119
*
  8.4328000E+00, 1.9304000E+00, 6.1341000E-01, 0.0000000E+00, 2.2500000E+01
* ELEM  733  circular arc
 3, 1123, 1122
*
  8.4328000E+00, 1.9304000E+00, 6.1341000E-01, 2.2500000E+01, 4.5000000E+01
* ELEM  734  circular arc
 3, 1123, 1120
*
  8.4328000E+00, 1.9304000E+00, 6.1341000E-01, 6.7500000E+01, 4.5000000E+01
* ELEM  735  circular arc
 3, 1123, 1116
*
  8.4328000E+00, 1.9304000E+00, 6.1341000E-01, 2.9250000E+02, 4.5000000E+01
* ELEM  736  circular arc
 3, 1123, 1119
*
  8.4328000E+00, 1.9304000E+00, 6.1341000E-01, 3.3750000E+02, 2.2500000E+01
* ELEM  737  circle
 2, 1124, 1123
*
  8.4328000E+00, 1.9304000E+00, 5.3213000E-01, 0.0000000E+00
* ELEM  738  line segment
 1, 513, 1238
*
  1.1176000E+00, 9.2456000E+00, 0.0000000E+00, 4.7612722E-01
* ELEM  739  line segment
 1, 513, 515
*
  1.1176000E+00, 9.7217272E+00, 4.7612722E-01, -4.7612722E-01
* ELEM  740  line segment
 1, 516, 515
*
  1.3636831E+00, 9.8236582E+00, -2.4608306E-01, -1.0193094E-01
* ELEM  741  circular arc
 3, 525, 515
*
  1.9304000E+00, 1.0058400E+01, 6.1341000E-01, 2.0250000E+02, 4.5000000E+01
* ELEM  742  line segment
 1, 515, 514
*
  1.6956582E+00, 9.4916831E+00, -1.0193094E-01, -2.4608306E-01
* ELEM  743  circular arc
 3, 525, 514
*
  1.9304000E+00, 1.0058400E+01, 6.1341000E-01, 2.4750000E+02, 4.5000000E+01
* ELEM  744  line segment
 1, 514, 518
*
  2.1651418E+00, 9.4916831E+00, 1.0193094E-01, -2.4608306E-01
* ELEM  745  line segment
 1, 650, 514
*
  1.5937272E+00, 9.2456000E+00, 6.7334557E-01, 0.0000000E+00
* ELEM  746  line segment
 1, 652, 650
*
  2.1651418E+00, 8.9995169E+00, 1.0193094E-01, 2.4608306E-01
* ELEM  747  line segment
 1, 627, 628
*
  3.2193272E+00, 9.2456000E+00, -4.7612722E-01, -4.7612722E-01
* ELEM  748  line segment
 1, 630, 628
*
  3.3212582E+00, 8.9995169E+00, -1.0193094E-01, 2.4608306E-01
* ELEM  749  line segment
 1, 651, 652
*
  2.7432000E+00, 8.7694728E+00, -4.7612722E-01, 4.7612722E-01
* ELEM  750  line segment
 1, 651, 517
*
  2.2670728E+00, 9.2456000E+00, 4.7612722E-01, 0.0000000E+00
* ELEM  751  line segment
 1, 651, 627
*
  2.7432000E+00, 9.2456000E+00, 0.0000000E+00, -4.7612722E-01
* ELEM  752  line segment
 1, 627, 495
*
  2.7432000E+00, 9.2456000E+00, 4.7612722E-01, 0.0000000E+00
* ELEM  753  line segment
 1, 629, 606
*
  4.3688000E+00, 8.7694728E+00, 0.0000000E+00, -6.7334557E-01
* ELEM  754  line segment
 1, 610, 606
*
  4.6148831E+00, 8.6675418E+00, -2.4608306E-01, 1.0193094E-01
* ELEM  755  circular arc
 3, 615, 606
*
  5.1816000E+00, 8.4328000E+00, 6.1341000E-01, 1.5750000E+02, 4.5000000E+01
* ELEM  756  line segment
 1, 629, 632
*
  4.1227169E+00, 8.6675418E+00, 2.4608306E-01, 1.0193094E-01
* ELEM  757  circular arc
 3, 615, 611
*
  5.1816000E+00, 8.4328000E+00, 6.1341000E-01, 0.0000000E+00, 2.2500000E+01
* ELEM  758  circular arc
 3, 615, 614
*
  5.1816000E+00, 8.4328000E+00, 6.1341000E-01, 2.2500000E+01, 4.5000000E+01
* ELEM  759  circular arc
 3, 615, 612
*
  5.1816000E+00, 8.4328000E+00, 6.1341000E-01, 6.7500000E+01, 4.5000000E+01
* ELEM  760  circular arc
 3, 615, 610
*
  5.1816000E+00, 8.4328000E+00, 6.1341000E-01, 1.1250000E+02, 4.5000000E+01
* ELEM  761  circular arc
 3, 615, 608
*
  5.1816000E+00, 8.4328000E+00, 6.1341000E-01, 2.9250000E+02, 4.5000000E+01
* ELEM  762  circular arc
 3, 615, 611
*
  5.1816000E+00, 8.4328000E+00, 6.1341000E-01, 3.3750000E+02, 2.2500000E+01
* ELEM  763  circle
 2, 616, 615
*
  5.1816000E+00, 8.4328000E+00, 5.3213000E-01, 0.0000000E+00
* ELEM  764  line segment
 1, 608, 611
*
  5.7483169E+00, 8.1980582E+00, 2.4608306E-01, -1.0193094E-01
* ELEM  765  line segment
 1, 607, 608
*
  5.5182728E+00, 7.6200000E+00, 4.7612722E-01, 4.7612722E-01
* ELEM  766  line segment
 1, 607, 585
*
  5.9944000E+00, 8.0961272E+00, 0.0000000E+00, -4.7612722E-01
* ELEM  767  line segment
 1, 741, 607
*
  5.5182728E+00, 7.6200000E+00, 4.7612722E-01, 0.0000000E+00
* ELEM  768  line segment
 1, 741, 742
*
  5.9944000E+00, 7.1438728E+00, -4.7612722E-01, 4.7612722E-01
* ELEM  769  line segment
 1, 839, 841
*
  7.6200000E+00, 4.8449272E+00, 4.7612722E-01, -4.7612722E-01
* ELEM  770  line segment
 1, 991, 839
*
  7.6200000E+00, 4.3688000E+00, 4.7612722E-01, 0.0000000E+00
* ELEM  771  line segment
 1, 842, 841
*
  7.8660831E+00, 4.9468582E+00, -2.4608306E-01, -1.0193094E-01
* ELEM  772  circular arc
 3, 851, 841
*
  8.4328000E+00, 5.1816000E+00, 6.1341000E-01, 2.0250000E+02, 4.5000000E+01
* ELEM  773  line segment
 1, 841, 840
*
  8.1980582E+00, 4.6148831E+00, -1.0193094E-01, -2.4608306E-01
* ELEM  774  line segment
 1, 865, 842
*
  7.6200000E+00, 5.5182728E+00, 0.0000000E+00, -6.7334557E-01
* ELEM  775  line segment
 1, 846, 842
*
  7.8660831E+00, 5.4163418E+00, -2.4608306E-01, 1.0193094E-01
* ELEM  776  circular arc
 3, 851, 842
*
  8.4328000E+00, 5.1816000E+00, 6.1341000E-01, 1.5750000E+02, 4.5000000E+01
* ELEM  777  line segment
 1, 865, 868
*
  7.3739169E+00, 5.4163418E+00, 2.4608306E-01, 1.0193094E-01
* ELEM  778  line segment
 1, 991, 992
*
  8.0961272E+00, 4.3688000E+00, -4.7612722E-01, -4.7612722E-01
* ELEM  779  line segment
 1, 994, 992
*
  8.1980582E+00, 4.1227169E+00, -1.0193094E-01, 2.4608306E-01
* ELEM  780  circular arc
 3, 997, 992
*
  8.4328000E+00, 3.5560000E+00, 6.1341000E-01, 1.1250000E+02, 4.5000000E+01
* ELEM  781  circular arc
 3, 997, 986
*
  8.4328000E+00, 3.5560000E+00, 6.1341000E-01, 2.4750000E+02, 4.5000000E+01
* ELEM  782  line segment
 1, 986, 990
*
  8.6675418E+00, 2.9892831E+00, 1.0193094E-01, -2.4608306E-01
* ELEM  783  line segment
 1, 1120, 986
*
  8.0961272E+00, 2.7432000E+00, 6.7334557E-01, 0.0000000E+00
* ELEM  784  line segment
 1, 1122, 1120
*
  8.6675418E+00, 2.4971169E+00, 1.0193094E-01, 2.4608306E-01
* ELEM  785  circular arc
 3, 997, 993
*
  8.4328000E+00, 3.5560000E+00, 6.1341000E-01, 0.0000000E+00, 2.2500000E+01
* ELEM  786  circular arc
 3, 997, 996
*
  8.4328000E+00, 3.5560000E+00, 6.1341000E-01, 2.2500000E+01, 4.5000000E+01
* ELEM  787  circular arc
 3, 997, 994
*
  8.4328000E+00, 3.5560000E+00, 6.1341000E-01, 6.7500000E+01, 4.5000000E+01
* ELEM  788  circular arc
 3, 997, 990
*
  8.4328000E+00, 3.5560000E+00, 6.1341000E-01, 2.9250000E+02, 4.5000000E+01
* ELEM  789  circular arc
 3, 997, 993
*
  8.4328000E+00, 3.5560000E+00, 6.1341000E-01, 3.3750000E+02, 2.2500000E+01
* ELEM  790  circle
 2, 998, 997
*
  8.4328000E+00, 3.5560000E+00, 5.3213000E-01, 0.0000000E+00
* ELEM  791  line segment
 1, 13, 15
*
  7.3379331E+00, 6.2764669E+00, 2.8206686E-01, -2.8206686E-01
* ELEM  792  line segment
 1, 13, 867
*
  7.6200000E+00, 5.9944000E+00, -4.7612722E-01, 0.0000000E+00
* ELEM  793  line segment
 1, 1115, 1116
*
  8.7694728E+00, 1.1176000E+00, 4.7612722E-01, 4.7612722E-01
* ELEM  794  line segment
 1, 1115, 1093
*
  9.2456000E+00, 1.5937272E+00, 0.0000000E+00, -4.7612722E-01
* ELEM  795  line segment
 1, 1115, 1222
*
  9.2456000E+00, 1.1176000E+00, -4.7612722E-01, 0.0000000E+00
* ELEM  796  line segment
 1, 1116, 1119
*
  8.9995169E+00, 1.6956582E+00, 2.4608306E-01, -1.0193094E-01
* ELEM  797  line segment
 1, 1238, 516
*
  1.1176000E+00, 1.0395073E+01, 0.0000000E+00, -6.7334557E-01
* ELEM  798  line segment
 1, 520, 516
*
  1.3636831E+00, 1.0293142E+01, -2.4608306E-01, 1.0193094E-01
* ELEM  799  circular arc
 3, 525, 516
*
  1.9304000E+00, 1.0058400E+01, 6.1341000E-01, 1.5750000E+02, 4.5000000E+01
* ELEM  800  circular arc
 3, 525, 521
*
  1.9304000E+00, 1.0058400E+01, 6.1341000E-01, 0.0000000E+00, 2.2500000E+01
* ELEM  801  circular arc
 3, 525, 524
*
  1.9304000E+00, 1.0058400E+01, 6.1341000E-01, 2.2500000E+01, 4.5000000E+01
* ELEM  802  circular arc
 3, 525, 522
*
  1.9304000E+00, 1.0058400E+01, 6.1341000E-01, 6.7500000E+01, 4.5000000E+01
* ELEM  803  circular arc
 3, 525, 520
*
  1.9304000E+00, 1.0058400E+01, 6.1341000E-01, 1.1250000E+02, 4.5000000E+01
* ELEM  804  circular arc
 3, 525, 518
*
  1.9304000E+00, 1.0058400E+01, 6.1341000E-01, 2.9250000E+02, 4.5000000E+01
* ELEM  805  circular arc
 3, 525, 521
*
  1.9304000E+00, 1.0058400E+01, 6.1341000E-01, 3.3750000E+02, 2.2500000E+01
* ELEM  806  circle
 2, 526, 525
*
  1.9304000E+00, 1.0058400E+01, 5.3213000E-01, 0.0000000E+00
* ELEM  807  line segment
 1, 518, 521
*
  2.4971169E+00, 9.8236582E+00, 2.4608306E-01, -1.0193094E-01
* ELEM  808  line segment
 1, 517, 518
*
  2.2670728E+00, 9.2456000E+00, 4.7612722E-01, 4.7612722E-01
* ELEM  809  line segment
 1, 517, 495
*
  2.7432000E+00, 9.7217272E+00, 0.0000000E+00, -4.7612722E-01
* ELEM  810  line segment
 1, 495, 497
*
  2.7432000E+00, 9.7217272E+00, 4.7612722E-01, -4.7612722E-01
* ELEM  811  line segment
 1, 498, 497
*
  2.9892831E+00, 9.8236582E+00, -2.4608306E-01, -1.0193094E-01
* ELEM  812  circular arc
 3, 507, 497
*
  3.5560000E+00, 1.0058400E+01, 6.1341000E-01, 2.0250000E+02, 4.5000000E+01
* ELEM  813  line segment
 1, 497, 496
*
  3.3212582E+00, 9.4916831E+00, -1.0193094E-01, -2.4608306E-01
* ELEM  814  circular arc
 3, 507, 496
*
  3.5560000E+00, 1.0058400E+01, 6.1341000E-01, 2.4750000E+02, 4.5000000E+01
* ELEM  815  line segment
 1, 496, 500
*
  3.7907418E+00, 9.4916831E+00, 1.0193094E-01, -2.4608306E-01
* ELEM  816  line segment
 1, 630, 496
*
  3.2193272E+00, 9.2456000E+00, 6.7334557E-01, 0.0000000E+00
* ELEM  817  line segment
 1, 632, 630
*
  3.7907418E+00, 8.9995169E+00, 1.0193094E-01, 2.4608306E-01
* ELEM  818  line segment
 1, 609, 610
*
  4.8449272E+00, 9.2456000E+00, -4.7612722E-01, -4.7612722E-01
* ELEM  819  line segment
 1, 612, 610
*
  4.9468582E+00, 8.9995169E+00, -1.0193094E-01, 2.4608306E-01
* ELEM  820  line segment
 1, 631, 632
*
  4.3688000E+00, 8.7694728E+00, -4.7612722E-01, 4.7612722E-01
* ELEM  821  line segment
 1, 631, 499
*
  3.8926728E+00, 9.2456000E+00, 4.7612722E-01, 0.0000000E+00
* ELEM  822  line segment
 1, 631, 609
*
  4.3688000E+00, 9.2456000E+00, 0.0000000E+00, -4.7612722E-01
* ELEM  823  line segment
 1, 609, 477
*
  4.3688000E+00, 9.2456000E+00, 4.7612722E-01, 0.0000000E+00
* ELEM  824  line segment
 1, 585, 587
*
  5.9944000E+00, 8.0961272E+00, 4.7612722E-01, -4.7612722E-01
* ELEM  825  line segment
 1, 16, 585
*
  5.9944000E+00, 7.6200000E+00, 4.7612722E-01, 0.0000000E+00
* ELEM  826  line segment
 1, 588, 587
*
  6.2404831E+00, 8.1980582E+00, -2.4608306E-01, -1.0193094E-01
* ELEM  827  circular arc
 3, 597, 587
*
  6.8072000E+00, 8.4328000E+00, 6.1341000E-01, 2.0250000E+02, 4.5000000E+01
* ELEM  828  line segment
 1, 587, 586
*
  6.5724582E+00, 7.8660831E+00, -1.0193094E-01, -2.4608306E-01
* ELEM  829  line segment
 1, 611, 588
*
  5.9944000E+00, 8.7694728E+00, 0.0000000E+00, -6.7334557E-01
* ELEM  830  line segment
 1, 592, 588
*
  6.2404831E+00, 8.6675418E+00, -2.4608306E-01, 1.0193094E-01
* ELEM  831  circular arc
 3, 597, 588
*
  6.8072000E+00, 8.4328000E+00, 6.1341000E-01, 1.5750000E+02, 4.5000000E+01
* ELEM  832  line segment
 1, 611, 614
*
  5.7483169E+00, 8.6675418E+00, 2.4608306E-01, 1.0193094E-01
* ELEM  833  line segment
 1, 586, 16
*
  6.8072000E+00, 7.6200000E+00, -3.3667278E-01, 0.0000000E+00
* ELEM  834  line segment
 1, 18, 16
*
  6.8072000E+00, 7.5577700E+00, 0.0000000E+00, 6.2230000E-02
* ELEM  835  circular arc
 3, 851, 840
*
  8.4328000E+00, 5.1816000E+00, 6.1341000E-01, 2.4750000E+02, 4.5000000E+01
* ELEM  836  line segment
 1, 840, 844
*
  8.6675418E+00, 4.6148831E+00, 1.0193094E-01, -2.4608306E-01
* ELEM  837  line segment
 1, 994, 840
*
  8.0961272E+00, 4.3688000E+00, 6.7334557E-01, 0.0000000E+00
* ELEM  838  line segment
 1, 996, 994
*
  8.6675418E+00, 4.1227169E+00, 1.0193094E-01, 2.4608306E-01
* ELEM  839  circular arc
 3, 851, 847
*
  8.4328000E+00, 5.1816000E+00, 6.1341000E-01, 0.0000000E+00, 2.2500000E+01
* ELEM  840  circular arc
 3, 851, 850
*
  8.4328000E+00, 5.1816000E+00, 6.1341000E-01, 2.2500000E+01, 4.5000000E+01
* ELEM  841  circular arc
 3, 851, 848
*
  8.4328000E+00, 5.1816000E+00, 6.1341000E-01, 6.7500000E+01, 4.5000000E+01
* ELEM  842  circular arc
 3, 851, 846
*
  8.4328000E+00, 5.1816000E+00, 6.1341000E-01, 1.1250000E+02, 4.5000000E+01
* ELEM  843  circular arc
 3, 851, 844
*
  8.4328000E+00, 5.1816000E+00, 6.1341000E-01, 2.9250000E+02, 4.5000000E+01
* ELEM  844  circular arc
 3, 851, 847
*
  8.4328000E+00, 5.1816000E+00, 6.1341000E-01, 3.3750000E+02, 2.2500000E+01
* ELEM  845  circle
 2, 852, 851
*
  8.4328000E+00, 5.1816000E+00, 5.3213000E-01, 0.0000000E+00
* ELEM  846  line segment
 1, 845, 846
*
  8.0961272E+00, 5.9944000E+00, -4.7612722E-01, -4.7612722E-01
* ELEM  847  line segment
 1, 848, 846
*
  8.1980582E+00, 5.7483169E+00, -1.0193094E-01, 2.4608306E-01
* ELEM  848  line segment
 1, 867, 868
*
  7.6200000E+00, 5.5182728E+00, -4.7612722E-01, 4.7612722E-01
* ELEM  849  line segment
 1, 867, 845
*
  7.6200000E+00, 5.9944000E+00, 0.0000000E+00, -4.7612722E-01
* ELEM  850  line segment
 1, 845, 713
*
  7.6200000E+00, 5.9944000E+00, 4.7612722E-01, 0.0000000E+00
* ELEM  851  line segment
 1, 990, 993
*
  8.9995169E+00, 3.3212582E+00, 2.4608306E-01, -1.0193094E-01
* ELEM  852  line segment
 1, 989, 990
*
  8.7694728E+00, 2.7432000E+00, 4.7612722E-01, 4.7612722E-01
* ELEM  853  line segment
 1, 989, 967
*
  9.2456000E+00, 3.2193272E+00, 0.0000000E+00, -4.7612722E-01
* ELEM  854  line segment
 1, 1121, 989
*
  8.7694728E+00, 2.7432000E+00, 4.7612722E-01, 0.0000000E+00
* ELEM  855  line segment
 1, 1119, 1122
*
  8.9995169E+00, 2.1651418E+00, 2.4608306E-01, 1.0193094E-01
* ELEM  856  line segment
 1, 1121, 1122
*
  9.2456000E+00, 2.2670728E+00, -4.7612722E-01, 4.7612722E-01
* ELEM  857  line segment
 1, 1121, 1099
*
  9.2456000E+00, 2.7432000E+00, 0.0000000E+00, -4.7612722E-01
* ELEM  858  line segment
 1, 15, 17
*
  7.5577700E+00, 6.8072000E+00, 6.2230000E-02, 0.0000000E+00
* ELEM  859  line segment
 1, 15, 713
*
  7.6200000E+00, 6.4705272E+00, 0.0000000E+00, -4.7612722E-01
* ELEM  860  line segment
 1, 716, 15
*
  7.6200000E+00, 6.4705272E+00, 0.0000000E+00, 3.3667278E-01
* ELEM  861  line segment
 1, 1093, 1095
*
  9.2456000E+00, 1.5937272E+00, 4.7612722E-01, -4.7612722E-01
* ELEM  862  line segment
 1, 1093, 1237
*
  9.7217272E+00, 1.1176000E+00, -4.7612722E-01, 0.0000000E+00
* ELEM  863  line segment
 1, 1096, 1095
*
  9.4916831E+00, 1.6956582E+00, -2.4608306E-01, -1.0193094E-01
* ELEM  864  circular arc
 3, 1105, 1095
*
  1.0058400E+01, 1.9304000E+00, 6.1341000E-01, 2.0250000E+02, 4.5000000E+01
* ELEM  865  line segment
 1, 1095, 1094
*
  9.8236582E+00, 1.3636831E+00, -1.0193094E-01, -2.4608306E-01
* ELEM  866  line segment
 1, 1119, 1096
*
  9.2456000E+00, 2.2670728E+00, 0.0000000E+00, -6.7334557E-01
* ELEM  867  line segment
 1, 1100, 1096
*
  9.4916831E+00, 2.1651418E+00, -2.4608306E-01, 1.0193094E-01
* ELEM  868  circular arc
 3, 1105, 1096
*
  1.0058400E+01, 1.9304000E+00, 6.1341000E-01, 1.5750000E+02, 4.5000000E+01
* ELEM  869  line segment
 1, 519, 520
*
  1.5937272E+00, 1.0871200E+01, -4.7612722E-01, -4.7612722E-01
* ELEM  870  line segment
 1, 522, 520
*
  1.6956582E+00, 1.0625117E+01, -1.0193094E-01, 2.4608306E-01
* ELEM  871  line segment
 1, 519, 1238
*
  1.1176000E+00, 1.0395073E+01, 0.0000000E+00, 4.7612722E-01
* ELEM  872  line segment
 1, 519, 367
*
  1.1176000E+00, 1.0871200E+01, 4.7612722E-01, 0.0000000E+00
* ELEM  873  line segment
 1, 521, 498
*
  2.7432000E+00, 1.0395073E+01, 0.0000000E+00, -6.7334557E-01
* ELEM  874  line segment
 1, 502, 498
*
  2.9892831E+00, 1.0293142E+01, -2.4608306E-01, 1.0193094E-01
* ELEM  875  circular arc
 3, 507, 498
*
  3.5560000E+00, 1.0058400E+01, 6.1341000E-01, 1.5750000E+02, 4.5000000E+01
* ELEM  876  line segment
 1, 521, 524
*
  2.4971169E+00, 1.0293142E+01, 2.4608306E-01, 1.0193094E-01
* ELEM  877  circular arc
 3, 507, 503
*
  3.5560000E+00, 1.0058400E+01, 6.1341000E-01, 0.0000000E+00, 2.2500000E+01
* ELEM  878  circular arc
 3, 507, 506
*
  3.5560000E+00, 1.0058400E+01, 6.1341000E-01, 2.2500000E+01, 4.5000000E+01
* ELEM  879  circular arc
 3, 507, 504
*
  3.5560000E+00, 1.0058400E+01, 6.1341000E-01, 6.7500000E+01, 4.5000000E+01
* ELEM  880  circular arc
 3, 507, 502
*
  3.5560000E+00, 1.0058400E+01, 6.1341000E-01, 1.1250000E+02, 4.5000000E+01
* ELEM  881  circular arc
 3, 507, 500
*
  3.5560000E+00, 1.0058400E+01, 6.1341000E-01, 2.9250000E+02, 4.5000000E+01
* ELEM  882  circular arc
 3, 507, 503
*
  3.5560000E+00, 1.0058400E+01, 6.1341000E-01, 3.3750000E+02, 2.2500000E+01
* ELEM  883  circle
 2, 508, 507
*
  3.5560000E+00, 1.0058400E+01, 5.3213000E-01, 0.0000000E+00
* ELEM  884  line segment
 1, 500, 503
*
  4.1227169E+00, 9.8236582E+00, 2.4608306E-01, -1.0193094E-01
* ELEM  885  line segment
 1, 499, 500
*
  3.8926728E+00, 9.2456000E+00, 4.7612722E-01, 4.7612722E-01
* ELEM  886  line segment
 1, 499, 477
*
  4.3688000E+00, 9.7217272E+00, 0.0000000E+00, -4.7612722E-01
* ELEM  887  line segment
 1, 477, 479
*
  4.3688000E+00, 9.7217272E+00, 4.7612722E-01, -4.7612722E-01
* ELEM  888  line segment
 1, 480, 479
*
  4.6148831E+00, 9.8236582E+00, -2.4608306E-01, -1.0193094E-01
* ELEM  889  circular arc
 3, 489, 479
*
  5.1816000E+00, 1.0058400E+01, 6.1341000E-01, 2.0250000E+02, 4.5000000E+01
* ELEM  890  line segment
 1, 479, 478
*
  4.9468582E+00, 9.4916831E+00, -1.0193094E-01, -2.4608306E-01
* ELEM  891  circular arc
 3, 489, 478
*
  5.1816000E+00, 1.0058400E+01, 6.1341000E-01, 2.4750000E+02, 4.5000000E+01
* ELEM  892  line segment
 1, 478, 482
*
  5.4163418E+00, 9.4916831E+00, 1.0193094E-01, -2.4608306E-01
* ELEM  893  line segment
 1, 612, 478
*
  4.8449272E+00, 9.2456000E+00, 6.7334557E-01, 0.0000000E+00
* ELEM  894  line segment
 1, 614, 612
*
  5.4163418E+00, 8.9995169E+00, 1.0193094E-01, 2.4608306E-01
* ELEM  895  circular arc
 3, 597, 586
*
  6.8072000E+00, 8.4328000E+00, 6.1341000E-01, 2.4750000E+02, 4.5000000E+01
* ELEM  896  line segment
 1, 586, 590
*
  7.0419418E+00, 7.8660831E+00, 1.0193094E-01, -2.4608306E-01
* ELEM  897  line segment
 1, 586, 18
*
  7.1438728E+00, 7.6200000E+00, -3.3667278E-01, 0.0000000E+00
* ELEM  898  circular arc
 3, 597, 593
*
  6.8072000E+00, 8.4328000E+00, 6.1341000E-01, 0.0000000E+00, 2.2500000E+01
* ELEM  899  circular arc
 3, 597, 596
*
  6.8072000E+00, 8.4328000E+00, 6.1341000E-01, 2.2500000E+01, 4.5000000E+01
* ELEM  900  circular arc
 3, 597, 594
*
  6.8072000E+00, 8.4328000E+00, 6.1341000E-01, 6.7500000E+01, 4.5000000E+01
* ELEM  901  circular arc
 3, 597, 592
*
  6.8072000E+00, 8.4328000E+00, 6.1341000E-01, 1.1250000E+02, 4.5000000E+01
* ELEM  902  circular arc
 3, 597, 590
*
  6.8072000E+00, 8.4328000E+00, 6.1341000E-01, 2.9250000E+02, 4.5000000E+01
* ELEM  903  circular arc
 3, 597, 593
*
  6.8072000E+00, 8.4328000E+00, 6.1341000E-01, 3.3750000E+02, 2.2500000E+01
* ELEM  904  circle
 2, 598, 597
*
  6.8072000E+00, 8.4328000E+00, 5.3213000E-01, 0.0000000E+00
* ELEM  905  line segment
 1, 591, 592
*
  6.4705272E+00, 9.2456000E+00, -4.7612722E-01, -4.7612722E-01
* ELEM  906  line segment
 1, 594, 592
*
  6.5724582E+00, 8.9995169E+00, -1.0193094E-01, 2.4608306E-01
* ELEM  907  line segment
 1, 613, 614
*
  5.9944000E+00, 8.7694728E+00, -4.7612722E-01, 4.7612722E-01
* ELEM  908  line segment
 1, 613, 481
*
  5.5182728E+00, 9.2456000E+00, 4.7612722E-01, 0.0000000E+00
* ELEM  909  line segment
 1, 613, 591
*
  5.9944000E+00, 9.2456000E+00, 0.0000000E+00, -4.7612722E-01
* ELEM  910  line segment
 1, 591, 459
*
  5.9944000E+00, 9.2456000E+00, 4.7612722E-01, 0.0000000E+00
* ELEM  911  line segment
 1, 844, 847
*
  8.9995169E+00, 4.9468582E+00, 2.4608306E-01, -1.0193094E-01
* ELEM  912  line segment
 1, 843, 844
*
  8.7694728E+00, 4.3688000E+00, 4.7612722E-01, 4.7612722E-01
* ELEM  913  line segment
 1, 843, 821
*
  9.2456000E+00, 4.8449272E+00, 0.0000000E+00, -4.7612722E-01
* ELEM  914  line segment
 1, 995, 843
*
  8.7694728E+00, 4.3688000E+00, 4.7612722E-01, 0.0000000E+00
* ELEM  915  line segment
 1, 993, 996
*
  8.9995169E+00, 3.7907418E+00, 2.4608306E-01, 1.0193094E-01
* ELEM  916  line segment
 1, 995, 996
*
  9.2456000E+00, 3.8926728E+00, -4.7612722E-01, 4.7612722E-01
* ELEM  917  line segment
 1, 995, 973
*
  9.2456000E+00, 4.3688000E+00, 0.0000000E+00, -4.7612722E-01
* ELEM  918  line segment
 1, 713, 715
*
  7.6200000E+00, 6.4705272E+00, 4.7612722E-01, -4.7612722E-01
* ELEM  919  line segment
 1, 716, 715
*
  7.8660831E+00, 6.5724582E+00, -2.4608306E-01, -1.0193094E-01
* ELEM  920  circular arc
 3, 725, 715
*
  8.4328000E+00, 6.8072000E+00, 6.1341000E-01, 2.0250000E+02, 4.5000000E+01
* ELEM  921  line segment
 1, 715, 714
*
  8.1980582E+00, 6.2404831E+00, -1.0193094E-01, -2.4608306E-01
* ELEM  922  circular arc
 3, 725, 714
*
  8.4328000E+00, 6.8072000E+00, 6.1341000E-01, 2.4750000E+02, 4.5000000E+01
* ELEM  923  line segment
 1, 714, 718
*
  8.6675418E+00, 6.2404831E+00, 1.0193094E-01, -2.4608306E-01
* ELEM  924  line segment
 1, 848, 714
*
  8.0961272E+00, 5.9944000E+00, 6.7334557E-01, 0.0000000E+00
* ELEM  925  line segment
 1, 850, 848
*
  8.6675418E+00, 5.7483169E+00, 1.0193094E-01, 2.4608306E-01
* ELEM  926  line segment
 1, 967, 969
*
  9.2456000E+00, 3.2193272E+00, 4.7612722E-01, -4.7612722E-01
* ELEM  927  line segment
 1, 1099, 967
*
  9.2456000E+00, 2.7432000E+00, 4.7612722E-01, 0.0000000E+00
* ELEM  928  line segment
 1, 970, 969
*
  9.4916831E+00, 3.3212582E+00, -2.4608306E-01, -1.0193094E-01
* ELEM  929  circular arc
 3, 979, 969
*
  1.0058400E+01, 3.5560000E+00, 6.1341000E-01, 2.0250000E+02, 4.5000000E+01
* ELEM  930  line segment
 1, 969, 968
*
  9.8236582E+00, 2.9892831E+00, -1.0193094E-01, -2.4608306E-01
* ELEM  931  line segment
 1, 993, 970
*
  9.2456000E+00, 3.8926728E+00, 0.0000000E+00, -6.7334557E-01
* ELEM  932  line segment
 1, 974, 970
*
  9.4916831E+00, 3.7907418E+00, -2.4608306E-01, 1.0193094E-01
* ELEM  933  circular arc
 3, 979, 970
*
  1.0058400E+01, 3.5560000E+00, 6.1341000E-01, 1.5750000E+02, 4.5000000E+01
* ELEM  934  line segment
 1, 1099, 1100
*
  9.7217272E+00, 2.7432000E+00, -4.7612722E-01, -4.7612722E-01
* ELEM  935  line segment
 1, 1102, 1100
*
  9.8236582E+00, 2.4971169E+00, -1.0193094E-01, 2.4608306E-01
* ELEM  936  circular arc
 3, 1105, 1100
*
  1.0058400E+01, 1.9304000E+00, 6.1341000E-01, 1.1250000E+02, 4.5000000E+01
* ELEM  937  line segment
 1, 18, 589
*
  7.1438728E+00, 7.6200000E+00, 4.7612722E-01, 0.0000000E+00
* ELEM  938  line segment
 1, 17, 18
*
  7.3379331E+00, 7.3379331E+00, 2.8206686E-01, 2.8206686E-01
* ELEM  939  line segment
 1, 716, 17
*
  7.6200000E+00, 6.8072000E+00, 0.0000000E+00, 3.3667278E-01
* ELEM  940  line segment
 1, 17, 719
*
  7.6200000E+00, 7.6200000E+00, 0.0000000E+00, -4.7612722E-01
* ELEM  941  circular arc
 3, 1105, 1094
*
  1.0058400E+01, 1.9304000E+00, 6.1341000E-01, 2.4750000E+02, 4.5000000E+01
* ELEM  942  line segment
 1, 1094, 1098
*
  1.0293142E+01, 1.3636831E+00, 1.0193094E-01, -2.4608306E-01
* ELEM  943  line segment
 1, 1237, 1094
*
  9.7217272E+00, 1.1176000E+00, 6.7334557E-01, 0.0000000E+00
* ELEM  944  circular arc
 3, 1105, 1101
*
  1.0058400E+01, 1.9304000E+00, 6.1341000E-01, 0.0000000E+00, 2.2500000E+01
* ELEM  945  circular arc
 3, 1105, 1104
*
  1.0058400E+01, 1.9304000E+00, 6.1341000E-01, 2.2500000E+01, 4.5000000E+01
* ELEM  946  circular arc
 3, 1105, 1102
*
  1.0058400E+01, 1.9304000E+00, 6.1341000E-01, 6.7500000E+01, 4.5000000E+01
* ELEM  947  circular arc
 3, 1105, 1098
*
  1.0058400E+01, 1.9304000E+00, 6.1341000E-01, 2.9250000E+02, 4.5000000E+01
* ELEM  948  circular arc
 3, 1105, 1101
*
  1.0058400E+01, 1.9304000E+00, 6.1341000E-01, 3.3750000E+02, 2.2500000E+01
* ELEM  949  circle
 2, 1106, 1105
*
  1.0058400E+01, 1.9304000E+00, 5.3213000E-01, 0.0000000E+00
* ELEM  950  line segment
 1, 367, 1226
*
  1.1176000E+00, 1.0871200E+01, 0.0000000E+00, 4.7612722E-01
* ELEM  951  line segment
 1, 367, 369
*
  1.1176000E+00, 1.1347327E+01, 4.7612722E-01, -4.7612722E-01
* ELEM  952  line segment
 1, 370, 369
*
  1.3636831E+00, 1.1449258E+01, -2.4608306E-01, -1.0193094E-01
* ELEM  953  circular arc
 3, 379, 369
*
  1.9304000E+00, 1.1684000E+01, 6.1341000E-01, 2.0250000E+02, 4.5000000E+01
* ELEM  954  line segment
 1, 369, 368
*
  1.6956582E+00, 1.1117283E+01, -1.0193094E-01, -2.4608306E-01
* ELEM  955  circular arc
 3, 379, 368
*
  1.9304000E+00, 1.1684000E+01, 6.1341000E-01, 2.4750000E+02, 4.5000000E+01
* ELEM  956  line segment
 1, 368, 372
*
  2.1651418E+00, 1.1117283E+01, 1.0193094E-01, -2.4608306E-01
* ELEM  957  line segment
 1, 522, 368
*
  1.5937272E+00, 1.0871200E+01, 6.7334557E-01, 0.0000000E+00
* ELEM  958  line segment
 1, 524, 522
*
  2.1651418E+00, 1.0625117E+01, 1.0193094E-01, 2.4608306E-01
* ELEM  959  line segment
 1, 501, 502
*
  3.2193272E+00, 1.0871200E+01, -4.7612722E-01, -4.7612722E-01
* ELEM  960  line segment
 1, 504, 502
*
  3.3212582E+00, 1.0625117E+01, -1.0193094E-01, 2.4608306E-01
* ELEM  961  line segment
 1, 523, 524
*
  2.7432000E+00, 1.0395073E+01, -4.7612722E-01, 4.7612722E-01
* ELEM  962  line segment
 1, 523, 371
*
  2.2670728E+00, 1.0871200E+01, 4.7612722E-01, 0.0000000E+00
* ELEM  963  line segment
 1, 523, 501
*
  2.7432000E+00, 1.0871200E+01, 0.0000000E+00, -4.7612722E-01
* ELEM  964  line segment
 1, 501, 349
*
  2.7432000E+00, 1.0871200E+01, 4.7612722E-01, 0.0000000E+00
* ELEM  965  line segment
 1, 503, 480
*
  4.3688000E+00, 1.0395073E+01, 0.0000000E+00, -6.7334557E-01
* ELEM  966  line segment
 1, 484, 480
*
  4.6148831E+00, 1.0293142E+01, -2.4608306E-01, 1.0193094E-01
* ELEM  967  circular arc
 3, 489, 480
*
  5.1816000E+00, 1.0058400E+01, 6.1341000E-01, 1.5750000E+02, 4.5000000E+01
* ELEM  968  line segment
 1, 503, 506
*
  4.1227169E+00, 1.0293142E+01, 2.4608306E-01, 1.0193094E-01
* ELEM  969  circular arc
 3, 489, 485
*
  5.1816000E+00, 1.0058400E+01, 6.1341000E-01, 0.0000000E+00, 2.2500000E+01
* ELEM  970  circular arc
 3, 489, 488
*
  5.1816000E+00, 1.0058400E+01, 6.1341000E-01, 2.2500000E+01, 4.5000000E+01
* ELEM  971  circular arc
 3, 489, 486
*
  5.1816000E+00, 1.0058400E+01, 6.1341000E-01, 6.7500000E+01, 4.5000000E+01
* ELEM  972  circular arc
 3, 489, 484
*
  5.1816000E+00, 1.0058400E+01, 6.1341000E-01, 1.1250000E+02, 4.5000000E+01
* ELEM  973  circular arc
 3, 489, 482
*
  5.1816000E+00, 1.0058400E+01, 6.1341000E-01, 2.9250000E+02, 4.5000000E+01
* ELEM  974  circular arc
 3, 489, 485
*
  5.1816000E+00, 1.0058400E+01, 6.1341000E-01, 3.3750000E+02, 2.2500000E+01
* ELEM  975  circle
 2, 490, 489
*
  5.1816000E+00, 1.0058400E+01, 5.3213000E-01, 0.0000000E+00
* ELEM  976  line segment
 1, 482, 485
*
  5.7483169E+00, 9.8236582E+00, 2.4608306E-01, -1.0193094E-01
* ELEM  977  line segment
 1, 481, 482
*
  5.5182728E+00, 9.2456000E+00, 4.7612722E-01, 4.7612722E-01
* ELEM  978  line segment
 1, 481, 459
*
  5.9944000E+00, 9.7217272E+00, 0.0000000E+00, -4.7612722E-01
* ELEM  979  line segment
 1, 459, 461
*
  5.9944000E+00, 9.7217272E+00, 4.7612722E-01, -4.7612722E-01
* ELEM  980  line segment
 1, 462, 461
*
  6.2404831E+00, 9.8236582E+00, -2.4608306E-01, -1.0193094E-01
* ELEM  981  circular arc
 3, 471, 461
*
  6.8072000E+00, 1.0058400E+01, 6.1341000E-01, 2.0250000E+02, 4.5000000E+01
* ELEM  982  line segment
 1, 461, 460
*
  6.5724582E+00, 9.4916831E+00, -1.0193094E-01, -2.4608306E-01
* ELEM  983  circular arc
 3, 471, 460
*
  6.8072000E+00, 1.0058400E+01, 6.1341000E-01, 2.4750000E+02, 4.5000000E+01
* ELEM  984  line segment
 1, 460, 464
*
  7.0419418E+00, 9.4916831E+00, 1.0193094E-01, -2.4608306E-01
* ELEM  985  line segment
 1, 594, 460
*
  6.4705272E+00, 9.2456000E+00, 6.7334557E-01, 0.0000000E+00
* ELEM  986  line segment
 1, 596, 594
*
  7.0419418E+00, 8.9995169E+00, 1.0193094E-01, 2.4608306E-01
* ELEM  987  line segment
 1, 821, 823
*
  9.2456000E+00, 4.8449272E+00, 4.7612722E-01, -4.7612722E-01
* ELEM  988  line segment
 1, 973, 821
*
  9.2456000E+00, 4.3688000E+00, 4.7612722E-01, 0.0000000E+00
* ELEM  989  line segment
 1, 824, 823
*
  9.4916831E+00, 4.9468582E+00, -2.4608306E-01, -1.0193094E-01
* ELEM  990  circular arc
 3, 833, 823
*
  1.0058400E+01, 5.1816000E+00, 6.1341000E-01, 2.0250000E+02, 4.5000000E+01
* ELEM  991  line segment
 1, 823, 822
*
  9.8236582E+00, 4.6148831E+00, -1.0193094E-01, -2.4608306E-01
* ELEM  992  line segment
 1, 847, 824
*
  9.2456000E+00, 5.5182728E+00, 0.0000000E+00, -6.7334557E-01
* ELEM  993  line segment
 1, 828, 824
*
  9.4916831E+00, 5.4163418E+00, -2.4608306E-01, 1.0193094E-01
* ELEM  994  circular arc
 3, 833, 824
*
  1.0058400E+01, 5.1816000E+00, 6.1341000E-01, 1.5750000E+02, 4.5000000E+01
* ELEM  995  line segment
 1, 847, 850
*
  8.9995169E+00, 5.4163418E+00, 2.4608306E-01, 1.0193094E-01
* ELEM  996  line segment
 1, 973, 974
*
  9.7217272E+00, 4.3688000E+00, -4.7612722E-01, -4.7612722E-01
* ELEM  997  line segment
 1, 976, 974
*
  9.8236582E+00, 4.1227169E+00, -1.0193094E-01, 2.4608306E-01
* ELEM  998  circular arc
 3, 979, 974
*
  1.0058400E+01, 3.5560000E+00, 6.1341000E-01, 1.1250000E+02, 4.5000000E+01
* ELEM  999  line segment
 1, 720, 716
*
  7.8660831E+00, 7.0419418E+00, -2.4608306E-01, 1.0193094E-01
* ELEM  1000  circular arc
 3, 725, 716
*
  8.4328000E+00, 6.8072000E+00, 6.1341000E-01, 1.5750000E+02, 4.5000000E+01
* ELEM  1001  circular arc
 3, 725, 721
*
  8.4328000E+00, 6.8072000E+00, 6.1341000E-01, 0.0000000E+00, 2.2500000E+01
* ELEM  1002  circular arc
 3, 725, 724
*
  8.4328000E+00, 6.8072000E+00, 6.1341000E-01, 2.2500000E+01, 4.5000000E+01
* ELEM  1003  circular arc
 3, 725, 722
*
  8.4328000E+00, 6.8072000E+00, 6.1341000E-01, 6.7500000E+01, 4.5000000E+01
* ELEM  1004  circular arc
 3, 725, 720
*
  8.4328000E+00, 6.8072000E+00, 6.1341000E-01, 1.1250000E+02, 4.5000000E+01
* ELEM  1005  circular arc
 3, 725, 718
*
  8.4328000E+00, 6.8072000E+00, 6.1341000E-01, 2.9250000E+02, 4.5000000E+01
* ELEM  1006  circular arc
 3, 725, 721
*
  8.4328000E+00, 6.8072000E+00, 6.1341000E-01, 3.3750000E+02, 2.2500000E+01
* ELEM  1007  circle
 2, 726, 725
*
  8.4328000E+00, 6.8072000E+00, 5.3213000E-01, 0.0000000E+00
* ELEM  1008  line segment
 1, 718, 721
*
  8.9995169E+00, 6.5724582E+00, 2.4608306E-01, -1.0193094E-01
* ELEM  1009  line segment
 1, 717, 718
*
  8.7694728E+00, 5.9944000E+00, 4.7612722E-01, 4.7612722E-01
* ELEM  1010  line segment
 1, 717, 695
*
  9.2456000E+00, 6.4705272E+00, 0.0000000E+00, -4.7612722E-01
* ELEM  1011  line segment
 1, 849, 717
*
  8.7694728E+00, 5.9944000E+00, 4.7612722E-01, 0.0000000E+00
* ELEM  1012  line segment
 1, 849, 850
*
  9.2456000E+00, 5.5182728E+00, -4.7612722E-01, 4.7612722E-01
* ELEM  1013  line segment
 1, 849, 827
*
  9.2456000E+00, 5.9944000E+00, 0.0000000E+00, -4.7612722E-01
* ELEM  1014  circular arc
 3, 979, 968
*
  1.0058400E+01, 3.5560000E+00, 6.1341000E-01, 2.4750000E+02, 4.5000000E+01
* ELEM  1015  line segment
 1, 968, 972
*
  1.0293142E+01, 2.9892831E+00, 1.0193094E-01, -2.4608306E-01
* ELEM  1016  line segment
 1, 1102, 968
*
  9.7217272E+00, 2.7432000E+00, 6.7334557E-01, 0.0000000E+00
* ELEM  1017  line segment
 1, 1104, 1102
*
  1.0293142E+01, 2.4971169E+00, 1.0193094E-01, 2.4608306E-01
* ELEM  1018  circular arc
 3, 979, 975
*
  1.0058400E+01, 3.5560000E+00, 6.1341000E-01, 0.0000000E+00, 2.2500000E+01
* ELEM  1019  circular arc
 3, 979, 978
*
  1.0058400E+01, 3.5560000E+00, 6.1341000E-01, 2.2500000E+01, 4.5000000E+01
* ELEM  1020  circular arc
 3, 979, 976
*
  1.0058400E+01, 3.5560000E+00, 6.1341000E-01, 6.7500000E+01, 4.5000000E+01
* ELEM  1021  circular arc
 3, 979, 972
*
  1.0058400E+01, 3.5560000E+00, 6.1341000E-01, 2.9250000E+02, 4.5000000E+01
* ELEM  1022  circular arc
 3, 979, 975
*
  1.0058400E+01, 3.5560000E+00, 6.1341000E-01, 3.3750000E+02, 2.2500000E+01
* ELEM  1023  circle
 2, 980, 979
*
  1.0058400E+01, 3.5560000E+00, 5.3213000E-01, 0.0000000E+00
* ELEM  1024  line segment
 1, 1097, 1098
*
  1.0395073E+01, 1.1176000E+00, 4.7612722E-01, 4.7612722E-01
* ELEM  1025  line segment
 1, 1097, 1075
*
  1.0871200E+01, 1.5937272E+00, 0.0000000E+00, -4.7612722E-01
* ELEM  1026  line segment
 1, 1097, 1237
*
  1.0871200E+01, 1.1176000E+00, -4.7612722E-01, 0.0000000E+00
* ELEM  1027  line segment
 1, 1098, 1101
*
  1.0625117E+01, 1.6956582E+00, 2.4608306E-01, -1.0193094E-01
* ELEM  1028  line segment
 1, 1226, 370
*
  1.1176000E+00, 1.2020673E+01, 0.0000000E+00, -6.7334557E-01
* ELEM  1029  line segment
 1, 374, 370
*
  1.3636831E+00, 1.1918742E+01, -2.4608306E-01, 1.0193094E-01
* ELEM  1030  circular arc
 3, 379, 370
*
  1.9304000E+00, 1.1684000E+01, 6.1341000E-01, 1.5750000E+02, 4.5000000E+01
* ELEM  1031  circular arc
 3, 379, 375
*
  1.9304000E+00, 1.1684000E+01, 6.1341000E-01, 0.0000000E+00, 2.2500000E+01
* ELEM  1032  circular arc
 3, 379, 378
*
  1.9304000E+00, 1.1684000E+01, 6.1341000E-01, 2.2500000E+01, 4.5000000E+01
* ELEM  1033  circular arc
 3, 379, 376
*
  1.9304000E+00, 1.1684000E+01, 6.1341000E-01, 6.7500000E+01, 4.5000000E+01
* ELEM  1034  circular arc
 3, 379, 374
*
  1.9304000E+00, 1.1684000E+01, 6.1341000E-01, 1.1250000E+02, 4.5000000E+01
* ELEM  1035  circular arc
 3, 379, 372
*
  1.9304000E+00, 1.1684000E+01, 6.1341000E-01, 2.9250000E+02, 4.5000000E+01
* ELEM  1036  circular arc
 3, 379, 375
*
  1.9304000E+00, 1.1684000E+01, 6.1341000E-01, 3.3750000E+02, 2.2500000E+01
* ELEM  1037  circle
 2, 380, 379
*
  1.9304000E+00, 1.1684000E+01, 5.3213000E-01, 0.0000000E+00
* ELEM  1038  line segment
 1, 372, 375
*
  2.4971169E+00, 1.1449258E+01, 2.4608306E-01, -1.0193094E-01
* ELEM  1039  line segment
 1, 371, 372
*
  2.2670728E+00, 1.0871200E+01, 4.7612722E-01, 4.7612722E-01
* ELEM  1040  line segment
 1, 371, 349
*
  2.7432000E+00, 1.1347327E+01, 0.0000000E+00, -4.7612722E-01
* ELEM  1041  line segment
 1, 349, 351
*
  2.7432000E+00, 1.1347327E+01, 4.7612722E-01, -4.7612722E-01
* ELEM  1042  line segment
 1, 352, 351
*
  2.9892831E+00, 1.1449258E+01, -2.4608306E-01, -1.0193094E-01
* ELEM  1043  circular arc
 3, 361, 351
*
  3.5560000E+00, 1.1684000E+01, 6.1341000E-01, 2.0250000E+02, 4.5000000E+01
* ELEM  1044  line segment
 1, 351, 350
*
  3.3212582E+00, 1.1117283E+01, -1.0193094E-01, -2.4608306E-01
* ELEM  1045  circular arc
 3, 361, 350
*
  3.5560000E+00, 1.1684000E+01, 6.1341000E-01, 2.4750000E+02, 4.5000000E+01
* ELEM  1046  line segment
 1, 350, 354
*
  3.7907418E+00, 1.1117283E+01, 1.0193094E-01, -2.4608306E-01
* ELEM  1047  line segment
 1, 504, 350
*
  3.2193272E+00, 1.0871200E+01, 6.7334557E-01, 0.0000000E+00
* ELEM  1048  line segment
 1, 506, 504
*
  3.7907418E+00, 1.0625117E+01, 1.0193094E-01, 2.4608306E-01
* ELEM  1049  line segment
 1, 483, 484
*
  4.8449272E+00, 1.0871200E+01, -4.7612722E-01, -4.7612722E-01
* ELEM  1050  line segment
 1, 486, 484
*
  4.9468582E+00, 1.0625117E+01, -1.0193094E-01, 2.4608306E-01
* ELEM  1051  line segment
 1, 505, 506
*
  4.3688000E+00, 1.0395073E+01, -4.7612722E-01, 4.7612722E-01
* ELEM  1052  line segment
 1, 505, 353
*
  3.8926728E+00, 1.0871200E+01, 4.7612722E-01, 0.0000000E+00
* ELEM  1053  line segment
 1, 505, 483
*
  4.3688000E+00, 1.0871200E+01, 0.0000000E+00, -4.7612722E-01
* ELEM  1054  line segment
 1, 483, 331
*
  4.3688000E+00, 1.0871200E+01, 4.7612722E-01, 0.0000000E+00
* ELEM  1055  line segment
 1, 485, 462
*
  5.9944000E+00, 1.0395073E+01, 0.0000000E+00, -6.7334557E-01
* ELEM  1056  line segment
 1, 466, 462
*
  6.2404831E+00, 1.0293142E+01, -2.4608306E-01, 1.0193094E-01
* ELEM  1057  circular arc
 3, 471, 462
*
  6.8072000E+00, 1.0058400E+01, 6.1341000E-01, 1.5750000E+02, 4.5000000E+01
* ELEM  1058  line segment
 1, 485, 488
*
  5.7483169E+00, 1.0293142E+01, 2.4608306E-01, 1.0193094E-01
* ELEM  1059  line segment
 1, 589, 590
*
  7.1438728E+00, 7.6200000E+00, 4.7612722E-01, 4.7612722E-01
* ELEM  1060  line segment
 1, 2, 589
*
  7.6200000E+00, 7.6200000E+00, 0.0000000E+00, 4.7612722E-01
* ELEM  1061  line segment
 1, 590, 593
*
  7.3739169E+00, 8.1980582E+00, 2.4608306E-01, -1.0193094E-01
* ELEM  1062  circular arc
 3, 471, 467
*
  6.8072000E+00, 1.0058400E+01, 6.1341000E-01, 0.0000000E+00, 2.2500000E+01
* ELEM  1063  circular arc
 3, 471, 470
*
  6.8072000E+00, 1.0058400E+01, 6.1341000E-01, 2.2500000E+01, 4.5000000E+01
* ELEM  1064  circular arc
 3, 471, 468
*
  6.8072000E+00, 1.0058400E+01, 6.1341000E-01, 6.7500000E+01, 4.5000000E+01
* ELEM  1065  circular arc
 3, 471, 466
*
  6.8072000E+00, 1.0058400E+01, 6.1341000E-01, 1.1250000E+02, 4.5000000E+01
* ELEM  1066  circular arc
 3, 471, 464
*
  6.8072000E+00, 1.0058400E+01, 6.1341000E-01, 2.9250000E+02, 4.5000000E+01
* ELEM  1067  circular arc
 3, 471, 467
*
  6.8072000E+00, 1.0058400E+01, 6.1341000E-01, 3.3750000E+02, 2.2500000E+01
* ELEM  1068  circle
 2, 472, 471
*
  6.8072000E+00, 1.0058400E+01, 5.3213000E-01, 0.0000000E+00
* ELEM  1069  line segment
 1, 464, 467
*
  7.3739169E+00, 9.8236582E+00, 2.4608306E-01, -1.0193094E-01
* ELEM  1070  line segment
 1, 463, 464
*
  7.1438728E+00, 9.2456000E+00, 4.7612722E-01, 4.7612722E-01
* ELEM  1071  line segment
 1, 463, 441
*
  7.6200000E+00, 9.7217272E+00, 0.0000000E+00, -4.7612722E-01
* ELEM  1072  line segment
 1, 595, 463
*
  7.1438728E+00, 9.2456000E+00, 4.7612722E-01, 0.0000000E+00
* ELEM  1073  line segment
 1, 593, 596
*
  7.3739169E+00, 8.6675418E+00, 2.4608306E-01, 1.0193094E-01
* ELEM  1074  line segment
 1, 595, 596
*
  7.6200000E+00, 8.7694728E+00, -4.7612722E-01, 4.7612722E-01
* ELEM  1075  line segment
 1, 4, 595
*
  7.6200000E+00, 8.7694728E+00, 0.0000000E+00, 4.7612722E-01
* ELEM  1076  circular arc
 3, 833, 822
*
  1.0058400E+01, 5.1816000E+00, 6.1341000E-01, 2.4750000E+02, 4.5000000E+01
* ELEM  1077  line segment
 1, 822, 826
*
  1.0293142E+01, 4.6148831E+00, 1.0193094E-01, -2.4608306E-01
* ELEM  1078  line segment
 1, 976, 822
*
  9.7217272E+00, 4.3688000E+00, 6.7334557E-01, 0.0000000E+00
* ELEM  1079  line segment
 1, 978, 976
*
  1.0293142E+01, 4.1227169E+00, 1.0193094E-01, 2.4608306E-01
* ELEM  1080  circular arc
 3, 833, 829
*
  1.0058400E+01, 5.1816000E+00, 6.1341000E-01, 0.0000000E+00, 2.2500000E+01
* ELEM  1081  circular arc
 3, 833, 832
*
  1.0058400E+01, 5.1816000E+00, 6.1341000E-01, 2.2500000E+01, 4.5000000E+01
* ELEM  1082  circular arc
 3, 833, 830
*
  1.0058400E+01, 5.1816000E+00, 6.1341000E-01, 6.7500000E+01, 4.5000000E+01
* ELEM  1083  circular arc
 3, 833, 828
*
  1.0058400E+01, 5.1816000E+00, 6.1341000E-01, 1.1250000E+02, 4.5000000E+01
* ELEM  1084  circular arc
 3, 833, 826
*
  1.0058400E+01, 5.1816000E+00, 6.1341000E-01, 2.9250000E+02, 4.5000000E+01
* ELEM  1085  circular arc
 3, 833, 829
*
  1.0058400E+01, 5.1816000E+00, 6.1341000E-01, 3.3750000E+02, 2.2500000E+01
* ELEM  1086  circle
 2, 834, 833
*
  1.0058400E+01, 5.1816000E+00, 5.3213000E-01, 0.0000000E+00
* ELEM  1087  line segment
 1, 827, 828
*
  9.7217272E+00, 5.9944000E+00, -4.7612722E-01, -4.7612722E-01
* ELEM  1088  line segment
 1, 830, 828
*
  9.8236582E+00, 5.7483169E+00, -1.0193094E-01, 2.4608306E-01
* ELEM  1089  line segment
 1, 827, 695
*
  9.2456000E+00, 5.9944000E+00, 4.7612722E-01, 0.0000000E+00
* ELEM  1090  line segment
 1, 695, 697
*
  9.2456000E+00, 6.4705272E+00, 4.7612722E-01, -4.7612722E-01
* ELEM  1091  line segment
 1, 698, 697
*
  9.4916831E+00, 6.5724582E+00, -2.4608306E-01, -1.0193094E-01
* ELEM  1092  circular arc
 3, 707, 697
*
  1.0058400E+01, 6.8072000E+00, 6.1341000E-01, 2.0250000E+02, 4.5000000E+01
* ELEM  1093  line segment
 1, 697, 696
*
  9.8236582E+00, 6.2404831E+00, -1.0193094E-01, -2.4608306E-01
* ELEM  1094  line segment
 1, 721, 698
*
  9.2456000E+00, 7.1438728E+00, 0.0000000E+00, -6.7334557E-01
* ELEM  1095  line segment
 1, 702, 698
*
  9.4916831E+00, 7.0419418E+00, -2.4608306E-01, 1.0193094E-01
* ELEM  1096  circular arc
 3, 707, 698
*
  1.0058400E+01, 6.8072000E+00, 6.1341000E-01, 1.5750000E+02, 4.5000000E+01
* ELEM  1097  line segment
 1, 721, 724
*
  8.9995169E+00, 7.0419418E+00, 2.4608306E-01, 1.0193094E-01
* ELEM  1098  line segment
 1, 972, 975
*
  1.0625117E+01, 3.3212582E+00, 2.4608306E-01, -1.0193094E-01
* ELEM  1099  line segment
 1, 971, 972
*
  1.0395073E+01, 2.7432000E+00, 4.7612722E-01, 4.7612722E-01
* ELEM  1100  line segment
 1, 971, 947
*
  1.0871200E+01, 3.2193272E+00, 0.0000000E+00, -4.7612722E-01
* ELEM  1101  line segment
 1, 1103, 971
*
  1.0395073E+01, 2.7432000E+00, 4.7612722E-01, 0.0000000E+00
* ELEM  1102  line segment
 1, 1101, 1104
*
  1.0625117E+01, 2.1651418E+00, 2.4608306E-01, 1.0193094E-01
* ELEM  1103  line segment
 1, 1103, 1104
*
  1.0871200E+01, 2.2670728E+00, -4.7612722E-01, 4.7612722E-01
* ELEM  1104  line segment
 1, 1103, 1081
*
  1.0871200E+01, 2.7432000E+00, 0.0000000E+00, -4.7612722E-01
* ELEM  1105  line segment
 1, 593, 2
*
  7.6200000E+00, 8.4328000E+00, 0.0000000E+00, -3.3667278E-01
* ELEM  1106  line segment
 1, 4, 2
*
  7.6822300E+00, 8.4328000E+00, -6.2230000E-02, 0.0000000E+00
* ELEM  1107  circular arc
 3, 9, 2
*
  8.4328000E+00, 8.4328000E+00, 7.5057000E-01, 1.8000000E+02, 4.5000000E+01
* ELEM  1108  line segment
 1, 2, 1
*
  7.9020669E+00, 7.9020669E+00, -2.8206686E-01, -2.8206686E-01
* ELEM  1109  circular arc
 3, 9, 1
*
  8.4328000E+00, 8.4328000E+00, 7.5057000E-01, 2.2500000E+02, 4.5000000E+01
* ELEM  1110  line segment
 1, 1, 3
*
  8.4328000E+00, 7.6822300E+00, 0.0000000E+00, -6.2230000E-02
* ELEM  1111  line segment
 1, 1, 719
*
  8.0961272E+00, 7.6200000E+00, -4.7612722E-01, 0.0000000E+00
* ELEM  1112  line segment
 1, 722, 1
*
  8.0961272E+00, 7.6200000E+00, 3.3667278E-01, 0.0000000E+00
* ELEM  1113  line segment
 1, 719, 720
*
  8.0961272E+00, 7.6200000E+00, -4.7612722E-01, -4.7612722E-01
* ELEM  1114  line segment
 1, 722, 720
*
  8.1980582E+00, 7.3739169E+00, -1.0193094E-01, 2.4608306E-01
* ELEM  1115  line segment
 1, 1075, 1077
*
  1.0871200E+01, 1.5937272E+00, 4.7612722E-01, -4.7612722E-01
* ELEM  1116  line segment
 1, 1075, 1223
*
  1.1347327E+01, 1.1176000E+00, -4.7612722E-01, 0.0000000E+00
* ELEM  1117  line segment
 1, 1078, 1077
*
  1.1117283E+01, 1.6956582E+00, -2.4608306E-01, -1.0193094E-01
* ELEM  1118  circular arc
 3, 1087, 1077
*
  1.1684000E+01, 1.9304000E+00, 6.1341000E-01, 2.0250000E+02, 4.5000000E+01
* ELEM  1119  line segment
 1, 1077, 1076
*
  1.1449258E+01, 1.3636831E+00, -1.0193094E-01, -2.4608306E-01
* ELEM  1120  line segment
 1, 1101, 1078
*
  1.0871200E+01, 2.2670728E+00, 0.0000000E+00, -6.7334557E-01
* ELEM  1121  line segment
 1, 1082, 1078
*
  1.1117283E+01, 2.1651418E+00, -2.4608306E-01, 1.0193094E-01
* ELEM  1122  circular arc
 3, 1087, 1078
*
  1.1684000E+01, 1.9304000E+00, 6.1341000E-01, 1.5750000E+02, 4.5000000E+01
* ELEM  1123  line segment
 1, 373, 374
*
  1.5937272E+00, 1.2496800E+01, -4.7612722E-01, -4.7612722E-01
* ELEM  1124  line segment
 1, 376, 374
*
  1.6956582E+00, 1.2250717E+01, -1.0193094E-01, 2.4608306E-01
* ELEM  1125  line segment
 1, 373, 1226
*
  1.1176000E+00, 1.2020673E+01, 0.0000000E+00, 4.7612722E-01
* ELEM  1126  line segment
 1, 373, 21
*
  1.1176000E+00, 1.2496800E+01, 4.7612722E-01, 0.0000000E+00
* ELEM  1127  line segment
 1, 375, 352
*
  2.7432000E+00, 1.2020673E+01, 0.0000000E+00, -6.7334557E-01
* ELEM  1128  line segment
 1, 356, 352
*
  2.9892831E+00, 1.1918742E+01, -2.4608306E-01, 1.0193094E-01
* ELEM  1129  circular arc
 3, 361, 352
*
  3.5560000E+00, 1.1684000E+01, 6.1341000E-01, 1.5750000E+02, 4.5000000E+01
* ELEM  1130  line segment
 1, 375, 378
*
  2.4971169E+00, 1.1918742E+01, 2.4608306E-01, 1.0193094E-01
* ELEM  1131  circular arc
 3, 361, 357
*
  3.5560000E+00, 1.1684000E+01, 6.1341000E-01, 0.0000000E+00, 2.2500000E+01
* ELEM  1132  circular arc
 3, 361, 360
*
  3.5560000E+00, 1.1684000E+01, 6.1341000E-01, 2.2500000E+01, 4.5000000E+01
* ELEM  1133  circular arc
 3, 361, 358
*
  3.5560000E+00, 1.1684000E+01, 6.1341000E-01, 6.7500000E+01, 4.5000000E+01
* ELEM  1134  circular arc
 3, 361, 356
*
  3.5560000E+00, 1.1684000E+01, 6.1341000E-01, 1.1250000E+02, 4.5000000E+01
* ELEM  1135  circular arc
 3, 361, 354
*
  3.5560000E+00, 1.1684000E+01, 6.1341000E-01, 2.9250000E+02, 4.5000000E+01
* ELEM  1136  circular arc
 3, 361, 357
*
  3.5560000E+00, 1.1684000E+01, 6.1341000E-01, 3.3750000E+02, 2.2500000E+01
* ELEM  1137  circle
 2, 362, 361
*
  3.5560000E+00, 1.1684000E+01, 5.3213000E-01, 0.0000000E+00
* ELEM  1138  line segment
 1, 354, 357
*
  4.1227169E+00, 1.1449258E+01, 2.4608306E-01, -1.0193094E-01
* ELEM  1139  line segment
 1, 353, 354
*
  3.8926728E+00, 1.0871200E+01, 4.7612722E-01, 4.7612722E-01
* ELEM  1140  line segment
 1, 353, 331
*
  4.3688000E+00, 1.1347327E+01, 0.0000000E+00, -4.7612722E-01
* ELEM  1141  line segment
 1, 331, 333
*
  4.3688000E+00, 1.1347327E+01, 4.7612722E-01, -4.7612722E-01
* ELEM  1142  line segment
 1, 334, 333
*
  4.6148831E+00, 1.1449258E+01, -2.4608306E-01, -1.0193094E-01
* ELEM  1143  circular arc
 3, 343, 333
*
  5.1816000E+00, 1.1684000E+01, 6.1341000E-01, 2.0250000E+02, 4.5000000E+01
* ELEM  1144  line segment
 1, 333, 332
*
  4.9468582E+00, 1.1117283E+01, -1.0193094E-01, -2.4608306E-01
* ELEM  1145  circular arc
 3, 343, 332
*
  5.1816000E+00, 1.1684000E+01, 6.1341000E-01, 2.4750000E+02, 4.5000000E+01
* ELEM  1146  line segment
 1, 332, 336
*
  5.4163418E+00, 1.1117283E+01, 1.0193094E-01, -2.4608306E-01
* ELEM  1147  line segment
 1, 486, 332
*
  4.8449272E+00, 1.0871200E+01, 6.7334557E-01, 0.0000000E+00
* ELEM  1148  line segment
 1, 488, 486
*
  5.4163418E+00, 1.0625117E+01, 1.0193094E-01, 2.4608306E-01
* ELEM  1149  line segment
 1, 465, 466
*
  6.4705272E+00, 1.0871200E+01, -4.7612722E-01, -4.7612722E-01
* ELEM  1150  line segment
 1, 468, 466
*
  6.5724582E+00, 1.0625117E+01, -1.0193094E-01, 2.4608306E-01
* ELEM  1151  line segment
 1, 487, 488
*
  5.9944000E+00, 1.0395073E+01, -4.7612722E-01, 4.7612722E-01
* ELEM  1152  line segment
 1, 487, 335
*
  5.5182728E+00, 1.0871200E+01, 4.7612722E-01, 0.0000000E+00
* ELEM  1153  line segment
 1, 487, 465
*
  5.9944000E+00, 1.0871200E+01, 0.0000000E+00, -4.7612722E-01
* ELEM  1154  line segment
 1, 465, 311
*
  5.9944000E+00, 1.0871200E+01, 4.7612722E-01, 0.0000000E+00
* ELEM  1155  line segment
 1, 593, 4
*
  7.6200000E+00, 8.7694728E+00, 0.0000000E+00, -3.3667278E-01
* ELEM  1156  line segment
 1, 441, 443
*
  7.6200000E+00, 9.7217272E+00, 4.7612722E-01, -4.7612722E-01
* ELEM  1157  line segment
 1, 6, 441
*
  7.6200000E+00, 9.2456000E+00, 4.7612722E-01, 0.0000000E+00
* ELEM  1158  line segment
 1, 444, 443
*
  7.8660831E+00, 9.8236582E+00, -2.4608306E-01, -1.0193094E-01
* ELEM  1159  circular arc
 3, 453, 443
*
  8.4328000E+00, 1.0058400E+01, 6.1341000E-01, 2.0250000E+02, 4.5000000E+01
* ELEM  1160  line segment
 1, 443, 442
*
  8.1980582E+00, 9.4916831E+00, -1.0193094E-01, -2.4608306E-01
* ELEM  1161  line segment
 1, 467, 444
*
  7.6200000E+00, 1.0395073E+01, 0.0000000E+00, -6.7334557E-01
* ELEM  1162  line segment
 1, 448, 444
*
  7.8660831E+00, 1.0293142E+01, -2.4608306E-01, 1.0193094E-01
* ELEM  1163  circular arc
 3, 453, 444
*
  8.4328000E+00, 1.0058400E+01, 6.1341000E-01, 1.5750000E+02, 4.5000000E+01
* ELEM  1164  line segment
 1, 467, 470
*
  7.3739169E+00, 1.0293142E+01, 2.4608306E-01, 1.0193094E-01
* ELEM  1165  line segment
 1, 6, 4
*
  7.9020669E+00, 8.9635331E+00, -2.8206686E-01, 2.8206686E-01
* ELEM  1166  circular arc
 3, 9, 4
*
  8.4328000E+00, 8.4328000E+00, 7.5057000E-01, 1.3500000E+02, 4.5000000E+01
* ELEM  1167  line segment
 1, 442, 6
*
  8.4328000E+00, 9.2456000E+00, -3.3667278E-01, 0.0000000E+00
* ELEM  1168  line segment
 1, 8, 6
*
  8.4328000E+00, 9.1833700E+00, 0.0000000E+00, 6.2230000E-02
* ELEM  1169  circular arc
 3, 9, 6
*
  8.4328000E+00, 8.4328000E+00, 7.5057000E-01, 9.0000000E+01, 4.5000000E+01
* ELEM  1170  line segment
 1, 826, 829
*
  1.0625117E+01, 4.9468582E+00, 2.4608306E-01, -1.0193094E-01
* ELEM  1171  line segment
 1, 825, 826
*
  1.0395073E+01, 4.3688000E+00, 4.7612722E-01, 4.7612722E-01
* ELEM  1172  line segment
 1, 825, 803
*
  1.0871200E+01, 4.8449272E+00, 0.0000000E+00, -4.7612722E-01
* ELEM  1173  line segment
 1, 977, 825
*
  1.0395073E+01, 4.3688000E+00, 4.7612722E-01, 0.0000000E+00
* ELEM  1174  line segment
 1, 975, 978
*
  1.0625117E+01, 3.7907418E+00, 2.4608306E-01, 1.0193094E-01
* ELEM  1175  line segment
 1, 977, 978
*
  1.0871200E+01, 3.8926728E+00, -4.7612722E-01, 4.7612722E-01
* ELEM  1176  line segment
 1, 977, 953
*
  1.0871200E+01, 4.3688000E+00, 0.0000000E+00, -4.7612722E-01
* ELEM  1177  circular arc
 3, 707, 696
*
  1.0058400E+01, 6.8072000E+00, 6.1341000E-01, 2.4750000E+02, 4.5000000E+01
* ELEM  1178  line segment
 1, 696, 700
*
  1.0293142E+01, 6.2404831E+00, 1.0193094E-01, -2.4608306E-01
* ELEM  1179  line segment
 1, 830, 696
*
  9.7217272E+00, 5.9944000E+00, 6.7334557E-01, 0.0000000E+00
* ELEM  1180  line segment
 1, 832, 830
*
  1.0293142E+01, 5.7483169E+00, 1.0193094E-01, 2.4608306E-01
* ELEM  1181  circular arc
 3, 707, 703
*
  1.0058400E+01, 6.8072000E+00, 6.1341000E-01, 0.0000000E+00, 2.2500000E+01
* ELEM  1182  circular arc
 3, 707, 706
*
  1.0058400E+01, 6.8072000E+00, 6.1341000E-01, 2.2500000E+01, 4.5000000E+01
* ELEM  1183  circular arc
 3, 707, 704
*
  1.0058400E+01, 6.8072000E+00, 6.1341000E-01, 6.7500000E+01, 4.5000000E+01
* ELEM  1184  circular arc
 3, 707, 702
*
  1.0058400E+01, 6.8072000E+00, 6.1341000E-01, 1.1250000E+02, 4.5000000E+01
* ELEM  1185  circular arc
 3, 707, 700
*
  1.0058400E+01, 6.8072000E+00, 6.1341000E-01, 2.9250000E+02, 4.5000000E+01
* ELEM  1186  circular arc
 3, 707, 703
*
  1.0058400E+01, 6.8072000E+00, 6.1341000E-01, 3.3750000E+02, 2.2500000E+01
* ELEM  1187  circle
 2, 708, 707
*
  1.0058400E+01, 6.8072000E+00, 5.3213000E-01, 0.0000000E+00
* ELEM  1188  line segment
 1, 701, 702
*
  9.7217272E+00, 7.6200000E+00, -4.7612722E-01, -4.7612722E-01
* ELEM  1189  line segment
 1, 704, 702
*
  9.8236582E+00, 7.3739169E+00, -1.0193094E-01, 2.4608306E-01
* ELEM  1190  line segment
 1, 723, 724
*
  9.2456000E+00, 7.1438728E+00, -4.7612722E-01, 4.7612722E-01
* ELEM  1191  line segment
 1, 3, 723
*
  9.2456000E+00, 7.6200000E+00, -4.7612722E-01, 0.0000000E+00
* ELEM  1192  line segment
 1, 723, 701
*
  9.2456000E+00, 7.6200000E+00, 0.0000000E+00, -4.7612722E-01
* ELEM  1193  line segment
 1, 701, 567
*
  9.2456000E+00, 7.6200000E+00, 4.7612722E-01, 0.0000000E+00
* ELEM  1194  line segment
 1, 724, 722
*
  8.6675418E+00, 7.3739169E+00, 1.0193094E-01, 2.4608306E-01
* ELEM  1195  line segment
 1, 947, 949
*
  1.0871200E+01, 3.2193272E+00, 4.7612722E-01, -4.7612722E-01
* ELEM  1196  line segment
 1, 1081, 947
*
  1.0871200E+01, 2.7432000E+00, 4.7612722E-01, 0.0000000E+00
* ELEM  1197  line segment
 1, 950, 949
*
  1.1117283E+01, 3.3212582E+00, -2.4608306E-01, -1.0193094E-01
* ELEM  1198  circular arc
 3, 959, 949
*
  1.1684000E+01, 3.5560000E+00, 6.1341000E-01, 2.0250000E+02, 4.5000000E+01
* ELEM  1199  line segment
 1, 949, 948
*
  1.1449258E+01, 2.9892831E+00, -1.0193094E-01, -2.4608306E-01
* ELEM  1200  line segment
 1, 975, 950
*
  1.0871200E+01, 3.8926728E+00, 0.0000000E+00, -6.7334557E-01
* ELEM  1201  line segment
 1, 954, 950
*
  1.1117283E+01, 3.7907418E+00, -2.4608306E-01, 1.0193094E-01
* ELEM  1202  circular arc
 3, 959, 950
*
  1.1684000E+01, 3.5560000E+00, 6.1341000E-01, 1.5750000E+02, 4.5000000E+01
* ELEM  1203  line segment
 1, 1081, 1082
*
  1.1347327E+01, 2.7432000E+00, -4.7612722E-01, -4.7612722E-01
* ELEM  1204  line segment
 1, 1084, 1082
*
  1.1449258E+01, 2.4971169E+00, -1.0193094E-01, 2.4608306E-01
* ELEM  1205  circular arc
 3, 1087, 1082
*
  1.1684000E+01, 1.9304000E+00, 6.1341000E-01, 1.1250000E+02, 4.5000000E+01
* ELEM  1206  circular arc
 3, 9, 7
*
  8.4328000E+00, 8.4328000E+00, 7.5057000E-01, 0.0000000E+00, 4.5000000E+01
* ELEM  1207  circular arc
 3, 9, 8
*
  8.4328000E+00, 8.4328000E+00, 7.5057000E-01, 4.5000000E+01, 4.5000000E+01
* ELEM  1208  circular arc
 3, 9, 3
*
  8.4328000E+00, 8.4328000E+00, 7.5057000E-01, 2.7000000E+02, 4.5000000E+01
* ELEM  1209  circular arc
 3, 9, 5
*
  8.4328000E+00, 8.4328000E+00, 7.5057000E-01, 3.1500000E+02, 4.5000000E+01
* ELEM  1210  circle
 2, 10, 9
*
  8.4328000E+00, 8.4328000E+00, 6.7437000E-01, 0.0000000E+00
* ELEM  1211  line segment
 1, 722, 3
*
  8.4328000E+00, 7.6200000E+00, 3.3667278E-01, 0.0000000E+00
* ELEM  1212  circular arc
 3, 1087, 1076
*
  1.1684000E+01, 1.9304000E+00, 6.1341000E-01, 2.4750000E+02, 4.5000000E+01
* ELEM  1213  line segment
 1, 1076, 1080
*
  1.1918742E+01, 1.3636831E+00, 1.0193094E-01, -2.4608306E-01
* ELEM  1214  line segment
 1, 1223, 1076
*
  1.1347327E+01, 1.1176000E+00, 6.7334557E-01, 0.0000000E+00
* ELEM  1215  circular arc
 3, 1087, 1083
*
  1.1684000E+01, 1.9304000E+00, 6.1341000E-01, 0.0000000E+00, 2.2500000E+01
* ELEM  1216  circular arc
 3, 1087, 1086
*
  1.1684000E+01, 1.9304000E+00, 6.1341000E-01, 2.2500000E+01, 4.5000000E+01
* ELEM  1217  circular arc
 3, 1087, 1084
*
  1.1684000E+01, 1.9304000E+00, 6.1341000E-01, 6.7500000E+01, 4.5000000E+01
* ELEM  1218  circular arc
 3, 1087, 1080
*
  1.1684000E+01, 1.9304000E+00, 6.1341000E-01, 2.9250000E+02, 4.5000000E+01
* ELEM  1219  circular arc
 3, 1087, 1083
*
  1.1684000E+01, 1.9304000E+00, 6.1341000E-01, 3.3750000E+02, 2.2500000E+01
* ELEM  1220  circle
 2, 1088, 1087
*
  1.1684000E+01, 1.9304000E+00, 5.3213000E-01, 0.0000000E+00
* ELEM  1221  line segment
 1, 21, 1244
*
  1.1176000E+00, 1.2496800E+01, 0.0000000E+00, 4.7612722E-01
* ELEM  1222  line segment
 1, 21, 23
*
  1.1176000E+00, 1.2972927E+01, 4.7612722E-01, -4.7612722E-01
* ELEM  1223  line segment
 1, 24, 23
*
  1.3636831E+00, 1.3074858E+01, -2.4608306E-01, -1.0193094E-01
* ELEM  1224  circular arc
 3, 33, 23
*
  1.9304000E+00, 1.3309600E+01, 6.1341000E-01, 2.0250000E+02, 4.5000000E+01
* ELEM  1225  line segment
 1, 23, 22
*
  1.6956582E+00, 1.2742883E+01, -1.0193094E-01, -2.4608306E-01
* ELEM  1226  circular arc
 3, 33, 22
*
  1.9304000E+00, 1.3309600E+01, 6.1341000E-01, 2.4750000E+02, 4.5000000E+01
* ELEM  1227  line segment
 1, 22, 26
*
  2.1651418E+00, 1.2742883E+01, 1.0193094E-01, -2.4608306E-01
* ELEM  1228  line segment
 1, 376, 22
*
  1.5937272E+00, 1.2496800E+01, 6.7334557E-01, 0.0000000E+00
* ELEM  1229  line segment
 1, 378, 376
*
  2.1651418E+00, 1.2250717E+01, 1.0193094E-01, 2.4608306E-01
* ELEM  1230  line segment
 1, 355, 356
*
  3.2193272E+00, 1.2496800E+01, -4.7612722E-01, -4.7612722E-01
* ELEM  1231  line segment
 1, 358, 356
*
  3.3212582E+00, 1.2250717E+01, -1.0193094E-01, 2.4608306E-01
* ELEM  1232  line segment
 1, 377, 378
*
  2.7432000E+00, 1.2020673E+01, -4.7612722E-01, 4.7612722E-01
* ELEM  1233  line segment
 1, 377, 25
*
  2.2670728E+00, 1.2496800E+01, 4.7612722E-01, 0.0000000E+00
* ELEM  1234  line segment
 1, 377, 355
*
  2.7432000E+00, 1.2496800E+01, 0.0000000E+00, -4.7612722E-01
* ELEM  1235  line segment
 1, 355, 221
*
  2.7432000E+00, 1.2496800E+01, 4.7612722E-01, 0.0000000E+00
* ELEM  1236  line segment
 1, 357, 334
*
  4.3688000E+00, 1.2020673E+01, 0.0000000E+00, -6.7334557E-01
* ELEM  1237  line segment
 1, 338, 334
*
  4.6148831E+00, 1.1918742E+01, -2.4608306E-01, 1.0193094E-01
* ELEM  1238  circular arc
 3, 343, 334
*
  5.1816000E+00, 1.1684000E+01, 6.1341000E-01, 1.5750000E+02, 4.5000000E+01
* ELEM  1239  line segment
 1, 357, 360
*
  4.1227169E+00, 1.1918742E+01, 2.4608306E-01, 1.0193094E-01
* ELEM  1240  circular arc
 3, 343, 339
*
  5.1816000E+00, 1.1684000E+01, 6.1341000E-01, 0.0000000E+00, 2.2500000E+01
* ELEM  1241  circular arc
 3, 343, 342
*
  5.1816000E+00, 1.1684000E+01, 6.1341000E-01, 2.2500000E+01, 4.5000000E+01
* ELEM  1242  circular arc
 3, 343, 340
*
  5.1816000E+00, 1.1684000E+01, 6.1341000E-01, 6.7500000E+01, 4.5000000E+01
* ELEM  1243  circular arc
 3, 343, 338
*
  5.1816000E+00, 1.1684000E+01, 6.1341000E-01, 1.1250000E+02, 4.5000000E+01
* ELEM  1244  circular arc
 3, 343, 336
*
  5.1816000E+00, 1.1684000E+01, 6.1341000E-01, 2.9250000E+02, 4.5000000E+01
* ELEM  1245  circular arc
 3, 343, 339
*
  5.1816000E+00, 1.1684000E+01, 6.1341000E-01, 3.3750000E+02, 2.2500000E+01
* ELEM  1246  circle
 2, 344, 343
*
  5.1816000E+00, 1.1684000E+01, 5.3213000E-01, 0.0000000E+00
* ELEM  1247  line segment
 1, 336, 339
*
  5.7483169E+00, 1.1449258E+01, 2.4608306E-01, -1.0193094E-01
* ELEM  1248  line segment
 1, 335, 336
*
  5.5182728E+00, 1.0871200E+01, 4.7612722E-01, 4.7612722E-01
* ELEM  1249  line segment
 1, 335, 311
*
  5.9944000E+00, 1.1347327E+01, 0.0000000E+00, -4.7612722E-01
* ELEM  1250  line segment
 1, 311, 313
*
  5.9944000E+00, 1.1347327E+01, 4.7612722E-01, -4.7612722E-01
* ELEM  1251  line segment
 1, 314, 313
*
  6.2404831E+00, 1.1449258E+01, -2.4608306E-01, -1.0193094E-01
* ELEM  1252  circular arc
 3, 323, 313
*
  6.8072000E+00, 1.1684000E+01, 6.1341000E-01, 2.0250000E+02, 4.5000000E+01
* ELEM  1253  line segment
 1, 313, 312
*
  6.5724582E+00, 1.1117283E+01, -1.0193094E-01, -2.4608306E-01
* ELEM  1254  circular arc
 3, 323, 312
*
  6.8072000E+00, 1.1684000E+01, 6.1341000E-01, 2.4750000E+02, 4.5000000E+01
* ELEM  1255  line segment
 1, 312, 316
*
  7.0419418E+00, 1.1117283E+01, 1.0193094E-01, -2.4608306E-01
* ELEM  1256  line segment
 1, 468, 312
*
  6.4705272E+00, 1.0871200E+01, 6.7334557E-01, 0.0000000E+00
* ELEM  1257  line segment
 1, 470, 468
*
  7.0419418E+00, 1.0625117E+01, 1.0193094E-01, 2.4608306E-01
* ELEM  1258  circular arc
 3, 453, 442
*
  8.4328000E+00, 1.0058400E+01, 6.1341000E-01, 2.4750000E+02, 4.5000000E+01
* ELEM  1259  line segment
 1, 442, 446
*
  8.6675418E+00, 9.4916831E+00, 1.0193094E-01, -2.4608306E-01
* ELEM  1260  line segment
 1, 442, 8
*
  8.7694728E+00, 9.2456000E+00, -3.3667278E-01, 0.0000000E+00
* ELEM  1261  circular arc
 3, 453, 449
*
  8.4328000E+00, 1.0058400E+01, 6.1341000E-01, 0.0000000E+00, 2.2500000E+01
* ELEM  1262  circular arc
 3, 453, 452
*
  8.4328000E+00, 1.0058400E+01, 6.1341000E-01, 2.2500000E+01, 4.5000000E+01
* ELEM  1263  circular arc
 3, 453, 450
*
  8.4328000E+00, 1.0058400E+01, 6.1341000E-01, 6.7500000E+01, 4.5000000E+01
* ELEM  1264  circular arc
 3, 453, 448
*
  8.4328000E+00, 1.0058400E+01, 6.1341000E-01, 1.1250000E+02, 4.5000000E+01
* ELEM  1265  circular arc
 3, 453, 446
*
  8.4328000E+00, 1.0058400E+01, 6.1341000E-01, 2.9250000E+02, 4.5000000E+01
* ELEM  1266  circular arc
 3, 453, 449
*
  8.4328000E+00, 1.0058400E+01, 6.1341000E-01, 3.3750000E+02, 2.2500000E+01
* ELEM  1267  circle
 2, 454, 453
*
  8.4328000E+00, 1.0058400E+01, 5.3213000E-01, 0.0000000E+00
* ELEM  1268  line segment
 1, 447, 448
*
  8.0961272E+00, 1.0871200E+01, -4.7612722E-01, -4.7612722E-01
* ELEM  1269  line segment
 1, 450, 448
*
  8.1980582E+00, 1.0625117E+01, -1.0193094E-01, 2.4608306E-01
* ELEM  1270  line segment
 1, 469, 470
*
  7.6200000E+00, 1.0395073E+01, -4.7612722E-01, 4.7612722E-01
* ELEM  1271  line segment
 1, 469, 315
*
  7.1438728E+00, 1.0871200E+01, 4.7612722E-01, 0.0000000E+00
* ELEM  1272  line segment
 1, 469, 447
*
  7.6200000E+00, 1.0871200E+01, 0.0000000E+00, -4.7612722E-01
* ELEM  1273  line segment
 1, 447, 293
*
  7.6200000E+00, 1.0871200E+01, 4.7612722E-01, 0.0000000E+00
* ELEM  1274  line segment
 1, 803, 805
*
  1.0871200E+01, 4.8449272E+00, 4.7612722E-01, -4.7612722E-01
* ELEM  1275  line segment
 1, 953, 803
*
  1.0871200E+01, 4.3688000E+00, 4.7612722E-01, 0.0000000E+00
* ELEM  1276  line segment
 1, 806, 805
*
  1.1117283E+01, 4.9468582E+00, -2.4608306E-01, -1.0193094E-01
* ELEM  1277  circular arc
 3, 815, 805
*
  1.1684000E+01, 5.1816000E+00, 6.1341000E-01, 2.0250000E+02, 4.5000000E+01
* ELEM  1278  line segment
 1, 805, 804
*
  1.1449258E+01, 4.6148831E+00, -1.0193094E-01, -2.4608306E-01
* ELEM  1279  line segment
 1, 829, 806
*
  1.0871200E+01, 5.5182728E+00, 0.0000000E+00, -6.7334557E-01
* ELEM  1280  line segment
 1, 810, 806
*
  1.1117283E+01, 5.4163418E+00, -2.4608306E-01, 1.0193094E-01
* ELEM  1281  circular arc
 3, 815, 806
*
  1.1684000E+01, 5.1816000E+00, 6.1341000E-01, 1.5750000E+02, 4.5000000E+01
* ELEM  1282  line segment
 1, 829, 832
*
  1.0625117E+01, 5.4163418E+00, 2.4608306E-01, 1.0193094E-01
* ELEM  1283  line segment
 1, 953, 954
*
  1.1347327E+01, 4.3688000E+00, -4.7612722E-01, -4.7612722E-01
* ELEM  1284  line segment
 1, 956, 954
*
  1.1449258E+01, 4.1227169E+00, -1.0193094E-01, 2.4608306E-01
* ELEM  1285  circular arc
 3, 959, 954
*
  1.1684000E+01, 3.5560000E+00, 6.1341000E-01, 1.1250000E+02, 4.5000000E+01
* ELEM  1286  line segment
 1, 700, 703
*
  1.0625117E+01, 6.5724582E+00, 2.4608306E-01, -1.0193094E-01
* ELEM  1287  line segment
 1, 699, 700
*
  1.0395073E+01, 5.9944000E+00, 4.7612722E-01, 4.7612722E-01
* ELEM  1288  line segment
 1, 699, 677
*
  1.0871200E+01, 6.4705272E+00, 0.0000000E+00, -4.7612722E-01
* ELEM  1289  line segment
 1, 831, 699
*
  1.0395073E+01, 5.9944000E+00, 4.7612722E-01, 0.0000000E+00
* ELEM  1290  line segment
 1, 831, 832
*
  1.0871200E+01, 5.5182728E+00, -4.7612722E-01, 4.7612722E-01
* ELEM  1291  line segment
 1, 831, 809
*
  1.0871200E+01, 5.9944000E+00, 0.0000000E+00, -4.7612722E-01
* ELEM  1292  line segment
 1, 3, 5
*
  8.9635331E+00, 7.9020669E+00, 2.8206686E-01, -2.8206686E-01
* ELEM  1293  line segment
 1, 5, 7
*
  9.1833700E+00, 8.4328000E+00, 6.2230000E-02, 0.0000000E+00
* ELEM  1294  line segment
 1, 5, 567
*
  9.2456000E+00, 8.0961272E+00, 0.0000000E+00, -4.7612722E-01
* ELEM  1295  line segment
 1, 570, 5
*
  9.2456000E+00, 8.0961272E+00, 0.0000000E+00, 3.3667278E-01
* ELEM  1296  line segment
 1, 567, 569
*
  9.2456000E+00, 8.0961272E+00, 4.7612722E-01, -4.7612722E-01
* ELEM  1297  line segment
 1, 570, 569
*
  9.4916831E+00, 8.1980582E+00, -2.4608306E-01, -1.0193094E-01
* ELEM  1298  circular arc
 3, 579, 569
*
  1.0058400E+01, 8.4328000E+00, 6.1341000E-01, 2.0250000E+02, 4.5000000E+01
* ELEM  1299  line segment
 1, 569, 568
*
  9.8236582E+00, 7.8660831E+00, -1.0193094E-01, -2.4608306E-01
* ELEM  1300  circular arc
 3, 579, 568
*
  1.0058400E+01, 8.4328000E+00, 6.1341000E-01, 2.4750000E+02, 4.5000000E+01
* ELEM  1301  line segment
 1, 568, 572
*
  1.0293142E+01, 7.8660831E+00, 1.0193094E-01, -2.4608306E-01
* ELEM  1302  line segment
 1, 704, 568
*
  9.7217272E+00, 7.6200000E+00, 6.7334557E-01, 0.0000000E+00
* ELEM  1303  line segment
 1, 706, 704
*
  1.0293142E+01, 7.3739169E+00, 1.0193094E-01, 2.4608306E-01
* ELEM  1304  circular arc
 3, 959, 948
*
  1.1684000E+01, 3.5560000E+00, 6.1341000E-01, 2.4750000E+02, 4.5000000E+01
* ELEM  1305  line segment
 1, 948, 952
*
  1.1918742E+01, 2.9892831E+00, 1.0193094E-01, -2.4608306E-01
* ELEM  1306  line segment
 1, 1084, 948
*
  1.1347327E+01, 2.7432000E+00, 6.7334557E-01, 0.0000000E+00
* ELEM  1307  line segment
 1, 1086, 1084
*
  1.1918742E+01, 2.4971169E+00, 1.0193094E-01, 2.4608306E-01
* ELEM  1308  circular arc
 3, 959, 955
*
  1.1684000E+01, 3.5560000E+00, 6.1341000E-01, 0.0000000E+00, 2.2500000E+01
* ELEM  1309  circular arc
 3, 959, 958
*
  1.1684000E+01, 3.5560000E+00, 6.1341000E-01, 2.2500000E+01, 4.5000000E+01
* ELEM  1310  circular arc
 3, 959, 956
*
  1.1684000E+01, 3.5560000E+00, 6.1341000E-01, 6.7500000E+01, 4.5000000E+01
* ELEM  1311  circular arc
 3, 959, 952
*
  1.1684000E+01, 3.5560000E+00, 6.1341000E-01, 2.9250000E+02, 4.5000000E+01
* ELEM  1312  circular arc
 3, 959, 955
*
  1.1684000E+01, 3.5560000E+00, 6.1341000E-01, 3.3750000E+02, 2.2500000E+01
* ELEM  1313  circle
 2, 960, 959
*
  1.1684000E+01, 3.5560000E+00, 5.3213000E-01, 0.0000000E+00
* ELEM  1314  line segment
 1, 1079, 1080
*
  1.2020673E+01, 1.1176000E+00, 4.7612722E-01, 4.7612722E-01
* ELEM  1315  line segment
 1, 1079, 1057
*
  1.2496800E+01, 1.5937272E+00, 0.0000000E+00, -4.7612722E-01
* ELEM  1316  line segment
 1, 1079, 1223
*
  1.2496800E+01, 1.1176000E+00, -4.7612722E-01, 0.0000000E+00
* ELEM  1317  line segment
 1, 1080, 1083
*
  1.2250717E+01, 1.6956582E+00, 2.4608306E-01, -1.0193094E-01
* ELEM  1318  line segment
 1, 1244, 24
*
  1.1176000E+00, 1.3646273E+01, 0.0000000E+00, -6.7334557E-01
* ELEM  1319  line segment
 1, 28, 24
*
  1.3636831E+00, 1.3544342E+01, -2.4608306E-01, 1.0193094E-01
* ELEM  1320  circular arc
 3, 33, 24
*
  1.9304000E+00, 1.3309600E+01, 6.1341000E-01, 1.5750000E+02, 4.5000000E+01
* ELEM  1321  circular arc
 3, 33, 29
*
  1.9304000E+00, 1.3309600E+01, 6.1341000E-01, 0.0000000E+00, 2.2500000E+01
* ELEM  1322  circular arc
 3, 33, 32
*
  1.9304000E+00, 1.3309600E+01, 6.1341000E-01, 2.2500000E+01, 4.5000000E+01
* ELEM  1323  circular arc
 3, 33, 30
*
  1.9304000E+00, 1.3309600E+01, 6.1341000E-01, 6.7500000E+01, 4.5000000E+01
* ELEM  1324  circular arc
 3, 33, 28
*
  1.9304000E+00, 1.3309600E+01, 6.1341000E-01, 1.1250000E+02, 4.5000000E+01
* ELEM  1325  circular arc
 3, 33, 26
*
  1.9304000E+00, 1.3309600E+01, 6.1341000E-01, 2.9250000E+02, 4.5000000E+01
* ELEM  1326  circular arc
 3, 33, 29
*
  1.9304000E+00, 1.3309600E+01, 6.1341000E-01, 3.3750000E+02, 2.2500000E+01
* ELEM  1327  circle
 2, 34, 33
*
  1.9304000E+00, 1.3309600E+01, 5.3213000E-01, 0.0000000E+00
* ELEM  1328  line segment
 1, 26, 29
*
  2.4971169E+00, 1.3074858E+01, 2.4608306E-01, -1.0193094E-01
* ELEM  1329  line segment
 1, 25, 26
*
  2.2670728E+00, 1.2496800E+01, 4.7612722E-01, 4.7612722E-01
* ELEM  1330  line segment
 1, 221, 25
*
  2.7432000E+00, 1.2496800E+01, 0.0000000E+00, 4.7612722E-01
* ELEM  1331  line segment
 1, 221, 223
*
  2.7432000E+00, 1.2972927E+01, 4.7612722E-01, -4.7612722E-01
* ELEM  1332  line segment
 1, 224, 223
*
  2.9892831E+00, 1.3074858E+01, -2.4608306E-01, -1.0193094E-01
* ELEM  1333  circular arc
 3, 233, 223
*
  3.5560000E+00, 1.3309600E+01, 6.1341000E-01, 2.0250000E+02, 4.5000000E+01
* ELEM  1334  line segment
 1, 223, 222
*
  3.3212582E+00, 1.2742883E+01, -1.0193094E-01, -2.4608306E-01
* ELEM  1335  circular arc
 3, 233, 222
*
  3.5560000E+00, 1.3309600E+01, 6.1341000E-01, 2.4750000E+02, 4.5000000E+01
* ELEM  1336  line segment
 1, 222, 226
*
  3.7907418E+00, 1.2742883E+01, 1.0193094E-01, -2.4608306E-01
* ELEM  1337  line segment
 1, 358, 222
*
  3.2193272E+00, 1.2496800E+01, 6.7334557E-01, 0.0000000E+00
* ELEM  1338  line segment
 1, 360, 358
*
  3.7907418E+00, 1.2250717E+01, 1.0193094E-01, 2.4608306E-01
* ELEM  1339  line segment
 1, 337, 338
*
  4.8449272E+00, 1.2496800E+01, -4.7612722E-01, -4.7612722E-01
* ELEM  1340  line segment
 1, 340, 338
*
  4.9468582E+00, 1.2250717E+01, -1.0193094E-01, 2.4608306E-01
* ELEM  1341  line segment
 1, 359, 360
*
  4.3688000E+00, 1.2020673E+01, -4.7612722E-01, 4.7612722E-01
* ELEM  1342  line segment
 1, 359, 225
*
  3.8926728E+00, 1.2496800E+01, 4.7612722E-01, 0.0000000E+00
* ELEM  1343  line segment
 1, 359, 337
*
  4.3688000E+00, 1.2496800E+01, 0.0000000E+00, -4.7612722E-01
* ELEM  1344  line segment
 1, 337, 203
*
  4.3688000E+00, 1.2496800E+01, 4.7612722E-01, 0.0000000E+00
* ELEM  1345  line segment
 1, 339, 314
*
  5.9944000E+00, 1.2020673E+01, 0.0000000E+00, -6.7334557E-01
* ELEM  1346  line segment
 1, 318, 314
*
  6.2404831E+00, 1.1918742E+01, -2.4608306E-01, 1.0193094E-01
* ELEM  1347  circular arc
 3, 323, 314
*
  6.8072000E+00, 1.1684000E+01, 6.1341000E-01, 1.5750000E+02, 4.5000000E+01
* ELEM  1348  line segment
 1, 339, 342
*
  5.7483169E+00, 1.1918742E+01, 2.4608306E-01, 1.0193094E-01
* ELEM  1349  circular arc
 3, 323, 319
*
  6.8072000E+00, 1.1684000E+01, 6.1341000E-01, 0.0000000E+00, 2.2500000E+01
* ELEM  1350  circular arc
 3, 323, 322
*
  6.8072000E+00, 1.1684000E+01, 6.1341000E-01, 2.2500000E+01, 4.5000000E+01
* ELEM  1351  circular arc
 3, 323, 320
*
  6.8072000E+00, 1.1684000E+01, 6.1341000E-01, 6.7500000E+01, 4.5000000E+01
* ELEM  1352  circular arc
 3, 323, 318
*
  6.8072000E+00, 1.1684000E+01, 6.1341000E-01, 1.1250000E+02, 4.5000000E+01
* ELEM  1353  circular arc
 3, 323, 316
*
  6.8072000E+00, 1.1684000E+01, 6.1341000E-01, 2.9250000E+02, 4.5000000E+01
* ELEM  1354  circular arc
 3, 323, 319
*
  6.8072000E+00, 1.1684000E+01, 6.1341000E-01, 3.3750000E+02, 2.2500000E+01
* ELEM  1355  circle
 2, 324, 323
*
  6.8072000E+00, 1.1684000E+01, 5.3213000E-01, 0.0000000E+00
* ELEM  1356  line segment
 1, 316, 319
*
  7.3739169E+00, 1.1449258E+01, 2.4608306E-01, -1.0193094E-01
* ELEM  1357  line segment
 1, 315, 316
*
  7.1438728E+00, 1.0871200E+01, 4.7612722E-01, 4.7612722E-01
* ELEM  1358  line segment
 1, 315, 293
*
  7.6200000E+00, 1.1347327E+01, 0.0000000E+00, -4.7612722E-01
* ELEM  1359  line segment
 1, 8, 445
*
  8.7694728E+00, 9.2456000E+00, 4.7612722E-01, 0.0000000E+00
* ELEM  1360  line segment
 1, 7, 8
*
  8.9635331E+00, 8.9635331E+00, 2.8206686E-01, 2.8206686E-01
* ELEM  1361  line segment
 1, 293, 295
*
  7.6200000E+00, 1.1347327E+01, 4.7612722E-01, -4.7612722E-01
* ELEM  1362  line segment
 1, 296, 295
*
  7.8660831E+00, 1.1449258E+01, -2.4608306E-01, -1.0193094E-01
* ELEM  1363  circular arc
 3, 305, 295
*
  8.4328000E+00, 1.1684000E+01, 6.1341000E-01, 2.0250000E+02, 4.5000000E+01
* ELEM  1364  line segment
 1, 295, 294
*
  8.1980582E+00, 1.1117283E+01, -1.0193094E-01, -2.4608306E-01
* ELEM  1365  circular arc
 3, 305, 294
*
  8.4328000E+00, 1.1684000E+01, 6.1341000E-01, 2.4750000E+02, 4.5000000E+01
* ELEM  1366  line segment
 1, 294, 298
*
  8.6675418E+00, 1.1117283E+01, 1.0193094E-01, -2.4608306E-01
* ELEM  1367  line segment
 1, 450, 294
*
  8.0961272E+00, 1.0871200E+01, 6.7334557E-01, 0.0000000E+00
* ELEM  1368  line segment
 1, 452, 450
*
  8.6675418E+00, 1.0625117E+01, 1.0193094E-01, 2.4608306E-01
* ELEM  1369  circular arc
 3, 815, 804
*
  1.1684000E+01, 5.1816000E+00, 6.1341000E-01, 2.4750000E+02, 4.5000000E+01
* ELEM  1370  line segment
 1, 804, 808
*
  1.1918742E+01, 4.6148831E+00, 1.0193094E-01, -2.4608306E-01
* ELEM  1371  line segment
 1, 956, 804
*
  1.1347327E+01, 4.3688000E+00, 6.7334557E-01, 0.0000000E+00
* ELEM  1372  line segment
 1, 958, 956
*
  1.1918742E+01, 4.1227169E+00, 1.0193094E-01, 2.4608306E-01
* ELEM  1373  circular arc
 3, 815, 811
*
  1.1684000E+01, 5.1816000E+00, 6.1341000E-01, 0.0000000E+00, 2.2500000E+01
* ELEM  1374  circular arc
 3, 815, 814
*
  1.1684000E+01, 5.1816000E+00, 6.1341000E-01, 2.2500000E+01, 4.5000000E+01
* ELEM  1375  circular arc
 3, 815, 812
*
  1.1684000E+01, 5.1816000E+00, 6.1341000E-01, 6.7500000E+01, 4.5000000E+01
* ELEM  1376  circular arc
 3, 815, 810
*
  1.1684000E+01, 5.1816000E+00, 6.1341000E-01, 1.1250000E+02, 4.5000000E+01
* ELEM  1377  circular arc
 3, 815, 808
*
  1.1684000E+01, 5.1816000E+00, 6.1341000E-01, 2.9250000E+02, 4.5000000E+01
* ELEM  1378  circular arc
 3, 815, 811
*
  1.1684000E+01, 5.1816000E+00, 6.1341000E-01, 3.3750000E+02, 2.2500000E+01
* ELEM  1379  circle
 2, 816, 815
*
  1.1684000E+01, 5.1816000E+00, 5.3213000E-01, 0.0000000E+00
* ELEM  1380  line segment
 1, 809, 810
*
  1.1347327E+01, 5.9944000E+00, -4.7612722E-01, -4.7612722E-01
* ELEM  1381  line segment
 1, 812, 810
*
  1.1449258E+01, 5.7483169E+00, -1.0193094E-01, 2.4608306E-01
* ELEM  1382  line segment
 1, 809, 677
*
  1.0871200E+01, 5.9944000E+00, 4.7612722E-01, 0.0000000E+00
* ELEM  1383  line segment
 1, 677, 679
*
  1.0871200E+01, 6.4705272E+00, 4.7612722E-01, -4.7612722E-01
* ELEM  1384  line segment
 1, 680, 679
*
  1.1117283E+01, 6.5724582E+00, -2.4608306E-01, -1.0193094E-01
* ELEM  1385  circular arc
 3, 689, 679
*
  1.1684000E+01, 6.8072000E+00, 6.1341000E-01, 2.0250000E+02, 4.5000000E+01
* ELEM  1386  line segment
 1, 679, 678
*
  1.1449258E+01, 6.2404831E+00, -1.0193094E-01, -2.4608306E-01
* ELEM  1387  line segment
 1, 703, 680
*
  1.0871200E+01, 7.1438728E+00, 0.0000000E+00, -6.7334557E-01
* ELEM  1388  line segment
 1, 684, 680
*
  1.1117283E+01, 7.0419418E+00, -2.4608306E-01, 1.0193094E-01
* ELEM  1389  circular arc
 3, 689, 680
*
  1.1684000E+01, 6.8072000E+00, 6.1341000E-01, 1.5750000E+02, 4.5000000E+01
* ELEM  1390  line segment
 1, 703, 706
*
  1.0625117E+01, 7.0419418E+00, 2.4608306E-01, 1.0193094E-01
* ELEM  1391  line segment
 1, 570, 7
*
  9.2456000E+00, 8.4328000E+00, 0.0000000E+00, 3.3667278E-01
* ELEM  1392  line segment
 1, 574, 570
*
  9.4916831E+00, 8.6675418E+00, -2.4608306E-01, 1.0193094E-01
* ELEM  1393  circular arc
 3, 579, 570
*
  1.0058400E+01, 8.4328000E+00, 6.1341000E-01, 1.5750000E+02, 4.5000000E+01
* ELEM  1394  circular arc
 3, 579, 575
*
  1.0058400E+01, 8.4328000E+00, 6.1341000E-01, 0.0000000E+00, 2.2500000E+01
* ELEM  1395  circular arc
 3, 579, 578
*
  1.0058400E+01, 8.4328000E+00, 6.1341000E-01, 2.2500000E+01, 4.5000000E+01
* ELEM  1396  circular arc
 3, 579, 576
*
  1.0058400E+01, 8.4328000E+00, 6.1341000E-01, 6.7500000E+01, 4.5000000E+01
* ELEM  1397  circular arc
 3, 579, 574
*
  1.0058400E+01, 8.4328000E+00, 6.1341000E-01, 1.1250000E+02, 4.5000000E+01
* ELEM  1398  circular arc
 3, 579, 572
*
  1.0058400E+01, 8.4328000E+00, 6.1341000E-01, 2.9250000E+02, 4.5000000E+01
* ELEM  1399  circular arc
 3, 579, 575
*
  1.0058400E+01, 8.4328000E+00, 6.1341000E-01, 3.3750000E+02, 2.2500000E+01
* ELEM  1400  circle
 2, 580, 579
*
  1.0058400E+01, 8.4328000E+00, 5.3213000E-01, 0.0000000E+00
* ELEM  1401  line segment
 1, 572, 575
*
  1.0625117E+01, 8.1980582E+00, 2.4608306E-01, -1.0193094E-01
* ELEM  1402  line segment
 1, 571, 572
*
  1.0395073E+01, 7.6200000E+00, 4.7612722E-01, 4.7612722E-01
* ELEM  1403  line segment
 1, 571, 549
*
  1.0871200E+01, 8.0961272E+00, 0.0000000E+00, -4.7612722E-01
* ELEM  1404  line segment
 1, 705, 571
*
  1.0395073E+01, 7.6200000E+00, 4.7612722E-01, 0.0000000E+00
* ELEM  1405  line segment
 1, 705, 706
*
  1.0871200E+01, 7.1438728E+00, -4.7612722E-01, 4.7612722E-01
* ELEM  1406  line segment
 1, 705, 683
*
  1.0871200E+01, 7.6200000E+00, 0.0000000E+00, -4.7612722E-01
* ELEM  1407  line segment
 1, 952, 955
*
  1.2250717E+01, 3.3212582E+00, 2.4608306E-01, -1.0193094E-01
* ELEM  1408  line segment
 1, 951, 952
*
  1.2020673E+01, 2.7432000E+00, 4.7612722E-01, 4.7612722E-01
* ELEM  1409  line segment
 1, 951, 929
*
  1.2496800E+01, 3.2193272E+00, 0.0000000E+00, -4.7612722E-01
* ELEM  1410  line segment
 1, 1085, 951
*
  1.2020673E+01, 2.7432000E+00, 4.7612722E-01, 0.0000000E+00
* ELEM  1411  line segment
 1, 1083, 1086
*
  1.2250717E+01, 2.1651418E+00, 2.4608306E-01, 1.0193094E-01
* ELEM  1412  line segment
 1, 1085, 1086
*
  1.2496800E+01, 2.2670728E+00, -4.7612722E-01, 4.7612722E-01
* ELEM  1413  line segment
 1, 1085, 1063
*
  1.2496800E+01, 2.7432000E+00, 0.0000000E+00, -4.7612722E-01
* ELEM  1414  line segment
 1, 1057, 1059
*
  1.2496800E+01, 1.5937272E+00, 4.7612722E-01, -4.7612722E-01
* ELEM  1415  line segment
 1, 1057, 1241
*
  1.2972927E+01, 1.1176000E+00, -4.7612722E-01, 0.0000000E+00
* ELEM  1416  line segment
 1, 1060, 1059
*
  1.2742883E+01, 1.6956582E+00, -2.4608306E-01, -1.0193094E-01
* ELEM  1417  circular arc
 3, 1069, 1059
*
  1.3309600E+01, 1.9304000E+00, 6.1341000E-01, 2.0250000E+02, 4.5000000E+01
* ELEM  1418  line segment
 1, 1059, 1058
*
  1.3074858E+01, 1.3636831E+00, -1.0193094E-01, -2.4608306E-01
* ELEM  1419  line segment
 1, 1083, 1060
*
  1.2496800E+01, 2.2670728E+00, 0.0000000E+00, -6.7334557E-01
* ELEM  1420  line segment
 1, 1064, 1060
*
  1.2742883E+01, 2.1651418E+00, -2.4608306E-01, 1.0193094E-01
* ELEM  1421  circular arc
 3, 1069, 1060
*
  1.3309600E+01, 1.9304000E+00, 6.1341000E-01, 1.5750000E+02, 4.5000000E+01
* ELEM  1422  line segment
 1, 27, 28
*
  1.5937272E+00, 1.4122400E+01, -4.7612722E-01, -4.7612722E-01
* ELEM  1423  line segment
 1, 30, 28
*
  1.6956582E+00, 1.3876317E+01, -1.0193094E-01, 2.4608306E-01
* ELEM  1424  line segment
 1, 27, 1244
*
  1.1176000E+00, 1.3646273E+01, 0.0000000E+00, 3.0073035E-01
* ELEM  1425  line segment
 1, 27, 1243
*
  1.2929969E+00, 1.4122400E+01, 3.0073035E-01, 0.0000000E+00
* ELEM  1426  line segment
 1, 29, 32
*
  2.4971169E+00, 1.3544342E+01, 2.4608306E-01, 1.0193094E-01
* ELEM  1427  line segment
 1, 224, 29
*
  2.7432000E+00, 1.2972927E+01, 0.0000000E+00, 6.7334557E-01
* ELEM  1428  line segment
 1, 228, 224
*
  2.9892831E+00, 1.3544342E+01, -2.4608306E-01, 1.0193094E-01
* ELEM  1429  circular arc
 3, 233, 224
*
  3.5560000E+00, 1.3309600E+01, 6.1341000E-01, 1.5750000E+02, 4.5000000E+01
* ELEM  1430  circular arc
 3, 233, 229
*
  3.5560000E+00, 1.3309600E+01, 6.1341000E-01, 0.0000000E+00, 2.2500000E+01
* ELEM  1431  circular arc
 3, 233, 232
*
  3.5560000E+00, 1.3309600E+01, 6.1341000E-01, 2.2500000E+01, 4.5000000E+01
* ELEM  1432  circular arc
 3, 233, 230
*
  3.5560000E+00, 1.3309600E+01, 6.1341000E-01, 6.7500000E+01, 4.5000000E+01
* ELEM  1433  circular arc
 3, 233, 228
*
  3.5560000E+00, 1.3309600E+01, 6.1341000E-01, 1.1250000E+02, 4.5000000E+01
* ELEM  1434  circular arc
 3, 233, 226
*
  3.5560000E+00, 1.3309600E+01, 6.1341000E-01, 2.9250000E+02, 4.5000000E+01
* ELEM  1435  circular arc
 3, 233, 229
*
  3.5560000E+00, 1.3309600E+01, 6.1341000E-01, 3.3750000E+02, 2.2500000E+01
* ELEM  1436  circle
 2, 234, 233
*
  3.5560000E+00, 1.3309600E+01, 5.3213000E-01, 0.0000000E+00
* ELEM  1437  line segment
 1, 226, 229
*
  4.1227169E+00, 1.3074858E+01, 2.4608306E-01, -1.0193094E-01
* ELEM  1438  line segment
 1, 225, 226
*
  3.8926728E+00, 1.2496800E+01, 4.7612722E-01, 4.7612722E-01
* ELEM  1439  line segment
 1, 225, 203
*
  4.3688000E+00, 1.2972927E+01, 0.0000000E+00, -4.7612722E-01
* ELEM  1440  line segment
 1, 203, 205
*
  4.3688000E+00, 1.2972927E+01, 4.7612722E-01, -4.7612722E-01
* ELEM  1441  line segment
 1, 206, 205
*
  4.6148831E+00, 1.3074858E+01, -2.4608306E-01, -1.0193094E-01
* ELEM  1442  circular arc
 3, 215, 205
*
  5.1816000E+00, 1.3309600E+01, 6.1341000E-01, 2.0250000E+02, 4.5000000E+01
* ELEM  1443  line segment
 1, 205, 204
*
  4.9468582E+00, 1.2742883E+01, -1.0193094E-01, -2.4608306E-01
* ELEM  1444  circular arc
 3, 215, 204
*
  5.1816000E+00, 1.3309600E+01, 6.1341000E-01, 2.4750000E+02, 4.5000000E+01
* ELEM  1445  line segment
 1, 204, 208
*
  5.4163418E+00, 1.2742883E+01, 1.0193094E-01, -2.4608306E-01
* ELEM  1446  line segment
 1, 340, 204
*
  4.8449272E+00, 1.2496800E+01, 6.7334557E-01, 0.0000000E+00
* ELEM  1447  line segment
 1, 342, 340
*
  5.4163418E+00, 1.2250717E+01, 1.0193094E-01, 2.4608306E-01
* ELEM  1448  line segment
 1, 317, 318
*
  6.4705272E+00, 1.2496800E+01, -4.7612722E-01, -4.7612722E-01
* ELEM  1449  line segment
 1, 320, 318
*
  6.5724582E+00, 1.2250717E+01, -1.0193094E-01, 2.4608306E-01
* ELEM  1450  line segment
 1, 341, 342
*
  5.9944000E+00, 1.2020673E+01, -4.7612722E-01, 4.7612722E-01
* ELEM  1451  line segment
 1, 341, 207
*
  5.5182728E+00, 1.2496800E+01, 4.7612722E-01, 0.0000000E+00
* ELEM  1452  line segment
 1, 341, 317
*
  5.9944000E+00, 1.2496800E+01, 0.0000000E+00, -4.7612722E-01
* ELEM  1453  line segment
 1, 317, 185
*
  5.9944000E+00, 1.2496800E+01, 4.7612722E-01, 0.0000000E+00
* ELEM  1454  line segment
 1, 319, 296
*
  7.6200000E+00, 1.2020673E+01, 0.0000000E+00, -6.7334557E-01
* ELEM  1455  line segment
 1, 300, 296
*
  7.8660831E+00, 1.1918742E+01, -2.4608306E-01, 1.0193094E-01
* ELEM  1456  circular arc
 3, 305, 296
*
  8.4328000E+00, 1.1684000E+01, 6.1341000E-01, 1.5750000E+02, 4.5000000E+01
* ELEM  1457  line segment
 1, 319, 322
*
  7.3739169E+00, 1.1918742E+01, 2.4608306E-01, 1.0193094E-01
* ELEM  1458  line segment
 1, 445, 446
*
  8.7694728E+00, 9.2456000E+00, 4.7612722E-01, 4.7612722E-01
* ELEM  1459  line segment
 1, 445, 423
*
  9.2456000E+00, 9.7217272E+00, 0.0000000E+00, -4.7612722E-01
* ELEM  1460  line segment
 1, 446, 449
*
  8.9995169E+00, 9.8236582E+00, 2.4608306E-01, -1.0193094E-01
* ELEM  1461  circular arc
 3, 305, 301
*
  8.4328000E+00, 1.1684000E+01, 6.1341000E-01, 0.0000000E+00, 2.2500000E+01
* ELEM  1462  circular arc
 3, 305, 304
*
  8.4328000E+00, 1.1684000E+01, 6.1341000E-01, 2.2500000E+01, 4.5000000E+01
* ELEM  1463  circular arc
 3, 305, 302
*
  8.4328000E+00, 1.1684000E+01, 6.1341000E-01, 6.7500000E+01, 4.5000000E+01
* ELEM  1464  circular arc
 3, 305, 300
*
  8.4328000E+00, 1.1684000E+01, 6.1341000E-01, 1.1250000E+02, 4.5000000E+01
* ELEM  1465  circular arc
 3, 305, 298
*
  8.4328000E+00, 1.1684000E+01, 6.1341000E-01, 2.9250000E+02, 4.5000000E+01
* ELEM  1466  circular arc
 3, 305, 301
*
  8.4328000E+00, 1.1684000E+01, 6.1341000E-01, 3.3750000E+02, 2.2500000E+01
* ELEM  1467  circle
 2, 306, 305
*
  8.4328000E+00, 1.1684000E+01, 5.3213000E-01, 0.0000000E+00
* ELEM  1468  line segment
 1, 298, 301
*
  8.9995169E+00, 1.1449258E+01, 2.4608306E-01, -1.0193094E-01
* ELEM  1469  line segment
 1, 297, 298
*
  8.7694728E+00, 1.0871200E+01, 4.7612722E-01, 4.7612722E-01
* ELEM  1470  line segment
 1, 297, 275
*
  9.2456000E+00, 1.1347327E+01, 0.0000000E+00, -4.7612722E-01
* ELEM  1471  line segment
 1, 451, 297
*
  8.7694728E+00, 1.0871200E+01, 4.7612722E-01, 0.0000000E+00
* ELEM  1472  line segment
 1, 449, 452
*
  8.9995169E+00, 1.0293142E+01, 2.4608306E-01, 1.0193094E-01
* ELEM  1473  line segment
 1, 451, 452
*
  9.2456000E+00, 1.0395073E+01, -4.7612722E-01, 4.7612722E-01
* ELEM  1474  line segment
 1, 451, 429
*
  9.2456000E+00, 1.0871200E+01, 0.0000000E+00, -4.7612722E-01
* ELEM  1475  line segment
 1, 7, 573
*
  9.2456000E+00, 9.2456000E+00, 0.0000000E+00, -4.7612722E-01
* ELEM  1476  line segment
 1, 808, 811
*
  1.2250717E+01, 4.9468582E+00, 2.4608306E-01, -1.0193094E-01
* ELEM  1477  line segment
 1, 807, 808
*
  1.2020673E+01, 4.3688000E+00, 4.7612722E-01, 4.7612722E-01
* ELEM  1478  line segment
 1, 807, 785
*
  1.2496800E+01, 4.8449272E+00, 0.0000000E+00, -4.7612722E-01
* ELEM  1479  line segment
 1, 957, 807
*
  1.2020673E+01, 4.3688000E+00, 4.7612722E-01, 0.0000000E+00
* ELEM  1480  line segment
 1, 955, 958
*
  1.2250717E+01, 3.7907418E+00, 2.4608306E-01, 1.0193094E-01
* ELEM  1481  line segment
 1, 957, 958
*
  1.2496800E+01, 3.8926728E+00, -4.7612722E-01, 4.7612722E-01
* ELEM  1482  line segment
 1, 957, 935
*
  1.2496800E+01, 4.3688000E+00, 0.0000000E+00, -4.7612722E-01
* ELEM  1483  circular arc
 3, 689, 678
*
  1.1684000E+01, 6.8072000E+00, 6.1341000E-01, 2.4750000E+02, 4.5000000E+01
* ELEM  1484  line segment
 1, 678, 682
*
  1.1918742E+01, 6.2404831E+00, 1.0193094E-01, -2.4608306E-01
* ELEM  1485  line segment
 1, 812, 678
*
  1.1347327E+01, 5.9944000E+00, 6.7334557E-01, 0.0000000E+00
* ELEM  1486  line segment
 1, 814, 812
*
  1.1918742E+01, 5.7483169E+00, 1.0193094E-01, 2.4608306E-01
* ELEM  1487  circular arc
 3, 689, 685
*
  1.1684000E+01, 6.8072000E+00, 6.1341000E-01, 0.0000000E+00, 2.2500000E+01
* ELEM  1488  circular arc
 3, 689, 688
*
  1.1684000E+01, 6.8072000E+00, 6.1341000E-01, 2.2500000E+01, 4.5000000E+01
* ELEM  1489  circular arc
 3, 689, 686
*
  1.1684000E+01, 6.8072000E+00, 6.1341000E-01, 6.7500000E+01, 4.5000000E+01
* ELEM  1490  circular arc
 3, 689, 684
*
  1.1684000E+01, 6.8072000E+00, 6.1341000E-01, 1.1250000E+02, 4.5000000E+01
* ELEM  1491  circular arc
 3, 689, 682
*
  1.1684000E+01, 6.8072000E+00, 6.1341000E-01, 2.9250000E+02, 4.5000000E+01
* ELEM  1492  circular arc
 3, 689, 685
*
  1.1684000E+01, 6.8072000E+00, 6.1341000E-01, 3.3750000E+02, 2.2500000E+01
* ELEM  1493  circle
 2, 690, 689
*
  1.1684000E+01, 6.8072000E+00, 5.3213000E-01, 0.0000000E+00
* ELEM  1494  line segment
 1, 683, 684
*
  1.1347327E+01, 7.6200000E+00, -4.7612722E-01, -4.7612722E-01
* ELEM  1495  line segment
 1, 686, 684
*
  1.1449258E+01, 7.3739169E+00, -1.0193094E-01, 2.4608306E-01
* ELEM  1496  line segment
 1, 683, 549
*
  1.0871200E+01, 7.6200000E+00, 4.7612722E-01, 0.0000000E+00
* ELEM  1497  line segment
 1, 549, 551
*
  1.0871200E+01, 8.0961272E+00, 4.7612722E-01, -4.7612722E-01
* ELEM  1498  line segment
 1, 552, 551
*
  1.1117283E+01, 8.1980582E+00, -2.4608306E-01, -1.0193094E-01
* ELEM  1499  circular arc
 3, 561, 551
*
  1.1684000E+01, 8.4328000E+00, 6.1341000E-01, 2.0250000E+02, 4.5000000E+01
* ELEM  1500  line segment
 1, 551, 550
*
  1.1449258E+01, 7.8660831E+00, -1.0193094E-01, -2.4608306E-01
* ELEM  1501  line segment
 1, 575, 552
*
  1.0871200E+01, 8.7694728E+00, 0.0000000E+00, -6.7334557E-01
* ELEM  1502  line segment
 1, 556, 552
*
  1.1117283E+01, 8.6675418E+00, -2.4608306E-01, 1.0193094E-01
* ELEM  1503  circular arc
 3, 561, 552
*
  1.1684000E+01, 8.4328000E+00, 6.1341000E-01, 1.5750000E+02, 4.5000000E+01
* ELEM  1504  line segment
 1, 575, 578
*
  1.0625117E+01, 8.6675418E+00, 2.4608306E-01, 1.0193094E-01
* ELEM  1505  line segment
 1, 929, 931
*
  1.2496800E+01, 3.2193272E+00, 4.7612722E-01, -4.7612722E-01
* ELEM  1506  line segment
 1, 1063, 929
*
  1.2496800E+01, 2.7432000E+00, 4.7612722E-01, 0.0000000E+00
* ELEM  1507  line segment
 1, 932, 931
*
  1.2742883E+01, 3.3212582E+00, -2.4608306E-01, -1.0193094E-01
* ELEM  1508  circular arc
 3, 941, 931
*
  1.3309600E+01, 3.5560000E+00, 6.1341000E-01, 2.0250000E+02, 4.5000000E+01
* ELEM  1509  line segment
 1, 931, 930
*
  1.3074858E+01, 2.9892831E+00, -1.0193094E-01, -2.4608306E-01
* ELEM  1510  line segment
 1, 955, 932
*
  1.2496800E+01, 3.8926728E+00, 0.0000000E+00, -6.7334557E-01
* ELEM  1511  line segment
 1, 936, 932
*
  1.2742883E+01, 3.7907418E+00, -2.4608306E-01, 1.0193094E-01
* ELEM  1512  circular arc
 3, 941, 932
*
  1.3309600E+01, 3.5560000E+00, 6.1341000E-01, 1.5750000E+02, 4.5000000E+01
* ELEM  1513  line segment
 1, 1063, 1064
*
  1.2972927E+01, 2.7432000E+00, -4.7612722E-01, -4.7612722E-01
* ELEM  1514  line segment
 1, 1066, 1064
*
  1.3074858E+01, 2.4971169E+00, -1.0193094E-01, 2.4608306E-01
* ELEM  1515  circular arc
 3, 1069, 1064
*
  1.3309600E+01, 1.9304000E+00, 6.1341000E-01, 1.1250000E+02, 4.5000000E+01
* ELEM  1516  circular arc
 3, 1069, 1058
*
  1.3309600E+01, 1.9304000E+00, 6.1341000E-01, 2.4750000E+02, 4.5000000E+01
* ELEM  1517  line segment
 1, 1058, 1062
*
  1.3544342E+01, 1.3636831E+00, 1.0193094E-01, -2.4608306E-01
* ELEM  1518  line segment
 1, 1241, 1058
*
  1.2972927E+01, 1.1176000E+00, 6.7334557E-01, 0.0000000E+00
* ELEM  1519  circular arc
 3, 1069, 1065
*
  1.3309600E+01, 1.9304000E+00, 6.1341000E-01, 0.0000000E+00, 2.2500000E+01
* ELEM  1520  circular arc
 3, 1069, 1068
*
  1.3309600E+01, 1.9304000E+00, 6.1341000E-01, 2.2500000E+01, 4.5000000E+01
* ELEM  1521  circular arc
 3, 1069, 1066
*
  1.3309600E+01, 1.9304000E+00, 6.1341000E-01, 6.7500000E+01, 4.5000000E+01
* ELEM  1522  circular arc
 3, 1069, 1062
*
  1.3309600E+01, 1.9304000E+00, 6.1341000E-01, 2.9250000E+02, 4.5000000E+01
* ELEM  1523  circular arc
 3, 1069, 1065
*
  1.3309600E+01, 1.9304000E+00, 6.1341000E-01, 3.3750000E+02, 2.2500000E+01
* ELEM  1524  circle
 2, 1070, 1069
*
  1.3309600E+01, 1.9304000E+00, 5.3213000E-01, 0.0000000E+00
* ELEM  1525  line segment
 1, 1243, 30
*
  2.2670728E+00, 1.4122400E+01, -6.7334557E-01, 0.0000000E+00
* ELEM  1526  line segment
 1, 32, 30
*
  2.1651418E+00, 1.3876317E+01, 1.0193094E-01, 2.4608306E-01
* ELEM  1527  line segment
 1, 31, 1243
*
  2.2670728E+00, 1.4122400E+01, 4.7612722E-01, 0.0000000E+00
* ELEM  1528  line segment
 1, 227, 31
*
  2.7432000E+00, 1.3646273E+01, 0.0000000E+00, 4.7612722E-01
* ELEM  1529  line segment
 1, 31, 32
*
  2.7432000E+00, 1.3646273E+01, -4.7612722E-01, 4.7612722E-01
* ELEM  1530  line segment
 1, 227, 228
*
  3.2193272E+00, 1.4122400E+01, -4.7612722E-01, -4.7612722E-01
* ELEM  1531  line segment
 1, 230, 228
*
  3.3212582E+00, 1.3876317E+01, -1.0193094E-01, 2.4608306E-01
* ELEM  1532  line segment
 1, 227, 1228
*
  2.7432000E+00, 1.4122400E+01, 4.7612722E-01, 0.0000000E+00
* ELEM  1533  line segment
 1, 229, 206
*
  4.3688000E+00, 1.3646273E+01, 0.0000000E+00, -6.7334557E-01
* ELEM  1534  line segment
 1, 210, 206
*
  4.6148831E+00, 1.3544342E+01, -2.4608306E-01, 1.0193094E-01
* ELEM  1535  circular arc
 3, 215, 206
*
  5.1816000E+00, 1.3309600E+01, 6.1341000E-01, 1.5750000E+02, 4.5000000E+01
* ELEM  1536  line segment
 1, 229, 232
*
  4.1227169E+00, 1.3544342E+01, 2.4608306E-01, 1.0193094E-01
* ELEM  1537  circular arc
 3, 215, 211
*
  5.1816000E+00, 1.3309600E+01, 6.1341000E-01, 0.0000000E+00, 2.2500000E+01
* ELEM  1538  circular arc
 3, 215, 214
*
  5.1816000E+00, 1.3309600E+01, 6.1341000E-01, 2.2500000E+01, 4.5000000E+01
* ELEM  1539  circular arc
 3, 215, 212
*
  5.1816000E+00, 1.3309600E+01, 6.1341000E-01, 6.7500000E+01, 4.5000000E+01
* ELEM  1540  circular arc
 3, 215, 210
*
  5.1816000E+00, 1.3309600E+01, 6.1341000E-01, 1.1250000E+02, 4.5000000E+01
* ELEM  1541  circular arc
 3, 215, 208
*
  5.1816000E+00, 1.3309600E+01, 6.1341000E-01, 2.9250000E+02, 4.5000000E+01
* ELEM  1542  circular arc
 3, 215, 211
*
  5.1816000E+00, 1.3309600E+01, 6.1341000E-01, 3.3750000E+02, 2.2500000E+01
* ELEM  1543  circle
 2, 216, 215
*
  5.1816000E+00, 1.3309600E+01, 5.3213000E-01, 0.0000000E+00
* ELEM  1544  line segment
 1, 208, 211
*
  5.7483169E+00, 1.3074858E+01, 2.4608306E-01, -1.0193094E-01
* ELEM  1545  line segment
 1, 207, 208
*
  5.5182728E+00, 1.2496800E+01, 4.7612722E-01, 4.7612722E-01
* ELEM  1546  line segment
 1, 207, 185
*
  5.9944000E+00, 1.2972927E+01, 0.0000000E+00, -4.7612722E-01
* ELEM  1547  line segment
 1, 185, 187
*
  5.9944000E+00, 1.2972927E+01, 4.7612722E-01, -4.7612722E-01
* ELEM  1548  line segment
 1, 188, 187
*
  6.2404831E+00, 1.3074858E+01, -2.4608306E-01, -1.0193094E-01
* ELEM  1549  circular arc
 3, 197, 187
*
  6.8072000E+00, 1.3309600E+01, 6.1341000E-01, 2.0250000E+02, 4.5000000E+01
* ELEM  1550  line segment
 1, 187, 186
*
  6.5724582E+00, 1.2742883E+01, -1.0193094E-01, -2.4608306E-01
* ELEM  1551  circular arc
 3, 197, 186
*
  6.8072000E+00, 1.3309600E+01, 6.1341000E-01, 2.4750000E+02, 4.5000000E+01
* ELEM  1552  line segment
 1, 186, 190
*
  7.0419418E+00, 1.2742883E+01, 1.0193094E-01, -2.4608306E-01
* ELEM  1553  line segment
 1, 320, 186
*
  6.4705272E+00, 1.2496800E+01, 6.7334557E-01, 0.0000000E+00
* ELEM  1554  line segment
 1, 322, 320
*
  7.0419418E+00, 1.2250717E+01, 1.0193094E-01, 2.4608306E-01
* ELEM  1555  line segment
 1, 299, 300
*
  8.0961272E+00, 1.2496800E+01, -4.7612722E-01, -4.7612722E-01
* ELEM  1556  line segment
 1, 302, 300
*
  8.1980582E+00, 1.2250717E+01, -1.0193094E-01, 2.4608306E-01
* ELEM  1557  line segment
 1, 321, 322
*
  7.6200000E+00, 1.2020673E+01, -4.7612722E-01, 4.7612722E-01
* ELEM  1558  line segment
 1, 321, 189
*
  7.1438728E+00, 1.2496800E+01, 4.7612722E-01, 0.0000000E+00
* ELEM  1559  line segment
 1, 321, 299
*
  7.6200000E+00, 1.2496800E+01, 0.0000000E+00, -4.7612722E-01
* ELEM  1560  line segment
 1, 299, 167
*
  7.6200000E+00, 1.2496800E+01, 4.7612722E-01, 0.0000000E+00
* ELEM  1561  line segment
 1, 573, 423
*
  9.2456000E+00, 9.2456000E+00, 4.7612722E-01, 0.0000000E+00
* ELEM  1562  line segment
 1, 573, 574
*
  9.7217272E+00, 9.2456000E+00, -4.7612722E-01, -4.7612722E-01
* ELEM  1563  line segment
 1, 423, 425
*
  9.2456000E+00, 9.7217272E+00, 4.7612722E-01, -4.7612722E-01
* ELEM  1564  line segment
 1, 426, 425
*
  9.4916831E+00, 9.8236582E+00, -2.4608306E-01, -1.0193094E-01
* ELEM  1565  circular arc
 3, 435, 425
*
  1.0058400E+01, 1.0058400E+01, 6.1341000E-01, 2.0250000E+02, 4.5000000E+01
* ELEM  1566  line segment
 1, 425, 424
*
  9.8236582E+00, 9.4916831E+00, -1.0193094E-01, -2.4608306E-01
* ELEM  1567  line segment
 1, 449, 426
*
  9.2456000E+00, 1.0395073E+01, 0.0000000E+00, -6.7334557E-01
* ELEM  1568  line segment
 1, 430, 426
*
  9.4916831E+00, 1.0293142E+01, -2.4608306E-01, 1.0193094E-01
* ELEM  1569  circular arc
 3, 435, 426
*
  1.0058400E+01, 1.0058400E+01, 6.1341000E-01, 1.5750000E+02, 4.5000000E+01
* ELEM  1570  line segment
 1, 275, 277
*
  9.2456000E+00, 1.1347327E+01, 4.7612722E-01, -4.7612722E-01
* ELEM  1571  line segment
 1, 429, 275
*
  9.2456000E+00, 1.0871200E+01, 4.7612722E-01, 0.0000000E+00
* ELEM  1572  line segment
 1, 278, 277
*
  9.4916831E+00, 1.1449258E+01, -2.4608306E-01, -1.0193094E-01
* ELEM  1573  circular arc
 3, 287, 277
*
  1.0058400E+01, 1.1684000E+01, 6.1341000E-01, 2.0250000E+02, 4.5000000E+01
* ELEM  1574  line segment
 1, 277, 276
*
  9.8236582E+00, 1.1117283E+01, -1.0193094E-01, -2.4608306E-01
* ELEM  1575  line segment
 1, 301, 278
*
  9.2456000E+00, 1.2020673E+01, 0.0000000E+00, -6.7334557E-01
* ELEM  1576  line segment
 1, 282, 278
*
  9.4916831E+00, 1.1918742E+01, -2.4608306E-01, 1.0193094E-01
* ELEM  1577  circular arc
 3, 287, 278
*
  1.0058400E+01, 1.1684000E+01, 6.1341000E-01, 1.5750000E+02, 4.5000000E+01
* ELEM  1578  line segment
 1, 301, 304
*
  8.9995169E+00, 1.1918742E+01, 2.4608306E-01, 1.0193094E-01
* ELEM  1579  line segment
 1, 429, 430
*
  9.7217272E+00, 1.0871200E+01, -4.7612722E-01, -4.7612722E-01
* ELEM  1580  line segment
 1, 432, 430
*
  9.8236582E+00, 1.0625117E+01, -1.0193094E-01, 2.4608306E-01
* ELEM  1581  circular arc
 3, 435, 430
*
  1.0058400E+01, 1.0058400E+01, 6.1341000E-01, 1.1250000E+02, 4.5000000E+01
* ELEM  1582  line segment
 1, 785, 787
*
  1.2496800E+01, 4.8449272E+00, 4.7612722E-01, -4.7612722E-01
* ELEM  1583  line segment
 1, 935, 785
*
  1.2496800E+01, 4.3688000E+00, 4.7612722E-01, 0.0000000E+00
* ELEM  1584  line segment
 1, 788, 787
*
  1.2742883E+01, 4.9468582E+00, -2.4608306E-01, -1.0193094E-01
* ELEM  1585  circular arc
 3, 797, 787
*
  1.3309600E+01, 5.1816000E+00, 6.1341000E-01, 2.0250000E+02, 4.5000000E+01
* ELEM  1586  line segment
 1, 787, 786
*
  1.3074858E+01, 4.6148831E+00, -1.0193094E-01, -2.4608306E-01
* ELEM  1587  line segment
 1, 811, 788
*
  1.2496800E+01, 5.5182728E+00, 0.0000000E+00, -6.7334557E-01
* ELEM  1588  line segment
 1, 792, 788
*
  1.2742883E+01, 5.4163418E+00, -2.4608306E-01, 1.0193094E-01
* ELEM  1589  circular arc
 3, 797, 788
*
  1.3309600E+01, 5.1816000E+00, 6.1341000E-01, 1.5750000E+02, 4.5000000E+01
* ELEM  1590  line segment
 1, 811, 814
*
  1.2250717E+01, 5.4163418E+00, 2.4608306E-01, 1.0193094E-01
* ELEM  1591  line segment
 1, 935, 936
*
  1.2972927E+01, 4.3688000E+00, -4.7612722E-01, -4.7612722E-01
* ELEM  1592  line segment
 1, 938, 936
*
  1.3074858E+01, 4.1227169E+00, -1.0193094E-01, 2.4608306E-01
* ELEM  1593  circular arc
 3, 941, 936
*
  1.3309600E+01, 3.5560000E+00, 6.1341000E-01, 1.1250000E+02, 4.5000000E+01
* ELEM  1594  line segment
 1, 682, 685
*
  1.2250717E+01, 6.5724582E+00, 2.4608306E-01, -1.0193094E-01
* ELEM  1595  line segment
 1, 681, 682
*
  1.2020673E+01, 5.9944000E+00, 4.7612722E-01, 4.7612722E-01
* ELEM  1596  line segment
 1, 681, 659
*
  1.2496800E+01, 6.4705272E+00, 0.0000000E+00, -4.7612722E-01
* ELEM  1597  line segment
 1, 813, 681
*
  1.2020673E+01, 5.9944000E+00, 4.7612722E-01, 0.0000000E+00
* ELEM  1598  line segment
 1, 813, 814
*
  1.2496800E+01, 5.5182728E+00, -4.7612722E-01, 4.7612722E-01
* ELEM  1599  line segment
 1, 813, 791
*
  1.2496800E+01, 5.9944000E+00, 0.0000000E+00, -4.7612722E-01
* ELEM  1600  circular arc
 3, 561, 550
*
  1.1684000E+01, 8.4328000E+00, 6.1341000E-01, 2.4750000E+02, 4.5000000E+01
* ELEM  1601  line segment
 1, 550, 554
*
  1.1918742E+01, 7.8660831E+00, 1.0193094E-01, -2.4608306E-01
* ELEM  1602  line segment
 1, 686, 550
*
  1.1347327E+01, 7.6200000E+00, 6.7334557E-01, 0.0000000E+00
* ELEM  1603  line segment
 1, 688, 686
*
  1.1918742E+01, 7.3739169E+00, 1.0193094E-01, 2.4608306E-01
* ELEM  1604  line segment
 1, 576, 574
*
  9.8236582E+00, 8.9995169E+00, -1.0193094E-01, 2.4608306E-01
* ELEM  1605  circular arc
 3, 561, 557
*
  1.1684000E+01, 8.4328000E+00, 6.1341000E-01, 0.0000000E+00, 2.2500000E+01
* ELEM  1606  circular arc
 3, 561, 560
*
  1.1684000E+01, 8.4328000E+00, 6.1341000E-01, 2.2500000E+01, 4.5000000E+01
* ELEM  1607  circular arc
 3, 561, 558
*
  1.1684000E+01, 8.4328000E+00, 6.1341000E-01, 6.7500000E+01, 4.5000000E+01
* ELEM  1608  circular arc
 3, 561, 556
*
  1.1684000E+01, 8.4328000E+00, 6.1341000E-01, 1.1250000E+02, 4.5000000E+01
* ELEM  1609  circular arc
 3, 561, 554
*
  1.1684000E+01, 8.4328000E+00, 6.1341000E-01, 2.9250000E+02, 4.5000000E+01
* ELEM  1610  circular arc
 3, 561, 557
*
  1.1684000E+01, 8.4328000E+00, 6.1341000E-01, 3.3750000E+02, 2.2500000E+01
* ELEM  1611  circle
 2, 562, 561
*
  1.1684000E+01, 8.4328000E+00, 5.3213000E-01, 0.0000000E+00
* ELEM  1612  line segment
 1, 555, 556
*
  1.1347327E+01, 9.2456000E+00, -4.7612722E-01, -4.7612722E-01
* ELEM  1613  line segment
 1, 558, 556
*
  1.1449258E+01, 8.9995169E+00, -1.0193094E-01, 2.4608306E-01
* ELEM  1614  line segment
 1, 577, 578
*
  1.0871200E+01, 8.7694728E+00, -4.7612722E-01, 4.7612722E-01
* ELEM  1615  line segment
 1, 577, 427
*
  1.0395073E+01, 9.2456000E+00, 4.7612722E-01, 0.0000000E+00
* ELEM  1616  line segment
 1, 577, 555
*
  1.0871200E+01, 9.2456000E+00, 0.0000000E+00, -4.7612722E-01
* ELEM  1617  line segment
 1, 555, 403
*
  1.0871200E+01, 9.2456000E+00, 4.7612722E-01, 0.0000000E+00
* ELEM  1618  line segment
 1, 578, 576
*
  1.0293142E+01, 8.9995169E+00, 1.0193094E-01, 2.4608306E-01
* ELEM  1619  circular arc
 3, 941, 930
*
  1.3309600E+01, 3.5560000E+00, 6.1341000E-01, 2.4750000E+02, 4.5000000E+01
* ELEM  1620  line segment
 1, 930, 934
*
  1.3544342E+01, 2.9892831E+00, 1.0193094E-01, -2.4608306E-01
* ELEM  1621  line segment
 1, 1066, 930
*
  1.2972927E+01, 2.7432000E+00, 6.7334557E-01, 0.0000000E+00
* ELEM  1622  line segment
 1, 1068, 1066
*
  1.3544342E+01, 2.4971169E+00, 1.0193094E-01, 2.4608306E-01
* ELEM  1623  circular arc
 3, 941, 937
*
  1.3309600E+01, 3.5560000E+00, 6.1341000E-01, 0.0000000E+00, 2.2500000E+01
* ELEM  1624  circular arc
 3, 941, 940
*
  1.3309600E+01, 3.5560000E+00, 6.1341000E-01, 2.2500000E+01, 4.5000000E+01
* ELEM  1625  circular arc
 3, 941, 938
*
  1.3309600E+01, 3.5560000E+00, 6.1341000E-01, 6.7500000E+01, 4.5000000E+01
* ELEM  1626  circular arc
 3, 941, 934
*
  1.3309600E+01, 3.5560000E+00, 6.1341000E-01, 2.9250000E+02, 4.5000000E+01
* ELEM  1627  circular arc
 3, 941, 937
*
  1.3309600E+01, 3.5560000E+00, 6.1341000E-01, 3.3750000E+02, 2.2500000E+01
* ELEM  1628  circle
 2, 942, 941
*
  1.3309600E+01, 3.5560000E+00, 5.3213000E-01, 0.0000000E+00
* ELEM  1629  line segment
 1, 1061, 1062
*
  1.3646273E+01, 1.1176000E+00, 4.7612722E-01, 4.7612722E-01
* ELEM  1630  line segment
 1, 1061, 1242
*
  1.4122400E+01, 1.5937272E+00, 0.0000000E+00, -3.0073035E-01
* ELEM  1631  line segment
 1, 1061, 1241
*
  1.3947003E+01, 1.1176000E+00, -3.0073035E-01, 0.0000000E+00
* ELEM  1632  line segment
 1, 1062, 1065
*
  1.3876317E+01, 1.6956582E+00, 2.4608306E-01, -1.0193094E-01
* ELEM  1633  line segment
 1, 1228, 230
*
  3.8926728E+00, 1.4122400E+01, -6.7334557E-01, 0.0000000E+00
* ELEM  1634  line segment
 1, 232, 230
*
  3.7907418E+00, 1.3876317E+01, 1.0193094E-01, 2.4608306E-01
* ELEM  1635  line segment
 1, 209, 210
*
  4.8449272E+00, 1.4122400E+01, -4.7612722E-01, -4.7612722E-01
* ELEM  1636  line segment
 1, 212, 210
*
  4.9468582E+00, 1.3876317E+01, -1.0193094E-01, 2.4608306E-01
* ELEM  1637  line segment
 1, 209, 1221
*
  4.3688000E+00, 1.4122400E+01, 4.7612722E-01, 0.0000000E+00
* ELEM  1638  line segment
 1, 231, 209
*
  4.3688000E+00, 1.4122400E+01, 0.0000000E+00, -4.7612722E-01
* ELEM  1639  line segment
 1, 231, 1228
*
  3.8926728E+00, 1.4122400E+01, 4.7612722E-01, 0.0000000E+00
* ELEM  1640  line segment
 1, 231, 232
*
  4.3688000E+00, 1.3646273E+01, -4.7612722E-01, 4.7612722E-01
* ELEM  1641  line segment
 1, 211, 188
*
  5.9944000E+00, 1.3646273E+01, 0.0000000E+00, -6.7334557E-01
* ELEM  1642  line segment
 1, 192, 188
*
  6.2404831E+00, 1.3544342E+01, -2.4608306E-01, 1.0193094E-01
* ELEM  1643  circular arc
 3, 197, 188
*
  6.8072000E+00, 1.3309600E+01, 6.1341000E-01, 1.5750000E+02, 4.5000000E+01
* ELEM  1644  line segment
 1, 211, 214
*
  5.7483169E+00, 1.3544342E+01, 2.4608306E-01, 1.0193094E-01
* ELEM  1645  circular arc
 3, 197, 193
*
  6.8072000E+00, 1.3309600E+01, 6.1341000E-01, 0.0000000E+00, 2.2500000E+01
* ELEM  1646  circular arc
 3, 197, 196
*
  6.8072000E+00, 1.3309600E+01, 6.1341000E-01, 2.2500000E+01, 4.5000000E+01
* ELEM  1647  circular arc
 3, 197, 194
*
  6.8072000E+00, 1.3309600E+01, 6.1341000E-01, 6.7500000E+01, 4.5000000E+01
* ELEM  1648  circular arc
 3, 197, 192
*
  6.8072000E+00, 1.3309600E+01, 6.1341000E-01, 1.1250000E+02, 4.5000000E+01
* ELEM  1649  circular arc
 3, 197, 190
*
  6.8072000E+00, 1.3309600E+01, 6.1341000E-01, 2.9250000E+02, 4.5000000E+01
* ELEM  1650  circular arc
 3, 197, 193
*
  6.8072000E+00, 1.3309600E+01, 6.1341000E-01, 3.3750000E+02, 2.2500000E+01
* ELEM  1651  circle
 2, 198, 197
*
  6.8072000E+00, 1.3309600E+01, 5.3213000E-01, 0.0000000E+00
* ELEM  1652  line segment
 1, 190, 193
*
  7.3739169E+00, 1.3074858E+01, 2.4608306E-01, -1.0193094E-01
* ELEM  1653  line segment
 1, 189, 190
*
  7.1438728E+00, 1.2496800E+01, 4.7612722E-01, 4.7612722E-01
* ELEM  1654  line segment
 1, 189, 167
*
  7.6200000E+00, 1.2972927E+01, 0.0000000E+00, -4.7612722E-01
* ELEM  1655  line segment
 1, 167, 169
*
  7.6200000E+00, 1.2972927E+01, 4.7612722E-01, -4.7612722E-01
* ELEM  1656  line segment
 1, 170, 169
*
  7.8660831E+00, 1.3074858E+01, -2.4608306E-01, -1.0193094E-01
* ELEM  1657  circular arc
 3, 179, 169
*
  8.4328000E+00, 1.3309600E+01, 6.1341000E-01, 2.0250000E+02, 4.5000000E+01
* ELEM  1658  line segment
 1, 169, 168
*
  8.1980582E+00, 1.2742883E+01, -1.0193094E-01, -2.4608306E-01
* ELEM  1659  circular arc
 3, 179, 168
*
  8.4328000E+00, 1.3309600E+01, 6.1341000E-01, 2.4750000E+02, 4.5000000E+01
* ELEM  1660  line segment
 1, 168, 172
*
  8.6675418E+00, 1.2742883E+01, 1.0193094E-01, -2.4608306E-01
* ELEM  1661  line segment
 1, 302, 168
*
  8.0961272E+00, 1.2496800E+01, 6.7334557E-01, 0.0000000E+00
* ELEM  1662  line segment
 1, 304, 302
*
  8.6675418E+00, 1.2250717E+01, 1.0193094E-01, 2.4608306E-01
* ELEM  1663  circular arc
 3, 435, 424
*
  1.0058400E+01, 1.0058400E+01, 6.1341000E-01, 2.4750000E+02, 4.5000000E+01
* ELEM  1664  line segment
 1, 424, 428
*
  1.0293142E+01, 9.4916831E+00, 1.0193094E-01, -2.4608306E-01
* ELEM  1665  line segment
 1, 576, 424
*
  9.7217272E+00, 9.2456000E+00, 6.7334557E-01, 0.0000000E+00
* ELEM  1666  circular arc
 3, 435, 431
*
  1.0058400E+01, 1.0058400E+01, 6.1341000E-01, 0.0000000E+00, 2.2500000E+01
* ELEM  1667  circular arc
 3, 435, 434
*
  1.0058400E+01, 1.0058400E+01, 6.1341000E-01, 2.2500000E+01, 4.5000000E+01
* ELEM  1668  circular arc
 3, 435, 432
*
  1.0058400E+01, 1.0058400E+01, 6.1341000E-01, 6.7500000E+01, 4.5000000E+01
* ELEM  1669  circular arc
 3, 435, 428
*
  1.0058400E+01, 1.0058400E+01, 6.1341000E-01, 2.9250000E+02, 4.5000000E+01
* ELEM  1670  circular arc
 3, 435, 431
*
  1.0058400E+01, 1.0058400E+01, 6.1341000E-01, 3.3750000E+02, 2.2500000E+01
* ELEM  1671  circle
 2, 436, 435
*
  1.0058400E+01, 1.0058400E+01, 5.3213000E-01, 0.0000000E+00
* ELEM  1672  circular arc
 3, 287, 276
*
  1.0058400E+01, 1.1684000E+01, 6.1341000E-01, 2.4750000E+02, 4.5000000E+01
* ELEM  1673  line segment
 1, 276, 280
*
  1.0293142E+01, 1.1117283E+01, 1.0193094E-01, -2.4608306E-01
* ELEM  1674  line segment
 1, 432, 276
*
  9.7217272E+00, 1.0871200E+01, 6.7334557E-01, 0.0000000E+00
* ELEM  1675  line segment
 1, 434, 432
*
  1.0293142E+01, 1.0625117E+01, 1.0193094E-01, 2.4608306E-01
* ELEM  1676  circular arc
 3, 287, 283
*
  1.0058400E+01, 1.1684000E+01, 6.1341000E-01, 0.0000000E+00, 2.2500000E+01
* ELEM  1677  circular arc
 3, 287, 286
*
  1.0058400E+01, 1.1684000E+01, 6.1341000E-01, 2.2500000E+01, 4.5000000E+01
* ELEM  1678  circular arc
 3, 287, 284
*
  1.0058400E+01, 1.1684000E+01, 6.1341000E-01, 6.7500000E+01, 4.5000000E+01
* ELEM  1679  circular arc
 3, 287, 282
*
  1.0058400E+01, 1.1684000E+01, 6.1341000E-01, 1.1250000E+02, 4.5000000E+01
* ELEM  1680  circular arc
 3, 287, 280
*
  1.0058400E+01, 1.1684000E+01, 6.1341000E-01, 2.9250000E+02, 4.5000000E+01
* ELEM  1681  circular arc
 3, 287, 283
*
  1.0058400E+01, 1.1684000E+01, 6.1341000E-01, 3.3750000E+02, 2.2500000E+01
* ELEM  1682  circle
 2, 288, 287
*
  1.0058400E+01, 1.1684000E+01, 5.3213000E-01, 0.0000000E+00
* ELEM  1683  line segment
 1, 281, 282
*
  9.7217272E+00, 1.2496800E+01, -4.7612722E-01, -4.7612722E-01
* ELEM  1684  line segment
 1, 284, 282
*
  9.8236582E+00, 1.2250717E+01, -1.0193094E-01, 2.4608306E-01
* ELEM  1685  line segment
 1, 303, 304
*
  9.2456000E+00, 1.2020673E+01, -4.7612722E-01, 4.7612722E-01
* ELEM  1686  line segment
 1, 303, 171
*
  8.7694728E+00, 1.2496800E+01, 4.7612722E-01, 0.0000000E+00
* ELEM  1687  line segment
 1, 303, 281
*
  9.2456000E+00, 1.2496800E+01, 0.0000000E+00, -4.7612722E-01
* ELEM  1688  line segment
 1, 281, 149
*
  9.2456000E+00, 1.2496800E+01, 4.7612722E-01, 0.0000000E+00
* ELEM  1689  circular arc
 3, 797, 786
*
  1.3309600E+01, 5.1816000E+00, 6.1341000E-01, 2.4750000E+02, 4.5000000E+01
* ELEM  1690  line segment
 1, 786, 790
*
  1.3544342E+01, 4.6148831E+00, 1.0193094E-01, -2.4608306E-01
* ELEM  1691  line segment
 1, 938, 786
*
  1.2972927E+01, 4.3688000E+00, 6.7334557E-01, 0.0000000E+00
* ELEM  1692  line segment
 1, 940, 938
*
  1.3544342E+01, 4.1227169E+00, 1.0193094E-01, 2.4608306E-01
* ELEM  1693  circular arc
 3, 797, 793
*
  1.3309600E+01, 5.1816000E+00, 6.1341000E-01, 0.0000000E+00, 2.2500000E+01
* ELEM  1694  circular arc
 3, 797, 796
*
  1.3309600E+01, 5.1816000E+00, 6.1341000E-01, 2.2500000E+01, 4.5000000E+01
* ELEM  1695  circular arc
 3, 797, 794
*
  1.3309600E+01, 5.1816000E+00, 6.1341000E-01, 6.7500000E+01, 4.5000000E+01
* ELEM  1696  circular arc
 3, 797, 792
*
  1.3309600E+01, 5.1816000E+00, 6.1341000E-01, 1.1250000E+02, 4.5000000E+01
* ELEM  1697  circular arc
 3, 797, 790
*
  1.3309600E+01, 5.1816000E+00, 6.1341000E-01, 2.9250000E+02, 4.5000000E+01
* ELEM  1698  circular arc
 3, 797, 793
*
  1.3309600E+01, 5.1816000E+00, 6.1341000E-01, 3.3750000E+02, 2.2500000E+01
* ELEM  1699  circle
 2, 798, 797
*
  1.3309600E+01, 5.1816000E+00, 5.3213000E-01, 0.0000000E+00
* ELEM  1700  line segment
 1, 791, 792
*
  1.2972927E+01, 5.9944000E+00, -4.7612722E-01, -4.7612722E-01
* ELEM  1701  line segment
 1, 794, 792
*
  1.3074858E+01, 5.7483169E+00, -1.0193094E-01, 2.4608306E-01
* ELEM  1702  line segment
 1, 791, 659
*
  1.2496800E+01, 5.9944000E+00, 4.7612722E-01, 0.0000000E+00
* ELEM  1703  line segment
 1, 659, 661
*
  1.2496800E+01, 6.4705272E+00, 4.7612722E-01, -4.7612722E-01
* ELEM  1704  line segment
 1, 662, 661
*
  1.2742883E+01, 6.5724582E+00, -2.4608306E-01, -1.0193094E-01
* ELEM  1705  circular arc
 3, 671, 661
*
  1.3309600E+01, 6.8072000E+00, 6.1341000E-01, 2.0250000E+02, 4.5000000E+01
* ELEM  1706  line segment
 1, 661, 660
*
  1.3074858E+01, 6.2404831E+00, -1.0193094E-01, -2.4608306E-01
* ELEM  1707  line segment
 1, 685, 662
*
  1.2496800E+01, 7.1438728E+00, 0.0000000E+00, -6.7334557E-01
* ELEM  1708  line segment
 1, 666, 662
*
  1.2742883E+01, 7.0419418E+00, -2.4608306E-01, 1.0193094E-01
* ELEM  1709  circular arc
 3, 671, 662
*
  1.3309600E+01, 6.8072000E+00, 6.1341000E-01, 1.5750000E+02, 4.5000000E+01
* ELEM  1710  line segment
 1, 685, 688
*
  1.2250717E+01, 7.0419418E+00, 2.4608306E-01, 1.0193094E-01
* ELEM  1711  line segment
 1, 554, 557
*
  1.2250717E+01, 8.1980582E+00, 2.4608306E-01, -1.0193094E-01
* ELEM  1712  line segment
 1, 553, 554
*
  1.2020673E+01, 7.6200000E+00, 4.7612722E-01, 4.7612722E-01
* ELEM  1713  line segment
 1, 553, 531
*
  1.2496800E+01, 8.0961272E+00, 0.0000000E+00, -4.7612722E-01
* ELEM  1714  line segment
 1, 687, 553
*
  1.2020673E+01, 7.6200000E+00, 4.7612722E-01, 0.0000000E+00
* ELEM  1715  line segment
 1, 687, 688
*
  1.2496800E+01, 7.1438728E+00, -4.7612722E-01, 4.7612722E-01
* ELEM  1716  line segment
 1, 687, 665
*
  1.2496800E+01, 7.6200000E+00, 0.0000000E+00, -4.7612722E-01
* ELEM  1717  line segment
 1, 427, 428
*
  1.0395073E+01, 9.2456000E+00, 4.7612722E-01, 4.7612722E-01
* ELEM  1718  line segment
 1, 427, 403
*
  1.0871200E+01, 9.7217272E+00, 0.0000000E+00, -4.7612722E-01
* ELEM  1719  line segment
 1, 403, 405
*
  1.0871200E+01, 9.7217272E+00, 4.7612722E-01, -4.7612722E-01
* ELEM  1720  line segment
 1, 406, 405
*
  1.1117283E+01, 9.8236582E+00, -2.4608306E-01, -1.0193094E-01
* ELEM  1721  circular arc
 3, 415, 405
*
  1.1684000E+01, 1.0058400E+01, 6.1341000E-01, 2.0250000E+02, 4.5000000E+01
* ELEM  1722  line segment
 1, 405, 404
*
  1.1449258E+01, 9.4916831E+00, -1.0193094E-01, -2.4608306E-01
* ELEM  1723  circular arc
 3, 415, 404
*
  1.1684000E+01, 1.0058400E+01, 6.1341000E-01, 2.4750000E+02, 4.5000000E+01
* ELEM  1724  line segment
 1, 404, 408
*
  1.1918742E+01, 9.4916831E+00, 1.0193094E-01, -2.4608306E-01
* ELEM  1725  line segment
 1, 558, 404
*
  1.1347327E+01, 9.2456000E+00, 6.7334557E-01, 0.0000000E+00
* ELEM  1726  line segment
 1, 560, 558
*
  1.1918742E+01, 8.9995169E+00, 1.0193094E-01, 2.4608306E-01
* ELEM  1727  line segment
 1, 428, 431
*
  1.0625117E+01, 9.8236582E+00, 2.4608306E-01, -1.0193094E-01
* ELEM  1728  line segment
 1, 1067, 933
*
  1.3646273E+01, 2.7432000E+00, 4.7612722E-01, 0.0000000E+00
* ELEM  1729  line segment
 1, 933, 934
*
  1.3646273E+01, 2.7432000E+00, 4.7612722E-01, 4.7612722E-01
* ELEM  1730  line segment
 1, 933, 1227
*
  1.4122400E+01, 3.2193272E+00, 0.0000000E+00, -4.7612722E-01
* ELEM  1731  line segment
 1, 934, 937
*
  1.3876317E+01, 3.3212582E+00, 2.4608306E-01, -1.0193094E-01
* ELEM  1732  line segment
 1, 1065, 1068
*
  1.3876317E+01, 2.1651418E+00, 2.4608306E-01, 1.0193094E-01
* ELEM  1733  line segment
 1, 1067, 1068
*
  1.4122400E+01, 2.2670728E+00, -4.7612722E-01, 4.7612722E-01
* ELEM  1734  line segment
 1, 1067, 1242
*
  1.4122400E+01, 2.7432000E+00, 0.0000000E+00, -4.7612722E-01
* ELEM  1735  line segment
 1, 1242, 1065
*
  1.4122400E+01, 1.5937272E+00, 0.0000000E+00, 6.7334557E-01
* ELEM  1736  line segment
 1, 1221, 212
*
  5.5182728E+00, 1.4122400E+01, -6.7334557E-01, 0.0000000E+00
* ELEM  1737  line segment
 1, 214, 212
*
  5.4163418E+00, 1.3876317E+01, 1.0193094E-01, 2.4608306E-01
* ELEM  1738  line segment
 1, 191, 192
*
  6.4705272E+00, 1.4122400E+01, -4.7612722E-01, -4.7612722E-01
* ELEM  1739  line segment
 1, 194, 192
*
  6.5724582E+00, 1.3876317E+01, -1.0193094E-01, 2.4608306E-01
* ELEM  1740  line segment
 1, 191, 1217
*
  5.9944000E+00, 1.4122400E+01, 4.7612722E-01, 0.0000000E+00
* ELEM  1741  line segment
 1, 213, 191
*
  5.9944000E+00, 1.4122400E+01, 0.0000000E+00, -4.7612722E-01
* ELEM  1742  line segment
 1, 213, 1221
*
  5.5182728E+00, 1.4122400E+01, 4.7612722E-01, 0.0000000E+00
* ELEM  1743  line segment
 1, 213, 214
*
  5.9944000E+00, 1.3646273E+01, -4.7612722E-01, 4.7612722E-01
* ELEM  1744  line segment
 1, 193, 170
*
  7.6200000E+00, 1.3646273E+01, 0.0000000E+00, -6.7334557E-01
* ELEM  1745  line segment
 1, 174, 170
*
  7.8660831E+00, 1.3544342E+01, -2.4608306E-01, 1.0193094E-01
* ELEM  1746  circular arc
 3, 179, 170
*
  8.4328000E+00, 1.3309600E+01, 6.1341000E-01, 1.5750000E+02, 4.5000000E+01
* ELEM  1747  line segment
 1, 193, 196
*
  7.3739169E+00, 1.3544342E+01, 2.4608306E-01, 1.0193094E-01
* ELEM  1748  circular arc
 3, 179, 175
*
  8.4328000E+00, 1.3309600E+01, 6.1341000E-01, 0.0000000E+00, 2.2500000E+01
* ELEM  1749  circular arc
 3, 179, 178
*
  8.4328000E+00, 1.3309600E+01, 6.1341000E-01, 2.2500000E+01, 4.5000000E+01
* ELEM  1750  circular arc
 3, 179, 176
*
  8.4328000E+00, 1.3309600E+01, 6.1341000E-01, 6.7500000E+01, 4.5000000E+01
* ELEM  1751  circular arc
 3, 179, 174
*
  8.4328000E+00, 1.3309600E+01, 6.1341000E-01, 1.1250000E+02, 4.5000000E+01
* ELEM  1752  circular arc
 3, 179, 172
*
  8.4328000E+00, 1.3309600E+01, 6.1341000E-01, 2.9250000E+02, 4.5000000E+01
* ELEM  1753  circular arc
 3, 179, 175
*
  8.4328000E+00, 1.3309600E+01, 6.1341000E-01, 3.3750000E+02, 2.2500000E+01
* ELEM  1754  circle
 2, 180, 179
*
  8.4328000E+00, 1.3309600E+01, 5.3213000E-01, 0.0000000E+00
* ELEM  1755  line segment
 1, 172, 175
*
  8.9995169E+00, 1.3074858E+01, 2.4608306E-01, -1.0193094E-01
* ELEM  1756  line segment
 1, 171, 172
*
  8.7694728E+00, 1.2496800E+01, 4.7612722E-01, 4.7612722E-01
* ELEM  1757  line segment
 1, 171, 149
*
  9.2456000E+00, 1.2972927E+01, 0.0000000E+00, -4.7612722E-01
* ELEM  1758  line segment
 1, 280, 283
*
  1.0625117E+01, 1.1449258E+01, 2.4608306E-01, -1.0193094E-01
* ELEM  1759  line segment
 1, 279, 280
*
  1.0395073E+01, 1.0871200E+01, 4.7612722E-01, 4.7612722E-01
* ELEM  1760  line segment
 1, 279, 257
*
  1.0871200E+01, 1.1347327E+01, 0.0000000E+00, -4.7612722E-01
* ELEM  1761  line segment
 1, 433, 279
*
  1.0395073E+01, 1.0871200E+01, 4.7612722E-01, 0.0000000E+00
* ELEM  1762  line segment
 1, 431, 434
*
  1.0625117E+01, 1.0293142E+01, 2.4608306E-01, 1.0193094E-01
* ELEM  1763  line segment
 1, 433, 434
*
  1.0871200E+01, 1.0395073E+01, -4.7612722E-01, 4.7612722E-01
* ELEM  1764  line segment
 1, 433, 409
*
  1.0871200E+01, 1.0871200E+01, 0.0000000E+00, -4.7612722E-01
* ELEM  1765  line segment
 1, 149, 151
*
  9.2456000E+00, 1.2972927E+01, 4.7612722E-01, -4.7612722E-01
* ELEM  1766  line segment
 1, 152, 151
*
  9.4916831E+00, 1.3074858E+01, -2.4608306E-01, -1.0193094E-01
* ELEM  1767  circular arc
 3, 161, 151
*
  1.0058400E+01, 1.3309600E+01, 6.1341000E-01, 2.0250000E+02, 4.5000000E+01
* ELEM  1768  line segment
 1, 151, 150
*
  9.8236582E+00, 1.2742883E+01, -1.0193094E-01, -2.4608306E-01
* ELEM  1769  circular arc
 3, 161, 150
*
  1.0058400E+01, 1.3309600E+01, 6.1341000E-01, 2.4750000E+02, 4.5000000E+01
* ELEM  1770  line segment
 1, 150, 154
*
  1.0293142E+01, 1.2742883E+01, 1.0193094E-01, -2.4608306E-01
* ELEM  1771  line segment
 1, 284, 150
*
  9.7217272E+00, 1.2496800E+01, 6.7334557E-01, 0.0000000E+00
* ELEM  1772  line segment
 1, 286, 284
*
  1.0293142E+01, 1.2250717E+01, 1.0193094E-01, 2.4608306E-01
* ELEM  1773  line segment
 1, 939, 789
*
  1.3646273E+01, 4.3688000E+00, 4.7612722E-01, 0.0000000E+00
* ELEM  1774  line segment
 1, 789, 790
*
  1.3646273E+01, 4.3688000E+00, 4.7612722E-01, 4.7612722E-01
* ELEM  1775  line segment
 1, 789, 1230
*
  1.4122400E+01, 4.8449272E+00, 0.0000000E+00, -4.7612722E-01
* ELEM  1776  line segment
 1, 790, 793
*
  1.3876317E+01, 4.9468582E+00, 2.4608306E-01, -1.0193094E-01
* ELEM  1777  line segment
 1, 937, 940
*
  1.3876317E+01, 3.7907418E+00, 2.4608306E-01, 1.0193094E-01
* ELEM  1778  line segment
 1, 939, 940
*
  1.4122400E+01, 3.8926728E+00, -4.7612722E-01, 4.7612722E-01
* ELEM  1779  line segment
 1, 939, 1227
*
  1.4122400E+01, 4.3688000E+00, 0.0000000E+00, -4.7612722E-01
* ELEM  1780  circular arc
 3, 671, 660
*
  1.3309600E+01, 6.8072000E+00, 6.1341000E-01, 2.4750000E+02, 4.5000000E+01
* ELEM  1781  line segment
 1, 660, 664
*
  1.3544342E+01, 6.2404831E+00, 1.0193094E-01, -2.4608306E-01
* ELEM  1782  line segment
 1, 794, 660
*
  1.2972927E+01, 5.9944000E+00, 6.7334557E-01, 0.0000000E+00
* ELEM  1783  line segment
 1, 796, 794
*
  1.3544342E+01, 5.7483169E+00, 1.0193094E-01, 2.4608306E-01
* ELEM  1784  circular arc
 3, 671, 667
*
  1.3309600E+01, 6.8072000E+00, 6.1341000E-01, 0.0000000E+00, 2.2500000E+01
* ELEM  1785  circular arc
 3, 671, 670
*
  1.3309600E+01, 6.8072000E+00, 6.1341000E-01, 2.2500000E+01, 4.5000000E+01
* ELEM  1786  circular arc
 3, 671, 668
*
  1.3309600E+01, 6.8072000E+00, 6.1341000E-01, 6.7500000E+01, 4.5000000E+01
* ELEM  1787  circular arc
 3, 671, 666
*
  1.3309600E+01, 6.8072000E+00, 6.1341000E-01, 1.1250000E+02, 4.5000000E+01
* ELEM  1788  circular arc
 3, 671, 664
*
  1.3309600E+01, 6.8072000E+00, 6.1341000E-01, 2.9250000E+02, 4.5000000E+01
* ELEM  1789  circular arc
 3, 671, 667
*
  1.3309600E+01, 6.8072000E+00, 6.1341000E-01, 3.3750000E+02, 2.2500000E+01
* ELEM  1790  circle
 2, 672, 671
*
  1.3309600E+01, 6.8072000E+00, 5.3213000E-01, 0.0000000E+00
* ELEM  1791  line segment
 1, 665, 666
*
  1.2972927E+01, 7.6200000E+00, -4.7612722E-01, -4.7612722E-01
* ELEM  1792  line segment
 1, 668, 666
*
  1.3074858E+01, 7.3739169E+00, -1.0193094E-01, 2.4608306E-01
* ELEM  1793  line segment
 1, 665, 531
*
  1.2496800E+01, 7.6200000E+00, 4.7612722E-01, 0.0000000E+00
* ELEM  1794  line segment
 1, 531, 533
*
  1.2496800E+01, 8.0961272E+00, 4.7612722E-01, -4.7612722E-01
* ELEM  1795  line segment
 1, 534, 533
*
  1.2742883E+01, 8.1980582E+00, -2.4608306E-01, -1.0193094E-01
* ELEM  1796  circular arc
 3, 543, 533
*
  1.3309600E+01, 8.4328000E+00, 6.1341000E-01, 2.0250000E+02, 4.5000000E+01
* ELEM  1797  line segment
 1, 533, 532
*
  1.3074858E+01, 7.8660831E+00, -1.0193094E-01, -2.4608306E-01
* ELEM  1798  line segment
 1, 557, 534
*
  1.2496800E+01, 8.7694728E+00, 0.0000000E+00, -6.7334557E-01
* ELEM  1799  line segment
 1, 538, 534
*
  1.2742883E+01, 8.6675418E+00, -2.4608306E-01, 1.0193094E-01
* ELEM  1800  circular arc
 3, 543, 534
*
  1.3309600E+01, 8.4328000E+00, 6.1341000E-01, 1.5750000E+02, 4.5000000E+01
* ELEM  1801  line segment
 1, 557, 560
*
  1.2250717E+01, 8.6675418E+00, 2.4608306E-01, 1.0193094E-01
* ELEM  1802  line segment
 1, 431, 406
*
  1.0871200E+01, 1.0395073E+01, 0.0000000E+00, -6.7334557E-01
* ELEM  1803  line segment
 1, 410, 406
*
  1.1117283E+01, 1.0293142E+01, -2.4608306E-01, 1.0193094E-01
* ELEM  1804  circular arc
 3, 415, 406
*
  1.1684000E+01, 1.0058400E+01, 6.1341000E-01, 1.5750000E+02, 4.5000000E+01
* ELEM  1805  circular arc
 3, 415, 411
*
  1.1684000E+01, 1.0058400E+01, 6.1341000E-01, 0.0000000E+00, 2.2500000E+01
* ELEM  1806  circular arc
 3, 415, 414
*
  1.1684000E+01, 1.0058400E+01, 6.1341000E-01, 2.2500000E+01, 4.5000000E+01
* ELEM  1807  circular arc
 3, 415, 412
*
  1.1684000E+01, 1.0058400E+01, 6.1341000E-01, 6.7500000E+01, 4.5000000E+01
* ELEM  1808  circular arc
 3, 415, 410
*
  1.1684000E+01, 1.0058400E+01, 6.1341000E-01, 1.1250000E+02, 4.5000000E+01
* ELEM  1809  circular arc
 3, 415, 408
*
  1.1684000E+01, 1.0058400E+01, 6.1341000E-01, 2.9250000E+02, 4.5000000E+01
* ELEM  1810  circular arc
 3, 415, 411
*
  1.1684000E+01, 1.0058400E+01, 6.1341000E-01, 3.3750000E+02, 2.2500000E+01
* ELEM  1811  circle
 2, 416, 415
*
  1.1684000E+01, 1.0058400E+01, 5.3213000E-01, 0.0000000E+00
* ELEM  1812  line segment
 1, 408, 411
*
  1.2250717E+01, 9.8236582E+00, 2.4608306E-01, -1.0193094E-01
* ELEM  1813  line segment
 1, 407, 408
*
  1.2020673E+01, 9.2456000E+00, 4.7612722E-01, 4.7612722E-01
* ELEM  1814  line segment
 1, 407, 385
*
  1.2496800E+01, 9.7217272E+00, 0.0000000E+00, -4.7612722E-01
* ELEM  1815  line segment
 1, 559, 407
*
  1.2020673E+01, 9.2456000E+00, 4.7612722E-01, 0.0000000E+00
* ELEM  1816  line segment
 1, 559, 560
*
  1.2496800E+01, 8.7694728E+00, -4.7612722E-01, 4.7612722E-01
* ELEM  1817  line segment
 1, 559, 537
*
  1.2496800E+01, 9.2456000E+00, 0.0000000E+00, -4.7612722E-01
* ELEM  1818  line segment
 1, 1227, 937
*
  1.4122400E+01, 3.2193272E+00, 0.0000000E+00, 6.7334557E-01
* ELEM  1819  line segment
 1, 1217, 194
*
  7.1438728E+00, 1.4122400E+01, -6.7334557E-01, 0.0000000E+00
* ELEM  1820  line segment
 1, 196, 194
*
  7.0419418E+00, 1.3876317E+01, 1.0193094E-01, 2.4608306E-01
* ELEM  1821  line segment
 1, 173, 174
*
  8.0961272E+00, 1.4122400E+01, -4.7612722E-01, -4.7612722E-01
* ELEM  1822  line segment
 1, 176, 174
*
  8.1980582E+00, 1.3876317E+01, -1.0193094E-01, 2.4608306E-01
* ELEM  1823  line segment
 1, 173, 1218
*
  7.6200000E+00, 1.4122400E+01, 4.7612722E-01, 0.0000000E+00
* ELEM  1824  line segment
 1, 195, 173
*
  7.6200000E+00, 1.4122400E+01, 0.0000000E+00, -4.7612722E-01
* ELEM  1825  line segment
 1, 195, 1217
*
  7.1438728E+00, 1.4122400E+01, 4.7612722E-01, 0.0000000E+00
* ELEM  1826  line segment
 1, 195, 196
*
  7.6200000E+00, 1.3646273E+01, -4.7612722E-01, 4.7612722E-01
* ELEM  1827  line segment
 1, 175, 152
*
  9.2456000E+00, 1.3646273E+01, 0.0000000E+00, -6.7334557E-01
* ELEM  1828  line segment
 1, 156, 152
*
  9.4916831E+00, 1.3544342E+01, -2.4608306E-01, 1.0193094E-01
* ELEM  1829  circular arc
 3, 161, 152
*
  1.0058400E+01, 1.3309600E+01, 6.1341000E-01, 1.5750000E+02, 4.5000000E+01
* ELEM  1830  line segment
 1, 175, 178
*
  8.9995169E+00, 1.3544342E+01, 2.4608306E-01, 1.0193094E-01
* ELEM  1831  line segment
 1, 257, 259
*
  1.0871200E+01, 1.1347327E+01, 4.7612722E-01, -4.7612722E-01
* ELEM  1832  line segment
 1, 409, 257
*
  1.0871200E+01, 1.0871200E+01, 4.7612722E-01, 0.0000000E+00
* ELEM  1833  line segment
 1, 260, 259
*
  1.1117283E+01, 1.1449258E+01, -2.4608306E-01, -1.0193094E-01
* ELEM  1834  circular arc
 3, 269, 259
*
  1.1684000E+01, 1.1684000E+01, 6.1341000E-01, 2.0250000E+02, 4.5000000E+01
* ELEM  1835  line segment
 1, 259, 258
*
  1.1449258E+01, 1.1117283E+01, -1.0193094E-01, -2.4608306E-01
* ELEM  1836  line segment
 1, 283, 260
*
  1.0871200E+01, 1.2020673E+01, 0.0000000E+00, -6.7334557E-01
* ELEM  1837  line segment
 1, 264, 260
*
  1.1117283E+01, 1.1918742E+01, -2.4608306E-01, 1.0193094E-01
* ELEM  1838  circular arc
 3, 269, 260
*
  1.1684000E+01, 1.1684000E+01, 6.1341000E-01, 1.5750000E+02, 4.5000000E+01
* ELEM  1839  line segment
 1, 283, 286
*
  1.0625117E+01, 1.1918742E+01, 2.4608306E-01, 1.0193094E-01
* ELEM  1840  line segment
 1, 409, 410
*
  1.1347327E+01, 1.0871200E+01, -4.7612722E-01, -4.7612722E-01
* ELEM  1841  line segment
 1, 412, 410
*
  1.1449258E+01, 1.0625117E+01, -1.0193094E-01, 2.4608306E-01
* ELEM  1842  circular arc
 3, 161, 157
*
  1.0058400E+01, 1.3309600E+01, 6.1341000E-01, 0.0000000E+00, 2.2500000E+01
* ELEM  1843  circular arc
 3, 161, 160
*
  1.0058400E+01, 1.3309600E+01, 6.1341000E-01, 2.2500000E+01, 4.5000000E+01
* ELEM  1844  circular arc
 3, 161, 158
*
  1.0058400E+01, 1.3309600E+01, 6.1341000E-01, 6.7500000E+01, 4.5000000E+01
* ELEM  1845  circular arc
 3, 161, 156
*
  1.0058400E+01, 1.3309600E+01, 6.1341000E-01, 1.1250000E+02, 4.5000000E+01
* ELEM  1846  circular arc
 3, 161, 154
*
  1.0058400E+01, 1.3309600E+01, 6.1341000E-01, 2.9250000E+02, 4.5000000E+01
* ELEM  1847  circular arc
 3, 161, 157
*
  1.0058400E+01, 1.3309600E+01, 6.1341000E-01, 3.3750000E+02, 2.2500000E+01
* ELEM  1848  circle
 2, 162, 161
*
  1.0058400E+01, 1.3309600E+01, 5.3213000E-01, 0.0000000E+00
* ELEM  1849  line segment
 1, 154, 157
*
  1.0625117E+01, 1.3074858E+01, 2.4608306E-01, -1.0193094E-01
* ELEM  1850  line segment
 1, 153, 154
*
  1.0395073E+01, 1.2496800E+01, 4.7612722E-01, 4.7612722E-01
* ELEM  1851  line segment
 1, 153, 131
*
  1.0871200E+01, 1.2972927E+01, 0.0000000E+00, -4.7612722E-01
* ELEM  1852  line segment
 1, 285, 153
*
  1.0395073E+01, 1.2496800E+01, 4.7612722E-01, 0.0000000E+00
* ELEM  1853  line segment
 1, 285, 286
*
  1.0871200E+01, 1.2020673E+01, -4.7612722E-01, 4.7612722E-01
* ELEM  1854  line segment
 1, 285, 263
*
  1.0871200E+01, 1.2496800E+01, 0.0000000E+00, -4.7612722E-01
* ELEM  1855  line segment
 1, 793, 796
*
  1.3876317E+01, 5.4163418E+00, 2.4608306E-01, 1.0193094E-01
* ELEM  1856  line segment
 1, 1230, 793
*
  1.4122400E+01, 4.8449272E+00, 0.0000000E+00, 6.7334557E-01
* ELEM  1857  line segment
 1, 795, 663
*
  1.3646273E+01, 5.9944000E+00, 4.7612722E-01, 0.0000000E+00
* ELEM  1858  line segment
 1, 663, 664
*
  1.3646273E+01, 5.9944000E+00, 4.7612722E-01, 4.7612722E-01
* ELEM  1859  line segment
 1, 663, 1220
*
  1.4122400E+01, 6.4705272E+00, 0.0000000E+00, -4.7612722E-01
* ELEM  1860  line segment
 1, 664, 667
*
  1.3876317E+01, 6.5724582E+00, 2.4608306E-01, -1.0193094E-01
* ELEM  1861  line segment
 1, 795, 796
*
  1.4122400E+01, 5.5182728E+00, -4.7612722E-01, 4.7612722E-01
* ELEM  1862  line segment
 1, 795, 1230
*
  1.4122400E+01, 5.9944000E+00, 0.0000000E+00, -4.7612722E-01
* ELEM  1863  circular arc
 3, 543, 532
*
  1.3309600E+01, 8.4328000E+00, 6.1341000E-01, 2.4750000E+02, 4.5000000E+01
* ELEM  1864  line segment
 1, 532, 536
*
  1.3544342E+01, 7.8660831E+00, 1.0193094E-01, -2.4608306E-01
* ELEM  1865  line segment
 1, 668, 532
*
  1.2972927E+01, 7.6200000E+00, 6.7334557E-01, 0.0000000E+00
* ELEM  1866  line segment
 1, 670, 668
*
  1.3544342E+01, 7.3739169E+00, 1.0193094E-01, 2.4608306E-01
* ELEM  1867  circular arc
 3, 543, 539
*
  1.3309600E+01, 8.4328000E+00, 6.1341000E-01, 0.0000000E+00, 2.2500000E+01
* ELEM  1868  circular arc
 3, 543, 542
*
  1.3309600E+01, 8.4328000E+00, 6.1341000E-01, 2.2500000E+01, 4.5000000E+01
* ELEM  1869  circular arc
 3, 543, 540
*
  1.3309600E+01, 8.4328000E+00, 6.1341000E-01, 6.7500000E+01, 4.5000000E+01
* ELEM  1870  circular arc
 3, 543, 538
*
  1.3309600E+01, 8.4328000E+00, 6.1341000E-01, 1.1250000E+02, 4.5000000E+01
* ELEM  1871  circular arc
 3, 543, 536
*
  1.3309600E+01, 8.4328000E+00, 6.1341000E-01, 2.9250000E+02, 4.5000000E+01
* ELEM  1872  circular arc
 3, 543, 539
*
  1.3309600E+01, 8.4328000E+00, 6.1341000E-01, 3.3750000E+02, 2.2500000E+01
* ELEM  1873  circle
 2, 544, 543
*
  1.3309600E+01, 8.4328000E+00, 5.3213000E-01, 0.0000000E+00
* ELEM  1874  line segment
 1, 537, 538
*
  1.2972927E+01, 9.2456000E+00, -4.7612722E-01, -4.7612722E-01
* ELEM  1875  line segment
 1, 540, 538
*
  1.3074858E+01, 8.9995169E+00, -1.0193094E-01, 2.4608306E-01
* ELEM  1876  line segment
 1, 537, 385
*
  1.2496800E+01, 9.2456000E+00, 4.7612722E-01, 0.0000000E+00
* ELEM  1877  line segment
 1, 385, 387
*
  1.2496800E+01, 9.7217272E+00, 4.7612722E-01, -4.7612722E-01
* ELEM  1878  line segment
 1, 388, 387
*
  1.2742883E+01, 9.8236582E+00, -2.4608306E-01, -1.0193094E-01
* ELEM  1879  circular arc
 3, 397, 387
*
  1.3309600E+01, 1.0058400E+01, 6.1341000E-01, 2.0250000E+02, 4.5000000E+01
* ELEM  1880  line segment
 1, 387, 386
*
  1.3074858E+01, 9.4916831E+00, -1.0193094E-01, -2.4608306E-01
* ELEM  1881  line segment
 1, 411, 388
*
  1.2496800E+01, 1.0395073E+01, 0.0000000E+00, -6.7334557E-01
* ELEM  1882  line segment
 1, 392, 388
*
  1.2742883E+01, 1.0293142E+01, -2.4608306E-01, 1.0193094E-01
* ELEM  1883  circular arc
 3, 397, 388
*
  1.3309600E+01, 1.0058400E+01, 6.1341000E-01, 1.5750000E+02, 4.5000000E+01
* ELEM  1884  line segment
 1, 411, 414
*
  1.2250717E+01, 1.0293142E+01, 2.4608306E-01, 1.0193094E-01
* ELEM  1885  line segment
 1, 1218, 176
*
  8.7694728E+00, 1.4122400E+01, -6.7334557E-01, 0.0000000E+00
* ELEM  1886  line segment
 1, 178, 176
*
  8.6675418E+00, 1.3876317E+01, 1.0193094E-01, 2.4608306E-01
* ELEM  1887  line segment
 1, 155, 156
*
  9.7217272E+00, 1.4122400E+01, -4.7612722E-01, -4.7612722E-01
* ELEM  1888  line segment
 1, 158, 156
*
  9.8236582E+00, 1.3876317E+01, -1.0193094E-01, 2.4608306E-01
* ELEM  1889  line segment
 1, 155, 1234
*
  9.2456000E+00, 1.4122400E+01, 4.7612722E-01, 0.0000000E+00
* ELEM  1890  line segment
 1, 177, 155
*
  9.2456000E+00, 1.4122400E+01, 0.0000000E+00, -4.7612722E-01
* ELEM  1891  line segment
 1, 177, 1218
*
  8.7694728E+00, 1.4122400E+01, 4.7612722E-01, 0.0000000E+00
* ELEM  1892  line segment
 1, 177, 178
*
  9.2456000E+00, 1.3646273E+01, -4.7612722E-01, 4.7612722E-01
* ELEM  1893  circular arc
 3, 269, 258
*
  1.1684000E+01, 1.1684000E+01, 6.1341000E-01, 2.4750000E+02, 4.5000000E+01
* ELEM  1894  line segment
 1, 258, 262
*
  1.1918742E+01, 1.1117283E+01, 1.0193094E-01, -2.4608306E-01
* ELEM  1895  line segment
 1, 412, 258
*
  1.1347327E+01, 1.0871200E+01, 6.7334557E-01, 0.0000000E+00
* ELEM  1896  line segment
 1, 414, 412
*
  1.1918742E+01, 1.0625117E+01, 1.0193094E-01, 2.4608306E-01
* ELEM  1897  circular arc
 3, 269, 265
*
  1.1684000E+01, 1.1684000E+01, 6.1341000E-01, 0.0000000E+00, 2.2500000E+01
* ELEM  1898  circular arc
 3, 269, 268
*
  1.1684000E+01, 1.1684000E+01, 6.1341000E-01, 2.2500000E+01, 4.5000000E+01
* ELEM  1899  circular arc
 3, 269, 266
*
  1.1684000E+01, 1.1684000E+01, 6.1341000E-01, 6.7500000E+01, 4.5000000E+01
* ELEM  1900  circular arc
 3, 269, 264
*
  1.1684000E+01, 1.1684000E+01, 6.1341000E-01, 1.1250000E+02, 4.5000000E+01
* ELEM  1901  circular arc
 3, 269, 262
*
  1.1684000E+01, 1.1684000E+01, 6.1341000E-01, 2.9250000E+02, 4.5000000E+01
* ELEM  1902  circular arc
 3, 269, 265
*
  1.1684000E+01, 1.1684000E+01, 6.1341000E-01, 3.3750000E+02, 2.2500000E+01
* ELEM  1903  circle
 2, 270, 269
*
  1.1684000E+01, 1.1684000E+01, 5.3213000E-01, 0.0000000E+00
* ELEM  1904  line segment
 1, 263, 264
*
  1.1347327E+01, 1.2496800E+01, -4.7612722E-01, -4.7612722E-01
* ELEM  1905  line segment
 1, 266, 264
*
  1.1449258E+01, 1.2250717E+01, -1.0193094E-01, 2.4608306E-01
* ELEM  1906  line segment
 1, 263, 131
*
  1.0871200E+01, 1.2496800E+01, 4.7612722E-01, 0.0000000E+00
* ELEM  1907  line segment
 1, 131, 133
*
  1.0871200E+01, 1.2972927E+01, 4.7612722E-01, -4.7612722E-01
* ELEM  1908  line segment
 1, 134, 133
*
  1.1117283E+01, 1.3074858E+01, -2.4608306E-01, -1.0193094E-01
* ELEM  1909  circular arc
 3, 143, 133
*
  1.1684000E+01, 1.3309600E+01, 6.1341000E-01, 2.0250000E+02, 4.5000000E+01
* ELEM  1910  line segment
 1, 133, 132
*
  1.1449258E+01, 1.2742883E+01, -1.0193094E-01, -2.4608306E-01
* ELEM  1911  line segment
 1, 157, 134
*
  1.0871200E+01, 1.3646273E+01, 0.0000000E+00, -6.7334557E-01
* ELEM  1912  line segment
 1, 138, 134
*
  1.1117283E+01, 1.3544342E+01, -2.4608306E-01, 1.0193094E-01
* ELEM  1913  circular arc
 3, 143, 134
*
  1.1684000E+01, 1.3309600E+01, 6.1341000E-01, 1.5750000E+02, 4.5000000E+01
* ELEM  1914  line segment
 1, 157, 160
*
  1.0625117E+01, 1.3544342E+01, 2.4608306E-01, 1.0193094E-01
* ELEM  1915  line segment
 1, 667, 670
*
  1.3876317E+01, 7.0419418E+00, 2.4608306E-01, 1.0193094E-01
* ELEM  1916  line segment
 1, 1220, 667
*
  1.4122400E+01, 6.4705272E+00, 0.0000000E+00, 6.7334557E-01
* ELEM  1917  line segment
 1, 669, 535
*
  1.3646273E+01, 7.6200000E+00, 4.7612722E-01, 0.0000000E+00
* ELEM  1918  line segment
 1, 535, 536
*
  1.3646273E+01, 7.6200000E+00, 4.7612722E-01, 4.7612722E-01
* ELEM  1919  line segment
 1, 535, 1215
*
  1.4122400E+01, 8.0961272E+00, 0.0000000E+00, -4.7612722E-01
* ELEM  1920  line segment
 1, 536, 539
*
  1.3876317E+01, 8.1980582E+00, 2.4608306E-01, -1.0193094E-01
* ELEM  1921  line segment
 1, 669, 670
*
  1.4122400E+01, 7.1438728E+00, -4.7612722E-01, 4.7612722E-01
* ELEM  1922  line segment
 1, 669, 1220
*
  1.4122400E+01, 7.6200000E+00, 0.0000000E+00, -4.7612722E-01
* ELEM  1923  circular arc
 3, 397, 386
*
  1.3309600E+01, 1.0058400E+01, 6.1341000E-01, 2.4750000E+02, 4.5000000E+01
* ELEM  1924  line segment
 1, 386, 390
*
  1.3544342E+01, 9.4916831E+00, 1.0193094E-01, -2.4608306E-01
* ELEM  1925  line segment
 1, 540, 386
*
  1.2972927E+01, 9.2456000E+00, 6.7334557E-01, 0.0000000E+00
* ELEM  1926  line segment
 1, 542, 540
*
  1.3544342E+01, 8.9995169E+00, 1.0193094E-01, 2.4608306E-01
* ELEM  1927  circular arc
 3, 397, 393
*
  1.3309600E+01, 1.0058400E+01, 6.1341000E-01, 0.0000000E+00, 2.2500000E+01
* ELEM  1928  circular arc
 3, 397, 396
*
  1.3309600E+01, 1.0058400E+01, 6.1341000E-01, 2.2500000E+01, 4.5000000E+01
* ELEM  1929  circular arc
 3, 397, 394
*
  1.3309600E+01, 1.0058400E+01, 6.1341000E-01, 6.7500000E+01, 4.5000000E+01
* ELEM  1930  circular arc
 3, 397, 392
*
  1.3309600E+01, 1.0058400E+01, 6.1341000E-01, 1.1250000E+02, 4.5000000E+01
* ELEM  1931  circular arc
 3, 397, 390
*
  1.3309600E+01, 1.0058400E+01, 6.1341000E-01, 2.9250000E+02, 4.5000000E+01
* ELEM  1932  circular arc
 3, 397, 393
*
  1.3309600E+01, 1.0058400E+01, 6.1341000E-01, 3.3750000E+02, 2.2500000E+01
* ELEM  1933  circle
 2, 398, 397
*
  1.3309600E+01, 1.0058400E+01, 5.3213000E-01, 0.0000000E+00
* ELEM  1934  line segment
 1, 391, 392
*
  1.2972927E+01, 1.0871200E+01, -4.7612722E-01, -4.7612722E-01
* ELEM  1935  line segment
 1, 394, 392
*
  1.3074858E+01, 1.0625117E+01, -1.0193094E-01, 2.4608306E-01
* ELEM  1936  line segment
 1, 413, 414
*
  1.2496800E+01, 1.0395073E+01, -4.7612722E-01, 4.7612722E-01
* ELEM  1937  line segment
 1, 413, 261
*
  1.2020673E+01, 1.0871200E+01, 4.7612722E-01, 0.0000000E+00
* ELEM  1938  line segment
 1, 413, 391
*
  1.2496800E+01, 1.0871200E+01, 0.0000000E+00, -4.7612722E-01
* ELEM  1939  line segment
 1, 391, 239
*
  1.2496800E+01, 1.0871200E+01, 4.7612722E-01, 0.0000000E+00
* ELEM  1940  line segment
 1, 1234, 158
*
  1.0395073E+01, 1.4122400E+01, -6.7334557E-01, 0.0000000E+00
* ELEM  1941  line segment
 1, 160, 158
*
  1.0293142E+01, 1.3876317E+01, 1.0193094E-01, 2.4608306E-01
* ELEM  1942  line segment
 1, 262, 265
*
  1.2250717E+01, 1.1449258E+01, 2.4608306E-01, -1.0193094E-01
* ELEM  1943  line segment
 1, 261, 262
*
  1.2020673E+01, 1.0871200E+01, 4.7612722E-01, 4.7612722E-01
* ELEM  1944  line segment
 1, 261, 239
*
  1.2496800E+01, 1.1347327E+01, 0.0000000E+00, -4.7612722E-01
* ELEM  1945  circular arc
 3, 143, 132
*
  1.1684000E+01, 1.3309600E+01, 6.1341000E-01, 2.4750000E+02, 4.5000000E+01
* ELEM  1946  line segment
 1, 132, 136
*
  1.1918742E+01, 1.2742883E+01, 1.0193094E-01, -2.4608306E-01
* ELEM  1947  line segment
 1, 266, 132
*
  1.1347327E+01, 1.2496800E+01, 6.7334557E-01, 0.0000000E+00
* ELEM  1948  line segment
 1, 268, 266
*
  1.1918742E+01, 1.2250717E+01, 1.0193094E-01, 2.4608306E-01
* ELEM  1949  circular arc
 3, 143, 139
*
  1.1684000E+01, 1.3309600E+01, 6.1341000E-01, 0.0000000E+00, 2.2500000E+01
* ELEM  1950  circular arc
 3, 143, 142
*
  1.1684000E+01, 1.3309600E+01, 6.1341000E-01, 2.2500000E+01, 4.5000000E+01
* ELEM  1951  circular arc
 3, 143, 140
*
  1.1684000E+01, 1.3309600E+01, 6.1341000E-01, 6.7500000E+01, 4.5000000E+01
* ELEM  1952  circular arc
 3, 143, 138
*
  1.1684000E+01, 1.3309600E+01, 6.1341000E-01, 1.1250000E+02, 4.5000000E+01
* ELEM  1953  circular arc
 3, 143, 136
*
  1.1684000E+01, 1.3309600E+01, 6.1341000E-01, 2.9250000E+02, 4.5000000E+01
* ELEM  1954  circular arc
 3, 143, 139
*
  1.1684000E+01, 1.3309600E+01, 6.1341000E-01, 3.3750000E+02, 2.2500000E+01
* ELEM  1955  circle
 2, 144, 143
*
  1.1684000E+01, 1.3309600E+01, 5.3213000E-01, 0.0000000E+00
* ELEM  1956  line segment
 1, 137, 138
*
  1.1347327E+01, 1.4122400E+01, -4.7612722E-01, -4.7612722E-01
* ELEM  1957  line segment
 1, 140, 138
*
  1.1449258E+01, 1.3876317E+01, -1.0193094E-01, 2.4608306E-01
* ELEM  1958  line segment
 1, 137, 1219
*
  1.0871200E+01, 1.4122400E+01, 4.7612722E-01, 0.0000000E+00
* ELEM  1959  line segment
 1, 159, 137
*
  1.0871200E+01, 1.4122400E+01, 0.0000000E+00, -4.7612722E-01
* ELEM  1960  line segment
 1, 159, 1234
*
  1.0395073E+01, 1.4122400E+01, 4.7612722E-01, 0.0000000E+00
* ELEM  1961  line segment
 1, 159, 160
*
  1.0871200E+01, 1.3646273E+01, -4.7612722E-01, 4.7612722E-01
* ELEM  1962  line segment
 1, 539, 542
*
  1.3876317E+01, 8.6675418E+00, 2.4608306E-01, 1.0193094E-01
* ELEM  1963  line segment
 1, 1215, 539
*
  1.4122400E+01, 8.0961272E+00, 0.0000000E+00, 6.7334557E-01
* ELEM  1964  line segment
 1, 541, 389
*
  1.3646273E+01, 9.2456000E+00, 4.7612722E-01, 0.0000000E+00
* ELEM  1965  line segment
 1, 389, 390
*
  1.3646273E+01, 9.2456000E+00, 4.7612722E-01, 4.7612722E-01
* ELEM  1966  line segment
 1, 389, 1233
*
  1.4122400E+01, 9.7217272E+00, 0.0000000E+00, -4.7612722E-01
* ELEM  1967  line segment
 1, 390, 393
*
  1.3876317E+01, 9.8236582E+00, 2.4608306E-01, -1.0193094E-01
* ELEM  1968  line segment
 1, 541, 542
*
  1.4122400E+01, 8.7694728E+00, -4.7612722E-01, 4.7612722E-01
* ELEM  1969  line segment
 1, 541, 1215
*
  1.4122400E+01, 9.2456000E+00, 0.0000000E+00, -4.7612722E-01
* ELEM  1970  line segment
 1, 239, 241
*
  1.2496800E+01, 1.1347327E+01, 4.7612722E-01, -4.7612722E-01
* ELEM  1971  line segment
 1, 242, 241
*
  1.2742883E+01, 1.1449258E+01, -2.4608306E-01, -1.0193094E-01
* ELEM  1972  circular arc
 3, 251, 241
*
  1.3309600E+01, 1.1684000E+01, 6.1341000E-01, 2.0250000E+02, 4.5000000E+01
* ELEM  1973  line segment
 1, 241, 240
*
  1.3074858E+01, 1.1117283E+01, -1.0193094E-01, -2.4608306E-01
* ELEM  1974  circular arc
 3, 251, 240
*
  1.3309600E+01, 1.1684000E+01, 6.1341000E-01, 2.4750000E+02, 4.5000000E+01
* ELEM  1975  line segment
 1, 240, 244
*
  1.3544342E+01, 1.1117283E+01, 1.0193094E-01, -2.4608306E-01
* ELEM  1976  line segment
 1, 394, 240
*
  1.2972927E+01, 1.0871200E+01, 6.7334557E-01, 0.0000000E+00
* ELEM  1977  line segment
 1, 396, 394
*
  1.3544342E+01, 1.0625117E+01, 1.0193094E-01, 2.4608306E-01
* ELEM  1978  line segment
 1, 265, 242
*
  1.2496800E+01, 1.2020673E+01, 0.0000000E+00, -6.7334557E-01
* ELEM  1979  line segment
 1, 246, 242
*
  1.2742883E+01, 1.1918742E+01, -2.4608306E-01, 1.0193094E-01
* ELEM  1980  circular arc
 3, 251, 242
*
  1.3309600E+01, 1.1684000E+01, 6.1341000E-01, 1.5750000E+02, 4.5000000E+01
* ELEM  1981  line segment
 1, 265, 268
*
  1.2250717E+01, 1.1918742E+01, 2.4608306E-01, 1.0193094E-01
* ELEM  1982  line segment
 1, 136, 139
*
  1.2250717E+01, 1.3074858E+01, 2.4608306E-01, -1.0193094E-01
* ELEM  1983  line segment
 1, 135, 136
*
  1.2020673E+01, 1.2496800E+01, 4.7612722E-01, 4.7612722E-01
* ELEM  1984  line segment
 1, 135, 113
*
  1.2496800E+01, 1.2972927E+01, 0.0000000E+00, -4.7612722E-01
* ELEM  1985  line segment
 1, 267, 135
*
  1.2020673E+01, 1.2496800E+01, 4.7612722E-01, 0.0000000E+00
* ELEM  1986  line segment
 1, 267, 268
*
  1.2496800E+01, 1.2020673E+01, -4.7612722E-01, 4.7612722E-01
* ELEM  1987  line segment
 1, 267, 245
*
  1.2496800E+01, 1.2496800E+01, 0.0000000E+00, -4.7612722E-01
* ELEM  1988  line segment
 1, 1219, 140
*
  1.2020673E+01, 1.4122400E+01, -6.7334557E-01, 0.0000000E+00
* ELEM  1989  line segment
 1, 142, 140
*
  1.1918742E+01, 1.3876317E+01, 1.0193094E-01, 2.4608306E-01
* ELEM  1990  line segment
 1, 393, 396
*
  1.3876317E+01, 1.0293142E+01, 2.4608306E-01, 1.0193094E-01
* ELEM  1991  line segment
 1, 1233, 393
*
  1.4122400E+01, 9.7217272E+00, 0.0000000E+00, 6.7334557E-01
* ELEM  1992  circular arc
 3, 251, 247
*
  1.3309600E+01, 1.1684000E+01, 6.1341000E-01, 0.0000000E+00, 2.2500000E+01
* ELEM  1993  circular arc
 3, 251, 250
*
  1.3309600E+01, 1.1684000E+01, 6.1341000E-01, 2.2500000E+01, 4.5000000E+01
* ELEM  1994  circular arc
 3, 251, 248
*
  1.3309600E+01, 1.1684000E+01, 6.1341000E-01, 6.7500000E+01, 4.5000000E+01
* ELEM  1995  circular arc
 3, 251, 246
*
  1.3309600E+01, 1.1684000E+01, 6.1341000E-01, 1.1250000E+02, 4.5000000E+01
* ELEM  1996  circular arc
 3, 251, 244
*
  1.3309600E+01, 1.1684000E+01, 6.1341000E-01, 2.9250000E+02, 4.5000000E+01
* ELEM  1997  circular arc
 3, 251, 247
*
  1.3309600E+01, 1.1684000E+01, 6.1341000E-01, 3.3750000E+02, 2.2500000E+01
* ELEM  1998  circle
 2, 252, 251
*
  1.3309600E+01, 1.1684000E+01, 5.3213000E-01, 0.0000000E+00
* ELEM  1999  line segment
 1, 395, 243
*
  1.3646273E+01, 1.0871200E+01, 4.7612722E-01, 0.0000000E+00
* ELEM  2000  line segment
 1, 243, 244
*
  1.3646273E+01, 1.0871200E+01, 4.7612722E-01, 4.7612722E-01
* ELEM  2001  line segment
 1, 243, 1216
*
  1.4122400E+01, 1.1347327E+01, 0.0000000E+00, -4.7612722E-01
* ELEM  2002  line segment
 1, 244, 247
*
  1.3876317E+01, 1.1449258E+01, 2.4608306E-01, -1.0193094E-01
* ELEM  2003  line segment
 1, 395, 396
*
  1.4122400E+01, 1.0395073E+01, -4.7612722E-01, 4.7612722E-01
* ELEM  2004  line segment
 1, 395, 1233
*
  1.4122400E+01, 1.0871200E+01, 0.0000000E+00, -4.7612722E-01
* ELEM  2005  line segment
 1, 245, 246
*
  1.2972927E+01, 1.2496800E+01, -4.7612722E-01, -4.7612722E-01
* ELEM  2006  line segment
 1, 248, 246
*
  1.3074858E+01, 1.2250717E+01, -1.0193094E-01, 2.4608306E-01
* ELEM  2007  line segment
 1, 245, 113
*
  1.2496800E+01, 1.2496800E+01, 4.7612722E-01, 0.0000000E+00
* ELEM  2008  line segment
 1, 113, 115
*
  1.2496800E+01, 1.2972927E+01, 4.7612722E-01, -4.7612722E-01
* ELEM  2009  line segment
 1, 116, 115
*
  1.2742883E+01, 1.3074858E+01, -2.4608306E-01, -1.0193094E-01
* ELEM  2010  circular arc
 3, 125, 115
*
  1.3309600E+01, 1.3309600E+01, 6.1341000E-01, 2.0250000E+02, 4.5000000E+01
* ELEM  2011  line segment
 1, 115, 114
*
  1.3074858E+01, 1.2742883E+01, -1.0193094E-01, -2.4608306E-01
* ELEM  2012  line segment
 1, 139, 116
*
  1.2496800E+01, 1.3646273E+01, 0.0000000E+00, -6.7334557E-01
* ELEM  2013  line segment
 1, 120, 116
*
  1.2742883E+01, 1.3544342E+01, -2.4608306E-01, 1.0193094E-01
* ELEM  2014  circular arc
 3, 125, 116
*
  1.3309600E+01, 1.3309600E+01, 6.1341000E-01, 1.5750000E+02, 4.5000000E+01
* ELEM  2015  line segment
 1, 139, 142
*
  1.2250717E+01, 1.3544342E+01, 2.4608306E-01, 1.0193094E-01
* ELEM  2016  line segment
 1, 141, 142
*
  1.2496800E+01, 1.3646273E+01, -4.7612722E-01, 4.7612722E-01
* ELEM  2017  line segment
 1, 141, 1219
*
  1.2020673E+01, 1.4122400E+01, 4.7612722E-01, 0.0000000E+00
* ELEM  2018  line segment
 1, 141, 119
*
  1.2496800E+01, 1.4122400E+01, 0.0000000E+00, -4.7612722E-01
* ELEM  2019  line segment
 1, 247, 250
*
  1.3876317E+01, 1.1918742E+01, 2.4608306E-01, 1.0193094E-01
* ELEM  2020  line segment
 1, 1216, 247
*
  1.4122400E+01, 1.1347327E+01, 0.0000000E+00, 6.7334557E-01
* ELEM  2021  circular arc
 3, 125, 114
*
  1.3309600E+01, 1.3309600E+01, 6.1341000E-01, 2.4750000E+02, 4.5000000E+01
* ELEM  2022  line segment
 1, 114, 118
*
  1.3544342E+01, 1.2742883E+01, 1.0193094E-01, -2.4608306E-01
* ELEM  2023  line segment
 1, 248, 114
*
  1.2972927E+01, 1.2496800E+01, 6.7334557E-01, 0.0000000E+00
* ELEM  2024  line segment
 1, 250, 248
*
  1.3544342E+01, 1.2250717E+01, 1.0193094E-01, 2.4608306E-01
* ELEM  2025  circular arc
 3, 125, 121
*
  1.3309600E+01, 1.3309600E+01, 6.1341000E-01, 0.0000000E+00, 2.2500000E+01
* ELEM  2026  circular arc
 3, 125, 124
*
  1.3309600E+01, 1.3309600E+01, 6.1341000E-01, 2.2500000E+01, 4.5000000E+01
* ELEM  2027  circular arc
 3, 125, 122
*
  1.3309600E+01, 1.3309600E+01, 6.1341000E-01, 6.7500000E+01, 4.5000000E+01
* ELEM  2028  circular arc
 3, 125, 120
*
  1.3309600E+01, 1.3309600E+01, 6.1341000E-01, 1.1250000E+02, 4.5000000E+01
* ELEM  2029  circular arc
 3, 125, 118
*
  1.3309600E+01, 1.3309600E+01, 6.1341000E-01, 2.9250000E+02, 4.5000000E+01
* ELEM  2030  circular arc
 3, 125, 121
*
  1.3309600E+01, 1.3309600E+01, 6.1341000E-01, 3.3750000E+02, 2.2500000E+01
* ELEM  2031  circle
 2, 126, 125
*
  1.3309600E+01, 1.3309600E+01, 5.3213000E-01, 0.0000000E+00
* ELEM  2032  line segment
 1, 119, 120
*
  1.2972927E+01, 1.4122400E+01, -4.7612722E-01, -4.7612722E-01
* ELEM  2033  line segment
 1, 122, 120
*
  1.3074858E+01, 1.3876317E+01, -1.0193094E-01, 2.4608306E-01
* ELEM  2034  line segment
 1, 119, 1240
*
  1.2496800E+01, 1.4122400E+01, 4.7612722E-01, 0.0000000E+00
* ELEM  2035  line segment
 1, 249, 250
*
  1.4122400E+01, 1.2020673E+01, -4.7612722E-01, 4.7612722E-01
* ELEM  2036  line segment
 1, 249, 117
*
  1.3646273E+01, 1.2496800E+01, 4.7612722E-01, 0.0000000E+00
* ELEM  2037  line segment
 1, 249, 1216
*
  1.4122400E+01, 1.2496800E+01, 0.0000000E+00, -4.7612722E-01
* ELEM  2038  line segment
 1, 117, 118
*
  1.3646273E+01, 1.2496800E+01, 4.7612722E-01, 4.7612722E-01
* ELEM  2039  line segment
 1, 117, 1239
*
  1.4122400E+01, 1.2972927E+01, 0.0000000E+00, -4.7612722E-01
* ELEM  2040  line segment
 1, 118, 121
*
  1.3876317E+01, 1.3074858E+01, 2.4608306E-01, -1.0193094E-01
* ELEM  2041  line segment
 1, 1240, 122
*
  1.3646273E+01, 1.4122400E+01, -6.7334557E-01, 0.0000000E+00
* ELEM  2042  line segment
 1, 124, 122
*
  1.3544342E+01, 1.3876317E+01, 1.0193094E-01, 2.4608306E-01
* ELEM  2043  line segment
 1, 121, 124
*
  1.3876317E+01, 1.3544342E+01, 2.4608306E-01, 1.0193094E-01
* ELEM  2044  line segment
 1, 1239, 121
*
  1.4122400E+01, 1.2972927E+01, 0.0000000E+00, 6.7334557E-01
* ELEM  2045  line segment
 1, 123, 124
*
  1.4122400E+01, 1.3646273E+01, -4.7612722E-01, 4.7612722E-01
* ELEM  2046  line segment
 1, 123, 1240
*
  1.3646273E+01, 1.4122400E+01, 3.0073035E-01, 0.0000000E+00
* ELEM  2047  line segment
 1, 123, 1239
*
  1.4122400E+01, 1.3947003E+01, 0.0000000E+00, -3.0073035E-01
* ELEM  2048  circle
 2, 35, 34
*
  1.9304000E+00, 1.3309600E+01, 5.2070000E-01, 0.0000000E+00
* ELEM  2049  circle
 2, 36, 35
*
  1.9304000E+00, 1.3309600E+01, 5.0751558E-01, 0.0000000E+00
* ELEM  2050  circle
 2, 37, 36
*
  1.9304000E+00, 1.3309600E+01, 4.6572824E-01, 0.0000000E+00
* ELEM  2051  circle
 2, 38, 37
*
  1.9304000E+00, 1.3309600E+01, 3.6819050E-01, 0.0000000E+00
* ELEM  2052  circle
 2, 53, 52
*
  5.1816000E+00, 3.5560000E+00, 5.2070000E-01, 0.0000000E+00
* ELEM  2053  circle
 2, 54, 53
*
  5.1816000E+00, 3.5560000E+00, 5.0751558E-01, 0.0000000E+00
* ELEM  2054  circle
 2, 55, 54
*
  5.1816000E+00, 3.5560000E+00, 4.6572824E-01, 0.0000000E+00
* ELEM  2055  circle
 2, 56, 55
*
  5.1816000E+00, 3.5560000E+00, 4.0333249E-01, 0.0000000E+00
* ELEM  2056  circle
 2, 57, 56
*
  5.1816000E+00, 3.5560000E+00, 3.2931960E-01, 0.0000000E+00
* ELEM  2057  circle
 2, 58, 57
*
  5.1816000E+00, 3.5560000E+00, 2.3286412E-01, 0.0000000E+00
* ELEM  2058  circle
 2, 73, 72
*
  5.1816000E+00, 1.9304000E+00, 5.2070000E-01, 0.0000000E+00
* ELEM  2059  circle
 2, 74, 73
*
  5.1816000E+00, 1.9304000E+00, 5.0751558E-01, 0.0000000E+00
* ELEM  2060  circle
 2, 75, 74
*
  5.1816000E+00, 1.9304000E+00, 4.6572824E-01, 0.0000000E+00
* ELEM  2061  circle
 2, 76, 75
*
  5.1816000E+00, 1.9304000E+00, 3.6819050E-01, 0.0000000E+00
* ELEM  2062  circle
 2, 91, 90
*
  3.5560000E+00, 1.9304000E+00, 5.2070000E-01, 0.0000000E+00
* ELEM  2063  circle
 2, 92, 91
*
  3.5560000E+00, 1.9304000E+00, 5.0751558E-01, 0.0000000E+00
* ELEM  2064  circle
 2, 93, 92
*
  3.5560000E+00, 1.9304000E+00, 4.6572824E-01, 0.0000000E+00
* ELEM  2065  circle
 2, 94, 93
*
  3.5560000E+00, 1.9304000E+00, 3.6819050E-01, 0.0000000E+00
* ELEM  2066  circle
 2, 109, 108
*
  1.9304000E+00, 1.9304000E+00, 5.2070000E-01, 0.0000000E+00
* ELEM  2067  circle
 2, 110, 109
*
  1.9304000E+00, 1.9304000E+00, 5.0751558E-01, 0.0000000E+00
* ELEM  2068  circle
 2, 111, 110
*
  1.9304000E+00, 1.9304000E+00, 4.6572824E-01, 0.0000000E+00
* ELEM  2069  circle
 2, 112, 111
*
  1.9304000E+00, 1.9304000E+00, 3.6819050E-01, 0.0000000E+00
* ELEM  2070  circle
 2, 127, 126
*
  1.3309600E+01, 1.3309600E+01, 5.2070000E-01, 0.0000000E+00
* ELEM  2071  circle
 2, 128, 127
*
  1.3309600E+01, 1.3309600E+01, 5.0751558E-01, 0.0000000E+00
* ELEM  2072  circle
 2, 129, 128
*
  1.3309600E+01, 1.3309600E+01, 4.6572824E-01, 0.0000000E+00
* ELEM  2073  circle
 2, 130, 129
*
  1.3309600E+01, 1.3309600E+01, 3.6819050E-01, 0.0000000E+00
* ELEM  2074  circle
 2, 145, 144
*
  1.1684000E+01, 1.3309600E+01, 5.2070000E-01, 0.0000000E+00
* ELEM  2075  circle
 2, 146, 145
*
  1.1684000E+01, 1.3309600E+01, 5.0751558E-01, 0.0000000E+00
* ELEM  2076  circle
 2, 147, 146
*
  1.1684000E+01, 1.3309600E+01, 4.6572824E-01, 0.0000000E+00
* ELEM  2077  circle
 2, 148, 147
*
  1.1684000E+01, 1.3309600E+01, 3.6819050E-01, 0.0000000E+00
* ELEM  2078  circle
 2, 163, 162
*
  1.0058400E+01, 1.3309600E+01, 5.2070000E-01, 0.0000000E+00
* ELEM  2079  circle
 2, 164, 163
*
  1.0058400E+01, 1.3309600E+01, 5.0751558E-01, 0.0000000E+00
* ELEM  2080  circle
 2, 165, 164
*
  1.0058400E+01, 1.3309600E+01, 4.6572824E-01, 0.0000000E+00
* ELEM  2081  circle
 2, 166, 165
*
  1.0058400E+01, 1.3309600E+01, 3.6819050E-01, 0.0000000E+00
* ELEM  2082  circle
 2, 181, 180
*
  8.4328000E+00, 1.3309600E+01, 5.2070000E-01, 0.0000000E+00
* ELEM  2083  circle
 2, 182, 181
*
  8.4328000E+00, 1.3309600E+01, 5.0751558E-01, 0.0000000E+00
* ELEM  2084  circle
 2, 183, 182
*
  8.4328000E+00, 1.3309600E+01, 4.6572824E-01, 0.0000000E+00
* ELEM  2085  circle
 2, 184, 183
*
  8.4328000E+00, 1.3309600E+01, 3.6819050E-01, 0.0000000E+00
* ELEM  2086  circle
 2, 199, 198
*
  6.8072000E+00, 1.3309600E+01, 5.2070000E-01, 0.0000000E+00
* ELEM  2087  circle
 2, 200, 199
*
  6.8072000E+00, 1.3309600E+01, 5.0751558E-01, 0.0000000E+00
* ELEM  2088  circle
 2, 201, 200
*
  6.8072000E+00, 1.3309600E+01, 4.6572824E-01, 0.0000000E+00
* ELEM  2089  circle
 2, 202, 201
*
  6.8072000E+00, 1.3309600E+01, 3.6819050E-01, 0.0000000E+00
* ELEM  2090  circle
 2, 217, 216
*
  5.1816000E+00, 1.3309600E+01, 5.2070000E-01, 0.0000000E+00
* ELEM  2091  circle
 2, 218, 217
*
  5.1816000E+00, 1.3309600E+01, 5.0751558E-01, 0.0000000E+00
* ELEM  2092  circle
 2, 219, 218
*
  5.1816000E+00, 1.3309600E+01, 4.6572824E-01, 0.0000000E+00
* ELEM  2093  circle
 2, 220, 219
*
  5.1816000E+00, 1.3309600E+01, 3.6819050E-01, 0.0000000E+00
* ELEM  2094  circle
 2, 235, 234
*
  3.5560000E+00, 1.3309600E+01, 5.2070000E-01, 0.0000000E+00
* ELEM  2095  circle
 2, 236, 235
*
  3.5560000E+00, 1.3309600E+01, 5.0751558E-01, 0.0000000E+00
* ELEM  2096  circle
 2, 237, 236
*
  3.5560000E+00, 1.3309600E+01, 4.6572824E-01, 0.0000000E+00
* ELEM  2097  circle
 2, 238, 237
*
  3.5560000E+00, 1.3309600E+01, 3.6819050E-01, 0.0000000E+00
* ELEM  2098  circle
 2, 253, 252
*
  1.3309600E+01, 1.1684000E+01, 5.2070000E-01, 0.0000000E+00
* ELEM  2099  circle
 2, 254, 253
*
  1.3309600E+01, 1.1684000E+01, 5.0751558E-01, 0.0000000E+00
* ELEM  2100  circle
 2, 255, 254
*
  1.3309600E+01, 1.1684000E+01, 4.6572824E-01, 0.0000000E+00
* ELEM  2101  circle
 2, 256, 255
*
  1.3309600E+01, 1.1684000E+01, 3.6819050E-01, 0.0000000E+00
* ELEM  2102  circle
 2, 271, 270
*
  1.1684000E+01, 1.1684000E+01, 5.2070000E-01, 0.0000000E+00
* ELEM  2103  circle
 2, 272, 271
*
  1.1684000E+01, 1.1684000E+01, 5.0751558E-01, 0.0000000E+00
* ELEM  2104  circle
 2, 273, 272
*
  1.1684000E+01, 1.1684000E+01, 4.6572824E-01, 0.0000000E+00
* ELEM  2105  circle
 2, 274, 273
*
  1.1684000E+01, 1.1684000E+01, 3.6819050E-01, 0.0000000E+00
* ELEM  2106  circle
 2, 289, 288
*
  1.0058400E+01, 1.1684000E+01, 5.2070000E-01, 0.0000000E+00
* ELEM  2107  circle
 2, 290, 289
*
  1.0058400E+01, 1.1684000E+01, 5.0751558E-01, 0.0000000E+00
* ELEM  2108  circle
 2, 291, 290
*
  1.0058400E+01, 1.1684000E+01, 4.6572824E-01, 0.0000000E+00
* ELEM  2109  circle
 2, 292, 291
*
  1.0058400E+01, 1.1684000E+01, 3.6819050E-01, 0.0000000E+00
* ELEM  2110  circle
 2, 307, 306
*
  8.4328000E+00, 1.1684000E+01, 5.2070000E-01, 0.0000000E+00
* ELEM  2111  circle
 2, 308, 307
*
  8.4328000E+00, 1.1684000E+01, 5.0751558E-01, 0.0000000E+00
* ELEM  2112  circle
 2, 309, 308
*
  8.4328000E+00, 1.1684000E+01, 4.6572824E-01, 0.0000000E+00
* ELEM  2113  circle
 2, 310, 309
*
  8.4328000E+00, 1.1684000E+01, 3.6819050E-01, 0.0000000E+00
* ELEM  2114  circle
 2, 325, 324
*
  6.8072000E+00, 1.1684000E+01, 5.2070000E-01, 0.0000000E+00
* ELEM  2115  circle
 2, 326, 325
*
  6.8072000E+00, 1.1684000E+01, 5.0751558E-01, 0.0000000E+00
* ELEM  2116  circle
 2, 327, 326
*
  6.8072000E+00, 1.1684000E+01, 4.6572824E-01, 0.0000000E+00
* ELEM  2117  circle
 2, 328, 327
*
  6.8072000E+00, 1.1684000E+01, 4.0333249E-01, 0.0000000E+00
* ELEM  2118  circle
 2, 329, 328
*
  6.8072000E+00, 1.1684000E+01, 3.2931960E-01, 0.0000000E+00
* ELEM  2119  circle
 2, 330, 329
*
  6.8072000E+00, 1.1684000E+01, 2.3286412E-01, 0.0000000E+00
* ELEM  2120  circle
 2, 345, 344
*
  5.1816000E+00, 1.1684000E+01, 5.2070000E-01, 0.0000000E+00
* ELEM  2121  circle
 2, 346, 345
*
  5.1816000E+00, 1.1684000E+01, 5.0751558E-01, 0.0000000E+00
* ELEM  2122  circle
 2, 347, 346
*
  5.1816000E+00, 1.1684000E+01, 4.6572824E-01, 0.0000000E+00
* ELEM  2123  circle
 2, 348, 347
*
  5.1816000E+00, 1.1684000E+01, 3.6819050E-01, 0.0000000E+00
* ELEM  2124  circle
 2, 363, 362
*
  3.5560000E+00, 1.1684000E+01, 5.2070000E-01, 0.0000000E+00
* ELEM  2125  circle
 2, 364, 363
*
  3.5560000E+00, 1.1684000E+01, 5.0751558E-01, 0.0000000E+00
* ELEM  2126  circle
 2, 365, 364
*
  3.5560000E+00, 1.1684000E+01, 4.6572824E-01, 0.0000000E+00
* ELEM  2127  circle
 2, 366, 365
*
  3.5560000E+00, 1.1684000E+01, 3.6819050E-01, 0.0000000E+00
* ELEM  2128  circle
 2, 381, 380
*
  1.9304000E+00, 1.1684000E+01, 5.2070000E-01, 0.0000000E+00
* ELEM  2129  circle
 2, 382, 381
*
  1.9304000E+00, 1.1684000E+01, 5.0751558E-01, 0.0000000E+00
* ELEM  2130  circle
 2, 383, 382
*
  1.9304000E+00, 1.1684000E+01, 4.6572824E-01, 0.0000000E+00
* ELEM  2131  circle
 2, 384, 383
*
  1.9304000E+00, 1.1684000E+01, 3.6819050E-01, 0.0000000E+00
* ELEM  2132  circle
 2, 399, 398
*
  1.3309600E+01, 1.0058400E+01, 5.2070000E-01, 0.0000000E+00
* ELEM  2133  circle
 2, 400, 399
*
  1.3309600E+01, 1.0058400E+01, 5.0751558E-01, 0.0000000E+00
* ELEM  2134  circle
 2, 401, 400
*
  1.3309600E+01, 1.0058400E+01, 4.6572824E-01, 0.0000000E+00
* ELEM  2135  circle
 2, 402, 401
*
  1.3309600E+01, 1.0058400E+01, 3.6819050E-01, 0.0000000E+00
* ELEM  2136  circle
 2, 417, 416
*
  1.1684000E+01, 1.0058400E+01, 5.2070000E-01, 0.0000000E+00
* ELEM  2137  circle
 2, 418, 417
*
  1.1684000E+01, 1.0058400E+01, 5.0751558E-01, 0.0000000E+00
* ELEM  2138  circle
 2, 419, 418
*
  1.1684000E+01, 1.0058400E+01, 4.6572824E-01, 0.0000000E+00
* ELEM  2139  circle
 2, 420, 419
*
  1.1684000E+01, 1.0058400E+01, 4.0333249E-01, 0.0000000E+00
* ELEM  2140  circle
 2, 421, 420
*
  1.1684000E+01, 1.0058400E+01, 3.2931960E-01, 0.0000000E+00
* ELEM  2141  circle
 2, 422, 421
*
  1.1684000E+01, 1.0058400E+01, 2.3286412E-01, 0.0000000E+00
* ELEM  2142  circle
 2, 437, 436
*
  1.0058400E+01, 1.0058400E+01, 5.2070000E-01, 0.0000000E+00
* ELEM  2143  circle
 2, 438, 437
*
  1.0058400E+01, 1.0058400E+01, 5.0751558E-01, 0.0000000E+00
* ELEM  2144  circle
 2, 439, 438
*
  1.0058400E+01, 1.0058400E+01, 4.6572824E-01, 0.0000000E+00
* ELEM  2145  circle
 2, 440, 439
*
  1.0058400E+01, 1.0058400E+01, 3.6819050E-01, 0.0000000E+00
* ELEM  2146  circle
 2, 455, 454
*
  8.4328000E+00, 1.0058400E+01, 5.2070000E-01, 0.0000000E+00
* ELEM  2147  circle
 2, 456, 455
*
  8.4328000E+00, 1.0058400E+01, 5.0751558E-01, 0.0000000E+00
* ELEM  2148  circle
 2, 457, 456
*
  8.4328000E+00, 1.0058400E+01, 4.6572824E-01, 0.0000000E+00
* ELEM  2149  circle
 2, 458, 457
*
  8.4328000E+00, 1.0058400E+01, 3.6819050E-01, 0.0000000E+00
* ELEM  2150  circle
 2, 473, 472
*
  6.8072000E+00, 1.0058400E+01, 5.2070000E-01, 0.0000000E+00
* ELEM  2151  circle
 2, 474, 473
*
  6.8072000E+00, 1.0058400E+01, 5.0751558E-01, 0.0000000E+00
* ELEM  2152  circle
 2, 475, 474
*
  6.8072000E+00, 1.0058400E+01, 4.6572824E-01, 0.0000000E+00
* ELEM  2153  circle
 2, 476, 475
*
  6.8072000E+00, 1.0058400E+01, 3.6819050E-01, 0.0000000E+00
* ELEM  2154  circle
 2, 491, 490
*
  5.1816000E+00, 1.0058400E+01, 5.2070000E-01, 0.0000000E+00
* ELEM  2155  circle
 2, 492, 491
*
  5.1816000E+00, 1.0058400E+01, 5.0751558E-01, 0.0000000E+00
* ELEM  2156  circle
 2, 493, 492
*
  5.1816000E+00, 1.0058400E+01, 4.6572824E-01, 0.0000000E+00
* ELEM  2157  circle
 2, 494, 493
*
  5.1816000E+00, 1.0058400E+01, 3.6819050E-01, 0.0000000E+00
* ELEM  2158  circle
 2, 509, 508
*
  3.5560000E+00, 1.0058400E+01, 5.2070000E-01, 0.0000000E+00
* ELEM  2159  circle
 2, 510, 509
*
  3.5560000E+00, 1.0058400E+01, 5.0751558E-01, 0.0000000E+00
* ELEM  2160  circle
 2, 511, 510
*
  3.5560000E+00, 1.0058400E+01, 4.6572824E-01, 0.0000000E+00
* ELEM  2161  circle
 2, 512, 511
*
  3.5560000E+00, 1.0058400E+01, 3.6819050E-01, 0.0000000E+00
* ELEM  2162  circle
 2, 527, 526
*
  1.9304000E+00, 1.0058400E+01, 5.2070000E-01, 0.0000000E+00
* ELEM  2163  circle
 2, 528, 527
*
  1.9304000E+00, 1.0058400E+01, 5.0751558E-01, 0.0000000E+00
* ELEM  2164  circle
 2, 529, 528
*
  1.9304000E+00, 1.0058400E+01, 4.6572824E-01, 0.0000000E+00
* ELEM  2165  circle
 2, 530, 529
*
  1.9304000E+00, 1.0058400E+01, 3.6819050E-01, 0.0000000E+00
* ELEM  2166  circle
 2, 545, 544
*
  1.3309600E+01, 8.4328000E+00, 5.2070000E-01, 0.0000000E+00
* ELEM  2167  circle
 2, 546, 545
*
  1.3309600E+01, 8.4328000E+00, 5.0751558E-01, 0.0000000E+00
* ELEM  2168  circle
 2, 547, 546
*
  1.3309600E+01, 8.4328000E+00, 4.6572824E-01, 0.0000000E+00
* ELEM  2169  circle
 2, 548, 547
*
  1.3309600E+01, 8.4328000E+00, 3.6819050E-01, 0.0000000E+00
* ELEM  2170  circle
 2, 563, 562
*
  1.1684000E+01, 8.4328000E+00, 5.2070000E-01, 0.0000000E+00
* ELEM  2171  circle
 2, 564, 563
*
  1.1684000E+01, 8.4328000E+00, 5.0751558E-01, 0.0000000E+00
* ELEM  2172  circle
 2, 565, 564
*
  1.1684000E+01, 8.4328000E+00, 4.6572824E-01, 0.0000000E+00
* ELEM  2173  circle
 2, 566, 565
*
  1.1684000E+01, 8.4328000E+00, 3.6819050E-01, 0.0000000E+00
* ELEM  2174  circle
 2, 581, 580
*
  1.0058400E+01, 8.4328000E+00, 5.2070000E-01, 0.0000000E+00
* ELEM  2175  circle
 2, 582, 581
*
  1.0058400E+01, 8.4328000E+00, 5.0751558E-01, 0.0000000E+00
* ELEM  2176  circle
 2, 583, 582
*
  1.0058400E+01, 8.4328000E+00, 4.6572824E-01, 0.0000000E+00
* ELEM  2177  circle
 2, 584, 583
*
  1.0058400E+01, 8.4328000E+00, 3.6819050E-01, 0.0000000E+00
* ELEM  2178  circle
 2, 599, 598
*
  6.8072000E+00, 8.4328000E+00, 5.2070000E-01, 0.0000000E+00
* ELEM  2179  circle
 2, 600, 599
*
  6.8072000E+00, 8.4328000E+00, 5.0751558E-01, 0.0000000E+00
* ELEM  2180  circle
 2, 601, 600
*
  6.8072000E+00, 8.4328000E+00, 4.6572824E-01, 0.0000000E+00
* ELEM  2181  circle
 2, 602, 601
*
  6.8072000E+00, 8.4328000E+00, 3.6819050E-01, 0.0000000E+00
* ELEM  2182  circle
 2, 617, 616
*
  5.1816000E+00, 8.4328000E+00, 5.2070000E-01, 0.0000000E+00
* ELEM  2183  circle
 2, 618, 617
*
  5.1816000E+00, 8.4328000E+00, 5.0751558E-01, 0.0000000E+00
* ELEM  2184  circle
 2, 619, 618
*
  5.1816000E+00, 8.4328000E+00, 4.6572824E-01, 0.0000000E+00
* ELEM  2185  circle
 2, 620, 619
*
  5.1816000E+00, 8.4328000E+00, 3.6819050E-01, 0.0000000E+00
* ELEM  2186  circle
 2, 635, 634
*
  3.5560000E+00, 8.4328000E+00, 5.2070000E-01, 0.0000000E+00
* ELEM  2187  circle
 2, 636, 635
*
  3.5560000E+00, 8.4328000E+00, 5.0751558E-01, 0.0000000E+00
* ELEM  2188  circle
 2, 637, 636
*
  3.5560000E+00, 8.4328000E+00, 4.6572824E-01, 0.0000000E+00
* ELEM  2189  circle
 2, 638, 637
*
  3.5560000E+00, 8.4328000E+00, 4.0333249E-01, 0.0000000E+00
* ELEM  2190  circle
 2, 639, 638
*
  3.5560000E+00, 8.4328000E+00, 3.2931960E-01, 0.0000000E+00
* ELEM  2191  circle
 2, 640, 639
*
  3.5560000E+00, 8.4328000E+00, 2.3286412E-01, 0.0000000E+00
* ELEM  2192  circle
 2, 655, 654
*
  1.9304000E+00, 8.4328000E+00, 5.2070000E-01, 0.0000000E+00
* ELEM  2193  circle
 2, 656, 655
*
  1.9304000E+00, 8.4328000E+00, 5.0751558E-01, 0.0000000E+00
* ELEM  2194  circle
 2, 657, 656
*
  1.9304000E+00, 8.4328000E+00, 4.6572824E-01, 0.0000000E+00
* ELEM  2195  circle
 2, 658, 657
*
  1.9304000E+00, 8.4328000E+00, 3.6819050E-01, 0.0000000E+00
* ELEM  2196  circle
 2, 673, 672
*
  1.3309600E+01, 6.8072000E+00, 5.2070000E-01, 0.0000000E+00
* ELEM  2197  circle
 2, 674, 673
*
  1.3309600E+01, 6.8072000E+00, 5.0751558E-01, 0.0000000E+00
* ELEM  2198  circle
 2, 675, 674
*
  1.3309600E+01, 6.8072000E+00, 4.6572824E-01, 0.0000000E+00
* ELEM  2199  circle
 2, 676, 675
*
  1.3309600E+01, 6.8072000E+00, 3.6819050E-01, 0.0000000E+00
* ELEM  2200  circle
 2, 691, 690
*
  1.1684000E+01, 6.8072000E+00, 5.2070000E-01, 0.0000000E+00
* ELEM  2201  circle
 2, 692, 691
*
  1.1684000E+01, 6.8072000E+00, 5.0751558E-01, 0.0000000E+00
* ELEM  2202  circle
 2, 693, 692
*
  1.1684000E+01, 6.8072000E+00, 4.6572824E-01, 0.0000000E+00
* ELEM  2203  circle
 2, 694, 693
*
  1.1684000E+01, 6.8072000E+00, 3.6819050E-01, 0.0000000E+00
* ELEM  2204  circle
 2, 709, 708
*
  1.0058400E+01, 6.8072000E+00, 5.2070000E-01, 0.0000000E+00
* ELEM  2205  circle
 2, 710, 709
*
  1.0058400E+01, 6.8072000E+00, 5.0751558E-01, 0.0000000E+00
* ELEM  2206  circle
 2, 711, 710
*
  1.0058400E+01, 6.8072000E+00, 4.6572824E-01, 0.0000000E+00
* ELEM  2207  circle
 2, 712, 711
*
  1.0058400E+01, 6.8072000E+00, 3.6819050E-01, 0.0000000E+00
* ELEM  2208  circle
 2, 727, 726
*
  8.4328000E+00, 6.8072000E+00, 5.2070000E-01, 0.0000000E+00
* ELEM  2209  circle
 2, 728, 727
*
  8.4328000E+00, 6.8072000E+00, 5.0751558E-01, 0.0000000E+00
* ELEM  2210  circle
 2, 729, 728
*
  8.4328000E+00, 6.8072000E+00, 4.6572824E-01, 0.0000000E+00
* ELEM  2211  circle
 2, 730, 729
*
  8.4328000E+00, 6.8072000E+00, 3.6819050E-01, 0.0000000E+00
* ELEM  2212  circle
 2, 745, 744
*
  5.1816000E+00, 6.8072000E+00, 5.2070000E-01, 0.0000000E+00
* ELEM  2213  circle
 2, 746, 745
*
  5.1816000E+00, 6.8072000E+00, 5.0751558E-01, 0.0000000E+00
* ELEM  2214  circle
 2, 747, 746
*
  5.1816000E+00, 6.8072000E+00, 4.6572824E-01, 0.0000000E+00
* ELEM  2215  circle
 2, 748, 747
*
  5.1816000E+00, 6.8072000E+00, 3.6819050E-01, 0.0000000E+00
* ELEM  2216  circle
 2, 763, 762
*
  3.5560000E+00, 6.8072000E+00, 5.2070000E-01, 0.0000000E+00
* ELEM  2217  circle
 2, 764, 763
*
  3.5560000E+00, 6.8072000E+00, 5.0751558E-01, 0.0000000E+00
* ELEM  2218  circle
 2, 765, 764
*
  3.5560000E+00, 6.8072000E+00, 4.6572824E-01, 0.0000000E+00
* ELEM  2219  circle
 2, 766, 765
*
  3.5560000E+00, 6.8072000E+00, 3.6819050E-01, 0.0000000E+00
* ELEM  2220  circle
 2, 781, 780
*
  1.9304000E+00, 6.8072000E+00, 5.2070000E-01, 0.0000000E+00
* ELEM  2221  circle
 2, 782, 781
*
  1.9304000E+00, 6.8072000E+00, 5.0751558E-01, 0.0000000E+00
* ELEM  2222  circle
 2, 783, 782
*
  1.9304000E+00, 6.8072000E+00, 4.6572824E-01, 0.0000000E+00
* ELEM  2223  circle
 2, 784, 783
*
  1.9304000E+00, 6.8072000E+00, 3.6819050E-01, 0.0000000E+00
* ELEM  2224  circle
 2, 799, 798
*
  1.3309600E+01, 5.1816000E+00, 5.2070000E-01, 0.0000000E+00
* ELEM  2225  circle
 2, 800, 799
*
  1.3309600E+01, 5.1816000E+00, 5.0751558E-01, 0.0000000E+00
* ELEM  2226  circle
 2, 801, 800
*
  1.3309600E+01, 5.1816000E+00, 4.6572824E-01, 0.0000000E+00
* ELEM  2227  circle
 2, 802, 801
*
  1.3309600E+01, 5.1816000E+00, 3.6819050E-01, 0.0000000E+00
* ELEM  2228  circle
 2, 817, 816
*
  1.1684000E+01, 5.1816000E+00, 5.2070000E-01, 0.0000000E+00
* ELEM  2229  circle
 2, 818, 817
*
  1.1684000E+01, 5.1816000E+00, 5.0751558E-01, 0.0000000E+00
* ELEM  2230  circle
 2, 819, 818
*
  1.1684000E+01, 5.1816000E+00, 4.6572824E-01, 0.0000000E+00
* ELEM  2231  circle
 2, 820, 819
*
  1.1684000E+01, 5.1816000E+00, 3.6819050E-01, 0.0000000E+00
* ELEM  2232  circle
 2, 835, 834
*
  1.0058400E+01, 5.1816000E+00, 5.2070000E-01, 0.0000000E+00
* ELEM  2233  circle
 2, 836, 835
*
  1.0058400E+01, 5.1816000E+00, 5.0751558E-01, 0.0000000E+00
* ELEM  2234  circle
 2, 837, 836
*
  1.0058400E+01, 5.1816000E+00, 4.6572824E-01, 0.0000000E+00
* ELEM  2235  circle
 2, 838, 837
*
  1.0058400E+01, 5.1816000E+00, 3.6819050E-01, 0.0000000E+00
* ELEM  2236  circle
 2, 853, 852
*
  8.4328000E+00, 5.1816000E+00, 5.2070000E-01, 0.0000000E+00
* ELEM  2237  circle
 2, 854, 853
*
  8.4328000E+00, 5.1816000E+00, 5.0751558E-01, 0.0000000E+00
* ELEM  2238  circle
 2, 855, 854
*
  8.4328000E+00, 5.1816000E+00, 4.6572824E-01, 0.0000000E+00
* ELEM  2239  circle
 2, 856, 855
*
  8.4328000E+00, 5.1816000E+00, 3.6819050E-01, 0.0000000E+00
* ELEM  2240  circle
 2, 871, 870
*
  6.8072000E+00, 5.1816000E+00, 5.2070000E-01, 0.0000000E+00
* ELEM  2241  circle
 2, 872, 871
*
  6.8072000E+00, 5.1816000E+00, 5.0751558E-01, 0.0000000E+00
* ELEM  2242  circle
 2, 873, 872
*
  6.8072000E+00, 5.1816000E+00, 4.6572824E-01, 0.0000000E+00
* ELEM  2243  circle
 2, 874, 873
*
  6.8072000E+00, 5.1816000E+00, 3.6819050E-01, 0.0000000E+00
* ELEM  2244  circle
 2, 889, 888
*
  5.1816000E+00, 5.1816000E+00, 5.2070000E-01, 0.0000000E+00
* ELEM  2245  circle
 2, 890, 889
*
  5.1816000E+00, 5.1816000E+00, 5.0751558E-01, 0.0000000E+00
* ELEM  2246  circle
 2, 891, 890
*
  5.1816000E+00, 5.1816000E+00, 4.6572824E-01, 0.0000000E+00
* ELEM  2247  circle
 2, 892, 891
*
  5.1816000E+00, 5.1816000E+00, 3.6819050E-01, 0.0000000E+00
* ELEM  2248  circle
 2, 907, 906
*
  3.5560000E+00, 5.1816000E+00, 5.2070000E-01, 0.0000000E+00
* ELEM  2249  circle
 2, 908, 907
*
  3.5560000E+00, 5.1816000E+00, 5.0751558E-01, 0.0000000E+00
* ELEM  2250  circle
 2, 909, 908
*
  3.5560000E+00, 5.1816000E+00, 4.6572824E-01, 0.0000000E+00
* ELEM  2251  circle
 2, 910, 909
*
  3.5560000E+00, 5.1816000E+00, 3.6819050E-01, 0.0000000E+00
* ELEM  2252  circle
 2, 925, 924
*
  1.9304000E+00, 5.1816000E+00, 5.2070000E-01, 0.0000000E+00
* ELEM  2253  circle
 2, 926, 925
*
  1.9304000E+00, 5.1816000E+00, 5.0751558E-01, 0.0000000E+00
* ELEM  2254  circle
 2, 927, 926
*
  1.9304000E+00, 5.1816000E+00, 4.6572824E-01, 0.0000000E+00
* ELEM  2255  circle
 2, 928, 927
*
  1.9304000E+00, 5.1816000E+00, 3.6819050E-01, 0.0000000E+00
* ELEM  2256  circle
 2, 943, 942
*
  1.3309600E+01, 3.5560000E+00, 5.2070000E-01, 0.0000000E+00
* ELEM  2257  circle
 2, 944, 943
*
  1.3309600E+01, 3.5560000E+00, 5.0751558E-01, 0.0000000E+00
* ELEM  2258  circle
 2, 945, 944
*
  1.3309600E+01, 3.5560000E+00, 4.6572824E-01, 0.0000000E+00
* ELEM  2259  circle
 2, 946, 945
*
  1.3309600E+01, 3.5560000E+00, 3.6819050E-01, 0.0000000E+00
* ELEM  2260  circle
 2, 961, 960
*
  1.1684000E+01, 3.5560000E+00, 5.2070000E-01, 0.0000000E+00
* ELEM  2261  circle
 2, 962, 961
*
  1.1684000E+01, 3.5560000E+00, 5.0751558E-01, 0.0000000E+00
* ELEM  2262  circle
 2, 963, 962
*
  1.1684000E+01, 3.5560000E+00, 4.6572824E-01, 0.0000000E+00
* ELEM  2263  circle
 2, 964, 963
*
  1.1684000E+01, 3.5560000E+00, 4.0333249E-01, 0.0000000E+00
* ELEM  2264  circle
 2, 965, 964
*
  1.1684000E+01, 3.5560000E+00, 3.2931960E-01, 0.0000000E+00
* ELEM  2265  circle
 2, 966, 965
*
  1.1684000E+01, 3.5560000E+00, 2.3286412E-01, 0.0000000E+00
* ELEM  2266  circle
 2, 981, 980
*
  1.0058400E+01, 3.5560000E+00, 5.2070000E-01, 0.0000000E+00
* ELEM  2267  circle
 2, 982, 981
*
  1.0058400E+01, 3.5560000E+00, 5.0751558E-01, 0.0000000E+00
* ELEM  2268  circle
 2, 983, 982
*
  1.0058400E+01, 3.5560000E+00, 4.6572824E-01, 0.0000000E+00
* ELEM  2269  circle
 2, 984, 983
*
  1.0058400E+01, 3.5560000E+00, 3.6819050E-01, 0.0000000E+00
* ELEM  2270  circle
 2, 999, 998
*
  8.4328000E+00, 3.5560000E+00, 5.2070000E-01, 0.0000000E+00
* ELEM  2271  circle
 2, 1000, 999
*
  8.4328000E+00, 3.5560000E+00, 5.0751558E-01, 0.0000000E+00
* ELEM  2272  circle
 2, 1001, 1000
*
  8.4328000E+00, 3.5560000E+00, 4.6572824E-01, 0.0000000E+00
* ELEM  2273  circle
 2, 1002, 1001
*
  8.4328000E+00, 3.5560000E+00, 3.6819050E-01, 0.0000000E+00
* ELEM  2274  circle
 2, 1017, 1016
*
  6.8072000E+00, 3.5560000E+00, 5.2070000E-01, 0.0000000E+00
* ELEM  2275  circle
 2, 1018, 1017
*
  6.8072000E+00, 3.5560000E+00, 5.0751558E-01, 0.0000000E+00
* ELEM  2276  circle
 2, 1019, 1018
*
  6.8072000E+00, 3.5560000E+00, 4.6572824E-01, 0.0000000E+00
* ELEM  2277  circle
 2, 1020, 1019
*
  6.8072000E+00, 3.5560000E+00, 3.6819050E-01, 0.0000000E+00
* ELEM  2278  circle
 2, 1035, 1034
*
  3.5560000E+00, 3.5560000E+00, 5.2070000E-01, 0.0000000E+00
* ELEM  2279  circle
 2, 1036, 1035
*
  3.5560000E+00, 3.5560000E+00, 5.0751558E-01, 0.0000000E+00
* ELEM  2280  circle
 2, 1037, 1036
*
  3.5560000E+00, 3.5560000E+00, 4.6572824E-01, 0.0000000E+00
* ELEM  2281  circle
 2, 1038, 1037
*
  3.5560000E+00, 3.5560000E+00, 3.6819050E-01, 0.0000000E+00
* ELEM  2282  circle
 2, 1053, 1052
*
  1.9304000E+00, 3.5560000E+00, 5.2070000E-01, 0.0000000E+00
* ELEM  2283  circle
 2, 1054, 1053
*
  1.9304000E+00, 3.5560000E+00, 5.0751558E-01, 0.0000000E+00
* ELEM  2284  circle
 2, 1055, 1054
*
  1.9304000E+00, 3.5560000E+00, 4.6572824E-01, 0.0000000E+00
* ELEM  2285  circle
 2, 1056, 1055
*
  1.9304000E+00, 3.5560000E+00, 3.6819050E-01, 0.0000000E+00
* ELEM  2286  circle
 2, 1071, 1070
*
  1.3309600E+01, 1.9304000E+00, 5.2070000E-01, 0.0000000E+00
* ELEM  2287  circle
 2, 1072, 1071
*
  1.3309600E+01, 1.9304000E+00, 5.0751558E-01, 0.0000000E+00
* ELEM  2288  circle
 2, 1073, 1072
*
  1.3309600E+01, 1.9304000E+00, 4.6572824E-01, 0.0000000E+00
* ELEM  2289  circle
 2, 1074, 1073
*
  1.3309600E+01, 1.9304000E+00, 3.6819050E-01, 0.0000000E+00
* ELEM  2290  circle
 2, 1089, 1088
*
  1.1684000E+01, 1.9304000E+00, 5.2070000E-01, 0.0000000E+00
* ELEM  2291  circle
 2, 1090, 1089
*
  1.1684000E+01, 1.9304000E+00, 5.0751558E-01, 0.0000000E+00
* ELEM  2292  circle
 2, 1091, 1090
*
  1.1684000E+01, 1.9304000E+00, 4.6572824E-01, 0.0000000E+00
* ELEM  2293  circle
 2, 1092, 1091
*
  1.1684000E+01, 1.9304000E+00, 3.6819050E-01, 0.0000000E+00
* ELEM  2294  circle
 2, 1107, 1106
*
  1.0058400E+01, 1.9304000E+00, 5.2070000E-01, 0.0000000E+00
* ELEM  2295  circle
 2, 1108, 1107
*
  1.0058400E+01, 1.9304000E+00, 5.0751558E-01, 0.0000000E+00
* ELEM  2296  circle
 2, 1109, 1108
*
  1.0058400E+01, 1.9304000E+00, 4.6572824E-01, 0.0000000E+00
* ELEM  2297  circle
 2, 1110, 1109
*
  1.0058400E+01, 1.9304000E+00, 3.6819050E-01, 0.0000000E+00
* ELEM  2298  circle
 2, 1125, 1124
*
  8.4328000E+00, 1.9304000E+00, 5.2070000E-01, 0.0000000E+00
* ELEM  2299  circle
 2, 1126, 1125
*
  8.4328000E+00, 1.9304000E+00, 5.0751558E-01, 0.0000000E+00
* ELEM  2300  circle
 2, 1127, 1126
*
  8.4328000E+00, 1.9304000E+00, 4.6572824E-01, 0.0000000E+00
* ELEM  2301  circle
 2, 1128, 1127
*
  8.4328000E+00, 1.9304000E+00, 3.6819050E-01, 0.0000000E+00
* ELEM  2302  circle
 2, 1143, 1142
*
  6.8072000E+00, 1.9304000E+00, 5.2070000E-01, 0.0000000E+00
* ELEM  2303  circle
 2, 1144, 1143
*
  6.8072000E+00, 1.9304000E+00, 5.0751558E-01, 0.0000000E+00
* ELEM  2304  circle
 2, 1145, 1144
*
  6.8072000E+00, 1.9304000E+00, 4.6572824E-01, 0.0000000E+00
* ELEM  2305  circle
 2, 1146, 1145
*
  6.8072000E+00, 1.9304000E+00, 3.6819050E-01, 0.0000000E+00
* ELEM  2306  line segment
 1, 1231, 1235
*
  1.1176000E+00, 4.3688000E+00, -2.0066000E-01, 0.0000000E+00
* ELEM  2307  line segment
 1, 1232, 1245
*
  2.7432000E+00, 9.1694000E-01, 0.0000000E+00, 2.0066000E-01
* ELEM  2308  line segment
 1, 1224, 1231
*
  1.1176000E+00, 5.9944000E+00, -2.0066000E-01, 0.0000000E+00
* ELEM  2309  line segment
 1, 1236, 1232
*
  4.3688000E+00, 9.1694000E-01, 0.0000000E+00, 2.0066000E-01
* ELEM  2310  line segment
 1, 1225, 1224
*
  1.1176000E+00, 7.6200000E+00, -2.0066000E-01, 0.0000000E+00
* ELEM  2311  line segment
 1, 1229, 1236
*
  5.9944000E+00, 9.1694000E-01, 0.0000000E+00, 2.0066000E-01
* ELEM  2312  line segment
 1, 1238, 1225
*
  1.1176000E+00, 9.2456000E+00, -2.0066000E-01, 0.0000000E+00
* ELEM  2313  line segment
 1, 1222, 1229
*
  7.6200000E+00, 9.1694000E-01, 0.0000000E+00, 2.0066000E-01
* ELEM  2314  line segment
 1, 1226, 1238
*
  1.1176000E+00, 1.0871200E+01, -2.0066000E-01, 0.0000000E+00
* ELEM  2315  line segment
 1, 1237, 1222
*
  9.2456000E+00, 9.1694000E-01, 0.0000000E+00, 2.0066000E-01
* ELEM  2316  line segment
 1, 1244, 1226
*
  1.1176000E+00, 1.2496800E+01, -2.0066000E-01, 0.0000000E+00
* ELEM  2317  line segment
 1, 1223, 1237
*
  1.0871200E+01, 9.1694000E-01, 0.0000000E+00, 2.0066000E-01
* ELEM  2318  line segment
 1, 1241, 1223
*
  1.2496800E+01, 9.1694000E-01, 0.0000000E+00, 2.0066000E-01
* ELEM  2319  line segment
 1, 1228, 1243
*
  2.7432000E+00, 1.4122400E+01, 0.0000000E+00, 2.0066000E-01
* ELEM  2320  line segment
 1, 1227, 1242
*
  1.4323060E+01, 2.7432000E+00, -2.0066000E-01, 0.0000000E+00
* ELEM  2321  line segment
 1, 1221, 1228
*
  4.3688000E+00, 1.4122400E+01, 0.0000000E+00, 2.0066000E-01
* ELEM  2322  line segment
 1, 1230, 1227
*
  1.4323060E+01, 4.3688000E+00, -2.0066000E-01, 0.0000000E+00
* ELEM  2323  line segment
 1, 1217, 1221
*
  5.9944000E+00, 1.4122400E+01, 0.0000000E+00, 2.0066000E-01
* ELEM  2324  line segment
 1, 1220, 1230
*
  1.4323060E+01, 5.9944000E+00, -2.0066000E-01, 0.0000000E+00
* ELEM  2325  line segment
 1, 1218, 1217
*
  7.6200000E+00, 1.4122400E+01, 0.0000000E+00, 2.0066000E-01
* ELEM  2326  line segment
 1, 1215, 1220
*
  1.4323060E+01, 7.6200000E+00, -2.0066000E-01, 0.0000000E+00
* ELEM  2327  line segment
 1, 1234, 1218
*
  9.2456000E+00, 1.4122400E+01, 0.0000000E+00, 2.0066000E-01
* ELEM  2328  line segment
 1, 1233, 1215
*
  1.4323060E+01, 9.2456000E+00, -2.0066000E-01, 0.0000000E+00
* ELEM  2329  line segment
 1, 1219, 1234
*
  1.0871200E+01, 1.4122400E+01, 0.0000000E+00, 2.0066000E-01
* ELEM  2330  line segment
 1, 1216, 1233
*
  1.4323060E+01, 1.0871200E+01, -2.0066000E-01, 0.0000000E+00
* ELEM  2331  line segment
 1, 1240, 1219
*
  1.2496800E+01, 1.4122400E+01, 0.0000000E+00, 2.0066000E-01
* ELEM  2332  line segment
 1, 1239, 1216
*
  1.4323060E+01, 1.2496800E+01, -2.0066000E-01, 0.0000000E+00
* boundaries conditions: defaul nbbcda allsur
  0, 0, 0
* albedo
  1.0
#  1 - COOLANT
#  2 - CLAD
#  3 - MODERATOR
#  4 - GAP
#  5 - UOX145_zone_4_pin_35
#  6 - UOX145_zone_3_pin_35
#  7 - UOX145_zone_2_pin_35
#  8 - UOX145_zone_1_pin_35
#  9 - UOX301G2_zone_6_pin_11
# 10 - UOX301G2_zone_5_pin_11
# 11 - UOX301G2_zone_4_pin_11
# 12 - UOX301G2_zone_3_pin_11
# 13 - UOX301G2_zone_2_pin_11
# 14 - UOX301G2_zone_1_pin_11
# 15 - UOX301_zone_4_pin_3
# 16 - UOX301_zone_3_pin_3
# 17 - UOX301_zone_2_pin_3
# 18 - UOX301_zone_1_pin_3
# 19 - UOX222_zone_4_pin_2
# 20 - UOX222_zone_3_pin_2
# 21 - UOX222_zone_2_pin_2
# 22 - UOX222_zone_1_pin_2
# 23 - UOX187_zone_4_pin_1
# 24 - UOX187_zone_3_pin_1
# 25 - UOX187_zone_2_pin_1
# 26 - UOX187_zone_1_pin_1
# 27 - UOX222_zone_4_pin_9
# 28 - UOX222_zone_3_pin_9
# 29 - UOX222_zone_2_pin_9
# 30 - UOX222_zone_1_pin_9
# 31 - UOX222_zone_4_pin_16
# 32 - UOX222_zone_3_pin_16
# 33 - UOX222_zone_2_pin_16
# 34 - UOX222_zone_1_pin_16
# 35 - UOX222_zone_4_pin_22
# 36 - UOX222_zone_3_pin_22
# 37 - UOX222_zone_2_pin_22
# 38 - UOX222_zone_1_pin_22
# 39 - UOX222_zone_4_pin_26
# 40 - UOX222_zone_3_pin_26
# 41 - UOX222_zone_2_pin_26
# 42 - UOX222_zone_1_pin_26
# 43 - UOX222_zone_4_pin_30
# 44 - UOX222_zone_3_pin_30
# 45 - UOX222_zone_2_pin_30
# 46 - UOX222_zone_1_pin_30
# 47 - UOX187_zone_4_pin_33
# 48 - UOX187_zone_3_pin_33
# 49 - UOX187_zone_2_pin_33
# 50 - UOX187_zone_1_pin_33
# 51 - UOX301_zone_4_pin_10
# 52 - UOX301_zone_3_pin_10
# 53 - UOX301_zone_2_pin_10
# 54 - UOX301_zone_1_pin_10
# 55 - UOX301_zone_4_pin_17
# 56 - UOX301_zone_3_pin_17
# 57 - UOX301_zone_2_pin_17
# 58 - UOX301_zone_1_pin_17
# 59 - UOX301_zone_4_pin_23
# 60 - UOX301_zone_3_pin_23
# 61 - UOX301_zone_2_pin_23
# 62 - UOX301_zone_1_pin_23
# 63 - UOX301G2_zone_6_pin_27
# 64 - UOX301G2_zone_5_pin_27
# 65 - UOX301G2_zone_4_pin_27
# 66 - UOX301G2_zone_3_pin_27
# 67 - UOX301G2_zone_2_pin_27
# 68 - UOX301G2_zone_1_pin_27
# 69 - UOX301_zone_4_pin_31
# 70 - UOX301_zone_3_pin_31
# 71 - UOX301_zone_2_pin_31
# 72 - UOX301_zone_1_pin_31
# 73 - UOX222_zone_4_pin_34
# 74 - UOX222_zone_3_pin_34
# 75 - UOX222_zone_2_pin_34
# 76 - UOX222_zone_1_pin_34
# 77 - UOX301_zone_4_pin_18
# 78 - UOX301_zone_3_pin_18
# 79 - UOX301_zone_2_pin_18
# 80 - UOX301_zone_1_pin_18
# 81 - UOX301_zone_4_pin_24
# 82 - UOX301_zone_3_pin_24
# 83 - UOX301_zone_2_pin_24
# 84 - UOX301_zone_1_pin_24
# 85 - UOX301_zone_4_pin_28
# 86 - UOX301_zone_3_pin_28
# 87 - UOX301_zone_2_pin_28
# 88 - UOX301_zone_1_pin_28
# 89 - UOX301_zone_4_pin_32
# 90 - UOX301_zone_3_pin_32
# 91 - UOX301_zone_2_pin_32
# 92 - UOX301_zone_1_pin_32
# 93 - UOX301_zone_4_pin_4
# 94 - UOX301_zone_3_pin_4
# 95 - UOX301_zone_2_pin_4
# 96 - UOX301_zone_1_pin_4
# 97 - UOX301_zone_4_pin_12
# 98 - UOX301_zone_3_pin_12
# 99 - UOX301_zone_2_pin_12
# 100 - UOX301_zone_1_pin_12
# 101 - UOX301_zone_4_pin_19
# 102 - UOX301_zone_3_pin_19
# 103 - UOX301_zone_2_pin_19
# 104 - UOX301_zone_1_pin_19
# 105 - UOX301_zone_4_pin_29
# 106 - UOX301_zone_3_pin_29
# 107 - UOX301_zone_2_pin_29
# 108 - UOX301_zone_1_pin_29
# 109 - UOX301_zone_4_pin_5
# 110 - UOX301_zone_3_pin_5
# 111 - UOX301_zone_2_pin_5
# 112 - UOX301_zone_1_pin_5
# 113 - UOX301_zone_4_pin_13
# 114 - UOX301_zone_3_pin_13
# 115 - UOX301_zone_2_pin_13
# 116 - UOX301_zone_1_pin_13
# 117 - UOX301_zone_4_pin_20
# 118 - UOX301_zone_3_pin_20
# 119 - UOX301_zone_2_pin_20
# 120 - UOX301_zone_1_pin_20
# 121 - UOX301_zone_4_pin_25
# 122 - UOX301_zone_3_pin_25
# 123 - UOX301_zone_2_pin_25
# 124 - UOX301_zone_1_pin_25
# 125 - UOX301_zone_4_pin_6
# 126 - UOX301_zone_3_pin_6
# 127 - UOX301_zone_2_pin_6
# 128 - UOX301_zone_1_pin_6
# 129 - UOX301_zone_4_pin_14
# 130 - UOX301_zone_3_pin_14
# 131 - UOX301_zone_2_pin_14
# 132 - UOX301_zone_1_pin_14
# 133 - UOX301_zone_4_pin_21
# 134 - UOX301_zone_3_pin_21
# 135 - UOX301_zone_2_pin_21
# 136 - UOX301_zone_1_pin_21
# 137 - UOX301_zone_4_pin_7
# 138 - UOX301_zone_3_pin_7
# 139 - UOX301_zone_2_pin_7
# 140 - UOX301_zone_1_pin_7
# 141 - UOX301G2_zone_6_pin_15
# 142 - UOX301G2_zone_5_pin_15
# 143 - UOX301G2_zone_4_pin_15
# 144 - UOX301G2_zone_3_pin_15
# 145 - UOX301G2_zone_2_pin_15
# 146 - UOX301G2_zone_1_pin_15
# 147 - UOX222_zone_4_pin_8
# 148 - UOX222_zone_3_pin_8
# 149 - UOX222_zone_2_pin_8
# 150 - UOX222_zone_1_pin_8
# 151 - CHANNEL_BOX
* medium number per region
  1
  1
  1
  1
  1
  1
  1
  1
  2
  3
  1
  1
  1
  1
  1
  1
  1
  1
  2
  3
  1
  1
  1
  1
  1
  1
  1
  1
  1
  1
  1
  1
  2
  4
  5
  6
  7
  8
  1
  1
  1
  1
  1
  1
  1
  1
  1
  1
  1
  1
  2
  4
  9
  10
  11
  12
  13
  14
  1
  1
  1
  1
  1
  1
  1
  1
  1
  1
  1
  1
  2
  4
  15
  16
  17
  18
  1
  1
  1
  1
  1
  1
  1
  1
  1
  1
  1
  1
  2
  4
  19
  20
  21
  22
  1
  1
  1
  1
  1
  1
  1
  1
  1
  1
  1
  1
  2
  4
  23
  24
  25
  26
  1
  1
  1
  1
  1
  1
  1
  1
  1
  1
  1
  1
  2
  4
  23
  24
  25
  26
  1
  1
  1
  1
  1
  1
  1
  1
  1
  1
  1
  1
  2
  4
  27
  28
  29
  30
  1
  1
  1
  1
  1
  1
  1
  1
  1
  1
  1
  1
  2
  4
  31
  32
  33
  34
  1
  1
  1
  1
  1
  1
  1
  1
  1
  1
  1
  1
  2
  4
  35
  36
  37
  38
  1
  1
  1
  1
  1
  1
  1
  1
  1
  1
  1
  1
  2
  4
  39
  40
  41
  42
  1
  1
  1
  1
  1
  1
  1
  1
  1
  1
  1
  1
  2
  4
  43
  44
  45
  46
  1
  1
  1
  1
  1
  1
  1
  1
  1
  1
  1
  1
  2
  4
  47
  48
  49
  50
  1
  1
  1
  1
  1
  1
  1
  1
  1
  1
  1
  1
  2
  4
  19
  20
  21
  22
  1
  1
  1
  1
  1
  1
  1
  1
  1
  1
  1
  1
  2
  4
  51
  52
  53
  54
  1
  1
  1
  1
  1
  1
  1
  1
  1
  1
  1
  1
  2
  4
  55
  56
  57
  58
  1
  1
  1
  1
  1
  1
  1
  1
  1
  1
  1
  1
  2
  4
  59
  60
  61
  62
  1
  1
  1
  1
  1
  1
  1
  1
  1
  1
  1
  1
  2
  4
  63
  64
  65
  66
  67
  68
  1
  1
  1
  1
  1
  1
  1
  1
  1
  1
  1
  1
  2
  4
  69
  70
  71
  72
  1
  1
  1
  1
  1
  1
  1
  1
  1
  1
  1
  1
  2
  4
  73
  74
  75
  76
  1
  1
  1
  1
  1
  1
  1
  1
  1
  1
  1
  1
  2
  4
  47
  48
  49
  50
  1
  1
  1
  1
  1
  1
  1
  1
  1
  1
  1
  1
  2
  4
  15
  16
  17
  18
  1
  1
  1
  1
  1
  1
  1
  1
  1
  1
  1
  1
  2
  4
  9
  10
  11
  12
  13
  14
  1
  1
  1
  1
  1
  1
  1
  1
  1
  1
  1
  1
  2
  4
  77
  78
  79
  80
  1
  1
  1
  1
  1
  1
  1
  1
  1
  1
  1
  1
  2
  4
  81
  82
  83
  84
  1
  1
  1
  1
  1
  1
  1
  1
  1
  1
  1
  1
  2
  4
  85
  86
  87
  88
  1
  1
  1
  1
  1
  1
  1
  1
  1
  1
  1
  1
  2
  4
  89
  90
  91
  92
  1
  1
  1
  1
  1
  1
  1
  1
  1
  1
  1
  1
  2
  4
  69
  70
  71
  72
  1
  1
  1
  1
  1
  1
  1
  1
  1
  1
  1
  1
  2
  4
  43
  44
  45
  46
  1
  1
  1
  1
  1
  1
  1
  1
  1
  1
  1
  1
  2
  4
  93
  94
  95
  96
  1
  1
  1
  1
  1
  1
  1
  1
  1
  1
  1
  1
  2
  4
  97
  98
  99
  100
  1
  1
  1
  1
  1
  1
  1
  1
  1
  1
  1
  1
  2
  4
  101
  102
  103
  104
  1
  1
  1
  1
  1
  1
  1
  1
  1
  1
  1
  1
  2
  4
  105
  106
  107
  108
  1
  1
  1
  1
  1
  1
  1
  1
  1
  1
  1
  1
  2
  4
  85
  86
  87
  88
  1
  1
  1
  1
  1
  1
  1
  1
  1
  1
  1
  1
  2
  4
  63
  64
  65
  66
  67
  68
  1
  1
  1
  1
  1
  1
  1
  1
  1
  1
  1
  1
  2
  4
  39
  40
  41
  42
  1
  1
  1
  1
  1
  1
  1
  1
  1
  1
  1
  1
  2
  4
  109
  110
  111
  112
  1
  1
  1
  1
  1
  1
  1
  1
  1
  1
  1
  1
  2
  4
  113
  114
  115
  116
  1
  1
  1
  1
  1
  1
  1
  1
  1
  1
  1
  1
  2
  4
  117
  118
  119
  120
  1
  1
  1
  1
  1
  1
  1
  1
  1
  1
  1
  1
  2
  4
  121
  122
  123
  124
  1
  1
  1
  1
  1
  1
  1
  1
  1
  1
  1
  1
  2
  4
  81
  82
  83
  84
  1
  1
  1
  1
  1
  1
  1
  1
  1
  1
  1
  1
  2
  4
  59
  60
  61
  62
  1
  1
  1
  1
  1
  1
  1
  1
  1
  1
  1
  1
  2
  4
  35
  36
  37
  38
  1
  1
  1
  1
  1
  1
  1
  1
  1
  1
  1
  1
  2
  4
  125
  126
  127
  128
  1
  1
  1
  1
  1
  1
  1
  1
  1
  1
  1
  1
  2
  4
  129
  130
  131
  132
  1
  1
  1
  1
  1
  1
  1
  1
  1
  1
  1
  1
  2
  4
  133
  134
  135
  136
  1
  1
  1
  1
  1
  1
  1
  1
  1
  1
  1
  1
  2
  4
  117
  118
  119
  120
  1
  1
  1
  1
  1
  1
  1
  1
  1
  1
  1
  1
  2
  4
  101
  102
  103
  104
  1
  1
  1
  1
  1
  1
  1
  1
  1
  1
  1
  1
  2
  4
  77
  78
  79
  80
  1
  1
  1
  1
  1
  1
  1
  1
  1
  1
  1
  1
  2
  4
  55
  56
  57
  58
  1
  1
  1
  1
  1
  1
  1
  1
  1
  1
  1
  1
  2
  4
  31
  32
  33
  34
  1
  1
  1
  1
  1
  1
  1
  1
  1
  1
  1
  1
  2
  4
  137
  138
  139
  140
  1
  1
  1
  1
  1
  1
  1
  1
  1
  1
  1
  1
  2
  4
  141
  142
  143
  144
  145
  146
  1
  1
  1
  1
  1
  1
  1
  1
  1
  1
  1
  1
  2
  4
  129
  130
  131
  132
  1
  1
  1
  1
  1
  1
  1
  1
  1
  1
  1
  1
  2
  4
  113
  114
  115
  116
  1
  1
  1
  1
  1
  1
  1
  1
  1
  1
  1
  1
  2
  4
  97
  98
  99
  100
  1
  1
  1
  1
  1
  1
  1
  1
  1
  1
  1
  1
  2
  4
  51
  52
  53
  54
  1
  1
  1
  1
  1
  1
  1
  1
  1
  1
  1
  1
  2
  4
  27
  28
  29
  30
  1
  1
  1
  1
  1
  1
  1
  1
  1
  1
  1
  1
  2
  4
  147
  148
  149
  150
  1
  1
  1
  1
  1
  1
  1
  1
  1
  1
  1
  1
  2
  4
  137
  138
  139
  140
  1
  1
  1
  1
  1
  1
  1
  1
  1
  1
  1
  1
  2
  4
  125
  126
  127
  128
  1
  1
  1
  1
  1
  1
  1
  1
  1
  1
  1
  1
  2
  4
  109
  110
  111
  112
  1
  1
  1
  1
  1
  1
  1
  1
  1
  1
  1
  1
  2
  4
  93
  94
  95
  96
  3
  3
  3
  3
  3
  3
  3
  3
  3
  3
  3
  3
  3
  3
  3
  3
  3
  3
  3
  3
  3
  3
  3
  3
  3
  3
  3
  3
  3
  3
  3
  3
  3
  3
  3
  3
  151
  151
  151
  151
  151
  151
  151
  151
  151
  151
  151
  151
  151
  151
  151
  151
  151
  151
  151
  151
  151
  151
  151
  151
  151
  151
  151
  151
  151
  151
  151
  151
  1
  1
  1
  1
  1
  1
  1
  1
  1
  1
  1
  1
  1
  1
  1
  1
  1
  1
  1
  1
  1
  1
  1
  1
  1
  1
  1
  1
  1
  1
  1
  1
  151
  151
  151
  151
  151
  151
  151
  151
------------------------------------------------------------
   this is the last line generated by conversion
