
	dat input file for DRAGON5
------------------------------------------------------------


* typge, nbfo, node, elem, macr, nreg,    z, mac2
      6,    0,  1422,  2720,     1, 1422,     0,     1
* index  kindex
      0       0  1
*     eps    eps0
  1.000000E-05   1.000000E-05
*   flux region number per geometry region (mesh)
   1,   2,   3,   4,   5,   6,   7,   8,   9,  10,  11,  12,
  13,  14,  15,  16,  17,  18,  19,  20,  21,  22,  23,  24,
  25,  26,  27,  28,  29,  30,  31,  32,  33,  34,  35,  36,
  37,  38,  39,  40,  41,  42,  43,  44,  45,  46,  47,  48,
  49,  50,  51,  52,  53,  54,  55,  56,  57,  58,  59,  60,
  61,  62,  63,  64,  65,  66,  67,  68,  69,  70,  71,  72,
  73,  74,  75,  76,  77,  78,  79,  80,  81,  82,  83,  84,
  85,  86,  87,  88,  89,  90,  91,  92,  93,  94,  95,  96,
  97,  98,  99, 100, 101, 102, 103, 104, 105, 106, 107, 108,
 109, 110, 111, 112, 113, 114, 115, 116, 117, 118, 119, 120,
 121, 122, 123, 124, 125, 126, 127, 128, 129, 130, 131, 132,
 133, 134, 135, 136, 137, 138, 139, 140, 141, 142, 143, 144,
 145, 146, 147, 148, 149, 150, 151, 152, 153, 154, 155, 156,
 157, 158, 159, 160, 161, 162, 163, 164, 165, 166, 167, 168,
 169, 170, 171, 172, 173, 174, 175, 176, 177, 178, 179, 180,
 181, 182, 183, 184, 185, 186, 187, 188, 189, 190, 191, 192,
 193, 194, 195, 196, 197, 198, 199, 200, 201, 202, 203, 204,
 205, 206, 207, 208, 209, 210, 211, 212, 213, 214, 215, 216,
 217, 218, 219, 220, 221, 222, 223, 224, 225, 226, 227, 228,
 229, 230, 231, 232, 233, 234, 235, 236, 237, 238, 239, 240,
 241, 242, 243, 244, 245, 246, 247, 248, 249, 250, 251, 252,
 253, 254, 255, 256, 257, 258, 259, 260, 261, 262, 263, 264,
 265, 266, 267, 268, 269, 270, 271, 272, 273, 274, 275, 276,
 277, 278, 279, 280, 281, 282, 283, 284, 285, 286, 287, 288,
 289, 290, 291, 292, 293, 294, 295, 296, 297, 298, 299, 300,
 301, 302, 303, 304, 305, 306, 307, 308, 309, 310, 311, 312,
 313, 314, 315, 316, 317, 318, 319, 320, 321, 322, 323, 324,
 325, 326, 327, 328, 329, 330, 331, 332, 333, 334, 335, 336,
 337, 338, 339, 340, 341, 342, 343, 344, 345, 346, 347, 348,
 349, 350, 351, 352, 353, 354, 355, 356, 357, 358, 359, 360,
 361, 362, 363, 364, 365, 366, 367, 368, 369, 370, 371, 372,
 373, 374, 375, 376, 377, 378, 379, 380, 381, 382, 383, 384,
 385, 386, 387, 388, 389, 390, 391, 392, 393, 394, 395, 396,
 397, 398, 399, 400, 401, 402, 403, 404, 405, 406, 407, 408,
 409, 410, 411, 412, 413, 414, 415, 416, 417, 418, 419, 420,
 421, 422, 423, 424, 425, 426, 427, 428, 429, 430, 431, 432,
 433, 434, 435, 436, 437, 438, 439, 440, 441, 442, 443, 444,
 445, 446, 447, 448, 449, 450, 451, 452, 453, 454, 455, 456,
 457, 458, 459, 460, 461, 462, 463, 464, 465, 466, 467, 468,
 469, 470, 471, 472, 473, 474, 475, 476, 477, 478, 479, 480,
 481, 482, 483, 484, 485, 486, 487, 488, 489, 490, 491, 492,
 493, 494, 495, 496, 497, 498, 499, 500, 501, 502, 503, 504,
 505, 506, 507, 508, 509, 510, 511, 512, 513, 514, 515, 516,
 517, 518, 519, 520, 521, 522, 523, 524, 525, 526, 527, 528,
 529, 530, 531, 532, 533, 534, 535, 536, 537, 538, 539, 540,
 541, 542, 543, 544, 545, 546, 547, 548, 549, 550, 551, 552,
 553, 554, 555, 556, 557, 558, 559, 560, 561, 562, 563, 564,
 565, 566, 567, 568, 569, 570, 571, 572, 573, 574, 575, 576,
 577, 578, 579, 580, 581, 582, 583, 584, 585, 586, 587, 588,
 589, 590, 591, 592, 593, 594, 595, 596, 597, 598, 599, 600,
 601, 602, 603, 604, 605, 606, 607, 608, 609, 610, 611, 612,
 613, 614, 615, 616, 617, 618, 619, 620, 621, 622, 623, 624,
 625, 626, 627, 628, 629, 630, 631, 632, 633, 634, 635, 636,
 637, 638, 639, 640, 641, 642, 643, 644, 645, 646, 647, 648,
 649, 650, 651, 652, 653, 654, 655, 656, 657, 658, 659, 660,
 661, 662, 663, 664, 665, 666, 667, 668, 669, 670, 671, 672,
 673, 674, 675, 676, 677, 678, 679, 680, 681, 682, 683, 684,
 685, 686, 687, 688, 689, 690, 691, 692, 693, 694, 695, 696,
 697, 698, 699, 700, 701, 702, 703, 704, 705, 706, 707, 708,
 709, 710, 711, 712, 713, 714, 715, 716, 717, 718, 719, 720,
 721, 722, 723, 724, 725, 726, 727, 728, 729, 730, 731, 732,
 733, 734, 735, 736, 737, 738, 739, 740, 741, 742, 743, 744,
 745, 746, 747, 748, 749, 750, 751, 752, 753, 754, 755, 756,
 757, 758, 759, 760, 761, 762, 763, 764, 765, 766, 767, 768,
 769, 770, 771, 772, 773, 774, 775, 776, 777, 778, 779, 780,
 781, 782, 783, 784, 785, 786, 787, 788, 789, 790, 791, 792,
 793, 794, 795, 796, 797, 798, 799, 800, 801, 802, 803, 804,
 805, 806, 807, 808, 809, 810, 811, 812, 813, 814, 815, 816,
 817, 818, 819, 820, 821, 822, 823, 824, 825, 826, 827, 828,
 829, 830, 831, 832, 833, 834, 835, 836, 837, 838, 839, 840,
 841, 842, 843, 844, 845, 846, 847, 848, 849, 850, 851, 852,
 853, 854, 855, 856, 857, 858, 859, 860, 861, 862, 863, 864,
 865, 866, 867, 868, 869, 870, 871, 872, 873, 874, 875, 876,
 877, 878, 879, 880, 881, 882, 883, 884, 885, 886, 887, 888,
 889, 890, 891, 892, 893, 894, 895, 896, 897, 898, 899, 900,
 901, 902, 903, 904, 905, 906, 907, 908, 909, 910, 911, 912,
 913, 914, 915, 916, 917, 918, 919, 920, 921, 922, 923, 924,
 925, 926, 927, 928, 929, 930, 931, 932, 933, 934, 935, 936,
 937, 938, 939, 940, 941, 942, 943, 944, 945, 946, 947, 948,
 949, 950, 951, 952, 953, 954, 955, 956, 957, 958, 959, 960,
 961, 962, 963, 964, 965, 966, 967, 968, 969, 970, 971, 972,
 973, 974, 975, 976, 977, 978, 979, 980, 981, 982, 983, 984,
 985, 986, 987, 988, 989, 990, 991, 992, 993, 994, 995, 996,
 997, 998, 999, 1000, 1001, 1002, 1003, 1004, 1005, 1006, 1007, 1008,
 1009, 1010, 1011, 1012, 1013, 1014, 1015, 1016, 1017, 1018, 1019, 1020,
 1021, 1022, 1023, 1024, 1025, 1026, 1027, 1028, 1029, 1030, 1031, 1032,
 1033, 1034, 1035, 1036, 1037, 1038, 1039, 1040, 1041, 1042, 1043, 1044,
 1045, 1046, 1047, 1048, 1049, 1050, 1051, 1052, 1053, 1054, 1055, 1056,
 1057, 1058, 1059, 1060, 1061, 1062, 1063, 1064, 1065, 1066, 1067, 1068,
 1069, 1070, 1071, 1072, 1073, 1074, 1075, 1076, 1077, 1078, 1079, 1080,
 1081, 1082, 1083, 1084, 1085, 1086, 1087, 1088, 1089, 1090, 1091, 1092,
 1093, 1094, 1095, 1096, 1097, 1098, 1099, 1100, 1101, 1102, 1103, 1104,
 1105, 1106, 1107, 1108, 1109, 1110, 1111, 1112, 1113, 1114, 1115, 1116,
 1117, 1118, 1119, 1120, 1121, 1122, 1123, 1124, 1125, 1126, 1127, 1128,
 1129, 1130, 1131, 1132, 1133, 1134, 1135, 1136, 1137, 1138, 1139, 1140,
 1141, 1142, 1143, 1144, 1145, 1146, 1147, 1148, 1149, 1150, 1151, 1152,
 1153, 1154, 1155, 1156, 1157, 1158, 1159, 1160, 1161, 1162, 1163, 1164,
 1165, 1166, 1167, 1168, 1169, 1170, 1171, 1172, 1173, 1174, 1175, 1176,
 1177, 1178, 1179, 1180, 1181, 1182, 1183, 1184, 1185, 1186, 1187, 1188,
 1189, 1190, 1191, 1192, 1193, 1194, 1195, 1196, 1197, 1198, 1199, 1200,
 1201, 1202, 1203, 1204, 1205, 1206, 1207, 1208, 1209, 1210, 1211, 1212,
 1213, 1214, 1215, 1216, 1217, 1218, 1219, 1220, 1221, 1222, 1223, 1224,
 1225, 1226, 1227, 1228, 1229, 1230, 1231, 1232, 1233, 1234, 1235, 1236,
 1237, 1238, 1239, 1240, 1241, 1242, 1243, 1244, 1245, 1246, 1247, 1248,
 1249, 1250, 1251, 1252, 1253, 1254, 1255, 1256, 1257, 1258, 1259, 1260,
 1261, 1262, 1263, 1264, 1265, 1266, 1267, 1268, 1269, 1270, 1271, 1272,
 1273, 1274, 1275, 1276, 1277, 1278, 1279, 1280, 1281, 1282, 1283, 1284,
 1285, 1286, 1287, 1288, 1289, 1290, 1291, 1292, 1293, 1294, 1295, 1296,
 1297, 1298, 1299, 1300, 1301, 1302, 1303, 1304, 1305, 1306, 1307, 1308,
 1309, 1310, 1311, 1312, 1313, 1314, 1315, 1316, 1317, 1318, 1319, 1320,
 1321, 1322, 1323, 1324, 1325, 1326, 1327, 1328, 1329, 1330, 1331, 1332,
 1333, 1334, 1335, 1336, 1337, 1338, 1339, 1340, 1341, 1342, 1343, 1344,
 1345, 1346, 1347, 1348, 1349, 1350, 1351, 1352, 1353, 1354, 1355, 1356,
 1357, 1358, 1359, 1360, 1361, 1362, 1363, 1364, 1365, 1366, 1367, 1368,
 1369, 1370, 1371, 1372, 1373, 1374, 1375, 1376, 1377, 1378, 1379, 1380,
 1381, 1382, 1383, 1384, 1385, 1386, 1387, 1388, 1389, 1390, 1391, 1392,
 1393, 1394, 1395, 1396, 1397, 1398, 1399, 1400, 1401, 1402, 1403, 1404,
 1405, 1406, 1407, 1408, 1409, 1410, 1411, 1412, 1413, 1414, 1415, 1416,
 1417, 1418, 1419, 1420, 1421, 1422
*   names of macros
mac
*   macro order number per flux region
1422*1
   elements
* ELEM  1  line segment
 1, 0, 1377
*
  0.0000000E+00, 2.1971000E-01, 0.0000000E+00, -2.1971000E-01
* ELEM  2  line segment
 1, 1368, 1377
*
  6.7818000E-01, 2.1971000E-01, -6.7818000E-01, 0.0000000E+00
* ELEM  3  line segment
 1, 1374, 1377
*
  6.7818000E-01, 0.0000000E+00, 0.0000000E+00, 2.1971000E-01
* ELEM  4  line segment
 1, 0, 1377
*
  0.0000000E+00, 0.0000000E+00, 6.7818000E-01, 0.0000000E+00
* ELEM  5  line segment
 1, 1375, 1374
*
  1.3563600E+00, 2.1971000E-01, -6.7818000E-01, 0.0000000E+00
* ELEM  6  line segment
 1, 1201, 1374
*
  1.3563600E+00, 0.0000000E+00, 0.0000000E+00, 2.1971000E-01
* ELEM  7  line segment
 1, 0, 1374
*
  6.7818000E-01, 0.0000000E+00, 6.7818000E-01, 0.0000000E+00
* ELEM  8  line segment
 1, 0, 1368
*
  0.0000000E+00, 4.3942000E-01, 0.0000000E+00, -2.1971000E-01
* ELEM  9  line segment
 1, 1378, 1368
*
  6.7818000E-01, 4.3942000E-01, -6.7818000E-01, 0.0000000E+00
* ELEM  10  line segment
 1, 1375, 1368
*
  6.7818000E-01, 2.1971000E-01, 0.0000000E+00, 2.1971000E-01
* ELEM  11  line segment
 1, 1201, 1375
*
  1.3563600E+00, 2.1971000E-01, 0.0000000E+00, 7.3236667E-02
* ELEM  12  line segment
 1, 1211, 1201
*
  2.6568400E+00, 2.9294667E-01, -1.3004800E+00, 0.0000000E+00
* ELEM  13  line segment
 1, 1203, 1201
*
  2.6568400E+00, 0.0000000E+00, 0.0000000E+00, 2.9294667E-01
* ELEM  14  line segment
 1, 0, 1201
*
  1.3563600E+00, 0.0000000E+00, 1.3004800E+00, 0.0000000E+00
* ELEM  15  line segment
 1, 1376, 1375
*
  1.3563600E+00, 4.3942000E-01, -6.7818000E-01, 0.0000000E+00
* ELEM  16  line segment
 1, 1211, 1375
*
  1.3563600E+00, 2.9294667E-01, 0.0000000E+00, 1.4647333E-01
* ELEM  17  line segment
 1, 0, 1378
*
  0.0000000E+00, 6.5913000E-01, 0.0000000E+00, -2.1971000E-01
* ELEM  18  line segment
 1, 1369, 1378
*
  6.7818000E-01, 6.5913000E-01, -6.7818000E-01, 0.0000000E+00
* ELEM  19  line segment
 1, 1376, 1378
*
  6.7818000E-01, 4.3942000E-01, 0.0000000E+00, 2.1971000E-01
* ELEM  20  line segment
 1, 1308, 1203
*
  3.9573200E+00, 2.9294667E-01, -1.3004800E+00, 0.0000000E+00
* ELEM  21  line segment
 1, 1204, 1203
*
  3.9573200E+00, 0.0000000E+00, 0.0000000E+00, 2.9294667E-01
* ELEM  22  line segment
 1, 0, 1203
*
  2.6568400E+00, 0.0000000E+00, 1.3004800E+00, 0.0000000E+00
* ELEM  23  line segment
 1, 1382, 1376
*
  1.3563600E+00, 6.5913000E-01, -6.7818000E-01, 0.0000000E+00
* ELEM  24  line segment
 1, 1421, 1376
*
  1.3563600E+00, 5.8589333E-01, 0.0000000E+00, 7.3236667E-02
* ELEM  25  line segment
 1, 1211, 1376
*
  1.3563600E+00, 4.3942000E-01, 0.0000000E+00, 1.4647333E-01
* ELEM  26  line segment
 1, 0, 1369
*
  0.0000000E+00, 8.7884000E-01, 0.0000000E+00, -2.1971000E-01
* ELEM  27  line segment
 1, 1167, 1369
*
  3.3909000E-01, 8.7884000E-01, -3.3909000E-01, 0.0000000E+00
* ELEM  28  line segment
 1, 1169, 1369
*
  6.7818000E-01, 8.7884000E-01, -3.3909000E-01, 0.0000000E+00
* ELEM  29  line segment
 1, 1382, 1369
*
  6.7818000E-01, 6.5913000E-01, 0.0000000E+00, 2.1971000E-01
* ELEM  30  line segment
 1, 1314, 1204
*
  5.2578000E+00, 2.9294667E-01, -1.3004800E+00, 0.0000000E+00
* ELEM  31  line segment
 1, 1195, 1204
*
  5.2578000E+00, 0.0000000E+00, 0.0000000E+00, 2.9294667E-01
* ELEM  32  line segment
 1, 0, 1204
*
  3.9573200E+00, 0.0000000E+00, 1.3004800E+00, 0.0000000E+00
* ELEM  33  line segment
 1, 1308, 1211
*
  2.6568400E+00, 2.9294667E-01, 0.0000000E+00, 1.3123333E-01
* ELEM  34  line segment
 1, 1308, 1276
*
  2.6568400E+00, 4.2418000E-01, 1.3004800E+00, 0.0000000E+00
* ELEM  35  line segment
 1, 1314, 1308
*
  3.9573200E+00, 2.9294667E-01, 0.0000000E+00, 1.3123333E-01
* ELEM  36  line segment
 1, 1421, 1211
*
  1.5141294E+00, 5.8589333E-01, -1.5776938E-01, 0.0000000E+00
* ELEM  37  circular arc
 3, 1361, 1211
*
  2.1209000E+00, 1.6433800E+00, 1.2192000E+00, 2.4015342E+02, 2.9846583E+01
* ELEM  38  line segment
 1, 1211, 1361
*
  2.1209000E+00, 4.2418000E-01, 5.3594000E-01, 0.0000000E+00
* ELEM  39  line segment
 1, 1210, 1382
*
  1.0172700E+00, 8.7884000E-01, -3.3909000E-01, 0.0000000E+00
* ELEM  40  line segment
 1, 1409, 1382
*
  1.1712015E+00, 8.7884000E-01, -1.5393151E-01, 0.0000000E+00
* ELEM  41  circular arc
 3, 1412, 1382
*
  2.1209000E+00, 1.6433800E+00, 1.2192000E+00, 2.1883526E+02, 1.2329475E+01
* ELEM  42  line segment
 1, 1421, 1382
*
  1.3563600E+00, 6.5913000E-01, 0.0000000E+00, 3.4551507E-02
* ELEM  43  line segment
 1, 0, 1167
*
  0.0000000E+00, 2.1793200E+00, 0.0000000E+00, -1.3004800E+00
* ELEM  44  line segment
 1, 1173, 1167
*
  3.3909000E-01, 2.1793200E+00, -3.3909000E-01, 0.0000000E+00
* ELEM  45  line segment
 1, 1169, 1167
*
  3.3909000E-01, 8.7884000E-01, 0.0000000E+00, 1.3004800E+00
* ELEM  46  line segment
 1, 1303, 1195
*
  6.5582800E+00, 2.9294667E-01, -1.3004800E+00, 0.0000000E+00
* ELEM  47  line segment
 1, 1196, 1195
*
  6.5582800E+00, 0.0000000E+00, 0.0000000E+00, 2.9294667E-01
* ELEM  48  line segment
 1, 0, 1195
*
  5.2578000E+00, 0.0000000E+00, 1.3004800E+00, 0.0000000E+00
* ELEM  49  line segment
 1, 1314, 1282
*
  3.9573200E+00, 4.2418000E-01, 1.3004800E+00, 0.0000000E+00
* ELEM  50  line segment
 1, 1303, 1314
*
  5.2578000E+00, 2.9294667E-01, 0.0000000E+00, 1.3123333E-01
* ELEM  51  circular arc
 3, 1270, 1421
*
  2.1209000E+00, 1.6433800E+00, 1.2192000E+00, 2.3116474E+02, 8.9886792E+00
* ELEM  52  line segment
 1, 1210, 1169
*
  6.7818000E-01, 8.7884000E-01, 0.0000000E+00, 1.3004800E+00
* ELEM  53  line segment
 1, 1221, 1210
*
  9.0170000E-01, 2.1793200E+00, -2.2352000E-01, 0.0000000E+00
* ELEM  54  line segment
 1, 1210, 1365
*
  9.0170000E-01, 2.1793200E+00, 0.0000000E+00, -5.3594000E-01
* ELEM  55  circular arc
 3, 1365, 1210
*
  2.1209000E+00, 1.6433800E+00, 1.2192000E+00, 1.8000000E+02, 2.5148643E+01
* ELEM  56  line segment
 1, 1409, 1210
*
  1.0172700E+00, 8.7884000E-01, 0.0000000E+00, 2.4641891E-01
* ELEM  57  line segment
 1, 1170, 1169
*
  6.7818000E-01, 2.1793200E+00, -3.3909000E-01, 0.0000000E+00
* ELEM  58  line segment
 1, 0, 1173
*
  0.0000000E+00, 3.4798000E+00, 0.0000000E+00, -1.3004800E+00
* ELEM  59  line segment
 1, 1168, 1173
*
  3.3909000E-01, 3.4798000E+00, -3.3909000E-01, 0.0000000E+00
* ELEM  60  line segment
 1, 1170, 1173
*
  3.3909000E-01, 2.1793200E+00, 0.0000000E+00, 1.3004800E+00
* ELEM  61  line segment
 1, 1304, 1196
*
  7.8587600E+00, 2.9294667E-01, -1.3004800E+00, 0.0000000E+00
* ELEM  62  line segment
 1, 1197, 1196
*
  7.8587600E+00, 0.0000000E+00, 0.0000000E+00, 2.9294667E-01
* ELEM  63  line segment
 1, 0, 1196
*
  6.5582800E+00, 0.0000000E+00, 1.3004800E+00, 0.0000000E+00
* ELEM  64  line segment
 1, 1303, 1271
*
  5.2578000E+00, 4.2418000E-01, 1.3004800E+00, 0.0000000E+00
* ELEM  65  line segment
 1, 1304, 1303
*
  6.5582800E+00, 2.9294667E-01, 0.0000000E+00, 1.3123333E-01
* ELEM  66  circular arc
 3, 1232, 1409
*
  2.1209000E+00, 1.6433800E+00, 1.2192000E+00, 2.0514864E+02, 1.3686619E+01
* ELEM  67  line segment
 1, 1221, 1170
*
  6.7818000E-01, 2.1793200E+00, 0.0000000E+00, 1.3004800E+00
* ELEM  68  line segment
 1, 1229, 1221
*
  9.0170000E-01, 3.4798000E+00, -2.2352000E-01, 0.0000000E+00
* ELEM  69  line segment
 1, 1221, 1329
*
  9.0170000E-01, 3.4798000E+00, 0.0000000E+00, -1.3004800E+00
* ELEM  70  line segment
 1, 1171, 1170
*
  6.7818000E-01, 3.4798000E+00, -3.3909000E-01, 0.0000000E+00
* ELEM  71  line segment
 1, 0, 1168
*
  0.0000000E+00, 4.7802800E+00, 0.0000000E+00, -1.3004800E+00
* ELEM  72  line segment
 1, 1155, 1168
*
  3.3909000E-01, 4.7802800E+00, -3.3909000E-01, 0.0000000E+00
* ELEM  73  line segment
 1, 1171, 1168
*
  3.3909000E-01, 3.4798000E+00, 0.0000000E+00, 1.3004800E+00
* ELEM  74  line segment
 1, 1305, 1197
*
  9.1592400E+00, 2.9294667E-01, -1.3004800E+00, 0.0000000E+00
* ELEM  75  line segment
 1, 1206, 1197
*
  9.1592400E+00, 0.0000000E+00, 0.0000000E+00, 2.9294667E-01
* ELEM  76  line segment
 1, 0, 1197
*
  7.8587600E+00, 0.0000000E+00, 1.3004800E+00, 0.0000000E+00
* ELEM  77  line segment
 1, 1304, 1272
*
  6.5582800E+00, 4.2418000E-01, 1.3004800E+00, 0.0000000E+00
* ELEM  78  line segment
 1, 1305, 1304
*
  7.8587600E+00, 2.9294667E-01, 0.0000000E+00, 1.3123333E-01
* ELEM  79  line segment
 1, 1229, 1171
*
  6.7818000E-01, 3.4798000E+00, 0.0000000E+00, 1.3004800E+00
* ELEM  80  line segment
 1, 1222, 1229
*
  9.0170000E-01, 4.7802800E+00, -2.2352000E-01, 0.0000000E+00
* ELEM  81  line segment
 1, 1229, 1331
*
  9.0170000E-01, 4.7802800E+00, 0.0000000E+00, -1.3004800E+00
* ELEM  82  line segment
 1, 1157, 1171
*
  6.7818000E-01, 4.7802800E+00, -3.3909000E-01, 0.0000000E+00
* ELEM  83  line segment
 1, 0, 1155
*
  0.0000000E+00, 6.0807600E+00, 0.0000000E+00, -1.3004800E+00
* ELEM  84  line segment
 1, 1156, 1155
*
  3.3909000E-01, 6.0807600E+00, -3.3909000E-01, 0.0000000E+00
* ELEM  85  line segment
 1, 1157, 1155
*
  3.3909000E-01, 4.7802800E+00, 0.0000000E+00, 1.3004800E+00
* ELEM  86  line segment
 1, 1317, 1206
*
  1.0459720E+01, 2.9294667E-01, -1.3004800E+00, 0.0000000E+00
* ELEM  87  line segment
 1, 1198, 1206
*
  1.0459720E+01, 0.0000000E+00, 0.0000000E+00, 2.9294667E-01
* ELEM  88  line segment
 1, 0, 1206
*
  9.1592400E+00, 0.0000000E+00, 1.3004800E+00, 0.0000000E+00
* ELEM  89  line segment
 1, 1305, 1273
*
  7.8587600E+00, 4.2418000E-01, 1.3004800E+00, 0.0000000E+00
* ELEM  90  line segment
 1, 1317, 1305
*
  9.1592400E+00, 2.9294667E-01, 0.0000000E+00, 1.3123333E-01
* ELEM  91  line segment
 1, 1222, 1157
*
  6.7818000E-01, 4.7802800E+00, 0.0000000E+00, 1.3004800E+00
* ELEM  92  line segment
 1, 1223, 1222
*
  9.0170000E-01, 6.0807600E+00, -2.2352000E-01, 0.0000000E+00
* ELEM  93  line segment
 1, 1222, 1319
*
  9.0170000E-01, 6.0807600E+00, 0.0000000E+00, -1.3004800E+00
* ELEM  94  line segment
 1, 1159, 1157
*
  6.7818000E-01, 6.0807600E+00, -3.3909000E-01, 0.0000000E+00
* ELEM  95  line segment
 1, 0, 1156
*
  0.0000000E+00, 7.3812400E+00, 0.0000000E+00, -1.3004800E+00
* ELEM  96  line segment
 1, 1181, 1156
*
  3.3909000E-01, 7.3812400E+00, -3.3909000E-01, 0.0000000E+00
* ELEM  97  line segment
 1, 1159, 1156
*
  3.3909000E-01, 6.0807600E+00, 0.0000000E+00, 1.3004800E+00
* ELEM  98  line segment
 1, 1306, 1198
*
  1.1760200E+01, 2.9294667E-01, -1.3004800E+00, 0.0000000E+00
* ELEM  99  line segment
 1, 1199, 1198
*
  1.1760200E+01, 0.0000000E+00, 0.0000000E+00, 2.9294667E-01
* ELEM  100  line segment
 1, 0, 1198
*
  1.0459720E+01, 0.0000000E+00, 1.3004800E+00, 0.0000000E+00
* ELEM  101  line segment
 1, 1317, 1285
*
  9.1592400E+00, 4.2418000E-01, 1.3004800E+00, 0.0000000E+00
* ELEM  102  line segment
 1, 1306, 1317
*
  1.0459720E+01, 2.9294667E-01, 0.0000000E+00, 1.3123333E-01
* ELEM  103  line segment
 1, 1223, 1159
*
  6.7818000E-01, 6.0807600E+00, 0.0000000E+00, 1.3004800E+00
* ELEM  104  line segment
 1, 1230, 1223
*
  9.0170000E-01, 7.3812400E+00, -2.2352000E-01, 0.0000000E+00
* ELEM  105  line segment
 1, 1223, 1320
*
  9.0170000E-01, 7.3812400E+00, 0.0000000E+00, -1.3004800E+00
* ELEM  106  line segment
 1, 1182, 1159
*
  6.7818000E-01, 7.3812400E+00, -3.3909000E-01, 0.0000000E+00
* ELEM  107  line segment
 1, 0, 1181
*
  0.0000000E+00, 8.6817200E+00, 0.0000000E+00, -1.3004800E+00
* ELEM  108  line segment
 1, 1158, 1181
*
  3.3909000E-01, 8.6817200E+00, -3.3909000E-01, 0.0000000E+00
* ELEM  109  line segment
 1, 1182, 1181
*
  3.3909000E-01, 7.3812400E+00, 0.0000000E+00, 1.3004800E+00
* ELEM  110  line segment
 1, 1307, 1199
*
  1.3060680E+01, 2.9294667E-01, -1.3004800E+00, 0.0000000E+00
* ELEM  111  line segment
 1, 1200, 1199
*
  1.3060680E+01, 0.0000000E+00, 0.0000000E+00, 2.9294667E-01
* ELEM  112  line segment
 1, 0, 1199
*
  1.1760200E+01, 0.0000000E+00, 1.3004800E+00, 0.0000000E+00
* ELEM  113  line segment
 1, 1306, 1274
*
  1.0459720E+01, 4.2418000E-01, 1.3004800E+00, 0.0000000E+00
* ELEM  114  line segment
 1, 1307, 1306
*
  1.1760200E+01, 2.9294667E-01, 0.0000000E+00, 1.3123333E-01
* ELEM  115  line segment
 1, 1230, 1182
*
  6.7818000E-01, 7.3812400E+00, 0.0000000E+00, 1.3004800E+00
* ELEM  116  line segment
 1, 1224, 1230
*
  9.0170000E-01, 8.6817200E+00, -2.2352000E-01, 0.0000000E+00
* ELEM  117  line segment
 1, 1230, 1333
*
  9.0170000E-01, 8.6817200E+00, 0.0000000E+00, -1.3004800E+00
* ELEM  118  line segment
 1, 1162, 1182
*
  6.7818000E-01, 8.6817200E+00, -3.3909000E-01, 0.0000000E+00
* ELEM  119  line segment
 1, 0, 1158
*
  0.0000000E+00, 9.9822000E+00, 0.0000000E+00, -1.3004800E+00
* ELEM  120  line segment
 1, 1160, 1158
*
  3.3909000E-01, 9.9822000E+00, -3.3909000E-01, 0.0000000E+00
* ELEM  121  line segment
 1, 1162, 1158
*
  3.3909000E-01, 8.6817200E+00, 0.0000000E+00, 1.3004800E+00
* ELEM  122  line segment
 1, 1212, 1200
*
  1.4361160E+01, 2.9294667E-01, -1.3004800E+00, 0.0000000E+00
* ELEM  123  line segment
 1, 1399, 1200
*
  1.4361160E+01, 0.0000000E+00, 0.0000000E+00, 2.9294667E-01
* ELEM  124  line segment
 1, 0, 1200
*
  1.3060680E+01, 0.0000000E+00, 1.3004800E+00, 0.0000000E+00
* ELEM  125  line segment
 1, 1307, 1275
*
  1.1760200E+01, 4.2418000E-01, 1.3004800E+00, 0.0000000E+00
* ELEM  126  line segment
 1, 1212, 1307
*
  1.3060680E+01, 2.9294667E-01, 0.0000000E+00, 1.3123333E-01
* ELEM  127  line segment
 1, 1224, 1162
*
  6.7818000E-01, 8.6817200E+00, 0.0000000E+00, 1.3004800E+00
* ELEM  128  line segment
 1, 1225, 1224
*
  9.0170000E-01, 9.9822000E+00, -2.2352000E-01, 0.0000000E+00
* ELEM  129  line segment
 1, 1224, 1321
*
  9.0170000E-01, 9.9822000E+00, 0.0000000E+00, -1.3004800E+00
* ELEM  130  line segment
 1, 1164, 1162
*
  6.7818000E-01, 9.9822000E+00, -3.3909000E-01, 0.0000000E+00
* ELEM  131  line segment
 1, 0, 1160
*
  0.0000000E+00, 1.1282680E+01, 0.0000000E+00, -1.3004800E+00
* ELEM  132  line segment
 1, 1161, 1160
*
  3.3909000E-01, 1.1282680E+01, -3.3909000E-01, 0.0000000E+00
* ELEM  133  line segment
 1, 1164, 1160
*
  3.3909000E-01, 9.9822000E+00, 0.0000000E+00, 1.3004800E+00
* ELEM  134  line segment
 1, 1399, 1212
*
  1.4361160E+01, 2.9294667E-01, 0.0000000E+00, 1.4647333E-01
* ELEM  135  line segment
 1, 1406, 1399
*
  1.4580870E+01, 4.3942000E-01, -2.1971000E-01, 0.0000000E+00
* ELEM  136  line segment
 1, 1401, 1399
*
  1.4580870E+01, 0.0000000E+00, 0.0000000E+00, 4.3942000E-01
* ELEM  137  line segment
 1, 0, 1399
*
  1.4361160E+01, 0.0000000E+00, 2.1971000E-01, 0.0000000E+00
* ELEM  138  line segment
 1, 1212, 1360
*
  1.3060680E+01, 4.2418000E-01, 5.3594000E-01, 0.0000000E+00
* ELEM  139  circular arc
 3, 1360, 1212
*
  1.3596620E+01, 1.6433800E+00, 1.2192000E+00, 2.7000000E+02, 2.9846583E+01
* ELEM  140  line segment
 1, 1419, 1212
*
  1.4361160E+01, 5.8589333E-01, -1.5776938E-01, 0.0000000E+00
* ELEM  141  line segment
 1, 1406, 1212
*
  1.4361160E+01, 4.3942000E-01, 0.0000000E+00, 1.4647333E-01
* ELEM  142  line segment
 1, 1225, 1164
*
  6.7818000E-01, 9.9822000E+00, 0.0000000E+00, 1.3004800E+00
* ELEM  143  line segment
 1, 1226, 1225
*
  9.0170000E-01, 1.1282680E+01, -2.2352000E-01, 0.0000000E+00
* ELEM  144  line segment
 1, 1225, 1322
*
  9.0170000E-01, 1.1282680E+01, 0.0000000E+00, -1.3004800E+00
* ELEM  145  line segment
 1, 1165, 1164
*
  6.7818000E-01, 1.1282680E+01, -3.3909000E-01, 0.0000000E+00
* ELEM  146  line segment
 1, 0, 1161
*
  0.0000000E+00, 1.2583160E+01, 0.0000000E+00, -1.3004800E+00
* ELEM  147  line segment
 1, 1163, 1161
*
  3.3909000E-01, 1.2583160E+01, -3.3909000E-01, 0.0000000E+00
* ELEM  148  line segment
 1, 1165, 1161
*
  3.3909000E-01, 1.1282680E+01, 0.0000000E+00, 1.3004800E+00
* ELEM  149  line segment
 1, 1402, 1401
*
  1.4800580E+01, 4.3942000E-01, -2.1971000E-01, 0.0000000E+00
* ELEM  150  line segment
 1, 1403, 1401
*
  1.4800580E+01, 0.0000000E+00, 0.0000000E+00, 4.3942000E-01
* ELEM  151  line segment
 1, 0, 1401
*
  1.4580870E+01, 0.0000000E+00, 2.1971000E-01, 0.0000000E+00
* ELEM  152  line segment
 1, 1226, 1165
*
  6.7818000E-01, 1.1282680E+01, 0.0000000E+00, 1.3004800E+00
* ELEM  153  line segment
 1, 1207, 1226
*
  9.0170000E-01, 1.2583160E+01, -2.2352000E-01, 0.0000000E+00
* ELEM  154  line segment
 1, 1226, 1323
*
  9.0170000E-01, 1.2583160E+01, 0.0000000E+00, -1.3004800E+00
* ELEM  155  line segment
 1, 1166, 1165
*
  6.7818000E-01, 1.2583160E+01, -3.3909000E-01, 0.0000000E+00
* ELEM  156  line segment
 1, 0, 1163
*
  0.0000000E+00, 1.3883640E+01, 0.0000000E+00, -1.3004800E+00
* ELEM  157  line segment
 1, 1386, 1163
*
  3.3909000E-01, 1.3883640E+01, -3.3909000E-01, 0.0000000E+00
* ELEM  158  line segment
 1, 1166, 1163
*
  3.3909000E-01, 1.2583160E+01, 0.0000000E+00, 1.3004800E+00
* ELEM  159  line segment
 1, 1404, 1403
*
  1.5020290E+01, 4.3942000E-01, -2.1971000E-01, 0.0000000E+00
* ELEM  160  line segment
 1, 1400, 1403
*
  1.5020290E+01, 0.0000000E+00, 0.0000000E+00, 4.3942000E-01
* ELEM  161  line segment
 1, 0, 1403
*
  1.4800580E+01, 0.0000000E+00, 2.1971000E-01, 0.0000000E+00
* ELEM  162  line segment
 1, 1402, 1406
*
  1.4580870E+01, 4.3942000E-01, 0.0000000E+00, 4.3942000E-01
* ELEM  163  line segment
 1, 1422, 1402
*
  1.4654107E+01, 8.7884000E-01, -7.3236667E-02, 0.0000000E+00
* ELEM  164  line segment
 1, 1213, 1402
*
  1.4800580E+01, 8.7884000E-01, -1.4647333E-01, 0.0000000E+00
* ELEM  165  line segment
 1, 1404, 1402
*
  1.4800580E+01, 4.3942000E-01, 0.0000000E+00, 4.3942000E-01
* ELEM  166  line segment
 1, 1406, 1419
*
  1.4361160E+01, 5.8589333E-01, 0.0000000E+00, 1.0778817E-01
* ELEM  167  circular arc
 3, 1411, 1406
*
  1.3596620E+01, 1.6433800E+00, 1.2192000E+00, 3.0883526E+02, 1.2329475E+01
* ELEM  168  line segment
 1, 1422, 1406
*
  1.4580870E+01, 8.7884000E-01, -3.4551507E-02, 0.0000000E+00
* ELEM  169  line segment
 1, 1207, 1166
*
  6.7818000E-01, 1.2583160E+01, 0.0000000E+00, 1.3004800E+00
* ELEM  170  line segment
 1, 1391, 1207
*
  1.0172700E+00, 1.3883640E+01, -3.3909000E-01, 0.0000000E+00
* ELEM  171  line segment
 1, 1410, 1207
*
  1.0172700E+00, 1.3637221E+01, 0.0000000E+00, 2.4641891E-01
* ELEM  172  circular arc
 3, 1363, 1207
*
  2.1209000E+00, 1.3119100E+01, 1.2192000E+00, 1.5485136E+02, 2.5148643E+01
* ELEM  173  line segment
 1, 1207, 1363
*
  9.0170000E-01, 1.3119100E+01, 0.0000000E+00, -5.3594000E-01
* ELEM  174  line segment
 1, 1389, 1166
*
  6.7818000E-01, 1.3883640E+01, -3.3909000E-01, 0.0000000E+00
* ELEM  175  line segment
 1, 0, 1386
*
  0.0000000E+00, 1.4222730E+01, 0.0000000E+00, -3.3909000E-01
* ELEM  176  line segment
 1, 1387, 1386
*
  3.3909000E-01, 1.4222730E+01, -3.3909000E-01, 0.0000000E+00
* ELEM  177  line segment
 1, 1389, 1386
*
  3.3909000E-01, 1.3883640E+01, 0.0000000E+00, 3.3909000E-01
* ELEM  178  line segment
 1, 1398, 1400
*
  1.5240000E+01, 4.3942000E-01, -2.1971000E-01, 0.0000000E+00
* ELEM  179  line segment
 1, 0, 1400
*
  1.5240000E+01, 0.0000000E+00, 0.0000000E+00, 4.3942000E-01
* ELEM  180  line segment
 1, 0, 1400
*
  1.5020290E+01, 0.0000000E+00, 2.1971000E-01, 0.0000000E+00
* ELEM  181  line segment
 1, 1213, 1404
*
  1.4947053E+01, 8.7884000E-01, -1.4647333E-01, 0.0000000E+00
* ELEM  182  line segment
 1, 1193, 1404
*
  1.5020290E+01, 8.7884000E-01, -7.3236667E-02, 0.0000000E+00
* ELEM  183  line segment
 1, 1398, 1404
*
  1.5020290E+01, 4.3942000E-01, 0.0000000E+00, 4.3942000E-01
* ELEM  184  circular arc
 3, 1268, 1422
*
  1.3596620E+01, 1.6433800E+00, 1.2192000E+00, 3.2116474E+02, 8.9886792E+00
* ELEM  185  line segment
 1, 1213, 1422
*
  1.4654107E+01, 8.7884000E-01, 0.0000000E+00, 1.5776938E-01
* ELEM  186  circular arc
 3, 1267, 1419
*
  1.3596620E+01, 1.6433800E+00, 1.2192000E+00, 2.9984658E+02, 8.9886792E+00
* ELEM  187  line segment
 1, 1391, 1389
*
  6.7818000E-01, 1.3883640E+01, 0.0000000E+00, 3.3909000E-01
* ELEM  188  line segment
 1, 1392, 1391
*
  1.0172700E+00, 1.4222730E+01, -3.3909000E-01, 0.0000000E+00
* ELEM  189  line segment
 1, 1405, 1391
*
  1.0172700E+00, 1.3883640E+01, 0.0000000E+00, 3.3909000E-01
* ELEM  190  line segment
 1, 1390, 1389
*
  6.7818000E-01, 1.4222730E+01, -3.3909000E-01, 0.0000000E+00
* ELEM  191  line segment
 1, 0, 1387
*
  0.0000000E+00, 1.4561820E+01, 0.0000000E+00, -3.3909000E-01
* ELEM  192  line segment
 1, 1394, 1387
*
  3.3909000E-01, 1.4561820E+01, -3.3909000E-01, 0.0000000E+00
* ELEM  193  line segment
 1, 1390, 1387
*
  3.3909000E-01, 1.4222730E+01, 0.0000000E+00, 3.3909000E-01
* ELEM  194  line segment
 1, 1193, 1398
*
  1.5240000E+01, 8.7884000E-01, -2.1971000E-01, 0.0000000E+00
* ELEM  195  line segment
 1, 0, 1398
*
  1.5240000E+01, 4.3942000E-01, 0.0000000E+00, 4.3942000E-01
* ELEM  196  circular arc
 3, 1359, 1213
*
  1.3596620E+01, 1.6433800E+00, 1.2192000E+00, 3.3015342E+02, 2.9846583E+01
* ELEM  197  line segment
 1, 1213, 1359
*
  1.4815820E+01, 1.6433800E+00, 0.0000000E+00, 5.3594000E-01
* ELEM  198  line segment
 1, 1315, 1213
*
  1.4947053E+01, 2.1793200E+00, -1.3123333E-01, 0.0000000E+00
* ELEM  199  line segment
 1, 1193, 1213
*
  1.4947053E+01, 8.7884000E-01, 0.0000000E+00, 1.3004800E+00
* ELEM  200  line segment
 1, 1405, 1410
*
  1.1712015E+00, 1.3883640E+01, -1.5393151E-01, 0.0000000E+00
* ELEM  201  circular arc
 3, 1233, 1410
*
  2.1209000E+00, 1.3119100E+01, 1.2192000E+00, 1.4116474E+02, 1.3686619E+01
* ELEM  202  line segment
 1, 1388, 1405
*
  1.3563600E+00, 1.4222730E+01, -3.3909000E-01, 0.0000000E+00
* ELEM  203  line segment
 1, 1408, 1405
*
  1.3563600E+00, 1.4068798E+01, 0.0000000E+00, 1.5393151E-01
* ELEM  204  circular arc
 3, 1414, 1405
*
  2.1209000E+00, 1.3119100E+01, 1.2192000E+00, 1.2883526E+02, 1.2329475E+01
* ELEM  205  line segment
 1, 1392, 1390
*
  6.7818000E-01, 1.4222730E+01, 0.0000000E+00, 3.3909000E-01
* ELEM  206  line segment
 1, 1397, 1392
*
  1.0172700E+00, 1.4561820E+01, -3.3909000E-01, 0.0000000E+00
* ELEM  207  line segment
 1, 1388, 1392
*
  1.0172700E+00, 1.4222730E+01, 0.0000000E+00, 3.3909000E-01
* ELEM  208  line segment
 1, 1396, 1390
*
  6.7818000E-01, 1.4561820E+01, -3.3909000E-01, 0.0000000E+00
* ELEM  209  line segment
 1, 0, 1394
*
  0.0000000E+00, 1.4900910E+01, 0.0000000E+00, -3.3909000E-01
* ELEM  210  line segment
 1, 1383, 1394
*
  3.3909000E-01, 1.4900910E+01, -3.3909000E-01, 0.0000000E+00
* ELEM  211  line segment
 1, 1396, 1394
*
  3.3909000E-01, 1.4561820E+01, 0.0000000E+00, 3.3909000E-01
* ELEM  212  line segment
 1, 1194, 1193
*
  1.5240000E+01, 2.1793200E+00, -2.9294667E-01, 0.0000000E+00
* ELEM  213  line segment
 1, 0, 1193
*
  1.5240000E+01, 8.7884000E-01, 0.0000000E+00, 1.3004800E+00
* ELEM  214  line segment
 1, 1395, 1388
*
  1.3563600E+00, 1.4561820E+01, -3.3909000E-01, 0.0000000E+00
* ELEM  215  line segment
 1, 1209, 1388
*
  1.3563600E+00, 1.4222730E+01, 0.0000000E+00, 3.3909000E-01
* ELEM  216  line segment
 1, 1397, 1396
*
  6.7818000E-01, 1.4561820E+01, 0.0000000E+00, 3.3909000E-01
* ELEM  217  line segment
 1, 1385, 1397
*
  1.0172700E+00, 1.4900910E+01, -3.3909000E-01, 0.0000000E+00
* ELEM  218  line segment
 1, 1395, 1397
*
  1.0172700E+00, 1.4561820E+01, 0.0000000E+00, 3.3909000E-01
* ELEM  219  line segment
 1, 1393, 1396
*
  6.7818000E-01, 1.4900910E+01, -3.3909000E-01, 0.0000000E+00
* ELEM  220  line segment
 1, 0, 1383
*
  0.0000000E+00, 1.5240000E+01, 0.0000000E+00, -3.3909000E-01
* ELEM  221  line segment
 1, 0, 1383
*
  3.3909000E-01, 1.5240000E+01, -3.3909000E-01, 0.0000000E+00
* ELEM  222  line segment
 1, 1393, 1383
*
  3.3909000E-01, 1.4900910E+01, 0.0000000E+00, 3.3909000E-01
* ELEM  223  line segment
 1, 1194, 1315
*
  1.4947053E+01, 2.1793200E+00, 0.0000000E+00, 1.3004800E+00
* ELEM  224  line segment
 1, 1202, 1194
*
  1.5240000E+01, 3.4798000E+00, -2.9294667E-01, 0.0000000E+00
* ELEM  225  line segment
 1, 0, 1194
*
  1.5240000E+01, 2.1793200E+00, 0.0000000E+00, 1.3004800E+00
* ELEM  226  line segment
 1, 1315, 1283
*
  1.4815820E+01, 2.1793200E+00, 0.0000000E+00, 1.3004800E+00
* ELEM  227  line segment
 1, 1316, 1315
*
  1.4947053E+01, 3.4798000E+00, -1.3123333E-01, 0.0000000E+00
* ELEM  228  line segment
 1, 1209, 1408
*
  1.6027789E+00, 1.4222730E+01, -2.4641891E-01, 0.0000000E+00
* ELEM  229  circular arc
 3, 1231, 1408
*
  2.1209000E+00, 1.3119100E+01, 1.2192000E+00, 1.1514864E+02, 1.3686619E+01
* ELEM  230  line segment
 1, 1183, 1209
*
  2.6568400E+00, 1.4561820E+01, -1.3004800E+00, 0.0000000E+00
* ELEM  231  line segment
 1, 1220, 1209
*
  2.6568400E+00, 1.4338300E+01, 0.0000000E+00, 2.2352000E-01
* ELEM  232  line segment
 1, 1209, 1364
*
  2.6568400E+00, 1.4338300E+01, -5.3594000E-01, 0.0000000E+00
* ELEM  233  circular arc
 3, 1364, 1209
*
  2.1209000E+00, 1.3119100E+01, 1.2192000E+00, 9.0000000E+01, 2.5148643E+01
* ELEM  234  line segment
 1, 1384, 1395
*
  1.3563600E+00, 1.4900910E+01, -3.3909000E-01, 0.0000000E+00
* ELEM  235  line segment
 1, 1183, 1395
*
  1.3563600E+00, 1.4561820E+01, 0.0000000E+00, 3.3909000E-01
* ELEM  236  line segment
 1, 1385, 1393
*
  6.7818000E-01, 1.4900910E+01, 0.0000000E+00, 3.3909000E-01
* ELEM  237  line segment
 1, 0, 1385
*
  1.0172700E+00, 1.5240000E+01, -3.3909000E-01, 0.0000000E+00
* ELEM  238  line segment
 1, 1384, 1385
*
  1.0172700E+00, 1.4900910E+01, 0.0000000E+00, 3.3909000E-01
* ELEM  239  line segment
 1, 0, 1393
*
  6.7818000E-01, 1.5240000E+01, -3.3909000E-01, 0.0000000E+00
* ELEM  240  line segment
 1, 1202, 1316
*
  1.4947053E+01, 3.4798000E+00, 0.0000000E+00, 1.3004800E+00
* ELEM  241  line segment
 1, 1187, 1202
*
  1.5240000E+01, 4.7802800E+00, -2.9294667E-01, 0.0000000E+00
* ELEM  242  line segment
 1, 0, 1202
*
  1.5240000E+01, 3.4798000E+00, 0.0000000E+00, 1.3004800E+00
* ELEM  243  line segment
 1, 1316, 1284
*
  1.4815820E+01, 3.4798000E+00, 0.0000000E+00, 1.3004800E+00
* ELEM  244  line segment
 1, 1309, 1316
*
  1.4947053E+01, 4.7802800E+00, -1.3123333E-01, 0.0000000E+00
* ELEM  245  line segment
 1, 1153, 1183
*
  2.6568400E+00, 1.4900910E+01, -1.3004800E+00, 0.0000000E+00
* ELEM  246  line segment
 1, 1184, 1183
*
  2.6568400E+00, 1.4561820E+01, 0.0000000E+00, 3.3909000E-01
* ELEM  247  line segment
 1, 0, 1384
*
  1.3563600E+00, 1.5240000E+01, -3.3909000E-01, 0.0000000E+00
* ELEM  248  line segment
 1, 1153, 1384
*
  1.3563600E+00, 1.4900910E+01, 0.0000000E+00, 3.3909000E-01
* ELEM  249  line segment
 1, 1187, 1309
*
  1.4947053E+01, 4.7802800E+00, 0.0000000E+00, 1.3004800E+00
* ELEM  250  line segment
 1, 1188, 1187
*
  1.5240000E+01, 6.0807600E+00, -2.9294667E-01, 0.0000000E+00
* ELEM  251  line segment
 1, 0, 1187
*
  1.5240000E+01, 4.7802800E+00, 0.0000000E+00, 1.3004800E+00
* ELEM  252  line segment
 1, 1309, 1277
*
  1.4815820E+01, 4.7802800E+00, 0.0000000E+00, 1.3004800E+00
* ELEM  253  line segment
 1, 1310, 1309
*
  1.4947053E+01, 6.0807600E+00, -1.3123333E-01, 0.0000000E+00
* ELEM  254  line segment
 1, 0, 1153
*
  2.6568400E+00, 1.5240000E+01, -1.3004800E+00, 0.0000000E+00
* ELEM  255  line segment
 1, 1154, 1153
*
  2.6568400E+00, 1.4900910E+01, 0.0000000E+00, 3.3909000E-01
* ELEM  256  line segment
 1, 1184, 1220
*
  3.9573200E+00, 1.4561820E+01, -1.3004800E+00, 0.0000000E+00
* ELEM  257  line segment
 1, 1227, 1220
*
  3.9573200E+00, 1.4338300E+01, 0.0000000E+00, 2.2352000E-01
* ELEM  258  line segment
 1, 1220, 1330
*
  3.9573200E+00, 1.4338300E+01, -1.3004800E+00, 0.0000000E+00
* ELEM  259  line segment
 1, 1154, 1184
*
  3.9573200E+00, 1.4900910E+01, -1.3004800E+00, 0.0000000E+00
* ELEM  260  line segment
 1, 1185, 1184
*
  3.9573200E+00, 1.4561820E+01, 0.0000000E+00, 3.3909000E-01
* ELEM  261  line segment
 1, 1188, 1310
*
  1.4947053E+01, 6.0807600E+00, 0.0000000E+00, 1.3004800E+00
* ELEM  262  line segment
 1, 1205, 1188
*
  1.5240000E+01, 7.3812400E+00, -2.9294667E-01, 0.0000000E+00
* ELEM  263  line segment
 1, 0, 1188
*
  1.5240000E+01, 6.0807600E+00, 0.0000000E+00, 1.3004800E+00
* ELEM  264  line segment
 1, 1310, 1278
*
  1.4815820E+01, 6.0807600E+00, 0.0000000E+00, 1.3004800E+00
* ELEM  265  line segment
 1, 1318, 1310
*
  1.4947053E+01, 7.3812400E+00, -1.3123333E-01, 0.0000000E+00
* ELEM  266  line segment
 1, 0, 1154
*
  3.9573200E+00, 1.5240000E+01, -1.3004800E+00, 0.0000000E+00
* ELEM  267  line segment
 1, 1172, 1154
*
  3.9573200E+00, 1.4900910E+01, 0.0000000E+00, 3.3909000E-01
* ELEM  268  line segment
 1, 1185, 1227
*
  5.2578000E+00, 1.4561820E+01, -1.3004800E+00, 0.0000000E+00
* ELEM  269  line segment
 1, 1215, 1227
*
  5.2578000E+00, 1.4338300E+01, 0.0000000E+00, 2.2352000E-01
* ELEM  270  line segment
 1, 1227, 1332
*
  5.2578000E+00, 1.4338300E+01, -1.3004800E+00, 0.0000000E+00
* ELEM  271  line segment
 1, 1172, 1185
*
  5.2578000E+00, 1.4900910E+01, -1.3004800E+00, 0.0000000E+00
* ELEM  272  line segment
 1, 1174, 1185
*
  5.2578000E+00, 1.4561820E+01, 0.0000000E+00, 3.3909000E-01
* ELEM  273  line segment
 1, 1205, 1318
*
  1.4947053E+01, 7.3812400E+00, 0.0000000E+00, 1.3004800E+00
* ELEM  274  line segment
 1, 1189, 1205
*
  1.5240000E+01, 8.6817200E+00, -2.9294667E-01, 0.0000000E+00
* ELEM  275  line segment
 1, 0, 1205
*
  1.5240000E+01, 7.3812400E+00, 0.0000000E+00, 1.3004800E+00
* ELEM  276  line segment
 1, 1318, 1286
*
  1.4815820E+01, 7.3812400E+00, 0.0000000E+00, 1.3004800E+00
* ELEM  277  line segment
 1, 1311, 1318
*
  1.4947053E+01, 8.6817200E+00, -1.3123333E-01, 0.0000000E+00
* ELEM  278  line segment
 1, 0, 1172
*
  5.2578000E+00, 1.5240000E+01, -1.3004800E+00, 0.0000000E+00
* ELEM  279  line segment
 1, 1147, 1172
*
  5.2578000E+00, 1.4900910E+01, 0.0000000E+00, 3.3909000E-01
* ELEM  280  line segment
 1, 1174, 1215
*
  6.5582800E+00, 1.4561820E+01, -1.3004800E+00, 0.0000000E+00
* ELEM  281  line segment
 1, 1216, 1215
*
  6.5582800E+00, 1.4338300E+01, 0.0000000E+00, 2.2352000E-01
* ELEM  282  line segment
 1, 1215, 1324
*
  6.5582800E+00, 1.4338300E+01, -1.3004800E+00, 0.0000000E+00
* ELEM  283  line segment
 1, 1147, 1174
*
  6.5582800E+00, 1.4900910E+01, -1.3004800E+00, 0.0000000E+00
* ELEM  284  line segment
 1, 1175, 1174
*
  6.5582800E+00, 1.4561820E+01, 0.0000000E+00, 3.3909000E-01
* ELEM  285  line segment
 1, 1189, 1311
*
  1.4947053E+01, 8.6817200E+00, 0.0000000E+00, 1.3004800E+00
* ELEM  286  line segment
 1, 1190, 1189
*
  1.5240000E+01, 9.9822000E+00, -2.9294667E-01, 0.0000000E+00
* ELEM  287  line segment
 1, 0, 1189
*
  1.5240000E+01, 8.6817200E+00, 0.0000000E+00, 1.3004800E+00
* ELEM  288  line segment
 1, 1311, 1279
*
  1.4815820E+01, 8.6817200E+00, 0.0000000E+00, 1.3004800E+00
* ELEM  289  line segment
 1, 1312, 1311
*
  1.4947053E+01, 9.9822000E+00, -1.3123333E-01, 0.0000000E+00
* ELEM  290  line segment
 1, 0, 1147
*
  6.5582800E+00, 1.5240000E+01, -1.3004800E+00, 0.0000000E+00
* ELEM  291  line segment
 1, 1148, 1147
*
  6.5582800E+00, 1.4900910E+01, 0.0000000E+00, 3.3909000E-01
* ELEM  292  line segment
 1, 1175, 1216
*
  7.8587600E+00, 1.4561820E+01, -1.3004800E+00, 0.0000000E+00
* ELEM  293  line segment
 1, 1217, 1216
*
  7.8587600E+00, 1.4338300E+01, 0.0000000E+00, 2.2352000E-01
* ELEM  294  line segment
 1, 1216, 1325
*
  7.8587600E+00, 1.4338300E+01, -1.3004800E+00, 0.0000000E+00
* ELEM  295  line segment
 1, 1148, 1175
*
  7.8587600E+00, 1.4900910E+01, -1.3004800E+00, 0.0000000E+00
* ELEM  296  line segment
 1, 1176, 1175
*
  7.8587600E+00, 1.4561820E+01, 0.0000000E+00, 3.3909000E-01
* ELEM  297  line segment
 1, 1190, 1312
*
  1.4947053E+01, 9.9822000E+00, 0.0000000E+00, 1.3004800E+00
* ELEM  298  line segment
 1, 1191, 1190
*
  1.5240000E+01, 1.1282680E+01, -2.9294667E-01, 0.0000000E+00
* ELEM  299  line segment
 1, 0, 1190
*
  1.5240000E+01, 9.9822000E+00, 0.0000000E+00, 1.3004800E+00
* ELEM  300  line segment
 1, 1312, 1280
*
  1.4815820E+01, 9.9822000E+00, 0.0000000E+00, 1.3004800E+00
* ELEM  301  line segment
 1, 1313, 1312
*
  1.4947053E+01, 1.1282680E+01, -1.3123333E-01, 0.0000000E+00
* ELEM  302  line segment
 1, 0, 1148
*
  7.8587600E+00, 1.5240000E+01, -1.3004800E+00, 0.0000000E+00
* ELEM  303  line segment
 1, 1149, 1148
*
  7.8587600E+00, 1.4900910E+01, 0.0000000E+00, 3.3909000E-01
* ELEM  304  line segment
 1, 1176, 1217
*
  9.1592400E+00, 1.4561820E+01, -1.3004800E+00, 0.0000000E+00
* ELEM  305  line segment
 1, 1228, 1217
*
  9.1592400E+00, 1.4338300E+01, 0.0000000E+00, 2.2352000E-01
* ELEM  306  line segment
 1, 1217, 1326
*
  9.1592400E+00, 1.4338300E+01, -1.3004800E+00, 0.0000000E+00
* ELEM  307  line segment
 1, 1149, 1176
*
  9.1592400E+00, 1.4900910E+01, -1.3004800E+00, 0.0000000E+00
* ELEM  308  line segment
 1, 1186, 1176
*
  9.1592400E+00, 1.4561820E+01, 0.0000000E+00, 3.3909000E-01
* ELEM  309  line segment
 1, 1191, 1313
*
  1.4947053E+01, 1.1282680E+01, 0.0000000E+00, 1.3004800E+00
* ELEM  310  line segment
 1, 1192, 1191
*
  1.5240000E+01, 1.2583160E+01, -2.9294667E-01, 0.0000000E+00
* ELEM  311  line segment
 1, 0, 1191
*
  1.5240000E+01, 1.1282680E+01, 0.0000000E+00, 1.3004800E+00
* ELEM  312  line segment
 1, 1313, 1281
*
  1.4815820E+01, 1.1282680E+01, 0.0000000E+00, 1.3004800E+00
* ELEM  313  line segment
 1, 1214, 1313
*
  1.4947053E+01, 1.2583160E+01, -1.3123333E-01, 0.0000000E+00
* ELEM  314  line segment
 1, 0, 1149
*
  9.1592400E+00, 1.5240000E+01, -1.3004800E+00, 0.0000000E+00
* ELEM  315  line segment
 1, 1177, 1149
*
  9.1592400E+00, 1.4900910E+01, 0.0000000E+00, 3.3909000E-01
* ELEM  316  line segment
 1, 1186, 1228
*
  1.0459720E+01, 1.4561820E+01, -1.3004800E+00, 0.0000000E+00
* ELEM  317  line segment
 1, 1218, 1228
*
  1.0459720E+01, 1.4338300E+01, 0.0000000E+00, 2.2352000E-01
* ELEM  318  line segment
 1, 1228, 1334
*
  1.0459720E+01, 1.4338300E+01, -1.3004800E+00, 0.0000000E+00
* ELEM  319  line segment
 1, 1177, 1186
*
  1.0459720E+01, 1.4900910E+01, -1.3004800E+00, 0.0000000E+00
* ELEM  320  line segment
 1, 1178, 1186
*
  1.0459720E+01, 1.4561820E+01, 0.0000000E+00, 3.3909000E-01
* ELEM  321  line segment
 1, 1192, 1214
*
  1.4947053E+01, 1.2583160E+01, 0.0000000E+00, 1.3004800E+00
* ELEM  322  line segment
 1, 1372, 1192
*
  1.5020290E+01, 1.3883640E+01, -7.3236667E-02, 0.0000000E+00
* ELEM  323  line segment
 1, 1367, 1192
*
  1.5240000E+01, 1.3883640E+01, -2.1971000E-01, 0.0000000E+00
* ELEM  324  line segment
 1, 0, 1192
*
  1.5240000E+01, 1.2583160E+01, 0.0000000E+00, 1.3004800E+00
* ELEM  325  line segment
 1, 1214, 1362
*
  1.4815820E+01, 1.2583160E+01, 0.0000000E+00, 5.3594000E-01
* ELEM  326  circular arc
 3, 1362, 1214
*
  1.3596620E+01, 1.3119100E+01, 1.2192000E+00, 0.0000000E+00, 2.9846583E+01
* ELEM  327  line segment
 1, 1214, 1420
*
  1.4654107E+01, 1.3725871E+01, 0.0000000E+00, 1.5776938E-01
* ELEM  328  line segment
 1, 1371, 1214
*
  1.4800580E+01, 1.3883640E+01, -1.4647333E-01, 0.0000000E+00
* ELEM  329  line segment
 1, 1372, 1214
*
  1.4947053E+01, 1.3883640E+01, -1.4647333E-01, 0.0000000E+00
* ELEM  330  line segment
 1, 0, 1177
*
  1.0459720E+01, 1.5240000E+01, -1.3004800E+00, 0.0000000E+00
* ELEM  331  line segment
 1, 1150, 1177
*
  1.0459720E+01, 1.4900910E+01, 0.0000000E+00, 3.3909000E-01
* ELEM  332  line segment
 1, 1178, 1218
*
  1.1760200E+01, 1.4561820E+01, -1.3004800E+00, 0.0000000E+00
* ELEM  333  line segment
 1, 1219, 1218
*
  1.1760200E+01, 1.4338300E+01, 0.0000000E+00, 2.2352000E-01
* ELEM  334  line segment
 1, 1218, 1327
*
  1.1760200E+01, 1.4338300E+01, -1.3004800E+00, 0.0000000E+00
* ELEM  335  line segment
 1, 1150, 1178
*
  1.1760200E+01, 1.4900910E+01, -1.3004800E+00, 0.0000000E+00
* ELEM  336  line segment
 1, 1179, 1178
*
  1.1760200E+01, 1.4561820E+01, 0.0000000E+00, 3.3909000E-01
* ELEM  337  line segment
 1, 1372, 1371
*
  1.4800580E+01, 1.3883640E+01, 0.0000000E+00, 6.7818000E-01
* ELEM  338  line segment
 1, 1380, 1372
*
  1.5020290E+01, 1.4561820E+01, -2.1971000E-01, 0.0000000E+00
* ELEM  339  line segment
 1, 1367, 1372
*
  1.5020290E+01, 1.3883640E+01, 0.0000000E+00, 6.7818000E-01
* ELEM  340  line segment
 1, 0, 1150
*
  1.1760200E+01, 1.5240000E+01, -1.3004800E+00, 0.0000000E+00
* ELEM  341  line segment
 1, 1151, 1150
*
  1.1760200E+01, 1.4900910E+01, 0.0000000E+00, 3.3909000E-01
* ELEM  342  line segment
 1, 1179, 1219
*
  1.3060680E+01, 1.4561820E+01, -1.3004800E+00, 0.0000000E+00
* ELEM  343  line segment
 1, 1208, 1219
*
  1.3060680E+01, 1.4338300E+01, 0.0000000E+00, 2.2352000E-01
* ELEM  344  line segment
 1, 1219, 1328
*
  1.3060680E+01, 1.4338300E+01, -1.3004800E+00, 0.0000000E+00
* ELEM  345  line segment
 1, 1151, 1179
*
  1.3060680E+01, 1.4900910E+01, -1.3004800E+00, 0.0000000E+00
* ELEM  346  line segment
 1, 1180, 1179
*
  1.3060680E+01, 1.4561820E+01, 0.0000000E+00, 3.3909000E-01
* ELEM  347  line segment
 1, 1373, 1367
*
  1.5240000E+01, 1.4561820E+01, -2.1971000E-01, 0.0000000E+00
* ELEM  348  line segment
 1, 0, 1367
*
  1.5240000E+01, 1.3883640E+01, 0.0000000E+00, 6.7818000E-01
* ELEM  349  line segment
 1, 1371, 1420
*
  1.4654107E+01, 1.3883640E+01, -7.3236667E-02, 0.0000000E+00
* ELEM  350  line segment
 1, 1371, 1381
*
  1.4580870E+01, 1.3883640E+01, 0.0000000E+00, 6.7818000E-01
* ELEM  351  line segment
 1, 1379, 1371
*
  1.4800580E+01, 1.4561820E+01, -2.1971000E-01, 0.0000000E+00
* ELEM  352  line segment
 1, 0, 1151
*
  1.3060680E+01, 1.5240000E+01, -1.3004800E+00, 0.0000000E+00
* ELEM  353  line segment
 1, 1152, 1151
*
  1.3060680E+01, 1.4900910E+01, 0.0000000E+00, 3.3909000E-01
* ELEM  354  line segment
 1, 1180, 1208
*
  1.4361160E+01, 1.4561820E+01, -1.3004800E+00, 0.0000000E+00
* ELEM  355  line segment
 1, 1381, 1208
*
  1.4361160E+01, 1.4222730E+01, 0.0000000E+00, 3.3909000E-01
* ELEM  356  line segment
 1, 1208, 1407
*
  1.4361160E+01, 1.4222730E+01, -2.4641891E-01, 0.0000000E+00
* ELEM  357  circular arc
 3, 1366, 1208
*
  1.3596620E+01, 1.3119100E+01, 1.2192000E+00, 6.4851357E+01, 2.5148643E+01
* ELEM  358  line segment
 1, 1208, 1366
*
  1.3596620E+01, 1.4338300E+01, -5.3594000E-01, 0.0000000E+00
* ELEM  359  line segment
 1, 1152, 1180
*
  1.4361160E+01, 1.4900910E+01, -1.3004800E+00, 0.0000000E+00
* ELEM  360  line segment
 1, 1370, 1180
*
  1.4361160E+01, 1.4561820E+01, 0.0000000E+00, 3.3909000E-01
* ELEM  361  line segment
 1, 1373, 1380
*
  1.5020290E+01, 1.4561820E+01, 0.0000000E+00, 6.7818000E-01
* ELEM  362  line segment
 1, 0, 1373
*
  1.5240000E+01, 1.5240000E+01, -2.1971000E-01, 0.0000000E+00
* ELEM  363  line segment
 1, 0, 1373
*
  1.5240000E+01, 1.4561820E+01, 0.0000000E+00, 6.7818000E-01
* ELEM  364  circular arc
 3, 1269, 1420
*
  1.3596620E+01, 1.3119100E+01, 1.2192000E+00, 2.9846583E+01, 8.9886792E+00
* ELEM  365  line segment
 1, 1381, 1420
*
  1.4580870E+01, 1.3883640E+01, -3.4551507E-02, 0.0000000E+00
* ELEM  366  line segment
 1, 1380, 1379
*
  1.4800580E+01, 1.4561820E+01, 0.0000000E+00, 6.7818000E-01
* ELEM  367  line segment
 1, 0, 1380
*
  1.5020290E+01, 1.5240000E+01, -2.1971000E-01, 0.0000000E+00
* ELEM  368  line segment
 1, 1379, 1370
*
  1.4580870E+01, 1.4561820E+01, 0.0000000E+00, 6.7818000E-01
* ELEM  369  line segment
 1, 0, 1379
*
  1.4800580E+01, 1.5240000E+01, -2.1971000E-01, 0.0000000E+00
* ELEM  370  line segment
 1, 0, 1152
*
  1.4361160E+01, 1.5240000E+01, -1.3004800E+00, 0.0000000E+00
* ELEM  371  line segment
 1, 1370, 1152
*
  1.4361160E+01, 1.4900910E+01, 0.0000000E+00, 3.3909000E-01
* ELEM  372  line segment
 1, 1370, 1381
*
  1.4580870E+01, 1.4561820E+01, -2.1971000E-01, 0.0000000E+00
* ELEM  373  circular arc
 3, 1413, 1381
*
  1.3596620E+01, 1.3119100E+01, 1.2192000E+00, 3.8835262E+01, 1.2329475E+01
* ELEM  374  line segment
 1, 1381, 1407
*
  1.4361160E+01, 1.4068798E+01, 0.0000000E+00, 1.5393151E-01
* ELEM  375  line segment
 1, 0, 1370
*
  1.4580870E+01, 1.5240000E+01, -2.1971000E-01, 0.0000000E+00
* ELEM  376  circular arc
 3, 1234, 1407
*
  1.3596620E+01, 1.3119100E+01, 1.2192000E+00, 5.1164738E+01, 1.3686619E+01
* ELEM  377  line segment
 1, 1233, 1363
*
  1.0172700E+00, 1.2583160E+01, 0.0000000E+00, 1.0540611E+00
* ELEM  378  line segment
 1, 1363, 1323
*
  1.0172700E+00, 1.2583160E+01, -1.1557000E-01, 0.0000000E+00
* ELEM  379  line segment
 1, 1291, 1323
*
  1.0172700E+00, 1.1282680E+01, 0.0000000E+00, 1.3004800E+00
* ELEM  380  line segment
 1, 1323, 1322
*
  1.0172700E+00, 1.1282680E+01, -1.1557000E-01, 0.0000000E+00
* ELEM  381  line segment
 1, 1414, 1233
*
  1.3563600E+00, 1.3883640E+01, -1.8515849E-01, 0.0000000E+00
* ELEM  382  line segment
 1, 1415, 1233
*
  1.3563600E+00, 1.3708243E+01, 0.0000000E+00, 1.7539687E-01
* ELEM  383  circular arc
 3, 1358, 1233
*
  2.1209000E+00, 1.3119100E+01, 9.6520000E-01, 1.4238269E+02, 3.7617311E+01
* ELEM  384  line segment
 1, 1233, 1358
*
  1.1557000E+00, 1.3119100E+01, 0.0000000E+00, -5.3594000E-01
* ELEM  385  line segment
 1, 1233, 1291
*
  1.1557000E+00, 1.2583160E+01, -1.3843000E-01, 0.0000000E+00
* ELEM  386  line segment
 1, 1290, 1322
*
  1.0172700E+00, 9.9822000E+00, 0.0000000E+00, 1.3004800E+00
* ELEM  387  line segment
 1, 1322, 1321
*
  1.0172700E+00, 9.9822000E+00, -1.1557000E-01, 0.0000000E+00
* ELEM  388  line segment
 1, 1291, 1252
*
  1.1557000E+00, 1.2583160E+01, 0.0000000E+00, -1.3004800E+00
* ELEM  389  line segment
 1, 1291, 1290
*
  1.1557000E+00, 1.1282680E+01, -1.3843000E-01, 0.0000000E+00
* ELEM  390  line segment
 1, 1231, 1414
*
  1.3563600E+00, 1.3883640E+01, 0.0000000E+00, 1.8515849E-01
* ELEM  391  line segment
 1, 1289, 1321
*
  1.0172700E+00, 8.6817200E+00, 0.0000000E+00, 1.3004800E+00
* ELEM  392  line segment
 1, 1321, 1333
*
  1.0172700E+00, 8.6817200E+00, -1.1557000E-01, 0.0000000E+00
* ELEM  393  line segment
 1, 1290, 1258
*
  1.1557000E+00, 1.1282680E+01, 0.0000000E+00, -1.3004800E+00
* ELEM  394  line segment
 1, 1290, 1289
*
  1.1557000E+00, 9.9822000E+00, -1.3843000E-01, 0.0000000E+00
* ELEM  395  line segment
 1, 1364, 1231
*
  2.6568400E+00, 1.4222730E+01, -1.0540611E+00, 0.0000000E+00
* ELEM  396  line segment
 1, 1300, 1231
*
  2.6568400E+00, 1.4084300E+01, 0.0000000E+00, 1.3843000E-01
* ELEM  397  line segment
 1, 1231, 1355
*
  2.6568400E+00, 1.4084300E+01, -5.3594000E-01, 0.0000000E+00
* ELEM  398  circular arc
 3, 1355, 1231
*
  2.1209000E+00, 1.3119100E+01, 9.6520000E-01, 9.0000000E+01, 3.7617311E+01
* ELEM  399  line segment
 1, 1415, 1231
*
  1.3563600E+00, 1.3883640E+01, 1.7539687E-01, 0.0000000E+00
* ELEM  400  circular arc
 3, 27, 1415
*
  2.1209000E+00, 1.3119100E+01, 9.6520000E-01, 1.2761731E+02, 1.4765378E+01
* ELEM  401  line segment
 1, 1301, 1333
*
  1.0172700E+00, 7.3812400E+00, 0.0000000E+00, 1.3004800E+00
* ELEM  402  line segment
 1, 1333, 1320
*
  1.0172700E+00, 7.3812400E+00, -1.1557000E-01, 0.0000000E+00
* ELEM  403  line segment
 1, 1289, 1250
*
  1.1557000E+00, 9.9822000E+00, 0.0000000E+00, -1.3004800E+00
* ELEM  404  line segment
 1, 1289, 1301
*
  1.1557000E+00, 8.6817200E+00, -1.3843000E-01, 0.0000000E+00
* ELEM  405  line segment
 1, 1330, 1364
*
  2.6568400E+00, 1.4222730E+01, 0.0000000E+00, 1.1557000E-01
* ELEM  406  line segment
 1, 1288, 1320
*
  1.0172700E+00, 6.0807600E+00, 0.0000000E+00, 1.3004800E+00
* ELEM  407  line segment
 1, 1320, 1319
*
  1.0172700E+00, 6.0807600E+00, -1.1557000E-01, 0.0000000E+00
* ELEM  408  line segment
 1, 1301, 1264
*
  1.1557000E+00, 8.6817200E+00, 0.0000000E+00, -1.3004800E+00
* ELEM  409  line segment
 1, 1301, 1288
*
  1.1557000E+00, 7.3812400E+00, -1.3843000E-01, 0.0000000E+00
* ELEM  410  line segment
 1, 1330, 1300
*
  3.9573200E+00, 1.4222730E+01, -1.3004800E+00, 0.0000000E+00
* ELEM  411  line segment
 1, 1298, 1300
*
  3.9573200E+00, 1.4084300E+01, 0.0000000E+00, 1.3843000E-01
* ELEM  412  line segment
 1, 1300, 1259
*
  3.9573200E+00, 1.4084300E+01, -1.3004800E+00, 0.0000000E+00
* ELEM  413  line segment
 1, 1332, 1330
*
  3.9573200E+00, 1.4222730E+01, 0.0000000E+00, 1.1557000E-01
* ELEM  414  line segment
 1, 1287, 1319
*
  1.0172700E+00, 4.7802800E+00, 0.0000000E+00, 1.3004800E+00
* ELEM  415  line segment
 1, 1319, 1331
*
  1.0172700E+00, 4.7802800E+00, -1.1557000E-01, 0.0000000E+00
* ELEM  416  line segment
 1, 1288, 1249
*
  1.1557000E+00, 7.3812400E+00, 0.0000000E+00, -1.3004800E+00
* ELEM  417  line segment
 1, 1288, 1287
*
  1.1557000E+00, 6.0807600E+00, -1.3843000E-01, 0.0000000E+00
* ELEM  418  line segment
 1, 1332, 1298
*
  5.2578000E+00, 1.4222730E+01, -1.3004800E+00, 0.0000000E+00
* ELEM  419  line segment
 1, 1292, 1298
*
  5.2578000E+00, 1.4084300E+01, 0.0000000E+00, 1.3843000E-01
* ELEM  420  line segment
 1, 1298, 1260
*
  5.2578000E+00, 1.4084300E+01, -1.3004800E+00, 0.0000000E+00
* ELEM  421  line segment
 1, 1324, 1332
*
  5.2578000E+00, 1.4222730E+01, 0.0000000E+00, 1.1557000E-01
* ELEM  422  line segment
 1, 1297, 1331
*
  1.0172700E+00, 3.4798000E+00, 0.0000000E+00, 1.3004800E+00
* ELEM  423  line segment
 1, 1331, 1329
*
  1.0172700E+00, 3.4798000E+00, -1.1557000E-01, 0.0000000E+00
* ELEM  424  line segment
 1, 1287, 1251
*
  1.1557000E+00, 6.0807600E+00, 0.0000000E+00, -1.3004800E+00
* ELEM  425  line segment
 1, 1287, 1297
*
  1.1557000E+00, 4.7802800E+00, -1.3843000E-01, 0.0000000E+00
* ELEM  426  line segment
 1, 1324, 1292
*
  6.5582800E+00, 1.4222730E+01, -1.3004800E+00, 0.0000000E+00
* ELEM  427  line segment
 1, 1293, 1292
*
  6.5582800E+00, 1.4084300E+01, 0.0000000E+00, 1.3843000E-01
* ELEM  428  line segment
 1, 1292, 1241
*
  6.5582800E+00, 1.4084300E+01, -1.3004800E+00, 0.0000000E+00
* ELEM  429  line segment
 1, 1325, 1324
*
  6.5582800E+00, 1.4222730E+01, 0.0000000E+00, 1.1557000E-01
* ELEM  430  line segment
 1, 1299, 1329
*
  1.0172700E+00, 2.1793200E+00, 0.0000000E+00, 1.3004800E+00
* ELEM  431  line segment
 1, 1329, 1365
*
  1.0172700E+00, 2.1793200E+00, -1.1557000E-01, 0.0000000E+00
* ELEM  432  line segment
 1, 1297, 1257
*
  1.1557000E+00, 4.7802800E+00, 0.0000000E+00, -1.3004800E+00
* ELEM  433  line segment
 1, 1297, 1299
*
  1.1557000E+00, 3.4798000E+00, -1.3843000E-01, 0.0000000E+00
* ELEM  434  line segment
 1, 1325, 1293
*
  7.8587600E+00, 1.4222730E+01, -1.3004800E+00, 0.0000000E+00
* ELEM  435  line segment
 1, 1294, 1293
*
  7.8587600E+00, 1.4084300E+01, 0.0000000E+00, 1.3843000E-01
* ELEM  436  line segment
 1, 1293, 1236
*
  7.8587600E+00, 1.4084300E+01, -1.3004800E+00, 0.0000000E+00
* ELEM  437  line segment
 1, 1326, 1325
*
  7.8587600E+00, 1.4222730E+01, 0.0000000E+00, 1.1557000E-01
* ELEM  438  line segment
 1, 1232, 1365
*
  1.0172700E+00, 1.1252589E+00, 0.0000000E+00, 1.0540611E+00
* ELEM  439  line segment
 1, 1299, 1262
*
  1.1557000E+00, 3.4798000E+00, 0.0000000E+00, -1.3004800E+00
* ELEM  440  line segment
 1, 1299, 1232
*
  1.1557000E+00, 2.1793200E+00, -1.3843000E-01, 0.0000000E+00
* ELEM  441  line segment
 1, 1326, 1294
*
  9.1592400E+00, 1.4222730E+01, -1.3004800E+00, 0.0000000E+00
* ELEM  442  line segment
 1, 1302, 1294
*
  9.1592400E+00, 1.4084300E+01, 0.0000000E+00, 1.3843000E-01
* ELEM  443  line segment
 1, 1294, 1237
*
  9.1592400E+00, 1.4084300E+01, -1.3004800E+00, 0.0000000E+00
* ELEM  444  line segment
 1, 1334, 1326
*
  9.1592400E+00, 1.4222730E+01, 0.0000000E+00, 1.1557000E-01
* ELEM  445  line segment
 1, 1232, 1356
*
  1.1557000E+00, 2.1793200E+00, 0.0000000E+00, -5.3594000E-01
* ELEM  446  circular arc
 3, 1356, 1232
*
  2.1209000E+00, 1.6433800E+00, 9.6520000E-01, 1.8000000E+02, 3.7617311E+01
* ELEM  447  line segment
 1, 1416, 1232
*
  1.3563600E+00, 8.7884000E-01, 0.0000000E+00, 1.7539687E-01
* ELEM  448  line segment
 1, 1232, 1412
*
  1.3563600E+00, 8.7884000E-01, -1.8515849E-01, 0.0000000E+00
* ELEM  449  line segment
 1, 1334, 1302
*
  1.0459720E+01, 1.4222730E+01, -1.3004800E+00, 0.0000000E+00
* ELEM  450  line segment
 1, 1295, 1302
*
  1.0459720E+01, 1.4084300E+01, 0.0000000E+00, 1.3843000E-01
* ELEM  451  line segment
 1, 1302, 1265
*
  1.0459720E+01, 1.4084300E+01, -1.3004800E+00, 0.0000000E+00
* ELEM  452  line segment
 1, 1327, 1334
*
  1.0459720E+01, 1.4222730E+01, 0.0000000E+00, 1.1557000E-01
* ELEM  453  line segment
 1, 1327, 1295
*
  1.1760200E+01, 1.4222730E+01, -1.3004800E+00, 0.0000000E+00
* ELEM  454  line segment
 1, 1296, 1295
*
  1.1760200E+01, 1.4084300E+01, 0.0000000E+00, 1.3843000E-01
* ELEM  455  line segment
 1, 1295, 1238
*
  1.1760200E+01, 1.4084300E+01, -1.3004800E+00, 0.0000000E+00
* ELEM  456  line segment
 1, 1328, 1327
*
  1.1760200E+01, 1.4222730E+01, 0.0000000E+00, 1.1557000E-01
* ELEM  457  line segment
 1, 1270, 1412
*
  1.3563600E+00, 6.9368151E-01, 0.0000000E+00, 1.8515849E-01
* ELEM  458  line segment
 1, 1328, 1296
*
  1.3060680E+01, 1.4222730E+01, -1.3004800E+00, 0.0000000E+00
* ELEM  459  line segment
 1, 1234, 1296
*
  1.3060680E+01, 1.4084300E+01, 0.0000000E+00, 1.3843000E-01
* ELEM  460  line segment
 1, 1296, 1244
*
  1.3060680E+01, 1.4084300E+01, -1.3004800E+00, 0.0000000E+00
* ELEM  461  line segment
 1, 1366, 1328
*
  1.3060680E+01, 1.4222730E+01, 0.0000000E+00, 1.1557000E-01
* ELEM  462  line segment
 1, 1416, 1270
*
  1.5317569E+00, 8.7884000E-01, -1.7539687E-01, 0.0000000E+00
* ELEM  463  circular arc
 3, 1357, 1270
*
  2.1209000E+00, 1.6433800E+00, 9.6520000E-01, 2.3238269E+02, 3.7617311E+01
* ELEM  464  line segment
 1, 1270, 1357
*
  2.1209000E+00, 6.7818000E-01, 5.3594000E-01, 0.0000000E+00
* ELEM  465  line segment
 1, 1346, 1270
*
  2.6568400E+00, 5.8589333E-01, 0.0000000E+00, 9.2286667E-02
* ELEM  466  line segment
 1, 1270, 1361
*
  2.6568400E+00, 5.8589333E-01, -1.1427106E+00, 0.0000000E+00
* ELEM  467  circular arc
 3, 95, 1416
*
  2.1209000E+00, 1.6433800E+00, 9.6520000E-01, 2.1761731E+02, 1.4765378E+01
* ELEM  468  line segment
 1, 1366, 1234
*
  1.4114741E+01, 1.4222730E+01, -1.0540611E+00, 0.0000000E+00
* ELEM  469  line segment
 1, 1413, 1234
*
  1.4361160E+01, 1.3883640E+01, 0.0000000E+00, 1.8515849E-01
* ELEM  470  line segment
 1, 1418, 1234
*
  1.4185763E+01, 1.3883640E+01, 1.7539687E-01, 0.0000000E+00
* ELEM  471  circular arc
 3, 1352, 1234
*
  1.3596620E+01, 1.3119100E+01, 9.6520000E-01, 5.2382689E+01, 3.7617311E+01
* ELEM  472  line segment
 1, 1234, 1352
*
  1.3596620E+01, 1.4084300E+01, -5.3594000E-01, 0.0000000E+00
* ELEM  473  line segment
 1, 1276, 1361
*
  2.6568400E+00, 4.2418000E-01, 0.0000000E+00, 1.6171333E-01
* ELEM  474  line segment
 1, 1346, 1276
*
  3.9573200E+00, 5.8589333E-01, -1.3004800E+00, 0.0000000E+00
* ELEM  475  line segment
 1, 1282, 1276
*
  3.9573200E+00, 4.2418000E-01, 0.0000000E+00, 1.6171333E-01
* ELEM  476  line segment
 1, 1346, 1253
*
  2.6568400E+00, 6.7818000E-01, 1.3004800E+00, 0.0000000E+00
* ELEM  477  line segment
 1, 1348, 1346
*
  3.9573200E+00, 5.8589333E-01, 0.0000000E+00, 9.2286667E-02
* ELEM  478  line segment
 1, 1413, 1269
*
  1.4546318E+01, 1.3883640E+01, -1.8515849E-01, 0.0000000E+00
* ELEM  479  line segment
 1, 1348, 1282
*
  5.2578000E+00, 5.8589333E-01, -1.3004800E+00, 0.0000000E+00
* ELEM  480  line segment
 1, 1271, 1282
*
  5.2578000E+00, 4.2418000E-01, 0.0000000E+00, 1.6171333E-01
* ELEM  481  line segment
 1, 1348, 1261
*
  3.9573200E+00, 6.7818000E-01, 1.3004800E+00, 0.0000000E+00
* ELEM  482  line segment
 1, 1340, 1348
*
  5.2578000E+00, 5.8589333E-01, 0.0000000E+00, 9.2286667E-02
* ELEM  483  line segment
 1, 1418, 1269
*
  1.4361160E+01, 1.3883640E+01, 0.0000000E+00, -1.7539687E-01
* ELEM  484  circular arc
 3, 123, 1418
*
  1.3596620E+01, 1.3119100E+01, 9.6520000E-01, 3.7617311E+01, 1.4765378E+01
* ELEM  485  line segment
 1, 1362, 1269
*
  1.4654107E+01, 1.2583160E+01, 0.0000000E+00, 1.1427106E+00
* ELEM  486  line segment
 1, 1269, 1339
*
  1.4654107E+01, 1.2583160E+01, -9.2286667E-02, 0.0000000E+00
* ELEM  487  line segment
 1, 1269, 1353
*
  1.4561820E+01, 1.2583160E+01, 0.0000000E+00, 5.3594000E-01
* ELEM  488  circular arc
 3, 1353, 1269
*
  1.3596620E+01, 1.3119100E+01, 9.6520000E-01, 0.0000000E+00, 3.7617311E+01
* ELEM  489  line segment
 1, 1340, 1271
*
  6.5582800E+00, 5.8589333E-01, -1.3004800E+00, 0.0000000E+00
* ELEM  490  line segment
 1, 1272, 1271
*
  6.5582800E+00, 4.2418000E-01, 0.0000000E+00, 1.6171333E-01
* ELEM  491  line segment
 1, 1340, 1239
*
  5.2578000E+00, 6.7818000E-01, 1.3004800E+00, 0.0000000E+00
* ELEM  492  line segment
 1, 1341, 1340
*
  6.5582800E+00, 5.8589333E-01, 0.0000000E+00, 9.2286667E-02
* ELEM  493  line segment
 1, 1362, 1281
*
  1.4815820E+01, 1.2583160E+01, -1.6171333E-01, 0.0000000E+00
* ELEM  494  line segment
 1, 1341, 1272
*
  7.8587600E+00, 5.8589333E-01, -1.3004800E+00, 0.0000000E+00
* ELEM  495  line segment
 1, 1273, 1272
*
  7.8587600E+00, 4.2418000E-01, 0.0000000E+00, 1.6171333E-01
* ELEM  496  line segment
 1, 1341, 1240
*
  6.5582800E+00, 6.7818000E-01, 1.3004800E+00, 0.0000000E+00
* ELEM  497  line segment
 1, 1342, 1341
*
  7.8587600E+00, 5.8589333E-01, 0.0000000E+00, 9.2286667E-02
* ELEM  498  line segment
 1, 1281, 1280
*
  1.4815820E+01, 1.1282680E+01, -1.6171333E-01, 0.0000000E+00
* ELEM  499  line segment
 1, 1281, 1339
*
  1.4654107E+01, 1.1282680E+01, 0.0000000E+00, 1.3004800E+00
* ELEM  500  line segment
 1, 1339, 1338
*
  1.4654107E+01, 1.1282680E+01, -9.2286667E-02, 0.0000000E+00
* ELEM  501  line segment
 1, 1339, 1248
*
  1.4561820E+01, 1.1282680E+01, 0.0000000E+00, 1.3004800E+00
* ELEM  502  line segment
 1, 1342, 1273
*
  9.1592400E+00, 5.8589333E-01, -1.3004800E+00, 0.0000000E+00
* ELEM  503  line segment
 1, 1285, 1273
*
  9.1592400E+00, 4.2418000E-01, 0.0000000E+00, 1.6171333E-01
* ELEM  504  line segment
 1, 1342, 1235
*
  7.8587600E+00, 6.7818000E-01, 1.3004800E+00, 0.0000000E+00
* ELEM  505  line segment
 1, 1350, 1342
*
  9.1592400E+00, 5.8589333E-01, 0.0000000E+00, 9.2286667E-02
* ELEM  506  line segment
 1, 1280, 1279
*
  1.4815820E+01, 9.9822000E+00, -1.6171333E-01, 0.0000000E+00
* ELEM  507  line segment
 1, 1280, 1338
*
  1.4654107E+01, 9.9822000E+00, 0.0000000E+00, 1.3004800E+00
* ELEM  508  line segment
 1, 1338, 1337
*
  1.4654107E+01, 9.9822000E+00, -9.2286667E-02, 0.0000000E+00
* ELEM  509  line segment
 1, 1338, 1256
*
  1.4561820E+01, 9.9822000E+00, 0.0000000E+00, 1.3004800E+00
* ELEM  510  line segment
 1, 1350, 1285
*
  1.0459720E+01, 5.8589333E-01, -1.3004800E+00, 0.0000000E+00
* ELEM  511  line segment
 1, 1274, 1285
*
  1.0459720E+01, 4.2418000E-01, 0.0000000E+00, 1.6171333E-01
* ELEM  512  line segment
 1, 1350, 1266
*
  9.1592400E+00, 6.7818000E-01, 1.3004800E+00, 0.0000000E+00
* ELEM  513  line segment
 1, 1343, 1350
*
  1.0459720E+01, 5.8589333E-01, 0.0000000E+00, 9.2286667E-02
* ELEM  514  line segment
 1, 1279, 1286
*
  1.4815820E+01, 8.6817200E+00, -1.6171333E-01, 0.0000000E+00
* ELEM  515  line segment
 1, 1279, 1337
*
  1.4654107E+01, 8.6817200E+00, 0.0000000E+00, 1.3004800E+00
* ELEM  516  line segment
 1, 1337, 1349
*
  1.4654107E+01, 8.6817200E+00, -9.2286667E-02, 0.0000000E+00
* ELEM  517  line segment
 1, 1337, 1247
*
  1.4561820E+01, 8.6817200E+00, 0.0000000E+00, 1.3004800E+00
* ELEM  518  line segment
 1, 1343, 1274
*
  1.1760200E+01, 5.8589333E-01, -1.3004800E+00, 0.0000000E+00
* ELEM  519  line segment
 1, 1275, 1274
*
  1.1760200E+01, 4.2418000E-01, 0.0000000E+00, 1.6171333E-01
* ELEM  520  line segment
 1, 1343, 1242
*
  1.0459720E+01, 6.7818000E-01, 1.3004800E+00, 0.0000000E+00
* ELEM  521  line segment
 1, 1344, 1343
*
  1.1760200E+01, 5.8589333E-01, 0.0000000E+00, 9.2286667E-02
* ELEM  522  line segment
 1, 1286, 1278
*
  1.4815820E+01, 7.3812400E+00, -1.6171333E-01, 0.0000000E+00
* ELEM  523  line segment
 1, 1286, 1349
*
  1.4654107E+01, 7.3812400E+00, 0.0000000E+00, 1.3004800E+00
* ELEM  524  line segment
 1, 1349, 1336
*
  1.4654107E+01, 7.3812400E+00, -9.2286667E-02, 0.0000000E+00
* ELEM  525  line segment
 1, 1349, 1263
*
  1.4561820E+01, 7.3812400E+00, 0.0000000E+00, 1.3004800E+00
* ELEM  526  line segment
 1, 1344, 1275
*
  1.3060680E+01, 5.8589333E-01, -1.3004800E+00, 0.0000000E+00
* ELEM  527  line segment
 1, 1360, 1275
*
  1.3060680E+01, 4.2418000E-01, 0.0000000E+00, 1.6171333E-01
* ELEM  528  line segment
 1, 1344, 1243
*
  1.1760200E+01, 6.7818000E-01, 1.3004800E+00, 0.0000000E+00
* ELEM  529  line segment
 1, 1267, 1344
*
  1.3060680E+01, 5.8589333E-01, 0.0000000E+00, 9.2286667E-02
* ELEM  530  line segment
 1, 1278, 1277
*
  1.4815820E+01, 6.0807600E+00, -1.6171333E-01, 0.0000000E+00
* ELEM  531  line segment
 1, 1278, 1336
*
  1.4654107E+01, 6.0807600E+00, 0.0000000E+00, 1.3004800E+00
* ELEM  532  line segment
 1, 1336, 1335
*
  1.4654107E+01, 6.0807600E+00, -9.2286667E-02, 0.0000000E+00
* ELEM  533  line segment
 1, 1336, 1246
*
  1.4561820E+01, 6.0807600E+00, 0.0000000E+00, 1.3004800E+00
* ELEM  534  line segment
 1, 1267, 1360
*
  1.4203391E+01, 5.8589333E-01, -1.1427106E+00, 0.0000000E+00
* ELEM  535  line segment
 1, 1267, 1351
*
  1.3060680E+01, 6.7818000E-01, 5.3594000E-01, 0.0000000E+00
* ELEM  536  circular arc
 3, 1351, 1267
*
  1.3596620E+01, 1.6433800E+00, 9.6520000E-01, 2.7000000E+02, 3.7617311E+01
* ELEM  537  line segment
 1, 1417, 1267
*
  1.4361160E+01, 8.7884000E-01, -1.7539687E-01, 0.0000000E+00
* ELEM  538  line segment
 1, 1411, 1267
*
  1.4361160E+01, 6.9368151E-01, 0.0000000E+00, 1.8515849E-01
* ELEM  539  line segment
 1, 1277, 1284
*
  1.4815820E+01, 4.7802800E+00, -1.6171333E-01, 0.0000000E+00
* ELEM  540  line segment
 1, 1277, 1335
*
  1.4654107E+01, 4.7802800E+00, 0.0000000E+00, 1.3004800E+00
* ELEM  541  line segment
 1, 1335, 1347
*
  1.4654107E+01, 4.7802800E+00, -9.2286667E-02, 0.0000000E+00
* ELEM  542  line segment
 1, 1335, 1245
*
  1.4561820E+01, 4.7802800E+00, 0.0000000E+00, 1.3004800E+00
* ELEM  543  line segment
 1, 1284, 1283
*
  1.4815820E+01, 3.4798000E+00, -1.6171333E-01, 0.0000000E+00
* ELEM  544  line segment
 1, 1284, 1347
*
  1.4654107E+01, 3.4798000E+00, 0.0000000E+00, 1.3004800E+00
* ELEM  545  line segment
 1, 1347, 1345
*
  1.4654107E+01, 3.4798000E+00, -9.2286667E-02, 0.0000000E+00
* ELEM  546  line segment
 1, 1347, 1255
*
  1.4561820E+01, 3.4798000E+00, 0.0000000E+00, 1.3004800E+00
* ELEM  547  line segment
 1, 1268, 1411
*
  1.4546318E+01, 8.7884000E-01, -1.8515849E-01, 0.0000000E+00
* ELEM  548  line segment
 1, 1283, 1359
*
  1.4815820E+01, 2.1793200E+00, -1.6171333E-01, 0.0000000E+00
* ELEM  549  line segment
 1, 1283, 1345
*
  1.4654107E+01, 2.1793200E+00, 0.0000000E+00, 1.3004800E+00
* ELEM  550  line segment
 1, 1345, 1268
*
  1.4654107E+01, 2.1793200E+00, -9.2286667E-02, 0.0000000E+00
* ELEM  551  line segment
 1, 1345, 1254
*
  1.4561820E+01, 2.1793200E+00, 0.0000000E+00, 1.3004800E+00
* ELEM  552  line segment
 1, 1417, 1268
*
  1.4361160E+01, 1.0542369E+00, 0.0000000E+00, -1.7539687E-01
* ELEM  553  circular arc
 3, 1354, 1268
*
  1.3596620E+01, 1.6433800E+00, 9.6520000E-01, 3.2238269E+02, 3.7617311E+01
* ELEM  554  line segment
 1, 1268, 1354
*
  1.4561820E+01, 1.6433800E+00, 0.0000000E+00, 5.3594000E-01
* ELEM  555  line segment
 1, 1359, 1268
*
  1.4654107E+01, 1.0366094E+00, 0.0000000E+00, 1.1427106E+00
* ELEM  556  circular arc
 3, 1061, 1417
*
  1.3596620E+01, 1.6433800E+00, 9.6520000E-01, 3.0761731E+02, 1.4765378E+01
* ELEM  557  line segment
 1, 1262, 1356
*
  1.3563600E+00, 2.1793200E+00, -2.0066000E-01, 0.0000000E+00
* ELEM  558  line segment
 1, 95, 1356
*
  1.3563600E+00, 1.0542369E+00, 0.0000000E+00, 3.0073035E-01
* ELEM  559  line segment
 1, 1356, 98
*
  1.3563600E+00, 2.0283128E+00, 0.0000000E+00, -6.7334557E-01
* ELEM  560  line segment
 1, 101, 1356
*
  1.3563600E+00, 2.0283128E+00, 0.0000000E+00, 1.5100722E-01
* ELEM  561  line segment
 1, 95, 97
*
  1.3563600E+00, 1.3549672E+00, 4.7612722E-01, -4.7612722E-01
* ELEM  562  line segment
 1, 95, 1357
*
  1.8324872E+00, 8.7884000E-01, -3.0073035E-01, 0.0000000E+00
* ELEM  563  line segment
 1, 98, 97
*
  1.6024431E+00, 1.4568982E+00, -2.4608306E-01, -1.0193094E-01
* ELEM  564  circular arc
 3, 107, 97
*
  2.1691600E+00, 1.6916400E+00, 6.1341000E-01, 2.0250000E+02, 4.5000000E+01
* ELEM  565  line segment
 1, 97, 96
*
  1.9344182E+00, 1.1249231E+00, -1.0193094E-01, -2.4608306E-01
* ELEM  566  line segment
 1, 102, 98
*
  1.6024431E+00, 1.9263818E+00, -2.4608306E-01, 1.0193094E-01
* ELEM  567  circular arc
 3, 107, 98
*
  2.1691600E+00, 1.6916400E+00, 6.1341000E-01, 1.5750000E+02, 4.5000000E+01
* ELEM  568  line segment
 1, 101, 102
*
  1.8324872E+00, 2.5044400E+00, -4.7612722E-01, -4.7612722E-01
* ELEM  569  line segment
 1, 104, 102
*
  1.9344182E+00, 2.2583569E+00, -1.0193094E-01, 2.4608306E-01
* ELEM  570  circular arc
 3, 107, 102
*
  2.1691600E+00, 1.6916400E+00, 6.1341000E-01, 1.1250000E+02, 4.5000000E+01
* ELEM  571  line segment
 1, 101, 1262
*
  1.3563600E+00, 2.1793200E+00, 0.0000000E+00, 3.2512000E-01
* ELEM  572  line segment
 1, 1039, 101
*
  1.8324872E+00, 2.5044400E+00, -4.7612722E-01, 0.0000000E+00
* ELEM  573  circular arc
 3, 107, 96
*
  2.1691600E+00, 1.6916400E+00, 6.1341000E-01, 2.4750000E+02, 4.5000000E+01
* ELEM  574  line segment
 1, 96, 100
*
  2.4039018E+00, 1.1249231E+00, 1.0193094E-01, -2.4608306E-01
* ELEM  575  line segment
 1, 1357, 96
*
  1.8324872E+00, 8.7884000E-01, 6.7334557E-01, 0.0000000E+00
* ELEM  576  circular arc
 3, 107, 103
*
  2.1691600E+00, 1.6916400E+00, 6.1341000E-01, 0.0000000E+00, 2.2500000E+01
* ELEM  577  circular arc
 3, 107, 106
*
  2.1691600E+00, 1.6916400E+00, 6.1341000E-01, 2.2500000E+01, 4.5000000E+01
* ELEM  578  circular arc
 3, 107, 104
*
  2.1691600E+00, 1.6916400E+00, 6.1341000E-01, 6.7500000E+01, 4.5000000E+01
* ELEM  579  circular arc
 3, 107, 100
*
  2.1691600E+00, 1.6916400E+00, 6.1341000E-01, 2.9250000E+02, 4.5000000E+01
* ELEM  580  circular arc
 3, 107, 103
*
  2.1691600E+00, 1.6916400E+00, 6.1341000E-01, 3.3750000E+02, 2.2500000E+01
* ELEM  581  circle
 2, 108, 107
*
  2.1691600E+00, 1.6916400E+00, 5.3213000E-01, 0.0000000E+00
* ELEM  582  line segment
 1, 1040, 104
*
  2.5058328E+00, 2.5044400E+00, -6.7334557E-01, 0.0000000E+00
* ELEM  583  line segment
 1, 106, 104
*
  2.4039018E+00, 2.2583569E+00, 1.0193094E-01, 2.4608306E-01
* ELEM  584  line segment
 1, 1041, 1040
*
  1.9344182E+00, 2.7505231E+00, -1.0193094E-01, -2.4608306E-01
* ELEM  585  circular arc
 3, 1051, 1040
*
  2.1691600E+00, 3.3172400E+00, 6.1341000E-01, 2.4750000E+02, 4.5000000E+01
* ELEM  586  line segment
 1, 1040, 1044
*
  2.4039018E+00, 2.7505231E+00, 1.0193094E-01, -2.4608306E-01
* ELEM  587  line segment
 1, 1262, 1039
*
  1.3563600E+00, 2.9805672E+00, 0.0000000E+00, -4.7612722E-01
* ELEM  588  line segment
 1, 1039, 1041
*
  1.3563600E+00, 2.9805672E+00, 4.7612722E-01, -4.7612722E-01
* ELEM  589  line segment
 1, 1042, 1041
*
  1.6024431E+00, 3.0824982E+00, -2.4608306E-01, -1.0193094E-01
* ELEM  590  circular arc
 3, 1051, 1041
*
  2.1691600E+00, 3.3172400E+00, 6.1341000E-01, 2.0250000E+02, 4.5000000E+01
* ELEM  591  line segment
 1, 99, 100
*
  2.5058328E+00, 8.7884000E-01, 4.7612722E-01, 4.7612722E-01
* ELEM  592  line segment
 1, 99, 77
*
  2.9819600E+00, 1.3549672E+00, 0.0000000E+00, -4.7612722E-01
* ELEM  593  line segment
 1, 99, 1253
*
  2.9819600E+00, 8.7884000E-01, -3.2512000E-01, 0.0000000E+00
* ELEM  594  line segment
 1, 99, 1357
*
  2.6568400E+00, 8.7884000E-01, -1.5100722E-01, 0.0000000E+00
* ELEM  595  line segment
 1, 100, 103
*
  2.7358769E+00, 1.4568982E+00, 2.4608306E-01, -1.0193094E-01
* ELEM  596  line segment
 1, 103, 106
*
  2.7358769E+00, 1.9263818E+00, 2.4608306E-01, 1.0193094E-01
* ELEM  597  line segment
 1, 105, 106
*
  2.9819600E+00, 2.0283128E+00, -4.7612722E-01, 4.7612722E-01
* ELEM  598  line segment
 1, 1043, 105
*
  2.9819600E+00, 2.5044400E+00, -4.7612722E-01, 0.0000000E+00
* ELEM  599  line segment
 1, 105, 83
*
  2.9819600E+00, 2.5044400E+00, 0.0000000E+00, -4.7612722E-01
* ELEM  600  line segment
 1, 1043, 1044
*
  2.5058328E+00, 2.5044400E+00, 4.7612722E-01, 4.7612722E-01
* ELEM  601  line segment
 1, 1043, 1021
*
  2.9819600E+00, 2.9805672E+00, 0.0000000E+00, -4.7612722E-01
* ELEM  602  circular arc
 3, 1051, 1044
*
  2.1691600E+00, 3.3172400E+00, 6.1341000E-01, 2.9250000E+02, 4.5000000E+01
* ELEM  603  line segment
 1, 1044, 1047
*
  2.7358769E+00, 3.0824982E+00, 2.4608306E-01, -1.0193094E-01
* ELEM  604  line segment
 1, 1042, 1262
*
  1.3563600E+00, 2.9805672E+00, 0.0000000E+00, 4.9923278E-01
* ELEM  605  line segment
 1, 1042, 1257
*
  1.3563600E+00, 3.4798000E+00, 0.0000000E+00, 1.7411278E-01
* ELEM  606  line segment
 1, 1046, 1042
*
  1.6024431E+00, 3.5519818E+00, -2.4608306E-01, 1.0193094E-01
* ELEM  607  circular arc
 3, 1051, 1042
*
  2.1691600E+00, 3.3172400E+00, 6.1341000E-01, 1.5750000E+02, 4.5000000E+01
* ELEM  608  circular arc
 3, 1051, 1047
*
  2.1691600E+00, 3.3172400E+00, 6.1341000E-01, 0.0000000E+00, 2.2500000E+01
* ELEM  609  circular arc
 3, 1051, 1050
*
  2.1691600E+00, 3.3172400E+00, 6.1341000E-01, 2.2500000E+01, 4.5000000E+01
* ELEM  610  circular arc
 3, 1051, 1048
*
  2.1691600E+00, 3.3172400E+00, 6.1341000E-01, 6.7500000E+01, 4.5000000E+01
* ELEM  611  circular arc
 3, 1051, 1046
*
  2.1691600E+00, 3.3172400E+00, 6.1341000E-01, 1.1250000E+02, 4.5000000E+01
* ELEM  612  circular arc
 3, 1051, 1047
*
  2.1691600E+00, 3.3172400E+00, 6.1341000E-01, 3.3750000E+02, 2.2500000E+01
* ELEM  613  circle
 2, 1052, 1051
*
  2.1691600E+00, 3.3172400E+00, 5.3213000E-01, 0.0000000E+00
* ELEM  614  line segment
 1, 77, 79
*
  2.9819600E+00, 1.3549672E+00, 4.7612722E-01, -4.7612722E-01
* ELEM  615  line segment
 1, 1253, 77
*
  2.9819600E+00, 8.7884000E-01, 4.7612722E-01, 0.0000000E+00
* ELEM  616  line segment
 1, 80, 79
*
  3.2280431E+00, 1.4568982E+00, -2.4608306E-01, -1.0193094E-01
* ELEM  617  circular arc
 3, 89, 79
*
  3.7947600E+00, 1.6916400E+00, 6.1341000E-01, 2.0250000E+02, 4.5000000E+01
* ELEM  618  line segment
 1, 79, 78
*
  3.5600182E+00, 1.1249231E+00, -1.0193094E-01, -2.4608306E-01
* ELEM  619  line segment
 1, 103, 80
*
  2.9819600E+00, 2.0283128E+00, 0.0000000E+00, -6.7334557E-01
* ELEM  620  line segment
 1, 84, 80
*
  3.2280431E+00, 1.9263818E+00, -2.4608306E-01, 1.0193094E-01
* ELEM  621  circular arc
 3, 89, 80
*
  3.7947600E+00, 1.6916400E+00, 6.1341000E-01, 1.5750000E+02, 4.5000000E+01
* ELEM  622  line segment
 1, 83, 84
*
  3.4580872E+00, 2.5044400E+00, -4.7612722E-01, -4.7612722E-01
* ELEM  623  line segment
 1, 86, 84
*
  3.5600182E+00, 2.2583569E+00, -1.0193094E-01, 2.4608306E-01
* ELEM  624  circular arc
 3, 89, 84
*
  3.7947600E+00, 1.6916400E+00, 6.1341000E-01, 1.1250000E+02, 4.5000000E+01
* ELEM  625  line segment
 1, 1021, 83
*
  3.4580872E+00, 2.5044400E+00, -4.7612722E-01, 0.0000000E+00
* ELEM  626  line segment
 1, 1021, 1023
*
  2.9819600E+00, 2.9805672E+00, 4.7612722E-01, -4.7612722E-01
* ELEM  627  line segment
 1, 1024, 1023
*
  3.2280431E+00, 3.0824982E+00, -2.4608306E-01, -1.0193094E-01
* ELEM  628  circular arc
 3, 1033, 1023
*
  3.7947600E+00, 3.3172400E+00, 6.1341000E-01, 2.0250000E+02, 4.5000000E+01
* ELEM  629  line segment
 1, 1023, 1022
*
  3.5600182E+00, 2.7505231E+00, -1.0193094E-01, -2.4608306E-01
* ELEM  630  line segment
 1, 1047, 1024
*
  2.9819600E+00, 3.6539128E+00, 0.0000000E+00, -6.7334557E-01
* ELEM  631  line segment
 1, 1028, 1024
*
  3.2280431E+00, 3.5519818E+00, -2.4608306E-01, 1.0193094E-01
* ELEM  632  circular arc
 3, 1033, 1024
*
  3.7947600E+00, 3.3172400E+00, 6.1341000E-01, 1.5750000E+02, 4.5000000E+01
* ELEM  633  line segment
 1, 1047, 1050
*
  2.7358769E+00, 3.5519818E+00, 2.4608306E-01, 1.0193094E-01
* ELEM  634  circular arc
 3, 89, 78
*
  3.7947600E+00, 1.6916400E+00, 6.1341000E-01, 2.4750000E+02, 4.5000000E+01
* ELEM  635  line segment
 1, 78, 82
*
  4.0295018E+00, 1.1249231E+00, 1.0193094E-01, -2.4608306E-01
* ELEM  636  line segment
 1, 78, 1261
*
  4.1314328E+00, 8.7884000E-01, -1.7411278E-01, 0.0000000E+00
* ELEM  637  line segment
 1, 78, 1253
*
  3.9573200E+00, 8.7884000E-01, -4.9923278E-01, 0.0000000E+00
* ELEM  638  circular arc
 3, 89, 85
*
  3.7947600E+00, 1.6916400E+00, 6.1341000E-01, 0.0000000E+00, 2.2500000E+01
* ELEM  639  circular arc
 3, 89, 88
*
  3.7947600E+00, 1.6916400E+00, 6.1341000E-01, 2.2500000E+01, 4.5000000E+01
* ELEM  640  circular arc
 3, 89, 86
*
  3.7947600E+00, 1.6916400E+00, 6.1341000E-01, 6.7500000E+01, 4.5000000E+01
* ELEM  641  circular arc
 3, 89, 82
*
  3.7947600E+00, 1.6916400E+00, 6.1341000E-01, 2.9250000E+02, 4.5000000E+01
* ELEM  642  circular arc
 3, 89, 85
*
  3.7947600E+00, 1.6916400E+00, 6.1341000E-01, 3.3750000E+02, 2.2500000E+01
* ELEM  643  circle
 2, 90, 89
*
  3.7947600E+00, 1.6916400E+00, 5.3213000E-01, 0.0000000E+00
* ELEM  644  line segment
 1, 1022, 86
*
  4.1314328E+00, 2.5044400E+00, -6.7334557E-01, 0.0000000E+00
* ELEM  645  line segment
 1, 88, 86
*
  4.0295018E+00, 2.2583569E+00, 1.0193094E-01, 2.4608306E-01
* ELEM  646  circular arc
 3, 1033, 1022
*
  3.7947600E+00, 3.3172400E+00, 6.1341000E-01, 2.4750000E+02, 4.5000000E+01
* ELEM  647  line segment
 1, 1022, 1026
*
  4.0295018E+00, 2.7505231E+00, 1.0193094E-01, -2.4608306E-01
* ELEM  648  circular arc
 3, 1033, 1029
*
  3.7947600E+00, 3.3172400E+00, 6.1341000E-01, 0.0000000E+00, 2.2500000E+01
* ELEM  649  circular arc
 3, 1033, 1032
*
  3.7947600E+00, 3.3172400E+00, 6.1341000E-01, 2.2500000E+01, 4.5000000E+01
* ELEM  650  circular arc
 3, 1033, 1030
*
  3.7947600E+00, 3.3172400E+00, 6.1341000E-01, 6.7500000E+01, 4.5000000E+01
* ELEM  651  circular arc
 3, 1033, 1028
*
  3.7947600E+00, 3.3172400E+00, 6.1341000E-01, 1.1250000E+02, 4.5000000E+01
* ELEM  652  circular arc
 3, 1033, 1026
*
  3.7947600E+00, 3.3172400E+00, 6.1341000E-01, 2.9250000E+02, 4.5000000E+01
* ELEM  653  circular arc
 3, 1033, 1029
*
  3.7947600E+00, 3.3172400E+00, 6.1341000E-01, 3.3750000E+02, 2.2500000E+01
* ELEM  654  circle
 2, 1034, 1033
*
  3.7947600E+00, 3.3172400E+00, 5.3213000E-01, 0.0000000E+00
* ELEM  655  line segment
 1, 1027, 1028
*
  3.4580872E+00, 4.1300400E+00, -4.7612722E-01, -4.7612722E-01
* ELEM  656  line segment
 1, 1030, 1028
*
  3.5600182E+00, 3.8839569E+00, -1.0193094E-01, 2.4608306E-01
* ELEM  657  line segment
 1, 1049, 1050
*
  2.9819600E+00, 3.6539128E+00, -4.7612722E-01, 4.7612722E-01
* ELEM  658  line segment
 1, 1049, 915
*
  2.5058328E+00, 4.1300400E+00, 4.7612722E-01, 0.0000000E+00
* ELEM  659  line segment
 1, 1049, 1027
*
  2.9819600E+00, 4.1300400E+00, 0.0000000E+00, -4.7612722E-01
* ELEM  660  line segment
 1, 1027, 893
*
  2.9819600E+00, 4.1300400E+00, 4.7612722E-01, 0.0000000E+00
* ELEM  661  line segment
 1, 1050, 1048
*
  2.4039018E+00, 3.8839569E+00, 1.0193094E-01, 2.4608306E-01
* ELEM  662  line segment
 1, 1045, 1046
*
  1.8324872E+00, 4.1300400E+00, -4.7612722E-01, -4.7612722E-01
* ELEM  663  line segment
 1, 1048, 1046
*
  1.9344182E+00, 3.8839569E+00, -1.0193094E-01, 2.4608306E-01
* ELEM  664  line segment
 1, 1257, 1045
*
  1.3563600E+00, 4.1300400E+00, 0.0000000E+00, -4.7612722E-01
* ELEM  665  line segment
 1, 1045, 911
*
  1.3563600E+00, 4.1300400E+00, 4.7612722E-01, 0.0000000E+00
* ELEM  666  line segment
 1, 85, 88
*
  4.3614769E+00, 1.9263818E+00, 2.4608306E-01, 1.0193094E-01
* ELEM  667  line segment
 1, 87, 88
*
  4.6075600E+00, 2.0283128E+00, -4.7612722E-01, 4.7612722E-01
* ELEM  668  line segment
 1, 1025, 87
*
  4.6075600E+00, 2.5044400E+00, -4.7612722E-01, 0.0000000E+00
* ELEM  669  line segment
 1, 87, 65
*
  4.6075600E+00, 2.5044400E+00, 0.0000000E+00, -4.7612722E-01
* ELEM  670  line segment
 1, 1025, 1026
*
  4.1314328E+00, 2.5044400E+00, 4.7612722E-01, 4.7612722E-01
* ELEM  671  line segment
 1, 1025, 39
*
  4.6075600E+00, 2.9805672E+00, 0.0000000E+00, -4.7612722E-01
* ELEM  672  line segment
 1, 1026, 1029
*
  4.3614769E+00, 3.0824982E+00, 2.4608306E-01, -1.0193094E-01
* ELEM  673  line segment
 1, 915, 916
*
  2.5058328E+00, 4.1300400E+00, 4.7612722E-01, 4.7612722E-01
* ELEM  674  line segment
 1, 915, 893
*
  2.9819600E+00, 4.6061672E+00, 0.0000000E+00, -4.7612722E-01
* ELEM  675  line segment
 1, 893, 895
*
  2.9819600E+00, 4.6061672E+00, 4.7612722E-01, -4.7612722E-01
* ELEM  676  line segment
 1, 896, 895
*
  3.2280431E+00, 4.7080982E+00, -2.4608306E-01, -1.0193094E-01
* ELEM  677  circular arc
 3, 905, 895
*
  3.7947600E+00, 4.9428400E+00, 6.1341000E-01, 2.0250000E+02, 4.5000000E+01
* ELEM  678  line segment
 1, 895, 894
*
  3.5600182E+00, 4.3761231E+00, -1.0193094E-01, -2.4608306E-01
* ELEM  679  circular arc
 3, 905, 894
*
  3.7947600E+00, 4.9428400E+00, 6.1341000E-01, 2.4750000E+02, 4.5000000E+01
* ELEM  680  line segment
 1, 894, 898
*
  4.0295018E+00, 4.3761231E+00, 1.0193094E-01, -2.4608306E-01
* ELEM  681  line segment
 1, 1030, 894
*
  3.4580872E+00, 4.1300400E+00, 6.7334557E-01, 0.0000000E+00
* ELEM  682  line segment
 1, 1032, 1030
*
  4.0295018E+00, 3.8839569E+00, 1.0193094E-01, 2.4608306E-01
* ELEM  683  line segment
 1, 913, 912
*
  1.9344182E+00, 4.3761231E+00, -1.0193094E-01, -2.4608306E-01
* ELEM  684  circular arc
 3, 923, 912
*
  2.1691600E+00, 4.9428400E+00, 6.1341000E-01, 2.4750000E+02, 4.5000000E+01
* ELEM  685  line segment
 1, 912, 916
*
  2.4039018E+00, 4.3761231E+00, 1.0193094E-01, -2.4608306E-01
* ELEM  686  line segment
 1, 1048, 912
*
  1.8324872E+00, 4.1300400E+00, 6.7334557E-01, 0.0000000E+00
* ELEM  687  circular arc
 3, 923, 916
*
  2.1691600E+00, 4.9428400E+00, 6.1341000E-01, 2.9250000E+02, 4.5000000E+01
* ELEM  688  line segment
 1, 916, 919
*
  2.7358769E+00, 4.7080982E+00, 2.4608306E-01, -1.0193094E-01
* ELEM  689  line segment
 1, 1257, 911
*
  1.3563600E+00, 4.6061672E+00, 0.0000000E+00, -4.7612722E-01
* ELEM  690  line segment
 1, 911, 913
*
  1.3563600E+00, 4.6061672E+00, 4.7612722E-01, -4.7612722E-01
* ELEM  691  line segment
 1, 914, 913
*
  1.6024431E+00, 4.7080982E+00, -2.4608306E-01, -1.0193094E-01
* ELEM  692  circular arc
 3, 923, 913
*
  2.1691600E+00, 4.9428400E+00, 6.1341000E-01, 2.0250000E+02, 4.5000000E+01
* ELEM  693  line segment
 1, 81, 82
*
  4.1314328E+00, 8.7884000E-01, 4.7612722E-01, 4.7612722E-01
* ELEM  694  line segment
 1, 81, 59
*
  4.6075600E+00, 1.3549672E+00, 0.0000000E+00, -4.7612722E-01
* ELEM  695  line segment
 1, 1261, 81
*
  4.1314328E+00, 8.7884000E-01, 4.7612722E-01, 0.0000000E+00
* ELEM  696  line segment
 1, 82, 85
*
  4.3614769E+00, 1.4568982E+00, 2.4608306E-01, -1.0193094E-01
* ELEM  697  line segment
 1, 85, 62
*
  4.6075600E+00, 2.0283128E+00, 0.0000000E+00, -6.7334557E-01
* ELEM  698  line segment
 1, 66, 62
*
  4.8536431E+00, 1.9263818E+00, -2.4608306E-01, 1.0193094E-01
* ELEM  699  circular arc
 3, 71, 62
*
  5.4203600E+00, 1.6916400E+00, 6.1341000E-01, 1.5750000E+02, 4.5000000E+01
* ELEM  700  line segment
 1, 62, 61
*
  4.8536431E+00, 1.4568982E+00, -2.4608306E-01, -1.0193094E-01
* ELEM  701  line segment
 1, 65, 66
*
  5.0836872E+00, 2.5044400E+00, -4.7612722E-01, -4.7612722E-01
* ELEM  702  line segment
 1, 68, 66
*
  5.1856182E+00, 2.2583569E+00, -1.0193094E-01, 2.4608306E-01
* ELEM  703  circular arc
 3, 71, 66
*
  5.4203600E+00, 1.6916400E+00, 6.1341000E-01, 1.1250000E+02, 4.5000000E+01
* ELEM  704  line segment
 1, 65, 39
*
  4.6075600E+00, 2.5044400E+00, 4.7612722E-01, 0.0000000E+00
* ELEM  705  line segment
 1, 39, 41
*
  4.6075600E+00, 2.9805672E+00, 4.7612722E-01, -4.7612722E-01
* ELEM  706  line segment
 1, 42, 41
*
  4.8536431E+00, 3.0824982E+00, -2.4608306E-01, -1.0193094E-01
* ELEM  707  circular arc
 3, 51, 41
*
  5.4203600E+00, 3.3172400E+00, 6.1341000E-01, 2.0250000E+02, 4.5000000E+01
* ELEM  708  line segment
 1, 41, 40
*
  5.1856182E+00, 2.7505231E+00, -1.0193094E-01, -2.4608306E-01
* ELEM  709  line segment
 1, 1029, 42
*
  4.6075600E+00, 3.6539128E+00, 0.0000000E+00, -6.7334557E-01
* ELEM  710  line segment
 1, 46, 42
*
  4.8536431E+00, 3.5519818E+00, -2.4608306E-01, 1.0193094E-01
* ELEM  711  circular arc
 3, 51, 42
*
  5.4203600E+00, 3.3172400E+00, 6.1341000E-01, 1.5750000E+02, 4.5000000E+01
* ELEM  712  line segment
 1, 1029, 1032
*
  4.3614769E+00, 3.5519818E+00, 2.4608306E-01, 1.0193094E-01
* ELEM  713  line segment
 1, 919, 896
*
  2.9819600E+00, 5.2795128E+00, 0.0000000E+00, -6.7334557E-01
* ELEM  714  line segment
 1, 900, 896
*
  3.2280431E+00, 5.1775818E+00, -2.4608306E-01, 1.0193094E-01
* ELEM  715  circular arc
 3, 905, 896
*
  3.7947600E+00, 4.9428400E+00, 6.1341000E-01, 1.5750000E+02, 4.5000000E+01
* ELEM  716  circular arc
 3, 923, 919
*
  2.1691600E+00, 4.9428400E+00, 6.1341000E-01, 3.3750000E+02, 2.2500000E+01
* ELEM  717  circular arc
 3, 923, 919
*
  2.1691600E+00, 4.9428400E+00, 6.1341000E-01, 0.0000000E+00, 2.2500000E+01
* ELEM  718  line segment
 1, 919, 922
*
  2.7358769E+00, 5.1775818E+00, 2.4608306E-01, 1.0193094E-01
* ELEM  719  circular arc
 3, 905, 901
*
  3.7947600E+00, 4.9428400E+00, 6.1341000E-01, 0.0000000E+00, 2.2500000E+01
* ELEM  720  circular arc
 3, 905, 904
*
  3.7947600E+00, 4.9428400E+00, 6.1341000E-01, 2.2500000E+01, 4.5000000E+01
* ELEM  721  circular arc
 3, 905, 902
*
  3.7947600E+00, 4.9428400E+00, 6.1341000E-01, 6.7500000E+01, 4.5000000E+01
* ELEM  722  circular arc
 3, 905, 900
*
  3.7947600E+00, 4.9428400E+00, 6.1341000E-01, 1.1250000E+02, 4.5000000E+01
* ELEM  723  circular arc
 3, 905, 898
*
  3.7947600E+00, 4.9428400E+00, 6.1341000E-01, 2.9250000E+02, 4.5000000E+01
* ELEM  724  circular arc
 3, 905, 901
*
  3.7947600E+00, 4.9428400E+00, 6.1341000E-01, 3.3750000E+02, 2.2500000E+01
* ELEM  725  circle
 2, 906, 905
*
  3.7947600E+00, 4.9428400E+00, 5.3213000E-01, 0.0000000E+00
* ELEM  726  line segment
 1, 898, 901
*
  4.3614769E+00, 4.7080982E+00, 2.4608306E-01, -1.0193094E-01
* ELEM  727  line segment
 1, 897, 898
*
  4.1314328E+00, 4.1300400E+00, 4.7612722E-01, 4.7612722E-01
* ELEM  728  line segment
 1, 897, 875
*
  4.6075600E+00, 4.6061672E+00, 0.0000000E+00, -4.7612722E-01
* ELEM  729  line segment
 1, 1031, 897
*
  4.1314328E+00, 4.1300400E+00, 4.7612722E-01, 0.0000000E+00
* ELEM  730  line segment
 1, 1031, 1032
*
  4.6075600E+00, 3.6539128E+00, -4.7612722E-01, 4.7612722E-01
* ELEM  731  line segment
 1, 1031, 45
*
  4.6075600E+00, 4.1300400E+00, 0.0000000E+00, -4.7612722E-01
* ELEM  732  circular arc
 3, 923, 922
*
  2.1691600E+00, 4.9428400E+00, 6.1341000E-01, 2.2500000E+01, 4.5000000E+01
* ELEM  733  circular arc
 3, 923, 920
*
  2.1691600E+00, 4.9428400E+00, 6.1341000E-01, 6.7500000E+01, 4.5000000E+01
* ELEM  734  circular arc
 3, 923, 918
*
  2.1691600E+00, 4.9428400E+00, 6.1341000E-01, 1.1250000E+02, 4.5000000E+01
* ELEM  735  circular arc
 3, 923, 914
*
  2.1691600E+00, 4.9428400E+00, 6.1341000E-01, 1.5750000E+02, 4.5000000E+01
* ELEM  736  circle
 2, 924, 923
*
  2.1691600E+00, 4.9428400E+00, 5.3213000E-01, 0.0000000E+00
* ELEM  737  line segment
 1, 914, 1257
*
  1.3563600E+00, 4.6061672E+00, 0.0000000E+00, 1.7411278E-01
* ELEM  738  line segment
 1, 914, 1251
*
  1.3563600E+00, 4.7802800E+00, 0.0000000E+00, 4.9923278E-01
* ELEM  739  line segment
 1, 918, 914
*
  1.6024431E+00, 5.1775818E+00, -2.4608306E-01, 1.0193094E-01
* ELEM  740  line segment
 1, 59, 61
*
  4.6075600E+00, 1.3549672E+00, 4.7612722E-01, -4.7612722E-01
* ELEM  741  line segment
 1, 1261, 59
*
  4.6075600E+00, 8.7884000E-01, 4.7612722E-01, 0.0000000E+00
* ELEM  742  circular arc
 3, 71, 61
*
  5.4203600E+00, 1.6916400E+00, 6.1341000E-01, 2.0250000E+02, 4.5000000E+01
* ELEM  743  line segment
 1, 61, 60
*
  5.1856182E+00, 1.1249231E+00, -1.0193094E-01, -2.4608306E-01
* ELEM  744  circular arc
 3, 71, 67
*
  5.4203600E+00, 1.6916400E+00, 6.1341000E-01, 0.0000000E+00, 2.2500000E+01
* ELEM  745  circular arc
 3, 71, 70
*
  5.4203600E+00, 1.6916400E+00, 6.1341000E-01, 2.2500000E+01, 4.5000000E+01
* ELEM  746  circular arc
 3, 71, 68
*
  5.4203600E+00, 1.6916400E+00, 6.1341000E-01, 6.7500000E+01, 4.5000000E+01
* ELEM  747  circular arc
 3, 71, 60
*
  5.4203600E+00, 1.6916400E+00, 6.1341000E-01, 2.4750000E+02, 4.5000000E+01
* ELEM  748  circular arc
 3, 71, 64
*
  5.4203600E+00, 1.6916400E+00, 6.1341000E-01, 2.9250000E+02, 4.5000000E+01
* ELEM  749  circular arc
 3, 71, 67
*
  5.4203600E+00, 1.6916400E+00, 6.1341000E-01, 3.3750000E+02, 2.2500000E+01
* ELEM  750  circle
 2, 72, 71
*
  5.4203600E+00, 1.6916400E+00, 5.3213000E-01, 0.0000000E+00
* ELEM  751  circular arc
 3, 51, 40
*
  5.4203600E+00, 3.3172400E+00, 6.1341000E-01, 2.4750000E+02, 4.5000000E+01
* ELEM  752  line segment
 1, 40, 44
*
  5.6551018E+00, 2.7505231E+00, 1.0193094E-01, -2.4608306E-01
* ELEM  753  line segment
 1, 68, 40
*
  5.0836872E+00, 2.5044400E+00, 6.7334557E-01, 0.0000000E+00
* ELEM  754  line segment
 1, 70, 68
*
  5.6551018E+00, 2.2583569E+00, 1.0193094E-01, 2.4608306E-01
* ELEM  755  circular arc
 3, 51, 47
*
  5.4203600E+00, 3.3172400E+00, 6.1341000E-01, 0.0000000E+00, 2.2500000E+01
* ELEM  756  circular arc
 3, 51, 50
*
  5.4203600E+00, 3.3172400E+00, 6.1341000E-01, 2.2500000E+01, 4.5000000E+01
* ELEM  757  circular arc
 3, 51, 48
*
  5.4203600E+00, 3.3172400E+00, 6.1341000E-01, 6.7500000E+01, 4.5000000E+01
* ELEM  758  circular arc
 3, 51, 46
*
  5.4203600E+00, 3.3172400E+00, 6.1341000E-01, 1.1250000E+02, 4.5000000E+01
* ELEM  759  circular arc
 3, 51, 44
*
  5.4203600E+00, 3.3172400E+00, 6.1341000E-01, 2.9250000E+02, 4.5000000E+01
* ELEM  760  circular arc
 3, 51, 47
*
  5.4203600E+00, 3.3172400E+00, 6.1341000E-01, 3.3750000E+02, 2.2500000E+01
* ELEM  761  circle
 2, 52, 51
*
  5.4203600E+00, 3.3172400E+00, 5.3213000E-01, 0.0000000E+00
* ELEM  762  line segment
 1, 45, 46
*
  5.0836872E+00, 4.1300400E+00, -4.7612722E-01, -4.7612722E-01
* ELEM  763  line segment
 1, 48, 46
*
  5.1856182E+00, 3.8839569E+00, -1.0193094E-01, 2.4608306E-01
* ELEM  764  line segment
 1, 875, 45
*
  5.0836872E+00, 4.1300400E+00, -4.7612722E-01, 0.0000000E+00
* ELEM  765  line segment
 1, 899, 900
*
  3.4580872E+00, 5.7556400E+00, -4.7612722E-01, -4.7612722E-01
* ELEM  766  line segment
 1, 902, 900
*
  3.5600182E+00, 5.5095569E+00, -1.0193094E-01, 2.4608306E-01
* ELEM  767  line segment
 1, 921, 922
*
  2.9819600E+00, 5.2795128E+00, -4.7612722E-01, 4.7612722E-01
* ELEM  768  line segment
 1, 921, 771
*
  2.5058328E+00, 5.7556400E+00, 4.7612722E-01, 0.0000000E+00
* ELEM  769  line segment
 1, 921, 899
*
  2.9819600E+00, 5.7556400E+00, 0.0000000E+00, -4.7612722E-01
* ELEM  770  line segment
 1, 899, 749
*
  2.9819600E+00, 5.7556400E+00, 4.7612722E-01, 0.0000000E+00
* ELEM  771  line segment
 1, 922, 920
*
  2.4039018E+00, 5.5095569E+00, 1.0193094E-01, 2.4608306E-01
* ELEM  772  line segment
 1, 875, 877
*
  4.6075600E+00, 4.6061672E+00, 4.7612722E-01, -4.7612722E-01
* ELEM  773  line segment
 1, 878, 877
*
  4.8536431E+00, 4.7080982E+00, -2.4608306E-01, -1.0193094E-01
* ELEM  774  circular arc
 3, 887, 877
*
  5.4203600E+00, 4.9428400E+00, 6.1341000E-01, 2.0250000E+02, 4.5000000E+01
* ELEM  775  line segment
 1, 877, 876
*
  5.1856182E+00, 4.3761231E+00, -1.0193094E-01, -2.4608306E-01
* ELEM  776  line segment
 1, 901, 878
*
  4.6075600E+00, 5.2795128E+00, 0.0000000E+00, -6.7334557E-01
* ELEM  777  line segment
 1, 882, 878
*
  4.8536431E+00, 5.1775818E+00, -2.4608306E-01, 1.0193094E-01
* ELEM  778  circular arc
 3, 887, 878
*
  5.4203600E+00, 4.9428400E+00, 6.1341000E-01, 1.5750000E+02, 4.5000000E+01
* ELEM  779  line segment
 1, 901, 904
*
  4.3614769E+00, 5.1775818E+00, 2.4608306E-01, 1.0193094E-01
* ELEM  780  line segment
 1, 60, 64
*
  5.6551018E+00, 1.1249231E+00, 1.0193094E-01, -2.4608306E-01
* ELEM  781  line segment
 1, 60, 1239
*
  5.7570328E+00, 8.7884000E-01, -4.9923278E-01, 0.0000000E+00
* ELEM  782  line segment
 1, 60, 1261
*
  5.2578000E+00, 8.7884000E-01, -1.7411278E-01, 0.0000000E+00
* ELEM  783  line segment
 1, 44, 47
*
  5.9870769E+00, 3.0824982E+00, 2.4608306E-01, -1.0193094E-01
* ELEM  784  line segment
 1, 43, 44
*
  5.7570328E+00, 2.5044400E+00, 4.7612722E-01, 4.7612722E-01
* ELEM  785  line segment
 1, 1003, 43
*
  6.2331600E+00, 2.5044400E+00, 0.0000000E+00, 4.7612722E-01
* ELEM  786  line segment
 1, 69, 43
*
  5.7570328E+00, 2.5044400E+00, 4.7612722E-01, 0.0000000E+00
* ELEM  787  line segment
 1, 67, 70
*
  5.9870769E+00, 1.9263818E+00, 2.4608306E-01, 1.0193094E-01
* ELEM  788  line segment
 1, 69, 70
*
  6.2331600E+00, 2.0283128E+00, -4.7612722E-01, 4.7612722E-01
* ELEM  789  line segment
 1, 1135, 69
*
  6.2331600E+00, 2.0283128E+00, 0.0000000E+00, 4.7612722E-01
* ELEM  790  line segment
 1, 876, 48
*
  5.7570328E+00, 4.1300400E+00, -6.7334557E-01, 0.0000000E+00
* ELEM  791  line segment
 1, 50, 48
*
  5.6551018E+00, 3.8839569E+00, 1.0193094E-01, 2.4608306E-01
* ELEM  792  circular arc
 3, 887, 876
*
  5.4203600E+00, 4.9428400E+00, 6.1341000E-01, 2.4750000E+02, 4.5000000E+01
* ELEM  793  line segment
 1, 876, 880
*
  5.6551018E+00, 4.3761231E+00, 1.0193094E-01, -2.4608306E-01
* ELEM  794  line segment
 1, 771, 772
*
  2.5058328E+00, 5.7556400E+00, 4.7612722E-01, 4.7612722E-01
* ELEM  795  line segment
 1, 771, 749
*
  2.9819600E+00, 6.2317672E+00, 0.0000000E+00, -4.7612722E-01
* ELEM  796  line segment
 1, 749, 751
*
  2.9819600E+00, 6.2317672E+00, 4.7612722E-01, -4.7612722E-01
* ELEM  797  line segment
 1, 752, 751
*
  3.2280431E+00, 6.3336982E+00, -2.4608306E-01, -1.0193094E-01
* ELEM  798  circular arc
 3, 761, 751
*
  3.7947600E+00, 6.5684400E+00, 6.1341000E-01, 2.0250000E+02, 4.5000000E+01
* ELEM  799  line segment
 1, 751, 750
*
  3.5600182E+00, 6.0017231E+00, -1.0193094E-01, -2.4608306E-01
* ELEM  800  circular arc
 3, 761, 750
*
  3.7947600E+00, 6.5684400E+00, 6.1341000E-01, 2.4750000E+02, 4.5000000E+01
* ELEM  801  line segment
 1, 750, 754
*
  4.0295018E+00, 6.0017231E+00, 1.0193094E-01, -2.4608306E-01
* ELEM  802  line segment
 1, 902, 750
*
  3.4580872E+00, 5.7556400E+00, 6.7334557E-01, 0.0000000E+00
* ELEM  803  line segment
 1, 904, 902
*
  4.0295018E+00, 5.5095569E+00, 1.0193094E-01, 2.4608306E-01
* ELEM  804  line segment
 1, 769, 768
*
  1.9344182E+00, 6.0017231E+00, -1.0193094E-01, -2.4608306E-01
* ELEM  805  circular arc
 3, 779, 768
*
  2.1691600E+00, 6.5684400E+00, 6.1341000E-01, 2.4750000E+02, 4.5000000E+01
* ELEM  806  line segment
 1, 768, 772
*
  2.4039018E+00, 6.0017231E+00, 1.0193094E-01, -2.4608306E-01
* ELEM  807  line segment
 1, 920, 768
*
  1.8324872E+00, 5.7556400E+00, 6.7334557E-01, 0.0000000E+00
* ELEM  808  line segment
 1, 920, 918
*
  1.9344182E+00, 5.5095569E+00, -1.0193094E-01, 2.4608306E-01
* ELEM  809  circular arc
 3, 779, 772
*
  2.1691600E+00, 6.5684400E+00, 6.1341000E-01, 2.9250000E+02, 4.5000000E+01
* ELEM  810  line segment
 1, 772, 775
*
  2.7358769E+00, 6.3336982E+00, 2.4608306E-01, -1.0193094E-01
* ELEM  811  circular arc
 3, 887, 883
*
  5.4203600E+00, 4.9428400E+00, 6.1341000E-01, 0.0000000E+00, 2.2500000E+01
* ELEM  812  circular arc
 3, 887, 886
*
  5.4203600E+00, 4.9428400E+00, 6.1341000E-01, 2.2500000E+01, 4.5000000E+01
* ELEM  813  circular arc
 3, 887, 884
*
  5.4203600E+00, 4.9428400E+00, 6.1341000E-01, 6.7500000E+01, 4.5000000E+01
* ELEM  814  circular arc
 3, 887, 882
*
  5.4203600E+00, 4.9428400E+00, 6.1341000E-01, 1.1250000E+02, 4.5000000E+01
* ELEM  815  circular arc
 3, 887, 880
*
  5.4203600E+00, 4.9428400E+00, 6.1341000E-01, 2.9250000E+02, 4.5000000E+01
* ELEM  816  circular arc
 3, 887, 883
*
  5.4203600E+00, 4.9428400E+00, 6.1341000E-01, 3.3750000E+02, 2.2500000E+01
* ELEM  817  circle
 2, 888, 887
*
  5.4203600E+00, 4.9428400E+00, 5.3213000E-01, 0.0000000E+00
* ELEM  818  line segment
 1, 881, 882
*
  5.0836872E+00, 5.7556400E+00, -4.7612722E-01, -4.7612722E-01
* ELEM  819  line segment
 1, 884, 882
*
  5.1856182E+00, 5.5095569E+00, -1.0193094E-01, 2.4608306E-01
* ELEM  820  line segment
 1, 903, 904
*
  4.6075600E+00, 5.2795128E+00, -4.7612722E-01, 4.7612722E-01
* ELEM  821  line segment
 1, 903, 753
*
  4.1314328E+00, 5.7556400E+00, 4.7612722E-01, 0.0000000E+00
* ELEM  822  line segment
 1, 903, 881
*
  4.6075600E+00, 5.7556400E+00, 0.0000000E+00, -4.7612722E-01
* ELEM  823  line segment
 1, 881, 731
*
  4.6075600E+00, 5.7556400E+00, 4.7612722E-01, 0.0000000E+00
* ELEM  824  line segment
 1, 917, 918
*
  1.8324872E+00, 5.7556400E+00, -4.7612722E-01, -4.7612722E-01
* ELEM  825  line segment
 1, 1251, 917
*
  1.3563600E+00, 5.7556400E+00, 0.0000000E+00, -4.7612722E-01
* ELEM  826  line segment
 1, 917, 767
*
  1.3563600E+00, 5.7556400E+00, 4.7612722E-01, 0.0000000E+00
* ELEM  827  line segment
 1, 1003, 1005
*
  6.2331600E+00, 2.9805672E+00, 4.7612722E-01, -4.7612722E-01
* ELEM  828  line segment
 1, 1135, 1003
*
  6.2331600E+00, 2.5044400E+00, 4.7612722E-01, 0.0000000E+00
* ELEM  829  line segment
 1, 47, 50
*
  5.9870769E+00, 3.5519818E+00, 2.4608306E-01, 1.0193094E-01
* ELEM  830  line segment
 1, 1006, 47
*
  6.2331600E+00, 2.9805672E+00, 0.0000000E+00, 6.7334557E-01
* ELEM  831  line segment
 1, 1006, 1005
*
  6.4792431E+00, 3.0824982E+00, -2.4608306E-01, -1.0193094E-01
* ELEM  832  circular arc
 3, 1015, 1005
*
  7.0459600E+00, 3.3172400E+00, 6.1341000E-01, 2.0250000E+02, 4.5000000E+01
* ELEM  833  line segment
 1, 1005, 1004
*
  6.8112182E+00, 2.7505231E+00, -1.0193094E-01, -2.4608306E-01
* ELEM  834  line segment
 1, 1010, 1006
*
  6.4792431E+00, 3.5519818E+00, -2.4608306E-01, 1.0193094E-01
* ELEM  835  circular arc
 3, 1015, 1006
*
  7.0459600E+00, 3.3172400E+00, 6.1341000E-01, 1.5750000E+02, 4.5000000E+01
* ELEM  836  line segment
 1, 1135, 1136
*
  6.7092872E+00, 2.5044400E+00, -4.7612722E-01, -4.7612722E-01
* ELEM  837  line segment
 1, 64, 67
*
  5.9870769E+00, 1.4568982E+00, 2.4608306E-01, -1.0193094E-01
* ELEM  838  line segment
 1, 1132, 67
*
  6.2331600E+00, 1.3549672E+00, 0.0000000E+00, 6.7334557E-01
* ELEM  839  line segment
 1, 1136, 1132
*
  6.4792431E+00, 1.9263818E+00, -2.4608306E-01, 1.0193094E-01
* ELEM  840  circular arc
 3, 1141, 1132
*
  7.0459600E+00, 1.6916400E+00, 6.1341000E-01, 1.5750000E+02, 4.5000000E+01
* ELEM  841  line segment
 1, 1132, 1131
*
  6.4792431E+00, 1.4568982E+00, -2.4608306E-01, -1.0193094E-01
* ELEM  842  line segment
 1, 1138, 1136
*
  6.8112182E+00, 2.2583569E+00, -1.0193094E-01, 2.4608306E-01
* ELEM  843  circular arc
 3, 1141, 1136
*
  7.0459600E+00, 1.6916400E+00, 6.1341000E-01, 1.1250000E+02, 4.5000000E+01
* ELEM  844  line segment
 1, 49, 50
*
  6.2331600E+00, 3.6539128E+00, -4.7612722E-01, 4.7612722E-01
* ELEM  845  line segment
 1, 879, 49
*
  6.2331600E+00, 4.1300400E+00, -4.7612722E-01, 0.0000000E+00
* ELEM  846  line segment
 1, 1009, 49
*
  6.2331600E+00, 3.6539128E+00, 0.0000000E+00, 4.7612722E-01
* ELEM  847  line segment
 1, 879, 880
*
  5.7570328E+00, 4.1300400E+00, 4.7612722E-01, 4.7612722E-01
* ELEM  848  line segment
 1, 879, 857
*
  6.2331600E+00, 4.6061672E+00, 0.0000000E+00, -4.7612722E-01
* ELEM  849  line segment
 1, 880, 883
*
  5.9870769E+00, 4.7080982E+00, 2.4608306E-01, -1.0193094E-01
* ELEM  850  line segment
 1, 775, 752
*
  2.9819600E+00, 6.9051128E+00, 0.0000000E+00, -6.7334557E-01
* ELEM  851  line segment
 1, 756, 752
*
  3.2280431E+00, 6.8031818E+00, -2.4608306E-01, 1.0193094E-01
* ELEM  852  circular arc
 3, 761, 752
*
  3.7947600E+00, 6.5684400E+00, 6.1341000E-01, 1.5750000E+02, 4.5000000E+01
* ELEM  853  circular arc
 3, 779, 775
*
  2.1691600E+00, 6.5684400E+00, 6.1341000E-01, 3.3750000E+02, 2.2500000E+01
* ELEM  854  circular arc
 3, 779, 775
*
  2.1691600E+00, 6.5684400E+00, 6.1341000E-01, 0.0000000E+00, 2.2500000E+01
* ELEM  855  line segment
 1, 775, 778
*
  2.7358769E+00, 6.8031818E+00, 2.4608306E-01, 1.0193094E-01
* ELEM  856  circular arc
 3, 761, 757
*
  3.7947600E+00, 6.5684400E+00, 6.1341000E-01, 0.0000000E+00, 2.2500000E+01
* ELEM  857  circular arc
 3, 761, 760
*
  3.7947600E+00, 6.5684400E+00, 6.1341000E-01, 2.2500000E+01, 4.5000000E+01
* ELEM  858  circular arc
 3, 761, 758
*
  3.7947600E+00, 6.5684400E+00, 6.1341000E-01, 6.7500000E+01, 4.5000000E+01
* ELEM  859  circular arc
 3, 761, 756
*
  3.7947600E+00, 6.5684400E+00, 6.1341000E-01, 1.1250000E+02, 4.5000000E+01
* ELEM  860  circular arc
 3, 761, 754
*
  3.7947600E+00, 6.5684400E+00, 6.1341000E-01, 2.9250000E+02, 4.5000000E+01
* ELEM  861  circular arc
 3, 761, 757
*
  3.7947600E+00, 6.5684400E+00, 6.1341000E-01, 3.3750000E+02, 2.2500000E+01
* ELEM  862  circle
 2, 762, 761
*
  3.7947600E+00, 6.5684400E+00, 5.3213000E-01, 0.0000000E+00
* ELEM  863  line segment
 1, 754, 757
*
  4.3614769E+00, 6.3336982E+00, 2.4608306E-01, -1.0193094E-01
* ELEM  864  line segment
 1, 753, 754
*
  4.1314328E+00, 5.7556400E+00, 4.7612722E-01, 4.7612722E-01
* ELEM  865  line segment
 1, 753, 731
*
  4.6075600E+00, 6.2317672E+00, 0.0000000E+00, -4.7612722E-01
* ELEM  866  circular arc
 3, 779, 778
*
  2.1691600E+00, 6.5684400E+00, 6.1341000E-01, 2.2500000E+01, 4.5000000E+01
* ELEM  867  circular arc
 3, 779, 776
*
  2.1691600E+00, 6.5684400E+00, 6.1341000E-01, 6.7500000E+01, 4.5000000E+01
* ELEM  868  circular arc
 3, 779, 774
*
  2.1691600E+00, 6.5684400E+00, 6.1341000E-01, 1.1250000E+02, 4.5000000E+01
* ELEM  869  circular arc
 3, 779, 770
*
  2.1691600E+00, 6.5684400E+00, 6.1341000E-01, 1.5750000E+02, 4.5000000E+01
* ELEM  870  circular arc
 3, 779, 769
*
  2.1691600E+00, 6.5684400E+00, 6.1341000E-01, 2.0250000E+02, 4.5000000E+01
* ELEM  871  circle
 2, 780, 779
*
  2.1691600E+00, 6.5684400E+00, 5.3213000E-01, 0.0000000E+00
* ELEM  872  line segment
 1, 767, 1251
*
  1.3563600E+00, 5.7556400E+00, 0.0000000E+00, 3.2512000E-01
* ELEM  873  line segment
 1, 767, 1249
*
  1.3563600E+00, 6.0807600E+00, 0.0000000E+00, 1.5100722E-01
* ELEM  874  line segment
 1, 767, 769
*
  1.3563600E+00, 6.2317672E+00, 4.7612722E-01, -4.7612722E-01
* ELEM  875  line segment
 1, 770, 769
*
  1.6024431E+00, 6.3336982E+00, -2.4608306E-01, -1.0193094E-01
* ELEM  876  line segment
 1, 731, 733
*
  4.6075600E+00, 6.2317672E+00, 4.7612722E-01, -4.7612722E-01
* ELEM  877  line segment
 1, 734, 733
*
  4.8536431E+00, 6.3336982E+00, -2.4608306E-01, -1.0193094E-01
* ELEM  878  circular arc
 3, 743, 733
*
  5.4203600E+00, 6.5684400E+00, 6.1341000E-01, 2.0250000E+02, 4.5000000E+01
* ELEM  879  line segment
 1, 733, 732
*
  5.1856182E+00, 6.0017231E+00, -1.0193094E-01, -2.4608306E-01
* ELEM  880  circular arc
 3, 743, 732
*
  5.4203600E+00, 6.5684400E+00, 6.1341000E-01, 2.4750000E+02, 4.5000000E+01
* ELEM  881  line segment
 1, 732, 736
*
  5.6551018E+00, 6.0017231E+00, 1.0193094E-01, -2.4608306E-01
* ELEM  882  line segment
 1, 884, 732
*
  5.0836872E+00, 5.7556400E+00, 6.7334557E-01, 0.0000000E+00
* ELEM  883  line segment
 1, 886, 884
*
  5.6551018E+00, 5.5095569E+00, 1.0193094E-01, 2.4608306E-01
* ELEM  884  line segment
 1, 63, 64
*
  5.7570328E+00, 8.7884000E-01, 4.7612722E-01, 4.7612722E-01
* ELEM  885  line segment
 1, 1129, 63
*
  6.2331600E+00, 8.7884000E-01, 0.0000000E+00, 4.7612722E-01
* ELEM  886  line segment
 1, 1239, 63
*
  5.7570328E+00, 8.7884000E-01, 4.7612722E-01, 0.0000000E+00
* ELEM  887  line segment
 1, 1009, 1010
*
  6.7092872E+00, 4.1300400E+00, -4.7612722E-01, -4.7612722E-01
* ELEM  888  line segment
 1, 1012, 1010
*
  6.8112182E+00, 3.8839569E+00, -1.0193094E-01, 2.4608306E-01
* ELEM  889  circular arc
 3, 1015, 1010
*
  7.0459600E+00, 3.3172400E+00, 6.1341000E-01, 1.1250000E+02, 4.5000000E+01
* ELEM  890  line segment
 1, 1009, 857
*
  6.2331600E+00, 4.1300400E+00, 4.7612722E-01, 0.0000000E+00
* ELEM  891  circular arc
 3, 1015, 1004
*
  7.0459600E+00, 3.3172400E+00, 6.1341000E-01, 2.4750000E+02, 4.5000000E+01
* ELEM  892  line segment
 1, 1004, 1008
*
  7.2807018E+00, 2.7505231E+00, 1.0193094E-01, -2.4608306E-01
* ELEM  893  line segment
 1, 1138, 1004
*
  6.7092872E+00, 2.5044400E+00, 6.7334557E-01, 0.0000000E+00
* ELEM  894  line segment
 1, 1140, 1138
*
  7.2807018E+00, 2.2583569E+00, 1.0193094E-01, 2.4608306E-01
* ELEM  895  circular arc
 3, 1141, 1138
*
  7.0459600E+00, 1.6916400E+00, 6.1341000E-01, 6.7500000E+01, 4.5000000E+01
* ELEM  896  circular arc
 3, 1015, 1011
*
  7.0459600E+00, 3.3172400E+00, 6.1341000E-01, 0.0000000E+00, 2.2500000E+01
* ELEM  897  circular arc
 3, 1015, 1014
*
  7.0459600E+00, 3.3172400E+00, 6.1341000E-01, 2.2500000E+01, 4.5000000E+01
* ELEM  898  circular arc
 3, 1015, 1012
*
  7.0459600E+00, 3.3172400E+00, 6.1341000E-01, 6.7500000E+01, 4.5000000E+01
* ELEM  899  circular arc
 3, 1015, 1008
*
  7.0459600E+00, 3.3172400E+00, 6.1341000E-01, 2.9250000E+02, 4.5000000E+01
* ELEM  900  circular arc
 3, 1015, 1011
*
  7.0459600E+00, 3.3172400E+00, 6.1341000E-01, 3.3750000E+02, 2.2500000E+01
* ELEM  901  circle
 2, 1016, 1015
*
  7.0459600E+00, 3.3172400E+00, 5.3213000E-01, 0.0000000E+00
* ELEM  902  line segment
 1, 1129, 1131
*
  6.2331600E+00, 1.3549672E+00, 4.7612722E-01, -4.7612722E-01
* ELEM  903  line segment
 1, 1129, 1240
*
  6.7092872E+00, 8.7884000E-01, -1.5100722E-01, 0.0000000E+00
* ELEM  904  line segment
 1, 1129, 1239
*
  6.5582800E+00, 8.7884000E-01, -3.2512000E-01, 0.0000000E+00
* ELEM  905  circular arc
 3, 1141, 1131
*
  7.0459600E+00, 1.6916400E+00, 6.1341000E-01, 2.0250000E+02, 4.5000000E+01
* ELEM  906  line segment
 1, 1131, 1130
*
  6.8112182E+00, 1.1249231E+00, -1.0193094E-01, -2.4608306E-01
* ELEM  907  circular arc
 3, 1141, 1137
*
  7.0459600E+00, 1.6916400E+00, 6.1341000E-01, 0.0000000E+00, 2.2500000E+01
* ELEM  908  circular arc
 3, 1141, 1140
*
  7.0459600E+00, 1.6916400E+00, 6.1341000E-01, 2.2500000E+01, 4.5000000E+01
* ELEM  909  circular arc
 3, 1141, 1130
*
  7.0459600E+00, 1.6916400E+00, 6.1341000E-01, 2.4750000E+02, 4.5000000E+01
* ELEM  910  circular arc
 3, 1141, 1134
*
  7.0459600E+00, 1.6916400E+00, 6.1341000E-01, 2.9250000E+02, 4.5000000E+01
* ELEM  911  circular arc
 3, 1141, 1137
*
  7.0459600E+00, 1.6916400E+00, 6.1341000E-01, 3.3750000E+02, 2.2500000E+01
* ELEM  912  circle
 2, 1142, 1141
*
  7.0459600E+00, 1.6916400E+00, 5.3213000E-01, 0.0000000E+00
* ELEM  913  line segment
 1, 857, 859
*
  6.2331600E+00, 4.6061672E+00, 4.7612722E-01, -4.7612722E-01
* ELEM  914  line segment
 1, 860, 859
*
  6.4792431E+00, 4.7080982E+00, -2.4608306E-01, -1.0193094E-01
* ELEM  915  circular arc
 3, 869, 859
*
  7.0459600E+00, 4.9428400E+00, 6.1341000E-01, 2.0250000E+02, 4.5000000E+01
* ELEM  916  line segment
 1, 859, 858
*
  6.8112182E+00, 4.3761231E+00, -1.0193094E-01, -2.4608306E-01
* ELEM  917  line segment
 1, 883, 860
*
  6.2331600E+00, 5.2795128E+00, 0.0000000E+00, -6.7334557E-01
* ELEM  918  line segment
 1, 864, 860
*
  6.4792431E+00, 5.1775818E+00, -2.4608306E-01, 1.0193094E-01
* ELEM  919  circular arc
 3, 869, 860
*
  7.0459600E+00, 4.9428400E+00, 6.1341000E-01, 1.5750000E+02, 4.5000000E+01
* ELEM  920  line segment
 1, 883, 886
*
  5.9870769E+00, 5.1775818E+00, 2.4608306E-01, 1.0193094E-01
* ELEM  921  line segment
 1, 755, 756
*
  3.4580872E+00, 7.3812400E+00, -4.7612722E-01, -4.7612722E-01
* ELEM  922  line segment
 1, 758, 756
*
  3.5600182E+00, 7.1351569E+00, -1.0193094E-01, 2.4608306E-01
* ELEM  923  line segment
 1, 777, 778
*
  2.9819600E+00, 6.9051128E+00, -4.7612722E-01, 4.7612722E-01
* ELEM  924  line segment
 1, 777, 645
*
  2.5058328E+00, 7.3812400E+00, 4.7612722E-01, 0.0000000E+00
* ELEM  925  line segment
 1, 777, 755
*
  2.9819600E+00, 7.3812400E+00, 0.0000000E+00, -4.7612722E-01
* ELEM  926  line segment
 1, 755, 621
*
  2.9819600E+00, 7.3812400E+00, 4.7612722E-01, 0.0000000E+00
* ELEM  927  line segment
 1, 778, 776
*
  2.4039018E+00, 7.1351569E+00, 1.0193094E-01, 2.4608306E-01
* ELEM  928  line segment
 1, 757, 734
*
  4.6075600E+00, 6.9051128E+00, 0.0000000E+00, -6.7334557E-01
* ELEM  929  line segment
 1, 738, 734
*
  4.8536431E+00, 6.8031818E+00, -2.4608306E-01, 1.0193094E-01
* ELEM  930  circular arc
 3, 743, 734
*
  5.4203600E+00, 6.5684400E+00, 6.1341000E-01, 1.5750000E+02, 4.5000000E+01
* ELEM  931  line segment
 1, 757, 760
*
  4.3614769E+00, 6.8031818E+00, 2.4608306E-01, 1.0193094E-01
* ELEM  932  line segment
 1, 1249, 770
*
  1.3563600E+00, 6.9051128E+00, 0.0000000E+00, -6.7334557E-01
* ELEM  933  line segment
 1, 774, 770
*
  1.6024431E+00, 6.8031818E+00, -2.4608306E-01, 1.0193094E-01
* ELEM  934  circular arc
 3, 743, 739
*
  5.4203600E+00, 6.5684400E+00, 6.1341000E-01, 0.0000000E+00, 2.2500000E+01
* ELEM  935  circular arc
 3, 743, 742
*
  5.4203600E+00, 6.5684400E+00, 6.1341000E-01, 2.2500000E+01, 4.5000000E+01
* ELEM  936  circular arc
 3, 743, 740
*
  5.4203600E+00, 6.5684400E+00, 6.1341000E-01, 6.7500000E+01, 4.5000000E+01
* ELEM  937  circular arc
 3, 743, 738
*
  5.4203600E+00, 6.5684400E+00, 6.1341000E-01, 1.1250000E+02, 4.5000000E+01
* ELEM  938  circular arc
 3, 743, 736
*
  5.4203600E+00, 6.5684400E+00, 6.1341000E-01, 2.9250000E+02, 4.5000000E+01
* ELEM  939  circular arc
 3, 743, 739
*
  5.4203600E+00, 6.5684400E+00, 6.1341000E-01, 3.3750000E+02, 2.2500000E+01
* ELEM  940  circle
 2, 744, 743
*
  5.4203600E+00, 6.5684400E+00, 5.3213000E-01, 0.0000000E+00
* ELEM  941  line segment
 1, 736, 739
*
  5.9870769E+00, 6.3336982E+00, 2.4608306E-01, -1.0193094E-01
* ELEM  942  line segment
 1, 735, 736
*
  5.7570328E+00, 5.7556400E+00, 4.7612722E-01, 4.7612722E-01
* ELEM  943  line segment
 1, 12, 735
*
  6.2331600E+00, 5.7556400E+00, 0.0000000E+00, 4.7612722E-01
* ELEM  944  line segment
 1, 885, 735
*
  5.7570328E+00, 5.7556400E+00, 4.7612722E-01, 0.0000000E+00
* ELEM  945  line segment
 1, 885, 886
*
  6.2331600E+00, 5.2795128E+00, -4.7612722E-01, 4.7612722E-01
* ELEM  946  line segment
 1, 885, 863
*
  6.2331600E+00, 5.7556400E+00, 0.0000000E+00, -4.7612722E-01
* ELEM  947  circular arc
 3, 869, 858
*
  7.0459600E+00, 4.9428400E+00, 6.1341000E-01, 2.4750000E+02, 4.5000000E+01
* ELEM  948  line segment
 1, 858, 862
*
  7.2807018E+00, 4.3761231E+00, 1.0193094E-01, -2.4608306E-01
* ELEM  949  line segment
 1, 1012, 858
*
  6.7092872E+00, 4.1300400E+00, 6.7334557E-01, 0.0000000E+00
* ELEM  950  line segment
 1, 1014, 1012
*
  7.2807018E+00, 3.8839569E+00, 1.0193094E-01, 2.4608306E-01
* ELEM  951  line segment
 1, 1008, 1011
*
  7.6126769E+00, 3.0824982E+00, 2.4608306E-01, -1.0193094E-01
* ELEM  952  line segment
 1, 1007, 1008
*
  7.3826328E+00, 2.5044400E+00, 4.7612722E-01, 4.7612722E-01
* ELEM  953  line segment
 1, 1007, 985
*
  7.8587600E+00, 2.9805672E+00, 0.0000000E+00, -4.7612722E-01
* ELEM  954  line segment
 1, 1139, 1007
*
  7.3826328E+00, 2.5044400E+00, 4.7612722E-01, 0.0000000E+00
* ELEM  955  line segment
 1, 1137, 1140
*
  7.6126769E+00, 1.9263818E+00, 2.4608306E-01, 1.0193094E-01
* ELEM  956  line segment
 1, 1139, 1140
*
  7.8587600E+00, 2.0283128E+00, -4.7612722E-01, 4.7612722E-01
* ELEM  957  line segment
 1, 1139, 1117
*
  7.8587600E+00, 2.5044400E+00, 0.0000000E+00, -4.7612722E-01
* ELEM  958  line segment
 1, 1130, 1134
*
  7.2807018E+00, 1.1249231E+00, 1.0193094E-01, -2.4608306E-01
* ELEM  959  line segment
 1, 1240, 1130
*
  6.7092872E+00, 8.7884000E-01, 6.7334557E-01, 0.0000000E+00
* ELEM  960  circular arc
 3, 869, 865
*
  7.0459600E+00, 4.9428400E+00, 6.1341000E-01, 0.0000000E+00, 2.2500000E+01
* ELEM  961  circular arc
 3, 869, 868
*
  7.0459600E+00, 4.9428400E+00, 6.1341000E-01, 2.2500000E+01, 4.5000000E+01
* ELEM  962  circular arc
 3, 869, 866
*
  7.0459600E+00, 4.9428400E+00, 6.1341000E-01, 6.7500000E+01, 4.5000000E+01
* ELEM  963  circular arc
 3, 869, 864
*
  7.0459600E+00, 4.9428400E+00, 6.1341000E-01, 1.1250000E+02, 4.5000000E+01
* ELEM  964  circular arc
 3, 869, 862
*
  7.0459600E+00, 4.9428400E+00, 6.1341000E-01, 2.9250000E+02, 4.5000000E+01
* ELEM  965  circular arc
 3, 869, 865
*
  7.0459600E+00, 4.9428400E+00, 6.1341000E-01, 3.3750000E+02, 2.2500000E+01
* ELEM  966  circle
 2, 870, 869
*
  7.0459600E+00, 4.9428400E+00, 5.3213000E-01, 0.0000000E+00
* ELEM  967  line segment
 1, 863, 864
*
  6.7092872E+00, 5.7556400E+00, -4.7612722E-01, -4.7612722E-01
* ELEM  968  line segment
 1, 866, 864
*
  6.8112182E+00, 5.5095569E+00, -1.0193094E-01, 2.4608306E-01
* ELEM  969  line segment
 1, 11, 863
*
  6.7092872E+00, 5.7556400E+00, -4.7612722E-01, 0.0000000E+00
* ELEM  970  line segment
 1, 645, 646
*
  2.5058328E+00, 7.3812400E+00, 4.7612722E-01, 4.7612722E-01
* ELEM  971  line segment
 1, 645, 621
*
  2.9819600E+00, 7.8573672E+00, 0.0000000E+00, -4.7612722E-01
* ELEM  972  line segment
 1, 621, 623
*
  2.9819600E+00, 7.8573672E+00, 4.7612722E-01, -4.7612722E-01
* ELEM  973  line segment
 1, 624, 623
*
  3.2280431E+00, 7.9592982E+00, -2.4608306E-01, -1.0193094E-01
* ELEM  974  circular arc
 3, 633, 623
*
  3.7947600E+00, 8.1940400E+00, 6.1341000E-01, 2.0250000E+02, 4.5000000E+01
* ELEM  975  line segment
 1, 623, 622
*
  3.5600182E+00, 7.6273231E+00, -1.0193094E-01, -2.4608306E-01
* ELEM  976  circular arc
 3, 633, 622
*
  3.7947600E+00, 8.1940400E+00, 6.1341000E-01, 2.4750000E+02, 4.5000000E+01
* ELEM  977  line segment
 1, 622, 626
*
  4.0295018E+00, 7.6273231E+00, 1.0193094E-01, -2.4608306E-01
* ELEM  978  line segment
 1, 758, 622
*
  3.4580872E+00, 7.3812400E+00, 6.7334557E-01, 0.0000000E+00
* ELEM  979  line segment
 1, 760, 758
*
  4.0295018E+00, 7.1351569E+00, 1.0193094E-01, 2.4608306E-01
* ELEM  980  line segment
 1, 643, 642
*
  1.9344182E+00, 7.6273231E+00, -1.0193094E-01, -2.4608306E-01
* ELEM  981  circular arc
 3, 653, 642
*
  2.1691600E+00, 8.1940400E+00, 6.1341000E-01, 2.4750000E+02, 4.5000000E+01
* ELEM  982  line segment
 1, 642, 646
*
  2.4039018E+00, 7.6273231E+00, 1.0193094E-01, -2.4608306E-01
* ELEM  983  line segment
 1, 776, 642
*
  1.8324872E+00, 7.3812400E+00, 6.7334557E-01, 0.0000000E+00
* ELEM  984  line segment
 1, 776, 774
*
  1.9344182E+00, 7.1351569E+00, -1.0193094E-01, 2.4608306E-01
* ELEM  985  circular arc
 3, 653, 646
*
  2.1691600E+00, 8.1940400E+00, 6.1341000E-01, 2.9250000E+02, 4.5000000E+01
* ELEM  986  line segment
 1, 646, 649
*
  2.7358769E+00, 7.9592982E+00, 2.4608306E-01, -1.0193094E-01
* ELEM  987  line segment
 1, 737, 738
*
  5.0836872E+00, 7.3812400E+00, -4.7612722E-01, -4.7612722E-01
* ELEM  988  line segment
 1, 740, 738
*
  5.1856182E+00, 7.1351569E+00, -1.0193094E-01, 2.4608306E-01
* ELEM  989  line segment
 1, 759, 760
*
  4.6075600E+00, 6.9051128E+00, -4.7612722E-01, 4.7612722E-01
* ELEM  990  line segment
 1, 759, 625
*
  4.1314328E+00, 7.3812400E+00, 4.7612722E-01, 0.0000000E+00
* ELEM  991  line segment
 1, 759, 737
*
  4.6075600E+00, 7.3812400E+00, 0.0000000E+00, -4.7612722E-01
* ELEM  992  line segment
 1, 737, 603
*
  4.6075600E+00, 7.3812400E+00, 4.7612722E-01, 0.0000000E+00
* ELEM  993  line segment
 1, 773, 774
*
  1.8324872E+00, 7.3812400E+00, -4.7612722E-01, -4.7612722E-01
* ELEM  994  line segment
 1, 773, 1249
*
  1.3563600E+00, 6.9051128E+00, 0.0000000E+00, 4.7612722E-01
* ELEM  995  line segment
 1, 773, 641
*
  1.3563600E+00, 7.3812400E+00, 4.7612722E-01, 0.0000000E+00
* ELEM  996  line segment
 1, 739, 742
*
  5.9870769E+00, 6.8031818E+00, 2.4608306E-01, 1.0193094E-01
* ELEM  997  line segment
 1, 739, 12
*
  6.2331600E+00, 6.5684400E+00, 0.0000000E+00, -3.3667278E-01
* ELEM  998  line segment
 1, 739, 14
*
  6.2331600E+00, 6.9051128E+00, 0.0000000E+00, -3.3667278E-01
* ELEM  999  line segment
 1, 14, 12
*
  6.2953900E+00, 6.5684400E+00, -6.2230000E-02, 0.0000000E+00
* ELEM  1000  circular arc
 3, 19, 12
*
  7.0459600E+00, 6.5684400E+00, 7.5057000E-01, 1.8000000E+02, 4.5000000E+01
* ELEM  1001  line segment
 1, 12, 11
*
  6.5152269E+00, 6.0377069E+00, -2.8206686E-01, -2.8206686E-01
* ELEM  1002  circular arc
 3, 19, 11
*
  7.0459600E+00, 6.5684400E+00, 7.5057000E-01, 2.2500000E+02, 4.5000000E+01
* ELEM  1003  line segment
 1, 11, 13
*
  7.0459600E+00, 5.8178700E+00, 0.0000000E+00, -6.2230000E-02
* ELEM  1004  line segment
 1, 866, 11
*
  6.7092872E+00, 5.7556400E+00, 3.3667278E-01, 0.0000000E+00
* ELEM  1005  line segment
 1, 862, 865
*
  7.6126769E+00, 4.7080982E+00, 2.4608306E-01, -1.0193094E-01
* ELEM  1006  line segment
 1, 861, 862
*
  7.3826328E+00, 4.1300400E+00, 4.7612722E-01, 4.7612722E-01
* ELEM  1007  line segment
 1, 861, 839
*
  7.8587600E+00, 4.6061672E+00, 0.0000000E+00, -4.7612722E-01
* ELEM  1008  line segment
 1, 1013, 861
*
  7.3826328E+00, 4.1300400E+00, 4.7612722E-01, 0.0000000E+00
* ELEM  1009  line segment
 1, 1011, 1014
*
  7.6126769E+00, 3.5519818E+00, 2.4608306E-01, 1.0193094E-01
* ELEM  1010  line segment
 1, 1013, 1014
*
  7.8587600E+00, 3.6539128E+00, -4.7612722E-01, 4.7612722E-01
* ELEM  1011  line segment
 1, 1013, 991
*
  7.8587600E+00, 4.1300400E+00, 0.0000000E+00, -4.7612722E-01
* ELEM  1012  line segment
 1, 985, 987
*
  7.8587600E+00, 2.9805672E+00, 4.7612722E-01, -4.7612722E-01
* ELEM  1013  line segment
 1, 1117, 985
*
  7.8587600E+00, 2.5044400E+00, 4.7612722E-01, 0.0000000E+00
* ELEM  1014  line segment
 1, 988, 987
*
  8.1048431E+00, 3.0824982E+00, -2.4608306E-01, -1.0193094E-01
* ELEM  1015  circular arc
 3, 997, 987
*
  8.6715600E+00, 3.3172400E+00, 6.1341000E-01, 2.0250000E+02, 4.5000000E+01
* ELEM  1016  line segment
 1, 987, 986
*
  8.4368182E+00, 2.7505231E+00, -1.0193094E-01, -2.4608306E-01
* ELEM  1017  line segment
 1, 1011, 988
*
  7.8587600E+00, 3.6539128E+00, 0.0000000E+00, -6.7334557E-01
* ELEM  1018  line segment
 1, 992, 988
*
  8.1048431E+00, 3.5519818E+00, -2.4608306E-01, 1.0193094E-01
* ELEM  1019  circular arc
 3, 997, 988
*
  8.6715600E+00, 3.3172400E+00, 6.1341000E-01, 1.5750000E+02, 4.5000000E+01
* ELEM  1020  line segment
 1, 1117, 1118
*
  8.3348872E+00, 2.5044400E+00, -4.7612722E-01, -4.7612722E-01
* ELEM  1021  line segment
 1, 1137, 1114
*
  7.8587600E+00, 2.0283128E+00, 0.0000000E+00, -6.7334557E-01
* ELEM  1022  line segment
 1, 1118, 1114
*
  8.1048431E+00, 1.9263818E+00, -2.4608306E-01, 1.0193094E-01
* ELEM  1023  circular arc
 3, 1123, 1114
*
  8.6715600E+00, 1.6916400E+00, 6.1341000E-01, 1.5750000E+02, 4.5000000E+01
* ELEM  1024  line segment
 1, 1114, 1113
*
  8.1048431E+00, 1.4568982E+00, -2.4608306E-01, -1.0193094E-01
* ELEM  1025  line segment
 1, 1120, 1118
*
  8.4368182E+00, 2.2583569E+00, -1.0193094E-01, 2.4608306E-01
* ELEM  1026  circular arc
 3, 1123, 1118
*
  8.6715600E+00, 1.6916400E+00, 6.1341000E-01, 1.1250000E+02, 4.5000000E+01
* ELEM  1027  line segment
 1, 1134, 1137
*
  7.6126769E+00, 1.4568982E+00, 2.4608306E-01, -1.0193094E-01
* ELEM  1028  line segment
 1, 1133, 1134
*
  7.3826328E+00, 8.7884000E-01, 4.7612722E-01, 4.7612722E-01
* ELEM  1029  line segment
 1, 1133, 1111
*
  7.8587600E+00, 1.3549672E+00, 0.0000000E+00, -4.7612722E-01
* ELEM  1030  line segment
 1, 1133, 1240
*
  7.8587600E+00, 8.7884000E-01, -4.7612722E-01, 0.0000000E+00
* ELEM  1031  line segment
 1, 866, 13
*
  7.0459600E+00, 5.7556400E+00, 3.3667278E-01, 0.0000000E+00
* ELEM  1032  line segment
 1, 868, 866
*
  7.2807018E+00, 5.5095569E+00, 1.0193094E-01, 2.4608306E-01
* ELEM  1033  line segment
 1, 649, 624
*
  2.9819600E+00, 8.5307128E+00, 0.0000000E+00, -6.7334557E-01
* ELEM  1034  line segment
 1, 628, 624
*
  3.2280431E+00, 8.4287818E+00, -2.4608306E-01, 1.0193094E-01
* ELEM  1035  circular arc
 3, 633, 624
*
  3.7947600E+00, 8.1940400E+00, 6.1341000E-01, 1.5750000E+02, 4.5000000E+01
* ELEM  1036  circular arc
 3, 653, 649
*
  2.1691600E+00, 8.1940400E+00, 6.1341000E-01, 3.3750000E+02, 2.2500000E+01
* ELEM  1037  circular arc
 3, 653, 649
*
  2.1691600E+00, 8.1940400E+00, 6.1341000E-01, 0.0000000E+00, 2.2500000E+01
* ELEM  1038  line segment
 1, 649, 652
*
  2.7358769E+00, 8.4287818E+00, 2.4608306E-01, 1.0193094E-01
* ELEM  1039  circular arc
 3, 633, 629
*
  3.7947600E+00, 8.1940400E+00, 6.1341000E-01, 0.0000000E+00, 2.2500000E+01
* ELEM  1040  circular arc
 3, 633, 632
*
  3.7947600E+00, 8.1940400E+00, 6.1341000E-01, 2.2500000E+01, 4.5000000E+01
* ELEM  1041  circular arc
 3, 633, 630
*
  3.7947600E+00, 8.1940400E+00, 6.1341000E-01, 6.7500000E+01, 4.5000000E+01
* ELEM  1042  circular arc
 3, 633, 628
*
  3.7947600E+00, 8.1940400E+00, 6.1341000E-01, 1.1250000E+02, 4.5000000E+01
* ELEM  1043  circular arc
 3, 633, 626
*
  3.7947600E+00, 8.1940400E+00, 6.1341000E-01, 2.9250000E+02, 4.5000000E+01
* ELEM  1044  circular arc
 3, 633, 629
*
  3.7947600E+00, 8.1940400E+00, 6.1341000E-01, 3.3750000E+02, 2.2500000E+01
* ELEM  1045  circle
 2, 634, 633
*
  3.7947600E+00, 8.1940400E+00, 5.3213000E-01, 0.0000000E+00
* ELEM  1046  line segment
 1, 626, 629
*
  4.3614769E+00, 7.9592982E+00, 2.4608306E-01, -1.0193094E-01
* ELEM  1047  line segment
 1, 625, 626
*
  4.1314328E+00, 7.3812400E+00, 4.7612722E-01, 4.7612722E-01
* ELEM  1048  line segment
 1, 625, 603
*
  4.6075600E+00, 7.8573672E+00, 0.0000000E+00, -4.7612722E-01
* ELEM  1049  circular arc
 3, 653, 652
*
  2.1691600E+00, 8.1940400E+00, 6.1341000E-01, 2.2500000E+01, 4.5000000E+01
* ELEM  1050  circular arc
 3, 653, 650
*
  2.1691600E+00, 8.1940400E+00, 6.1341000E-01, 6.7500000E+01, 4.5000000E+01
* ELEM  1051  circular arc
 3, 653, 648
*
  2.1691600E+00, 8.1940400E+00, 6.1341000E-01, 1.1250000E+02, 4.5000000E+01
* ELEM  1052  circular arc
 3, 653, 644
*
  2.1691600E+00, 8.1940400E+00, 6.1341000E-01, 1.5750000E+02, 4.5000000E+01
* ELEM  1053  circular arc
 3, 653, 643
*
  2.1691600E+00, 8.1940400E+00, 6.1341000E-01, 2.0250000E+02, 4.5000000E+01
* ELEM  1054  circle
 2, 654, 653
*
  2.1691600E+00, 8.1940400E+00, 5.3213000E-01, 0.0000000E+00
* ELEM  1055  line segment
 1, 641, 1264
*
  1.3563600E+00, 7.3812400E+00, 0.0000000E+00, 4.7612722E-01
* ELEM  1056  line segment
 1, 641, 643
*
  1.3563600E+00, 7.8573672E+00, 4.7612722E-01, -4.7612722E-01
* ELEM  1057  line segment
 1, 644, 643
*
  1.6024431E+00, 7.9592982E+00, -2.4608306E-01, -1.0193094E-01
* ELEM  1058  line segment
 1, 603, 605
*
  4.6075600E+00, 7.8573672E+00, 4.7612722E-01, -4.7612722E-01
* ELEM  1059  line segment
 1, 606, 605
*
  4.8536431E+00, 7.9592982E+00, -2.4608306E-01, -1.0193094E-01
* ELEM  1060  circular arc
 3, 615, 605
*
  5.4203600E+00, 8.1940400E+00, 6.1341000E-01, 2.0250000E+02, 4.5000000E+01
* ELEM  1061  line segment
 1, 605, 604
*
  5.1856182E+00, 7.6273231E+00, -1.0193094E-01, -2.4608306E-01
* ELEM  1062  circular arc
 3, 615, 604
*
  5.4203600E+00, 8.1940400E+00, 6.1341000E-01, 2.4750000E+02, 4.5000000E+01
* ELEM  1063  line segment
 1, 604, 608
*
  5.6551018E+00, 7.6273231E+00, 1.0193094E-01, -2.4608306E-01
* ELEM  1064  line segment
 1, 740, 604
*
  5.0836872E+00, 7.3812400E+00, 6.7334557E-01, 0.0000000E+00
* ELEM  1065  line segment
 1, 742, 740
*
  5.6551018E+00, 7.1351569E+00, 1.0193094E-01, 2.4608306E-01
* ELEM  1066  line segment
 1, 14, 741
*
  6.2331600E+00, 6.9051128E+00, 0.0000000E+00, 4.7612722E-01
* ELEM  1067  line segment
 1, 16, 14
*
  6.5152269E+00, 7.0991731E+00, -2.8206686E-01, 2.8206686E-01
* ELEM  1068  circular arc
 3, 19, 14
*
  7.0459600E+00, 6.5684400E+00, 7.5057000E-01, 1.3500000E+02, 4.5000000E+01
* ELEM  1069  circular arc
 3, 19, 17
*
  7.0459600E+00, 6.5684400E+00, 7.5057000E-01, 0.0000000E+00, 4.5000000E+01
* ELEM  1070  circular arc
 3, 19, 18
*
  7.0459600E+00, 6.5684400E+00, 7.5057000E-01, 4.5000000E+01, 4.5000000E+01
* ELEM  1071  circular arc
 3, 19, 16
*
  7.0459600E+00, 6.5684400E+00, 7.5057000E-01, 9.0000000E+01, 4.5000000E+01
* ELEM  1072  circular arc
 3, 19, 13
*
  7.0459600E+00, 6.5684400E+00, 7.5057000E-01, 2.7000000E+02, 4.5000000E+01
* ELEM  1073  circular arc
 3, 19, 15
*
  7.0459600E+00, 6.5684400E+00, 7.5057000E-01, 3.1500000E+02, 4.5000000E+01
* ELEM  1074  circle
 2, 20, 19
*
  7.0459600E+00, 6.5684400E+00, 6.7437000E-01, 0.0000000E+00
* ELEM  1075  line segment
 1, 839, 841
*
  7.8587600E+00, 4.6061672E+00, 4.7612722E-01, -4.7612722E-01
* ELEM  1076  line segment
 1, 991, 839
*
  7.8587600E+00, 4.1300400E+00, 4.7612722E-01, 0.0000000E+00
* ELEM  1077  line segment
 1, 842, 841
*
  8.1048431E+00, 4.7080982E+00, -2.4608306E-01, -1.0193094E-01
* ELEM  1078  circular arc
 3, 851, 841
*
  8.6715600E+00, 4.9428400E+00, 6.1341000E-01, 2.0250000E+02, 4.5000000E+01
* ELEM  1079  line segment
 1, 841, 840
*
  8.4368182E+00, 4.3761231E+00, -1.0193094E-01, -2.4608306E-01
* ELEM  1080  line segment
 1, 865, 842
*
  7.8587600E+00, 5.2795128E+00, 0.0000000E+00, -6.7334557E-01
* ELEM  1081  line segment
 1, 846, 842
*
  8.1048431E+00, 5.1775818E+00, -2.4608306E-01, 1.0193094E-01
* ELEM  1082  circular arc
 3, 851, 842
*
  8.6715600E+00, 4.9428400E+00, 6.1341000E-01, 1.5750000E+02, 4.5000000E+01
* ELEM  1083  line segment
 1, 865, 868
*
  7.6126769E+00, 5.1775818E+00, 2.4608306E-01, 1.0193094E-01
* ELEM  1084  line segment
 1, 991, 992
*
  8.3348872E+00, 4.1300400E+00, -4.7612722E-01, -4.7612722E-01
* ELEM  1085  line segment
 1, 994, 992
*
  8.4368182E+00, 3.8839569E+00, -1.0193094E-01, 2.4608306E-01
* ELEM  1086  circular arc
 3, 997, 992
*
  8.6715600E+00, 3.3172400E+00, 6.1341000E-01, 1.1250000E+02, 4.5000000E+01
* ELEM  1087  circular arc
 3, 997, 986
*
  8.6715600E+00, 3.3172400E+00, 6.1341000E-01, 2.4750000E+02, 4.5000000E+01
* ELEM  1088  line segment
 1, 986, 990
*
  8.9063018E+00, 2.7505231E+00, 1.0193094E-01, -2.4608306E-01
* ELEM  1089  line segment
 1, 1120, 986
*
  8.3348872E+00, 2.5044400E+00, 6.7334557E-01, 0.0000000E+00
* ELEM  1090  line segment
 1, 1122, 1120
*
  8.9063018E+00, 2.2583569E+00, 1.0193094E-01, 2.4608306E-01
* ELEM  1091  circular arc
 3, 1123, 1120
*
  8.6715600E+00, 1.6916400E+00, 6.1341000E-01, 6.7500000E+01, 4.5000000E+01
* ELEM  1092  circular arc
 3, 997, 993
*
  8.6715600E+00, 3.3172400E+00, 6.1341000E-01, 0.0000000E+00, 2.2500000E+01
* ELEM  1093  circular arc
 3, 997, 996
*
  8.6715600E+00, 3.3172400E+00, 6.1341000E-01, 2.2500000E+01, 4.5000000E+01
* ELEM  1094  circular arc
 3, 997, 994
*
  8.6715600E+00, 3.3172400E+00, 6.1341000E-01, 6.7500000E+01, 4.5000000E+01
* ELEM  1095  circular arc
 3, 997, 990
*
  8.6715600E+00, 3.3172400E+00, 6.1341000E-01, 2.9250000E+02, 4.5000000E+01
* ELEM  1096  circular arc
 3, 997, 993
*
  8.6715600E+00, 3.3172400E+00, 6.1341000E-01, 3.3750000E+02, 2.2500000E+01
* ELEM  1097  circle
 2, 998, 997
*
  8.6715600E+00, 3.3172400E+00, 5.3213000E-01, 0.0000000E+00
* ELEM  1098  line segment
 1, 1111, 1113
*
  7.8587600E+00, 1.3549672E+00, 4.7612722E-01, -4.7612722E-01
* ELEM  1099  line segment
 1, 1111, 1235
*
  8.3348872E+00, 8.7884000E-01, -4.7612722E-01, 0.0000000E+00
* ELEM  1100  circular arc
 3, 1123, 1113
*
  8.6715600E+00, 1.6916400E+00, 6.1341000E-01, 2.0250000E+02, 4.5000000E+01
* ELEM  1101  line segment
 1, 1113, 1112
*
  8.4368182E+00, 1.1249231E+00, -1.0193094E-01, -2.4608306E-01
* ELEM  1102  circular arc
 3, 1123, 1119
*
  8.6715600E+00, 1.6916400E+00, 6.1341000E-01, 0.0000000E+00, 2.2500000E+01
* ELEM  1103  circular arc
 3, 1123, 1122
*
  8.6715600E+00, 1.6916400E+00, 6.1341000E-01, 2.2500000E+01, 4.5000000E+01
* ELEM  1104  circular arc
 3, 1123, 1112
*
  8.6715600E+00, 1.6916400E+00, 6.1341000E-01, 2.4750000E+02, 4.5000000E+01
* ELEM  1105  circular arc
 3, 1123, 1116
*
  8.6715600E+00, 1.6916400E+00, 6.1341000E-01, 2.9250000E+02, 4.5000000E+01
* ELEM  1106  circular arc
 3, 1123, 1119
*
  8.6715600E+00, 1.6916400E+00, 6.1341000E-01, 3.3750000E+02, 2.2500000E+01
* ELEM  1107  circle
 2, 1124, 1123
*
  8.6715600E+00, 1.6916400E+00, 5.3213000E-01, 0.0000000E+00
* ELEM  1108  line segment
 1, 13, 15
*
  7.5766931E+00, 6.0377069E+00, 2.8206686E-01, -2.8206686E-01
* ELEM  1109  line segment
 1, 13, 867
*
  7.8587600E+00, 5.7556400E+00, -4.7612722E-01, 0.0000000E+00
* ELEM  1110  line segment
 1, 627, 628
*
  3.4580872E+00, 9.0068400E+00, -4.7612722E-01, -4.7612722E-01
* ELEM  1111  line segment
 1, 630, 628
*
  3.5600182E+00, 8.7607569E+00, -1.0193094E-01, 2.4608306E-01
* ELEM  1112  line segment
 1, 651, 652
*
  2.9819600E+00, 8.5307128E+00, -4.7612722E-01, 4.7612722E-01
* ELEM  1113  line segment
 1, 651, 517
*
  2.5058328E+00, 9.0068400E+00, 4.7612722E-01, 0.0000000E+00
* ELEM  1114  line segment
 1, 651, 627
*
  2.9819600E+00, 9.0068400E+00, 0.0000000E+00, -4.7612722E-01
* ELEM  1115  line segment
 1, 627, 495
*
  2.9819600E+00, 9.0068400E+00, 4.7612722E-01, 0.0000000E+00
* ELEM  1116  line segment
 1, 652, 650
*
  2.4039018E+00, 8.7607569E+00, 1.0193094E-01, 2.4608306E-01
* ELEM  1117  line segment
 1, 629, 606
*
  4.6075600E+00, 8.5307128E+00, 0.0000000E+00, -6.7334557E-01
* ELEM  1118  line segment
 1, 610, 606
*
  4.8536431E+00, 8.4287818E+00, -2.4608306E-01, 1.0193094E-01
* ELEM  1119  circular arc
 3, 615, 606
*
  5.4203600E+00, 8.1940400E+00, 6.1341000E-01, 1.5750000E+02, 4.5000000E+01
* ELEM  1120  line segment
 1, 629, 632
*
  4.3614769E+00, 8.4287818E+00, 2.4608306E-01, 1.0193094E-01
* ELEM  1121  line segment
 1, 1264, 644
*
  1.3563600E+00, 8.5307128E+00, 0.0000000E+00, -6.7334557E-01
* ELEM  1122  line segment
 1, 648, 644
*
  1.6024431E+00, 8.4287818E+00, -2.4608306E-01, 1.0193094E-01
* ELEM  1123  circular arc
 3, 615, 611
*
  5.4203600E+00, 8.1940400E+00, 6.1341000E-01, 0.0000000E+00, 2.2500000E+01
* ELEM  1124  circular arc
 3, 615, 614
*
  5.4203600E+00, 8.1940400E+00, 6.1341000E-01, 2.2500000E+01, 4.5000000E+01
* ELEM  1125  circular arc
 3, 615, 612
*
  5.4203600E+00, 8.1940400E+00, 6.1341000E-01, 6.7500000E+01, 4.5000000E+01
* ELEM  1126  circular arc
 3, 615, 610
*
  5.4203600E+00, 8.1940400E+00, 6.1341000E-01, 1.1250000E+02, 4.5000000E+01
* ELEM  1127  circular arc
 3, 615, 608
*
  5.4203600E+00, 8.1940400E+00, 6.1341000E-01, 2.9250000E+02, 4.5000000E+01
* ELEM  1128  circular arc
 3, 615, 611
*
  5.4203600E+00, 8.1940400E+00, 6.1341000E-01, 3.3750000E+02, 2.2500000E+01
* ELEM  1129  circle
 2, 616, 615
*
  5.4203600E+00, 8.1940400E+00, 5.3213000E-01, 0.0000000E+00
* ELEM  1130  line segment
 1, 608, 611
*
  5.9870769E+00, 7.9592982E+00, 2.4608306E-01, -1.0193094E-01
* ELEM  1131  line segment
 1, 607, 608
*
  5.7570328E+00, 7.3812400E+00, 4.7612722E-01, 4.7612722E-01
* ELEM  1132  line segment
 1, 607, 585
*
  6.2331600E+00, 7.8573672E+00, 0.0000000E+00, -4.7612722E-01
* ELEM  1133  line segment
 1, 741, 607
*
  5.7570328E+00, 7.3812400E+00, 4.7612722E-01, 0.0000000E+00
* ELEM  1134  line segment
 1, 741, 742
*
  6.2331600E+00, 6.9051128E+00, -4.7612722E-01, 4.7612722E-01
* ELEM  1135  circular arc
 3, 851, 840
*
  8.6715600E+00, 4.9428400E+00, 6.1341000E-01, 2.4750000E+02, 4.5000000E+01
* ELEM  1136  line segment
 1, 840, 844
*
  8.9063018E+00, 4.3761231E+00, 1.0193094E-01, -2.4608306E-01
* ELEM  1137  line segment
 1, 994, 840
*
  8.3348872E+00, 4.1300400E+00, 6.7334557E-01, 0.0000000E+00
* ELEM  1138  line segment
 1, 996, 994
*
  8.9063018E+00, 3.8839569E+00, 1.0193094E-01, 2.4608306E-01
* ELEM  1139  circular arc
 3, 851, 847
*
  8.6715600E+00, 4.9428400E+00, 6.1341000E-01, 0.0000000E+00, 2.2500000E+01
* ELEM  1140  circular arc
 3, 851, 850
*
  8.6715600E+00, 4.9428400E+00, 6.1341000E-01, 2.2500000E+01, 4.5000000E+01
* ELEM  1141  circular arc
 3, 851, 848
*
  8.6715600E+00, 4.9428400E+00, 6.1341000E-01, 6.7500000E+01, 4.5000000E+01
* ELEM  1142  circular arc
 3, 851, 846
*
  8.6715600E+00, 4.9428400E+00, 6.1341000E-01, 1.1250000E+02, 4.5000000E+01
* ELEM  1143  circular arc
 3, 851, 844
*
  8.6715600E+00, 4.9428400E+00, 6.1341000E-01, 2.9250000E+02, 4.5000000E+01
* ELEM  1144  circular arc
 3, 851, 847
*
  8.6715600E+00, 4.9428400E+00, 6.1341000E-01, 3.3750000E+02, 2.2500000E+01
* ELEM  1145  circle
 2, 852, 851
*
  8.6715600E+00, 4.9428400E+00, 5.3213000E-01, 0.0000000E+00
* ELEM  1146  line segment
 1, 845, 846
*
  8.3348872E+00, 5.7556400E+00, -4.7612722E-01, -4.7612722E-01
* ELEM  1147  line segment
 1, 848, 846
*
  8.4368182E+00, 5.5095569E+00, -1.0193094E-01, 2.4608306E-01
* ELEM  1148  line segment
 1, 867, 868
*
  7.8587600E+00, 5.2795128E+00, -4.7612722E-01, 4.7612722E-01
* ELEM  1149  line segment
 1, 867, 845
*
  7.8587600E+00, 5.7556400E+00, 0.0000000E+00, -4.7612722E-01
* ELEM  1150  line segment
 1, 845, 713
*
  7.8587600E+00, 5.7556400E+00, 4.7612722E-01, 0.0000000E+00
* ELEM  1151  line segment
 1, 990, 993
*
  9.2382769E+00, 3.0824982E+00, 2.4608306E-01, -1.0193094E-01
* ELEM  1152  line segment
 1, 989, 990
*
  9.0082328E+00, 2.5044400E+00, 4.7612722E-01, 4.7612722E-01
* ELEM  1153  line segment
 1, 989, 967
*
  9.4843600E+00, 2.9805672E+00, 0.0000000E+00, -4.7612722E-01
* ELEM  1154  line segment
 1, 1121, 989
*
  9.0082328E+00, 2.5044400E+00, 4.7612722E-01, 0.0000000E+00
* ELEM  1155  line segment
 1, 1119, 1122
*
  9.2382769E+00, 1.9263818E+00, 2.4608306E-01, 1.0193094E-01
* ELEM  1156  line segment
 1, 1121, 1122
*
  9.4843600E+00, 2.0283128E+00, -4.7612722E-01, 4.7612722E-01
* ELEM  1157  line segment
 1, 1121, 1099
*
  9.4843600E+00, 2.5044400E+00, 0.0000000E+00, -4.7612722E-01
* ELEM  1158  line segment
 1, 1112, 1116
*
  8.9063018E+00, 1.1249231E+00, 1.0193094E-01, -2.4608306E-01
* ELEM  1159  line segment
 1, 1235, 1112
*
  8.3348872E+00, 8.7884000E-01, 6.7334557E-01, 0.0000000E+00
* ELEM  1160  line segment
 1, 517, 518
*
  2.5058328E+00, 9.0068400E+00, 4.7612722E-01, 4.7612722E-01
* ELEM  1161  line segment
 1, 517, 495
*
  2.9819600E+00, 9.4829672E+00, 0.0000000E+00, -4.7612722E-01
* ELEM  1162  line segment
 1, 495, 497
*
  2.9819600E+00, 9.4829672E+00, 4.7612722E-01, -4.7612722E-01
* ELEM  1163  line segment
 1, 498, 497
*
  3.2280431E+00, 9.5848982E+00, -2.4608306E-01, -1.0193094E-01
* ELEM  1164  circular arc
 3, 507, 497
*
  3.7947600E+00, 9.8196400E+00, 6.1341000E-01, 2.0250000E+02, 4.5000000E+01
* ELEM  1165  line segment
 1, 497, 496
*
  3.5600182E+00, 9.2529231E+00, -1.0193094E-01, -2.4608306E-01
* ELEM  1166  circular arc
 3, 507, 496
*
  3.7947600E+00, 9.8196400E+00, 6.1341000E-01, 2.4750000E+02, 4.5000000E+01
* ELEM  1167  line segment
 1, 496, 500
*
  4.0295018E+00, 9.2529231E+00, 1.0193094E-01, -2.4608306E-01
* ELEM  1168  line segment
 1, 630, 496
*
  3.4580872E+00, 9.0068400E+00, 6.7334557E-01, 0.0000000E+00
* ELEM  1169  line segment
 1, 632, 630
*
  4.0295018E+00, 8.7607569E+00, 1.0193094E-01, 2.4608306E-01
* ELEM  1170  line segment
 1, 515, 514
*
  1.9344182E+00, 9.2529231E+00, -1.0193094E-01, -2.4608306E-01
* ELEM  1171  circular arc
 3, 525, 514
*
  2.1691600E+00, 9.8196400E+00, 6.1341000E-01, 2.4750000E+02, 4.5000000E+01
* ELEM  1172  line segment
 1, 514, 518
*
  2.4039018E+00, 9.2529231E+00, 1.0193094E-01, -2.4608306E-01
* ELEM  1173  line segment
 1, 650, 514
*
  1.8324872E+00, 9.0068400E+00, 6.7334557E-01, 0.0000000E+00
* ELEM  1174  line segment
 1, 650, 648
*
  1.9344182E+00, 8.7607569E+00, -1.0193094E-01, 2.4608306E-01
* ELEM  1175  circular arc
 3, 525, 518
*
  2.1691600E+00, 9.8196400E+00, 6.1341000E-01, 2.9250000E+02, 4.5000000E+01
* ELEM  1176  line segment
 1, 518, 521
*
  2.7358769E+00, 9.5848982E+00, 2.4608306E-01, -1.0193094E-01
* ELEM  1177  line segment
 1, 609, 610
*
  5.0836872E+00, 9.0068400E+00, -4.7612722E-01, -4.7612722E-01
* ELEM  1178  line segment
 1, 612, 610
*
  5.1856182E+00, 8.7607569E+00, -1.0193094E-01, 2.4608306E-01
* ELEM  1179  line segment
 1, 631, 632
*
  4.6075600E+00, 8.5307128E+00, -4.7612722E-01, 4.7612722E-01
* ELEM  1180  line segment
 1, 631, 499
*
  4.1314328E+00, 9.0068400E+00, 4.7612722E-01, 0.0000000E+00
* ELEM  1181  line segment
 1, 631, 609
*
  4.6075600E+00, 9.0068400E+00, 0.0000000E+00, -4.7612722E-01
* ELEM  1182  line segment
 1, 609, 477
*
  4.6075600E+00, 9.0068400E+00, 4.7612722E-01, 0.0000000E+00
* ELEM  1183  line segment
 1, 647, 648
*
  1.8324872E+00, 9.0068400E+00, -4.7612722E-01, -4.7612722E-01
* ELEM  1184  line segment
 1, 647, 1264
*
  1.3563600E+00, 8.5307128E+00, 0.0000000E+00, 1.5100722E-01
* ELEM  1185  line segment
 1, 647, 1250
*
  1.3563600E+00, 8.6817200E+00, 0.0000000E+00, 3.2512000E-01
* ELEM  1186  line segment
 1, 647, 513
*
  1.3563600E+00, 9.0068400E+00, 4.7612722E-01, 0.0000000E+00
* ELEM  1187  line segment
 1, 585, 587
*
  6.2331600E+00, 7.8573672E+00, 4.7612722E-01, -4.7612722E-01
* ELEM  1188  line segment
 1, 16, 585
*
  6.2331600E+00, 7.3812400E+00, 4.7612722E-01, 0.0000000E+00
* ELEM  1189  line segment
 1, 588, 587
*
  6.4792431E+00, 7.9592982E+00, -2.4608306E-01, -1.0193094E-01
* ELEM  1190  circular arc
 3, 597, 587
*
  7.0459600E+00, 8.1940400E+00, 6.1341000E-01, 2.0250000E+02, 4.5000000E+01
* ELEM  1191  line segment
 1, 587, 586
*
  6.8112182E+00, 7.6273231E+00, -1.0193094E-01, -2.4608306E-01
* ELEM  1192  line segment
 1, 611, 588
*
  6.2331600E+00, 8.5307128E+00, 0.0000000E+00, -6.7334557E-01
* ELEM  1193  line segment
 1, 592, 588
*
  6.4792431E+00, 8.4287818E+00, -2.4608306E-01, 1.0193094E-01
* ELEM  1194  circular arc
 3, 597, 588
*
  7.0459600E+00, 8.1940400E+00, 6.1341000E-01, 1.5750000E+02, 4.5000000E+01
* ELEM  1195  line segment
 1, 611, 614
*
  5.9870769E+00, 8.4287818E+00, 2.4608306E-01, 1.0193094E-01
* ELEM  1196  line segment
 1, 586, 16
*
  7.0459600E+00, 7.3812400E+00, -3.3667278E-01, 0.0000000E+00
* ELEM  1197  line segment
 1, 18, 16
*
  7.0459600E+00, 7.3190100E+00, 0.0000000E+00, 6.2230000E-02
* ELEM  1198  line segment
 1, 15, 17
*
  7.7965300E+00, 6.5684400E+00, 6.2230000E-02, 0.0000000E+00
* ELEM  1199  line segment
 1, 15, 713
*
  7.8587600E+00, 6.2317672E+00, 0.0000000E+00, -4.7612722E-01
* ELEM  1200  line segment
 1, 716, 15
*
  7.8587600E+00, 6.2317672E+00, 0.0000000E+00, 3.3667278E-01
* ELEM  1201  line segment
 1, 844, 847
*
  9.2382769E+00, 4.7080982E+00, 2.4608306E-01, -1.0193094E-01
* ELEM  1202  line segment
 1, 843, 844
*
  9.0082328E+00, 4.1300400E+00, 4.7612722E-01, 4.7612722E-01
* ELEM  1203  line segment
 1, 843, 821
*
  9.4843600E+00, 4.6061672E+00, 0.0000000E+00, -4.7612722E-01
* ELEM  1204  line segment
 1, 995, 843
*
  9.0082328E+00, 4.1300400E+00, 4.7612722E-01, 0.0000000E+00
* ELEM  1205  line segment
 1, 993, 996
*
  9.2382769E+00, 3.5519818E+00, 2.4608306E-01, 1.0193094E-01
* ELEM  1206  line segment
 1, 995, 996
*
  9.4843600E+00, 3.6539128E+00, -4.7612722E-01, 4.7612722E-01
* ELEM  1207  line segment
 1, 995, 973
*
  9.4843600E+00, 4.1300400E+00, 0.0000000E+00, -4.7612722E-01
* ELEM  1208  line segment
 1, 713, 715
*
  7.8587600E+00, 6.2317672E+00, 4.7612722E-01, -4.7612722E-01
* ELEM  1209  line segment
 1, 716, 715
*
  8.1048431E+00, 6.3336982E+00, -2.4608306E-01, -1.0193094E-01
* ELEM  1210  circular arc
 3, 725, 715
*
  8.6715600E+00, 6.5684400E+00, 6.1341000E-01, 2.0250000E+02, 4.5000000E+01
* ELEM  1211  line segment
 1, 715, 714
*
  8.4368182E+00, 6.0017231E+00, -1.0193094E-01, -2.4608306E-01
* ELEM  1212  circular arc
 3, 725, 714
*
  8.6715600E+00, 6.5684400E+00, 6.1341000E-01, 2.4750000E+02, 4.5000000E+01
* ELEM  1213  line segment
 1, 714, 718
*
  8.9063018E+00, 6.0017231E+00, 1.0193094E-01, -2.4608306E-01
* ELEM  1214  line segment
 1, 848, 714
*
  8.3348872E+00, 5.7556400E+00, 6.7334557E-01, 0.0000000E+00
* ELEM  1215  line segment
 1, 850, 848
*
  8.9063018E+00, 5.5095569E+00, 1.0193094E-01, 2.4608306E-01
* ELEM  1216  line segment
 1, 967, 969
*
  9.4843600E+00, 2.9805672E+00, 4.7612722E-01, -4.7612722E-01
* ELEM  1217  line segment
 1, 1099, 967
*
  9.4843600E+00, 2.5044400E+00, 4.7612722E-01, 0.0000000E+00
* ELEM  1218  line segment
 1, 970, 969
*
  9.7304431E+00, 3.0824982E+00, -2.4608306E-01, -1.0193094E-01
* ELEM  1219  circular arc
 3, 979, 969
*
  1.0297160E+01, 3.3172400E+00, 6.1341000E-01, 2.0250000E+02, 4.5000000E+01
* ELEM  1220  line segment
 1, 969, 968
*
  1.0062418E+01, 2.7505231E+00, -1.0193094E-01, -2.4608306E-01
* ELEM  1221  line segment
 1, 993, 970
*
  9.4843600E+00, 3.6539128E+00, 0.0000000E+00, -6.7334557E-01
* ELEM  1222  line segment
 1, 974, 970
*
  9.7304431E+00, 3.5519818E+00, -2.4608306E-01, 1.0193094E-01
* ELEM  1223  circular arc
 3, 979, 970
*
  1.0297160E+01, 3.3172400E+00, 6.1341000E-01, 1.5750000E+02, 4.5000000E+01
* ELEM  1224  line segment
 1, 1099, 1100
*
  9.9604872E+00, 2.5044400E+00, -4.7612722E-01, -4.7612722E-01
* ELEM  1225  line segment
 1, 1119, 1096
*
  9.4843600E+00, 2.0283128E+00, 0.0000000E+00, -6.7334557E-01
* ELEM  1226  line segment
 1, 1100, 1096
*
  9.7304431E+00, 1.9263818E+00, -2.4608306E-01, 1.0193094E-01
* ELEM  1227  circular arc
 3, 1105, 1096
*
  1.0297160E+01, 1.6916400E+00, 6.1341000E-01, 1.5750000E+02, 4.5000000E+01
* ELEM  1228  line segment
 1, 1096, 1095
*
  9.7304431E+00, 1.4568982E+00, -2.4608306E-01, -1.0193094E-01
* ELEM  1229  line segment
 1, 1102, 1100
*
  1.0062418E+01, 2.2583569E+00, -1.0193094E-01, 2.4608306E-01
* ELEM  1230  circular arc
 3, 1105, 1100
*
  1.0297160E+01, 1.6916400E+00, 6.1341000E-01, 1.1250000E+02, 4.5000000E+01
* ELEM  1231  line segment
 1, 1116, 1119
*
  9.2382769E+00, 1.4568982E+00, 2.4608306E-01, -1.0193094E-01
* ELEM  1232  line segment
 1, 1115, 1116
*
  9.0082328E+00, 8.7884000E-01, 4.7612722E-01, 4.7612722E-01
* ELEM  1233  line segment
 1, 1115, 1093
*
  9.4843600E+00, 1.3549672E+00, 0.0000000E+00, -4.7612722E-01
* ELEM  1234  line segment
 1, 1115, 1266
*
  9.4843600E+00, 8.7884000E-01, -3.2512000E-01, 0.0000000E+00
* ELEM  1235  line segment
 1, 1115, 1235
*
  9.1592400E+00, 8.7884000E-01, -1.5100722E-01, 0.0000000E+00
* ELEM  1236  line segment
 1, 521, 498
*
  2.9819600E+00, 1.0156313E+01, 0.0000000E+00, -6.7334557E-01
* ELEM  1237  line segment
 1, 502, 498
*
  3.2280431E+00, 1.0054382E+01, -2.4608306E-01, 1.0193094E-01
* ELEM  1238  circular arc
 3, 507, 498
*
  3.7947600E+00, 9.8196400E+00, 6.1341000E-01, 1.5750000E+02, 4.5000000E+01
* ELEM  1239  circular arc
 3, 525, 521
*
  2.1691600E+00, 9.8196400E+00, 6.1341000E-01, 3.3750000E+02, 2.2500000E+01
* ELEM  1240  circular arc
 3, 525, 521
*
  2.1691600E+00, 9.8196400E+00, 6.1341000E-01, 0.0000000E+00, 2.2500000E+01
* ELEM  1241  line segment
 1, 521, 524
*
  2.7358769E+00, 1.0054382E+01, 2.4608306E-01, 1.0193094E-01
* ELEM  1242  circular arc
 3, 507, 503
*
  3.7947600E+00, 9.8196400E+00, 6.1341000E-01, 0.0000000E+00, 2.2500000E+01
* ELEM  1243  circular arc
 3, 507, 506
*
  3.7947600E+00, 9.8196400E+00, 6.1341000E-01, 2.2500000E+01, 4.5000000E+01
* ELEM  1244  circular arc
 3, 507, 504
*
  3.7947600E+00, 9.8196400E+00, 6.1341000E-01, 6.7500000E+01, 4.5000000E+01
* ELEM  1245  circular arc
 3, 507, 502
*
  3.7947600E+00, 9.8196400E+00, 6.1341000E-01, 1.1250000E+02, 4.5000000E+01
* ELEM  1246  circular arc
 3, 507, 500
*
  3.7947600E+00, 9.8196400E+00, 6.1341000E-01, 2.9250000E+02, 4.5000000E+01
* ELEM  1247  circular arc
 3, 507, 503
*
  3.7947600E+00, 9.8196400E+00, 6.1341000E-01, 3.3750000E+02, 2.2500000E+01
* ELEM  1248  circle
 2, 508, 507
*
  3.7947600E+00, 9.8196400E+00, 5.3213000E-01, 0.0000000E+00
* ELEM  1249  line segment
 1, 500, 503
*
  4.3614769E+00, 9.5848982E+00, 2.4608306E-01, -1.0193094E-01
* ELEM  1250  line segment
 1, 499, 500
*
  4.1314328E+00, 9.0068400E+00, 4.7612722E-01, 4.7612722E-01
* ELEM  1251  line segment
 1, 499, 477
*
  4.6075600E+00, 9.4829672E+00, 0.0000000E+00, -4.7612722E-01
* ELEM  1252  circular arc
 3, 525, 524
*
  2.1691600E+00, 9.8196400E+00, 6.1341000E-01, 2.2500000E+01, 4.5000000E+01
* ELEM  1253  circular arc
 3, 525, 522
*
  2.1691600E+00, 9.8196400E+00, 6.1341000E-01, 6.7500000E+01, 4.5000000E+01
* ELEM  1254  circular arc
 3, 525, 520
*
  2.1691600E+00, 9.8196400E+00, 6.1341000E-01, 1.1250000E+02, 4.5000000E+01
* ELEM  1255  circular arc
 3, 525, 516
*
  2.1691600E+00, 9.8196400E+00, 6.1341000E-01, 1.5750000E+02, 4.5000000E+01
* ELEM  1256  circular arc
 3, 525, 515
*
  2.1691600E+00, 9.8196400E+00, 6.1341000E-01, 2.0250000E+02, 4.5000000E+01
* ELEM  1257  circle
 2, 526, 525
*
  2.1691600E+00, 9.8196400E+00, 5.3213000E-01, 0.0000000E+00
* ELEM  1258  line segment
 1, 1250, 513
*
  1.3563600E+00, 9.4829672E+00, 0.0000000E+00, -4.7612722E-01
* ELEM  1259  line segment
 1, 513, 515
*
  1.3563600E+00, 9.4829672E+00, 4.7612722E-01, -4.7612722E-01
* ELEM  1260  line segment
 1, 516, 515
*
  1.6024431E+00, 9.5848982E+00, -2.4608306E-01, -1.0193094E-01
* ELEM  1261  line segment
 1, 477, 479
*
  4.6075600E+00, 9.4829672E+00, 4.7612722E-01, -4.7612722E-01
* ELEM  1262  line segment
 1, 480, 479
*
  4.8536431E+00, 9.5848982E+00, -2.4608306E-01, -1.0193094E-01
* ELEM  1263  circular arc
 3, 489, 479
*
  5.4203600E+00, 9.8196400E+00, 6.1341000E-01, 2.0250000E+02, 4.5000000E+01
* ELEM  1264  line segment
 1, 479, 478
*
  5.1856182E+00, 9.2529231E+00, -1.0193094E-01, -2.4608306E-01
* ELEM  1265  circular arc
 3, 489, 478
*
  5.4203600E+00, 9.8196400E+00, 6.1341000E-01, 2.4750000E+02, 4.5000000E+01
* ELEM  1266  line segment
 1, 478, 482
*
  5.6551018E+00, 9.2529231E+00, 1.0193094E-01, -2.4608306E-01
* ELEM  1267  line segment
 1, 612, 478
*
  5.0836872E+00, 9.0068400E+00, 6.7334557E-01, 0.0000000E+00
* ELEM  1268  line segment
 1, 614, 612
*
  5.6551018E+00, 8.7607569E+00, 1.0193094E-01, 2.4608306E-01
* ELEM  1269  circular arc
 3, 597, 586
*
  7.0459600E+00, 8.1940400E+00, 6.1341000E-01, 2.4750000E+02, 4.5000000E+01
* ELEM  1270  line segment
 1, 586, 590
*
  7.2807018E+00, 7.6273231E+00, 1.0193094E-01, -2.4608306E-01
* ELEM  1271  line segment
 1, 586, 18
*
  7.3826328E+00, 7.3812400E+00, -3.3667278E-01, 0.0000000E+00
* ELEM  1272  circular arc
 3, 597, 593
*
  7.0459600E+00, 8.1940400E+00, 6.1341000E-01, 0.0000000E+00, 2.2500000E+01
* ELEM  1273  circular arc
 3, 597, 596
*
  7.0459600E+00, 8.1940400E+00, 6.1341000E-01, 2.2500000E+01, 4.5000000E+01
* ELEM  1274  circular arc
 3, 597, 594
*
  7.0459600E+00, 8.1940400E+00, 6.1341000E-01, 6.7500000E+01, 4.5000000E+01
* ELEM  1275  circular arc
 3, 597, 592
*
  7.0459600E+00, 8.1940400E+00, 6.1341000E-01, 1.1250000E+02, 4.5000000E+01
* ELEM  1276  circular arc
 3, 597, 590
*
  7.0459600E+00, 8.1940400E+00, 6.1341000E-01, 2.9250000E+02, 4.5000000E+01
* ELEM  1277  circular arc
 3, 597, 593
*
  7.0459600E+00, 8.1940400E+00, 6.1341000E-01, 3.3750000E+02, 2.2500000E+01
* ELEM  1278  circle
 2, 598, 597
*
  7.0459600E+00, 8.1940400E+00, 5.3213000E-01, 0.0000000E+00
* ELEM  1279  line segment
 1, 591, 592
*
  6.7092872E+00, 9.0068400E+00, -4.7612722E-01, -4.7612722E-01
* ELEM  1280  line segment
 1, 594, 592
*
  6.8112182E+00, 8.7607569E+00, -1.0193094E-01, 2.4608306E-01
* ELEM  1281  line segment
 1, 613, 614
*
  6.2331600E+00, 8.5307128E+00, -4.7612722E-01, 4.7612722E-01
* ELEM  1282  line segment
 1, 613, 481
*
  5.7570328E+00, 9.0068400E+00, 4.7612722E-01, 0.0000000E+00
* ELEM  1283  line segment
 1, 613, 591
*
  6.2331600E+00, 9.0068400E+00, 0.0000000E+00, -4.7612722E-01
* ELEM  1284  line segment
 1, 591, 459
*
  6.2331600E+00, 9.0068400E+00, 4.7612722E-01, 0.0000000E+00
* ELEM  1285  line segment
 1, 18, 589
*
  7.3826328E+00, 7.3812400E+00, 4.7612722E-01, 0.0000000E+00
* ELEM  1286  line segment
 1, 17, 18
*
  7.5766931E+00, 7.0991731E+00, 2.8206686E-01, 2.8206686E-01
* ELEM  1287  line segment
 1, 716, 17
*
  7.8587600E+00, 6.5684400E+00, 0.0000000E+00, 3.3667278E-01
* ELEM  1288  line segment
 1, 17, 719
*
  7.8587600E+00, 7.3812400E+00, 0.0000000E+00, -4.7612722E-01
* ELEM  1289  line segment
 1, 821, 823
*
  9.4843600E+00, 4.6061672E+00, 4.7612722E-01, -4.7612722E-01
* ELEM  1290  line segment
 1, 973, 821
*
  9.4843600E+00, 4.1300400E+00, 4.7612722E-01, 0.0000000E+00
* ELEM  1291  line segment
 1, 824, 823
*
  9.7304431E+00, 4.7080982E+00, -2.4608306E-01, -1.0193094E-01
* ELEM  1292  circular arc
 3, 833, 823
*
  1.0297160E+01, 4.9428400E+00, 6.1341000E-01, 2.0250000E+02, 4.5000000E+01
* ELEM  1293  line segment
 1, 823, 822
*
  1.0062418E+01, 4.3761231E+00, -1.0193094E-01, -2.4608306E-01
* ELEM  1294  line segment
 1, 847, 824
*
  9.4843600E+00, 5.2795128E+00, 0.0000000E+00, -6.7334557E-01
* ELEM  1295  line segment
 1, 828, 824
*
  9.7304431E+00, 5.1775818E+00, -2.4608306E-01, 1.0193094E-01
* ELEM  1296  circular arc
 3, 833, 824
*
  1.0297160E+01, 4.9428400E+00, 6.1341000E-01, 1.5750000E+02, 4.5000000E+01
* ELEM  1297  line segment
 1, 847, 850
*
  9.2382769E+00, 5.1775818E+00, 2.4608306E-01, 1.0193094E-01
* ELEM  1298  line segment
 1, 973, 974
*
  9.9604872E+00, 4.1300400E+00, -4.7612722E-01, -4.7612722E-01
* ELEM  1299  line segment
 1, 976, 974
*
  1.0062418E+01, 3.8839569E+00, -1.0193094E-01, 2.4608306E-01
* ELEM  1300  circular arc
 3, 979, 974
*
  1.0297160E+01, 3.3172400E+00, 6.1341000E-01, 1.1250000E+02, 4.5000000E+01
* ELEM  1301  line segment
 1, 720, 716
*
  8.1048431E+00, 6.8031818E+00, -2.4608306E-01, 1.0193094E-01
* ELEM  1302  circular arc
 3, 725, 716
*
  8.6715600E+00, 6.5684400E+00, 6.1341000E-01, 1.5750000E+02, 4.5000000E+01
* ELEM  1303  circular arc
 3, 725, 721
*
  8.6715600E+00, 6.5684400E+00, 6.1341000E-01, 0.0000000E+00, 2.2500000E+01
* ELEM  1304  circular arc
 3, 725, 724
*
  8.6715600E+00, 6.5684400E+00, 6.1341000E-01, 2.2500000E+01, 4.5000000E+01
* ELEM  1305  circular arc
 3, 725, 722
*
  8.6715600E+00, 6.5684400E+00, 6.1341000E-01, 6.7500000E+01, 4.5000000E+01
* ELEM  1306  circular arc
 3, 725, 720
*
  8.6715600E+00, 6.5684400E+00, 6.1341000E-01, 1.1250000E+02, 4.5000000E+01
* ELEM  1307  circular arc
 3, 725, 718
*
  8.6715600E+00, 6.5684400E+00, 6.1341000E-01, 2.9250000E+02, 4.5000000E+01
* ELEM  1308  circular arc
 3, 725, 721
*
  8.6715600E+00, 6.5684400E+00, 6.1341000E-01, 3.3750000E+02, 2.2500000E+01
* ELEM  1309  circle
 2, 726, 725
*
  8.6715600E+00, 6.5684400E+00, 5.3213000E-01, 0.0000000E+00
* ELEM  1310  line segment
 1, 718, 721
*
  9.2382769E+00, 6.3336982E+00, 2.4608306E-01, -1.0193094E-01
* ELEM  1311  line segment
 1, 717, 718
*
  9.0082328E+00, 5.7556400E+00, 4.7612722E-01, 4.7612722E-01
* ELEM  1312  line segment
 1, 717, 695
*
  9.4843600E+00, 6.2317672E+00, 0.0000000E+00, -4.7612722E-01
* ELEM  1313  line segment
 1, 849, 717
*
  9.0082328E+00, 5.7556400E+00, 4.7612722E-01, 0.0000000E+00
* ELEM  1314  line segment
 1, 849, 850
*
  9.4843600E+00, 5.2795128E+00, -4.7612722E-01, 4.7612722E-01
* ELEM  1315  line segment
 1, 849, 827
*
  9.4843600E+00, 5.7556400E+00, 0.0000000E+00, -4.7612722E-01
* ELEM  1316  circular arc
 3, 979, 968
*
  1.0297160E+01, 3.3172400E+00, 6.1341000E-01, 2.4750000E+02, 4.5000000E+01
* ELEM  1317  line segment
 1, 968, 972
*
  1.0531902E+01, 2.7505231E+00, 1.0193094E-01, -2.4608306E-01
* ELEM  1318  line segment
 1, 1102, 968
*
  9.9604872E+00, 2.5044400E+00, 6.7334557E-01, 0.0000000E+00
* ELEM  1319  line segment
 1, 1104, 1102
*
  1.0531902E+01, 2.2583569E+00, 1.0193094E-01, 2.4608306E-01
* ELEM  1320  circular arc
 3, 1105, 1102
*
  1.0297160E+01, 1.6916400E+00, 6.1341000E-01, 6.7500000E+01, 4.5000000E+01
* ELEM  1321  circular arc
 3, 979, 975
*
  1.0297160E+01, 3.3172400E+00, 6.1341000E-01, 0.0000000E+00, 2.2500000E+01
* ELEM  1322  circular arc
 3, 979, 978
*
  1.0297160E+01, 3.3172400E+00, 6.1341000E-01, 2.2500000E+01, 4.5000000E+01
* ELEM  1323  circular arc
 3, 979, 976
*
  1.0297160E+01, 3.3172400E+00, 6.1341000E-01, 6.7500000E+01, 4.5000000E+01
* ELEM  1324  circular arc
 3, 979, 972
*
  1.0297160E+01, 3.3172400E+00, 6.1341000E-01, 2.9250000E+02, 4.5000000E+01
* ELEM  1325  circular arc
 3, 979, 975
*
  1.0297160E+01, 3.3172400E+00, 6.1341000E-01, 3.3750000E+02, 2.2500000E+01
* ELEM  1326  circle
 2, 980, 979
*
  1.0297160E+01, 3.3172400E+00, 5.3213000E-01, 0.0000000E+00
* ELEM  1327  line segment
 1, 1093, 1095
*
  9.4843600E+00, 1.3549672E+00, 4.7612722E-01, -4.7612722E-01
* ELEM  1328  line segment
 1, 1266, 1093
*
  9.4843600E+00, 8.7884000E-01, 4.7612722E-01, 0.0000000E+00
* ELEM  1329  circular arc
 3, 1105, 1095
*
  1.0297160E+01, 1.6916400E+00, 6.1341000E-01, 2.0250000E+02, 4.5000000E+01
* ELEM  1330  line segment
 1, 1095, 1094
*
  1.0062418E+01, 1.1249231E+00, -1.0193094E-01, -2.4608306E-01
* ELEM  1331  circular arc
 3, 1105, 1101
*
  1.0297160E+01, 1.6916400E+00, 6.1341000E-01, 0.0000000E+00, 2.2500000E+01
* ELEM  1332  circular arc
 3, 1105, 1104
*
  1.0297160E+01, 1.6916400E+00, 6.1341000E-01, 2.2500000E+01, 4.5000000E+01
* ELEM  1333  circular arc
 3, 1105, 1094
*
  1.0297160E+01, 1.6916400E+00, 6.1341000E-01, 2.4750000E+02, 4.5000000E+01
* ELEM  1334  circular arc
 3, 1105, 1098
*
  1.0297160E+01, 1.6916400E+00, 6.1341000E-01, 2.9250000E+02, 4.5000000E+01
* ELEM  1335  circular arc
 3, 1105, 1101
*
  1.0297160E+01, 1.6916400E+00, 6.1341000E-01, 3.3750000E+02, 2.2500000E+01
* ELEM  1336  circle
 2, 1106, 1105
*
  1.0297160E+01, 1.6916400E+00, 5.3213000E-01, 0.0000000E+00
* ELEM  1337  line segment
 1, 501, 502
*
  3.4580872E+00, 1.0632440E+01, -4.7612722E-01, -4.7612722E-01
* ELEM  1338  line segment
 1, 504, 502
*
  3.5600182E+00, 1.0386357E+01, -1.0193094E-01, 2.4608306E-01
* ELEM  1339  line segment
 1, 523, 524
*
  2.9819600E+00, 1.0156313E+01, -4.7612722E-01, 4.7612722E-01
* ELEM  1340  line segment
 1, 523, 371
*
  2.5058328E+00, 1.0632440E+01, 4.7612722E-01, 0.0000000E+00
* ELEM  1341  line segment
 1, 523, 501
*
  2.9819600E+00, 1.0632440E+01, 0.0000000E+00, -4.7612722E-01
* ELEM  1342  line segment
 1, 501, 349
*
  2.9819600E+00, 1.0632440E+01, 4.7612722E-01, 0.0000000E+00
* ELEM  1343  line segment
 1, 524, 522
*
  2.4039018E+00, 1.0386357E+01, 1.0193094E-01, 2.4608306E-01
* ELEM  1344  line segment
 1, 503, 480
*
  4.6075600E+00, 1.0156313E+01, 0.0000000E+00, -6.7334557E-01
* ELEM  1345  line segment
 1, 484, 480
*
  4.8536431E+00, 1.0054382E+01, -2.4608306E-01, 1.0193094E-01
* ELEM  1346  circular arc
 3, 489, 480
*
  5.4203600E+00, 9.8196400E+00, 6.1341000E-01, 1.5750000E+02, 4.5000000E+01
* ELEM  1347  line segment
 1, 503, 506
*
  4.3614769E+00, 1.0054382E+01, 2.4608306E-01, 1.0193094E-01
* ELEM  1348  line segment
 1, 516, 1250
*
  1.3563600E+00, 9.4829672E+00, 0.0000000E+00, 4.9923278E-01
* ELEM  1349  line segment
 1, 516, 1258
*
  1.3563600E+00, 9.9822000E+00, 0.0000000E+00, 1.7411278E-01
* ELEM  1350  line segment
 1, 520, 516
*
  1.6024431E+00, 1.0054382E+01, -2.4608306E-01, 1.0193094E-01
* ELEM  1351  circular arc
 3, 489, 485
*
  5.4203600E+00, 9.8196400E+00, 6.1341000E-01, 0.0000000E+00, 2.2500000E+01
* ELEM  1352  circular arc
 3, 489, 488
*
  5.4203600E+00, 9.8196400E+00, 6.1341000E-01, 2.2500000E+01, 4.5000000E+01
* ELEM  1353  circular arc
 3, 489, 486
*
  5.4203600E+00, 9.8196400E+00, 6.1341000E-01, 6.7500000E+01, 4.5000000E+01
* ELEM  1354  circular arc
 3, 489, 484
*
  5.4203600E+00, 9.8196400E+00, 6.1341000E-01, 1.1250000E+02, 4.5000000E+01
* ELEM  1355  circular arc
 3, 489, 482
*
  5.4203600E+00, 9.8196400E+00, 6.1341000E-01, 2.9250000E+02, 4.5000000E+01
* ELEM  1356  circular arc
 3, 489, 485
*
  5.4203600E+00, 9.8196400E+00, 6.1341000E-01, 3.3750000E+02, 2.2500000E+01
* ELEM  1357  circle
 2, 490, 489
*
  5.4203600E+00, 9.8196400E+00, 5.3213000E-01, 0.0000000E+00
* ELEM  1358  line segment
 1, 482, 485
*
  5.9870769E+00, 9.5848982E+00, 2.4608306E-01, -1.0193094E-01
* ELEM  1359  line segment
 1, 481, 482
*
  5.7570328E+00, 9.0068400E+00, 4.7612722E-01, 4.7612722E-01
* ELEM  1360  line segment
 1, 481, 459
*
  6.2331600E+00, 9.4829672E+00, 0.0000000E+00, -4.7612722E-01
* ELEM  1361  line segment
 1, 459, 461
*
  6.2331600E+00, 9.4829672E+00, 4.7612722E-01, -4.7612722E-01
* ELEM  1362  line segment
 1, 462, 461
*
  6.4792431E+00, 9.5848982E+00, -2.4608306E-01, -1.0193094E-01
* ELEM  1363  circular arc
 3, 471, 461
*
  7.0459600E+00, 9.8196400E+00, 6.1341000E-01, 2.0250000E+02, 4.5000000E+01
* ELEM  1364  line segment
 1, 461, 460
*
  6.8112182E+00, 9.2529231E+00, -1.0193094E-01, -2.4608306E-01
* ELEM  1365  circular arc
 3, 471, 460
*
  7.0459600E+00, 9.8196400E+00, 6.1341000E-01, 2.4750000E+02, 4.5000000E+01
* ELEM  1366  line segment
 1, 460, 464
*
  7.2807018E+00, 9.2529231E+00, 1.0193094E-01, -2.4608306E-01
* ELEM  1367  line segment
 1, 594, 460
*
  6.7092872E+00, 9.0068400E+00, 6.7334557E-01, 0.0000000E+00
* ELEM  1368  line segment
 1, 596, 594
*
  7.2807018E+00, 8.7607569E+00, 1.0193094E-01, 2.4608306E-01
* ELEM  1369  circular arc
 3, 833, 822
*
  1.0297160E+01, 4.9428400E+00, 6.1341000E-01, 2.4750000E+02, 4.5000000E+01
* ELEM  1370  line segment
 1, 822, 826
*
  1.0531902E+01, 4.3761231E+00, 1.0193094E-01, -2.4608306E-01
* ELEM  1371  line segment
 1, 976, 822
*
  9.9604872E+00, 4.1300400E+00, 6.7334557E-01, 0.0000000E+00
* ELEM  1372  line segment
 1, 978, 976
*
  1.0531902E+01, 3.8839569E+00, 1.0193094E-01, 2.4608306E-01
* ELEM  1373  circular arc
 3, 833, 829
*
  1.0297160E+01, 4.9428400E+00, 6.1341000E-01, 0.0000000E+00, 2.2500000E+01
* ELEM  1374  circular arc
 3, 833, 832
*
  1.0297160E+01, 4.9428400E+00, 6.1341000E-01, 2.2500000E+01, 4.5000000E+01
* ELEM  1375  circular arc
 3, 833, 830
*
  1.0297160E+01, 4.9428400E+00, 6.1341000E-01, 6.7500000E+01, 4.5000000E+01
* ELEM  1376  circular arc
 3, 833, 828
*
  1.0297160E+01, 4.9428400E+00, 6.1341000E-01, 1.1250000E+02, 4.5000000E+01
* ELEM  1377  circular arc
 3, 833, 826
*
  1.0297160E+01, 4.9428400E+00, 6.1341000E-01, 2.9250000E+02, 4.5000000E+01
* ELEM  1378  circular arc
 3, 833, 829
*
  1.0297160E+01, 4.9428400E+00, 6.1341000E-01, 3.3750000E+02, 2.2500000E+01
* ELEM  1379  circle
 2, 834, 833
*
  1.0297160E+01, 4.9428400E+00, 5.3213000E-01, 0.0000000E+00
* ELEM  1380  line segment
 1, 827, 828
*
  9.9604872E+00, 5.7556400E+00, -4.7612722E-01, -4.7612722E-01
* ELEM  1381  line segment
 1, 830, 828
*
  1.0062418E+01, 5.5095569E+00, -1.0193094E-01, 2.4608306E-01
* ELEM  1382  line segment
 1, 827, 695
*
  9.4843600E+00, 5.7556400E+00, 4.7612722E-01, 0.0000000E+00
* ELEM  1383  line segment
 1, 695, 697
*
  9.4843600E+00, 6.2317672E+00, 4.7612722E-01, -4.7612722E-01
* ELEM  1384  line segment
 1, 698, 697
*
  9.7304431E+00, 6.3336982E+00, -2.4608306E-01, -1.0193094E-01
* ELEM  1385  circular arc
 3, 707, 697
*
  1.0297160E+01, 6.5684400E+00, 6.1341000E-01, 2.0250000E+02, 4.5000000E+01
* ELEM  1386  line segment
 1, 697, 696
*
  1.0062418E+01, 6.0017231E+00, -1.0193094E-01, -2.4608306E-01
* ELEM  1387  line segment
 1, 721, 698
*
  9.4843600E+00, 6.9051128E+00, 0.0000000E+00, -6.7334557E-01
* ELEM  1388  line segment
 1, 702, 698
*
  9.7304431E+00, 6.8031818E+00, -2.4608306E-01, 1.0193094E-01
* ELEM  1389  circular arc
 3, 707, 698
*
  1.0297160E+01, 6.5684400E+00, 6.1341000E-01, 1.5750000E+02, 4.5000000E+01
* ELEM  1390  line segment
 1, 721, 724
*
  9.2382769E+00, 6.8031818E+00, 2.4608306E-01, 1.0193094E-01
* ELEM  1391  line segment
 1, 972, 975
*
  1.0863877E+01, 3.0824982E+00, 2.4608306E-01, -1.0193094E-01
* ELEM  1392  line segment
 1, 971, 972
*
  1.0633833E+01, 2.5044400E+00, 4.7612722E-01, 4.7612722E-01
* ELEM  1393  line segment
 1, 971, 947
*
  1.1109960E+01, 2.9805672E+00, 0.0000000E+00, -4.7612722E-01
* ELEM  1394  line segment
 1, 1103, 971
*
  1.0633833E+01, 2.5044400E+00, 4.7612722E-01, 0.0000000E+00
* ELEM  1395  line segment
 1, 1101, 1104
*
  1.0863877E+01, 1.9263818E+00, 2.4608306E-01, 1.0193094E-01
* ELEM  1396  line segment
 1, 1103, 1104
*
  1.1109960E+01, 2.0283128E+00, -4.7612722E-01, 4.7612722E-01
* ELEM  1397  line segment
 1, 1103, 1081
*
  1.1109960E+01, 2.5044400E+00, 0.0000000E+00, -4.7612722E-01
* ELEM  1398  line segment
 1, 1094, 1098
*
  1.0531902E+01, 1.1249231E+00, 1.0193094E-01, -2.4608306E-01
* ELEM  1399  line segment
 1, 1094, 1242
*
  1.0633833E+01, 8.7884000E-01, -1.7411278E-01, 0.0000000E+00
* ELEM  1400  line segment
 1, 1094, 1266
*
  1.0459720E+01, 8.7884000E-01, -4.9923278E-01, 0.0000000E+00
* ELEM  1401  line segment
 1, 371, 372
*
  2.5058328E+00, 1.0632440E+01, 4.7612722E-01, 4.7612722E-01
* ELEM  1402  line segment
 1, 371, 349
*
  2.9819600E+00, 1.1108567E+01, 0.0000000E+00, -4.7612722E-01
* ELEM  1403  line segment
 1, 349, 351
*
  2.9819600E+00, 1.1108567E+01, 4.7612722E-01, -4.7612722E-01
* ELEM  1404  line segment
 1, 352, 351
*
  3.2280431E+00, 1.1210498E+01, -2.4608306E-01, -1.0193094E-01
* ELEM  1405  circular arc
 3, 361, 351
*
  3.7947600E+00, 1.1445240E+01, 6.1341000E-01, 2.0250000E+02, 4.5000000E+01
* ELEM  1406  line segment
 1, 351, 350
*
  3.5600182E+00, 1.0878523E+01, -1.0193094E-01, -2.4608306E-01
* ELEM  1407  circular arc
 3, 361, 350
*
  3.7947600E+00, 1.1445240E+01, 6.1341000E-01, 2.4750000E+02, 4.5000000E+01
* ELEM  1408  line segment
 1, 350, 354
*
  4.0295018E+00, 1.0878523E+01, 1.0193094E-01, -2.4608306E-01
* ELEM  1409  line segment
 1, 504, 350
*
  3.4580872E+00, 1.0632440E+01, 6.7334557E-01, 0.0000000E+00
* ELEM  1410  line segment
 1, 506, 504
*
  4.0295018E+00, 1.0386357E+01, 1.0193094E-01, 2.4608306E-01
* ELEM  1411  line segment
 1, 369, 368
*
  1.9344182E+00, 1.0878523E+01, -1.0193094E-01, -2.4608306E-01
* ELEM  1412  circular arc
 3, 379, 368
*
  2.1691600E+00, 1.1445240E+01, 6.1341000E-01, 2.4750000E+02, 4.5000000E+01
* ELEM  1413  line segment
 1, 368, 372
*
  2.4039018E+00, 1.0878523E+01, 1.0193094E-01, -2.4608306E-01
* ELEM  1414  line segment
 1, 522, 368
*
  1.8324872E+00, 1.0632440E+01, 6.7334557E-01, 0.0000000E+00
* ELEM  1415  line segment
 1, 522, 520
*
  1.9344182E+00, 1.0386357E+01, -1.0193094E-01, 2.4608306E-01
* ELEM  1416  circular arc
 3, 379, 372
*
  2.1691600E+00, 1.1445240E+01, 6.1341000E-01, 2.9250000E+02, 4.5000000E+01
* ELEM  1417  line segment
 1, 372, 375
*
  2.7358769E+00, 1.1210498E+01, 2.4608306E-01, -1.0193094E-01
* ELEM  1418  line segment
 1, 483, 484
*
  5.0836872E+00, 1.0632440E+01, -4.7612722E-01, -4.7612722E-01
* ELEM  1419  line segment
 1, 486, 484
*
  5.1856182E+00, 1.0386357E+01, -1.0193094E-01, 2.4608306E-01
* ELEM  1420  line segment
 1, 505, 506
*
  4.6075600E+00, 1.0156313E+01, -4.7612722E-01, 4.7612722E-01
* ELEM  1421  line segment
 1, 505, 353
*
  4.1314328E+00, 1.0632440E+01, 4.7612722E-01, 0.0000000E+00
* ELEM  1422  line segment
 1, 505, 483
*
  4.6075600E+00, 1.0632440E+01, 0.0000000E+00, -4.7612722E-01
* ELEM  1423  line segment
 1, 483, 331
*
  4.6075600E+00, 1.0632440E+01, 4.7612722E-01, 0.0000000E+00
* ELEM  1424  line segment
 1, 485, 462
*
  6.2331600E+00, 1.0156313E+01, 0.0000000E+00, -6.7334557E-01
* ELEM  1425  line segment
 1, 466, 462
*
  6.4792431E+00, 1.0054382E+01, -2.4608306E-01, 1.0193094E-01
* ELEM  1426  circular arc
 3, 471, 462
*
  7.0459600E+00, 9.8196400E+00, 6.1341000E-01, 1.5750000E+02, 4.5000000E+01
* ELEM  1427  line segment
 1, 485, 488
*
  5.9870769E+00, 1.0054382E+01, 2.4608306E-01, 1.0193094E-01
* ELEM  1428  line segment
 1, 589, 590
*
  7.3826328E+00, 7.3812400E+00, 4.7612722E-01, 4.7612722E-01
* ELEM  1429  line segment
 1, 2, 589
*
  7.8587600E+00, 7.3812400E+00, 0.0000000E+00, 4.7612722E-01
* ELEM  1430  line segment
 1, 590, 593
*
  7.6126769E+00, 7.9592982E+00, 2.4608306E-01, -1.0193094E-01
* ELEM  1431  circular arc
 3, 471, 467
*
  7.0459600E+00, 9.8196400E+00, 6.1341000E-01, 0.0000000E+00, 2.2500000E+01
* ELEM  1432  circular arc
 3, 471, 470
*
  7.0459600E+00, 9.8196400E+00, 6.1341000E-01, 2.2500000E+01, 4.5000000E+01
* ELEM  1433  circular arc
 3, 471, 468
*
  7.0459600E+00, 9.8196400E+00, 6.1341000E-01, 6.7500000E+01, 4.5000000E+01
* ELEM  1434  circular arc
 3, 471, 466
*
  7.0459600E+00, 9.8196400E+00, 6.1341000E-01, 1.1250000E+02, 4.5000000E+01
* ELEM  1435  circular arc
 3, 471, 464
*
  7.0459600E+00, 9.8196400E+00, 6.1341000E-01, 2.9250000E+02, 4.5000000E+01
* ELEM  1436  circular arc
 3, 471, 467
*
  7.0459600E+00, 9.8196400E+00, 6.1341000E-01, 3.3750000E+02, 2.2500000E+01
* ELEM  1437  circle
 2, 472, 471
*
  7.0459600E+00, 9.8196400E+00, 5.3213000E-01, 0.0000000E+00
* ELEM  1438  line segment
 1, 464, 467
*
  7.6126769E+00, 9.5848982E+00, 2.4608306E-01, -1.0193094E-01
* ELEM  1439  line segment
 1, 463, 464
*
  7.3826328E+00, 9.0068400E+00, 4.7612722E-01, 4.7612722E-01
* ELEM  1440  line segment
 1, 463, 441
*
  7.8587600E+00, 9.4829672E+00, 0.0000000E+00, -4.7612722E-01
* ELEM  1441  line segment
 1, 595, 463
*
  7.3826328E+00, 9.0068400E+00, 4.7612722E-01, 0.0000000E+00
* ELEM  1442  line segment
 1, 593, 596
*
  7.6126769E+00, 8.4287818E+00, 2.4608306E-01, 1.0193094E-01
* ELEM  1443  line segment
 1, 595, 596
*
  7.8587600E+00, 8.5307128E+00, -4.7612722E-01, 4.7612722E-01
* ELEM  1444  line segment
 1, 4, 595
*
  7.8587600E+00, 8.5307128E+00, 0.0000000E+00, 4.7612722E-01
* ELEM  1445  line segment
 1, 593, 2
*
  7.8587600E+00, 8.1940400E+00, 0.0000000E+00, -3.3667278E-01
* ELEM  1446  line segment
 1, 4, 2
*
  7.9209900E+00, 8.1940400E+00, -6.2230000E-02, 0.0000000E+00
* ELEM  1447  circular arc
 3, 9, 2
*
  8.6715600E+00, 8.1940400E+00, 7.5057000E-01, 1.8000000E+02, 4.5000000E+01
* ELEM  1448  line segment
 1, 2, 1
*
  8.1408269E+00, 7.6633069E+00, -2.8206686E-01, -2.8206686E-01
* ELEM  1449  circular arc
 3, 9, 1
*
  8.6715600E+00, 8.1940400E+00, 7.5057000E-01, 2.2500000E+02, 4.5000000E+01
* ELEM  1450  line segment
 1, 1, 3
*
  8.6715600E+00, 7.4434700E+00, 0.0000000E+00, -6.2230000E-02
* ELEM  1451  line segment
 1, 1, 719
*
  8.3348872E+00, 7.3812400E+00, -4.7612722E-01, 0.0000000E+00
* ELEM  1452  line segment
 1, 722, 1
*
  8.3348872E+00, 7.3812400E+00, 3.3667278E-01, 0.0000000E+00
* ELEM  1453  line segment
 1, 719, 720
*
  8.3348872E+00, 7.3812400E+00, -4.7612722E-01, -4.7612722E-01
* ELEM  1454  line segment
 1, 722, 720
*
  8.4368182E+00, 7.1351569E+00, -1.0193094E-01, 2.4608306E-01
* ELEM  1455  line segment
 1, 826, 829
*
  1.0863877E+01, 4.7080982E+00, 2.4608306E-01, -1.0193094E-01
* ELEM  1456  line segment
 1, 825, 826
*
  1.0633833E+01, 4.1300400E+00, 4.7612722E-01, 4.7612722E-01
* ELEM  1457  line segment
 1, 825, 803
*
  1.1109960E+01, 4.6061672E+00, 0.0000000E+00, -4.7612722E-01
* ELEM  1458  line segment
 1, 977, 825
*
  1.0633833E+01, 4.1300400E+00, 4.7612722E-01, 0.0000000E+00
* ELEM  1459  line segment
 1, 975, 978
*
  1.0863877E+01, 3.5519818E+00, 2.4608306E-01, 1.0193094E-01
* ELEM  1460  line segment
 1, 977, 978
*
  1.1109960E+01, 3.6539128E+00, -4.7612722E-01, 4.7612722E-01
* ELEM  1461  line segment
 1, 977, 953
*
  1.1109960E+01, 4.1300400E+00, 0.0000000E+00, -4.7612722E-01
* ELEM  1462  circular arc
 3, 707, 696
*
  1.0297160E+01, 6.5684400E+00, 6.1341000E-01, 2.4750000E+02, 4.5000000E+01
* ELEM  1463  line segment
 1, 696, 700
*
  1.0531902E+01, 6.0017231E+00, 1.0193094E-01, -2.4608306E-01
* ELEM  1464  line segment
 1, 830, 696
*
  9.9604872E+00, 5.7556400E+00, 6.7334557E-01, 0.0000000E+00
* ELEM  1465  line segment
 1, 832, 830
*
  1.0531902E+01, 5.5095569E+00, 1.0193094E-01, 2.4608306E-01
* ELEM  1466  circular arc
 3, 707, 703
*
  1.0297160E+01, 6.5684400E+00, 6.1341000E-01, 0.0000000E+00, 2.2500000E+01
* ELEM  1467  circular arc
 3, 707, 706
*
  1.0297160E+01, 6.5684400E+00, 6.1341000E-01, 2.2500000E+01, 4.5000000E+01
* ELEM  1468  circular arc
 3, 707, 704
*
  1.0297160E+01, 6.5684400E+00, 6.1341000E-01, 6.7500000E+01, 4.5000000E+01
* ELEM  1469  circular arc
 3, 707, 702
*
  1.0297160E+01, 6.5684400E+00, 6.1341000E-01, 1.1250000E+02, 4.5000000E+01
* ELEM  1470  circular arc
 3, 707, 700
*
  1.0297160E+01, 6.5684400E+00, 6.1341000E-01, 2.9250000E+02, 4.5000000E+01
* ELEM  1471  circular arc
 3, 707, 703
*
  1.0297160E+01, 6.5684400E+00, 6.1341000E-01, 3.3750000E+02, 2.2500000E+01
* ELEM  1472  circle
 2, 708, 707
*
  1.0297160E+01, 6.5684400E+00, 5.3213000E-01, 0.0000000E+00
* ELEM  1473  line segment
 1, 701, 702
*
  9.9604872E+00, 7.3812400E+00, -4.7612722E-01, -4.7612722E-01
* ELEM  1474  line segment
 1, 704, 702
*
  1.0062418E+01, 7.1351569E+00, -1.0193094E-01, 2.4608306E-01
* ELEM  1475  line segment
 1, 723, 724
*
  9.4843600E+00, 6.9051128E+00, -4.7612722E-01, 4.7612722E-01
* ELEM  1476  line segment
 1, 3, 723
*
  9.4843600E+00, 7.3812400E+00, -4.7612722E-01, 0.0000000E+00
* ELEM  1477  line segment
 1, 723, 701
*
  9.4843600E+00, 7.3812400E+00, 0.0000000E+00, -4.7612722E-01
* ELEM  1478  line segment
 1, 701, 567
*
  9.4843600E+00, 7.3812400E+00, 4.7612722E-01, 0.0000000E+00
* ELEM  1479  line segment
 1, 724, 722
*
  8.9063018E+00, 7.1351569E+00, 1.0193094E-01, 2.4608306E-01
* ELEM  1480  line segment
 1, 947, 949
*
  1.1109960E+01, 2.9805672E+00, 4.7612722E-01, -4.7612722E-01
* ELEM  1481  line segment
 1, 1081, 947
*
  1.1109960E+01, 2.5044400E+00, 4.7612722E-01, 0.0000000E+00
* ELEM  1482  line segment
 1, 950, 949
*
  1.1356043E+01, 3.0824982E+00, -2.4608306E-01, -1.0193094E-01
* ELEM  1483  circular arc
 3, 959, 949
*
  1.1922760E+01, 3.3172400E+00, 6.1341000E-01, 2.0250000E+02, 4.5000000E+01
* ELEM  1484  line segment
 1, 949, 948
*
  1.1688018E+01, 2.7505231E+00, -1.0193094E-01, -2.4608306E-01
* ELEM  1485  line segment
 1, 975, 950
*
  1.1109960E+01, 3.6539128E+00, 0.0000000E+00, -6.7334557E-01
* ELEM  1486  line segment
 1, 954, 950
*
  1.1356043E+01, 3.5519818E+00, -2.4608306E-01, 1.0193094E-01
* ELEM  1487  circular arc
 3, 959, 950
*
  1.1922760E+01, 3.3172400E+00, 6.1341000E-01, 1.5750000E+02, 4.5000000E+01
* ELEM  1488  line segment
 1, 1081, 1082
*
  1.1586087E+01, 2.5044400E+00, -4.7612722E-01, -4.7612722E-01
* ELEM  1489  line segment
 1, 1101, 1078
*
  1.1109960E+01, 2.0283128E+00, 0.0000000E+00, -6.7334557E-01
* ELEM  1490  line segment
 1, 1082, 1078
*
  1.1356043E+01, 1.9263818E+00, -2.4608306E-01, 1.0193094E-01
* ELEM  1491  circular arc
 3, 1087, 1078
*
  1.1922760E+01, 1.6916400E+00, 6.1341000E-01, 1.5750000E+02, 4.5000000E+01
* ELEM  1492  line segment
 1, 1078, 1077
*
  1.1356043E+01, 1.4568982E+00, -2.4608306E-01, -1.0193094E-01
* ELEM  1493  line segment
 1, 1084, 1082
*
  1.1688018E+01, 2.2583569E+00, -1.0193094E-01, 2.4608306E-01
* ELEM  1494  circular arc
 3, 1087, 1082
*
  1.1922760E+01, 1.6916400E+00, 6.1341000E-01, 1.1250000E+02, 4.5000000E+01
* ELEM  1495  line segment
 1, 1098, 1101
*
  1.0863877E+01, 1.4568982E+00, 2.4608306E-01, -1.0193094E-01
* ELEM  1496  line segment
 1, 375, 352
*
  2.9819600E+00, 1.1781913E+01, 0.0000000E+00, -6.7334557E-01
* ELEM  1497  line segment
 1, 356, 352
*
  3.2280431E+00, 1.1679982E+01, -2.4608306E-01, 1.0193094E-01
* ELEM  1498  circular arc
 3, 361, 352
*
  3.7947600E+00, 1.1445240E+01, 6.1341000E-01, 1.5750000E+02, 4.5000000E+01
* ELEM  1499  circular arc
 3, 379, 375
*
  2.1691600E+00, 1.1445240E+01, 6.1341000E-01, 3.3750000E+02, 2.2500000E+01
* ELEM  1500  circular arc
 3, 379, 375
*
  2.1691600E+00, 1.1445240E+01, 6.1341000E-01, 0.0000000E+00, 2.2500000E+01
* ELEM  1501  line segment
 1, 375, 378
*
  2.7358769E+00, 1.1679982E+01, 2.4608306E-01, 1.0193094E-01
* ELEM  1502  circular arc
 3, 361, 357
*
  3.7947600E+00, 1.1445240E+01, 6.1341000E-01, 0.0000000E+00, 2.2500000E+01
* ELEM  1503  circular arc
 3, 361, 360
*
  3.7947600E+00, 1.1445240E+01, 6.1341000E-01, 2.2500000E+01, 4.5000000E+01
* ELEM  1504  circular arc
 3, 361, 358
*
  3.7947600E+00, 1.1445240E+01, 6.1341000E-01, 6.7500000E+01, 4.5000000E+01
* ELEM  1505  circular arc
 3, 361, 356
*
  3.7947600E+00, 1.1445240E+01, 6.1341000E-01, 1.1250000E+02, 4.5000000E+01
* ELEM  1506  circular arc
 3, 361, 354
*
  3.7947600E+00, 1.1445240E+01, 6.1341000E-01, 2.9250000E+02, 4.5000000E+01
* ELEM  1507  circular arc
 3, 361, 357
*
  3.7947600E+00, 1.1445240E+01, 6.1341000E-01, 3.3750000E+02, 2.2500000E+01
* ELEM  1508  circle
 2, 362, 361
*
  3.7947600E+00, 1.1445240E+01, 5.3213000E-01, 0.0000000E+00
* ELEM  1509  line segment
 1, 354, 357
*
  4.3614769E+00, 1.1210498E+01, 2.4608306E-01, -1.0193094E-01
* ELEM  1510  line segment
 1, 353, 354
*
  4.1314328E+00, 1.0632440E+01, 4.7612722E-01, 4.7612722E-01
* ELEM  1511  line segment
 1, 353, 331
*
  4.6075600E+00, 1.1108567E+01, 0.0000000E+00, -4.7612722E-01
* ELEM  1512  circular arc
 3, 379, 378
*
  2.1691600E+00, 1.1445240E+01, 6.1341000E-01, 2.2500000E+01, 4.5000000E+01
* ELEM  1513  circular arc
 3, 379, 376
*
  2.1691600E+00, 1.1445240E+01, 6.1341000E-01, 6.7500000E+01, 4.5000000E+01
* ELEM  1514  circular arc
 3, 379, 374
*
  2.1691600E+00, 1.1445240E+01, 6.1341000E-01, 1.1250000E+02, 4.5000000E+01
* ELEM  1515  circular arc
 3, 379, 370
*
  2.1691600E+00, 1.1445240E+01, 6.1341000E-01, 1.5750000E+02, 4.5000000E+01
* ELEM  1516  circular arc
 3, 379, 369
*
  2.1691600E+00, 1.1445240E+01, 6.1341000E-01, 2.0250000E+02, 4.5000000E+01
* ELEM  1517  circle
 2, 380, 379
*
  2.1691600E+00, 1.1445240E+01, 5.3213000E-01, 0.0000000E+00
* ELEM  1518  line segment
 1, 1258, 367
*
  1.3563600E+00, 1.1108567E+01, 0.0000000E+00, -4.7612722E-01
* ELEM  1519  line segment
 1, 367, 369
*
  1.3563600E+00, 1.1108567E+01, 4.7612722E-01, -4.7612722E-01
* ELEM  1520  line segment
 1, 519, 367
*
  1.3563600E+00, 1.0632440E+01, 4.7612722E-01, 0.0000000E+00
* ELEM  1521  line segment
 1, 1258, 519
*
  1.3563600E+00, 1.0632440E+01, 0.0000000E+00, -4.7612722E-01
* ELEM  1522  line segment
 1, 519, 520
*
  1.8324872E+00, 1.0632440E+01, -4.7612722E-01, -4.7612722E-01
* ELEM  1523  line segment
 1, 370, 369
*
  1.6024431E+00, 1.1210498E+01, -2.4608306E-01, -1.0193094E-01
* ELEM  1524  line segment
 1, 331, 333
*
  4.6075600E+00, 1.1108567E+01, 4.7612722E-01, -4.7612722E-01
* ELEM  1525  line segment
 1, 334, 333
*
  4.8536431E+00, 1.1210498E+01, -2.4608306E-01, -1.0193094E-01
* ELEM  1526  circular arc
 3, 343, 333
*
  5.4203600E+00, 1.1445240E+01, 6.1341000E-01, 2.0250000E+02, 4.5000000E+01
* ELEM  1527  line segment
 1, 333, 332
*
  5.1856182E+00, 1.0878523E+01, -1.0193094E-01, -2.4608306E-01
* ELEM  1528  circular arc
 3, 343, 332
*
  5.4203600E+00, 1.1445240E+01, 6.1341000E-01, 2.4750000E+02, 4.5000000E+01
* ELEM  1529  line segment
 1, 332, 336
*
  5.6551018E+00, 1.0878523E+01, 1.0193094E-01, -2.4608306E-01
* ELEM  1530  line segment
 1, 486, 332
*
  5.0836872E+00, 1.0632440E+01, 6.7334557E-01, 0.0000000E+00
* ELEM  1531  line segment
 1, 488, 486
*
  5.6551018E+00, 1.0386357E+01, 1.0193094E-01, 2.4608306E-01
* ELEM  1532  line segment
 1, 465, 466
*
  6.7092872E+00, 1.0632440E+01, -4.7612722E-01, -4.7612722E-01
* ELEM  1533  line segment
 1, 468, 466
*
  6.8112182E+00, 1.0386357E+01, -1.0193094E-01, 2.4608306E-01
* ELEM  1534  line segment
 1, 487, 488
*
  6.2331600E+00, 1.0156313E+01, -4.7612722E-01, 4.7612722E-01
* ELEM  1535  line segment
 1, 487, 335
*
  5.7570328E+00, 1.0632440E+01, 4.7612722E-01, 0.0000000E+00
* ELEM  1536  line segment
 1, 487, 465
*
  6.2331600E+00, 1.0632440E+01, 0.0000000E+00, -4.7612722E-01
* ELEM  1537  line segment
 1, 465, 311
*
  6.2331600E+00, 1.0632440E+01, 4.7612722E-01, 0.0000000E+00
* ELEM  1538  line segment
 1, 593, 4
*
  7.8587600E+00, 8.5307128E+00, 0.0000000E+00, -3.3667278E-01
* ELEM  1539  line segment
 1, 441, 443
*
  7.8587600E+00, 9.4829672E+00, 4.7612722E-01, -4.7612722E-01
* ELEM  1540  line segment
 1, 6, 441
*
  7.8587600E+00, 9.0068400E+00, 4.7612722E-01, 0.0000000E+00
* ELEM  1541  line segment
 1, 444, 443
*
  8.1048431E+00, 9.5848982E+00, -2.4608306E-01, -1.0193094E-01
* ELEM  1542  circular arc
 3, 453, 443
*
  8.6715600E+00, 9.8196400E+00, 6.1341000E-01, 2.0250000E+02, 4.5000000E+01
* ELEM  1543  line segment
 1, 443, 442
*
  8.4368182E+00, 9.2529231E+00, -1.0193094E-01, -2.4608306E-01
* ELEM  1544  line segment
 1, 467, 444
*
  7.8587600E+00, 1.0156313E+01, 0.0000000E+00, -6.7334557E-01
* ELEM  1545  line segment
 1, 448, 444
*
  8.1048431E+00, 1.0054382E+01, -2.4608306E-01, 1.0193094E-01
* ELEM  1546  circular arc
 3, 453, 444
*
  8.6715600E+00, 9.8196400E+00, 6.1341000E-01, 1.5750000E+02, 4.5000000E+01
* ELEM  1547  line segment
 1, 467, 470
*
  7.6126769E+00, 1.0054382E+01, 2.4608306E-01, 1.0193094E-01
* ELEM  1548  line segment
 1, 6, 4
*
  8.1408269E+00, 8.7247731E+00, -2.8206686E-01, 2.8206686E-01
* ELEM  1549  circular arc
 3, 9, 4
*
  8.6715600E+00, 8.1940400E+00, 7.5057000E-01, 1.3500000E+02, 4.5000000E+01
* ELEM  1550  line segment
 1, 442, 6
*
  8.6715600E+00, 9.0068400E+00, -3.3667278E-01, 0.0000000E+00
* ELEM  1551  line segment
 1, 8, 6
*
  8.6715600E+00, 8.9446100E+00, 0.0000000E+00, 6.2230000E-02
* ELEM  1552  circular arc
 3, 9, 6
*
  8.6715600E+00, 8.1940400E+00, 7.5057000E-01, 9.0000000E+01, 4.5000000E+01
* ELEM  1553  circular arc
 3, 9, 7
*
  8.6715600E+00, 8.1940400E+00, 7.5057000E-01, 0.0000000E+00, 4.5000000E+01
* ELEM  1554  circular arc
 3, 9, 8
*
  8.6715600E+00, 8.1940400E+00, 7.5057000E-01, 4.5000000E+01, 4.5000000E+01
* ELEM  1555  circular arc
 3, 9, 3
*
  8.6715600E+00, 8.1940400E+00, 7.5057000E-01, 2.7000000E+02, 4.5000000E+01
* ELEM  1556  circular arc
 3, 9, 5
*
  8.6715600E+00, 8.1940400E+00, 7.5057000E-01, 3.1500000E+02, 4.5000000E+01
* ELEM  1557  circle
 2, 10, 9
*
  8.6715600E+00, 8.1940400E+00, 6.7437000E-01, 0.0000000E+00
* ELEM  1558  line segment
 1, 722, 3
*
  8.6715600E+00, 7.3812400E+00, 3.3667278E-01, 0.0000000E+00
* ELEM  1559  line segment
 1, 803, 805
*
  1.1109960E+01, 4.6061672E+00, 4.7612722E-01, -4.7612722E-01
* ELEM  1560  line segment
 1, 953, 803
*
  1.1109960E+01, 4.1300400E+00, 4.7612722E-01, 0.0000000E+00
* ELEM  1561  line segment
 1, 806, 805
*
  1.1356043E+01, 4.7080982E+00, -2.4608306E-01, -1.0193094E-01
* ELEM  1562  circular arc
 3, 815, 805
*
  1.1922760E+01, 4.9428400E+00, 6.1341000E-01, 2.0250000E+02, 4.5000000E+01
* ELEM  1563  line segment
 1, 805, 804
*
  1.1688018E+01, 4.3761231E+00, -1.0193094E-01, -2.4608306E-01
* ELEM  1564  line segment
 1, 829, 806
*
  1.1109960E+01, 5.2795128E+00, 0.0000000E+00, -6.7334557E-01
* ELEM  1565  line segment
 1, 810, 806
*
  1.1356043E+01, 5.1775818E+00, -2.4608306E-01, 1.0193094E-01
* ELEM  1566  circular arc
 3, 815, 806
*
  1.1922760E+01, 4.9428400E+00, 6.1341000E-01, 1.5750000E+02, 4.5000000E+01
* ELEM  1567  line segment
 1, 829, 832
*
  1.0863877E+01, 5.1775818E+00, 2.4608306E-01, 1.0193094E-01
* ELEM  1568  line segment
 1, 953, 954
*
  1.1586087E+01, 4.1300400E+00, -4.7612722E-01, -4.7612722E-01
* ELEM  1569  line segment
 1, 956, 954
*
  1.1688018E+01, 3.8839569E+00, -1.0193094E-01, 2.4608306E-01
* ELEM  1570  circular arc
 3, 959, 954
*
  1.1922760E+01, 3.3172400E+00, 6.1341000E-01, 1.1250000E+02, 4.5000000E+01
* ELEM  1571  line segment
 1, 700, 703
*
  1.0863877E+01, 6.3336982E+00, 2.4608306E-01, -1.0193094E-01
* ELEM  1572  line segment
 1, 699, 700
*
  1.0633833E+01, 5.7556400E+00, 4.7612722E-01, 4.7612722E-01
* ELEM  1573  line segment
 1, 699, 677
*
  1.1109960E+01, 6.2317672E+00, 0.0000000E+00, -4.7612722E-01
* ELEM  1574  line segment
 1, 831, 699
*
  1.0633833E+01, 5.7556400E+00, 4.7612722E-01, 0.0000000E+00
* ELEM  1575  line segment
 1, 831, 832
*
  1.1109960E+01, 5.2795128E+00, -4.7612722E-01, 4.7612722E-01
* ELEM  1576  line segment
 1, 831, 809
*
  1.1109960E+01, 5.7556400E+00, 0.0000000E+00, -4.7612722E-01
* ELEM  1577  line segment
 1, 3, 5
*
  9.2022931E+00, 7.6633069E+00, 2.8206686E-01, -2.8206686E-01
* ELEM  1578  line segment
 1, 5, 7
*
  9.4221300E+00, 8.1940400E+00, 6.2230000E-02, 0.0000000E+00
* ELEM  1579  line segment
 1, 5, 567
*
  9.4843600E+00, 7.8573672E+00, 0.0000000E+00, -4.7612722E-01
* ELEM  1580  line segment
 1, 570, 5
*
  9.4843600E+00, 7.8573672E+00, 0.0000000E+00, 3.3667278E-01
* ELEM  1581  line segment
 1, 567, 569
*
  9.4843600E+00, 7.8573672E+00, 4.7612722E-01, -4.7612722E-01
* ELEM  1582  line segment
 1, 570, 569
*
  9.7304431E+00, 7.9592982E+00, -2.4608306E-01, -1.0193094E-01
* ELEM  1583  circular arc
 3, 579, 569
*
  1.0297160E+01, 8.1940400E+00, 6.1341000E-01, 2.0250000E+02, 4.5000000E+01
* ELEM  1584  line segment
 1, 569, 568
*
  1.0062418E+01, 7.6273231E+00, -1.0193094E-01, -2.4608306E-01
* ELEM  1585  circular arc
 3, 579, 568
*
  1.0297160E+01, 8.1940400E+00, 6.1341000E-01, 2.4750000E+02, 4.5000000E+01
* ELEM  1586  line segment
 1, 568, 572
*
  1.0531902E+01, 7.6273231E+00, 1.0193094E-01, -2.4608306E-01
* ELEM  1587  line segment
 1, 704, 568
*
  9.9604872E+00, 7.3812400E+00, 6.7334557E-01, 0.0000000E+00
* ELEM  1588  line segment
 1, 706, 704
*
  1.0531902E+01, 7.1351569E+00, 1.0193094E-01, 2.4608306E-01
* ELEM  1589  circular arc
 3, 959, 948
*
  1.1922760E+01, 3.3172400E+00, 6.1341000E-01, 2.4750000E+02, 4.5000000E+01
* ELEM  1590  line segment
 1, 948, 952
*
  1.2157502E+01, 2.7505231E+00, 1.0193094E-01, -2.4608306E-01
* ELEM  1591  line segment
 1, 1084, 948
*
  1.1586087E+01, 2.5044400E+00, 6.7334557E-01, 0.0000000E+00
* ELEM  1592  line segment
 1, 1086, 1084
*
  1.2157502E+01, 2.2583569E+00, 1.0193094E-01, 2.4608306E-01
* ELEM  1593  circular arc
 3, 1087, 1084
*
  1.1922760E+01, 1.6916400E+00, 6.1341000E-01, 6.7500000E+01, 4.5000000E+01
* ELEM  1594  circular arc
 3, 959, 955
*
  1.1922760E+01, 3.3172400E+00, 6.1341000E-01, 0.0000000E+00, 2.2500000E+01
* ELEM  1595  circular arc
 3, 959, 958
*
  1.1922760E+01, 3.3172400E+00, 6.1341000E-01, 2.2500000E+01, 4.5000000E+01
* ELEM  1596  circular arc
 3, 959, 956
*
  1.1922760E+01, 3.3172400E+00, 6.1341000E-01, 6.7500000E+01, 4.5000000E+01
* ELEM  1597  circular arc
 3, 959, 952
*
  1.1922760E+01, 3.3172400E+00, 6.1341000E-01, 2.9250000E+02, 4.5000000E+01
* ELEM  1598  circular arc
 3, 959, 955
*
  1.1922760E+01, 3.3172400E+00, 6.1341000E-01, 3.3750000E+02, 2.2500000E+01
* ELEM  1599  circle
 2, 960, 959
*
  1.1922760E+01, 3.3172400E+00, 5.3213000E-01, 0.0000000E+00
* ELEM  1600  line segment
 1, 1097, 1075
*
  1.1109960E+01, 1.3549672E+00, 0.0000000E+00, -4.7612722E-01
* ELEM  1601  line segment
 1, 1075, 1077
*
  1.1109960E+01, 1.3549672E+00, 4.7612722E-01, -4.7612722E-01
* ELEM  1602  line segment
 1, 1242, 1075
*
  1.1109960E+01, 8.7884000E-01, 4.7612722E-01, 0.0000000E+00
* ELEM  1603  circular arc
 3, 1087, 1077
*
  1.1922760E+01, 1.6916400E+00, 6.1341000E-01, 2.0250000E+02, 4.5000000E+01
* ELEM  1604  line segment
 1, 1077, 1076
*
  1.1688018E+01, 1.1249231E+00, -1.0193094E-01, -2.4608306E-01
* ELEM  1605  line segment
 1, 1097, 1098
*
  1.0633833E+01, 8.7884000E-01, 4.7612722E-01, 4.7612722E-01
* ELEM  1606  line segment
 1, 1242, 1097
*
  1.0633833E+01, 8.7884000E-01, 4.7612722E-01, 0.0000000E+00
* ELEM  1607  circular arc
 3, 1087, 1083
*
  1.1922760E+01, 1.6916400E+00, 6.1341000E-01, 0.0000000E+00, 2.2500000E+01
* ELEM  1608  circular arc
 3, 1087, 1086
*
  1.1922760E+01, 1.6916400E+00, 6.1341000E-01, 2.2500000E+01, 4.5000000E+01
* ELEM  1609  circular arc
 3, 1087, 1076
*
  1.1922760E+01, 1.6916400E+00, 6.1341000E-01, 2.4750000E+02, 4.5000000E+01
* ELEM  1610  circular arc
 3, 1087, 1080
*
  1.1922760E+01, 1.6916400E+00, 6.1341000E-01, 2.9250000E+02, 4.5000000E+01
* ELEM  1611  circular arc
 3, 1087, 1083
*
  1.1922760E+01, 1.6916400E+00, 6.1341000E-01, 3.3750000E+02, 2.2500000E+01
* ELEM  1612  circle
 2, 1088, 1087
*
  1.1922760E+01, 1.6916400E+00, 5.3213000E-01, 0.0000000E+00
* ELEM  1613  line segment
 1, 355, 356
*
  3.4580872E+00, 1.2258040E+01, -4.7612722E-01, -4.7612722E-01
* ELEM  1614  line segment
 1, 358, 356
*
  3.5600182E+00, 1.2011957E+01, -1.0193094E-01, 2.4608306E-01
* ELEM  1615  line segment
 1, 377, 378
*
  2.9819600E+00, 1.1781913E+01, -4.7612722E-01, 4.7612722E-01
* ELEM  1616  line segment
 1, 377, 25
*
  2.5058328E+00, 1.2258040E+01, 4.7612722E-01, 0.0000000E+00
* ELEM  1617  line segment
 1, 377, 355
*
  2.9819600E+00, 1.2258040E+01, 0.0000000E+00, -4.7612722E-01
* ELEM  1618  line segment
 1, 355, 221
*
  2.9819600E+00, 1.2258040E+01, 4.7612722E-01, 0.0000000E+00
* ELEM  1619  line segment
 1, 378, 376
*
  2.4039018E+00, 1.2011957E+01, 1.0193094E-01, 2.4608306E-01
* ELEM  1620  line segment
 1, 357, 334
*
  4.6075600E+00, 1.1781913E+01, 0.0000000E+00, -6.7334557E-01
* ELEM  1621  line segment
 1, 338, 334
*
  4.8536431E+00, 1.1679982E+01, -2.4608306E-01, 1.0193094E-01
* ELEM  1622  circular arc
 3, 343, 334
*
  5.4203600E+00, 1.1445240E+01, 6.1341000E-01, 1.5750000E+02, 4.5000000E+01
* ELEM  1623  line segment
 1, 357, 360
*
  4.3614769E+00, 1.1679982E+01, 2.4608306E-01, 1.0193094E-01
* ELEM  1624  line segment
 1, 370, 1258
*
  1.3563600E+00, 1.1108567E+01, 0.0000000E+00, 1.7411278E-01
* ELEM  1625  line segment
 1, 370, 1252
*
  1.3563600E+00, 1.1282680E+01, 0.0000000E+00, 4.9923278E-01
* ELEM  1626  line segment
 1, 374, 370
*
  1.6024431E+00, 1.1679982E+01, -2.4608306E-01, 1.0193094E-01
* ELEM  1627  circular arc
 3, 343, 339
*
  5.4203600E+00, 1.1445240E+01, 6.1341000E-01, 0.0000000E+00, 2.2500000E+01
* ELEM  1628  circular arc
 3, 343, 342
*
  5.4203600E+00, 1.1445240E+01, 6.1341000E-01, 2.2500000E+01, 4.5000000E+01
* ELEM  1629  circular arc
 3, 343, 340
*
  5.4203600E+00, 1.1445240E+01, 6.1341000E-01, 6.7500000E+01, 4.5000000E+01
* ELEM  1630  circular arc
 3, 343, 338
*
  5.4203600E+00, 1.1445240E+01, 6.1341000E-01, 1.1250000E+02, 4.5000000E+01
* ELEM  1631  circular arc
 3, 343, 336
*
  5.4203600E+00, 1.1445240E+01, 6.1341000E-01, 2.9250000E+02, 4.5000000E+01
* ELEM  1632  circular arc
 3, 343, 339
*
  5.4203600E+00, 1.1445240E+01, 6.1341000E-01, 3.3750000E+02, 2.2500000E+01
* ELEM  1633  circle
 2, 344, 343
*
  5.4203600E+00, 1.1445240E+01, 5.3213000E-01, 0.0000000E+00
* ELEM  1634  line segment
 1, 336, 339
*
  5.9870769E+00, 1.1210498E+01, 2.4608306E-01, -1.0193094E-01
* ELEM  1635  line segment
 1, 335, 336
*
  5.7570328E+00, 1.0632440E+01, 4.7612722E-01, 4.7612722E-01
* ELEM  1636  line segment
 1, 335, 311
*
  6.2331600E+00, 1.1108567E+01, 0.0000000E+00, -4.7612722E-01
* ELEM  1637  line segment
 1, 311, 313
*
  6.2331600E+00, 1.1108567E+01, 4.7612722E-01, -4.7612722E-01
* ELEM  1638  line segment
 1, 314, 313
*
  6.4792431E+00, 1.1210498E+01, -2.4608306E-01, -1.0193094E-01
* ELEM  1639  circular arc
 3, 323, 313
*
  7.0459600E+00, 1.1445240E+01, 6.1341000E-01, 2.0250000E+02, 4.5000000E+01
* ELEM  1640  line segment
 1, 313, 312
*
  6.8112182E+00, 1.0878523E+01, -1.0193094E-01, -2.4608306E-01
* ELEM  1641  circular arc
 3, 323, 312
*
  7.0459600E+00, 1.1445240E+01, 6.1341000E-01, 2.4750000E+02, 4.5000000E+01
* ELEM  1642  line segment
 1, 312, 316
*
  7.2807018E+00, 1.0878523E+01, 1.0193094E-01, -2.4608306E-01
* ELEM  1643  line segment
 1, 468, 312
*
  6.7092872E+00, 1.0632440E+01, 6.7334557E-01, 0.0000000E+00
* ELEM  1644  line segment
 1, 470, 468
*
  7.2807018E+00, 1.0386357E+01, 1.0193094E-01, 2.4608306E-01
* ELEM  1645  circular arc
 3, 453, 442
*
  8.6715600E+00, 9.8196400E+00, 6.1341000E-01, 2.4750000E+02, 4.5000000E+01
* ELEM  1646  line segment
 1, 442, 446
*
  8.9063018E+00, 9.2529231E+00, 1.0193094E-01, -2.4608306E-01
* ELEM  1647  line segment
 1, 442, 8
*
  9.0082328E+00, 9.0068400E+00, -3.3667278E-01, 0.0000000E+00
* ELEM  1648  circular arc
 3, 453, 449
*
  8.6715600E+00, 9.8196400E+00, 6.1341000E-01, 0.0000000E+00, 2.2500000E+01
* ELEM  1649  circular arc
 3, 453, 452
*
  8.6715600E+00, 9.8196400E+00, 6.1341000E-01, 2.2500000E+01, 4.5000000E+01
* ELEM  1650  circular arc
 3, 453, 450
*
  8.6715600E+00, 9.8196400E+00, 6.1341000E-01, 6.7500000E+01, 4.5000000E+01
* ELEM  1651  circular arc
 3, 453, 448
*
  8.6715600E+00, 9.8196400E+00, 6.1341000E-01, 1.1250000E+02, 4.5000000E+01
* ELEM  1652  circular arc
 3, 453, 446
*
  8.6715600E+00, 9.8196400E+00, 6.1341000E-01, 2.9250000E+02, 4.5000000E+01
* ELEM  1653  circular arc
 3, 453, 449
*
  8.6715600E+00, 9.8196400E+00, 6.1341000E-01, 3.3750000E+02, 2.2500000E+01
* ELEM  1654  circle
 2, 454, 453
*
  8.6715600E+00, 9.8196400E+00, 5.3213000E-01, 0.0000000E+00
* ELEM  1655  line segment
 1, 447, 448
*
  8.3348872E+00, 1.0632440E+01, -4.7612722E-01, -4.7612722E-01
* ELEM  1656  line segment
 1, 450, 448
*
  8.4368182E+00, 1.0386357E+01, -1.0193094E-01, 2.4608306E-01
* ELEM  1657  line segment
 1, 469, 470
*
  7.8587600E+00, 1.0156313E+01, -4.7612722E-01, 4.7612722E-01
* ELEM  1658  line segment
 1, 469, 315
*
  7.3826328E+00, 1.0632440E+01, 4.7612722E-01, 0.0000000E+00
* ELEM  1659  line segment
 1, 469, 447
*
  7.8587600E+00, 1.0632440E+01, 0.0000000E+00, -4.7612722E-01
* ELEM  1660  line segment
 1, 447, 293
*
  7.8587600E+00, 1.0632440E+01, 4.7612722E-01, 0.0000000E+00
* ELEM  1661  circular arc
 3, 815, 804
*
  1.1922760E+01, 4.9428400E+00, 6.1341000E-01, 2.4750000E+02, 4.5000000E+01
* ELEM  1662  line segment
 1, 804, 808
*
  1.2157502E+01, 4.3761231E+00, 1.0193094E-01, -2.4608306E-01
* ELEM  1663  line segment
 1, 956, 804
*
  1.1586087E+01, 4.1300400E+00, 6.7334557E-01, 0.0000000E+00
* ELEM  1664  line segment
 1, 958, 956
*
  1.2157502E+01, 3.8839569E+00, 1.0193094E-01, 2.4608306E-01
* ELEM  1665  circular arc
 3, 815, 811
*
  1.1922760E+01, 4.9428400E+00, 6.1341000E-01, 0.0000000E+00, 2.2500000E+01
* ELEM  1666  circular arc
 3, 815, 814
*
  1.1922760E+01, 4.9428400E+00, 6.1341000E-01, 2.2500000E+01, 4.5000000E+01
* ELEM  1667  circular arc
 3, 815, 812
*
  1.1922760E+01, 4.9428400E+00, 6.1341000E-01, 6.7500000E+01, 4.5000000E+01
* ELEM  1668  circular arc
 3, 815, 810
*
  1.1922760E+01, 4.9428400E+00, 6.1341000E-01, 1.1250000E+02, 4.5000000E+01
* ELEM  1669  circular arc
 3, 815, 808
*
  1.1922760E+01, 4.9428400E+00, 6.1341000E-01, 2.9250000E+02, 4.5000000E+01
* ELEM  1670  circular arc
 3, 815, 811
*
  1.1922760E+01, 4.9428400E+00, 6.1341000E-01, 3.3750000E+02, 2.2500000E+01
* ELEM  1671  circle
 2, 816, 815
*
  1.1922760E+01, 4.9428400E+00, 5.3213000E-01, 0.0000000E+00
* ELEM  1672  line segment
 1, 809, 810
*
  1.1586087E+01, 5.7556400E+00, -4.7612722E-01, -4.7612722E-01
* ELEM  1673  line segment
 1, 812, 810
*
  1.1688018E+01, 5.5095569E+00, -1.0193094E-01, 2.4608306E-01
* ELEM  1674  line segment
 1, 809, 677
*
  1.1109960E+01, 5.7556400E+00, 4.7612722E-01, 0.0000000E+00
* ELEM  1675  line segment
 1, 677, 679
*
  1.1109960E+01, 6.2317672E+00, 4.7612722E-01, -4.7612722E-01
* ELEM  1676  line segment
 1, 680, 679
*
  1.1356043E+01, 6.3336982E+00, -2.4608306E-01, -1.0193094E-01
* ELEM  1677  circular arc
 3, 689, 679
*
  1.1922760E+01, 6.5684400E+00, 6.1341000E-01, 2.0250000E+02, 4.5000000E+01
* ELEM  1678  line segment
 1, 679, 678
*
  1.1688018E+01, 6.0017231E+00, -1.0193094E-01, -2.4608306E-01
* ELEM  1679  line segment
 1, 703, 680
*
  1.1109960E+01, 6.9051128E+00, 0.0000000E+00, -6.7334557E-01
* ELEM  1680  line segment
 1, 684, 680
*
  1.1356043E+01, 6.8031818E+00, -2.4608306E-01, 1.0193094E-01
* ELEM  1681  circular arc
 3, 689, 680
*
  1.1922760E+01, 6.5684400E+00, 6.1341000E-01, 1.5750000E+02, 4.5000000E+01
* ELEM  1682  line segment
 1, 703, 706
*
  1.0863877E+01, 6.8031818E+00, 2.4608306E-01, 1.0193094E-01
* ELEM  1683  line segment
 1, 570, 7
*
  9.4843600E+00, 8.1940400E+00, 0.0000000E+00, 3.3667278E-01
* ELEM  1684  line segment
 1, 574, 570
*
  9.7304431E+00, 8.4287818E+00, -2.4608306E-01, 1.0193094E-01
* ELEM  1685  circular arc
 3, 579, 570
*
  1.0297160E+01, 8.1940400E+00, 6.1341000E-01, 1.5750000E+02, 4.5000000E+01
* ELEM  1686  circular arc
 3, 579, 575
*
  1.0297160E+01, 8.1940400E+00, 6.1341000E-01, 0.0000000E+00, 2.2500000E+01
* ELEM  1687  circular arc
 3, 579, 578
*
  1.0297160E+01, 8.1940400E+00, 6.1341000E-01, 2.2500000E+01, 4.5000000E+01
* ELEM  1688  circular arc
 3, 579, 576
*
  1.0297160E+01, 8.1940400E+00, 6.1341000E-01, 6.7500000E+01, 4.5000000E+01
* ELEM  1689  circular arc
 3, 579, 574
*
  1.0297160E+01, 8.1940400E+00, 6.1341000E-01, 1.1250000E+02, 4.5000000E+01
* ELEM  1690  circular arc
 3, 579, 572
*
  1.0297160E+01, 8.1940400E+00, 6.1341000E-01, 2.9250000E+02, 4.5000000E+01
* ELEM  1691  circular arc
 3, 579, 575
*
  1.0297160E+01, 8.1940400E+00, 6.1341000E-01, 3.3750000E+02, 2.2500000E+01
* ELEM  1692  circle
 2, 580, 579
*
  1.0297160E+01, 8.1940400E+00, 5.3213000E-01, 0.0000000E+00
* ELEM  1693  line segment
 1, 572, 575
*
  1.0863877E+01, 7.9592982E+00, 2.4608306E-01, -1.0193094E-01
* ELEM  1694  line segment
 1, 571, 572
*
  1.0633833E+01, 7.3812400E+00, 4.7612722E-01, 4.7612722E-01
* ELEM  1695  line segment
 1, 571, 549
*
  1.1109960E+01, 7.8573672E+00, 0.0000000E+00, -4.7612722E-01
* ELEM  1696  line segment
 1, 705, 571
*
  1.0633833E+01, 7.3812400E+00, 4.7612722E-01, 0.0000000E+00
* ELEM  1697  line segment
 1, 705, 706
*
  1.1109960E+01, 6.9051128E+00, -4.7612722E-01, 4.7612722E-01
* ELEM  1698  line segment
 1, 705, 683
*
  1.1109960E+01, 7.3812400E+00, 0.0000000E+00, -4.7612722E-01
* ELEM  1699  line segment
 1, 952, 955
*
  1.2489477E+01, 3.0824982E+00, 2.4608306E-01, -1.0193094E-01
* ELEM  1700  line segment
 1, 951, 952
*
  1.2259433E+01, 2.5044400E+00, 4.7612722E-01, 4.7612722E-01
* ELEM  1701  line segment
 1, 951, 929
*
  1.2735560E+01, 2.9805672E+00, 0.0000000E+00, -4.7612722E-01
* ELEM  1702  line segment
 1, 1085, 951
*
  1.2259433E+01, 2.5044400E+00, 4.7612722E-01, 0.0000000E+00
* ELEM  1703  line segment
 1, 1083, 1086
*
  1.2489477E+01, 1.9263818E+00, 2.4608306E-01, 1.0193094E-01
* ELEM  1704  line segment
 1, 1085, 1086
*
  1.2735560E+01, 2.0283128E+00, -4.7612722E-01, 4.7612722E-01
* ELEM  1705  line segment
 1, 1085, 1063
*
  1.2735560E+01, 2.5044400E+00, 0.0000000E+00, -4.7612722E-01
* ELEM  1706  line segment
 1, 1076, 1080
*
  1.2157502E+01, 1.1249231E+00, 1.0193094E-01, -2.4608306E-01
* ELEM  1707  line segment
 1, 1076, 1243
*
  1.2259433E+01, 8.7884000E-01, -4.9923278E-01, 0.0000000E+00
* ELEM  1708  line segment
 1, 1076, 1242
*
  1.1760200E+01, 8.7884000E-01, -1.7411278E-01, 0.0000000E+00
* ELEM  1709  line segment
 1, 25, 26
*
  2.5058328E+00, 1.2258040E+01, 4.7612722E-01, 4.7612722E-01
* ELEM  1710  line segment
 1, 221, 25
*
  2.9819600E+00, 1.2258040E+01, 0.0000000E+00, 4.7612722E-01
* ELEM  1711  line segment
 1, 221, 223
*
  2.9819600E+00, 1.2734167E+01, 4.7612722E-01, -4.7612722E-01
* ELEM  1712  line segment
 1, 224, 223
*
  3.2280431E+00, 1.2836098E+01, -2.4608306E-01, -1.0193094E-01
* ELEM  1713  circular arc
 3, 233, 223
*
  3.7947600E+00, 1.3070840E+01, 6.1341000E-01, 2.0250000E+02, 4.5000000E+01
* ELEM  1714  line segment
 1, 223, 222
*
  3.5600182E+00, 1.2504123E+01, -1.0193094E-01, -2.4608306E-01
* ELEM  1715  circular arc
 3, 233, 222
*
  3.7947600E+00, 1.3070840E+01, 6.1341000E-01, 2.4750000E+02, 4.5000000E+01
* ELEM  1716  line segment
 1, 222, 226
*
  4.0295018E+00, 1.2504123E+01, 1.0193094E-01, -2.4608306E-01
* ELEM  1717  line segment
 1, 358, 222
*
  3.4580872E+00, 1.2258040E+01, 6.7334557E-01, 0.0000000E+00
* ELEM  1718  line segment
 1, 360, 358
*
  4.0295018E+00, 1.2011957E+01, 1.0193094E-01, 2.4608306E-01
* ELEM  1719  line segment
 1, 23, 22
*
  1.9344182E+00, 1.2504123E+01, -1.0193094E-01, -2.4608306E-01
* ELEM  1720  circular arc
 3, 33, 22
*
  2.1691600E+00, 1.3070840E+01, 6.1341000E-01, 2.4750000E+02, 4.5000000E+01
* ELEM  1721  line segment
 1, 22, 26
*
  2.4039018E+00, 1.2504123E+01, 1.0193094E-01, -2.4608306E-01
* ELEM  1722  line segment
 1, 376, 22
*
  1.8324872E+00, 1.2258040E+01, 6.7334557E-01, 0.0000000E+00
* ELEM  1723  line segment
 1, 376, 374
*
  1.9344182E+00, 1.2011957E+01, -1.0193094E-01, 2.4608306E-01
* ELEM  1724  circular arc
 3, 33, 26
*
  2.1691600E+00, 1.3070840E+01, 6.1341000E-01, 2.9250000E+02, 4.5000000E+01
* ELEM  1725  line segment
 1, 26, 29
*
  2.7358769E+00, 1.2836098E+01, 2.4608306E-01, -1.0193094E-01
* ELEM  1726  line segment
 1, 337, 338
*
  5.0836872E+00, 1.2258040E+01, -4.7612722E-01, -4.7612722E-01
* ELEM  1727  line segment
 1, 340, 338
*
  5.1856182E+00, 1.2011957E+01, -1.0193094E-01, 2.4608306E-01
* ELEM  1728  line segment
 1, 359, 360
*
  4.6075600E+00, 1.1781913E+01, -4.7612722E-01, 4.7612722E-01
* ELEM  1729  line segment
 1, 359, 225
*
  4.1314328E+00, 1.2258040E+01, 4.7612722E-01, 0.0000000E+00
* ELEM  1730  line segment
 1, 359, 337
*
  4.6075600E+00, 1.2258040E+01, 0.0000000E+00, -4.7612722E-01
* ELEM  1731  line segment
 1, 337, 203
*
  4.6075600E+00, 1.2258040E+01, 4.7612722E-01, 0.0000000E+00
* ELEM  1732  line segment
 1, 339, 314
*
  6.2331600E+00, 1.1781913E+01, 0.0000000E+00, -6.7334557E-01
* ELEM  1733  line segment
 1, 318, 314
*
  6.4792431E+00, 1.1679982E+01, -2.4608306E-01, 1.0193094E-01
* ELEM  1734  circular arc
 3, 323, 314
*
  7.0459600E+00, 1.1445240E+01, 6.1341000E-01, 1.5750000E+02, 4.5000000E+01
* ELEM  1735  line segment
 1, 339, 342
*
  5.9870769E+00, 1.1679982E+01, 2.4608306E-01, 1.0193094E-01
* ELEM  1736  circular arc
 3, 323, 319
*
  7.0459600E+00, 1.1445240E+01, 6.1341000E-01, 0.0000000E+00, 2.2500000E+01
* ELEM  1737  circular arc
 3, 323, 322
*
  7.0459600E+00, 1.1445240E+01, 6.1341000E-01, 2.2500000E+01, 4.5000000E+01
* ELEM  1738  circular arc
 3, 323, 320
*
  7.0459600E+00, 1.1445240E+01, 6.1341000E-01, 6.7500000E+01, 4.5000000E+01
* ELEM  1739  circular arc
 3, 323, 318
*
  7.0459600E+00, 1.1445240E+01, 6.1341000E-01, 1.1250000E+02, 4.5000000E+01
* ELEM  1740  circular arc
 3, 323, 316
*
  7.0459600E+00, 1.1445240E+01, 6.1341000E-01, 2.9250000E+02, 4.5000000E+01
* ELEM  1741  circular arc
 3, 323, 319
*
  7.0459600E+00, 1.1445240E+01, 6.1341000E-01, 3.3750000E+02, 2.2500000E+01
* ELEM  1742  circle
 2, 324, 323
*
  7.0459600E+00, 1.1445240E+01, 5.3213000E-01, 0.0000000E+00
* ELEM  1743  line segment
 1, 316, 319
*
  7.6126769E+00, 1.1210498E+01, 2.4608306E-01, -1.0193094E-01
* ELEM  1744  line segment
 1, 315, 316
*
  7.3826328E+00, 1.0632440E+01, 4.7612722E-01, 4.7612722E-01
* ELEM  1745  line segment
 1, 315, 293
*
  7.8587600E+00, 1.1108567E+01, 0.0000000E+00, -4.7612722E-01
* ELEM  1746  line segment
 1, 8, 445
*
  9.0082328E+00, 9.0068400E+00, 4.7612722E-01, 0.0000000E+00
* ELEM  1747  line segment
 1, 7, 8
*
  9.2022931E+00, 8.7247731E+00, 2.8206686E-01, 2.8206686E-01
* ELEM  1748  line segment
 1, 293, 295
*
  7.8587600E+00, 1.1108567E+01, 4.7612722E-01, -4.7612722E-01
* ELEM  1749  line segment
 1, 296, 295
*
  8.1048431E+00, 1.1210498E+01, -2.4608306E-01, -1.0193094E-01
* ELEM  1750  circular arc
 3, 305, 295
*
  8.6715600E+00, 1.1445240E+01, 6.1341000E-01, 2.0250000E+02, 4.5000000E+01
* ELEM  1751  line segment
 1, 295, 294
*
  8.4368182E+00, 1.0878523E+01, -1.0193094E-01, -2.4608306E-01
* ELEM  1752  circular arc
 3, 305, 294
*
  8.6715600E+00, 1.1445240E+01, 6.1341000E-01, 2.4750000E+02, 4.5000000E+01
* ELEM  1753  line segment
 1, 294, 298
*
  8.9063018E+00, 1.0878523E+01, 1.0193094E-01, -2.4608306E-01
* ELEM  1754  line segment
 1, 450, 294
*
  8.3348872E+00, 1.0632440E+01, 6.7334557E-01, 0.0000000E+00
* ELEM  1755  line segment
 1, 452, 450
*
  8.9063018E+00, 1.0386357E+01, 1.0193094E-01, 2.4608306E-01
* ELEM  1756  line segment
 1, 808, 811
*
  1.2489477E+01, 4.7080982E+00, 2.4608306E-01, -1.0193094E-01
* ELEM  1757  line segment
 1, 807, 808
*
  1.2259433E+01, 4.1300400E+00, 4.7612722E-01, 4.7612722E-01
* ELEM  1758  line segment
 1, 807, 785
*
  1.2735560E+01, 4.6061672E+00, 0.0000000E+00, -4.7612722E-01
* ELEM  1759  line segment
 1, 957, 807
*
  1.2259433E+01, 4.1300400E+00, 4.7612722E-01, 0.0000000E+00
* ELEM  1760  line segment
 1, 955, 958
*
  1.2489477E+01, 3.5519818E+00, 2.4608306E-01, 1.0193094E-01
* ELEM  1761  line segment
 1, 957, 958
*
  1.2735560E+01, 3.6539128E+00, -4.7612722E-01, 4.7612722E-01
* ELEM  1762  line segment
 1, 957, 935
*
  1.2735560E+01, 4.1300400E+00, 0.0000000E+00, -4.7612722E-01
* ELEM  1763  circular arc
 3, 689, 678
*
  1.1922760E+01, 6.5684400E+00, 6.1341000E-01, 2.4750000E+02, 4.5000000E+01
* ELEM  1764  line segment
 1, 678, 682
*
  1.2157502E+01, 6.0017231E+00, 1.0193094E-01, -2.4608306E-01
* ELEM  1765  line segment
 1, 812, 678
*
  1.1586087E+01, 5.7556400E+00, 6.7334557E-01, 0.0000000E+00
* ELEM  1766  line segment
 1, 814, 812
*
  1.2157502E+01, 5.5095569E+00, 1.0193094E-01, 2.4608306E-01
* ELEM  1767  circular arc
 3, 689, 685
*
  1.1922760E+01, 6.5684400E+00, 6.1341000E-01, 0.0000000E+00, 2.2500000E+01
* ELEM  1768  circular arc
 3, 689, 688
*
  1.1922760E+01, 6.5684400E+00, 6.1341000E-01, 2.2500000E+01, 4.5000000E+01
* ELEM  1769  circular arc
 3, 689, 686
*
  1.1922760E+01, 6.5684400E+00, 6.1341000E-01, 6.7500000E+01, 4.5000000E+01
* ELEM  1770  circular arc
 3, 689, 684
*
  1.1922760E+01, 6.5684400E+00, 6.1341000E-01, 1.1250000E+02, 4.5000000E+01
* ELEM  1771  circular arc
 3, 689, 682
*
  1.1922760E+01, 6.5684400E+00, 6.1341000E-01, 2.9250000E+02, 4.5000000E+01
* ELEM  1772  circular arc
 3, 689, 685
*
  1.1922760E+01, 6.5684400E+00, 6.1341000E-01, 3.3750000E+02, 2.2500000E+01
* ELEM  1773  circle
 2, 690, 689
*
  1.1922760E+01, 6.5684400E+00, 5.3213000E-01, 0.0000000E+00
* ELEM  1774  line segment
 1, 683, 684
*
  1.1586087E+01, 7.3812400E+00, -4.7612722E-01, -4.7612722E-01
* ELEM  1775  line segment
 1, 686, 684
*
  1.1688018E+01, 7.1351569E+00, -1.0193094E-01, 2.4608306E-01
* ELEM  1776  line segment
 1, 683, 549
*
  1.1109960E+01, 7.3812400E+00, 4.7612722E-01, 0.0000000E+00
* ELEM  1777  line segment
 1, 7, 573
*
  9.4843600E+00, 9.0068400E+00, 0.0000000E+00, -4.7612722E-01
* ELEM  1778  line segment
 1, 549, 551
*
  1.1109960E+01, 7.8573672E+00, 4.7612722E-01, -4.7612722E-01
* ELEM  1779  line segment
 1, 552, 551
*
  1.1356043E+01, 7.9592982E+00, -2.4608306E-01, -1.0193094E-01
* ELEM  1780  circular arc
 3, 561, 551
*
  1.1922760E+01, 8.1940400E+00, 6.1341000E-01, 2.0250000E+02, 4.5000000E+01
* ELEM  1781  line segment
 1, 551, 550
*
  1.1688018E+01, 7.6273231E+00, -1.0193094E-01, -2.4608306E-01
* ELEM  1782  line segment
 1, 575, 552
*
  1.1109960E+01, 8.5307128E+00, 0.0000000E+00, -6.7334557E-01
* ELEM  1783  line segment
 1, 556, 552
*
  1.1356043E+01, 8.4287818E+00, -2.4608306E-01, 1.0193094E-01
* ELEM  1784  circular arc
 3, 561, 552
*
  1.1922760E+01, 8.1940400E+00, 6.1341000E-01, 1.5750000E+02, 4.5000000E+01
* ELEM  1785  line segment
 1, 575, 578
*
  1.0863877E+01, 8.4287818E+00, 2.4608306E-01, 1.0193094E-01
* ELEM  1786  line segment
 1, 929, 931
*
  1.2735560E+01, 2.9805672E+00, 4.7612722E-01, -4.7612722E-01
* ELEM  1787  line segment
 1, 1063, 929
*
  1.2735560E+01, 2.5044400E+00, 4.7612722E-01, 0.0000000E+00
* ELEM  1788  line segment
 1, 932, 931
*
  1.2981643E+01, 3.0824982E+00, -2.4608306E-01, -1.0193094E-01
* ELEM  1789  circular arc
 3, 941, 931
*
  1.3548360E+01, 3.3172400E+00, 6.1341000E-01, 2.0250000E+02, 4.5000000E+01
* ELEM  1790  line segment
 1, 931, 930
*
  1.3313618E+01, 2.7505231E+00, -1.0193094E-01, -2.4608306E-01
* ELEM  1791  line segment
 1, 955, 932
*
  1.2735560E+01, 3.6539128E+00, 0.0000000E+00, -6.7334557E-01
* ELEM  1792  line segment
 1, 936, 932
*
  1.2981643E+01, 3.5519818E+00, -2.4608306E-01, 1.0193094E-01
* ELEM  1793  circular arc
 3, 941, 932
*
  1.3548360E+01, 3.3172400E+00, 6.1341000E-01, 1.5750000E+02, 4.5000000E+01
* ELEM  1794  line segment
 1, 1063, 1064
*
  1.3211687E+01, 2.5044400E+00, -4.7612722E-01, -4.7612722E-01
* ELEM  1795  line segment
 1, 1083, 1060
*
  1.2735560E+01, 2.0283128E+00, 0.0000000E+00, -6.7334557E-01
* ELEM  1796  line segment
 1, 1064, 1060
*
  1.2981643E+01, 1.9263818E+00, -2.4608306E-01, 1.0193094E-01
* ELEM  1797  circular arc
 3, 1069, 1060
*
  1.3548360E+01, 1.6916400E+00, 6.1341000E-01, 1.5750000E+02, 4.5000000E+01
* ELEM  1798  line segment
 1, 1060, 1059
*
  1.2981643E+01, 1.4568982E+00, -2.4608306E-01, -1.0193094E-01
* ELEM  1799  line segment
 1, 1066, 1064
*
  1.3313618E+01, 2.2583569E+00, -1.0193094E-01, 2.4608306E-01
* ELEM  1800  circular arc
 3, 1069, 1064
*
  1.3548360E+01, 1.6916400E+00, 6.1341000E-01, 1.1250000E+02, 4.5000000E+01
* ELEM  1801  line segment
 1, 1080, 1083
*
  1.2489477E+01, 1.4568982E+00, 2.4608306E-01, -1.0193094E-01
* ELEM  1802  circular arc
 3, 33, 29
*
  2.1691600E+00, 1.3070840E+01, 6.1341000E-01, 3.3750000E+02, 2.2500000E+01
* ELEM  1803  circular arc
 3, 33, 29
*
  2.1691600E+00, 1.3070840E+01, 6.1341000E-01, 0.0000000E+00, 2.2500000E+01
* ELEM  1804  line segment
 1, 29, 32
*
  2.7358769E+00, 1.3305582E+01, 2.4608306E-01, 1.0193094E-01
* ELEM  1805  line segment
 1, 224, 29
*
  2.9819600E+00, 1.2734167E+01, 0.0000000E+00, 6.7334557E-01
* ELEM  1806  line segment
 1, 228, 224
*
  3.2280431E+00, 1.3305582E+01, -2.4608306E-01, 1.0193094E-01
* ELEM  1807  circular arc
 3, 233, 224
*
  3.7947600E+00, 1.3070840E+01, 6.1341000E-01, 1.5750000E+02, 4.5000000E+01
* ELEM  1808  circular arc
 3, 233, 229
*
  3.7947600E+00, 1.3070840E+01, 6.1341000E-01, 0.0000000E+00, 2.2500000E+01
* ELEM  1809  circular arc
 3, 233, 232
*
  3.7947600E+00, 1.3070840E+01, 6.1341000E-01, 2.2500000E+01, 4.5000000E+01
* ELEM  1810  circular arc
 3, 233, 230
*
  3.7947600E+00, 1.3070840E+01, 6.1341000E-01, 6.7500000E+01, 4.5000000E+01
* ELEM  1811  circular arc
 3, 233, 228
*
  3.7947600E+00, 1.3070840E+01, 6.1341000E-01, 1.1250000E+02, 4.5000000E+01
* ELEM  1812  circular arc
 3, 233, 226
*
  3.7947600E+00, 1.3070840E+01, 6.1341000E-01, 2.9250000E+02, 4.5000000E+01
* ELEM  1813  circular arc
 3, 233, 229
*
  3.7947600E+00, 1.3070840E+01, 6.1341000E-01, 3.3750000E+02, 2.2500000E+01
* ELEM  1814  circle
 2, 234, 233
*
  3.7947600E+00, 1.3070840E+01, 5.3213000E-01, 0.0000000E+00
* ELEM  1815  line segment
 1, 226, 229
*
  4.3614769E+00, 1.2836098E+01, 2.4608306E-01, -1.0193094E-01
* ELEM  1816  line segment
 1, 225, 226
*
  4.1314328E+00, 1.2258040E+01, 4.7612722E-01, 4.7612722E-01
* ELEM  1817  line segment
 1, 225, 203
*
  4.6075600E+00, 1.2734167E+01, 0.0000000E+00, -4.7612722E-01
* ELEM  1818  circular arc
 3, 33, 32
*
  2.1691600E+00, 1.3070840E+01, 6.1341000E-01, 2.2500000E+01, 4.5000000E+01
* ELEM  1819  circular arc
 3, 33, 30
*
  2.1691600E+00, 1.3070840E+01, 6.1341000E-01, 6.7500000E+01, 4.5000000E+01
* ELEM  1820  circular arc
 3, 33, 28
*
  2.1691600E+00, 1.3070840E+01, 6.1341000E-01, 1.1250000E+02, 4.5000000E+01
* ELEM  1821  circular arc
 3, 33, 24
*
  2.1691600E+00, 1.3070840E+01, 6.1341000E-01, 1.5750000E+02, 4.5000000E+01
* ELEM  1822  circular arc
 3, 33, 23
*
  2.1691600E+00, 1.3070840E+01, 6.1341000E-01, 2.0250000E+02, 4.5000000E+01
* ELEM  1823  circle
 2, 34, 33
*
  2.1691600E+00, 1.3070840E+01, 5.3213000E-01, 0.0000000E+00
* ELEM  1824  line segment
 1, 21, 1252
*
  1.3563600E+00, 1.2258040E+01, 0.0000000E+00, 3.2512000E-01
* ELEM  1825  line segment
 1, 21, 1358
*
  1.3563600E+00, 1.2583160E+01, 0.0000000E+00, 1.5100722E-01
* ELEM  1826  line segment
 1, 21, 23
*
  1.3563600E+00, 1.2734167E+01, 4.7612722E-01, -4.7612722E-01
* ELEM  1827  line segment
 1, 373, 21
*
  1.3563600E+00, 1.2258040E+01, 4.7612722E-01, 0.0000000E+00
* ELEM  1828  line segment
 1, 1252, 373
*
  1.3563600E+00, 1.2258040E+01, 0.0000000E+00, -4.7612722E-01
* ELEM  1829  line segment
 1, 373, 374
*
  1.8324872E+00, 1.2258040E+01, -4.7612722E-01, -4.7612722E-01
* ELEM  1830  line segment
 1, 24, 23
*
  1.6024431E+00, 1.2836098E+01, -2.4608306E-01, -1.0193094E-01
* ELEM  1831  line segment
 1, 203, 205
*
  4.6075600E+00, 1.2734167E+01, 4.7612722E-01, -4.7612722E-01
* ELEM  1832  line segment
 1, 206, 205
*
  4.8536431E+00, 1.2836098E+01, -2.4608306E-01, -1.0193094E-01
* ELEM  1833  circular arc
 3, 215, 205
*
  5.4203600E+00, 1.3070840E+01, 6.1341000E-01, 2.0250000E+02, 4.5000000E+01
* ELEM  1834  line segment
 1, 205, 204
*
  5.1856182E+00, 1.2504123E+01, -1.0193094E-01, -2.4608306E-01
* ELEM  1835  circular arc
 3, 215, 204
*
  5.4203600E+00, 1.3070840E+01, 6.1341000E-01, 2.4750000E+02, 4.5000000E+01
* ELEM  1836  line segment
 1, 204, 208
*
  5.6551018E+00, 1.2504123E+01, 1.0193094E-01, -2.4608306E-01
* ELEM  1837  line segment
 1, 340, 204
*
  5.0836872E+00, 1.2258040E+01, 6.7334557E-01, 0.0000000E+00
* ELEM  1838  line segment
 1, 342, 340
*
  5.6551018E+00, 1.2011957E+01, 1.0193094E-01, 2.4608306E-01
* ELEM  1839  line segment
 1, 317, 318
*
  6.7092872E+00, 1.2258040E+01, -4.7612722E-01, -4.7612722E-01
* ELEM  1840  line segment
 1, 320, 318
*
  6.8112182E+00, 1.2011957E+01, -1.0193094E-01, 2.4608306E-01
* ELEM  1841  line segment
 1, 341, 342
*
  6.2331600E+00, 1.1781913E+01, -4.7612722E-01, 4.7612722E-01
* ELEM  1842  line segment
 1, 341, 207
*
  5.7570328E+00, 1.2258040E+01, 4.7612722E-01, 0.0000000E+00
* ELEM  1843  line segment
 1, 341, 317
*
  6.2331600E+00, 1.2258040E+01, 0.0000000E+00, -4.7612722E-01
* ELEM  1844  line segment
 1, 317, 185
*
  6.2331600E+00, 1.2258040E+01, 4.7612722E-01, 0.0000000E+00
* ELEM  1845  line segment
 1, 319, 296
*
  7.8587600E+00, 1.1781913E+01, 0.0000000E+00, -6.7334557E-01
* ELEM  1846  line segment
 1, 300, 296
*
  8.1048431E+00, 1.1679982E+01, -2.4608306E-01, 1.0193094E-01
* ELEM  1847  circular arc
 3, 305, 296
*
  8.6715600E+00, 1.1445240E+01, 6.1341000E-01, 1.5750000E+02, 4.5000000E+01
* ELEM  1848  line segment
 1, 319, 322
*
  7.6126769E+00, 1.1679982E+01, 2.4608306E-01, 1.0193094E-01
* ELEM  1849  line segment
 1, 445, 446
*
  9.0082328E+00, 9.0068400E+00, 4.7612722E-01, 4.7612722E-01
* ELEM  1850  line segment
 1, 445, 423
*
  9.4843600E+00, 9.4829672E+00, 0.0000000E+00, -4.7612722E-01
* ELEM  1851  line segment
 1, 446, 449
*
  9.2382769E+00, 9.5848982E+00, 2.4608306E-01, -1.0193094E-01
* ELEM  1852  circular arc
 3, 305, 301
*
  8.6715600E+00, 1.1445240E+01, 6.1341000E-01, 0.0000000E+00, 2.2500000E+01
* ELEM  1853  circular arc
 3, 305, 304
*
  8.6715600E+00, 1.1445240E+01, 6.1341000E-01, 2.2500000E+01, 4.5000000E+01
* ELEM  1854  circular arc
 3, 305, 302
*
  8.6715600E+00, 1.1445240E+01, 6.1341000E-01, 6.7500000E+01, 4.5000000E+01
* ELEM  1855  circular arc
 3, 305, 300
*
  8.6715600E+00, 1.1445240E+01, 6.1341000E-01, 1.1250000E+02, 4.5000000E+01
* ELEM  1856  circular arc
 3, 305, 298
*
  8.6715600E+00, 1.1445240E+01, 6.1341000E-01, 2.9250000E+02, 4.5000000E+01
* ELEM  1857  circular arc
 3, 305, 301
*
  8.6715600E+00, 1.1445240E+01, 6.1341000E-01, 3.3750000E+02, 2.2500000E+01
* ELEM  1858  circle
 2, 306, 305
*
  8.6715600E+00, 1.1445240E+01, 5.3213000E-01, 0.0000000E+00
* ELEM  1859  line segment
 1, 298, 301
*
  9.2382769E+00, 1.1210498E+01, 2.4608306E-01, -1.0193094E-01
* ELEM  1860  line segment
 1, 297, 298
*
  9.0082328E+00, 1.0632440E+01, 4.7612722E-01, 4.7612722E-01
* ELEM  1861  line segment
 1, 297, 275
*
  9.4843600E+00, 1.1108567E+01, 0.0000000E+00, -4.7612722E-01
* ELEM  1862  line segment
 1, 451, 297
*
  9.0082328E+00, 1.0632440E+01, 4.7612722E-01, 0.0000000E+00
* ELEM  1863  line segment
 1, 449, 452
*
  9.2382769E+00, 1.0054382E+01, 2.4608306E-01, 1.0193094E-01
* ELEM  1864  line segment
 1, 451, 452
*
  9.4843600E+00, 1.0156313E+01, -4.7612722E-01, 4.7612722E-01
* ELEM  1865  line segment
 1, 451, 429
*
  9.4843600E+00, 1.0632440E+01, 0.0000000E+00, -4.7612722E-01
* ELEM  1866  line segment
 1, 785, 787
*
  1.2735560E+01, 4.6061672E+00, 4.7612722E-01, -4.7612722E-01
* ELEM  1867  line segment
 1, 935, 785
*
  1.2735560E+01, 4.1300400E+00, 4.7612722E-01, 0.0000000E+00
* ELEM  1868  line segment
 1, 788, 787
*
  1.2981643E+01, 4.7080982E+00, -2.4608306E-01, -1.0193094E-01
* ELEM  1869  circular arc
 3, 797, 787
*
  1.3548360E+01, 4.9428400E+00, 6.1341000E-01, 2.0250000E+02, 4.5000000E+01
* ELEM  1870  line segment
 1, 787, 786
*
  1.3313618E+01, 4.3761231E+00, -1.0193094E-01, -2.4608306E-01
* ELEM  1871  line segment
 1, 811, 788
*
  1.2735560E+01, 5.2795128E+00, 0.0000000E+00, -6.7334557E-01
* ELEM  1872  line segment
 1, 792, 788
*
  1.2981643E+01, 5.1775818E+00, -2.4608306E-01, 1.0193094E-01
* ELEM  1873  circular arc
 3, 797, 788
*
  1.3548360E+01, 4.9428400E+00, 6.1341000E-01, 1.5750000E+02, 4.5000000E+01
* ELEM  1874  line segment
 1, 811, 814
*
  1.2489477E+01, 5.1775818E+00, 2.4608306E-01, 1.0193094E-01
* ELEM  1875  line segment
 1, 935, 936
*
  1.3211687E+01, 4.1300400E+00, -4.7612722E-01, -4.7612722E-01
* ELEM  1876  line segment
 1, 938, 936
*
  1.3313618E+01, 3.8839569E+00, -1.0193094E-01, 2.4608306E-01
* ELEM  1877  circular arc
 3, 941, 936
*
  1.3548360E+01, 3.3172400E+00, 6.1341000E-01, 1.1250000E+02, 4.5000000E+01
* ELEM  1878  line segment
 1, 682, 685
*
  1.2489477E+01, 6.3336982E+00, 2.4608306E-01, -1.0193094E-01
* ELEM  1879  line segment
 1, 681, 682
*
  1.2259433E+01, 5.7556400E+00, 4.7612722E-01, 4.7612722E-01
* ELEM  1880  line segment
 1, 681, 659
*
  1.2735560E+01, 6.2317672E+00, 0.0000000E+00, -4.7612722E-01
* ELEM  1881  line segment
 1, 813, 681
*
  1.2259433E+01, 5.7556400E+00, 4.7612722E-01, 0.0000000E+00
* ELEM  1882  line segment
 1, 813, 814
*
  1.2735560E+01, 5.2795128E+00, -4.7612722E-01, 4.7612722E-01
* ELEM  1883  line segment
 1, 813, 791
*
  1.2735560E+01, 5.7556400E+00, 0.0000000E+00, -4.7612722E-01
* ELEM  1884  circular arc
 3, 561, 550
*
  1.1922760E+01, 8.1940400E+00, 6.1341000E-01, 2.4750000E+02, 4.5000000E+01
* ELEM  1885  line segment
 1, 550, 554
*
  1.2157502E+01, 7.6273231E+00, 1.0193094E-01, -2.4608306E-01
* ELEM  1886  line segment
 1, 686, 550
*
  1.1586087E+01, 7.3812400E+00, 6.7334557E-01, 0.0000000E+00
* ELEM  1887  line segment
 1, 688, 686
*
  1.2157502E+01, 7.1351569E+00, 1.0193094E-01, 2.4608306E-01
* ELEM  1888  line segment
 1, 573, 574
*
  9.9604872E+00, 9.0068400E+00, -4.7612722E-01, -4.7612722E-01
* ELEM  1889  line segment
 1, 576, 574
*
  1.0062418E+01, 8.7607569E+00, -1.0193094E-01, 2.4608306E-01
* ELEM  1890  line segment
 1, 573, 423
*
  9.4843600E+00, 9.0068400E+00, 4.7612722E-01, 0.0000000E+00
* ELEM  1891  circular arc
 3, 561, 557
*
  1.1922760E+01, 8.1940400E+00, 6.1341000E-01, 0.0000000E+00, 2.2500000E+01
* ELEM  1892  circular arc
 3, 561, 560
*
  1.1922760E+01, 8.1940400E+00, 6.1341000E-01, 2.2500000E+01, 4.5000000E+01
* ELEM  1893  circular arc
 3, 561, 558
*
  1.1922760E+01, 8.1940400E+00, 6.1341000E-01, 6.7500000E+01, 4.5000000E+01
* ELEM  1894  circular arc
 3, 561, 556
*
  1.1922760E+01, 8.1940400E+00, 6.1341000E-01, 1.1250000E+02, 4.5000000E+01
* ELEM  1895  circular arc
 3, 561, 554
*
  1.1922760E+01, 8.1940400E+00, 6.1341000E-01, 2.9250000E+02, 4.5000000E+01
* ELEM  1896  circular arc
 3, 561, 557
*
  1.1922760E+01, 8.1940400E+00, 6.1341000E-01, 3.3750000E+02, 2.2500000E+01
* ELEM  1897  circle
 2, 562, 561
*
  1.1922760E+01, 8.1940400E+00, 5.3213000E-01, 0.0000000E+00
* ELEM  1898  line segment
 1, 555, 556
*
  1.1586087E+01, 9.0068400E+00, -4.7612722E-01, -4.7612722E-01
* ELEM  1899  line segment
 1, 558, 556
*
  1.1688018E+01, 8.7607569E+00, -1.0193094E-01, 2.4608306E-01
* ELEM  1900  line segment
 1, 577, 578
*
  1.1109960E+01, 8.5307128E+00, -4.7612722E-01, 4.7612722E-01
* ELEM  1901  line segment
 1, 577, 427
*
  1.0633833E+01, 9.0068400E+00, 4.7612722E-01, 0.0000000E+00
* ELEM  1902  line segment
 1, 577, 555
*
  1.1109960E+01, 9.0068400E+00, 0.0000000E+00, -4.7612722E-01
* ELEM  1903  line segment
 1, 555, 403
*
  1.1109960E+01, 9.0068400E+00, 4.7612722E-01, 0.0000000E+00
* ELEM  1904  line segment
 1, 578, 576
*
  1.0531902E+01, 8.7607569E+00, 1.0193094E-01, 2.4608306E-01
* ELEM  1905  circular arc
 3, 941, 930
*
  1.3548360E+01, 3.3172400E+00, 6.1341000E-01, 2.4750000E+02, 4.5000000E+01
* ELEM  1906  line segment
 1, 930, 934
*
  1.3783102E+01, 2.7505231E+00, 1.0193094E-01, -2.4608306E-01
* ELEM  1907  line segment
 1, 1066, 930
*
  1.3211687E+01, 2.5044400E+00, 6.7334557E-01, 0.0000000E+00
* ELEM  1908  line segment
 1, 1068, 1066
*
  1.3783102E+01, 2.2583569E+00, 1.0193094E-01, 2.4608306E-01
* ELEM  1909  circular arc
 3, 1069, 1066
*
  1.3548360E+01, 1.6916400E+00, 6.1341000E-01, 6.7500000E+01, 4.5000000E+01
* ELEM  1910  circular arc
 3, 941, 937
*
  1.3548360E+01, 3.3172400E+00, 6.1341000E-01, 0.0000000E+00, 2.2500000E+01
* ELEM  1911  circular arc
 3, 941, 940
*
  1.3548360E+01, 3.3172400E+00, 6.1341000E-01, 2.2500000E+01, 4.5000000E+01
* ELEM  1912  circular arc
 3, 941, 938
*
  1.3548360E+01, 3.3172400E+00, 6.1341000E-01, 6.7500000E+01, 4.5000000E+01
* ELEM  1913  circular arc
 3, 941, 934
*
  1.3548360E+01, 3.3172400E+00, 6.1341000E-01, 2.9250000E+02, 4.5000000E+01
* ELEM  1914  circular arc
 3, 941, 937
*
  1.3548360E+01, 3.3172400E+00, 6.1341000E-01, 3.3750000E+02, 2.2500000E+01
* ELEM  1915  circle
 2, 942, 941
*
  1.3548360E+01, 3.3172400E+00, 5.3213000E-01, 0.0000000E+00
* ELEM  1916  line segment
 1, 1079, 1057
*
  1.2735560E+01, 1.3549672E+00, 0.0000000E+00, -4.7612722E-01
* ELEM  1917  line segment
 1, 1057, 1059
*
  1.2735560E+01, 1.3549672E+00, 4.7612722E-01, -4.7612722E-01
* ELEM  1918  line segment
 1, 1057, 1351
*
  1.3211687E+01, 8.7884000E-01, -1.5100722E-01, 0.0000000E+00
* ELEM  1919  line segment
 1, 1057, 1243
*
  1.3060680E+01, 8.7884000E-01, -3.2512000E-01, 0.0000000E+00
* ELEM  1920  circular arc
 3, 1069, 1059
*
  1.3548360E+01, 1.6916400E+00, 6.1341000E-01, 2.0250000E+02, 4.5000000E+01
* ELEM  1921  line segment
 1, 1059, 1058
*
  1.3313618E+01, 1.1249231E+00, -1.0193094E-01, -2.4608306E-01
* ELEM  1922  line segment
 1, 1079, 1080
*
  1.2259433E+01, 8.7884000E-01, 4.7612722E-01, 4.7612722E-01
* ELEM  1923  line segment
 1, 1243, 1079
*
  1.2259433E+01, 8.7884000E-01, 4.7612722E-01, 0.0000000E+00
* ELEM  1924  circular arc
 3, 1069, 1065
*
  1.3548360E+01, 1.6916400E+00, 6.1341000E-01, 0.0000000E+00, 2.2500000E+01
* ELEM  1925  circular arc
 3, 1069, 1068
*
  1.3548360E+01, 1.6916400E+00, 6.1341000E-01, 2.2500000E+01, 4.5000000E+01
* ELEM  1926  circular arc
 3, 1069, 1058
*
  1.3548360E+01, 1.6916400E+00, 6.1341000E-01, 2.4750000E+02, 4.5000000E+01
* ELEM  1927  circular arc
 3, 1069, 1062
*
  1.3548360E+01, 1.6916400E+00, 6.1341000E-01, 2.9250000E+02, 4.5000000E+01
* ELEM  1928  circular arc
 3, 1069, 1065
*
  1.3548360E+01, 1.6916400E+00, 6.1341000E-01, 3.3750000E+02, 2.2500000E+01
* ELEM  1929  circle
 2, 1070, 1069
*
  1.3548360E+01, 1.6916400E+00, 5.3213000E-01, 0.0000000E+00
* ELEM  1930  line segment
 1, 31, 1355
*
  2.5058328E+00, 1.3883640E+01, 1.5100722E-01, 0.0000000E+00
* ELEM  1931  line segment
 1, 31, 1259
*
  2.6568400E+00, 1.3883640E+01, 3.2512000E-01, 0.0000000E+00
* ELEM  1932  line segment
 1, 227, 31
*
  2.9819600E+00, 1.3407513E+01, 0.0000000E+00, 4.7612722E-01
* ELEM  1933  line segment
 1, 31, 32
*
  2.9819600E+00, 1.3407513E+01, -4.7612722E-01, 4.7612722E-01
* ELEM  1934  line segment
 1, 32, 30
*
  2.4039018E+00, 1.3637557E+01, 1.0193094E-01, 2.4608306E-01
* ELEM  1935  line segment
 1, 227, 228
*
  3.4580872E+00, 1.3883640E+01, -4.7612722E-01, -4.7612722E-01
* ELEM  1936  line segment
 1, 230, 228
*
  3.5600182E+00, 1.3637557E+01, -1.0193094E-01, 2.4608306E-01
* ELEM  1937  line segment
 1, 1259, 227
*
  3.4580872E+00, 1.3883640E+01, -4.7612722E-01, 0.0000000E+00
* ELEM  1938  line segment
 1, 229, 206
*
  4.6075600E+00, 1.3407513E+01, 0.0000000E+00, -6.7334557E-01
* ELEM  1939  line segment
 1, 210, 206
*
  4.8536431E+00, 1.3305582E+01, -2.4608306E-01, 1.0193094E-01
* ELEM  1940  circular arc
 3, 215, 206
*
  5.4203600E+00, 1.3070840E+01, 6.1341000E-01, 1.5750000E+02, 4.5000000E+01
* ELEM  1941  line segment
 1, 229, 232
*
  4.3614769E+00, 1.3305582E+01, 2.4608306E-01, 1.0193094E-01
* ELEM  1942  line segment
 1, 1358, 24
*
  1.3563600E+00, 1.3407513E+01, 0.0000000E+00, -6.7334557E-01
* ELEM  1943  line segment
 1, 28, 24
*
  1.6024431E+00, 1.3305582E+01, -2.4608306E-01, 1.0193094E-01
* ELEM  1944  circular arc
 3, 215, 211
*
  5.4203600E+00, 1.3070840E+01, 6.1341000E-01, 0.0000000E+00, 2.2500000E+01
* ELEM  1945  circular arc
 3, 215, 214
*
  5.4203600E+00, 1.3070840E+01, 6.1341000E-01, 2.2500000E+01, 4.5000000E+01
* ELEM  1946  circular arc
 3, 215, 212
*
  5.4203600E+00, 1.3070840E+01, 6.1341000E-01, 6.7500000E+01, 4.5000000E+01
* ELEM  1947  circular arc
 3, 215, 210
*
  5.4203600E+00, 1.3070840E+01, 6.1341000E-01, 1.1250000E+02, 4.5000000E+01
* ELEM  1948  circular arc
 3, 215, 208
*
  5.4203600E+00, 1.3070840E+01, 6.1341000E-01, 2.9250000E+02, 4.5000000E+01
* ELEM  1949  circular arc
 3, 215, 211
*
  5.4203600E+00, 1.3070840E+01, 6.1341000E-01, 3.3750000E+02, 2.2500000E+01
* ELEM  1950  circle
 2, 216, 215
*
  5.4203600E+00, 1.3070840E+01, 5.3213000E-01, 0.0000000E+00
* ELEM  1951  line segment
 1, 208, 211
*
  5.9870769E+00, 1.2836098E+01, 2.4608306E-01, -1.0193094E-01
* ELEM  1952  line segment
 1, 207, 208
*
  5.7570328E+00, 1.2258040E+01, 4.7612722E-01, 4.7612722E-01
* ELEM  1953  line segment
 1, 207, 185
*
  6.2331600E+00, 1.2734167E+01, 0.0000000E+00, -4.7612722E-01
* ELEM  1954  line segment
 1, 185, 187
*
  6.2331600E+00, 1.2734167E+01, 4.7612722E-01, -4.7612722E-01
* ELEM  1955  line segment
 1, 188, 187
*
  6.4792431E+00, 1.2836098E+01, -2.4608306E-01, -1.0193094E-01
* ELEM  1956  circular arc
 3, 197, 187
*
  7.0459600E+00, 1.3070840E+01, 6.1341000E-01, 2.0250000E+02, 4.5000000E+01
* ELEM  1957  line segment
 1, 187, 186
*
  6.8112182E+00, 1.2504123E+01, -1.0193094E-01, -2.4608306E-01
* ELEM  1958  circular arc
 3, 197, 186
*
  7.0459600E+00, 1.3070840E+01, 6.1341000E-01, 2.4750000E+02, 4.5000000E+01
* ELEM  1959  line segment
 1, 186, 190
*
  7.2807018E+00, 1.2504123E+01, 1.0193094E-01, -2.4608306E-01
* ELEM  1960  line segment
 1, 320, 186
*
  6.7092872E+00, 1.2258040E+01, 6.7334557E-01, 0.0000000E+00
* ELEM  1961  line segment
 1, 322, 320
*
  7.2807018E+00, 1.2011957E+01, 1.0193094E-01, 2.4608306E-01
* ELEM  1962  line segment
 1, 299, 300
*
  8.3348872E+00, 1.2258040E+01, -4.7612722E-01, -4.7612722E-01
* ELEM  1963  line segment
 1, 302, 300
*
  8.4368182E+00, 1.2011957E+01, -1.0193094E-01, 2.4608306E-01
* ELEM  1964  line segment
 1, 321, 322
*
  7.8587600E+00, 1.1781913E+01, -4.7612722E-01, 4.7612722E-01
* ELEM  1965  line segment
 1, 321, 189
*
  7.3826328E+00, 1.2258040E+01, 4.7612722E-01, 0.0000000E+00
* ELEM  1966  line segment
 1, 321, 299
*
  7.8587600E+00, 1.2258040E+01, 0.0000000E+00, -4.7612722E-01
* ELEM  1967  line segment
 1, 299, 167
*
  7.8587600E+00, 1.2258040E+01, 4.7612722E-01, 0.0000000E+00
* ELEM  1968  line segment
 1, 423, 425
*
  9.4843600E+00, 9.4829672E+00, 4.7612722E-01, -4.7612722E-01
* ELEM  1969  line segment
 1, 426, 425
*
  9.7304431E+00, 9.5848982E+00, -2.4608306E-01, -1.0193094E-01
* ELEM  1970  circular arc
 3, 435, 425
*
  1.0297160E+01, 9.8196400E+00, 6.1341000E-01, 2.0250000E+02, 4.5000000E+01
* ELEM  1971  line segment
 1, 425, 424
*
  1.0062418E+01, 9.2529231E+00, -1.0193094E-01, -2.4608306E-01
* ELEM  1972  line segment
 1, 449, 426
*
  9.4843600E+00, 1.0156313E+01, 0.0000000E+00, -6.7334557E-01
* ELEM  1973  line segment
 1, 430, 426
*
  9.7304431E+00, 1.0054382E+01, -2.4608306E-01, 1.0193094E-01
* ELEM  1974  circular arc
 3, 435, 426
*
  1.0297160E+01, 9.8196400E+00, 6.1341000E-01, 1.5750000E+02, 4.5000000E+01
* ELEM  1975  line segment
 1, 275, 277
*
  9.4843600E+00, 1.1108567E+01, 4.7612722E-01, -4.7612722E-01
* ELEM  1976  line segment
 1, 429, 275
*
  9.4843600E+00, 1.0632440E+01, 4.7612722E-01, 0.0000000E+00
* ELEM  1977  line segment
 1, 278, 277
*
  9.7304431E+00, 1.1210498E+01, -2.4608306E-01, -1.0193094E-01
* ELEM  1978  circular arc
 3, 287, 277
*
  1.0297160E+01, 1.1445240E+01, 6.1341000E-01, 2.0250000E+02, 4.5000000E+01
* ELEM  1979  line segment
 1, 277, 276
*
  1.0062418E+01, 1.0878523E+01, -1.0193094E-01, -2.4608306E-01
* ELEM  1980  line segment
 1, 301, 278
*
  9.4843600E+00, 1.1781913E+01, 0.0000000E+00, -6.7334557E-01
* ELEM  1981  line segment
 1, 282, 278
*
  9.7304431E+00, 1.1679982E+01, -2.4608306E-01, 1.0193094E-01
* ELEM  1982  circular arc
 3, 287, 278
*
  1.0297160E+01, 1.1445240E+01, 6.1341000E-01, 1.5750000E+02, 4.5000000E+01
* ELEM  1983  line segment
 1, 301, 304
*
  9.2382769E+00, 1.1679982E+01, 2.4608306E-01, 1.0193094E-01
* ELEM  1984  line segment
 1, 429, 430
*
  9.9604872E+00, 1.0632440E+01, -4.7612722E-01, -4.7612722E-01
* ELEM  1985  line segment
 1, 432, 430
*
  1.0062418E+01, 1.0386357E+01, -1.0193094E-01, 2.4608306E-01
* ELEM  1986  circular arc
 3, 435, 430
*
  1.0297160E+01, 9.8196400E+00, 6.1341000E-01, 1.1250000E+02, 4.5000000E+01
* ELEM  1987  circular arc
 3, 797, 786
*
  1.3548360E+01, 4.9428400E+00, 6.1341000E-01, 2.4750000E+02, 4.5000000E+01
* ELEM  1988  line segment
 1, 786, 790
*
  1.3783102E+01, 4.3761231E+00, 1.0193094E-01, -2.4608306E-01
* ELEM  1989  line segment
 1, 938, 786
*
  1.3211687E+01, 4.1300400E+00, 6.7334557E-01, 0.0000000E+00
* ELEM  1990  line segment
 1, 940, 938
*
  1.3783102E+01, 3.8839569E+00, 1.0193094E-01, 2.4608306E-01
* ELEM  1991  circular arc
 3, 797, 793
*
  1.3548360E+01, 4.9428400E+00, 6.1341000E-01, 0.0000000E+00, 2.2500000E+01
* ELEM  1992  circular arc
 3, 797, 796
*
  1.3548360E+01, 4.9428400E+00, 6.1341000E-01, 2.2500000E+01, 4.5000000E+01
* ELEM  1993  circular arc
 3, 797, 794
*
  1.3548360E+01, 4.9428400E+00, 6.1341000E-01, 6.7500000E+01, 4.5000000E+01
* ELEM  1994  circular arc
 3, 797, 792
*
  1.3548360E+01, 4.9428400E+00, 6.1341000E-01, 1.1250000E+02, 4.5000000E+01
* ELEM  1995  circular arc
 3, 797, 790
*
  1.3548360E+01, 4.9428400E+00, 6.1341000E-01, 2.9250000E+02, 4.5000000E+01
* ELEM  1996  circular arc
 3, 797, 793
*
  1.3548360E+01, 4.9428400E+00, 6.1341000E-01, 3.3750000E+02, 2.2500000E+01
* ELEM  1997  circle
 2, 798, 797
*
  1.3548360E+01, 4.9428400E+00, 5.3213000E-01, 0.0000000E+00
* ELEM  1998  line segment
 1, 791, 792
*
  1.3211687E+01, 5.7556400E+00, -4.7612722E-01, -4.7612722E-01
* ELEM  1999  line segment
 1, 794, 792
*
  1.3313618E+01, 5.5095569E+00, -1.0193094E-01, 2.4608306E-01
* ELEM  2000  line segment
 1, 791, 659
*
  1.2735560E+01, 5.7556400E+00, 4.7612722E-01, 0.0000000E+00
* ELEM  2001  line segment
 1, 659, 661
*
  1.2735560E+01, 6.2317672E+00, 4.7612722E-01, -4.7612722E-01
* ELEM  2002  line segment
 1, 662, 661
*
  1.2981643E+01, 6.3336982E+00, -2.4608306E-01, -1.0193094E-01
* ELEM  2003  circular arc
 3, 671, 661
*
  1.3548360E+01, 6.5684400E+00, 6.1341000E-01, 2.0250000E+02, 4.5000000E+01
* ELEM  2004  line segment
 1, 661, 660
*
  1.3313618E+01, 6.0017231E+00, -1.0193094E-01, -2.4608306E-01
* ELEM  2005  line segment
 1, 685, 662
*
  1.2735560E+01, 6.9051128E+00, 0.0000000E+00, -6.7334557E-01
* ELEM  2006  line segment
 1, 666, 662
*
  1.2981643E+01, 6.8031818E+00, -2.4608306E-01, 1.0193094E-01
* ELEM  2007  circular arc
 3, 671, 662
*
  1.3548360E+01, 6.5684400E+00, 6.1341000E-01, 1.5750000E+02, 4.5000000E+01
* ELEM  2008  line segment
 1, 685, 688
*
  1.2489477E+01, 6.8031818E+00, 2.4608306E-01, 1.0193094E-01
* ELEM  2009  line segment
 1, 554, 557
*
  1.2489477E+01, 7.9592982E+00, 2.4608306E-01, -1.0193094E-01
* ELEM  2010  line segment
 1, 553, 554
*
  1.2259433E+01, 7.3812400E+00, 4.7612722E-01, 4.7612722E-01
* ELEM  2011  line segment
 1, 553, 531
*
  1.2735560E+01, 7.8573672E+00, 0.0000000E+00, -4.7612722E-01
* ELEM  2012  line segment
 1, 687, 553
*
  1.2259433E+01, 7.3812400E+00, 4.7612722E-01, 0.0000000E+00
* ELEM  2013  line segment
 1, 687, 688
*
  1.2735560E+01, 6.9051128E+00, -4.7612722E-01, 4.7612722E-01
* ELEM  2014  line segment
 1, 687, 665
*
  1.2735560E+01, 7.3812400E+00, 0.0000000E+00, -4.7612722E-01
* ELEM  2015  circular arc
 3, 435, 424
*
  1.0297160E+01, 9.8196400E+00, 6.1341000E-01, 2.4750000E+02, 4.5000000E+01
* ELEM  2016  line segment
 1, 424, 428
*
  1.0531902E+01, 9.2529231E+00, 1.0193094E-01, -2.4608306E-01
* ELEM  2017  line segment
 1, 576, 424
*
  9.9604872E+00, 9.0068400E+00, 6.7334557E-01, 0.0000000E+00
* ELEM  2018  line segment
 1, 427, 428
*
  1.0633833E+01, 9.0068400E+00, 4.7612722E-01, 4.7612722E-01
* ELEM  2019  line segment
 1, 427, 403
*
  1.1109960E+01, 9.4829672E+00, 0.0000000E+00, -4.7612722E-01
* ELEM  2020  line segment
 1, 403, 405
*
  1.1109960E+01, 9.4829672E+00, 4.7612722E-01, -4.7612722E-01
* ELEM  2021  line segment
 1, 406, 405
*
  1.1356043E+01, 9.5848982E+00, -2.4608306E-01, -1.0193094E-01
* ELEM  2022  circular arc
 3, 415, 405
*
  1.1922760E+01, 9.8196400E+00, 6.1341000E-01, 2.0250000E+02, 4.5000000E+01
* ELEM  2023  line segment
 1, 405, 404
*
  1.1688018E+01, 9.2529231E+00, -1.0193094E-01, -2.4608306E-01
* ELEM  2024  circular arc
 3, 415, 404
*
  1.1922760E+01, 9.8196400E+00, 6.1341000E-01, 2.4750000E+02, 4.5000000E+01
* ELEM  2025  line segment
 1, 404, 408
*
  1.2157502E+01, 9.2529231E+00, 1.0193094E-01, -2.4608306E-01
* ELEM  2026  line segment
 1, 558, 404
*
  1.1586087E+01, 9.0068400E+00, 6.7334557E-01, 0.0000000E+00
* ELEM  2027  line segment
 1, 560, 558
*
  1.2157502E+01, 8.7607569E+00, 1.0193094E-01, 2.4608306E-01
* ELEM  2028  circular arc
 3, 435, 428
*
  1.0297160E+01, 9.8196400E+00, 6.1341000E-01, 2.9250000E+02, 4.5000000E+01
* ELEM  2029  line segment
 1, 428, 431
*
  1.0863877E+01, 9.5848982E+00, 2.4608306E-01, -1.0193094E-01
* ELEM  2030  line segment
 1, 934, 937
*
  1.4115077E+01, 3.0824982E+00, 2.4608306E-01, -1.0193094E-01
* ELEM  2031  line segment
 1, 933, 934
*
  1.3885033E+01, 2.5044400E+00, 4.7612722E-01, 4.7612722E-01
* ELEM  2032  line segment
 1, 1254, 933
*
  1.4361160E+01, 2.5044400E+00, 0.0000000E+00, 4.7612722E-01
* ELEM  2033  line segment
 1, 1067, 933
*
  1.3885033E+01, 2.5044400E+00, 4.7612722E-01, 0.0000000E+00
* ELEM  2034  line segment
 1, 1065, 1068
*
  1.4115077E+01, 1.9263818E+00, 2.4608306E-01, 1.0193094E-01
* ELEM  2035  line segment
 1, 1067, 1068
*
  1.4361160E+01, 2.0283128E+00, -4.7612722E-01, 4.7612722E-01
* ELEM  2036  line segment
 1, 1067, 1254
*
  1.4361160E+01, 2.5044400E+00, 0.0000000E+00, -3.2512000E-01
* ELEM  2037  line segment
 1, 1067, 1354
*
  1.4361160E+01, 2.1793200E+00, 0.0000000E+00, -1.5100722E-01
* ELEM  2038  line segment
 1, 1058, 1062
*
  1.3783102E+01, 1.1249231E+00, 1.0193094E-01, -2.4608306E-01
* ELEM  2039  line segment
 1, 1351, 1058
*
  1.3211687E+01, 8.7884000E-01, 6.7334557E-01, 0.0000000E+00
* ELEM  2040  line segment
 1, 1355, 30
*
  2.5058328E+00, 1.3883640E+01, -6.7334557E-01, 0.0000000E+00
* ELEM  2041  line segment
 1, 30, 28
*
  1.9344182E+00, 1.3637557E+01, -1.0193094E-01, 2.4608306E-01
* ELEM  2042  line segment
 1, 230, 1259
*
  3.4580872E+00, 1.3883640E+01, 4.9923278E-01, 0.0000000E+00
* ELEM  2043  line segment
 1, 230, 1260
*
  3.9573200E+00, 1.3883640E+01, 1.7411278E-01, 0.0000000E+00
* ELEM  2044  line segment
 1, 232, 230
*
  4.0295018E+00, 1.3637557E+01, 1.0193094E-01, 2.4608306E-01
* ELEM  2045  line segment
 1, 209, 210
*
  5.0836872E+00, 1.3883640E+01, -4.7612722E-01, -4.7612722E-01
* ELEM  2046  line segment
 1, 212, 210
*
  5.1856182E+00, 1.3637557E+01, -1.0193094E-01, 2.4608306E-01
* ELEM  2047  line segment
 1, 231, 232
*
  4.6075600E+00, 1.3407513E+01, -4.7612722E-01, 4.7612722E-01
* ELEM  2048  line segment
 1, 1260, 231
*
  4.6075600E+00, 1.3883640E+01, -4.7612722E-01, 0.0000000E+00
* ELEM  2049  line segment
 1, 231, 209
*
  4.6075600E+00, 1.3883640E+01, 0.0000000E+00, -4.7612722E-01
* ELEM  2050  line segment
 1, 1260, 209
*
  5.0836872E+00, 1.3883640E+01, -4.7612722E-01, 0.0000000E+00
* ELEM  2051  line segment
 1, 27, 28
*
  1.8324872E+00, 1.3883640E+01, -4.7612722E-01, -4.7612722E-01
* ELEM  2052  line segment
 1, 27, 1358
*
  1.3563600E+00, 1.3407513E+01, 0.0000000E+00, 3.0073035E-01
* ELEM  2053  line segment
 1, 27, 1355
*
  1.5317569E+00, 1.3883640E+01, 3.0073035E-01, 0.0000000E+00
* ELEM  2054  line segment
 1, 211, 188
*
  6.2331600E+00, 1.3407513E+01, 0.0000000E+00, -6.7334557E-01
* ELEM  2055  line segment
 1, 192, 188
*
  6.4792431E+00, 1.3305582E+01, -2.4608306E-01, 1.0193094E-01
* ELEM  2056  circular arc
 3, 197, 188
*
  7.0459600E+00, 1.3070840E+01, 6.1341000E-01, 1.5750000E+02, 4.5000000E+01
* ELEM  2057  line segment
 1, 211, 214
*
  5.9870769E+00, 1.3305582E+01, 2.4608306E-01, 1.0193094E-01
* ELEM  2058  circular arc
 3, 197, 193
*
  7.0459600E+00, 1.3070840E+01, 6.1341000E-01, 0.0000000E+00, 2.2500000E+01
* ELEM  2059  circular arc
 3, 197, 196
*
  7.0459600E+00, 1.3070840E+01, 6.1341000E-01, 2.2500000E+01, 4.5000000E+01
* ELEM  2060  circular arc
 3, 197, 194
*
  7.0459600E+00, 1.3070840E+01, 6.1341000E-01, 6.7500000E+01, 4.5000000E+01
* ELEM  2061  circular arc
 3, 197, 192
*
  7.0459600E+00, 1.3070840E+01, 6.1341000E-01, 1.1250000E+02, 4.5000000E+01
* ELEM  2062  circular arc
 3, 197, 190
*
  7.0459600E+00, 1.3070840E+01, 6.1341000E-01, 2.9250000E+02, 4.5000000E+01
* ELEM  2063  circular arc
 3, 197, 193
*
  7.0459600E+00, 1.3070840E+01, 6.1341000E-01, 3.3750000E+02, 2.2500000E+01
* ELEM  2064  circle
 2, 198, 197
*
  7.0459600E+00, 1.3070840E+01, 5.3213000E-01, 0.0000000E+00
* ELEM  2065  line segment
 1, 190, 193
*
  7.6126769E+00, 1.2836098E+01, 2.4608306E-01, -1.0193094E-01
* ELEM  2066  line segment
 1, 189, 190
*
  7.3826328E+00, 1.2258040E+01, 4.7612722E-01, 4.7612722E-01
* ELEM  2067  line segment
 1, 189, 167
*
  7.8587600E+00, 1.2734167E+01, 0.0000000E+00, -4.7612722E-01
* ELEM  2068  line segment
 1, 167, 169
*
  7.8587600E+00, 1.2734167E+01, 4.7612722E-01, -4.7612722E-01
* ELEM  2069  line segment
 1, 170, 169
*
  8.1048431E+00, 1.2836098E+01, -2.4608306E-01, -1.0193094E-01
* ELEM  2070  circular arc
 3, 179, 169
*
  8.6715600E+00, 1.3070840E+01, 6.1341000E-01, 2.0250000E+02, 4.5000000E+01
* ELEM  2071  line segment
 1, 169, 168
*
  8.4368182E+00, 1.2504123E+01, -1.0193094E-01, -2.4608306E-01
* ELEM  2072  circular arc
 3, 179, 168
*
  8.6715600E+00, 1.3070840E+01, 6.1341000E-01, 2.4750000E+02, 4.5000000E+01
* ELEM  2073  line segment
 1, 168, 172
*
  8.9063018E+00, 1.2504123E+01, 1.0193094E-01, -2.4608306E-01
* ELEM  2074  line segment
 1, 302, 168
*
  8.3348872E+00, 1.2258040E+01, 6.7334557E-01, 0.0000000E+00
* ELEM  2075  line segment
 1, 304, 302
*
  8.9063018E+00, 1.2011957E+01, 1.0193094E-01, 2.4608306E-01
* ELEM  2076  circular arc
 3, 435, 431
*
  1.0297160E+01, 9.8196400E+00, 6.1341000E-01, 0.0000000E+00, 2.2500000E+01
* ELEM  2077  circular arc
 3, 435, 434
*
  1.0297160E+01, 9.8196400E+00, 6.1341000E-01, 2.2500000E+01, 4.5000000E+01
* ELEM  2078  circular arc
 3, 435, 432
*
  1.0297160E+01, 9.8196400E+00, 6.1341000E-01, 6.7500000E+01, 4.5000000E+01
* ELEM  2079  circular arc
 3, 435, 431
*
  1.0297160E+01, 9.8196400E+00, 6.1341000E-01, 3.3750000E+02, 2.2500000E+01
* ELEM  2080  circle
 2, 436, 435
*
  1.0297160E+01, 9.8196400E+00, 5.3213000E-01, 0.0000000E+00
* ELEM  2081  circular arc
 3, 287, 276
*
  1.0297160E+01, 1.1445240E+01, 6.1341000E-01, 2.4750000E+02, 4.5000000E+01
* ELEM  2082  line segment
 1, 276, 280
*
  1.0531902E+01, 1.0878523E+01, 1.0193094E-01, -2.4608306E-01
* ELEM  2083  line segment
 1, 432, 276
*
  9.9604872E+00, 1.0632440E+01, 6.7334557E-01, 0.0000000E+00
* ELEM  2084  line segment
 1, 434, 432
*
  1.0531902E+01, 1.0386357E+01, 1.0193094E-01, 2.4608306E-01
* ELEM  2085  circular arc
 3, 287, 283
*
  1.0297160E+01, 1.1445240E+01, 6.1341000E-01, 0.0000000E+00, 2.2500000E+01
* ELEM  2086  circular arc
 3, 287, 286
*
  1.0297160E+01, 1.1445240E+01, 6.1341000E-01, 2.2500000E+01, 4.5000000E+01
* ELEM  2087  circular arc
 3, 287, 284
*
  1.0297160E+01, 1.1445240E+01, 6.1341000E-01, 6.7500000E+01, 4.5000000E+01
* ELEM  2088  circular arc
 3, 287, 282
*
  1.0297160E+01, 1.1445240E+01, 6.1341000E-01, 1.1250000E+02, 4.5000000E+01
* ELEM  2089  circular arc
 3, 287, 280
*
  1.0297160E+01, 1.1445240E+01, 6.1341000E-01, 2.9250000E+02, 4.5000000E+01
* ELEM  2090  circular arc
 3, 287, 283
*
  1.0297160E+01, 1.1445240E+01, 6.1341000E-01, 3.3750000E+02, 2.2500000E+01
* ELEM  2091  circle
 2, 288, 287
*
  1.0297160E+01, 1.1445240E+01, 5.3213000E-01, 0.0000000E+00
* ELEM  2092  line segment
 1, 281, 282
*
  9.9604872E+00, 1.2258040E+01, -4.7612722E-01, -4.7612722E-01
* ELEM  2093  line segment
 1, 284, 282
*
  1.0062418E+01, 1.2011957E+01, -1.0193094E-01, 2.4608306E-01
* ELEM  2094  line segment
 1, 303, 304
*
  9.4843600E+00, 1.1781913E+01, -4.7612722E-01, 4.7612722E-01
* ELEM  2095  line segment
 1, 303, 171
*
  9.0082328E+00, 1.2258040E+01, 4.7612722E-01, 0.0000000E+00
* ELEM  2096  line segment
 1, 303, 281
*
  9.4843600E+00, 1.2258040E+01, 0.0000000E+00, -4.7612722E-01
* ELEM  2097  line segment
 1, 281, 149
*
  9.4843600E+00, 1.2258040E+01, 4.7612722E-01, 0.0000000E+00
* ELEM  2098  line segment
 1, 790, 793
*
  1.4115077E+01, 4.7080982E+00, 2.4608306E-01, -1.0193094E-01
* ELEM  2099  line segment
 1, 789, 790
*
  1.3885033E+01, 4.1300400E+00, 4.7612722E-01, 4.7612722E-01
* ELEM  2100  line segment
 1, 1255, 789
*
  1.4361160E+01, 4.1300400E+00, 0.0000000E+00, 4.7612722E-01
* ELEM  2101  line segment
 1, 939, 789
*
  1.3885033E+01, 4.1300400E+00, 4.7612722E-01, 0.0000000E+00
* ELEM  2102  line segment
 1, 937, 940
*
  1.4115077E+01, 3.5519818E+00, 2.4608306E-01, 1.0193094E-01
* ELEM  2103  line segment
 1, 939, 940
*
  1.4361160E+01, 3.6539128E+00, -4.7612722E-01, 4.7612722E-01
* ELEM  2104  line segment
 1, 1255, 939
*
  1.4361160E+01, 3.6539128E+00, 0.0000000E+00, 4.7612722E-01
* ELEM  2105  circular arc
 3, 671, 660
*
  1.3548360E+01, 6.5684400E+00, 6.1341000E-01, 2.4750000E+02, 4.5000000E+01
* ELEM  2106  line segment
 1, 660, 664
*
  1.3783102E+01, 6.0017231E+00, 1.0193094E-01, -2.4608306E-01
* ELEM  2107  line segment
 1, 794, 660
*
  1.3211687E+01, 5.7556400E+00, 6.7334557E-01, 0.0000000E+00
* ELEM  2108  line segment
 1, 796, 794
*
  1.3783102E+01, 5.5095569E+00, 1.0193094E-01, 2.4608306E-01
* ELEM  2109  circular arc
 3, 671, 667
*
  1.3548360E+01, 6.5684400E+00, 6.1341000E-01, 0.0000000E+00, 2.2500000E+01
* ELEM  2110  circular arc
 3, 671, 670
*
  1.3548360E+01, 6.5684400E+00, 6.1341000E-01, 2.2500000E+01, 4.5000000E+01
* ELEM  2111  circular arc
 3, 671, 668
*
  1.3548360E+01, 6.5684400E+00, 6.1341000E-01, 6.7500000E+01, 4.5000000E+01
* ELEM  2112  circular arc
 3, 671, 666
*
  1.3548360E+01, 6.5684400E+00, 6.1341000E-01, 1.1250000E+02, 4.5000000E+01
* ELEM  2113  circular arc
 3, 671, 664
*
  1.3548360E+01, 6.5684400E+00, 6.1341000E-01, 2.9250000E+02, 4.5000000E+01
* ELEM  2114  circular arc
 3, 671, 667
*
  1.3548360E+01, 6.5684400E+00, 6.1341000E-01, 3.3750000E+02, 2.2500000E+01
* ELEM  2115  circle
 2, 672, 671
*
  1.3548360E+01, 6.5684400E+00, 5.3213000E-01, 0.0000000E+00
* ELEM  2116  line segment
 1, 665, 666
*
  1.3211687E+01, 7.3812400E+00, -4.7612722E-01, -4.7612722E-01
* ELEM  2117  line segment
 1, 668, 666
*
  1.3313618E+01, 7.1351569E+00, -1.0193094E-01, 2.4608306E-01
* ELEM  2118  line segment
 1, 665, 531
*
  1.2735560E+01, 7.3812400E+00, 4.7612722E-01, 0.0000000E+00
* ELEM  2119  line segment
 1, 531, 533
*
  1.2735560E+01, 7.8573672E+00, 4.7612722E-01, -4.7612722E-01
* ELEM  2120  line segment
 1, 534, 533
*
  1.2981643E+01, 7.9592982E+00, -2.4608306E-01, -1.0193094E-01
* ELEM  2121  circular arc
 3, 543, 533
*
  1.3548360E+01, 8.1940400E+00, 6.1341000E-01, 2.0250000E+02, 4.5000000E+01
* ELEM  2122  line segment
 1, 533, 532
*
  1.3313618E+01, 7.6273231E+00, -1.0193094E-01, -2.4608306E-01
* ELEM  2123  line segment
 1, 557, 534
*
  1.2735560E+01, 8.5307128E+00, 0.0000000E+00, -6.7334557E-01
* ELEM  2124  line segment
 1, 538, 534
*
  1.2981643E+01, 8.4287818E+00, -2.4608306E-01, 1.0193094E-01
* ELEM  2125  circular arc
 3, 543, 534
*
  1.3548360E+01, 8.1940400E+00, 6.1341000E-01, 1.5750000E+02, 4.5000000E+01
* ELEM  2126  line segment
 1, 557, 560
*
  1.2489477E+01, 8.4287818E+00, 2.4608306E-01, 1.0193094E-01
* ELEM  2127  line segment
 1, 431, 406
*
  1.1109960E+01, 1.0156313E+01, 0.0000000E+00, -6.7334557E-01
* ELEM  2128  line segment
 1, 410, 406
*
  1.1356043E+01, 1.0054382E+01, -2.4608306E-01, 1.0193094E-01
* ELEM  2129  circular arc
 3, 415, 406
*
  1.1922760E+01, 9.8196400E+00, 6.1341000E-01, 1.5750000E+02, 4.5000000E+01
* ELEM  2130  line segment
 1, 431, 434
*
  1.0863877E+01, 1.0054382E+01, 2.4608306E-01, 1.0193094E-01
* ELEM  2131  circular arc
 3, 415, 411
*
  1.1922760E+01, 9.8196400E+00, 6.1341000E-01, 0.0000000E+00, 2.2500000E+01
* ELEM  2132  circular arc
 3, 415, 414
*
  1.1922760E+01, 9.8196400E+00, 6.1341000E-01, 2.2500000E+01, 4.5000000E+01
* ELEM  2133  circular arc
 3, 415, 412
*
  1.1922760E+01, 9.8196400E+00, 6.1341000E-01, 6.7500000E+01, 4.5000000E+01
* ELEM  2134  circular arc
 3, 415, 410
*
  1.1922760E+01, 9.8196400E+00, 6.1341000E-01, 1.1250000E+02, 4.5000000E+01
* ELEM  2135  circular arc
 3, 415, 408
*
  1.1922760E+01, 9.8196400E+00, 6.1341000E-01, 2.9250000E+02, 4.5000000E+01
* ELEM  2136  circular arc
 3, 415, 411
*
  1.1922760E+01, 9.8196400E+00, 6.1341000E-01, 3.3750000E+02, 2.2500000E+01
* ELEM  2137  circle
 2, 416, 415
*
  1.1922760E+01, 9.8196400E+00, 5.3213000E-01, 0.0000000E+00
* ELEM  2138  line segment
 1, 408, 411
*
  1.2489477E+01, 9.5848982E+00, 2.4608306E-01, -1.0193094E-01
* ELEM  2139  line segment
 1, 407, 408
*
  1.2259433E+01, 9.0068400E+00, 4.7612722E-01, 4.7612722E-01
* ELEM  2140  line segment
 1, 407, 385
*
  1.2735560E+01, 9.4829672E+00, 0.0000000E+00, -4.7612722E-01
* ELEM  2141  line segment
 1, 559, 407
*
  1.2259433E+01, 9.0068400E+00, 4.7612722E-01, 0.0000000E+00
* ELEM  2142  line segment
 1, 559, 560
*
  1.2735560E+01, 8.5307128E+00, -4.7612722E-01, 4.7612722E-01
* ELEM  2143  line segment
 1, 559, 537
*
  1.2735560E+01, 9.0068400E+00, 0.0000000E+00, -4.7612722E-01
* ELEM  2144  line segment
 1, 937, 1255
*
  1.4361160E+01, 3.6539128E+00, 0.0000000E+00, -1.7411278E-01
* ELEM  2145  line segment
 1, 937, 1254
*
  1.4361160E+01, 3.4798000E+00, 0.0000000E+00, -4.9923278E-01
* ELEM  2146  line segment
 1, 1062, 1065
*
  1.4115077E+01, 1.4568982E+00, 2.4608306E-01, -1.0193094E-01
* ELEM  2147  line segment
 1, 1354, 1065
*
  1.4361160E+01, 1.3549672E+00, 0.0000000E+00, 6.7334557E-01
* ELEM  2148  line segment
 1, 1061, 1062
*
  1.3885033E+01, 8.7884000E-01, 4.7612722E-01, 4.7612722E-01
* ELEM  2149  line segment
 1, 1061, 1354
*
  1.4361160E+01, 1.3549672E+00, 0.0000000E+00, -3.0073035E-01
* ELEM  2150  line segment
 1, 1061, 1351
*
  1.4185763E+01, 8.7884000E-01, -3.0073035E-01, 0.0000000E+00
* ELEM  2151  line segment
 1, 212, 1260
*
  5.0836872E+00, 1.3883640E+01, 1.7411278E-01, 0.0000000E+00
* ELEM  2152  line segment
 1, 212, 1241
*
  5.2578000E+00, 1.3883640E+01, 4.9923278E-01, 0.0000000E+00
* ELEM  2153  line segment
 1, 214, 212
*
  5.6551018E+00, 1.3637557E+01, 1.0193094E-01, 2.4608306E-01
* ELEM  2154  line segment
 1, 191, 192
*
  6.7092872E+00, 1.3883640E+01, -4.7612722E-01, -4.7612722E-01
* ELEM  2155  line segment
 1, 194, 192
*
  6.8112182E+00, 1.3637557E+01, -1.0193094E-01, 2.4608306E-01
* ELEM  2156  line segment
 1, 191, 1241
*
  6.2331600E+00, 1.3883640E+01, 3.2512000E-01, 0.0000000E+00
* ELEM  2157  line segment
 1, 191, 1236
*
  6.5582800E+00, 1.3883640E+01, 1.5100722E-01, 0.0000000E+00
* ELEM  2158  line segment
 1, 213, 191
*
  6.2331600E+00, 1.3883640E+01, 0.0000000E+00, -4.7612722E-01
* ELEM  2159  line segment
 1, 213, 214
*
  6.2331600E+00, 1.3407513E+01, -4.7612722E-01, 4.7612722E-01
* ELEM  2160  line segment
 1, 1241, 213
*
  6.2331600E+00, 1.3883640E+01, -4.7612722E-01, 0.0000000E+00
* ELEM  2161  line segment
 1, 193, 170
*
  7.8587600E+00, 1.3407513E+01, 0.0000000E+00, -6.7334557E-01
* ELEM  2162  line segment
 1, 174, 170
*
  8.1048431E+00, 1.3305582E+01, -2.4608306E-01, 1.0193094E-01
* ELEM  2163  circular arc
 3, 179, 170
*
  8.6715600E+00, 1.3070840E+01, 6.1341000E-01, 1.5750000E+02, 4.5000000E+01
* ELEM  2164  line segment
 1, 193, 196
*
  7.6126769E+00, 1.3305582E+01, 2.4608306E-01, 1.0193094E-01
* ELEM  2165  circular arc
 3, 179, 175
*
  8.6715600E+00, 1.3070840E+01, 6.1341000E-01, 0.0000000E+00, 2.2500000E+01
* ELEM  2166  circular arc
 3, 179, 178
*
  8.6715600E+00, 1.3070840E+01, 6.1341000E-01, 2.2500000E+01, 4.5000000E+01
* ELEM  2167  circular arc
 3, 179, 176
*
  8.6715600E+00, 1.3070840E+01, 6.1341000E-01, 6.7500000E+01, 4.5000000E+01
* ELEM  2168  circular arc
 3, 179, 174
*
  8.6715600E+00, 1.3070840E+01, 6.1341000E-01, 1.1250000E+02, 4.5000000E+01
* ELEM  2169  circular arc
 3, 179, 172
*
  8.6715600E+00, 1.3070840E+01, 6.1341000E-01, 2.9250000E+02, 4.5000000E+01
* ELEM  2170  circular arc
 3, 179, 175
*
  8.6715600E+00, 1.3070840E+01, 6.1341000E-01, 3.3750000E+02, 2.2500000E+01
* ELEM  2171  circle
 2, 180, 179
*
  8.6715600E+00, 1.3070840E+01, 5.3213000E-01, 0.0000000E+00
* ELEM  2172  line segment
 1, 172, 175
*
  9.2382769E+00, 1.2836098E+01, 2.4608306E-01, -1.0193094E-01
* ELEM  2173  line segment
 1, 171, 172
*
  9.0082328E+00, 1.2258040E+01, 4.7612722E-01, 4.7612722E-01
* ELEM  2174  line segment
 1, 171, 149
*
  9.4843600E+00, 1.2734167E+01, 0.0000000E+00, -4.7612722E-01
* ELEM  2175  line segment
 1, 280, 283
*
  1.0863877E+01, 1.1210498E+01, 2.4608306E-01, -1.0193094E-01
* ELEM  2176  line segment
 1, 279, 280
*
  1.0633833E+01, 1.0632440E+01, 4.7612722E-01, 4.7612722E-01
* ELEM  2177  line segment
 1, 279, 257
*
  1.1109960E+01, 1.1108567E+01, 0.0000000E+00, -4.7612722E-01
* ELEM  2178  line segment
 1, 433, 279
*
  1.0633833E+01, 1.0632440E+01, 4.7612722E-01, 0.0000000E+00
* ELEM  2179  line segment
 1, 433, 434
*
  1.1109960E+01, 1.0156313E+01, -4.7612722E-01, 4.7612722E-01
* ELEM  2180  line segment
 1, 433, 409
*
  1.1109960E+01, 1.0632440E+01, 0.0000000E+00, -4.7612722E-01
* ELEM  2181  line segment
 1, 149, 151
*
  9.4843600E+00, 1.2734167E+01, 4.7612722E-01, -4.7612722E-01
* ELEM  2182  line segment
 1, 152, 151
*
  9.7304431E+00, 1.2836098E+01, -2.4608306E-01, -1.0193094E-01
* ELEM  2183  circular arc
 3, 161, 151
*
  1.0297160E+01, 1.3070840E+01, 6.1341000E-01, 2.0250000E+02, 4.5000000E+01
* ELEM  2184  line segment
 1, 151, 150
*
  1.0062418E+01, 1.2504123E+01, -1.0193094E-01, -2.4608306E-01
* ELEM  2185  circular arc
 3, 161, 150
*
  1.0297160E+01, 1.3070840E+01, 6.1341000E-01, 2.4750000E+02, 4.5000000E+01
* ELEM  2186  line segment
 1, 150, 154
*
  1.0531902E+01, 1.2504123E+01, 1.0193094E-01, -2.4608306E-01
* ELEM  2187  line segment
 1, 284, 150
*
  9.9604872E+00, 1.2258040E+01, 6.7334557E-01, 0.0000000E+00
* ELEM  2188  line segment
 1, 286, 284
*
  1.0531902E+01, 1.2011957E+01, 1.0193094E-01, 2.4608306E-01
* ELEM  2189  line segment
 1, 793, 796
*
  1.4115077E+01, 5.1775818E+00, 2.4608306E-01, 1.0193094E-01
* ELEM  2190  line segment
 1, 793, 1245
*
  1.4361160E+01, 5.2795128E+00, 0.0000000E+00, -4.9923278E-01
* ELEM  2191  line segment
 1, 793, 1255
*
  1.4361160E+01, 4.7802800E+00, 0.0000000E+00, -1.7411278E-01
* ELEM  2192  line segment
 1, 795, 663
*
  1.3885033E+01, 5.7556400E+00, 4.7612722E-01, 0.0000000E+00
* ELEM  2193  line segment
 1, 663, 664
*
  1.3885033E+01, 5.7556400E+00, 4.7612722E-01, 4.7612722E-01
* ELEM  2194  line segment
 1, 663, 1246
*
  1.4361160E+01, 6.2317672E+00, 0.0000000E+00, -1.5100722E-01
* ELEM  2195  line segment
 1, 663, 1245
*
  1.4361160E+01, 6.0807600E+00, 0.0000000E+00, -3.2512000E-01
* ELEM  2196  line segment
 1, 664, 667
*
  1.4115077E+01, 6.3336982E+00, 2.4608306E-01, -1.0193094E-01
* ELEM  2197  line segment
 1, 795, 796
*
  1.4361160E+01, 5.2795128E+00, -4.7612722E-01, 4.7612722E-01
* ELEM  2198  line segment
 1, 1245, 795
*
  1.4361160E+01, 5.2795128E+00, 0.0000000E+00, 4.7612722E-01
* ELEM  2199  circular arc
 3, 543, 532
*
  1.3548360E+01, 8.1940400E+00, 6.1341000E-01, 2.4750000E+02, 4.5000000E+01
* ELEM  2200  line segment
 1, 532, 536
*
  1.3783102E+01, 7.6273231E+00, 1.0193094E-01, -2.4608306E-01
* ELEM  2201  line segment
 1, 668, 532
*
  1.3211687E+01, 7.3812400E+00, 6.7334557E-01, 0.0000000E+00
* ELEM  2202  line segment
 1, 670, 668
*
  1.3783102E+01, 7.1351569E+00, 1.0193094E-01, 2.4608306E-01
* ELEM  2203  circular arc
 3, 543, 539
*
  1.3548360E+01, 8.1940400E+00, 6.1341000E-01, 0.0000000E+00, 2.2500000E+01
* ELEM  2204  circular arc
 3, 543, 542
*
  1.3548360E+01, 8.1940400E+00, 6.1341000E-01, 2.2500000E+01, 4.5000000E+01
* ELEM  2205  circular arc
 3, 543, 540
*
  1.3548360E+01, 8.1940400E+00, 6.1341000E-01, 6.7500000E+01, 4.5000000E+01
* ELEM  2206  circular arc
 3, 543, 538
*
  1.3548360E+01, 8.1940400E+00, 6.1341000E-01, 1.1250000E+02, 4.5000000E+01
* ELEM  2207  circular arc
 3, 543, 536
*
  1.3548360E+01, 8.1940400E+00, 6.1341000E-01, 2.9250000E+02, 4.5000000E+01
* ELEM  2208  circular arc
 3, 543, 539
*
  1.3548360E+01, 8.1940400E+00, 6.1341000E-01, 3.3750000E+02, 2.2500000E+01
* ELEM  2209  circle
 2, 544, 543
*
  1.3548360E+01, 8.1940400E+00, 5.3213000E-01, 0.0000000E+00
* ELEM  2210  line segment
 1, 537, 538
*
  1.3211687E+01, 9.0068400E+00, -4.7612722E-01, -4.7612722E-01
* ELEM  2211  line segment
 1, 540, 538
*
  1.3313618E+01, 8.7607569E+00, -1.0193094E-01, 2.4608306E-01
* ELEM  2212  line segment
 1, 537, 385
*
  1.2735560E+01, 9.0068400E+00, 4.7612722E-01, 0.0000000E+00
* ELEM  2213  line segment
 1, 409, 410
*
  1.1586087E+01, 1.0632440E+01, -4.7612722E-01, -4.7612722E-01
* ELEM  2214  line segment
 1, 412, 410
*
  1.1688018E+01, 1.0386357E+01, -1.0193094E-01, 2.4608306E-01
* ELEM  2215  line segment
 1, 409, 257
*
  1.1109960E+01, 1.0632440E+01, 4.7612722E-01, 0.0000000E+00
* ELEM  2216  line segment
 1, 385, 387
*
  1.2735560E+01, 9.4829672E+00, 4.7612722E-01, -4.7612722E-01
* ELEM  2217  line segment
 1, 388, 387
*
  1.2981643E+01, 9.5848982E+00, -2.4608306E-01, -1.0193094E-01
* ELEM  2218  circular arc
 3, 397, 387
*
  1.3548360E+01, 9.8196400E+00, 6.1341000E-01, 2.0250000E+02, 4.5000000E+01
* ELEM  2219  line segment
 1, 387, 386
*
  1.3313618E+01, 9.2529231E+00, -1.0193094E-01, -2.4608306E-01
* ELEM  2220  line segment
 1, 411, 388
*
  1.2735560E+01, 1.0156313E+01, 0.0000000E+00, -6.7334557E-01
* ELEM  2221  line segment
 1, 392, 388
*
  1.2981643E+01, 1.0054382E+01, -2.4608306E-01, 1.0193094E-01
* ELEM  2222  circular arc
 3, 397, 388
*
  1.3548360E+01, 9.8196400E+00, 6.1341000E-01, 1.5750000E+02, 4.5000000E+01
* ELEM  2223  line segment
 1, 411, 414
*
  1.2489477E+01, 1.0054382E+01, 2.4608306E-01, 1.0193094E-01
* ELEM  2224  line segment
 1, 1236, 194
*
  7.3826328E+00, 1.3883640E+01, -6.7334557E-01, 0.0000000E+00
* ELEM  2225  line segment
 1, 196, 194
*
  7.2807018E+00, 1.3637557E+01, 1.0193094E-01, 2.4608306E-01
* ELEM  2226  line segment
 1, 173, 174
*
  8.3348872E+00, 1.3883640E+01, -4.7612722E-01, -4.7612722E-01
* ELEM  2227  line segment
 1, 176, 174
*
  8.4368182E+00, 1.3637557E+01, -1.0193094E-01, 2.4608306E-01
* ELEM  2228  line segment
 1, 173, 1237
*
  7.8587600E+00, 1.3883640E+01, 4.7612722E-01, 0.0000000E+00
* ELEM  2229  line segment
 1, 195, 173
*
  7.8587600E+00, 1.3883640E+01, 0.0000000E+00, -4.7612722E-01
* ELEM  2230  line segment
 1, 195, 1236
*
  7.3826328E+00, 1.3883640E+01, 4.7612722E-01, 0.0000000E+00
* ELEM  2231  line segment
 1, 195, 196
*
  7.8587600E+00, 1.3407513E+01, -4.7612722E-01, 4.7612722E-01
* ELEM  2232  line segment
 1, 175, 152
*
  9.4843600E+00, 1.3407513E+01, 0.0000000E+00, -6.7334557E-01
* ELEM  2233  line segment
 1, 156, 152
*
  9.7304431E+00, 1.3305582E+01, -2.4608306E-01, 1.0193094E-01
* ELEM  2234  circular arc
 3, 161, 152
*
  1.0297160E+01, 1.3070840E+01, 6.1341000E-01, 1.5750000E+02, 4.5000000E+01
* ELEM  2235  line segment
 1, 175, 178
*
  9.2382769E+00, 1.3305582E+01, 2.4608306E-01, 1.0193094E-01
* ELEM  2236  line segment
 1, 257, 259
*
  1.1109960E+01, 1.1108567E+01, 4.7612722E-01, -4.7612722E-01
* ELEM  2237  line segment
 1, 260, 259
*
  1.1356043E+01, 1.1210498E+01, -2.4608306E-01, -1.0193094E-01
* ELEM  2238  circular arc
 3, 269, 259
*
  1.1922760E+01, 1.1445240E+01, 6.1341000E-01, 2.0250000E+02, 4.5000000E+01
* ELEM  2239  line segment
 1, 259, 258
*
  1.1688018E+01, 1.0878523E+01, -1.0193094E-01, -2.4608306E-01
* ELEM  2240  line segment
 1, 283, 260
*
  1.1109960E+01, 1.1781913E+01, 0.0000000E+00, -6.7334557E-01
* ELEM  2241  line segment
 1, 264, 260
*
  1.1356043E+01, 1.1679982E+01, -2.4608306E-01, 1.0193094E-01
* ELEM  2242  circular arc
 3, 269, 260
*
  1.1922760E+01, 1.1445240E+01, 6.1341000E-01, 1.5750000E+02, 4.5000000E+01
* ELEM  2243  line segment
 1, 283, 286
*
  1.0863877E+01, 1.1679982E+01, 2.4608306E-01, 1.0193094E-01
* ELEM  2244  circular arc
 3, 161, 157
*
  1.0297160E+01, 1.3070840E+01, 6.1341000E-01, 0.0000000E+00, 2.2500000E+01
* ELEM  2245  circular arc
 3, 161, 160
*
  1.0297160E+01, 1.3070840E+01, 6.1341000E-01, 2.2500000E+01, 4.5000000E+01
* ELEM  2246  circular arc
 3, 161, 158
*
  1.0297160E+01, 1.3070840E+01, 6.1341000E-01, 6.7500000E+01, 4.5000000E+01
* ELEM  2247  circular arc
 3, 161, 156
*
  1.0297160E+01, 1.3070840E+01, 6.1341000E-01, 1.1250000E+02, 4.5000000E+01
* ELEM  2248  circular arc
 3, 161, 154
*
  1.0297160E+01, 1.3070840E+01, 6.1341000E-01, 2.9250000E+02, 4.5000000E+01
* ELEM  2249  circular arc
 3, 161, 157
*
  1.0297160E+01, 1.3070840E+01, 6.1341000E-01, 3.3750000E+02, 2.2500000E+01
* ELEM  2250  circle
 2, 162, 161
*
  1.0297160E+01, 1.3070840E+01, 5.3213000E-01, 0.0000000E+00
* ELEM  2251  line segment
 1, 154, 157
*
  1.0863877E+01, 1.2836098E+01, 2.4608306E-01, -1.0193094E-01
* ELEM  2252  line segment
 1, 153, 154
*
  1.0633833E+01, 1.2258040E+01, 4.7612722E-01, 4.7612722E-01
* ELEM  2253  line segment
 1, 153, 131
*
  1.1109960E+01, 1.2734167E+01, 0.0000000E+00, -4.7612722E-01
* ELEM  2254  line segment
 1, 285, 153
*
  1.0633833E+01, 1.2258040E+01, 4.7612722E-01, 0.0000000E+00
* ELEM  2255  line segment
 1, 285, 286
*
  1.1109960E+01, 1.1781913E+01, -4.7612722E-01, 4.7612722E-01
* ELEM  2256  line segment
 1, 285, 263
*
  1.1109960E+01, 1.2258040E+01, 0.0000000E+00, -4.7612722E-01
* ELEM  2257  line segment
 1, 667, 670
*
  1.4115077E+01, 6.8031818E+00, 2.4608306E-01, 1.0193094E-01
* ELEM  2258  line segment
 1, 1246, 667
*
  1.4361160E+01, 6.2317672E+00, 0.0000000E+00, 6.7334557E-01
* ELEM  2259  line segment
 1, 669, 535
*
  1.3885033E+01, 7.3812400E+00, 4.7612722E-01, 0.0000000E+00
* ELEM  2260  line segment
 1, 535, 536
*
  1.3885033E+01, 7.3812400E+00, 4.7612722E-01, 4.7612722E-01
* ELEM  2261  line segment
 1, 535, 1263
*
  1.4361160E+01, 7.8573672E+00, 0.0000000E+00, -4.7612722E-01
* ELEM  2262  line segment
 1, 536, 539
*
  1.4115077E+01, 7.9592982E+00, 2.4608306E-01, -1.0193094E-01
* ELEM  2263  line segment
 1, 669, 670
*
  1.4361160E+01, 6.9051128E+00, -4.7612722E-01, 4.7612722E-01
* ELEM  2264  line segment
 1, 669, 1246
*
  1.4361160E+01, 7.3812400E+00, 0.0000000E+00, -4.7612722E-01
* ELEM  2265  circular arc
 3, 397, 386
*
  1.3548360E+01, 9.8196400E+00, 6.1341000E-01, 2.4750000E+02, 4.5000000E+01
* ELEM  2266  line segment
 1, 386, 390
*
  1.3783102E+01, 9.2529231E+00, 1.0193094E-01, -2.4608306E-01
* ELEM  2267  line segment
 1, 540, 386
*
  1.3211687E+01, 9.0068400E+00, 6.7334557E-01, 0.0000000E+00
* ELEM  2268  line segment
 1, 542, 540
*
  1.3783102E+01, 8.7607569E+00, 1.0193094E-01, 2.4608306E-01
* ELEM  2269  circular arc
 3, 269, 258
*
  1.1922760E+01, 1.1445240E+01, 6.1341000E-01, 2.4750000E+02, 4.5000000E+01
* ELEM  2270  line segment
 1, 258, 262
*
  1.2157502E+01, 1.0878523E+01, 1.0193094E-01, -2.4608306E-01
* ELEM  2271  line segment
 1, 412, 258
*
  1.1586087E+01, 1.0632440E+01, 6.7334557E-01, 0.0000000E+00
* ELEM  2272  line segment
 1, 414, 412
*
  1.2157502E+01, 1.0386357E+01, 1.0193094E-01, 2.4608306E-01
* ELEM  2273  circular arc
 3, 397, 393
*
  1.3548360E+01, 9.8196400E+00, 6.1341000E-01, 0.0000000E+00, 2.2500000E+01
* ELEM  2274  circular arc
 3, 397, 396
*
  1.3548360E+01, 9.8196400E+00, 6.1341000E-01, 2.2500000E+01, 4.5000000E+01
* ELEM  2275  circular arc
 3, 397, 394
*
  1.3548360E+01, 9.8196400E+00, 6.1341000E-01, 6.7500000E+01, 4.5000000E+01
* ELEM  2276  circular arc
 3, 397, 392
*
  1.3548360E+01, 9.8196400E+00, 6.1341000E-01, 1.1250000E+02, 4.5000000E+01
* ELEM  2277  circular arc
 3, 397, 390
*
  1.3548360E+01, 9.8196400E+00, 6.1341000E-01, 2.9250000E+02, 4.5000000E+01
* ELEM  2278  circular arc
 3, 397, 393
*
  1.3548360E+01, 9.8196400E+00, 6.1341000E-01, 3.3750000E+02, 2.2500000E+01
* ELEM  2279  circle
 2, 398, 397
*
  1.3548360E+01, 9.8196400E+00, 5.3213000E-01, 0.0000000E+00
* ELEM  2280  line segment
 1, 391, 392
*
  1.3211687E+01, 1.0632440E+01, -4.7612722E-01, -4.7612722E-01
* ELEM  2281  line segment
 1, 394, 392
*
  1.3313618E+01, 1.0386357E+01, -1.0193094E-01, 2.4608306E-01
* ELEM  2282  line segment
 1, 413, 414
*
  1.2735560E+01, 1.0156313E+01, -4.7612722E-01, 4.7612722E-01
* ELEM  2283  line segment
 1, 413, 261
*
  1.2259433E+01, 1.0632440E+01, 4.7612722E-01, 0.0000000E+00
* ELEM  2284  line segment
 1, 413, 391
*
  1.2735560E+01, 1.0632440E+01, 0.0000000E+00, -4.7612722E-01
* ELEM  2285  line segment
 1, 391, 239
*
  1.2735560E+01, 1.0632440E+01, 4.7612722E-01, 0.0000000E+00
* ELEM  2286  line segment
 1, 1237, 176
*
  9.0082328E+00, 1.3883640E+01, -6.7334557E-01, 0.0000000E+00
* ELEM  2287  line segment
 1, 178, 176
*
  8.9063018E+00, 1.3637557E+01, 1.0193094E-01, 2.4608306E-01
* ELEM  2288  line segment
 1, 155, 156
*
  9.9604872E+00, 1.3883640E+01, -4.7612722E-01, -4.7612722E-01
* ELEM  2289  line segment
 1, 158, 156
*
  1.0062418E+01, 1.3637557E+01, -1.0193094E-01, 2.4608306E-01
* ELEM  2290  line segment
 1, 177, 1237
*
  9.0082328E+00, 1.3883640E+01, 1.5100722E-01, 0.0000000E+00
* ELEM  2291  line segment
 1, 177, 1265
*
  9.1592400E+00, 1.3883640E+01, 3.2512000E-01, 0.0000000E+00
* ELEM  2292  line segment
 1, 177, 155
*
  9.4843600E+00, 1.3883640E+01, 0.0000000E+00, -4.7612722E-01
* ELEM  2293  line segment
 1, 177, 178
*
  9.4843600E+00, 1.3407513E+01, -4.7612722E-01, 4.7612722E-01
* ELEM  2294  line segment
 1, 1265, 155
*
  9.9604872E+00, 1.3883640E+01, -4.7612722E-01, 0.0000000E+00
* ELEM  2295  circular arc
 3, 269, 265
*
  1.1922760E+01, 1.1445240E+01, 6.1341000E-01, 0.0000000E+00, 2.2500000E+01
* ELEM  2296  circular arc
 3, 269, 268
*
  1.1922760E+01, 1.1445240E+01, 6.1341000E-01, 2.2500000E+01, 4.5000000E+01
* ELEM  2297  circular arc
 3, 269, 266
*
  1.1922760E+01, 1.1445240E+01, 6.1341000E-01, 6.7500000E+01, 4.5000000E+01
* ELEM  2298  circular arc
 3, 269, 264
*
  1.1922760E+01, 1.1445240E+01, 6.1341000E-01, 1.1250000E+02, 4.5000000E+01
* ELEM  2299  circular arc
 3, 269, 262
*
  1.1922760E+01, 1.1445240E+01, 6.1341000E-01, 2.9250000E+02, 4.5000000E+01
* ELEM  2300  circular arc
 3, 269, 265
*
  1.1922760E+01, 1.1445240E+01, 6.1341000E-01, 3.3750000E+02, 2.2500000E+01
* ELEM  2301  circle
 2, 270, 269
*
  1.1922760E+01, 1.1445240E+01, 5.3213000E-01, 0.0000000E+00
* ELEM  2302  line segment
 1, 263, 264
*
  1.1586087E+01, 1.2258040E+01, -4.7612722E-01, -4.7612722E-01
* ELEM  2303  line segment
 1, 266, 264
*
  1.1688018E+01, 1.2011957E+01, -1.0193094E-01, 2.4608306E-01
* ELEM  2304  line segment
 1, 263, 131
*
  1.1109960E+01, 1.2258040E+01, 4.7612722E-01, 0.0000000E+00
* ELEM  2305  line segment
 1, 131, 133
*
  1.1109960E+01, 1.2734167E+01, 4.7612722E-01, -4.7612722E-01
* ELEM  2306  line segment
 1, 134, 133
*
  1.1356043E+01, 1.2836098E+01, -2.4608306E-01, -1.0193094E-01
* ELEM  2307  circular arc
 3, 143, 133
*
  1.1922760E+01, 1.3070840E+01, 6.1341000E-01, 2.0250000E+02, 4.5000000E+01
* ELEM  2308  line segment
 1, 133, 132
*
  1.1688018E+01, 1.2504123E+01, -1.0193094E-01, -2.4608306E-01
* ELEM  2309  line segment
 1, 157, 134
*
  1.1109960E+01, 1.3407513E+01, 0.0000000E+00, -6.7334557E-01
* ELEM  2310  line segment
 1, 138, 134
*
  1.1356043E+01, 1.3305582E+01, -2.4608306E-01, 1.0193094E-01
* ELEM  2311  circular arc
 3, 143, 134
*
  1.1922760E+01, 1.3070840E+01, 6.1341000E-01, 1.5750000E+02, 4.5000000E+01
* ELEM  2312  line segment
 1, 157, 160
*
  1.0863877E+01, 1.3305582E+01, 2.4608306E-01, 1.0193094E-01
* ELEM  2313  line segment
 1, 539, 542
*
  1.4115077E+01, 8.4287818E+00, 2.4608306E-01, 1.0193094E-01
* ELEM  2314  line segment
 1, 1263, 539
*
  1.4361160E+01, 7.8573672E+00, 0.0000000E+00, 6.7334557E-01
* ELEM  2315  line segment
 1, 390, 393
*
  1.4115077E+01, 9.5848982E+00, 2.4608306E-01, -1.0193094E-01
* ELEM  2316  line segment
 1, 389, 390
*
  1.3885033E+01, 9.0068400E+00, 4.7612722E-01, 4.7612722E-01
* ELEM  2317  line segment
 1, 1247, 389
*
  1.4361160E+01, 9.0068400E+00, 0.0000000E+00, 4.7612722E-01
* ELEM  2318  line segment
 1, 541, 389
*
  1.3885033E+01, 9.0068400E+00, 4.7612722E-01, 0.0000000E+00
* ELEM  2319  line segment
 1, 541, 542
*
  1.4361160E+01, 8.5307128E+00, -4.7612722E-01, 4.7612722E-01
* ELEM  2320  line segment
 1, 541, 1247
*
  1.4361160E+01, 9.0068400E+00, 0.0000000E+00, -3.2512000E-01
* ELEM  2321  line segment
 1, 541, 1263
*
  1.4361160E+01, 8.6817200E+00, 0.0000000E+00, -1.5100722E-01
* ELEM  2322  line segment
 1, 262, 265
*
  1.2489477E+01, 1.1210498E+01, 2.4608306E-01, -1.0193094E-01
* ELEM  2323  line segment
 1, 261, 262
*
  1.2259433E+01, 1.0632440E+01, 4.7612722E-01, 4.7612722E-01
* ELEM  2324  line segment
 1, 261, 239
*
  1.2735560E+01, 1.1108567E+01, 0.0000000E+00, -4.7612722E-01
* ELEM  2325  line segment
 1, 239, 241
*
  1.2735560E+01, 1.1108567E+01, 4.7612722E-01, -4.7612722E-01
* ELEM  2326  line segment
 1, 242, 241
*
  1.2981643E+01, 1.1210498E+01, -2.4608306E-01, -1.0193094E-01
* ELEM  2327  circular arc
 3, 251, 241
*
  1.3548360E+01, 1.1445240E+01, 6.1341000E-01, 2.0250000E+02, 4.5000000E+01
* ELEM  2328  line segment
 1, 241, 240
*
  1.3313618E+01, 1.0878523E+01, -1.0193094E-01, -2.4608306E-01
* ELEM  2329  circular arc
 3, 251, 240
*
  1.3548360E+01, 1.1445240E+01, 6.1341000E-01, 2.4750000E+02, 4.5000000E+01
* ELEM  2330  line segment
 1, 240, 244
*
  1.3783102E+01, 1.0878523E+01, 1.0193094E-01, -2.4608306E-01
* ELEM  2331  line segment
 1, 394, 240
*
  1.3211687E+01, 1.0632440E+01, 6.7334557E-01, 0.0000000E+00
* ELEM  2332  line segment
 1, 396, 394
*
  1.3783102E+01, 1.0386357E+01, 1.0193094E-01, 2.4608306E-01
* ELEM  2333  line segment
 1, 158, 1265
*
  9.9604872E+00, 1.3883640E+01, 4.9923278E-01, 0.0000000E+00
* ELEM  2334  line segment
 1, 158, 1238
*
  1.0459720E+01, 1.3883640E+01, 1.7411278E-01, 0.0000000E+00
* ELEM  2335  line segment
 1, 160, 158
*
  1.0531902E+01, 1.3637557E+01, 1.0193094E-01, 2.4608306E-01
* ELEM  2336  circular arc
 3, 143, 132
*
  1.1922760E+01, 1.3070840E+01, 6.1341000E-01, 2.4750000E+02, 4.5000000E+01
* ELEM  2337  line segment
 1, 132, 136
*
  1.2157502E+01, 1.2504123E+01, 1.0193094E-01, -2.4608306E-01
* ELEM  2338  line segment
 1, 266, 132
*
  1.1586087E+01, 1.2258040E+01, 6.7334557E-01, 0.0000000E+00
* ELEM  2339  line segment
 1, 268, 266
*
  1.2157502E+01, 1.2011957E+01, 1.0193094E-01, 2.4608306E-01
* ELEM  2340  circular arc
 3, 143, 139
*
  1.1922760E+01, 1.3070840E+01, 6.1341000E-01, 0.0000000E+00, 2.2500000E+01
* ELEM  2341  circular arc
 3, 143, 142
*
  1.1922760E+01, 1.3070840E+01, 6.1341000E-01, 2.2500000E+01, 4.5000000E+01
* ELEM  2342  circular arc
 3, 143, 140
*
  1.1922760E+01, 1.3070840E+01, 6.1341000E-01, 6.7500000E+01, 4.5000000E+01
* ELEM  2343  circular arc
 3, 143, 138
*
  1.1922760E+01, 1.3070840E+01, 6.1341000E-01, 1.1250000E+02, 4.5000000E+01
* ELEM  2344  circular arc
 3, 143, 136
*
  1.1922760E+01, 1.3070840E+01, 6.1341000E-01, 2.9250000E+02, 4.5000000E+01
* ELEM  2345  circular arc
 3, 143, 139
*
  1.1922760E+01, 1.3070840E+01, 6.1341000E-01, 3.3750000E+02, 2.2500000E+01
* ELEM  2346  circle
 2, 144, 143
*
  1.1922760E+01, 1.3070840E+01, 5.3213000E-01, 0.0000000E+00
* ELEM  2347  line segment
 1, 137, 138
*
  1.1586087E+01, 1.3883640E+01, -4.7612722E-01, -4.7612722E-01
* ELEM  2348  line segment
 1, 140, 138
*
  1.1688018E+01, 1.3637557E+01, -1.0193094E-01, 2.4608306E-01
* ELEM  2349  line segment
 1, 159, 160
*
  1.1109960E+01, 1.3407513E+01, -4.7612722E-01, 4.7612722E-01
* ELEM  2350  line segment
 1, 1238, 159
*
  1.1109960E+01, 1.3883640E+01, -4.7612722E-01, 0.0000000E+00
* ELEM  2351  line segment
 1, 159, 137
*
  1.1109960E+01, 1.3883640E+01, 0.0000000E+00, -4.7612722E-01
* ELEM  2352  line segment
 1, 1238, 137
*
  1.1586087E+01, 1.3883640E+01, -4.7612722E-01, 0.0000000E+00
* ELEM  2353  line segment
 1, 393, 396
*
  1.4115077E+01, 1.0054382E+01, 2.4608306E-01, 1.0193094E-01
* ELEM  2354  line segment
 1, 393, 1256
*
  1.4361160E+01, 1.0156313E+01, 0.0000000E+00, -1.7411278E-01
* ELEM  2355  line segment
 1, 393, 1247
*
  1.4361160E+01, 9.9822000E+00, 0.0000000E+00, -4.9923278E-01
* ELEM  2356  line segment
 1, 265, 242
*
  1.2735560E+01, 1.1781913E+01, 0.0000000E+00, -6.7334557E-01
* ELEM  2357  line segment
 1, 246, 242
*
  1.2981643E+01, 1.1679982E+01, -2.4608306E-01, 1.0193094E-01
* ELEM  2358  circular arc
 3, 251, 242
*
  1.3548360E+01, 1.1445240E+01, 6.1341000E-01, 1.5750000E+02, 4.5000000E+01
* ELEM  2359  line segment
 1, 265, 268
*
  1.2489477E+01, 1.1679982E+01, 2.4608306E-01, 1.0193094E-01
* ELEM  2360  circular arc
 3, 251, 247
*
  1.3548360E+01, 1.1445240E+01, 6.1341000E-01, 0.0000000E+00, 2.2500000E+01
* ELEM  2361  circular arc
 3, 251, 250
*
  1.3548360E+01, 1.1445240E+01, 6.1341000E-01, 2.2500000E+01, 4.5000000E+01
* ELEM  2362  circular arc
 3, 251, 248
*
  1.3548360E+01, 1.1445240E+01, 6.1341000E-01, 6.7500000E+01, 4.5000000E+01
* ELEM  2363  circular arc
 3, 251, 246
*
  1.3548360E+01, 1.1445240E+01, 6.1341000E-01, 1.1250000E+02, 4.5000000E+01
* ELEM  2364  circular arc
 3, 251, 244
*
  1.3548360E+01, 1.1445240E+01, 6.1341000E-01, 2.9250000E+02, 4.5000000E+01
* ELEM  2365  circular arc
 3, 251, 247
*
  1.3548360E+01, 1.1445240E+01, 6.1341000E-01, 3.3750000E+02, 2.2500000E+01
* ELEM  2366  circle
 2, 252, 251
*
  1.3548360E+01, 1.1445240E+01, 5.3213000E-01, 0.0000000E+00
* ELEM  2367  line segment
 1, 244, 247
*
  1.4115077E+01, 1.1210498E+01, 2.4608306E-01, -1.0193094E-01
* ELEM  2368  line segment
 1, 243, 244
*
  1.3885033E+01, 1.0632440E+01, 4.7612722E-01, 4.7612722E-01
* ELEM  2369  line segment
 1, 1256, 243
*
  1.4361160E+01, 1.0632440E+01, 0.0000000E+00, 4.7612722E-01
* ELEM  2370  line segment
 1, 395, 243
*
  1.3885033E+01, 1.0632440E+01, 4.7612722E-01, 0.0000000E+00
* ELEM  2371  line segment
 1, 395, 396
*
  1.4361160E+01, 1.0156313E+01, -4.7612722E-01, 4.7612722E-01
* ELEM  2372  line segment
 1, 1256, 395
*
  1.4361160E+01, 1.0156313E+01, 0.0000000E+00, 4.7612722E-01
* ELEM  2373  line segment
 1, 136, 139
*
  1.2489477E+01, 1.2836098E+01, 2.4608306E-01, -1.0193094E-01
* ELEM  2374  line segment
 1, 135, 136
*
  1.2259433E+01, 1.2258040E+01, 4.7612722E-01, 4.7612722E-01
* ELEM  2375  line segment
 1, 135, 113
*
  1.2735560E+01, 1.2734167E+01, 0.0000000E+00, -4.7612722E-01
* ELEM  2376  line segment
 1, 267, 135
*
  1.2259433E+01, 1.2258040E+01, 4.7612722E-01, 0.0000000E+00
* ELEM  2377  line segment
 1, 267, 268
*
  1.2735560E+01, 1.1781913E+01, -4.7612722E-01, 4.7612722E-01
* ELEM  2378  line segment
 1, 267, 245
*
  1.2735560E+01, 1.2258040E+01, 0.0000000E+00, -4.7612722E-01
* ELEM  2379  line segment
 1, 140, 1238
*
  1.1586087E+01, 1.3883640E+01, 1.7411278E-01, 0.0000000E+00
* ELEM  2380  line segment
 1, 140, 1244
*
  1.1760200E+01, 1.3883640E+01, 4.9923278E-01, 0.0000000E+00
* ELEM  2381  line segment
 1, 142, 140
*
  1.2157502E+01, 1.3637557E+01, 1.0193094E-01, 2.4608306E-01
* ELEM  2382  line segment
 1, 245, 246
*
  1.3211687E+01, 1.2258040E+01, -4.7612722E-01, -4.7612722E-01
* ELEM  2383  line segment
 1, 248, 246
*
  1.3313618E+01, 1.2011957E+01, -1.0193094E-01, 2.4608306E-01
* ELEM  2384  line segment
 1, 245, 113
*
  1.2735560E+01, 1.2258040E+01, 4.7612722E-01, 0.0000000E+00
* ELEM  2385  line segment
 1, 247, 250
*
  1.4115077E+01, 1.1679982E+01, 2.4608306E-01, 1.0193094E-01
* ELEM  2386  line segment
 1, 247, 1248
*
  1.4361160E+01, 1.1781913E+01, 0.0000000E+00, -4.9923278E-01
* ELEM  2387  line segment
 1, 247, 1256
*
  1.4361160E+01, 1.1282680E+01, 0.0000000E+00, -1.7411278E-01
* ELEM  2388  line segment
 1, 113, 115
*
  1.2735560E+01, 1.2734167E+01, 4.7612722E-01, -4.7612722E-01
* ELEM  2389  line segment
 1, 116, 115
*
  1.2981643E+01, 1.2836098E+01, -2.4608306E-01, -1.0193094E-01
* ELEM  2390  circular arc
 3, 125, 115
*
  1.3548360E+01, 1.3070840E+01, 6.1341000E-01, 2.0250000E+02, 4.5000000E+01
* ELEM  2391  line segment
 1, 115, 114
*
  1.3313618E+01, 1.2504123E+01, -1.0193094E-01, -2.4608306E-01
* ELEM  2392  line segment
 1, 139, 116
*
  1.2735560E+01, 1.3407513E+01, 0.0000000E+00, -6.7334557E-01
* ELEM  2393  line segment
 1, 120, 116
*
  1.2981643E+01, 1.3305582E+01, -2.4608306E-01, 1.0193094E-01
* ELEM  2394  circular arc
 3, 125, 116
*
  1.3548360E+01, 1.3070840E+01, 6.1341000E-01, 1.5750000E+02, 4.5000000E+01
* ELEM  2395  line segment
 1, 139, 142
*
  1.2489477E+01, 1.3305582E+01, 2.4608306E-01, 1.0193094E-01
* ELEM  2396  circular arc
 3, 125, 114
*
  1.3548360E+01, 1.3070840E+01, 6.1341000E-01, 2.4750000E+02, 4.5000000E+01
* ELEM  2397  line segment
 1, 114, 118
*
  1.3783102E+01, 1.2504123E+01, 1.0193094E-01, -2.4608306E-01
* ELEM  2398  line segment
 1, 248, 114
*
  1.3211687E+01, 1.2258040E+01, 6.7334557E-01, 0.0000000E+00
* ELEM  2399  line segment
 1, 250, 248
*
  1.3783102E+01, 1.2011957E+01, 1.0193094E-01, 2.4608306E-01
* ELEM  2400  circular arc
 3, 125, 121
*
  1.3548360E+01, 1.3070840E+01, 6.1341000E-01, 0.0000000E+00, 2.2500000E+01
* ELEM  2401  circular arc
 3, 125, 124
*
  1.3548360E+01, 1.3070840E+01, 6.1341000E-01, 2.2500000E+01, 4.5000000E+01
* ELEM  2402  circular arc
 3, 125, 122
*
  1.3548360E+01, 1.3070840E+01, 6.1341000E-01, 6.7500000E+01, 4.5000000E+01
* ELEM  2403  circular arc
 3, 125, 120
*
  1.3548360E+01, 1.3070840E+01, 6.1341000E-01, 1.1250000E+02, 4.5000000E+01
* ELEM  2404  circular arc
 3, 125, 118
*
  1.3548360E+01, 1.3070840E+01, 6.1341000E-01, 2.9250000E+02, 4.5000000E+01
* ELEM  2405  circular arc
 3, 125, 121
*
  1.3548360E+01, 1.3070840E+01, 6.1341000E-01, 3.3750000E+02, 2.2500000E+01
* ELEM  2406  circle
 2, 126, 125
*
  1.3548360E+01, 1.3070840E+01, 5.3213000E-01, 0.0000000E+00
* ELEM  2407  line segment
 1, 119, 120
*
  1.3211687E+01, 1.3883640E+01, -4.7612722E-01, -4.7612722E-01
* ELEM  2408  line segment
 1, 122, 120
*
  1.3313618E+01, 1.3637557E+01, -1.0193094E-01, 2.4608306E-01
* ELEM  2409  line segment
 1, 119, 1244
*
  1.2735560E+01, 1.3883640E+01, 3.2512000E-01, 0.0000000E+00
* ELEM  2410  line segment
 1, 119, 1352
*
  1.3060680E+01, 1.3883640E+01, 1.5100722E-01, 0.0000000E+00
* ELEM  2411  line segment
 1, 141, 119
*
  1.2735560E+01, 1.3883640E+01, 0.0000000E+00, -4.7612722E-01
* ELEM  2412  line segment
 1, 141, 142
*
  1.2735560E+01, 1.3407513E+01, -4.7612722E-01, 4.7612722E-01
* ELEM  2413  line segment
 1, 1244, 141
*
  1.2735560E+01, 1.3883640E+01, -4.7612722E-01, 0.0000000E+00
* ELEM  2414  line segment
 1, 249, 117
*
  1.3885033E+01, 1.2258040E+01, 4.7612722E-01, 0.0000000E+00
* ELEM  2415  line segment
 1, 117, 118
*
  1.3885033E+01, 1.2258040E+01, 4.7612722E-01, 4.7612722E-01
* ELEM  2416  line segment
 1, 117, 1353
*
  1.4361160E+01, 1.2734167E+01, 0.0000000E+00, -1.5100722E-01
* ELEM  2417  line segment
 1, 117, 1248
*
  1.4361160E+01, 1.2583160E+01, 0.0000000E+00, -3.2512000E-01
* ELEM  2418  line segment
 1, 118, 121
*
  1.4115077E+01, 1.2836098E+01, 2.4608306E-01, -1.0193094E-01
* ELEM  2419  line segment
 1, 249, 250
*
  1.4361160E+01, 1.1781913E+01, -4.7612722E-01, 4.7612722E-01
* ELEM  2420  line segment
 1, 1248, 249
*
  1.4361160E+01, 1.1781913E+01, 0.0000000E+00, 4.7612722E-01
* ELEM  2421  line segment
 1, 1352, 122
*
  1.3885033E+01, 1.3883640E+01, -6.7334557E-01, 0.0000000E+00
* ELEM  2422  line segment
 1, 124, 122
*
  1.3783102E+01, 1.3637557E+01, 1.0193094E-01, 2.4608306E-01
* ELEM  2423  line segment
 1, 121, 124
*
  1.4115077E+01, 1.3305582E+01, 2.4608306E-01, 1.0193094E-01
* ELEM  2424  line segment
 1, 1353, 121
*
  1.4361160E+01, 1.2734167E+01, 0.0000000E+00, 6.7334557E-01
* ELEM  2425  line segment
 1, 123, 124
*
  1.4361160E+01, 1.3407513E+01, -4.7612722E-01, 4.7612722E-01
* ELEM  2426  line segment
 1, 123, 1352
*
  1.3885033E+01, 1.3883640E+01, 3.0073035E-01, 0.0000000E+00
* ELEM  2427  line segment
 1, 123, 1353
*
  1.4361160E+01, 1.3708243E+01, 0.0000000E+00, -3.0073035E-01
* ELEM  2428  circle
 2, 35, 34
*
  2.1691600E+00, 1.3070840E+01, 5.2070000E-01, 0.0000000E+00
* ELEM  2429  circle
 2, 36, 35
*
  2.1691600E+00, 1.3070840E+01, 5.0751558E-01, 0.0000000E+00
* ELEM  2430  circle
 2, 37, 36
*
  2.1691600E+00, 1.3070840E+01, 4.6572824E-01, 0.0000000E+00
* ELEM  2431  circle
 2, 38, 37
*
  2.1691600E+00, 1.3070840E+01, 3.6819050E-01, 0.0000000E+00
* ELEM  2432  circle
 2, 53, 52
*
  5.4203600E+00, 3.3172400E+00, 5.2070000E-01, 0.0000000E+00
* ELEM  2433  circle
 2, 54, 53
*
  5.4203600E+00, 3.3172400E+00, 5.0751558E-01, 0.0000000E+00
* ELEM  2434  circle
 2, 55, 54
*
  5.4203600E+00, 3.3172400E+00, 4.6572824E-01, 0.0000000E+00
* ELEM  2435  circle
 2, 56, 55
*
  5.4203600E+00, 3.3172400E+00, 4.0333249E-01, 0.0000000E+00
* ELEM  2436  circle
 2, 57, 56
*
  5.4203600E+00, 3.3172400E+00, 3.2931960E-01, 0.0000000E+00
* ELEM  2437  circle
 2, 58, 57
*
  5.4203600E+00, 3.3172400E+00, 2.3286412E-01, 0.0000000E+00
* ELEM  2438  circle
 2, 73, 72
*
  5.4203600E+00, 1.6916400E+00, 5.2070000E-01, 0.0000000E+00
* ELEM  2439  circle
 2, 74, 73
*
  5.4203600E+00, 1.6916400E+00, 5.0751558E-01, 0.0000000E+00
* ELEM  2440  circle
 2, 75, 74
*
  5.4203600E+00, 1.6916400E+00, 4.6572824E-01, 0.0000000E+00
* ELEM  2441  circle
 2, 76, 75
*
  5.4203600E+00, 1.6916400E+00, 3.6819050E-01, 0.0000000E+00
* ELEM  2442  circle
 2, 91, 90
*
  3.7947600E+00, 1.6916400E+00, 5.2070000E-01, 0.0000000E+00
* ELEM  2443  circle
 2, 92, 91
*
  3.7947600E+00, 1.6916400E+00, 5.0751558E-01, 0.0000000E+00
* ELEM  2444  circle
 2, 93, 92
*
  3.7947600E+00, 1.6916400E+00, 4.6572824E-01, 0.0000000E+00
* ELEM  2445  circle
 2, 94, 93
*
  3.7947600E+00, 1.6916400E+00, 3.6819050E-01, 0.0000000E+00
* ELEM  2446  circle
 2, 109, 108
*
  2.1691600E+00, 1.6916400E+00, 5.2070000E-01, 0.0000000E+00
* ELEM  2447  circle
 2, 110, 109
*
  2.1691600E+00, 1.6916400E+00, 5.0751558E-01, 0.0000000E+00
* ELEM  2448  circle
 2, 111, 110
*
  2.1691600E+00, 1.6916400E+00, 4.6572824E-01, 0.0000000E+00
* ELEM  2449  circle
 2, 112, 111
*
  2.1691600E+00, 1.6916400E+00, 3.6819050E-01, 0.0000000E+00
* ELEM  2450  circle
 2, 127, 126
*
  1.3548360E+01, 1.3070840E+01, 5.2070000E-01, 0.0000000E+00
* ELEM  2451  circle
 2, 128, 127
*
  1.3548360E+01, 1.3070840E+01, 5.0751558E-01, 0.0000000E+00
* ELEM  2452  circle
 2, 129, 128
*
  1.3548360E+01, 1.3070840E+01, 4.6572824E-01, 0.0000000E+00
* ELEM  2453  circle
 2, 130, 129
*
  1.3548360E+01, 1.3070840E+01, 3.6819050E-01, 0.0000000E+00
* ELEM  2454  circle
 2, 145, 144
*
  1.1922760E+01, 1.3070840E+01, 5.2070000E-01, 0.0000000E+00
* ELEM  2455  circle
 2, 146, 145
*
  1.1922760E+01, 1.3070840E+01, 5.0751558E-01, 0.0000000E+00
* ELEM  2456  circle
 2, 147, 146
*
  1.1922760E+01, 1.3070840E+01, 4.6572824E-01, 0.0000000E+00
* ELEM  2457  circle
 2, 148, 147
*
  1.1922760E+01, 1.3070840E+01, 3.6819050E-01, 0.0000000E+00
* ELEM  2458  circle
 2, 163, 162
*
  1.0297160E+01, 1.3070840E+01, 5.2070000E-01, 0.0000000E+00
* ELEM  2459  circle
 2, 164, 163
*
  1.0297160E+01, 1.3070840E+01, 5.0751558E-01, 0.0000000E+00
* ELEM  2460  circle
 2, 165, 164
*
  1.0297160E+01, 1.3070840E+01, 4.6572824E-01, 0.0000000E+00
* ELEM  2461  circle
 2, 166, 165
*
  1.0297160E+01, 1.3070840E+01, 3.6819050E-01, 0.0000000E+00
* ELEM  2462  circle
 2, 181, 180
*
  8.6715600E+00, 1.3070840E+01, 5.2070000E-01, 0.0000000E+00
* ELEM  2463  circle
 2, 182, 181
*
  8.6715600E+00, 1.3070840E+01, 5.0751558E-01, 0.0000000E+00
* ELEM  2464  circle
 2, 183, 182
*
  8.6715600E+00, 1.3070840E+01, 4.6572824E-01, 0.0000000E+00
* ELEM  2465  circle
 2, 184, 183
*
  8.6715600E+00, 1.3070840E+01, 3.6819050E-01, 0.0000000E+00
* ELEM  2466  circle
 2, 199, 198
*
  7.0459600E+00, 1.3070840E+01, 5.2070000E-01, 0.0000000E+00
* ELEM  2467  circle
 2, 200, 199
*
  7.0459600E+00, 1.3070840E+01, 5.0751558E-01, 0.0000000E+00
* ELEM  2468  circle
 2, 201, 200
*
  7.0459600E+00, 1.3070840E+01, 4.6572824E-01, 0.0000000E+00
* ELEM  2469  circle
 2, 202, 201
*
  7.0459600E+00, 1.3070840E+01, 3.6819050E-01, 0.0000000E+00
* ELEM  2470  circle
 2, 217, 216
*
  5.4203600E+00, 1.3070840E+01, 5.2070000E-01, 0.0000000E+00
* ELEM  2471  circle
 2, 218, 217
*
  5.4203600E+00, 1.3070840E+01, 5.0751558E-01, 0.0000000E+00
* ELEM  2472  circle
 2, 219, 218
*
  5.4203600E+00, 1.3070840E+01, 4.6572824E-01, 0.0000000E+00
* ELEM  2473  circle
 2, 220, 219
*
  5.4203600E+00, 1.3070840E+01, 3.6819050E-01, 0.0000000E+00
* ELEM  2474  circle
 2, 235, 234
*
  3.7947600E+00, 1.3070840E+01, 5.2070000E-01, 0.0000000E+00
* ELEM  2475  circle
 2, 236, 235
*
  3.7947600E+00, 1.3070840E+01, 5.0751558E-01, 0.0000000E+00
* ELEM  2476  circle
 2, 237, 236
*
  3.7947600E+00, 1.3070840E+01, 4.6572824E-01, 0.0000000E+00
* ELEM  2477  circle
 2, 238, 237
*
  3.7947600E+00, 1.3070840E+01, 3.6819050E-01, 0.0000000E+00
* ELEM  2478  circle
 2, 253, 252
*
  1.3548360E+01, 1.1445240E+01, 5.2070000E-01, 0.0000000E+00
* ELEM  2479  circle
 2, 254, 253
*
  1.3548360E+01, 1.1445240E+01, 5.0751558E-01, 0.0000000E+00
* ELEM  2480  circle
 2, 255, 254
*
  1.3548360E+01, 1.1445240E+01, 4.6572824E-01, 0.0000000E+00
* ELEM  2481  circle
 2, 256, 255
*
  1.3548360E+01, 1.1445240E+01, 3.6819050E-01, 0.0000000E+00
* ELEM  2482  circle
 2, 271, 270
*
  1.1922760E+01, 1.1445240E+01, 5.2070000E-01, 0.0000000E+00
* ELEM  2483  circle
 2, 272, 271
*
  1.1922760E+01, 1.1445240E+01, 5.0751558E-01, 0.0000000E+00
* ELEM  2484  circle
 2, 273, 272
*
  1.1922760E+01, 1.1445240E+01, 4.6572824E-01, 0.0000000E+00
* ELEM  2485  circle
 2, 274, 273
*
  1.1922760E+01, 1.1445240E+01, 3.6819050E-01, 0.0000000E+00
* ELEM  2486  circle
 2, 289, 288
*
  1.0297160E+01, 1.1445240E+01, 5.2070000E-01, 0.0000000E+00
* ELEM  2487  circle
 2, 290, 289
*
  1.0297160E+01, 1.1445240E+01, 5.0751558E-01, 0.0000000E+00
* ELEM  2488  circle
 2, 291, 290
*
  1.0297160E+01, 1.1445240E+01, 4.6572824E-01, 0.0000000E+00
* ELEM  2489  circle
 2, 292, 291
*
  1.0297160E+01, 1.1445240E+01, 3.6819050E-01, 0.0000000E+00
* ELEM  2490  circle
 2, 307, 306
*
  8.6715600E+00, 1.1445240E+01, 5.2070000E-01, 0.0000000E+00
* ELEM  2491  circle
 2, 308, 307
*
  8.6715600E+00, 1.1445240E+01, 5.0751558E-01, 0.0000000E+00
* ELEM  2492  circle
 2, 309, 308
*
  8.6715600E+00, 1.1445240E+01, 4.6572824E-01, 0.0000000E+00
* ELEM  2493  circle
 2, 310, 309
*
  8.6715600E+00, 1.1445240E+01, 3.6819050E-01, 0.0000000E+00
* ELEM  2494  circle
 2, 325, 324
*
  7.0459600E+00, 1.1445240E+01, 5.2070000E-01, 0.0000000E+00
* ELEM  2495  circle
 2, 326, 325
*
  7.0459600E+00, 1.1445240E+01, 5.0751558E-01, 0.0000000E+00
* ELEM  2496  circle
 2, 327, 326
*
  7.0459600E+00, 1.1445240E+01, 4.6572824E-01, 0.0000000E+00
* ELEM  2497  circle
 2, 328, 327
*
  7.0459600E+00, 1.1445240E+01, 4.0333249E-01, 0.0000000E+00
* ELEM  2498  circle
 2, 329, 328
*
  7.0459600E+00, 1.1445240E+01, 3.2931960E-01, 0.0000000E+00
* ELEM  2499  circle
 2, 330, 329
*
  7.0459600E+00, 1.1445240E+01, 2.3286412E-01, 0.0000000E+00
* ELEM  2500  circle
 2, 345, 344
*
  5.4203600E+00, 1.1445240E+01, 5.2070000E-01, 0.0000000E+00
* ELEM  2501  circle
 2, 346, 345
*
  5.4203600E+00, 1.1445240E+01, 5.0751558E-01, 0.0000000E+00
* ELEM  2502  circle
 2, 347, 346
*
  5.4203600E+00, 1.1445240E+01, 4.6572824E-01, 0.0000000E+00
* ELEM  2503  circle
 2, 348, 347
*
  5.4203600E+00, 1.1445240E+01, 3.6819050E-01, 0.0000000E+00
* ELEM  2504  circle
 2, 363, 362
*
  3.7947600E+00, 1.1445240E+01, 5.2070000E-01, 0.0000000E+00
* ELEM  2505  circle
 2, 364, 363
*
  3.7947600E+00, 1.1445240E+01, 5.0751558E-01, 0.0000000E+00
* ELEM  2506  circle
 2, 365, 364
*
  3.7947600E+00, 1.1445240E+01, 4.6572824E-01, 0.0000000E+00
* ELEM  2507  circle
 2, 366, 365
*
  3.7947600E+00, 1.1445240E+01, 3.6819050E-01, 0.0000000E+00
* ELEM  2508  circle
 2, 381, 380
*
  2.1691600E+00, 1.1445240E+01, 5.2070000E-01, 0.0000000E+00
* ELEM  2509  circle
 2, 382, 381
*
  2.1691600E+00, 1.1445240E+01, 5.0751558E-01, 0.0000000E+00
* ELEM  2510  circle
 2, 383, 382
*
  2.1691600E+00, 1.1445240E+01, 4.6572824E-01, 0.0000000E+00
* ELEM  2511  circle
 2, 384, 383
*
  2.1691600E+00, 1.1445240E+01, 3.6819050E-01, 0.0000000E+00
* ELEM  2512  circle
 2, 399, 398
*
  1.3548360E+01, 9.8196400E+00, 5.2070000E-01, 0.0000000E+00
* ELEM  2513  circle
 2, 400, 399
*
  1.3548360E+01, 9.8196400E+00, 5.0751558E-01, 0.0000000E+00
* ELEM  2514  circle
 2, 401, 400
*
  1.3548360E+01, 9.8196400E+00, 4.6572824E-01, 0.0000000E+00
* ELEM  2515  circle
 2, 402, 401
*
  1.3548360E+01, 9.8196400E+00, 3.6819050E-01, 0.0000000E+00
* ELEM  2516  circle
 2, 417, 416
*
  1.1922760E+01, 9.8196400E+00, 5.2070000E-01, 0.0000000E+00
* ELEM  2517  circle
 2, 418, 417
*
  1.1922760E+01, 9.8196400E+00, 5.0751558E-01, 0.0000000E+00
* ELEM  2518  circle
 2, 419, 418
*
  1.1922760E+01, 9.8196400E+00, 4.6572824E-01, 0.0000000E+00
* ELEM  2519  circle
 2, 420, 419
*
  1.1922760E+01, 9.8196400E+00, 4.0333249E-01, 0.0000000E+00
* ELEM  2520  circle
 2, 421, 420
*
  1.1922760E+01, 9.8196400E+00, 3.2931960E-01, 0.0000000E+00
* ELEM  2521  circle
 2, 422, 421
*
  1.1922760E+01, 9.8196400E+00, 2.3286412E-01, 0.0000000E+00
* ELEM  2522  circle
 2, 437, 436
*
  1.0297160E+01, 9.8196400E+00, 5.2070000E-01, 0.0000000E+00
* ELEM  2523  circle
 2, 438, 437
*
  1.0297160E+01, 9.8196400E+00, 5.0751558E-01, 0.0000000E+00
* ELEM  2524  circle
 2, 439, 438
*
  1.0297160E+01, 9.8196400E+00, 4.6572824E-01, 0.0000000E+00
* ELEM  2525  circle
 2, 440, 439
*
  1.0297160E+01, 9.8196400E+00, 3.6819050E-01, 0.0000000E+00
* ELEM  2526  circle
 2, 455, 454
*
  8.6715600E+00, 9.8196400E+00, 5.2070000E-01, 0.0000000E+00
* ELEM  2527  circle
 2, 456, 455
*
  8.6715600E+00, 9.8196400E+00, 5.0751558E-01, 0.0000000E+00
* ELEM  2528  circle
 2, 457, 456
*
  8.6715600E+00, 9.8196400E+00, 4.6572824E-01, 0.0000000E+00
* ELEM  2529  circle
 2, 458, 457
*
  8.6715600E+00, 9.8196400E+00, 3.6819050E-01, 0.0000000E+00
* ELEM  2530  circle
 2, 473, 472
*
  7.0459600E+00, 9.8196400E+00, 5.2070000E-01, 0.0000000E+00
* ELEM  2531  circle
 2, 474, 473
*
  7.0459600E+00, 9.8196400E+00, 5.0751558E-01, 0.0000000E+00
* ELEM  2532  circle
 2, 475, 474
*
  7.0459600E+00, 9.8196400E+00, 4.6572824E-01, 0.0000000E+00
* ELEM  2533  circle
 2, 476, 475
*
  7.0459600E+00, 9.8196400E+00, 3.6819050E-01, 0.0000000E+00
* ELEM  2534  circle
 2, 491, 490
*
  5.4203600E+00, 9.8196400E+00, 5.2070000E-01, 0.0000000E+00
* ELEM  2535  circle
 2, 492, 491
*
  5.4203600E+00, 9.8196400E+00, 5.0751558E-01, 0.0000000E+00
* ELEM  2536  circle
 2, 493, 492
*
  5.4203600E+00, 9.8196400E+00, 4.6572824E-01, 0.0000000E+00
* ELEM  2537  circle
 2, 494, 493
*
  5.4203600E+00, 9.8196400E+00, 3.6819050E-01, 0.0000000E+00
* ELEM  2538  circle
 2, 509, 508
*
  3.7947600E+00, 9.8196400E+00, 5.2070000E-01, 0.0000000E+00
* ELEM  2539  circle
 2, 510, 509
*
  3.7947600E+00, 9.8196400E+00, 5.0751558E-01, 0.0000000E+00
* ELEM  2540  circle
 2, 511, 510
*
  3.7947600E+00, 9.8196400E+00, 4.6572824E-01, 0.0000000E+00
* ELEM  2541  circle
 2, 512, 511
*
  3.7947600E+00, 9.8196400E+00, 3.6819050E-01, 0.0000000E+00
* ELEM  2542  circle
 2, 527, 526
*
  2.1691600E+00, 9.8196400E+00, 5.2070000E-01, 0.0000000E+00
* ELEM  2543  circle
 2, 528, 527
*
  2.1691600E+00, 9.8196400E+00, 5.0751558E-01, 0.0000000E+00
* ELEM  2544  circle
 2, 529, 528
*
  2.1691600E+00, 9.8196400E+00, 4.6572824E-01, 0.0000000E+00
* ELEM  2545  circle
 2, 530, 529
*
  2.1691600E+00, 9.8196400E+00, 3.6819050E-01, 0.0000000E+00
* ELEM  2546  circle
 2, 545, 544
*
  1.3548360E+01, 8.1940400E+00, 5.2070000E-01, 0.0000000E+00
* ELEM  2547  circle
 2, 546, 545
*
  1.3548360E+01, 8.1940400E+00, 5.0751558E-01, 0.0000000E+00
* ELEM  2548  circle
 2, 547, 546
*
  1.3548360E+01, 8.1940400E+00, 4.6572824E-01, 0.0000000E+00
* ELEM  2549  circle
 2, 548, 547
*
  1.3548360E+01, 8.1940400E+00, 3.6819050E-01, 0.0000000E+00
* ELEM  2550  circle
 2, 563, 562
*
  1.1922760E+01, 8.1940400E+00, 5.2070000E-01, 0.0000000E+00
* ELEM  2551  circle
 2, 564, 563
*
  1.1922760E+01, 8.1940400E+00, 5.0751558E-01, 0.0000000E+00
* ELEM  2552  circle
 2, 565, 564
*
  1.1922760E+01, 8.1940400E+00, 4.6572824E-01, 0.0000000E+00
* ELEM  2553  circle
 2, 566, 565
*
  1.1922760E+01, 8.1940400E+00, 3.6819050E-01, 0.0000000E+00
* ELEM  2554  circle
 2, 581, 580
*
  1.0297160E+01, 8.1940400E+00, 5.2070000E-01, 0.0000000E+00
* ELEM  2555  circle
 2, 582, 581
*
  1.0297160E+01, 8.1940400E+00, 5.0751558E-01, 0.0000000E+00
* ELEM  2556  circle
 2, 583, 582
*
  1.0297160E+01, 8.1940400E+00, 4.6572824E-01, 0.0000000E+00
* ELEM  2557  circle
 2, 584, 583
*
  1.0297160E+01, 8.1940400E+00, 3.6819050E-01, 0.0000000E+00
* ELEM  2558  circle
 2, 599, 598
*
  7.0459600E+00, 8.1940400E+00, 5.2070000E-01, 0.0000000E+00
* ELEM  2559  circle
 2, 600, 599
*
  7.0459600E+00, 8.1940400E+00, 5.0751558E-01, 0.0000000E+00
* ELEM  2560  circle
 2, 601, 600
*
  7.0459600E+00, 8.1940400E+00, 4.6572824E-01, 0.0000000E+00
* ELEM  2561  circle
 2, 602, 601
*
  7.0459600E+00, 8.1940400E+00, 3.6819050E-01, 0.0000000E+00
* ELEM  2562  circle
 2, 617, 616
*
  5.4203600E+00, 8.1940400E+00, 5.2070000E-01, 0.0000000E+00
* ELEM  2563  circle
 2, 618, 617
*
  5.4203600E+00, 8.1940400E+00, 5.0751558E-01, 0.0000000E+00
* ELEM  2564  circle
 2, 619, 618
*
  5.4203600E+00, 8.1940400E+00, 4.6572824E-01, 0.0000000E+00
* ELEM  2565  circle
 2, 620, 619
*
  5.4203600E+00, 8.1940400E+00, 3.6819050E-01, 0.0000000E+00
* ELEM  2566  circle
 2, 635, 634
*
  3.7947600E+00, 8.1940400E+00, 5.2070000E-01, 0.0000000E+00
* ELEM  2567  circle
 2, 636, 635
*
  3.7947600E+00, 8.1940400E+00, 5.0751558E-01, 0.0000000E+00
* ELEM  2568  circle
 2, 637, 636
*
  3.7947600E+00, 8.1940400E+00, 4.6572824E-01, 0.0000000E+00
* ELEM  2569  circle
 2, 638, 637
*
  3.7947600E+00, 8.1940400E+00, 4.0333249E-01, 0.0000000E+00
* ELEM  2570  circle
 2, 639, 638
*
  3.7947600E+00, 8.1940400E+00, 3.2931960E-01, 0.0000000E+00
* ELEM  2571  circle
 2, 640, 639
*
  3.7947600E+00, 8.1940400E+00, 2.3286412E-01, 0.0000000E+00
* ELEM  2572  circle
 2, 655, 654
*
  2.1691600E+00, 8.1940400E+00, 5.2070000E-01, 0.0000000E+00
* ELEM  2573  circle
 2, 656, 655
*
  2.1691600E+00, 8.1940400E+00, 5.0751558E-01, 0.0000000E+00
* ELEM  2574  circle
 2, 657, 656
*
  2.1691600E+00, 8.1940400E+00, 4.6572824E-01, 0.0000000E+00
* ELEM  2575  circle
 2, 658, 657
*
  2.1691600E+00, 8.1940400E+00, 3.6819050E-01, 0.0000000E+00
* ELEM  2576  circle
 2, 673, 672
*
  1.3548360E+01, 6.5684400E+00, 5.2070000E-01, 0.0000000E+00
* ELEM  2577  circle
 2, 674, 673
*
  1.3548360E+01, 6.5684400E+00, 5.0751558E-01, 0.0000000E+00
* ELEM  2578  circle
 2, 675, 674
*
  1.3548360E+01, 6.5684400E+00, 4.6572824E-01, 0.0000000E+00
* ELEM  2579  circle
 2, 676, 675
*
  1.3548360E+01, 6.5684400E+00, 3.6819050E-01, 0.0000000E+00
* ELEM  2580  circle
 2, 691, 690
*
  1.1922760E+01, 6.5684400E+00, 5.2070000E-01, 0.0000000E+00
* ELEM  2581  circle
 2, 692, 691
*
  1.1922760E+01, 6.5684400E+00, 5.0751558E-01, 0.0000000E+00
* ELEM  2582  circle
 2, 693, 692
*
  1.1922760E+01, 6.5684400E+00, 4.6572824E-01, 0.0000000E+00
* ELEM  2583  circle
 2, 694, 693
*
  1.1922760E+01, 6.5684400E+00, 3.6819050E-01, 0.0000000E+00
* ELEM  2584  circle
 2, 709, 708
*
  1.0297160E+01, 6.5684400E+00, 5.2070000E-01, 0.0000000E+00
* ELEM  2585  circle
 2, 710, 709
*
  1.0297160E+01, 6.5684400E+00, 5.0751558E-01, 0.0000000E+00
* ELEM  2586  circle
 2, 711, 710
*
  1.0297160E+01, 6.5684400E+00, 4.6572824E-01, 0.0000000E+00
* ELEM  2587  circle
 2, 712, 711
*
  1.0297160E+01, 6.5684400E+00, 3.6819050E-01, 0.0000000E+00
* ELEM  2588  circle
 2, 727, 726
*
  8.6715600E+00, 6.5684400E+00, 5.2070000E-01, 0.0000000E+00
* ELEM  2589  circle
 2, 728, 727
*
  8.6715600E+00, 6.5684400E+00, 5.0751558E-01, 0.0000000E+00
* ELEM  2590  circle
 2, 729, 728
*
  8.6715600E+00, 6.5684400E+00, 4.6572824E-01, 0.0000000E+00
* ELEM  2591  circle
 2, 730, 729
*
  8.6715600E+00, 6.5684400E+00, 3.6819050E-01, 0.0000000E+00
* ELEM  2592  circle
 2, 745, 744
*
  5.4203600E+00, 6.5684400E+00, 5.2070000E-01, 0.0000000E+00
* ELEM  2593  circle
 2, 746, 745
*
  5.4203600E+00, 6.5684400E+00, 5.0751558E-01, 0.0000000E+00
* ELEM  2594  circle
 2, 747, 746
*
  5.4203600E+00, 6.5684400E+00, 4.6572824E-01, 0.0000000E+00
* ELEM  2595  circle
 2, 748, 747
*
  5.4203600E+00, 6.5684400E+00, 3.6819050E-01, 0.0000000E+00
* ELEM  2596  circle
 2, 763, 762
*
  3.7947600E+00, 6.5684400E+00, 5.2070000E-01, 0.0000000E+00
* ELEM  2597  circle
 2, 764, 763
*
  3.7947600E+00, 6.5684400E+00, 5.0751558E-01, 0.0000000E+00
* ELEM  2598  circle
 2, 765, 764
*
  3.7947600E+00, 6.5684400E+00, 4.6572824E-01, 0.0000000E+00
* ELEM  2599  circle
 2, 766, 765
*
  3.7947600E+00, 6.5684400E+00, 3.6819050E-01, 0.0000000E+00
* ELEM  2600  circle
 2, 781, 780
*
  2.1691600E+00, 6.5684400E+00, 5.2070000E-01, 0.0000000E+00
* ELEM  2601  circle
 2, 782, 781
*
  2.1691600E+00, 6.5684400E+00, 5.0751558E-01, 0.0000000E+00
* ELEM  2602  circle
 2, 783, 782
*
  2.1691600E+00, 6.5684400E+00, 4.6572824E-01, 0.0000000E+00
* ELEM  2603  circle
 2, 784, 783
*
  2.1691600E+00, 6.5684400E+00, 3.6819050E-01, 0.0000000E+00
* ELEM  2604  circle
 2, 799, 798
*
  1.3548360E+01, 4.9428400E+00, 5.2070000E-01, 0.0000000E+00
* ELEM  2605  circle
 2, 800, 799
*
  1.3548360E+01, 4.9428400E+00, 5.0751558E-01, 0.0000000E+00
* ELEM  2606  circle
 2, 801, 800
*
  1.3548360E+01, 4.9428400E+00, 4.6572824E-01, 0.0000000E+00
* ELEM  2607  circle
 2, 802, 801
*
  1.3548360E+01, 4.9428400E+00, 3.6819050E-01, 0.0000000E+00
* ELEM  2608  circle
 2, 817, 816
*
  1.1922760E+01, 4.9428400E+00, 5.2070000E-01, 0.0000000E+00
* ELEM  2609  circle
 2, 818, 817
*
  1.1922760E+01, 4.9428400E+00, 5.0751558E-01, 0.0000000E+00
* ELEM  2610  circle
 2, 819, 818
*
  1.1922760E+01, 4.9428400E+00, 4.6572824E-01, 0.0000000E+00
* ELEM  2611  circle
 2, 820, 819
*
  1.1922760E+01, 4.9428400E+00, 3.6819050E-01, 0.0000000E+00
* ELEM  2612  circle
 2, 835, 834
*
  1.0297160E+01, 4.9428400E+00, 5.2070000E-01, 0.0000000E+00
* ELEM  2613  circle
 2, 836, 835
*
  1.0297160E+01, 4.9428400E+00, 5.0751558E-01, 0.0000000E+00
* ELEM  2614  circle
 2, 837, 836
*
  1.0297160E+01, 4.9428400E+00, 4.6572824E-01, 0.0000000E+00
* ELEM  2615  circle
 2, 838, 837
*
  1.0297160E+01, 4.9428400E+00, 3.6819050E-01, 0.0000000E+00
* ELEM  2616  circle
 2, 853, 852
*
  8.6715600E+00, 4.9428400E+00, 5.2070000E-01, 0.0000000E+00
* ELEM  2617  circle
 2, 854, 853
*
  8.6715600E+00, 4.9428400E+00, 5.0751558E-01, 0.0000000E+00
* ELEM  2618  circle
 2, 855, 854
*
  8.6715600E+00, 4.9428400E+00, 4.6572824E-01, 0.0000000E+00
* ELEM  2619  circle
 2, 856, 855
*
  8.6715600E+00, 4.9428400E+00, 3.6819050E-01, 0.0000000E+00
* ELEM  2620  circle
 2, 871, 870
*
  7.0459600E+00, 4.9428400E+00, 5.2070000E-01, 0.0000000E+00
* ELEM  2621  circle
 2, 872, 871
*
  7.0459600E+00, 4.9428400E+00, 5.0751558E-01, 0.0000000E+00
* ELEM  2622  circle
 2, 873, 872
*
  7.0459600E+00, 4.9428400E+00, 4.6572824E-01, 0.0000000E+00
* ELEM  2623  circle
 2, 874, 873
*
  7.0459600E+00, 4.9428400E+00, 3.6819050E-01, 0.0000000E+00
* ELEM  2624  circle
 2, 889, 888
*
  5.4203600E+00, 4.9428400E+00, 5.2070000E-01, 0.0000000E+00
* ELEM  2625  circle
 2, 890, 889
*
  5.4203600E+00, 4.9428400E+00, 5.0751558E-01, 0.0000000E+00
* ELEM  2626  circle
 2, 891, 890
*
  5.4203600E+00, 4.9428400E+00, 4.6572824E-01, 0.0000000E+00
* ELEM  2627  circle
 2, 892, 891
*
  5.4203600E+00, 4.9428400E+00, 3.6819050E-01, 0.0000000E+00
* ELEM  2628  circle
 2, 907, 906
*
  3.7947600E+00, 4.9428400E+00, 5.2070000E-01, 0.0000000E+00
* ELEM  2629  circle
 2, 908, 907
*
  3.7947600E+00, 4.9428400E+00, 5.0751558E-01, 0.0000000E+00
* ELEM  2630  circle
 2, 909, 908
*
  3.7947600E+00, 4.9428400E+00, 4.6572824E-01, 0.0000000E+00
* ELEM  2631  circle
 2, 910, 909
*
  3.7947600E+00, 4.9428400E+00, 3.6819050E-01, 0.0000000E+00
* ELEM  2632  circle
 2, 925, 924
*
  2.1691600E+00, 4.9428400E+00, 5.2070000E-01, 0.0000000E+00
* ELEM  2633  circle
 2, 926, 925
*
  2.1691600E+00, 4.9428400E+00, 5.0751558E-01, 0.0000000E+00
* ELEM  2634  circle
 2, 927, 926
*
  2.1691600E+00, 4.9428400E+00, 4.6572824E-01, 0.0000000E+00
* ELEM  2635  circle
 2, 928, 927
*
  2.1691600E+00, 4.9428400E+00, 3.6819050E-01, 0.0000000E+00
* ELEM  2636  circle
 2, 943, 942
*
  1.3548360E+01, 3.3172400E+00, 5.2070000E-01, 0.0000000E+00
* ELEM  2637  circle
 2, 944, 943
*
  1.3548360E+01, 3.3172400E+00, 5.0751558E-01, 0.0000000E+00
* ELEM  2638  circle
 2, 945, 944
*
  1.3548360E+01, 3.3172400E+00, 4.6572824E-01, 0.0000000E+00
* ELEM  2639  circle
 2, 946, 945
*
  1.3548360E+01, 3.3172400E+00, 3.6819050E-01, 0.0000000E+00
* ELEM  2640  circle
 2, 961, 960
*
  1.1922760E+01, 3.3172400E+00, 5.2070000E-01, 0.0000000E+00
* ELEM  2641  circle
 2, 962, 961
*
  1.1922760E+01, 3.3172400E+00, 5.0751558E-01, 0.0000000E+00
* ELEM  2642  circle
 2, 963, 962
*
  1.1922760E+01, 3.3172400E+00, 4.6572824E-01, 0.0000000E+00
* ELEM  2643  circle
 2, 964, 963
*
  1.1922760E+01, 3.3172400E+00, 4.0333249E-01, 0.0000000E+00
* ELEM  2644  circle
 2, 965, 964
*
  1.1922760E+01, 3.3172400E+00, 3.2931960E-01, 0.0000000E+00
* ELEM  2645  circle
 2, 966, 965
*
  1.1922760E+01, 3.3172400E+00, 2.3286412E-01, 0.0000000E+00
* ELEM  2646  circle
 2, 981, 980
*
  1.0297160E+01, 3.3172400E+00, 5.2070000E-01, 0.0000000E+00
* ELEM  2647  circle
 2, 982, 981
*
  1.0297160E+01, 3.3172400E+00, 5.0751558E-01, 0.0000000E+00
* ELEM  2648  circle
 2, 983, 982
*
  1.0297160E+01, 3.3172400E+00, 4.6572824E-01, 0.0000000E+00
* ELEM  2649  circle
 2, 984, 983
*
  1.0297160E+01, 3.3172400E+00, 3.6819050E-01, 0.0000000E+00
* ELEM  2650  circle
 2, 999, 998
*
  8.6715600E+00, 3.3172400E+00, 5.2070000E-01, 0.0000000E+00
* ELEM  2651  circle
 2, 1000, 999
*
  8.6715600E+00, 3.3172400E+00, 5.0751558E-01, 0.0000000E+00
* ELEM  2652  circle
 2, 1001, 1000
*
  8.6715600E+00, 3.3172400E+00, 4.6572824E-01, 0.0000000E+00
* ELEM  2653  circle
 2, 1002, 1001
*
  8.6715600E+00, 3.3172400E+00, 3.6819050E-01, 0.0000000E+00
* ELEM  2654  circle
 2, 1017, 1016
*
  7.0459600E+00, 3.3172400E+00, 5.2070000E-01, 0.0000000E+00
* ELEM  2655  circle
 2, 1018, 1017
*
  7.0459600E+00, 3.3172400E+00, 5.0751558E-01, 0.0000000E+00
* ELEM  2656  circle
 2, 1019, 1018
*
  7.0459600E+00, 3.3172400E+00, 4.6572824E-01, 0.0000000E+00
* ELEM  2657  circle
 2, 1020, 1019
*
  7.0459600E+00, 3.3172400E+00, 3.6819050E-01, 0.0000000E+00
* ELEM  2658  circle
 2, 1035, 1034
*
  3.7947600E+00, 3.3172400E+00, 5.2070000E-01, 0.0000000E+00
* ELEM  2659  circle
 2, 1036, 1035
*
  3.7947600E+00, 3.3172400E+00, 5.0751558E-01, 0.0000000E+00
* ELEM  2660  circle
 2, 1037, 1036
*
  3.7947600E+00, 3.3172400E+00, 4.6572824E-01, 0.0000000E+00
* ELEM  2661  circle
 2, 1038, 1037
*
  3.7947600E+00, 3.3172400E+00, 3.6819050E-01, 0.0000000E+00
* ELEM  2662  circle
 2, 1053, 1052
*
  2.1691600E+00, 3.3172400E+00, 5.2070000E-01, 0.0000000E+00
* ELEM  2663  circle
 2, 1054, 1053
*
  2.1691600E+00, 3.3172400E+00, 5.0751558E-01, 0.0000000E+00
* ELEM  2664  circle
 2, 1055, 1054
*
  2.1691600E+00, 3.3172400E+00, 4.6572824E-01, 0.0000000E+00
* ELEM  2665  circle
 2, 1056, 1055
*
  2.1691600E+00, 3.3172400E+00, 3.6819050E-01, 0.0000000E+00
* ELEM  2666  circle
 2, 1071, 1070
*
  1.3548360E+01, 1.6916400E+00, 5.2070000E-01, 0.0000000E+00
* ELEM  2667  circle
 2, 1072, 1071
*
  1.3548360E+01, 1.6916400E+00, 5.0751558E-01, 0.0000000E+00
* ELEM  2668  circle
 2, 1073, 1072
*
  1.3548360E+01, 1.6916400E+00, 4.6572824E-01, 0.0000000E+00
* ELEM  2669  circle
 2, 1074, 1073
*
  1.3548360E+01, 1.6916400E+00, 3.6819050E-01, 0.0000000E+00
* ELEM  2670  circle
 2, 1089, 1088
*
  1.1922760E+01, 1.6916400E+00, 5.2070000E-01, 0.0000000E+00
* ELEM  2671  circle
 2, 1090, 1089
*
  1.1922760E+01, 1.6916400E+00, 5.0751558E-01, 0.0000000E+00
* ELEM  2672  circle
 2, 1091, 1090
*
  1.1922760E+01, 1.6916400E+00, 4.6572824E-01, 0.0000000E+00
* ELEM  2673  circle
 2, 1092, 1091
*
  1.1922760E+01, 1.6916400E+00, 3.6819050E-01, 0.0000000E+00
* ELEM  2674  circle
 2, 1107, 1106
*
  1.0297160E+01, 1.6916400E+00, 5.2070000E-01, 0.0000000E+00
* ELEM  2675  circle
 2, 1108, 1107
*
  1.0297160E+01, 1.6916400E+00, 5.0751558E-01, 0.0000000E+00
* ELEM  2676  circle
 2, 1109, 1108
*
  1.0297160E+01, 1.6916400E+00, 4.6572824E-01, 0.0000000E+00
* ELEM  2677  circle
 2, 1110, 1109
*
  1.0297160E+01, 1.6916400E+00, 3.6819050E-01, 0.0000000E+00
* ELEM  2678  circle
 2, 1125, 1124
*
  8.6715600E+00, 1.6916400E+00, 5.2070000E-01, 0.0000000E+00
* ELEM  2679  circle
 2, 1126, 1125
*
  8.6715600E+00, 1.6916400E+00, 5.0751558E-01, 0.0000000E+00
* ELEM  2680  circle
 2, 1127, 1126
*
  8.6715600E+00, 1.6916400E+00, 4.6572824E-01, 0.0000000E+00
* ELEM  2681  circle
 2, 1128, 1127
*
  8.6715600E+00, 1.6916400E+00, 3.6819050E-01, 0.0000000E+00
* ELEM  2682  circle
 2, 1143, 1142
*
  7.0459600E+00, 1.6916400E+00, 5.2070000E-01, 0.0000000E+00
* ELEM  2683  circle
 2, 1144, 1143
*
  7.0459600E+00, 1.6916400E+00, 5.0751558E-01, 0.0000000E+00
* ELEM  2684  circle
 2, 1145, 1144
*
  7.0459600E+00, 1.6916400E+00, 4.6572824E-01, 0.0000000E+00
* ELEM  2685  circle
 2, 1146, 1145
*
  7.0459600E+00, 1.6916400E+00, 3.6819050E-01, 0.0000000E+00
* ELEM  2686  line segment
 1, 1257, 1262
*
  1.3563600E+00, 3.4798000E+00, -2.0066000E-01, 0.0000000E+00
* ELEM  2687  line segment
 1, 1253, 1357
*
  2.6568400E+00, 6.7818000E-01, 0.0000000E+00, 2.0066000E-01
* ELEM  2688  line segment
 1, 1251, 1257
*
  1.3563600E+00, 4.7802800E+00, -2.0066000E-01, 0.0000000E+00
* ELEM  2689  line segment
 1, 1261, 1253
*
  3.9573200E+00, 6.7818000E-01, 0.0000000E+00, 2.0066000E-01
* ELEM  2690  line segment
 1, 1249, 1251
*
  1.3563600E+00, 6.0807600E+00, -2.0066000E-01, 0.0000000E+00
* ELEM  2691  line segment
 1, 1239, 1261
*
  5.2578000E+00, 6.7818000E-01, 0.0000000E+00, 2.0066000E-01
* ELEM  2692  line segment
 1, 1264, 1249
*
  1.3563600E+00, 7.3812400E+00, -2.0066000E-01, 0.0000000E+00
* ELEM  2693  line segment
 1, 1240, 1239
*
  6.5582800E+00, 6.7818000E-01, 0.0000000E+00, 2.0066000E-01
* ELEM  2694  line segment
 1, 1250, 1264
*
  1.3563600E+00, 8.6817200E+00, -2.0066000E-01, 0.0000000E+00
* ELEM  2695  line segment
 1, 1235, 1240
*
  7.8587600E+00, 6.7818000E-01, 0.0000000E+00, 2.0066000E-01
* ELEM  2696  line segment
 1, 1258, 1250
*
  1.3563600E+00, 9.9822000E+00, -2.0066000E-01, 0.0000000E+00
* ELEM  2697  line segment
 1, 1266, 1235
*
  9.1592400E+00, 6.7818000E-01, 0.0000000E+00, 2.0066000E-01
* ELEM  2698  line segment
 1, 1252, 1258
*
  1.3563600E+00, 1.1282680E+01, -2.0066000E-01, 0.0000000E+00
* ELEM  2699  line segment
 1, 1242, 1266
*
  1.0459720E+01, 6.7818000E-01, 0.0000000E+00, 2.0066000E-01
* ELEM  2700  line segment
 1, 1358, 1252
*
  1.3563600E+00, 1.2583160E+01, -2.0066000E-01, 0.0000000E+00
* ELEM  2701  line segment
 1, 1243, 1242
*
  1.1760200E+01, 6.7818000E-01, 0.0000000E+00, 2.0066000E-01
* ELEM  2702  line segment
 1, 1351, 1243
*
  1.3060680E+01, 6.7818000E-01, 0.0000000E+00, 2.0066000E-01
* ELEM  2703  line segment
 1, 1259, 1355
*
  2.6568400E+00, 1.3883640E+01, 0.0000000E+00, 2.0066000E-01
* ELEM  2704  line segment
 1, 1254, 1354
*
  1.4561820E+01, 2.1793200E+00, -2.0066000E-01, 0.0000000E+00
* ELEM  2705  line segment
 1, 1260, 1259
*
  3.9573200E+00, 1.3883640E+01, 0.0000000E+00, 2.0066000E-01
* ELEM  2706  line segment
 1, 1255, 1254
*
  1.4561820E+01, 3.4798000E+00, -2.0066000E-01, 0.0000000E+00
* ELEM  2707  line segment
 1, 1241, 1260
*
  5.2578000E+00, 1.3883640E+01, 0.0000000E+00, 2.0066000E-01
* ELEM  2708  line segment
 1, 1245, 1255
*
  1.4561820E+01, 4.7802800E+00, -2.0066000E-01, 0.0000000E+00
* ELEM  2709  line segment
 1, 1236, 1241
*
  6.5582800E+00, 1.3883640E+01, 0.0000000E+00, 2.0066000E-01
* ELEM  2710  line segment
 1, 1246, 1245
*
  1.4561820E+01, 6.0807600E+00, -2.0066000E-01, 0.0000000E+00
* ELEM  2711  line segment
 1, 1237, 1236
*
  7.8587600E+00, 1.3883640E+01, 0.0000000E+00, 2.0066000E-01
* ELEM  2712  line segment
 1, 1263, 1246
*
  1.4561820E+01, 7.3812400E+00, -2.0066000E-01, 0.0000000E+00
* ELEM  2713  line segment
 1, 1265, 1237
*
  9.1592400E+00, 1.3883640E+01, 0.0000000E+00, 2.0066000E-01
* ELEM  2714  line segment
 1, 1247, 1263
*
  1.4561820E+01, 8.6817200E+00, -2.0066000E-01, 0.0000000E+00
* ELEM  2715  line segment
 1, 1238, 1265
*
  1.0459720E+01, 1.3883640E+01, 0.0000000E+00, 2.0066000E-01
* ELEM  2716  line segment
 1, 1256, 1247
*
  1.4561820E+01, 9.9822000E+00, -2.0066000E-01, 0.0000000E+00
* ELEM  2717  line segment
 1, 1244, 1238
*
  1.1760200E+01, 1.3883640E+01, 0.0000000E+00, 2.0066000E-01
* ELEM  2718  line segment
 1, 1248, 1256
*
  1.4561820E+01, 1.1282680E+01, -2.0066000E-01, 0.0000000E+00
* ELEM  2719  line segment
 1, 1352, 1244
*
  1.3060680E+01, 1.3883640E+01, 0.0000000E+00, 2.0066000E-01
* ELEM  2720  line segment
 1, 1353, 1248
*
  1.4561820E+01, 1.2583160E+01, -2.0066000E-01, 0.0000000E+00
* boundaries conditions: defaul nbbcda allsur
  0, 4, 0
* albedo
  0.0
* type  number of elements
  4, 18
*   elements
1
8
17
26
43
58
71
83
95
107
119
131
146
156
175
191
209
220
* tx, ty, angle
  0.0000000E+00 0.0000000E+00 9.0000000E+01
* type  number of elements
  4, 16
*   elements
4
7
14
22
32
48
63
76
88
100
112
124
137
151
161
180
* tx, ty, angle
  0.0000000E+00 0.0000000E+00 0.0000000E+00
* type  number of elements
  4, 18
*   elements
221
239
237
247
254
266
278
290
302
314
330
340
352
370
375
369
367
362
* tx, ty, angle
  0.0000000E+00 1.5240000E+01 0.0000000E+00
* type  number of elements
  4, 14
*   elements
179
195
213
225
242
251
263
275
287
299
311
324
348
363
* tx, ty, angle
  1.5240000E+01 0.0000000E+00 9.0000000E+01
#  1 - COOLANT
#  2 - CLAD
#  3 - MODERATOR
#  4 - GAP
#  5 - UOX145_zone_4_pin_35
#  6 - UOX145_zone_3_pin_35
#  7 - UOX145_zone_2_pin_35
#  8 - UOX145_zone_1_pin_35
#  9 - UOX301G2_zone_6_pin_11
# 10 - UOX301G2_zone_5_pin_11
# 11 - UOX301G2_zone_4_pin_11
# 12 - UOX301G2_zone_3_pin_11
# 13 - UOX301G2_zone_2_pin_11
# 14 - UOX301G2_zone_1_pin_11
# 15 - UOX301_zone_4_pin_3
# 16 - UOX301_zone_3_pin_3
# 17 - UOX301_zone_2_pin_3
# 18 - UOX301_zone_1_pin_3
# 19 - UOX222_zone_4_pin_2
# 20 - UOX222_zone_3_pin_2
# 21 - UOX222_zone_2_pin_2
# 22 - UOX222_zone_1_pin_2
# 23 - UOX187_zone_4_pin_1
# 24 - UOX187_zone_3_pin_1
# 25 - UOX187_zone_2_pin_1
# 26 - UOX187_zone_1_pin_1
# 27 - UOX222_zone_4_pin_9
# 28 - UOX222_zone_3_pin_9
# 29 - UOX222_zone_2_pin_9
# 30 - UOX222_zone_1_pin_9
# 31 - UOX222_zone_4_pin_16
# 32 - UOX222_zone_3_pin_16
# 33 - UOX222_zone_2_pin_16
# 34 - UOX222_zone_1_pin_16
# 35 - UOX222_zone_4_pin_22
# 36 - UOX222_zone_3_pin_22
# 37 - UOX222_zone_2_pin_22
# 38 - UOX222_zone_1_pin_22
# 39 - UOX222_zone_4_pin_26
# 40 - UOX222_zone_3_pin_26
# 41 - UOX222_zone_2_pin_26
# 42 - UOX222_zone_1_pin_26
# 43 - UOX222_zone_4_pin_30
# 44 - UOX222_zone_3_pin_30
# 45 - UOX222_zone_2_pin_30
# 46 - UOX222_zone_1_pin_30
# 47 - UOX187_zone_4_pin_33
# 48 - UOX187_zone_3_pin_33
# 49 - UOX187_zone_2_pin_33
# 50 - UOX187_zone_1_pin_33
# 51 - UOX301_zone_4_pin_10
# 52 - UOX301_zone_3_pin_10
# 53 - UOX301_zone_2_pin_10
# 54 - UOX301_zone_1_pin_10
# 55 - UOX301_zone_4_pin_17
# 56 - UOX301_zone_3_pin_17
# 57 - UOX301_zone_2_pin_17
# 58 - UOX301_zone_1_pin_17
# 59 - UOX301_zone_4_pin_23
# 60 - UOX301_zone_3_pin_23
# 61 - UOX301_zone_2_pin_23
# 62 - UOX301_zone_1_pin_23
# 63 - UOX301G2_zone_6_pin_27
# 64 - UOX301G2_zone_5_pin_27
# 65 - UOX301G2_zone_4_pin_27
# 66 - UOX301G2_zone_3_pin_27
# 67 - UOX301G2_zone_2_pin_27
# 68 - UOX301G2_zone_1_pin_27
# 69 - UOX301_zone_4_pin_31
# 70 - UOX301_zone_3_pin_31
# 71 - UOX301_zone_2_pin_31
# 72 - UOX301_zone_1_pin_31
# 73 - UOX222_zone_4_pin_34
# 74 - UOX222_zone_3_pin_34
# 75 - UOX222_zone_2_pin_34
# 76 - UOX222_zone_1_pin_34
# 77 - UOX301_zone_4_pin_18
# 78 - UOX301_zone_3_pin_18
# 79 - UOX301_zone_2_pin_18
# 80 - UOX301_zone_1_pin_18
# 81 - UOX301_zone_4_pin_24
# 82 - UOX301_zone_3_pin_24
# 83 - UOX301_zone_2_pin_24
# 84 - UOX301_zone_1_pin_24
# 85 - UOX301_zone_4_pin_28
# 86 - UOX301_zone_3_pin_28
# 87 - UOX301_zone_2_pin_28
# 88 - UOX301_zone_1_pin_28
# 89 - UOX301_zone_4_pin_32
# 90 - UOX301_zone_3_pin_32
# 91 - UOX301_zone_2_pin_32
# 92 - UOX301_zone_1_pin_32
# 93 - UOX301_zone_4_pin_4
# 94 - UOX301_zone_3_pin_4
# 95 - UOX301_zone_2_pin_4
# 96 - UOX301_zone_1_pin_4
# 97 - UOX301_zone_4_pin_12
# 98 - UOX301_zone_3_pin_12
# 99 - UOX301_zone_2_pin_12
# 100 - UOX301_zone_1_pin_12
# 101 - UOX301_zone_4_pin_19
# 102 - UOX301_zone_3_pin_19
# 103 - UOX301_zone_2_pin_19
# 104 - UOX301_zone_1_pin_19
# 105 - UOX301_zone_4_pin_29
# 106 - UOX301_zone_3_pin_29
# 107 - UOX301_zone_2_pin_29
# 108 - UOX301_zone_1_pin_29
# 109 - UOX301_zone_4_pin_5
# 110 - UOX301_zone_3_pin_5
# 111 - UOX301_zone_2_pin_5
# 112 - UOX301_zone_1_pin_5
# 113 - UOX301_zone_4_pin_13
# 114 - UOX301_zone_3_pin_13
# 115 - UOX301_zone_2_pin_13
# 116 - UOX301_zone_1_pin_13
# 117 - UOX301_zone_4_pin_20
# 118 - UOX301_zone_3_pin_20
# 119 - UOX301_zone_2_pin_20
# 120 - UOX301_zone_1_pin_20
# 121 - UOX301_zone_4_pin_25
# 122 - UOX301_zone_3_pin_25
# 123 - UOX301_zone_2_pin_25
# 124 - UOX301_zone_1_pin_25
# 125 - UOX301_zone_4_pin_6
# 126 - UOX301_zone_3_pin_6
# 127 - UOX301_zone_2_pin_6
# 128 - UOX301_zone_1_pin_6
# 129 - UOX301_zone_4_pin_14
# 130 - UOX301_zone_3_pin_14
# 131 - UOX301_zone_2_pin_14
# 132 - UOX301_zone_1_pin_14
# 133 - UOX301_zone_4_pin_21
# 134 - UOX301_zone_3_pin_21
# 135 - UOX301_zone_2_pin_21
# 136 - UOX301_zone_1_pin_21
# 137 - UOX301_zone_4_pin_7
# 138 - UOX301_zone_3_pin_7
# 139 - UOX301_zone_2_pin_7
# 140 - UOX301_zone_1_pin_7
# 141 - UOX301G2_zone_6_pin_15
# 142 - UOX301G2_zone_5_pin_15
# 143 - UOX301G2_zone_4_pin_15
# 144 - UOX301G2_zone_3_pin_15
# 145 - UOX301G2_zone_2_pin_15
# 146 - UOX301G2_zone_1_pin_15
# 147 - UOX222_zone_4_pin_8
# 148 - UOX222_zone_3_pin_8
# 149 - UOX222_zone_2_pin_8
# 150 - UOX222_zone_1_pin_8
# 151 - CHANNEL_BOX
* medium number per region
  1
  1
  1
  1
  1
  1
  1
  1
  2
  3
  1
  1
  1
  1
  1
  1
  1
  1
  2
  3
  1
  1
  1
  1
  1
  1
  1
  1
  1
  1
  1
  1
  2
  4
  5
  6
  7
  8
  1
  1
  1
  1
  1
  1
  1
  1
  1
  1
  1
  1
  2
  4
  9
  10
  11
  12
  13
  14
  1
  1
  1
  1
  1
  1
  1
  1
  1
  1
  1
  1
  2
  4
  15
  16
  17
  18
  1
  1
  1
  1
  1
  1
  1
  1
  1
  1
  1
  1
  2
  4
  19
  20
  21
  22
  1
  1
  1
  1
  1
  1
  1
  1
  1
  1
  1
  1
  2
  4
  23
  24
  25
  26
  1
  1
  1
  1
  1
  1
  1
  1
  1
  1
  1
  1
  2
  4
  23
  24
  25
  26
  1
  1
  1
  1
  1
  1
  1
  1
  1
  1
  1
  1
  2
  4
  27
  28
  29
  30
  1
  1
  1
  1
  1
  1
  1
  1
  1
  1
  1
  1
  2
  4
  31
  32
  33
  34
  1
  1
  1
  1
  1
  1
  1
  1
  1
  1
  1
  1
  2
  4
  35
  36
  37
  38
  1
  1
  1
  1
  1
  1
  1
  1
  1
  1
  1
  1
  2
  4
  39
  40
  41
  42
  1
  1
  1
  1
  1
  1
  1
  1
  1
  1
  1
  1
  2
  4
  43
  44
  45
  46
  1
  1
  1
  1
  1
  1
  1
  1
  1
  1
  1
  1
  2
  4
  47
  48
  49
  50
  1
  1
  1
  1
  1
  1
  1
  1
  1
  1
  1
  1
  2
  4
  19
  20
  21
  22
  1
  1
  1
  1
  1
  1
  1
  1
  1
  1
  1
  1
  2
  4
  51
  52
  53
  54
  1
  1
  1
  1
  1
  1
  1
  1
  1
  1
  1
  1
  2
  4
  55
  56
  57
  58
  1
  1
  1
  1
  1
  1
  1
  1
  1
  1
  1
  1
  2
  4
  59
  60
  61
  62
  1
  1
  1
  1
  1
  1
  1
  1
  1
  1
  1
  1
  2
  4
  63
  64
  65
  66
  67
  68
  1
  1
  1
  1
  1
  1
  1
  1
  1
  1
  1
  1
  2
  4
  69
  70
  71
  72
  1
  1
  1
  1
  1
  1
  1
  1
  1
  1
  1
  1
  2
  4
  73
  74
  75
  76
  1
  1
  1
  1
  1
  1
  1
  1
  1
  1
  1
  1
  2
  4
  47
  48
  49
  50
  1
  1
  1
  1
  1
  1
  1
  1
  1
  1
  1
  1
  2
  4
  15
  16
  17
  18
  1
  1
  1
  1
  1
  1
  1
  1
  1
  1
  1
  1
  2
  4
  9
  10
  11
  12
  13
  14
  1
  1
  1
  1
  1
  1
  1
  1
  1
  1
  1
  1
  2
  4
  77
  78
  79
  80
  1
  1
  1
  1
  1
  1
  1
  1
  1
  1
  1
  1
  2
  4
  81
  82
  83
  84
  1
  1
  1
  1
  1
  1
  1
  1
  1
  1
  1
  1
  2
  4
  85
  86
  87
  88
  1
  1
  1
  1
  1
  1
  1
  1
  1
  1
  1
  1
  2
  4
  89
  90
  91
  92
  1
  1
  1
  1
  1
  1
  1
  1
  1
  1
  1
  1
  2
  4
  69
  70
  71
  72
  1
  1
  1
  1
  1
  1
  1
  1
  1
  1
  1
  1
  2
  4
  43
  44
  45
  46
  1
  1
  1
  1
  1
  1
  1
  1
  1
  1
  1
  1
  2
  4
  93
  94
  95
  96
  1
  1
  1
  1
  1
  1
  1
  1
  1
  1
  1
  1
  2
  4
  97
  98
  99
  100
  1
  1
  1
  1
  1
  1
  1
  1
  1
  1
  1
  1
  2
  4
  101
  102
  103
  104
  1
  1
  1
  1
  1
  1
  1
  1
  1
  1
  1
  1
  2
  4
  105
  106
  107
  108
  1
  1
  1
  1
  1
  1
  1
  1
  1
  1
  1
  1
  2
  4
  85
  86
  87
  88
  1
  1
  1
  1
  1
  1
  1
  1
  1
  1
  1
  1
  2
  4
  63
  64
  65
  66
  67
  68
  1
  1
  1
  1
  1
  1
  1
  1
  1
  1
  1
  1
  2
  4
  39
  40
  41
  42
  1
  1
  1
  1
  1
  1
  1
  1
  1
  1
  1
  1
  2
  4
  109
  110
  111
  112
  1
  1
  1
  1
  1
  1
  1
  1
  1
  1
  1
  1
  2
  4
  113
  114
  115
  116
  1
  1
  1
  1
  1
  1
  1
  1
  1
  1
  1
  1
  2
  4
  117
  118
  119
  120
  1
  1
  1
  1
  1
  1
  1
  1
  1
  1
  1
  1
  2
  4
  121
  122
  123
  124
  1
  1
  1
  1
  1
  1
  1
  1
  1
  1
  1
  1
  2
  4
  81
  82
  83
  84
  1
  1
  1
  1
  1
  1
  1
  1
  1
  1
  1
  1
  2
  4
  59
  60
  61
  62
  1
  1
  1
  1
  1
  1
  1
  1
  1
  1
  1
  1
  2
  4
  35
  36
  37
  38
  1
  1
  1
  1
  1
  1
  1
  1
  1
  1
  1
  1
  2
  4
  125
  126
  127
  128
  1
  1
  1
  1
  1
  1
  1
  1
  1
  1
  1
  1
  2
  4
  129
  130
  131
  132
  1
  1
  1
  1
  1
  1
  1
  1
  1
  1
  1
  1
  2
  4
  133
  134
  135
  136
  1
  1
  1
  1
  1
  1
  1
  1
  1
  1
  1
  1
  2
  4
  117
  118
  119
  120
  1
  1
  1
  1
  1
  1
  1
  1
  1
  1
  1
  1
  2
  4
  101
  102
  103
  104
  1
  1
  1
  1
  1
  1
  1
  1
  1
  1
  1
  1
  2
  4
  77
  78
  79
  80
  1
  1
  1
  1
  1
  1
  1
  1
  1
  1
  1
  1
  2
  4
  55
  56
  57
  58
  1
  1
  1
  1
  1
  1
  1
  1
  1
  1
  1
  1
  2
  4
  31
  32
  33
  34
  1
  1
  1
  1
  1
  1
  1
  1
  1
  1
  1
  1
  2
  4
  137
  138
  139
  140
  1
  1
  1
  1
  1
  1
  1
  1
  1
  1
  1
  1
  2
  4
  141
  142
  143
  144
  145
  146
  1
  1
  1
  1
  1
  1
  1
  1
  1
  1
  1
  1
  2
  4
  129
  130
  131
  132
  1
  1
  1
  1
  1
  1
  1
  1
  1
  1
  1
  1
  2
  4
  113
  114
  115
  116
  1
  1
  1
  1
  1
  1
  1
  1
  1
  1
  1
  1
  2
  4
  97
  98
  99
  100
  1
  1
  1
  1
  1
  1
  1
  1
  1
  1
  1
  1
  2
  4
  51
  52
  53
  54
  1
  1
  1
  1
  1
  1
  1
  1
  1
  1
  1
  1
  2
  4
  27
  28
  29
  30
  1
  1
  1
  1
  1
  1
  1
  1
  1
  1
  1
  1
  2
  4
  147
  148
  149
  150
  1
  1
  1
  1
  1
  1
  1
  1
  1
  1
  1
  1
  2
  4
  137
  138
  139
  140
  1
  1
  1
  1
  1
  1
  1
  1
  1
  1
  1
  1
  2
  4
  125
  126
  127
  128
  1
  1
  1
  1
  1
  1
  1
  1
  1
  1
  1
  1
  2
  4
  109
  110
  111
  112
  1
  1
  1
  1
  1
  1
  1
  1
  1
  1
  1
  1
  2
  4
  93
  94
  95
  96
  3
  3
  3
  3
  3
  3
  3
  3
  3
  3
  3
  3
  3
  3
  3
  3
  3
  3
  3
  3
  3
  3
  3
  3
  3
  3
  3
  3
  3
  3
  3
  3
  3
  3
  3
  3
  3
  3
  3
  3
  3
  3
  3
  3
  3
  3
  3
  3
  3
  3
  3
  3
  3
  3
  3
  3
  3
  3
  3
  3
  3
  3
  3
  3
  3
  3
  3
  3
  3
  3
  3
  3
  3
  3
  3
  3
  3
  3
  3
  3
  3
  3
  3
  3
  151
  151
  151
  151
  1
  1
  1
  1
  1
  1
  1
  1
  1
  1
  1
  1
  1
  1
  1
  1
  1
  1
  1
  1
  1
  1
  1
  1
  1
  1
  1
  1
  1
  1
  1
  1
  151
  151
  151
  151
  151
  151
  151
  151
  151
  151
  151
  151
  151
  151
  151
  151
  151
  151
  151
  151
  151
  151
  151
  151
  151
  151
  151
  151
  151
  151
  151
  151
  151
  151
  151
  151
  3
  3
  3
  3
  3
  3
  3
  3
  3
  3
  3
  3
  3
  3
  3
  3
  151
  151
  151
  151
  151
  151
  151
  151
  151
  151
  151
  151
  151
  151
  151
  151
  151
  151
  151
  151
  151
  151
  151
  151
  151
  151
  151
  151
  151
  151
  151
  151
  1
  1
  1
  1
  1
  1
  1
  1
  151
  151
  151
  151
  151
  151
  151
  151
  3
  3
  3
  3
  3
  3
  3
  3
  3
  3
  3
  3
  3
  3
  3
  3
  3
  3
  3
  3
  3
  3
  3
  3
  3
  3
  3
  3
  3
  3
  3
  3
  3
  3
  3
  3
  3
  3
  3
  3
  3
  3
  3
  3
  151
  151
  151
  151
  151
  151
  151
  151
  3
  3
  3
  3
------------------------------------------------------------
   this is the last line generated by conversion
