
	dat input file for DRAGON5
------------------------------------------------------------


* typge, nbfo, node, elem, macr, nreg,    z, mac2
      0,    0,  1118,  2105,    97, 1118,     0,     1
* index  kindex
      0       0  1
*     eps    eps0
  1.000000E-05   1.000000E-05
*   flux region number per geometry region (mesh)
   1,   2,   3,   4,   5,   6,   7,   8,   9,  10,  11,  12,
  13,  14,  15,  16,  17,  18,  19,  20,  21,  22,  23,  24,
  25,  26,  27,  28,  29,  30,  31,  32,  33,  34,  35,  36,
  37,  38,  39,  40,  41,  42,  43,  44,  45,  46,  47,  48,
  49,  50,  51,  52,  53,  54,  55,  56,  57,  58,  59,  60,
  61,  62,  63,  64,  65,  66,  67,  68,  69,  70,  71,  72,
  73,  74,  75,  76,  77,  78,  79,  80,  81,  82,  83,  84,
  85,  86,  87,  88,  89,  90,  91,  92,  93,  94,  95,  96,
  97,  98,  99, 100, 101, 102, 103, 104, 105, 106, 107, 108,
 109, 110, 111, 112, 113, 114, 115, 116, 117, 118, 119, 120,
 121, 122, 123, 124, 125, 126, 127, 128, 129, 130, 131, 132,
 133, 134, 135, 136, 137, 138, 139, 140, 141, 142, 143, 144,
 145, 146, 147, 148, 149, 150, 151, 152, 153, 154, 155, 156,
 157, 158, 159, 160, 161, 162, 163, 164, 165, 166, 167, 168,
 169, 170, 171, 172, 173, 174, 175, 176, 177, 178, 179, 180,
 181, 182, 183, 184, 185, 186, 187, 188, 189, 190, 191, 192,
 193, 194, 195, 196, 197, 198, 199, 200, 201, 202, 203, 204,
 205, 206, 207, 208, 209, 210, 211, 212, 213, 214, 215, 216,
 217, 218, 219, 220, 221, 222, 223, 224, 225, 226, 227, 228,
 229, 230, 231, 232, 233, 234, 235, 236, 237, 238, 239, 240,
 241, 242, 243, 244, 245, 246, 247, 248, 249, 250, 251, 252,
 253, 254, 255, 256, 257, 258, 259, 260, 261, 262, 263, 264,
 265, 266, 267, 268, 269, 270, 271, 272, 273, 274, 275, 276,
 277, 278, 279, 280, 281, 282, 283, 284, 285, 286, 287, 288,
 289, 290, 291, 292, 293, 294, 295, 296, 297, 298, 299, 300,
 301, 302, 303, 304, 305, 306, 307, 308, 309, 310, 311, 312,
 313, 314, 315, 316, 317, 318, 319, 320, 321, 322, 323, 324,
 325, 326, 327, 328, 329, 330, 331, 332, 333, 334, 335, 336,
 337, 338, 339, 340, 341, 342, 343, 344, 345, 346, 347, 348,
 349, 350, 351, 352, 353, 354, 355, 356, 357, 358, 359, 360,
 361, 362, 363, 364, 365, 366, 367, 368, 369, 370, 371, 372,
 373, 374, 375, 376, 377, 378, 379, 380, 381, 382, 383, 384,
 385, 386, 387, 388, 389, 390, 391, 392, 393, 394, 395, 396,
 397, 398, 399, 400, 401, 402, 403, 404, 405, 406, 407, 408,
 409, 410, 411, 412, 413, 414, 415, 416, 417, 418, 419, 420,
 421, 422, 423, 424, 425, 426, 427, 428, 429, 430, 431, 432,
 433, 434, 435, 436, 437, 438, 439, 440, 441, 442, 443, 444,
 445, 446, 447, 448, 449, 450, 451, 452, 453, 454, 455, 456,
 457, 458, 459, 460, 461, 462, 463, 464, 465, 466, 467, 468,
 469, 470, 471, 472, 473, 474, 475, 476, 477, 478, 479, 480,
 481, 482, 483, 484, 485, 486, 487, 488, 489, 490, 491, 492,
 493, 494, 495, 496, 497, 498, 499, 500, 501, 502, 503, 504,
 505, 506, 507, 508, 509, 510, 511, 512, 513, 514, 515, 516,
 517, 518, 519, 520, 521, 522, 523, 524, 525, 526, 527, 528,
 529, 530, 531, 532, 533, 534, 535, 536, 537, 538, 539, 540,
 541, 542, 543, 544, 545, 546, 547, 548, 549, 550, 551, 552,
 553, 554, 555, 556, 557, 558, 559, 560, 561, 562, 563, 564,
 565, 566, 567, 568, 569, 570, 571, 572, 573, 574, 575, 576,
 577, 578, 579, 580, 581, 582, 583, 584, 585, 586, 587, 588,
 589, 590, 591, 592, 593, 594, 595, 596, 597, 598, 599, 600,
 601, 602, 603, 604, 605, 606, 607, 608, 609, 610, 611, 612,
 613, 614, 615, 616, 617, 618, 619, 620, 621, 622, 623, 624,
 625, 626, 627, 628, 629, 630, 631, 632, 633, 634, 635, 636,
 637, 638, 639, 640, 641, 642, 643, 644, 645, 646, 647, 648,
 649, 650, 651, 652, 653, 654, 655, 656, 657, 658, 659, 660,
 661, 662, 663, 664, 665, 666, 667, 668, 669, 670, 671, 672,
 673, 674, 675, 676, 677, 678, 679, 680, 681, 682, 683, 684,
 685, 686, 687, 688, 689, 690, 691, 692, 693, 694, 695, 696,
 697, 698, 699, 700, 701, 702, 703, 704, 705, 706, 707, 708,
 709, 710, 711, 712, 713, 714, 715, 716, 717, 718, 719, 720,
 721, 722, 723, 724, 725, 726, 727, 728, 729, 730, 731, 732,
 733, 734, 735, 736, 737, 738, 739, 740, 741, 742, 743, 744,
 745, 746, 747, 748, 749, 750, 751, 752, 753, 754, 755, 756,
 757, 758, 759, 760, 761, 762, 763, 764, 765, 766, 767, 768,
 769, 770, 771, 772, 773, 774, 775, 776, 777, 778, 779, 780,
 781, 782, 783, 784, 785, 786, 787, 788, 789, 790, 791, 792,
 793, 794, 795, 796, 797, 798, 799, 800, 801, 802, 803, 804,
 805, 806, 807, 808, 809, 810, 811, 812, 813, 814, 815, 816,
 817, 818, 819, 820, 821, 822, 823, 824, 825, 826, 827, 828,
 829, 830, 831, 832, 833, 834, 835, 836, 837, 838, 839, 840,
 841, 842, 843, 844, 845, 846, 847, 848, 849, 850, 851, 852,
 853, 854, 855, 856, 857, 858, 859, 860, 861, 862, 863, 864,
 865, 866, 867, 868, 869, 870, 871, 872, 873, 874, 875, 876,
 877, 878, 879, 880, 881, 882, 883, 884, 885, 886, 887, 888,
 889, 890, 891, 892, 893, 894, 895, 896, 897, 898, 899, 900,
 901, 902, 903, 904, 905, 906, 907, 908, 909, 910, 911, 912,
 913, 914, 915, 916, 917, 918, 919, 920, 921, 922, 923, 924,
 925, 926, 927, 928, 929, 930, 931, 932, 933, 934, 935, 936,
 937, 938, 939, 940, 941, 942, 943, 944, 945, 946, 947, 948,
 949, 950, 951, 952, 953, 954, 955, 956, 957, 958, 959, 960,
 961, 962, 963, 964, 965, 966, 967, 968, 969, 970, 971, 972,
 973, 974, 975, 976, 977, 978, 979, 980, 981, 982, 983, 984,
 985, 986, 987, 988, 989, 990, 991, 992, 993, 994, 995, 996,
 997, 998, 999, 1000, 1001, 1002, 1003, 1004, 1005, 1006, 1007, 1008,
 1009, 1010, 1011, 1012, 1013, 1014, 1015, 1016, 1017, 1018, 1019, 1020,
 1021, 1022, 1023, 1024, 1025, 1026, 1027, 1028, 1029, 1030, 1031, 1032,
 1033, 1034, 1035, 1036, 1037, 1038, 1039, 1040, 1041, 1042, 1043, 1044,
 1045, 1046, 1047, 1048, 1049, 1050, 1051, 1052, 1053, 1054, 1055, 1056,
 1057, 1058, 1059, 1060, 1061, 1062, 1063, 1064, 1065, 1066, 1067, 1068,
 1069, 1070, 1071, 1072, 1073, 1074, 1075, 1076, 1077, 1078, 1079, 1080,
 1081, 1082, 1083, 1084, 1085, 1086, 1087, 1088, 1089, 1090, 1091, 1092,
 1093, 1094, 1095, 1096, 1097, 1098, 1099, 1100, 1101, 1102, 1103, 1104,
 1105, 1106, 1107, 1108, 1109, 1110, 1111, 1112, 1113, 1114, 1115, 1116,
 1117, 1118
*   names of macros
 MACRO_WaterRod_1 MACRO13 MACRO12 MACRO02
 MACRO01 MACRO00 MACRO77 MACRO76
 MACRO75 MACRO74 MACRO73 MACRO72
 MACRO71 MACRO70 MACRO67 MACRO66
 MACRO65 MACRO64 MACRO63 MACRO62
 MACRO61 MACRO60 MACRO57 MACRO56
 MACRO55 MACRO54 MACRO53 MACRO52
 MACRO51 MACRO50 MACRO47 MACRO46
 MACRO45 MACRO42 MACRO41 MACRO40
 MACRO37 MACRO36 MACRO35 MACRO32
 MACRO31 MACRO30 MACRO27 MACRO26
 MACRO25 MACRO24 MACRO23 MACRO22
 MACRO21 MACRO20 MACRO17 MACRO16
 MACRO15 MACRO14 MACRO11 MACRO10
 MACRO07 MACRO06 MACRO05 MACRO04
 MACRO03 LEFT_1  TOP_1   LEFT_4 
 LEFT_6  LEFT_7  TOP_4   BOT_6  
 TOP_6   BOT_7   TOP_7   RIGHT_6
 RIGHT_7 BOT_1   RIGHT_1 BOT_2  
 BOT_3   BOT_4   RIGHT_2 RIGHT_3
 RIGHT_4 LEFT_2  LEFT_3  LEFT_5 
 LEFT_8  TOP_2   TOP_3   BOT_5  
 TOP_5   BOT_8   TOP_8   RIGHT_5
 RIGHT_8 CORNER_BL CORNER_BR CORNER_TL
 CORNER_TR
*   macro order number per flux region
  1,  1,  1,  1,  1,  1,  1,  1,  1,  1,  2,  2,
  2,  2,  2,  2,  2,  2,  2,  2,  2,  2,  2,  2,
  2,  2,  2,  3,  3,  3,  3,  3,  3,  3,  3,  3,
  3,  3,  3,  3,  3,  3,  3,  3,  3,  3,  4,  4,
  4,  4,  4,  4,  4,  4,  4,  4,  4,  4,  4,  4,
  4,  4,  4,  5,  5,  5,  5,  5,  5,  5,  5,  5,
  5,  5,  5,  5,  5,  5,  5,  5,  6,  6,  6,  6,
  6,  6,  6,  6,  6,  6,  6,  6,  6,  6,  6,  6,
  6,  7,  7,  7,  7,  7,  7,  7,  7,  7,  7,  7,
  7,  7,  7,  7,  7,  7,  8,  8,  8,  8,  8,  8,
  8,  8,  8,  8,  8,  8,  8,  8,  8,  8,  8,  9,
  9,  9,  9,  9,  9,  9,  9,  9,  9,  9,  9,  9,
  9,  9,  9,  9, 10, 10, 10, 10, 10, 10, 10, 10,
 10, 10, 10, 10, 10, 10, 10, 10, 10, 11, 11, 11,
 11, 11, 11, 11, 11, 11, 11, 11, 11, 11, 11, 11,
 11, 11, 12, 12, 12, 12, 12, 12, 12, 12, 12, 12,
 12, 12, 12, 12, 12, 12, 12, 13, 13, 13, 13, 13,
 13, 13, 13, 13, 13, 13, 13, 13, 13, 13, 13, 13,
 14, 14, 14, 14, 14, 14, 14, 14, 14, 14, 14, 14,
 14, 14, 14, 14, 14, 15, 15, 15, 15, 15, 15, 15,
 15, 15, 15, 15, 15, 15, 15, 15, 15, 15, 16, 16,
 16, 16, 16, 16, 16, 16, 16, 16, 16, 16, 16, 16,
 16, 16, 16, 17, 17, 17, 17, 17, 17, 17, 17, 17,
 17, 17, 17, 17, 17, 17, 17, 17, 17, 17, 18, 18,
 18, 18, 18, 18, 18, 18, 18, 18, 18, 18, 18, 18,
 18, 18, 18, 19, 19, 19, 19, 19, 19, 19, 19, 19,
 19, 19, 19, 19, 19, 19, 19, 19, 20, 20, 20, 20,
 20, 20, 20, 20, 20, 20, 20, 20, 20, 20, 20, 20,
 20, 20, 20, 21, 21, 21, 21, 21, 21, 21, 21, 21,
 21, 21, 21, 21, 21, 21, 21, 21, 22, 22, 22, 22,
 22, 22, 22, 22, 22, 22, 22, 22, 22, 22, 22, 22,
 22, 23, 23, 23, 23, 23, 23, 23, 23, 23, 23, 23,
 23, 23, 23, 23, 23, 23, 24, 24, 24, 24, 24, 24,
 24, 24, 24, 24, 24, 24, 24, 24, 24, 24, 24, 24,
 24, 25, 25, 25, 25, 25, 25, 25, 25, 25, 25, 25,
 25, 25, 25, 25, 25, 25, 26, 26, 26, 26, 26, 26,
 26, 26, 26, 26, 26, 26, 26, 26, 26, 26, 26, 27,
 27, 27, 27, 27, 27, 27, 27, 27, 27, 27, 27, 27,
 27, 27, 27, 27, 28, 28, 28, 28, 28, 28, 28, 28,
 28, 28, 28, 28, 28, 28, 28, 28, 28, 29, 29, 29,
 29, 29, 29, 29, 29, 29, 29, 29, 29, 29, 29, 29,
 29, 29, 29, 29, 30, 30, 30, 30, 30, 30, 30, 30,
 30, 30, 30, 30, 30, 30, 30, 30, 30, 31, 31, 31,
 31, 31, 31, 31, 31, 31, 31, 31, 31, 31, 31, 31,
 31, 31, 32, 32, 32, 32, 32, 32, 32, 32, 32, 32,
 32, 32, 32, 32, 32, 32, 32, 33, 33, 33, 33, 33,
 33, 33, 33, 33, 33, 33, 33, 33, 33, 33, 33, 33,
 34, 34, 34, 34, 34, 34, 34, 34, 34, 34, 34, 34,
 34, 34, 34, 34, 34, 35, 35, 35, 35, 35, 35, 35,
 35, 35, 35, 35, 35, 35, 35, 35, 35, 35, 36, 36,
 36, 36, 36, 36, 36, 36, 36, 36, 36, 36, 36, 36,
 36, 36, 36, 37, 37, 37, 37, 37, 37, 37, 37, 37,
 37, 37, 37, 37, 37, 37, 37, 37, 38, 38, 38, 38,
 38, 38, 38, 38, 38, 38, 38, 38, 38, 38, 38, 38,
 38, 39, 39, 39, 39, 39, 39, 39, 39, 39, 39, 39,
 39, 39, 39, 39, 39, 39, 40, 40, 40, 40, 40, 40,
 40, 40, 40, 40, 40, 40, 40, 40, 40, 40, 40, 41,
 41, 41, 41, 41, 41, 41, 41, 41, 41, 41, 41, 41,
 41, 41, 41, 41, 42, 42, 42, 42, 42, 42, 42, 42,
 42, 42, 42, 42, 42, 42, 42, 42, 42, 43, 43, 43,
 43, 43, 43, 43, 43, 43, 43, 43, 43, 43, 43, 43,
 43, 43, 44, 44, 44, 44, 44, 44, 44, 44, 44, 44,
 44, 44, 44, 44, 44, 44, 44, 44, 44, 45, 45, 45,
 45, 45, 45, 45, 45, 45, 45, 45, 45, 45, 45, 45,
 45, 45, 46, 46, 46, 46, 46, 46, 46, 46, 46, 46,
 46, 46, 46, 46, 46, 46, 46, 47, 47, 47, 47, 47,
 47, 47, 47, 47, 47, 47, 47, 47, 47, 47, 47, 47,
 48, 48, 48, 48, 48, 48, 48, 48, 48, 48, 48, 48,
 48, 48, 48, 48, 48, 49, 49, 49, 49, 49, 49, 49,
 49, 49, 49, 49, 49, 49, 49, 49, 49, 49, 49, 49,
 50, 50, 50, 50, 50, 50, 50, 50, 50, 50, 50, 50,
 50, 50, 50, 50, 50, 51, 51, 51, 51, 51, 51, 51,
 51, 51, 51, 51, 51, 51, 51, 51, 51, 51, 52, 52,
 52, 52, 52, 52, 52, 52, 52, 52, 52, 52, 52, 52,
 52, 52, 52, 53, 53, 53, 53, 53, 53, 53, 53, 53,
 53, 53, 53, 53, 53, 53, 53, 53, 53, 53, 54, 54,
 54, 54, 54, 54, 54, 54, 54, 54, 54, 54, 54, 54,
 54, 54, 54, 55, 55, 55, 55, 55, 55, 55, 55, 55,
 55, 55, 55, 55, 55, 55, 55, 55, 56, 56, 56, 56,
 56, 56, 56, 56, 56, 56, 56, 56, 56, 56, 56, 56,
 56, 57, 57, 57, 57, 57, 57, 57, 57, 57, 57, 57,
 57, 57, 57, 57, 57, 57, 58, 58, 58, 58, 58, 58,
 58, 58, 58, 58, 58, 58, 58, 58, 58, 58, 58, 59,
 59, 59, 59, 59, 59, 59, 59, 59, 59, 59, 59, 59,
 59, 59, 59, 59, 60, 60, 60, 60, 60, 60, 60, 60,
 60, 60, 60, 60, 60, 60, 60, 60, 60, 61, 61, 61,
 61, 61, 61, 61, 61, 61, 61, 61, 61, 61, 61, 61,
 61, 61, 62, 63, 64, 65, 66, 67, 68, 69, 70, 71,
 72, 73, 74, 75, 76, 77, 78, 79, 80, 81, 82, 83,
 84, 85, 86, 87, 88, 89, 90, 91, 92, 93, 94, 95,
 96, 97, 68, 62, 72, 74, 65, 66, 63, 76, 77, 78,
 70, 75, 82, 83, 64, 69, 71, 90, 80, 81, 73, 79,
 84, 85, 86, 87, 67, 88, 93, 89, 91, 92, 94, 95,
 96, 97
   elements
* ELEM  1  line segment
 1, 0, 1079
*
  0.0000000E+00, 1.1000000E+00, 0.0000000E+00, -1.1000000E+00
* ELEM  2  line segment
 1, 1047, 1079
*
  8.4600000E-01, 1.1000000E+00, -8.4600000E-01, 0.0000000E+00
* ELEM  3  line segment
 1, 1079, 1115
*
  8.4600000E-01, 1.1000000E+00, 0.0000000E+00, -2.5400000E-01
* ELEM  4  line segment
 1, 1079, 1115
*
  8.4600000E-01, 8.4600000E-01, 2.5400000E-01, 0.0000000E+00
* ELEM  5  line segment
 1, 1059, 1079
*
  1.1000000E+00, 0.0000000E+00, 0.0000000E+00, 8.4600000E-01
* ELEM  6  line segment
 1, 0, 1079
*
  0.0000000E+00, 0.0000000E+00, 1.1000000E+00, 0.0000000E+00
* ELEM  7  line segment
 1, 1059, 1086
*
  1.1000000E+00, 8.4600000E-01, 1.6300000E+00, 0.0000000E+00
* ELEM  8  line segment
 1, 1061, 1059
*
  2.7300000E+00, 0.0000000E+00, 0.0000000E+00, 8.4600000E-01
* ELEM  9  line segment
 1, 0, 1059
*
  1.1000000E+00, 0.0000000E+00, 1.6300000E+00, 0.0000000E+00
* ELEM  10  line segment
 1, 0, 1047
*
  0.0000000E+00, 2.7300000E+00, 0.0000000E+00, -1.6300000E+00
* ELEM  11  line segment
 1, 1067, 1047
*
  8.4600000E-01, 2.7300000E+00, -8.4600000E-01, 0.0000000E+00
* ELEM  12  line segment
 1, 1047, 1084
*
  8.4600000E-01, 2.7300000E+00, 0.0000000E+00, -1.6300000E+00
* ELEM  13  line segment
 1, 1061, 1090
*
  2.7300000E+00, 8.4600000E-01, 1.6300000E+00, 0.0000000E+00
* ELEM  14  line segment
 1, 1062, 1061
*
  4.3600000E+00, 0.0000000E+00, 0.0000000E+00, 8.4600000E-01
* ELEM  15  line segment
 1, 0, 1061
*
  2.7300000E+00, 0.0000000E+00, 1.6300000E+00, 0.0000000E+00
* ELEM  16  line segment
 1, 0, 1067
*
  0.0000000E+00, 4.3600000E+00, 0.0000000E+00, -1.6300000E+00
* ELEM  17  line segment
 1, 1068, 1067
*
  8.4600000E-01, 4.3600000E+00, -8.4600000E-01, 0.0000000E+00
* ELEM  18  line segment
 1, 1067, 1095
*
  8.4600000E-01, 4.3600000E+00, 0.0000000E+00, -1.6300000E+00
* ELEM  19  line segment
 1, 1062, 1091
*
  4.3600000E+00, 8.4600000E-01, 1.6300000E+00, 0.0000000E+00
* ELEM  20  line segment
 1, 1063, 1062
*
  5.9900000E+00, 0.0000000E+00, 0.0000000E+00, 8.4600000E-01
* ELEM  21  line segment
 1, 0, 1062
*
  4.3600000E+00, 0.0000000E+00, 1.6300000E+00, 0.0000000E+00
* ELEM  22  line segment
 1, 0, 1068
*
  0.0000000E+00, 5.9900000E+00, 0.0000000E+00, -1.6300000E+00
* ELEM  23  line segment
 1, 1049, 1068
*
  8.4600000E-01, 5.9900000E+00, -8.4600000E-01, 0.0000000E+00
* ELEM  24  line segment
 1, 1068, 1096
*
  8.4600000E-01, 5.9900000E+00, 0.0000000E+00, -1.6300000E+00
* ELEM  25  line segment
 1, 1063, 1092
*
  5.9900000E+00, 8.4600000E-01, 1.6300000E+00, 0.0000000E+00
* ELEM  26  line segment
 1, 1073, 1063
*
  7.6200000E+00, 0.0000000E+00, 0.0000000E+00, 8.4600000E-01
* ELEM  27  line segment
 1, 0, 1063
*
  5.9900000E+00, 0.0000000E+00, 1.6300000E+00, 0.0000000E+00
* ELEM  28  line segment
 1, 0, 1049
*
  0.0000000E+00, 7.6200000E+00, 0.0000000E+00, -1.6300000E+00
* ELEM  29  line segment
 1, 1069, 1049
*
  8.4600000E-01, 7.6200000E+00, -8.4600000E-01, 0.0000000E+00
* ELEM  30  line segment
 1, 1049, 1097
*
  8.4600000E-01, 7.6200000E+00, 0.0000000E+00, -1.6300000E+00
* ELEM  31  line segment
 1, 1073, 1110
*
  7.6200000E+00, 8.4600000E-01, 1.6300000E+00, 0.0000000E+00
* ELEM  32  line segment
 1, 1053, 1073
*
  9.2500000E+00, 0.0000000E+00, 0.0000000E+00, 8.4600000E-01
* ELEM  33  line segment
 1, 0, 1073
*
  7.6200000E+00, 0.0000000E+00, 1.6300000E+00, 0.0000000E+00
* ELEM  34  line segment
 1, 0, 1069
*
  0.0000000E+00, 9.2500000E+00, 0.0000000E+00, -1.6300000E+00
* ELEM  35  line segment
 1, 1050, 1069
*
  8.4600000E-01, 9.2500000E+00, -8.4600000E-01, 0.0000000E+00
* ELEM  36  line segment
 1, 1069, 1105
*
  8.4600000E-01, 9.2500000E+00, 0.0000000E+00, -1.6300000E+00
* ELEM  37  line segment
 1, 1053, 1083
*
  9.2500000E+00, 8.4600000E-01, 1.6300000E+00, 0.0000000E+00
* ELEM  38  line segment
 1, 1055, 1053
*
  1.0880000E+01, 0.0000000E+00, 0.0000000E+00, 8.4600000E-01
* ELEM  39  line segment
 1, 0, 1053
*
  9.2500000E+00, 0.0000000E+00, 1.6300000E+00, 0.0000000E+00
* ELEM  40  line segment
 1, 0, 1050
*
  0.0000000E+00, 1.0880000E+01, 0.0000000E+00, -1.6300000E+00
* ELEM  41  line segment
 1, 1051, 1050
*
  8.4600000E-01, 1.0880000E+01, -8.4600000E-01, 0.0000000E+00
* ELEM  42  line segment
 1, 1050, 1087
*
  8.4600000E-01, 1.0880000E+01, 0.0000000E+00, -1.6300000E+00
* ELEM  43  line segment
 1, 1055, 1093
*
  1.0880000E+01, 8.4600000E-01, 1.6300000E+00, 0.0000000E+00
* ELEM  44  line segment
 1, 1075, 1055
*
  1.2510000E+01, 0.0000000E+00, 0.0000000E+00, 8.4600000E-01
* ELEM  45  line segment
 1, 0, 1055
*
  1.0880000E+01, 0.0000000E+00, 1.6300000E+00, 0.0000000E+00
* ELEM  46  line segment
 1, 0, 1051
*
  0.0000000E+00, 1.2510000E+01, 0.0000000E+00, -1.6300000E+00
* ELEM  47  line segment
 1, 1070, 1051
*
  8.4600000E-01, 1.2510000E+01, -8.4600000E-01, 0.0000000E+00
* ELEM  48  line segment
 1, 1051, 1088
*
  8.4600000E-01, 1.2510000E+01, 0.0000000E+00, -1.6300000E+00
* ELEM  49  line segment
 1, 1075, 1100
*
  1.2510000E+01, 8.4600000E-01, 1.6300000E+00, 0.0000000E+00
* ELEM  50  line segment
 1, 1080, 1075
*
  1.4140000E+01, 0.0000000E+00, 0.0000000E+00, 8.4600000E-01
* ELEM  51  line segment
 1, 0, 1075
*
  1.2510000E+01, 0.0000000E+00, 1.6300000E+00, 0.0000000E+00
* ELEM  52  line segment
 1, 0, 1070
*
  0.0000000E+00, 1.4140000E+01, 0.0000000E+00, -1.6300000E+00
* ELEM  53  line segment
 1, 1081, 1070
*
  8.4600000E-01, 1.4140000E+01, -8.4600000E-01, 0.0000000E+00
* ELEM  54  line segment
 1, 1070, 1106
*
  8.4600000E-01, 1.4140000E+01, 0.0000000E+00, -1.6300000E+00
* ELEM  55  line segment
 1, 1080, 1116
*
  1.4140000E+01, 8.4600000E-01, 2.5400000E-01, 0.0000000E+00
* ELEM  56  line segment
 1, 1080, 1116
*
  1.4394000E+01, 8.4600000E-01, 0.0000000E+00, 2.5400000E-01
* ELEM  57  line segment
 1, 1060, 1080
*
  1.5240000E+01, 1.1000000E+00, -8.4600000E-01, 0.0000000E+00
* ELEM  58  line segment
 1, 0, 1080
*
  1.5240000E+01, 0.0000000E+00, 0.0000000E+00, 1.1000000E+00
* ELEM  59  line segment
 1, 0, 1080
*
  1.4140000E+01, 0.0000000E+00, 1.1000000E+00, 0.0000000E+00
* ELEM  60  line segment
 1, 0, 1081
*
  0.0000000E+00, 1.5240000E+01, 0.0000000E+00, -1.1000000E+00
* ELEM  61  line segment
 1, 0, 1081
*
  1.1000000E+00, 1.5240000E+01, -1.1000000E+00, 0.0000000E+00
* ELEM  62  line segment
 1, 1048, 1081
*
  1.1000000E+00, 1.4394000E+01, 0.0000000E+00, 8.4600000E-01
* ELEM  63  line segment
 1, 1081, 1117
*
  1.1000000E+00, 1.4394000E+01, -2.5400000E-01, 0.0000000E+00
* ELEM  64  line segment
 1, 1081, 1117
*
  8.4600000E-01, 1.4394000E+01, 0.0000000E+00, -2.5400000E-01
* ELEM  65  line segment
 1, 1060, 1094
*
  1.4394000E+01, 1.1000000E+00, 0.0000000E+00, 1.6300000E+00
* ELEM  66  line segment
 1, 1064, 1060
*
  1.5240000E+01, 2.7300000E+00, -8.4600000E-01, 0.0000000E+00
* ELEM  67  line segment
 1, 0, 1060
*
  1.5240000E+01, 1.1000000E+00, 0.0000000E+00, 1.6300000E+00
* ELEM  68  line segment
 1, 0, 1048
*
  2.7300000E+00, 1.5240000E+01, -1.6300000E+00, 0.0000000E+00
* ELEM  69  line segment
 1, 1071, 1048
*
  2.7300000E+00, 1.4394000E+01, 0.0000000E+00, 8.4600000E-01
* ELEM  70  line segment
 1, 1048, 1089
*
  2.7300000E+00, 1.4394000E+01, -1.6300000E+00, 0.0000000E+00
* ELEM  71  line segment
 1, 1064, 1104
*
  1.4394000E+01, 2.7300000E+00, 0.0000000E+00, 1.6300000E+00
* ELEM  72  line segment
 1, 1065, 1064
*
  1.5240000E+01, 4.3600000E+00, -8.4600000E-01, 0.0000000E+00
* ELEM  73  line segment
 1, 0, 1064
*
  1.5240000E+01, 2.7300000E+00, 0.0000000E+00, 1.6300000E+00
* ELEM  74  line segment
 1, 0, 1071
*
  4.3600000E+00, 1.5240000E+01, -1.6300000E+00, 0.0000000E+00
* ELEM  75  line segment
 1, 1072, 1071
*
  4.3600000E+00, 1.4394000E+01, 0.0000000E+00, 8.4600000E-01
* ELEM  76  line segment
 1, 1071, 1107
*
  4.3600000E+00, 1.4394000E+01, -1.6300000E+00, 0.0000000E+00
* ELEM  77  line segment
 1, 1065, 1101
*
  1.4394000E+01, 4.3600000E+00, 0.0000000E+00, 1.6300000E+00
* ELEM  78  line segment
 1, 1066, 1065
*
  1.5240000E+01, 5.9900000E+00, -8.4600000E-01, 0.0000000E+00
* ELEM  79  line segment
 1, 0, 1065
*
  1.5240000E+01, 4.3600000E+00, 0.0000000E+00, 1.6300000E+00
* ELEM  80  line segment
 1, 0, 1072
*
  5.9900000E+00, 1.5240000E+01, -1.6300000E+00, 0.0000000E+00
* ELEM  81  line segment
 1, 1052, 1072
*
  5.9900000E+00, 1.4394000E+01, 0.0000000E+00, 8.4600000E-01
* ELEM  82  line segment
 1, 1072, 1108
*
  5.9900000E+00, 1.4394000E+01, -1.6300000E+00, 0.0000000E+00
* ELEM  83  line segment
 1, 1066, 1102
*
  1.4394000E+01, 5.9900000E+00, 0.0000000E+00, 1.6300000E+00
* ELEM  84  line segment
 1, 1077, 1066
*
  1.5240000E+01, 7.6200000E+00, -8.4600000E-01, 0.0000000E+00
* ELEM  85  line segment
 1, 0, 1066
*
  1.5240000E+01, 5.9900000E+00, 0.0000000E+00, 1.6300000E+00
* ELEM  86  line segment
 1, 0, 1052
*
  7.6200000E+00, 1.5240000E+01, -1.6300000E+00, 0.0000000E+00
* ELEM  87  line segment
 1, 1074, 1052
*
  7.6200000E+00, 1.4394000E+01, 0.0000000E+00, 8.4600000E-01
* ELEM  88  line segment
 1, 1052, 1109
*
  7.6200000E+00, 1.4394000E+01, -1.6300000E+00, 0.0000000E+00
* ELEM  89  line segment
 1, 1077, 1114
*
  1.4394000E+01, 7.6200000E+00, 0.0000000E+00, 1.6300000E+00
* ELEM  90  line segment
 1, 1057, 1077
*
  1.5240000E+01, 9.2500000E+00, -8.4600000E-01, 0.0000000E+00
* ELEM  91  line segment
 1, 0, 1077
*
  1.5240000E+01, 7.6200000E+00, 0.0000000E+00, 1.6300000E+00
* ELEM  92  line segment
 1, 0, 1074
*
  9.2500000E+00, 1.5240000E+01, -1.6300000E+00, 0.0000000E+00
* ELEM  93  line segment
 1, 1054, 1074
*
  9.2500000E+00, 1.4394000E+01, 0.0000000E+00, 8.4600000E-01
* ELEM  94  line segment
 1, 1074, 1112
*
  9.2500000E+00, 1.4394000E+01, -1.6300000E+00, 0.0000000E+00
* ELEM  95  line segment
 1, 1057, 1085
*
  1.4394000E+01, 9.2500000E+00, 0.0000000E+00, 1.6300000E+00
* ELEM  96  line segment
 1, 1058, 1057
*
  1.5240000E+01, 1.0880000E+01, -8.4600000E-01, 0.0000000E+00
* ELEM  97  line segment
 1, 0, 1057
*
  1.5240000E+01, 9.2500000E+00, 0.0000000E+00, 1.6300000E+00
* ELEM  98  line segment
 1, 0, 1054
*
  1.0880000E+01, 1.5240000E+01, -1.6300000E+00, 0.0000000E+00
* ELEM  99  line segment
 1, 1056, 1054
*
  1.0880000E+01, 1.4394000E+01, 0.0000000E+00, 8.4600000E-01
* ELEM  100  line segment
 1, 1054, 1098
*
  1.0880000E+01, 1.4394000E+01, -1.6300000E+00, 0.0000000E+00
* ELEM  101  line segment
 1, 1058, 1103
*
  1.4394000E+01, 1.0880000E+01, 0.0000000E+00, 1.6300000E+00
* ELEM  102  line segment
 1, 1078, 1058
*
  1.5240000E+01, 1.2510000E+01, -8.4600000E-01, 0.0000000E+00
* ELEM  103  line segment
 1, 0, 1058
*
  1.5240000E+01, 1.0880000E+01, 0.0000000E+00, 1.6300000E+00
* ELEM  104  line segment
 1, 0, 1056
*
  1.2510000E+01, 1.5240000E+01, -1.6300000E+00, 0.0000000E+00
* ELEM  105  line segment
 1, 1076, 1056
*
  1.2510000E+01, 1.4394000E+01, 0.0000000E+00, 8.4600000E-01
* ELEM  106  line segment
 1, 1056, 1099
*
  1.2510000E+01, 1.4394000E+01, -1.6300000E+00, 0.0000000E+00
* ELEM  107  line segment
 1, 1078, 1111
*
  1.4394000E+01, 1.2510000E+01, 0.0000000E+00, 1.6300000E+00
* ELEM  108  line segment
 1, 1082, 1078
*
  1.5240000E+01, 1.4140000E+01, -8.4600000E-01, 0.0000000E+00
* ELEM  109  line segment
 1, 0, 1078
*
  1.5240000E+01, 1.2510000E+01, 0.0000000E+00, 1.6300000E+00
* ELEM  110  line segment
 1, 0, 1076
*
  1.4140000E+01, 1.5240000E+01, -1.6300000E+00, 0.0000000E+00
* ELEM  111  line segment
 1, 1082, 1076
*
  1.4140000E+01, 1.4394000E+01, 0.0000000E+00, 8.4600000E-01
* ELEM  112  line segment
 1, 1076, 1113
*
  1.4140000E+01, 1.4394000E+01, -1.6300000E+00, 0.0000000E+00
* ELEM  113  line segment
 1, 1082, 1118
*
  1.4394000E+01, 1.4140000E+01, 0.0000000E+00, 2.5400000E-01
* ELEM  114  line segment
 1, 1082, 1118
*
  1.4394000E+01, 1.4394000E+01, -2.5400000E-01, 0.0000000E+00
* ELEM  115  line segment
 1, 0, 1082
*
  1.5240000E+01, 1.5240000E+01, -1.1000000E+00, 0.0000000E+00
* ELEM  116  line segment
 1, 0, 1082
*
  1.5240000E+01, 1.4140000E+01, 0.0000000E+00, 1.1000000E+00
* ELEM  117  line segment
 1, 1089, 1117
*
  1.1000000E+00, 1.4140000E+01, 0.0000000E+00, 2.5400000E-01
* ELEM  118  line segment
 1, 1117, 1106
*
  1.1000000E+00, 1.4140000E+01, -2.5400000E-01, 0.0000000E+00
* ELEM  119  line segment
 1, 1106, 223
*
  1.1000000E+00, 1.4140000E+01, 0.0000000E+00, -4.7741595E-01
* ELEM  120  line segment
 1, 1106, 220
*
  1.1000000E+00, 1.3662584E+01, 0.0000000E+00, -6.7516811E-01
* ELEM  121  line segment
 1, 1106, 217
*
  1.1000000E+00, 1.2987416E+01, 0.0000000E+00, -4.7741595E-01
* ELEM  122  line segment
 1, 1106, 1088
*
  1.1000000E+00, 1.2510000E+01, -2.5400000E-01, 0.0000000E+00
* ELEM  123  line segment
 1, 1107, 1089
*
  2.7300000E+00, 1.4140000E+01, 0.0000000E+00, 2.5400000E-01
* ELEM  124  line segment
 1, 1089, 227
*
  2.7300000E+00, 1.4140000E+01, -4.7741595E-01, 0.0000000E+00
* ELEM  125  line segment
 1, 1089, 226
*
  2.2525841E+00, 1.4140000E+01, -6.7516811E-01, 0.0000000E+00
* ELEM  126  line segment
 1, 1089, 223
*
  1.5774159E+00, 1.4140000E+01, -4.7741595E-01, 0.0000000E+00
* ELEM  127  line segment
 1, 1088, 363
*
  1.1000000E+00, 1.2510000E+01, 0.0000000E+00, -4.7741595E-01
* ELEM  128  line segment
 1, 1088, 360
*
  1.1000000E+00, 1.2032584E+01, 0.0000000E+00, -6.7516811E-01
* ELEM  129  line segment
 1, 1088, 357
*
  1.1000000E+00, 1.1357416E+01, 0.0000000E+00, -4.7741595E-01
* ELEM  130  line segment
 1, 1088, 1087
*
  1.1000000E+00, 1.0880000E+01, -2.5400000E-01, 0.0000000E+00
* ELEM  131  line segment
 1, 1108, 1107
*
  4.3600000E+00, 1.4140000E+01, 0.0000000E+00, 2.5400000E-01
* ELEM  132  line segment
 1, 1107, 210
*
  4.3600000E+00, 1.4140000E+01, -4.7741595E-01, 0.0000000E+00
* ELEM  133  line segment
 1, 1107, 209
*
  3.8825841E+00, 1.4140000E+01, -6.7516811E-01, 0.0000000E+00
* ELEM  134  line segment
 1, 1107, 206
*
  3.2074159E+00, 1.4140000E+01, -4.7741595E-01, 0.0000000E+00
* ELEM  135  line segment
 1, 1087, 503
*
  1.1000000E+00, 1.0880000E+01, 0.0000000E+00, -4.7741595E-01
* ELEM  136  line segment
 1, 1087, 500
*
  1.1000000E+00, 1.0402584E+01, 0.0000000E+00, -6.7516811E-01
* ELEM  137  line segment
 1, 1087, 497
*
  1.1000000E+00, 9.7274159E+00, 0.0000000E+00, -4.7741595E-01
* ELEM  138  line segment
 1, 1087, 1105
*
  1.1000000E+00, 9.2500000E+00, -2.5400000E-01, 0.0000000E+00
* ELEM  139  line segment
 1, 1109, 1108
*
  5.9900000E+00, 1.4140000E+01, 0.0000000E+00, 2.5400000E-01
* ELEM  140  line segment
 1, 1108, 193
*
  5.9900000E+00, 1.4140000E+01, -4.7741595E-01, 0.0000000E+00
* ELEM  141  line segment
 1, 1108, 192
*
  5.5125841E+00, 1.4140000E+01, -6.7516811E-01, 0.0000000E+00
* ELEM  142  line segment
 1, 1108, 189
*
  4.8374159E+00, 1.4140000E+01, -4.7741595E-01, 0.0000000E+00
* ELEM  143  line segment
 1, 1105, 605
*
  1.1000000E+00, 9.2500000E+00, 0.0000000E+00, -4.7741595E-01
* ELEM  144  line segment
 1, 1105, 602
*
  1.1000000E+00, 8.7725841E+00, 0.0000000E+00, -6.7516811E-01
* ELEM  145  line segment
 1, 1105, 599
*
  1.1000000E+00, 8.0974159E+00, 0.0000000E+00, -4.7741595E-01
* ELEM  146  line segment
 1, 1105, 1097
*
  1.1000000E+00, 7.6200000E+00, -2.5400000E-01, 0.0000000E+00
* ELEM  147  line segment
 1, 1112, 1109
*
  7.6200000E+00, 1.4140000E+01, 0.0000000E+00, 2.5400000E-01
* ELEM  148  line segment
 1, 1109, 176
*
  7.6200000E+00, 1.4140000E+01, -4.7741595E-01, 0.0000000E+00
* ELEM  149  line segment
 1, 1109, 175
*
  7.1425841E+00, 1.4140000E+01, -6.7516811E-01, 0.0000000E+00
* ELEM  150  line segment
 1, 1109, 172
*
  6.4674159E+00, 1.4140000E+01, -4.7741595E-01, 0.0000000E+00
* ELEM  151  line segment
 1, 1097, 707
*
  1.1000000E+00, 7.6200000E+00, 0.0000000E+00, -4.7741595E-01
* ELEM  152  line segment
 1, 1097, 704
*
  1.1000000E+00, 7.1425841E+00, 0.0000000E+00, -6.7516811E-01
* ELEM  153  line segment
 1, 1097, 701
*
  1.1000000E+00, 6.4674159E+00, 0.0000000E+00, -4.7741595E-01
* ELEM  154  line segment
 1, 1097, 1096
*
  1.1000000E+00, 5.9900000E+00, -2.5400000E-01, 0.0000000E+00
* ELEM  155  line segment
 1, 1098, 1112
*
  9.2500000E+00, 1.4140000E+01, 0.0000000E+00, 2.5400000E-01
* ELEM  156  line segment
 1, 1112, 159
*
  9.2500000E+00, 1.4140000E+01, -4.7741595E-01, 0.0000000E+00
* ELEM  157  line segment
 1, 1112, 158
*
  8.7725841E+00, 1.4140000E+01, -6.7516811E-01, 0.0000000E+00
* ELEM  158  line segment
 1, 1112, 155
*
  8.0974159E+00, 1.4140000E+01, -4.7741595E-01, 0.0000000E+00
* ELEM  159  line segment
 1, 1096, 847
*
  1.1000000E+00, 5.9900000E+00, 0.0000000E+00, -4.7741595E-01
* ELEM  160  line segment
 1, 1096, 844
*
  1.1000000E+00, 5.5125841E+00, 0.0000000E+00, -6.7516811E-01
* ELEM  161  line segment
 1, 1096, 841
*
  1.1000000E+00, 4.8374159E+00, 0.0000000E+00, -4.7741595E-01
* ELEM  162  line segment
 1, 1096, 1095
*
  1.1000000E+00, 4.3600000E+00, -2.5400000E-01, 0.0000000E+00
* ELEM  163  line segment
 1, 1099, 1098
*
  1.0880000E+01, 1.4140000E+01, 0.0000000E+00, 2.5400000E-01
* ELEM  164  line segment
 1, 1098, 142
*
  1.0880000E+01, 1.4140000E+01, -4.7741595E-01, 0.0000000E+00
* ELEM  165  line segment
 1, 1098, 141
*
  1.0402584E+01, 1.4140000E+01, -6.7516811E-01, 0.0000000E+00
* ELEM  166  line segment
 1, 1098, 138
*
  9.7274159E+00, 1.4140000E+01, -4.7741595E-01, 0.0000000E+00
* ELEM  167  line segment
 1, 1095, 951
*
  1.1000000E+00, 4.3600000E+00, 0.0000000E+00, -4.7741595E-01
* ELEM  168  line segment
 1, 1095, 948
*
  1.1000000E+00, 3.8825841E+00, 0.0000000E+00, -6.7516811E-01
* ELEM  169  line segment
 1, 1095, 945
*
  1.1000000E+00, 3.2074159E+00, 0.0000000E+00, -4.7741595E-01
* ELEM  170  line segment
 1, 1095, 1084
*
  1.1000000E+00, 2.7300000E+00, -2.5400000E-01, 0.0000000E+00
* ELEM  171  line segment
 1, 1113, 1099
*
  1.2510000E+01, 1.4140000E+01, 0.0000000E+00, 2.5400000E-01
* ELEM  172  line segment
 1, 1099, 125
*
  1.2510000E+01, 1.4140000E+01, -4.7741595E-01, 0.0000000E+00
* ELEM  173  line segment
 1, 1099, 124
*
  1.2032584E+01, 1.4140000E+01, -6.7516811E-01, 0.0000000E+00
* ELEM  174  line segment
 1, 1099, 121
*
  1.1357416E+01, 1.4140000E+01, -4.7741595E-01, 0.0000000E+00
* ELEM  175  line segment
 1, 1084, 87
*
  1.1000000E+00, 2.7300000E+00, 0.0000000E+00, -4.7741595E-01
* ELEM  176  line segment
 1, 1084, 84
*
  1.1000000E+00, 2.2525841E+00, 0.0000000E+00, -6.7516811E-01
* ELEM  177  line segment
 1, 1084, 81
*
  1.1000000E+00, 1.5774159E+00, 0.0000000E+00, -4.7741595E-01
* ELEM  178  line segment
 1, 1084, 1115
*
  1.1000000E+00, 1.1000000E+00, -2.5400000E-01, 0.0000000E+00
* ELEM  179  line segment
 1, 1118, 1113
*
  1.4140000E+01, 1.4140000E+01, 0.0000000E+00, 2.5400000E-01
* ELEM  180  line segment
 1, 1113, 108
*
  1.4140000E+01, 1.4140000E+01, -4.7741595E-01, 0.0000000E+00
* ELEM  181  line segment
 1, 1113, 107
*
  1.3662584E+01, 1.4140000E+01, -6.7516811E-01, 0.0000000E+00
* ELEM  182  line segment
 1, 1113, 104
*
  1.2987416E+01, 1.4140000E+01, -4.7741595E-01, 0.0000000E+00
* ELEM  183  line segment
 1, 1086, 1115
*
  1.1000000E+00, 8.4600000E-01, 0.0000000E+00, 2.5400000E-01
* ELEM  184  line segment
 1, 1118, 1111
*
  1.4394000E+01, 1.4140000E+01, -2.5400000E-01, 0.0000000E+00
* ELEM  185  line segment
 1, 1086, 81
*
  1.1000000E+00, 1.1000000E+00, 4.7741595E-01, 0.0000000E+00
* ELEM  186  line segment
 1, 1086, 82
*
  1.5774159E+00, 1.1000000E+00, 6.7516811E-01, 0.0000000E+00
* ELEM  187  line segment
 1, 1086, 85
*
  2.2525841E+00, 1.1000000E+00, 4.7741595E-01, 0.0000000E+00
* ELEM  188  line segment
 1, 1090, 1086
*
  2.7300000E+00, 8.4600000E-01, 0.0000000E+00, 2.5400000E-01
* ELEM  189  line segment
 1, 1111, 1103
*
  1.4394000E+01, 1.2510000E+01, -2.5400000E-01, 0.0000000E+00
* ELEM  190  line segment
 1, 1111, 102
*
  1.4140000E+01, 1.2510000E+01, 0.0000000E+00, 4.7741595E-01
* ELEM  191  line segment
 1, 1111, 106
*
  1.4140000E+01, 1.2987416E+01, 0.0000000E+00, 6.7516811E-01
* ELEM  192  line segment
 1, 1111, 108
*
  1.4140000E+01, 1.3662584E+01, 0.0000000E+00, 4.7741595E-01
* ELEM  193  line segment
 1, 1090, 64
*
  2.7300000E+00, 1.1000000E+00, 4.7741595E-01, 0.0000000E+00
* ELEM  194  line segment
 1, 1090, 65
*
  3.2074159E+00, 1.1000000E+00, 6.7516811E-01, 0.0000000E+00
* ELEM  195  line segment
 1, 1090, 68
*
  3.8825841E+00, 1.1000000E+00, 4.7741595E-01, 0.0000000E+00
* ELEM  196  line segment
 1, 1091, 1090
*
  4.3600000E+00, 8.4600000E-01, 0.0000000E+00, 2.5400000E-01
* ELEM  197  line segment
 1, 1103, 1085
*
  1.4394000E+01, 1.0880000E+01, -2.5400000E-01, 0.0000000E+00
* ELEM  198  line segment
 1, 1103, 238
*
  1.4140000E+01, 1.0880000E+01, 0.0000000E+00, 4.7741595E-01
* ELEM  199  line segment
 1, 1103, 242
*
  1.4140000E+01, 1.1357416E+01, 0.0000000E+00, 6.7516811E-01
* ELEM  200  line segment
 1, 1103, 244
*
  1.4140000E+01, 1.2032584E+01, 0.0000000E+00, 4.7741595E-01
* ELEM  201  line segment
 1, 1091, 47
*
  4.3600000E+00, 1.1000000E+00, 4.7741595E-01, 0.0000000E+00
* ELEM  202  line segment
 1, 1091, 48
*
  4.8374159E+00, 1.1000000E+00, 6.7516811E-01, 0.0000000E+00
* ELEM  203  line segment
 1, 1091, 51
*
  5.5125841E+00, 1.1000000E+00, 4.7741595E-01, 0.0000000E+00
* ELEM  204  line segment
 1, 1092, 1091
*
  5.9900000E+00, 8.4600000E-01, 0.0000000E+00, 2.5400000E-01
* ELEM  205  line segment
 1, 1085, 1114
*
  1.4394000E+01, 9.2500000E+00, -2.5400000E-01, 0.0000000E+00
* ELEM  206  line segment
 1, 1085, 378
*
  1.4140000E+01, 9.2500000E+00, 0.0000000E+00, 4.7741595E-01
* ELEM  207  line segment
 1, 1085, 382
*
  1.4140000E+01, 9.7274159E+00, 0.0000000E+00, 6.7516811E-01
* ELEM  208  line segment
 1, 1085, 384
*
  1.4140000E+01, 1.0402584E+01, 0.0000000E+00, 4.7741595E-01
* ELEM  209  line segment
 1, 1092, 1030
*
  5.9900000E+00, 1.1000000E+00, 4.7741595E-01, 0.0000000E+00
* ELEM  210  line segment
 1, 1092, 1031
*
  6.4674159E+00, 1.1000000E+00, 6.7516811E-01, 0.0000000E+00
* ELEM  211  line segment
 1, 1092, 1034
*
  7.1425841E+00, 1.1000000E+00, 4.7741595E-01, 0.0000000E+00
* ELEM  212  line segment
 1, 1110, 1092
*
  7.6200000E+00, 8.4600000E-01, 0.0000000E+00, 2.5400000E-01
* ELEM  213  line segment
 1, 1114, 1102
*
  1.4394000E+01, 7.6200000E+00, -2.5400000E-01, 0.0000000E+00
* ELEM  214  line segment
 1, 1114, 518
*
  1.4140000E+01, 7.6200000E+00, 0.0000000E+00, 4.7741595E-01
* ELEM  215  line segment
 1, 1114, 522
*
  1.4140000E+01, 8.0974159E+00, 0.0000000E+00, 6.7516811E-01
* ELEM  216  line segment
 1, 1114, 524
*
  1.4140000E+01, 8.7725841E+00, 0.0000000E+00, 4.7741595E-01
* ELEM  217  line segment
 1, 1110, 1013
*
  7.6200000E+00, 1.1000000E+00, 4.7741595E-01, 0.0000000E+00
* ELEM  218  line segment
 1, 1110, 1014
*
  8.0974159E+00, 1.1000000E+00, 6.7516811E-01, 0.0000000E+00
* ELEM  219  line segment
 1, 1110, 1017
*
  8.7725841E+00, 1.1000000E+00, 4.7741595E-01, 0.0000000E+00
* ELEM  220  line segment
 1, 1083, 1110
*
  9.2500000E+00, 8.4600000E-01, 0.0000000E+00, 2.5400000E-01
* ELEM  221  line segment
 1, 1102, 1101
*
  1.4394000E+01, 5.9900000E+00, -2.5400000E-01, 0.0000000E+00
* ELEM  222  line segment
 1, 1102, 620
*
  1.4140000E+01, 5.9900000E+00, 0.0000000E+00, 4.7741595E-01
* ELEM  223  line segment
 1, 1102, 624
*
  1.4140000E+01, 6.4674159E+00, 0.0000000E+00, 6.7516811E-01
* ELEM  224  line segment
 1, 1102, 626
*
  1.4140000E+01, 7.1425841E+00, 0.0000000E+00, 4.7741595E-01
* ELEM  225  line segment
 1, 1083, 996
*
  9.2500000E+00, 1.1000000E+00, 4.7741595E-01, 0.0000000E+00
* ELEM  226  line segment
 1, 1083, 997
*
  9.7274159E+00, 1.1000000E+00, 6.7516811E-01, 0.0000000E+00
* ELEM  227  line segment
 1, 1083, 1000
*
  1.0402584E+01, 1.1000000E+00, 4.7741595E-01, 0.0000000E+00
* ELEM  228  line segment
 1, 1093, 1083
*
  1.0880000E+01, 8.4600000E-01, 0.0000000E+00, 2.5400000E-01
* ELEM  229  line segment
 1, 1101, 1104
*
  1.4394000E+01, 4.3600000E+00, -2.5400000E-01, 0.0000000E+00
* ELEM  230  line segment
 1, 1101, 722
*
  1.4140000E+01, 4.3600000E+00, 0.0000000E+00, 4.7741595E-01
* ELEM  231  line segment
 1, 1101, 726
*
  1.4140000E+01, 4.8374159E+00, 0.0000000E+00, 6.7516811E-01
* ELEM  232  line segment
 1, 1101, 728
*
  1.4140000E+01, 5.5125841E+00, 0.0000000E+00, 4.7741595E-01
* ELEM  233  line segment
 1, 1093, 979
*
  1.0880000E+01, 1.1000000E+00, 4.7741595E-01, 0.0000000E+00
* ELEM  234  line segment
 1, 1093, 980
*
  1.1357416E+01, 1.1000000E+00, 6.7516811E-01, 0.0000000E+00
* ELEM  235  line segment
 1, 1093, 983
*
  1.2032584E+01, 1.1000000E+00, 4.7741595E-01, 0.0000000E+00
* ELEM  236  line segment
 1, 1100, 1093
*
  1.2510000E+01, 8.4600000E-01, 0.0000000E+00, 2.5400000E-01
* ELEM  237  line segment
 1, 1104, 1094
*
  1.4394000E+01, 2.7300000E+00, -2.5400000E-01, 0.0000000E+00
* ELEM  238  line segment
 1, 1104, 862
*
  1.4140000E+01, 2.7300000E+00, 0.0000000E+00, 4.7741595E-01
* ELEM  239  line segment
 1, 1104, 866
*
  1.4140000E+01, 3.2074159E+00, 0.0000000E+00, 6.7516811E-01
* ELEM  240  line segment
 1, 1104, 868
*
  1.4140000E+01, 3.8825841E+00, 0.0000000E+00, 4.7741595E-01
* ELEM  241  line segment
 1, 1100, 962
*
  1.2510000E+01, 1.1000000E+00, 4.7741595E-01, 0.0000000E+00
* ELEM  242  line segment
 1, 1100, 963
*
  1.2987416E+01, 1.1000000E+00, 6.7516811E-01, 0.0000000E+00
* ELEM  243  line segment
 1, 1100, 966
*
  1.3662584E+01, 1.1000000E+00, 4.7741595E-01, 0.0000000E+00
* ELEM  244  line segment
 1, 1116, 1100
*
  1.4140000E+01, 8.4600000E-01, 0.0000000E+00, 2.5400000E-01
* ELEM  245  line segment
 1, 1094, 1116
*
  1.4394000E+01, 1.1000000E+00, -2.5400000E-01, 0.0000000E+00
* ELEM  246  line segment
 1, 1094, 966
*
  1.4140000E+01, 1.1000000E+00, 0.0000000E+00, 4.7741595E-01
* ELEM  247  line segment
 1, 1094, 970
*
  1.4140000E+01, 1.5774159E+00, 0.0000000E+00, 6.7516811E-01
* ELEM  248  line segment
 1, 1094, 972
*
  1.4140000E+01, 2.2525841E+00, 0.0000000E+00, 4.7741595E-01
* ELEM  249  line segment
 1, 81, 83
*
  1.1000000E+00, 1.5774159E+00, 4.7741595E-01, -4.7741595E-01
* ELEM  250  line segment
 1, 83, 82
*
  1.6796497E+00, 1.3468141E+00, -1.0223374E-01, -2.4681409E-01
* ELEM  251  circular arc
 3, 93, 82
*
  1.9150000E+00, 1.9150000E+00, 6.1500000E-01, 2.4750000E+02, 4.5000000E+01
* ELEM  252  line segment
 1, 82, 86
*
  2.1503503E+00, 1.3468141E+00, 1.0223374E-01, -2.4681409E-01
* ELEM  253  line segment
 1, 84, 83
*
  1.3468141E+00, 1.6796497E+00, -2.4681409E-01, -1.0223374E-01
* ELEM  254  circular arc
 3, 93, 83
*
  1.9150000E+00, 1.9150000E+00, 6.1500000E-01, 2.0250000E+02, 4.5000000E+01
* ELEM  255  line segment
 1, 88, 84
*
  1.3468141E+00, 2.1503503E+00, -2.4681409E-01, 1.0223374E-01
* ELEM  256  circular arc
 3, 93, 84
*
  1.9150000E+00, 1.9150000E+00, 6.1500000E-01, 1.5750000E+02, 4.5000000E+01
* ELEM  257  line segment
 1, 85, 86
*
  2.2525841E+00, 1.1000000E+00, 4.7741595E-01, 4.7741595E-01
* ELEM  258  line segment
 1, 85, 64
*
  2.7300000E+00, 1.5774159E+00, 0.0000000E+00, -4.7741595E-01
* ELEM  259  circular arc
 3, 93, 86
*
  1.9150000E+00, 1.9150000E+00, 6.1500000E-01, 2.9250000E+02, 4.5000000E+01
* ELEM  260  line segment
 1, 86, 89
*
  2.4831859E+00, 1.6796497E+00, 2.4681409E-01, -1.0223374E-01
* ELEM  261  circular arc
 3, 93, 89
*
  1.9150000E+00, 1.9150000E+00, 6.1500000E-01, 0.0000000E+00, 2.2500000E+01
* ELEM  262  circular arc
 3, 93, 92
*
  1.9150000E+00, 1.9150000E+00, 6.1500000E-01, 2.2500000E+01, 4.5000000E+01
* ELEM  263  circular arc
 3, 93, 90
*
  1.9150000E+00, 1.9150000E+00, 6.1500000E-01, 6.7500000E+01, 4.5000000E+01
* ELEM  264  circular arc
 3, 93, 88
*
  1.9150000E+00, 1.9150000E+00, 6.1500000E-01, 1.1250000E+02, 4.5000000E+01
* ELEM  265  circular arc
 3, 93, 89
*
  1.9150000E+00, 1.9150000E+00, 6.1500000E-01, 3.3750000E+02, 2.2500000E+01
* ELEM  266  circle
 2, 94, 93
*
  1.9150000E+00, 1.9150000E+00, 5.2900000E-01, 0.0000000E+00
* ELEM  267  line segment
 1, 87, 88
*
  1.5774159E+00, 2.7300000E+00, -4.7741595E-01, -4.7741595E-01
* ELEM  268  line segment
 1, 90, 88
*
  1.6796497E+00, 2.4831859E+00, -1.0223374E-01, 2.4681409E-01
* ELEM  269  line segment
 1, 945, 87
*
  1.5774159E+00, 2.7300000E+00, -4.7741595E-01, 0.0000000E+00
* ELEM  270  line segment
 1, 64, 66
*
  2.7300000E+00, 1.5774159E+00, 4.7741595E-01, -4.7741595E-01
* ELEM  271  line segment
 1, 67, 66
*
  2.9768141E+00, 1.6796497E+00, -2.4681409E-01, -1.0223374E-01
* ELEM  272  circular arc
 3, 76, 66
*
  3.5450000E+00, 1.9150000E+00, 6.1500000E-01, 2.0250000E+02, 4.5000000E+01
* ELEM  273  line segment
 1, 66, 65
*
  3.3096497E+00, 1.3468141E+00, -1.0223374E-01, -2.4681409E-01
* ELEM  274  line segment
 1, 89, 67
*
  2.7300000E+00, 2.2525841E+00, 0.0000000E+00, -6.7516811E-01
* ELEM  275  line segment
 1, 71, 67
*
  2.9768141E+00, 2.1503503E+00, -2.4681409E-01, 1.0223374E-01
* ELEM  276  circular arc
 3, 76, 67
*
  3.5450000E+00, 1.9150000E+00, 6.1500000E-01, 1.5750000E+02, 4.5000000E+01
* ELEM  277  line segment
 1, 89, 92
*
  2.4831859E+00, 2.1503503E+00, 2.4681409E-01, 1.0223374E-01
* ELEM  278  line segment
 1, 945, 947
*
  1.1000000E+00, 3.2074159E+00, 4.7741595E-01, -4.7741595E-01
* ELEM  279  line segment
 1, 946, 90
*
  2.2525841E+00, 2.7300000E+00, -6.7516811E-01, 0.0000000E+00
* ELEM  280  line segment
 1, 92, 90
*
  2.1503503E+00, 2.4831859E+00, 1.0223374E-01, 2.4681409E-01
* ELEM  281  line segment
 1, 947, 946
*
  1.6796497E+00, 2.9768141E+00, -1.0223374E-01, -2.4681409E-01
* ELEM  282  circular arc
 3, 957, 946
*
  1.9150000E+00, 3.5450000E+00, 6.1500000E-01, 2.4750000E+02, 4.5000000E+01
* ELEM  283  line segment
 1, 946, 950
*
  2.1503503E+00, 2.9768141E+00, 1.0223374E-01, -2.4681409E-01
* ELEM  284  line segment
 1, 948, 947
*
  1.3468141E+00, 3.3096497E+00, -2.4681409E-01, -1.0223374E-01
* ELEM  285  circular arc
 3, 957, 947
*
  1.9150000E+00, 3.5450000E+00, 6.1500000E-01, 2.0250000E+02, 4.5000000E+01
* ELEM  286  circular arc
 3, 76, 65
*
  3.5450000E+00, 1.9150000E+00, 6.1500000E-01, 2.4750000E+02, 4.5000000E+01
* ELEM  287  line segment
 1, 65, 69
*
  3.7803503E+00, 1.3468141E+00, 1.0223374E-01, -2.4681409E-01
* ELEM  288  circular arc
 3, 76, 72
*
  3.5450000E+00, 1.9150000E+00, 6.1500000E-01, 0.0000000E+00, 2.2500000E+01
* ELEM  289  circular arc
 3, 76, 75
*
  3.5450000E+00, 1.9150000E+00, 6.1500000E-01, 2.2500000E+01, 4.5000000E+01
* ELEM  290  circular arc
 3, 76, 73
*
  3.5450000E+00, 1.9150000E+00, 6.1500000E-01, 6.7500000E+01, 4.5000000E+01
* ELEM  291  circular arc
 3, 76, 71
*
  3.5450000E+00, 1.9150000E+00, 6.1500000E-01, 1.1250000E+02, 4.5000000E+01
* ELEM  292  circular arc
 3, 76, 69
*
  3.5450000E+00, 1.9150000E+00, 6.1500000E-01, 2.9250000E+02, 4.5000000E+01
* ELEM  293  circular arc
 3, 76, 72
*
  3.5450000E+00, 1.9150000E+00, 6.1500000E-01, 3.3750000E+02, 2.2500000E+01
* ELEM  294  circle
 2, 77, 76
*
  3.5450000E+00, 1.9150000E+00, 5.2900000E-01, 0.0000000E+00
* ELEM  295  line segment
 1, 70, 71
*
  3.2074159E+00, 2.7300000E+00, -4.7741595E-01, -4.7741595E-01
* ELEM  296  line segment
 1, 73, 71
*
  3.3096497E+00, 2.4831859E+00, -1.0223374E-01, 2.4681409E-01
* ELEM  297  line segment
 1, 91, 92
*
  2.7300000E+00, 2.2525841E+00, -4.7741595E-01, 4.7741595E-01
* ELEM  298  line segment
 1, 949, 91
*
  2.7300000E+00, 2.7300000E+00, -4.7741595E-01, 0.0000000E+00
* ELEM  299  line segment
 1, 91, 70
*
  2.7300000E+00, 2.7300000E+00, 0.0000000E+00, -4.7741595E-01
* ELEM  300  line segment
 1, 928, 70
*
  3.2074159E+00, 2.7300000E+00, -4.7741595E-01, 0.0000000E+00
* ELEM  301  line segment
 1, 952, 948
*
  1.3468141E+00, 3.7803503E+00, -2.4681409E-01, 1.0223374E-01
* ELEM  302  circular arc
 3, 957, 948
*
  1.9150000E+00, 3.5450000E+00, 6.1500000E-01, 1.5750000E+02, 4.5000000E+01
* ELEM  303  line segment
 1, 949, 950
*
  2.2525841E+00, 2.7300000E+00, 4.7741595E-01, 4.7741595E-01
* ELEM  304  line segment
 1, 949, 928
*
  2.7300000E+00, 3.2074159E+00, 0.0000000E+00, -4.7741595E-01
* ELEM  305  circular arc
 3, 957, 950
*
  1.9150000E+00, 3.5450000E+00, 6.1500000E-01, 2.9250000E+02, 4.5000000E+01
* ELEM  306  line segment
 1, 950, 953
*
  2.4831859E+00, 3.3096497E+00, 2.4681409E-01, -1.0223374E-01
* ELEM  307  circular arc
 3, 957, 953
*
  1.9150000E+00, 3.5450000E+00, 6.1500000E-01, 0.0000000E+00, 2.2500000E+01
* ELEM  308  circular arc
 3, 957, 956
*
  1.9150000E+00, 3.5450000E+00, 6.1500000E-01, 2.2500000E+01, 4.5000000E+01
* ELEM  309  circular arc
 3, 957, 954
*
  1.9150000E+00, 3.5450000E+00, 6.1500000E-01, 6.7500000E+01, 4.5000000E+01
* ELEM  310  circular arc
 3, 957, 952
*
  1.9150000E+00, 3.5450000E+00, 6.1500000E-01, 1.1250000E+02, 4.5000000E+01
* ELEM  311  circular arc
 3, 957, 953
*
  1.9150000E+00, 3.5450000E+00, 6.1500000E-01, 3.3750000E+02, 2.2500000E+01
* ELEM  312  circle
 2, 958, 957
*
  1.9150000E+00, 3.5450000E+00, 5.2900000E-01, 0.0000000E+00
* ELEM  313  line segment
 1, 68, 69
*
  3.8825841E+00, 1.1000000E+00, 4.7741595E-01, 4.7741595E-01
* ELEM  314  line segment
 1, 68, 47
*
  4.3600000E+00, 1.5774159E+00, 0.0000000E+00, -4.7741595E-01
* ELEM  315  line segment
 1, 69, 72
*
  4.1131859E+00, 1.6796497E+00, 2.4681409E-01, -1.0223374E-01
* ELEM  316  line segment
 1, 928, 930
*
  2.7300000E+00, 3.2074159E+00, 4.7741595E-01, -4.7741595E-01
* ELEM  317  line segment
 1, 929, 73
*
  3.8825841E+00, 2.7300000E+00, -6.7516811E-01, 0.0000000E+00
* ELEM  318  line segment
 1, 75, 73
*
  3.7803503E+00, 2.4831859E+00, 1.0223374E-01, 2.4681409E-01
* ELEM  319  line segment
 1, 930, 929
*
  3.3096497E+00, 2.9768141E+00, -1.0223374E-01, -2.4681409E-01
* ELEM  320  circular arc
 3, 940, 929
*
  3.5450000E+00, 3.5450000E+00, 6.1500000E-01, 2.4750000E+02, 4.5000000E+01
* ELEM  321  line segment
 1, 929, 933
*
  3.7803503E+00, 2.9768141E+00, 1.0223374E-01, -2.4681409E-01
* ELEM  322  line segment
 1, 931, 930
*
  2.9768141E+00, 3.3096497E+00, -2.4681409E-01, -1.0223374E-01
* ELEM  323  circular arc
 3, 940, 930
*
  3.5450000E+00, 3.5450000E+00, 6.1500000E-01, 2.0250000E+02, 4.5000000E+01
* ELEM  324  line segment
 1, 951, 952
*
  1.5774159E+00, 4.3600000E+00, -4.7741595E-01, -4.7741595E-01
* ELEM  325  line segment
 1, 954, 952
*
  1.6796497E+00, 4.1131859E+00, -1.0223374E-01, 2.4681409E-01
* ELEM  326  line segment
 1, 951, 841
*
  1.1000000E+00, 4.3600000E+00, 4.7741595E-01, 0.0000000E+00
* ELEM  327  line segment
 1, 953, 931
*
  2.7300000E+00, 3.8825841E+00, 0.0000000E+00, -6.7516811E-01
* ELEM  328  line segment
 1, 935, 931
*
  2.9768141E+00, 3.7803503E+00, -2.4681409E-01, 1.0223374E-01
* ELEM  329  circular arc
 3, 940, 931
*
  3.5450000E+00, 3.5450000E+00, 6.1500000E-01, 1.5750000E+02, 4.5000000E+01
* ELEM  330  line segment
 1, 953, 956
*
  2.4831859E+00, 3.7803503E+00, 2.4681409E-01, 1.0223374E-01
* ELEM  331  line segment
 1, 47, 49
*
  4.3600000E+00, 1.5774159E+00, 4.7741595E-01, -4.7741595E-01
* ELEM  332  line segment
 1, 50, 49
*
  4.6068141E+00, 1.6796497E+00, -2.4681409E-01, -1.0223374E-01
* ELEM  333  circular arc
 3, 59, 49
*
  5.1750000E+00, 1.9150000E+00, 6.1500000E-01, 2.0250000E+02, 4.5000000E+01
* ELEM  334  line segment
 1, 49, 48
*
  4.9396497E+00, 1.3468141E+00, -1.0223374E-01, -2.4681409E-01
* ELEM  335  line segment
 1, 72, 50
*
  4.3600000E+00, 2.2525841E+00, 0.0000000E+00, -6.7516811E-01
* ELEM  336  line segment
 1, 54, 50
*
  4.6068141E+00, 2.1503503E+00, -2.4681409E-01, 1.0223374E-01
* ELEM  337  circular arc
 3, 59, 50
*
  5.1750000E+00, 1.9150000E+00, 6.1500000E-01, 1.5750000E+02, 4.5000000E+01
* ELEM  338  line segment
 1, 72, 75
*
  4.1131859E+00, 2.1503503E+00, 2.4681409E-01, 1.0223374E-01
* ELEM  339  line segment
 1, 74, 75
*
  4.3600000E+00, 2.2525841E+00, -4.7741595E-01, 4.7741595E-01
* ELEM  340  line segment
 1, 932, 74
*
  4.3600000E+00, 2.7300000E+00, -4.7741595E-01, 0.0000000E+00
* ELEM  341  line segment
 1, 74, 53
*
  4.3600000E+00, 2.7300000E+00, 0.0000000E+00, -4.7741595E-01
* ELEM  342  line segment
 1, 932, 933
*
  3.8825841E+00, 2.7300000E+00, 4.7741595E-01, 4.7741595E-01
* ELEM  343  line segment
 1, 932, 28
*
  4.3600000E+00, 3.2074159E+00, 0.0000000E+00, -4.7741595E-01
* ELEM  344  circular arc
 3, 940, 933
*
  3.5450000E+00, 3.5450000E+00, 6.1500000E-01, 2.9250000E+02, 4.5000000E+01
* ELEM  345  line segment
 1, 933, 936
*
  4.1131859E+00, 3.3096497E+00, 2.4681409E-01, -1.0223374E-01
* ELEM  346  circular arc
 3, 940, 936
*
  3.5450000E+00, 3.5450000E+00, 6.1500000E-01, 0.0000000E+00, 2.2500000E+01
* ELEM  347  circular arc
 3, 940, 939
*
  3.5450000E+00, 3.5450000E+00, 6.1500000E-01, 2.2500000E+01, 4.5000000E+01
* ELEM  348  circular arc
 3, 940, 937
*
  3.5450000E+00, 3.5450000E+00, 6.1500000E-01, 6.7500000E+01, 4.5000000E+01
* ELEM  349  circular arc
 3, 940, 935
*
  3.5450000E+00, 3.5450000E+00, 6.1500000E-01, 1.1250000E+02, 4.5000000E+01
* ELEM  350  circular arc
 3, 940, 936
*
  3.5450000E+00, 3.5450000E+00, 6.1500000E-01, 3.3750000E+02, 2.2500000E+01
* ELEM  351  circle
 2, 941, 940
*
  3.5450000E+00, 3.5450000E+00, 5.2900000E-01, 0.0000000E+00
* ELEM  352  line segment
 1, 841, 843
*
  1.1000000E+00, 4.8374159E+00, 4.7741595E-01, -4.7741595E-01
* ELEM  353  line segment
 1, 844, 843
*
  1.3468141E+00, 4.9396497E+00, -2.4681409E-01, -1.0223374E-01
* ELEM  354  circular arc
 3, 853, 843
*
  1.9150000E+00, 5.1750000E+00, 6.1500000E-01, 2.0250000E+02, 4.5000000E+01
* ELEM  355  line segment
 1, 843, 842
*
  1.6796497E+00, 4.6068141E+00, -1.0223374E-01, -2.4681409E-01
* ELEM  356  circular arc
 3, 853, 842
*
  1.9150000E+00, 5.1750000E+00, 6.1500000E-01, 2.4750000E+02, 4.5000000E+01
* ELEM  357  line segment
 1, 842, 846
*
  2.1503503E+00, 4.6068141E+00, 1.0223374E-01, -2.4681409E-01
* ELEM  358  line segment
 1, 954, 842
*
  1.5774159E+00, 4.3600000E+00, 6.7516811E-01, 0.0000000E+00
* ELEM  359  line segment
 1, 956, 954
*
  2.1503503E+00, 4.1131859E+00, 1.0223374E-01, 2.4681409E-01
* ELEM  360  line segment
 1, 934, 935
*
  3.2074159E+00, 4.3600000E+00, -4.7741595E-01, -4.7741595E-01
* ELEM  361  line segment
 1, 937, 935
*
  3.3096497E+00, 4.1131859E+00, -1.0223374E-01, 2.4681409E-01
* ELEM  362  line segment
 1, 955, 956
*
  2.7300000E+00, 3.8825841E+00, -4.7741595E-01, 4.7741595E-01
* ELEM  363  line segment
 1, 955, 845
*
  2.2525841E+00, 4.3600000E+00, 4.7741595E-01, 0.0000000E+00
* ELEM  364  line segment
 1, 955, 934
*
  2.7300000E+00, 4.3600000E+00, 0.0000000E+00, -4.7741595E-01
* ELEM  365  line segment
 1, 934, 822
*
  2.7300000E+00, 4.3600000E+00, 4.7741595E-01, 0.0000000E+00
* ELEM  366  circular arc
 3, 59, 48
*
  5.1750000E+00, 1.9150000E+00, 6.1500000E-01, 2.4750000E+02, 4.5000000E+01
* ELEM  367  line segment
 1, 48, 52
*
  5.4103503E+00, 1.3468141E+00, 1.0223374E-01, -2.4681409E-01
* ELEM  368  circular arc
 3, 59, 55
*
  5.1750000E+00, 1.9150000E+00, 6.1500000E-01, 0.0000000E+00, 2.2500000E+01
* ELEM  369  circular arc
 3, 59, 58
*
  5.1750000E+00, 1.9150000E+00, 6.1500000E-01, 2.2500000E+01, 4.5000000E+01
* ELEM  370  circular arc
 3, 59, 56
*
  5.1750000E+00, 1.9150000E+00, 6.1500000E-01, 6.7500000E+01, 4.5000000E+01
* ELEM  371  circular arc
 3, 59, 54
*
  5.1750000E+00, 1.9150000E+00, 6.1500000E-01, 1.1250000E+02, 4.5000000E+01
* ELEM  372  circular arc
 3, 59, 52
*
  5.1750000E+00, 1.9150000E+00, 6.1500000E-01, 2.9250000E+02, 4.5000000E+01
* ELEM  373  circular arc
 3, 59, 55
*
  5.1750000E+00, 1.9150000E+00, 6.1500000E-01, 3.3750000E+02, 2.2500000E+01
* ELEM  374  circle
 2, 60, 59
*
  5.1750000E+00, 1.9150000E+00, 5.2900000E-01, 0.0000000E+00
* ELEM  375  line segment
 1, 53, 54
*
  4.8374159E+00, 2.7300000E+00, -4.7741595E-01, -4.7741595E-01
* ELEM  376  line segment
 1, 56, 54
*
  4.9396497E+00, 2.4831859E+00, -1.0223374E-01, 2.4681409E-01
* ELEM  377  line segment
 1, 53, 28
*
  4.3600000E+00, 2.7300000E+00, 4.7741595E-01, 0.0000000E+00
* ELEM  378  line segment
 1, 28, 30
*
  4.3600000E+00, 3.2074159E+00, 4.7741595E-01, -4.7741595E-01
* ELEM  379  line segment
 1, 31, 30
*
  4.6068141E+00, 3.3096497E+00, -2.4681409E-01, -1.0223374E-01
* ELEM  380  circular arc
 3, 40, 30
*
  5.1750000E+00, 3.5450000E+00, 6.1500000E-01, 2.0250000E+02, 4.5000000E+01
* ELEM  381  line segment
 1, 30, 29
*
  4.9396497E+00, 2.9768141E+00, -1.0223374E-01, -2.4681409E-01
* ELEM  382  line segment
 1, 936, 31
*
  4.3600000E+00, 3.8825841E+00, 0.0000000E+00, -6.7516811E-01
* ELEM  383  line segment
 1, 35, 31
*
  4.6068141E+00, 3.7803503E+00, -2.4681409E-01, 1.0223374E-01
* ELEM  384  circular arc
 3, 40, 31
*
  5.1750000E+00, 3.5450000E+00, 6.1500000E-01, 1.5750000E+02, 4.5000000E+01
* ELEM  385  line segment
 1, 936, 939
*
  4.1131859E+00, 3.7803503E+00, 2.4681409E-01, 1.0223374E-01
* ELEM  386  line segment
 1, 848, 844
*
  1.3468141E+00, 5.4103503E+00, -2.4681409E-01, 1.0223374E-01
* ELEM  387  circular arc
 3, 853, 844
*
  1.9150000E+00, 5.1750000E+00, 6.1500000E-01, 1.5750000E+02, 4.5000000E+01
* ELEM  388  circular arc
 3, 853, 849
*
  1.9150000E+00, 5.1750000E+00, 6.1500000E-01, 0.0000000E+00, 2.2500000E+01
* ELEM  389  circular arc
 3, 853, 852
*
  1.9150000E+00, 5.1750000E+00, 6.1500000E-01, 2.2500000E+01, 4.5000000E+01
* ELEM  390  circular arc
 3, 853, 850
*
  1.9150000E+00, 5.1750000E+00, 6.1500000E-01, 6.7500000E+01, 4.5000000E+01
* ELEM  391  circular arc
 3, 853, 848
*
  1.9150000E+00, 5.1750000E+00, 6.1500000E-01, 1.1250000E+02, 4.5000000E+01
* ELEM  392  circular arc
 3, 853, 846
*
  1.9150000E+00, 5.1750000E+00, 6.1500000E-01, 2.9250000E+02, 4.5000000E+01
* ELEM  393  circular arc
 3, 853, 849
*
  1.9150000E+00, 5.1750000E+00, 6.1500000E-01, 3.3750000E+02, 2.2500000E+01
* ELEM  394  circle
 2, 854, 853
*
  1.9150000E+00, 5.1750000E+00, 5.2900000E-01, 0.0000000E+00
* ELEM  395  line segment
 1, 846, 849
*
  2.4831859E+00, 4.9396497E+00, 2.4681409E-01, -1.0223374E-01
* ELEM  396  line segment
 1, 845, 846
*
  2.2525841E+00, 4.3600000E+00, 4.7741595E-01, 4.7741595E-01
* ELEM  397  line segment
 1, 845, 822
*
  2.7300000E+00, 4.8374159E+00, 0.0000000E+00, -4.7741595E-01
* ELEM  398  line segment
 1, 822, 824
*
  2.7300000E+00, 4.8374159E+00, 4.7741595E-01, -4.7741595E-01
* ELEM  399  line segment
 1, 825, 824
*
  2.9768141E+00, 4.9396497E+00, -2.4681409E-01, -1.0223374E-01
* ELEM  400  circular arc
 3, 834, 824
*
  3.5450000E+00, 5.1750000E+00, 6.1500000E-01, 2.0250000E+02, 4.5000000E+01
* ELEM  401  line segment
 1, 824, 823
*
  3.3096497E+00, 4.6068141E+00, -1.0223374E-01, -2.4681409E-01
* ELEM  402  circular arc
 3, 834, 823
*
  3.5450000E+00, 5.1750000E+00, 6.1500000E-01, 2.4750000E+02, 4.5000000E+01
* ELEM  403  line segment
 1, 823, 827
*
  3.7803503E+00, 4.6068141E+00, 1.0223374E-01, -2.4681409E-01
* ELEM  404  line segment
 1, 937, 823
*
  3.2074159E+00, 4.3600000E+00, 6.7516811E-01, 0.0000000E+00
* ELEM  405  line segment
 1, 939, 937
*
  3.7803503E+00, 4.1131859E+00, 1.0223374E-01, 2.4681409E-01
* ELEM  406  line segment
 1, 51, 52
*
  5.5125841E+00, 1.1000000E+00, 4.7741595E-01, 4.7741595E-01
* ELEM  407  line segment
 1, 1030, 51
*
  5.9900000E+00, 1.1000000E+00, 0.0000000E+00, 4.7741595E-01
* ELEM  408  line segment
 1, 52, 55
*
  5.7431859E+00, 1.6796497E+00, 2.4681409E-01, -1.0223374E-01
* ELEM  409  circular arc
 3, 40, 29
*
  5.1750000E+00, 3.5450000E+00, 6.1500000E-01, 2.4750000E+02, 4.5000000E+01
* ELEM  410  line segment
 1, 29, 33
*
  5.4103503E+00, 2.9768141E+00, 1.0223374E-01, -2.4681409E-01
* ELEM  411  line segment
 1, 56, 29
*
  4.8374159E+00, 2.7300000E+00, 6.7516811E-01, 0.0000000E+00
* ELEM  412  line segment
 1, 58, 56
*
  5.4103503E+00, 2.4831859E+00, 1.0223374E-01, 2.4681409E-01
* ELEM  413  circular arc
 3, 40, 36
*
  5.1750000E+00, 3.5450000E+00, 6.1500000E-01, 0.0000000E+00, 2.2500000E+01
* ELEM  414  circular arc
 3, 40, 39
*
  5.1750000E+00, 3.5450000E+00, 6.1500000E-01, 2.2500000E+01, 4.5000000E+01
* ELEM  415  circular arc
 3, 40, 37
*
  5.1750000E+00, 3.5450000E+00, 6.1500000E-01, 6.7500000E+01, 4.5000000E+01
* ELEM  416  circular arc
 3, 40, 35
*
  5.1750000E+00, 3.5450000E+00, 6.1500000E-01, 1.1250000E+02, 4.5000000E+01
* ELEM  417  circular arc
 3, 40, 33
*
  5.1750000E+00, 3.5450000E+00, 6.1500000E-01, 2.9250000E+02, 4.5000000E+01
* ELEM  418  circular arc
 3, 40, 36
*
  5.1750000E+00, 3.5450000E+00, 6.1500000E-01, 3.3750000E+02, 2.2500000E+01
* ELEM  419  circle
 2, 41, 40
*
  5.1750000E+00, 3.5450000E+00, 5.2900000E-01, 0.0000000E+00
* ELEM  420  line segment
 1, 34, 35
*
  4.8374159E+00, 4.3600000E+00, -4.7741595E-01, -4.7741595E-01
* ELEM  421  line segment
 1, 37, 35
*
  4.9396497E+00, 4.1131859E+00, -1.0223374E-01, 2.4681409E-01
* ELEM  422  line segment
 1, 938, 939
*
  4.3600000E+00, 3.8825841E+00, -4.7741595E-01, 4.7741595E-01
* ELEM  423  line segment
 1, 938, 826
*
  3.8825841E+00, 4.3600000E+00, 4.7741595E-01, 0.0000000E+00
* ELEM  424  line segment
 1, 938, 34
*
  4.3600000E+00, 4.3600000E+00, 0.0000000E+00, -4.7741595E-01
* ELEM  425  line segment
 1, 805, 34
*
  4.8374159E+00, 4.3600000E+00, -4.7741595E-01, 0.0000000E+00
* ELEM  426  line segment
 1, 847, 848
*
  1.5774159E+00, 5.9900000E+00, -4.7741595E-01, -4.7741595E-01
* ELEM  427  line segment
 1, 850, 848
*
  1.6796497E+00, 5.7431859E+00, -1.0223374E-01, 2.4681409E-01
* ELEM  428  line segment
 1, 847, 701
*
  1.1000000E+00, 5.9900000E+00, 4.7741595E-01, 0.0000000E+00
* ELEM  429  line segment
 1, 849, 825
*
  2.7300000E+00, 5.5125841E+00, 0.0000000E+00, -6.7516811E-01
* ELEM  430  line segment
 1, 829, 825
*
  2.9768141E+00, 5.4103503E+00, -2.4681409E-01, 1.0223374E-01
* ELEM  431  circular arc
 3, 834, 825
*
  3.5450000E+00, 5.1750000E+00, 6.1500000E-01, 1.5750000E+02, 4.5000000E+01
* ELEM  432  line segment
 1, 849, 852
*
  2.4831859E+00, 5.4103503E+00, 2.4681409E-01, 1.0223374E-01
* ELEM  433  circular arc
 3, 834, 830
*
  3.5450000E+00, 5.1750000E+00, 6.1500000E-01, 0.0000000E+00, 2.2500000E+01
* ELEM  434  circular arc
 3, 834, 833
*
  3.5450000E+00, 5.1750000E+00, 6.1500000E-01, 2.2500000E+01, 4.5000000E+01
* ELEM  435  circular arc
 3, 834, 831
*
  3.5450000E+00, 5.1750000E+00, 6.1500000E-01, 6.7500000E+01, 4.5000000E+01
* ELEM  436  circular arc
 3, 834, 829
*
  3.5450000E+00, 5.1750000E+00, 6.1500000E-01, 1.1250000E+02, 4.5000000E+01
* ELEM  437  circular arc
 3, 834, 827
*
  3.5450000E+00, 5.1750000E+00, 6.1500000E-01, 2.9250000E+02, 4.5000000E+01
* ELEM  438  circular arc
 3, 834, 830
*
  3.5450000E+00, 5.1750000E+00, 6.1500000E-01, 3.3750000E+02, 2.2500000E+01
* ELEM  439  circle
 2, 835, 834
*
  3.5450000E+00, 5.1750000E+00, 5.2900000E-01, 0.0000000E+00
* ELEM  440  line segment
 1, 827, 830
*
  4.1131859E+00, 4.9396497E+00, 2.4681409E-01, -1.0223374E-01
* ELEM  441  line segment
 1, 826, 827
*
  3.8825841E+00, 4.3600000E+00, 4.7741595E-01, 4.7741595E-01
* ELEM  442  line segment
 1, 826, 805
*
  4.3600000E+00, 4.8374159E+00, 0.0000000E+00, -4.7741595E-01
* ELEM  443  line segment
 1, 1030, 1032
*
  5.9900000E+00, 1.5774159E+00, 4.7741595E-01, -4.7741595E-01
* ELEM  444  line segment
 1, 55, 58
*
  5.7431859E+00, 2.1503503E+00, 2.4681409E-01, 1.0223374E-01
* ELEM  445  line segment
 1, 1033, 55
*
  5.9900000E+00, 1.5774159E+00, 0.0000000E+00, 6.7516811E-01
* ELEM  446  line segment
 1, 1033, 1032
*
  6.2368141E+00, 1.6796497E+00, -2.4681409E-01, -1.0223374E-01
* ELEM  447  circular arc
 3, 1042, 1032
*
  6.8050000E+00, 1.9150000E+00, 6.1500000E-01, 2.0250000E+02, 4.5000000E+01
* ELEM  448  line segment
 1, 1032, 1031
*
  6.5696497E+00, 1.3468141E+00, -1.0223374E-01, -2.4681409E-01
* ELEM  449  line segment
 1, 1037, 1033
*
  6.2368141E+00, 2.1503503E+00, -2.4681409E-01, 1.0223374E-01
* ELEM  450  circular arc
 3, 1042, 1033
*
  6.8050000E+00, 1.9150000E+00, 6.1500000E-01, 1.5750000E+02, 4.5000000E+01
* ELEM  451  line segment
 1, 33, 36
*
  5.7431859E+00, 3.3096497E+00, 2.4681409E-01, -1.0223374E-01
* ELEM  452  line segment
 1, 32, 33
*
  5.5125841E+00, 2.7300000E+00, 4.7741595E-01, 4.7741595E-01
* ELEM  453  line segment
 1, 32, 11
*
  5.9900000E+00, 3.2074159E+00, 0.0000000E+00, -4.7741595E-01
* ELEM  454  line segment
 1, 57, 32
*
  5.5125841E+00, 2.7300000E+00, 4.7741595E-01, 0.0000000E+00
* ELEM  455  line segment
 1, 57, 58
*
  5.9900000E+00, 2.2525841E+00, -4.7741595E-01, 4.7741595E-01
* ELEM  456  line segment
 1, 1036, 57
*
  5.9900000E+00, 2.2525841E+00, 0.0000000E+00, 4.7741595E-01
* ELEM  457  line segment
 1, 805, 807
*
  4.3600000E+00, 4.8374159E+00, 4.7741595E-01, -4.7741595E-01
* ELEM  458  line segment
 1, 806, 37
*
  5.5125841E+00, 4.3600000E+00, -6.7516811E-01, 0.0000000E+00
* ELEM  459  line segment
 1, 39, 37
*
  5.4103503E+00, 4.1131859E+00, 1.0223374E-01, 2.4681409E-01
* ELEM  460  line segment
 1, 807, 806
*
  4.9396497E+00, 4.6068141E+00, -1.0223374E-01, -2.4681409E-01
* ELEM  461  circular arc
 3, 817, 806
*
  5.1750000E+00, 5.1750000E+00, 6.1500000E-01, 2.4750000E+02, 4.5000000E+01
* ELEM  462  line segment
 1, 806, 810
*
  5.4103503E+00, 4.6068141E+00, 1.0223374E-01, -2.4681409E-01
* ELEM  463  line segment
 1, 808, 807
*
  4.6068141E+00, 4.9396497E+00, -2.4681409E-01, -1.0223374E-01
* ELEM  464  circular arc
 3, 817, 807
*
  5.1750000E+00, 5.1750000E+00, 6.1500000E-01, 2.0250000E+02, 4.5000000E+01
* ELEM  465  line segment
 1, 701, 703
*
  1.1000000E+00, 6.4674159E+00, 4.7741595E-01, -4.7741595E-01
* ELEM  466  line segment
 1, 704, 703
*
  1.3468141E+00, 6.5696497E+00, -2.4681409E-01, -1.0223374E-01
* ELEM  467  circular arc
 3, 713, 703
*
  1.9150000E+00, 6.8050000E+00, 6.1500000E-01, 2.0250000E+02, 4.5000000E+01
* ELEM  468  line segment
 1, 703, 702
*
  1.6796497E+00, 6.2368141E+00, -1.0223374E-01, -2.4681409E-01
* ELEM  469  circular arc
 3, 713, 702
*
  1.9150000E+00, 6.8050000E+00, 6.1500000E-01, 2.4750000E+02, 4.5000000E+01
* ELEM  470  line segment
 1, 702, 706
*
  2.1503503E+00, 6.2368141E+00, 1.0223374E-01, -2.4681409E-01
* ELEM  471  line segment
 1, 850, 702
*
  1.5774159E+00, 5.9900000E+00, 6.7516811E-01, 0.0000000E+00
* ELEM  472  line segment
 1, 852, 850
*
  2.1503503E+00, 5.7431859E+00, 1.0223374E-01, 2.4681409E-01
* ELEM  473  line segment
 1, 828, 829
*
  3.2074159E+00, 5.9900000E+00, -4.7741595E-01, -4.7741595E-01
* ELEM  474  line segment
 1, 831, 829
*
  3.3096497E+00, 5.7431859E+00, -1.0223374E-01, 2.4681409E-01
* ELEM  475  line segment
 1, 851, 852
*
  2.7300000E+00, 5.5125841E+00, -4.7741595E-01, 4.7741595E-01
* ELEM  476  line segment
 1, 851, 705
*
  2.2525841E+00, 5.9900000E+00, 4.7741595E-01, 0.0000000E+00
* ELEM  477  line segment
 1, 851, 828
*
  2.7300000E+00, 5.9900000E+00, 0.0000000E+00, -4.7741595E-01
* ELEM  478  line segment
 1, 828, 684
*
  2.7300000E+00, 5.9900000E+00, 4.7741595E-01, 0.0000000E+00
* ELEM  479  line segment
 1, 830, 808
*
  4.3600000E+00, 5.5125841E+00, 0.0000000E+00, -6.7516811E-01
* ELEM  480  line segment
 1, 812, 808
*
  4.6068141E+00, 5.4103503E+00, -2.4681409E-01, 1.0223374E-01
* ELEM  481  circular arc
 3, 817, 808
*
  5.1750000E+00, 5.1750000E+00, 6.1500000E-01, 1.5750000E+02, 4.5000000E+01
* ELEM  482  line segment
 1, 830, 833
*
  4.1131859E+00, 5.4103503E+00, 2.4681409E-01, 1.0223374E-01
* ELEM  483  circular arc
 3, 1042, 1031
*
  6.8050000E+00, 1.9150000E+00, 6.1500000E-01, 2.4750000E+02, 4.5000000E+01
* ELEM  484  line segment
 1, 1031, 1035
*
  7.0403503E+00, 1.3468141E+00, 1.0223374E-01, -2.4681409E-01
* ELEM  485  line segment
 1, 1036, 1037
*
  6.4674159E+00, 2.7300000E+00, -4.7741595E-01, -4.7741595E-01
* ELEM  486  line segment
 1, 1039, 1037
*
  6.5696497E+00, 2.4831859E+00, -1.0223374E-01, 2.4681409E-01
* ELEM  487  circular arc
 3, 1042, 1037
*
  6.8050000E+00, 1.9150000E+00, 6.1500000E-01, 1.1250000E+02, 4.5000000E+01
* ELEM  488  line segment
 1, 1036, 11
*
  5.9900000E+00, 2.7300000E+00, 4.7741595E-01, 0.0000000E+00
* ELEM  489  circular arc
 3, 1042, 1038
*
  6.8050000E+00, 1.9150000E+00, 6.1500000E-01, 0.0000000E+00, 2.2500000E+01
* ELEM  490  circular arc
 3, 1042, 1041
*
  6.8050000E+00, 1.9150000E+00, 6.1500000E-01, 2.2500000E+01, 4.5000000E+01
* ELEM  491  circular arc
 3, 1042, 1039
*
  6.8050000E+00, 1.9150000E+00, 6.1500000E-01, 6.7500000E+01, 4.5000000E+01
* ELEM  492  circular arc
 3, 1042, 1035
*
  6.8050000E+00, 1.9150000E+00, 6.1500000E-01, 2.9250000E+02, 4.5000000E+01
* ELEM  493  circular arc
 3, 1042, 1038
*
  6.8050000E+00, 1.9150000E+00, 6.1500000E-01, 3.3750000E+02, 2.2500000E+01
* ELEM  494  circle
 2, 1043, 1042
*
  6.8050000E+00, 1.9150000E+00, 5.2900000E-01, 0.0000000E+00
* ELEM  495  line segment
 1, 11, 13
*
  5.9900000E+00, 3.2074159E+00, 4.7741595E-01, -4.7741595E-01
* ELEM  496  line segment
 1, 14, 13
*
  6.2368141E+00, 3.3096497E+00, -2.4681409E-01, -1.0223374E-01
* ELEM  497  circular arc
 3, 23, 13
*
  6.8050000E+00, 3.5450000E+00, 6.1500000E-01, 2.0250000E+02, 4.5000000E+01
* ELEM  498  line segment
 1, 13, 12
*
  6.5696497E+00, 2.9768141E+00, -1.0223374E-01, -2.4681409E-01
* ELEM  499  line segment
 1, 36, 14
*
  5.9900000E+00, 3.8825841E+00, 0.0000000E+00, -6.7516811E-01
* ELEM  500  line segment
 1, 18, 14
*
  6.2368141E+00, 3.7803503E+00, -2.4681409E-01, 1.0223374E-01
* ELEM  501  circular arc
 3, 23, 14
*
  6.8050000E+00, 3.5450000E+00, 6.1500000E-01, 1.5750000E+02, 4.5000000E+01
* ELEM  502  line segment
 1, 36, 39
*
  5.7431859E+00, 3.7803503E+00, 2.4681409E-01, 1.0223374E-01
* ELEM  503  line segment
 1, 38, 39
*
  5.9900000E+00, 3.8825841E+00, -4.7741595E-01, 4.7741595E-01
* ELEM  504  line segment
 1, 809, 38
*
  5.9900000E+00, 4.3600000E+00, -4.7741595E-01, 0.0000000E+00
* ELEM  505  line segment
 1, 38, 17
*
  5.9900000E+00, 4.3600000E+00, 0.0000000E+00, -4.7741595E-01
* ELEM  506  line segment
 1, 809, 810
*
  5.5125841E+00, 4.3600000E+00, 4.7741595E-01, 4.7741595E-01
* ELEM  507  line segment
 1, 809, 788
*
  5.9900000E+00, 4.8374159E+00, 0.0000000E+00, -4.7741595E-01
* ELEM  508  circular arc
 3, 817, 810
*
  5.1750000E+00, 5.1750000E+00, 6.1500000E-01, 2.9250000E+02, 4.5000000E+01
* ELEM  509  line segment
 1, 810, 813
*
  5.7431859E+00, 4.9396497E+00, 2.4681409E-01, -1.0223374E-01
* ELEM  510  circular arc
 3, 817, 813
*
  5.1750000E+00, 5.1750000E+00, 6.1500000E-01, 0.0000000E+00, 2.2500000E+01
* ELEM  511  circular arc
 3, 817, 816
*
  5.1750000E+00, 5.1750000E+00, 6.1500000E-01, 2.2500000E+01, 4.5000000E+01
* ELEM  512  circular arc
 3, 817, 814
*
  5.1750000E+00, 5.1750000E+00, 6.1500000E-01, 6.7500000E+01, 4.5000000E+01
* ELEM  513  circular arc
 3, 817, 812
*
  5.1750000E+00, 5.1750000E+00, 6.1500000E-01, 1.1250000E+02, 4.5000000E+01
* ELEM  514  circular arc
 3, 817, 813
*
  5.1750000E+00, 5.1750000E+00, 6.1500000E-01, 3.3750000E+02, 2.2500000E+01
* ELEM  515  circle
 2, 818, 817
*
  5.1750000E+00, 5.1750000E+00, 5.2900000E-01, 0.0000000E+00
* ELEM  516  line segment
 1, 708, 704
*
  1.3468141E+00, 7.0403503E+00, -2.4681409E-01, 1.0223374E-01
* ELEM  517  circular arc
 3, 713, 704
*
  1.9150000E+00, 6.8050000E+00, 6.1500000E-01, 1.5750000E+02, 4.5000000E+01
* ELEM  518  circular arc
 3, 713, 709
*
  1.9150000E+00, 6.8050000E+00, 6.1500000E-01, 0.0000000E+00, 2.2500000E+01
* ELEM  519  circular arc
 3, 713, 712
*
  1.9150000E+00, 6.8050000E+00, 6.1500000E-01, 2.2500000E+01, 4.5000000E+01
* ELEM  520  circular arc
 3, 713, 710
*
  1.9150000E+00, 6.8050000E+00, 6.1500000E-01, 6.7500000E+01, 4.5000000E+01
* ELEM  521  circular arc
 3, 713, 708
*
  1.9150000E+00, 6.8050000E+00, 6.1500000E-01, 1.1250000E+02, 4.5000000E+01
* ELEM  522  circular arc
 3, 713, 706
*
  1.9150000E+00, 6.8050000E+00, 6.1500000E-01, 2.9250000E+02, 4.5000000E+01
* ELEM  523  circular arc
 3, 713, 709
*
  1.9150000E+00, 6.8050000E+00, 6.1500000E-01, 3.3750000E+02, 2.2500000E+01
* ELEM  524  circle
 2, 714, 713
*
  1.9150000E+00, 6.8050000E+00, 5.2900000E-01, 0.0000000E+00
* ELEM  525  line segment
 1, 706, 709
*
  2.4831859E+00, 6.5696497E+00, 2.4681409E-01, -1.0223374E-01
* ELEM  526  line segment
 1, 705, 706
*
  2.2525841E+00, 5.9900000E+00, 4.7741595E-01, 4.7741595E-01
* ELEM  527  line segment
 1, 705, 684
*
  2.7300000E+00, 6.4674159E+00, 0.0000000E+00, -4.7741595E-01
* ELEM  528  line segment
 1, 684, 686
*
  2.7300000E+00, 6.4674159E+00, 4.7741595E-01, -4.7741595E-01
* ELEM  529  line segment
 1, 687, 686
*
  2.9768141E+00, 6.5696497E+00, -2.4681409E-01, -1.0223374E-01
* ELEM  530  circular arc
 3, 696, 686
*
  3.5450000E+00, 6.8050000E+00, 6.1500000E-01, 2.0250000E+02, 4.5000000E+01
* ELEM  531  line segment
 1, 686, 685
*
  3.3096497E+00, 6.2368141E+00, -1.0223374E-01, -2.4681409E-01
* ELEM  532  circular arc
 3, 696, 685
*
  3.5450000E+00, 6.8050000E+00, 6.1500000E-01, 2.4750000E+02, 4.5000000E+01
* ELEM  533  line segment
 1, 685, 689
*
  3.7803503E+00, 6.2368141E+00, 1.0223374E-01, -2.4681409E-01
* ELEM  534  line segment
 1, 831, 685
*
  3.2074159E+00, 5.9900000E+00, 6.7516811E-01, 0.0000000E+00
* ELEM  535  line segment
 1, 833, 831
*
  3.7803503E+00, 5.7431859E+00, 1.0223374E-01, 2.4681409E-01
* ELEM  536  line segment
 1, 811, 812
*
  4.8374159E+00, 5.9900000E+00, -4.7741595E-01, -4.7741595E-01
* ELEM  537  line segment
 1, 814, 812
*
  4.9396497E+00, 5.7431859E+00, -1.0223374E-01, 2.4681409E-01
* ELEM  538  line segment
 1, 832, 833
*
  4.3600000E+00, 5.5125841E+00, -4.7741595E-01, 4.7741595E-01
* ELEM  539  line segment
 1, 832, 688
*
  3.8825841E+00, 5.9900000E+00, 4.7741595E-01, 0.0000000E+00
* ELEM  540  line segment
 1, 832, 811
*
  4.3600000E+00, 5.9900000E+00, 0.0000000E+00, -4.7741595E-01
* ELEM  541  line segment
 1, 811, 667
*
  4.3600000E+00, 5.9900000E+00, 4.7741595E-01, 0.0000000E+00
* ELEM  542  line segment
 1, 1034, 1035
*
  7.1425841E+00, 1.1000000E+00, 4.7741595E-01, 4.7741595E-01
* ELEM  543  line segment
 1, 1034, 1013
*
  7.6200000E+00, 1.5774159E+00, 0.0000000E+00, -4.7741595E-01
* ELEM  544  line segment
 1, 1035, 1038
*
  7.3731859E+00, 1.6796497E+00, 2.4681409E-01, -1.0223374E-01
* ELEM  545  circular arc
 3, 23, 12
*
  6.8050000E+00, 3.5450000E+00, 6.1500000E-01, 2.4750000E+02, 4.5000000E+01
* ELEM  546  line segment
 1, 12, 16
*
  7.0403503E+00, 2.9768141E+00, 1.0223374E-01, -2.4681409E-01
* ELEM  547  line segment
 1, 1039, 12
*
  6.4674159E+00, 2.7300000E+00, 6.7516811E-01, 0.0000000E+00
* ELEM  548  line segment
 1, 1041, 1039
*
  7.0403503E+00, 2.4831859E+00, 1.0223374E-01, 2.4681409E-01
* ELEM  549  circular arc
 3, 23, 19
*
  6.8050000E+00, 3.5450000E+00, 6.1500000E-01, 0.0000000E+00, 2.2500000E+01
* ELEM  550  circular arc
 3, 23, 22
*
  6.8050000E+00, 3.5450000E+00, 6.1500000E-01, 2.2500000E+01, 4.5000000E+01
* ELEM  551  circular arc
 3, 23, 20
*
  6.8050000E+00, 3.5450000E+00, 6.1500000E-01, 6.7500000E+01, 4.5000000E+01
* ELEM  552  circular arc
 3, 23, 18
*
  6.8050000E+00, 3.5450000E+00, 6.1500000E-01, 1.1250000E+02, 4.5000000E+01
* ELEM  553  circular arc
 3, 23, 16
*
  6.8050000E+00, 3.5450000E+00, 6.1500000E-01, 2.9250000E+02, 4.5000000E+01
* ELEM  554  circular arc
 3, 23, 19
*
  6.8050000E+00, 3.5450000E+00, 6.1500000E-01, 3.3750000E+02, 2.2500000E+01
* ELEM  555  circle
 2, 24, 23
*
  6.8050000E+00, 3.5450000E+00, 5.2900000E-01, 0.0000000E+00
* ELEM  556  line segment
 1, 17, 18
*
  6.4674159E+00, 4.3600000E+00, -4.7741595E-01, -4.7741595E-01
* ELEM  557  line segment
 1, 20, 18
*
  6.5696497E+00, 4.1131859E+00, -1.0223374E-01, 2.4681409E-01
* ELEM  558  line segment
 1, 788, 17
*
  6.4674159E+00, 4.3600000E+00, -4.7741595E-01, 0.0000000E+00
* ELEM  559  line segment
 1, 788, 790
*
  5.9900000E+00, 4.8374159E+00, 4.7741595E-01, -4.7741595E-01
* ELEM  560  line segment
 1, 791, 790
*
  6.2368141E+00, 4.9396497E+00, -2.4681409E-01, -1.0223374E-01
* ELEM  561  circular arc
 3, 800, 790
*
  6.8050000E+00, 5.1750000E+00, 6.1500000E-01, 2.0250000E+02, 4.5000000E+01
* ELEM  562  line segment
 1, 790, 789
*
  6.5696497E+00, 4.6068141E+00, -1.0223374E-01, -2.4681409E-01
* ELEM  563  line segment
 1, 813, 791
*
  5.9900000E+00, 5.5125841E+00, 0.0000000E+00, -6.7516811E-01
* ELEM  564  line segment
 1, 795, 791
*
  6.2368141E+00, 5.4103503E+00, -2.4681409E-01, 1.0223374E-01
* ELEM  565  circular arc
 3, 800, 791
*
  6.8050000E+00, 5.1750000E+00, 6.1500000E-01, 1.5750000E+02, 4.5000000E+01
* ELEM  566  line segment
 1, 813, 816
*
  5.7431859E+00, 5.4103503E+00, 2.4681409E-01, 1.0223374E-01
* ELEM  567  line segment
 1, 707, 708
*
  1.5774159E+00, 7.6200000E+00, -4.7741595E-01, -4.7741595E-01
* ELEM  568  line segment
 1, 710, 708
*
  1.6796497E+00, 7.3731859E+00, -1.0223374E-01, 2.4681409E-01
* ELEM  569  line segment
 1, 707, 599
*
  1.1000000E+00, 7.6200000E+00, 4.7741595E-01, 0.0000000E+00
* ELEM  570  line segment
 1, 709, 687
*
  2.7300000E+00, 7.1425841E+00, 0.0000000E+00, -6.7516811E-01
* ELEM  571  line segment
 1, 691, 687
*
  2.9768141E+00, 7.0403503E+00, -2.4681409E-01, 1.0223374E-01
* ELEM  572  circular arc
 3, 696, 687
*
  3.5450000E+00, 6.8050000E+00, 6.1500000E-01, 1.5750000E+02, 4.5000000E+01
* ELEM  573  line segment
 1, 709, 712
*
  2.4831859E+00, 7.0403503E+00, 2.4681409E-01, 1.0223374E-01
* ELEM  574  circular arc
 3, 696, 692
*
  3.5450000E+00, 6.8050000E+00, 6.1500000E-01, 0.0000000E+00, 2.2500000E+01
* ELEM  575  circular arc
 3, 696, 695
*
  3.5450000E+00, 6.8050000E+00, 6.1500000E-01, 2.2500000E+01, 4.5000000E+01
* ELEM  576  circular arc
 3, 696, 693
*
  3.5450000E+00, 6.8050000E+00, 6.1500000E-01, 6.7500000E+01, 4.5000000E+01
* ELEM  577  circular arc
 3, 696, 691
*
  3.5450000E+00, 6.8050000E+00, 6.1500000E-01, 1.1250000E+02, 4.5000000E+01
* ELEM  578  circular arc
 3, 696, 689
*
  3.5450000E+00, 6.8050000E+00, 6.1500000E-01, 2.9250000E+02, 4.5000000E+01
* ELEM  579  circular arc
 3, 696, 692
*
  3.5450000E+00, 6.8050000E+00, 6.1500000E-01, 3.3750000E+02, 2.2500000E+01
* ELEM  580  circle
 2, 697, 696
*
  3.5450000E+00, 6.8050000E+00, 5.2900000E-01, 0.0000000E+00
* ELEM  581  line segment
 1, 689, 692
*
  4.1131859E+00, 6.5696497E+00, 2.4681409E-01, -1.0223374E-01
* ELEM  582  line segment
 1, 688, 689
*
  3.8825841E+00, 5.9900000E+00, 4.7741595E-01, 4.7741595E-01
* ELEM  583  line segment
 1, 688, 667
*
  4.3600000E+00, 6.4674159E+00, 0.0000000E+00, -4.7741595E-01
* ELEM  584  line segment
 1, 667, 669
*
  4.3600000E+00, 6.4674159E+00, 4.7741595E-01, -4.7741595E-01
* ELEM  585  line segment
 1, 670, 669
*
  4.6068141E+00, 6.5696497E+00, -2.4681409E-01, -1.0223374E-01
* ELEM  586  circular arc
 3, 679, 669
*
  5.1750000E+00, 6.8050000E+00, 6.1500000E-01, 2.0250000E+02, 4.5000000E+01
* ELEM  587  line segment
 1, 669, 668
*
  4.9396497E+00, 6.2368141E+00, -1.0223374E-01, -2.4681409E-01
* ELEM  588  circular arc
 3, 679, 668
*
  5.1750000E+00, 6.8050000E+00, 6.1500000E-01, 2.4750000E+02, 4.5000000E+01
* ELEM  589  line segment
 1, 668, 672
*
  5.4103503E+00, 6.2368141E+00, 1.0223374E-01, -2.4681409E-01
* ELEM  590  line segment
 1, 814, 668
*
  4.8374159E+00, 5.9900000E+00, 6.7516811E-01, 0.0000000E+00
* ELEM  591  line segment
 1, 816, 814
*
  5.4103503E+00, 5.7431859E+00, 1.0223374E-01, 2.4681409E-01
* ELEM  592  line segment
 1, 1013, 1015
*
  7.6200000E+00, 1.5774159E+00, 4.7741595E-01, -4.7741595E-01
* ELEM  593  line segment
 1, 1016, 1015
*
  7.8668141E+00, 1.6796497E+00, -2.4681409E-01, -1.0223374E-01
* ELEM  594  circular arc
 3, 1025, 1015
*
  8.4350000E+00, 1.9150000E+00, 6.1500000E-01, 2.0250000E+02, 4.5000000E+01
* ELEM  595  line segment
 1, 1015, 1014
*
  8.1996497E+00, 1.3468141E+00, -1.0223374E-01, -2.4681409E-01
* ELEM  596  line segment
 1, 1038, 1016
*
  7.6200000E+00, 2.2525841E+00, 0.0000000E+00, -6.7516811E-01
* ELEM  597  line segment
 1, 1020, 1016
*
  7.8668141E+00, 2.1503503E+00, -2.4681409E-01, 1.0223374E-01
* ELEM  598  circular arc
 3, 1025, 1016
*
  8.4350000E+00, 1.9150000E+00, 6.1500000E-01, 1.5750000E+02, 4.5000000E+01
* ELEM  599  line segment
 1, 1038, 1041
*
  7.3731859E+00, 2.1503503E+00, 2.4681409E-01, 1.0223374E-01
* ELEM  600  line segment
 1, 16, 19
*
  7.3731859E+00, 3.3096497E+00, 2.4681409E-01, -1.0223374E-01
* ELEM  601  line segment
 1, 15, 16
*
  7.1425841E+00, 2.7300000E+00, 4.7741595E-01, 4.7741595E-01
* ELEM  602  line segment
 1, 911, 15
*
  7.6200000E+00, 2.7300000E+00, 0.0000000E+00, 4.7741595E-01
* ELEM  603  line segment
 1, 1040, 15
*
  7.1425841E+00, 2.7300000E+00, 4.7741595E-01, 0.0000000E+00
* ELEM  604  line segment
 1, 1040, 1041
*
  7.6200000E+00, 2.2525841E+00, -4.7741595E-01, 4.7741595E-01
* ELEM  605  line segment
 1, 1040, 1019
*
  7.6200000E+00, 2.7300000E+00, 0.0000000E+00, -4.7741595E-01
* ELEM  606  line segment
 1, 789, 20
*
  7.1425841E+00, 4.3600000E+00, -6.7516811E-01, 0.0000000E+00
* ELEM  607  line segment
 1, 22, 20
*
  7.0403503E+00, 4.1131859E+00, 1.0223374E-01, 2.4681409E-01
* ELEM  608  circular arc
 3, 800, 789
*
  6.8050000E+00, 5.1750000E+00, 6.1500000E-01, 2.4750000E+02, 4.5000000E+01
* ELEM  609  line segment
 1, 789, 793
*
  7.0403503E+00, 4.6068141E+00, 1.0223374E-01, -2.4681409E-01
* ELEM  610  circular arc
 3, 800, 796
*
  6.8050000E+00, 5.1750000E+00, 6.1500000E-01, 0.0000000E+00, 2.2500000E+01
* ELEM  611  circular arc
 3, 800, 799
*
  6.8050000E+00, 5.1750000E+00, 6.1500000E-01, 2.2500000E+01, 4.5000000E+01
* ELEM  612  circular arc
 3, 800, 797
*
  6.8050000E+00, 5.1750000E+00, 6.1500000E-01, 6.7500000E+01, 4.5000000E+01
* ELEM  613  circular arc
 3, 800, 795
*
  6.8050000E+00, 5.1750000E+00, 6.1500000E-01, 1.1250000E+02, 4.5000000E+01
* ELEM  614  circular arc
 3, 800, 793
*
  6.8050000E+00, 5.1750000E+00, 6.1500000E-01, 2.9250000E+02, 4.5000000E+01
* ELEM  615  circular arc
 3, 800, 796
*
  6.8050000E+00, 5.1750000E+00, 6.1500000E-01, 3.3750000E+02, 2.2500000E+01
* ELEM  616  circle
 2, 801, 800
*
  6.8050000E+00, 5.1750000E+00, 5.2900000E-01, 0.0000000E+00
* ELEM  617  line segment
 1, 794, 795
*
  6.4674159E+00, 5.9900000E+00, -4.7741595E-01, -4.7741595E-01
* ELEM  618  line segment
 1, 797, 795
*
  6.5696497E+00, 5.7431859E+00, -1.0223374E-01, 2.4681409E-01
* ELEM  619  line segment
 1, 815, 816
*
  5.9900000E+00, 5.5125841E+00, -4.7741595E-01, 4.7741595E-01
* ELEM  620  line segment
 1, 815, 671
*
  5.5125841E+00, 5.9900000E+00, 4.7741595E-01, 0.0000000E+00
* ELEM  621  line segment
 1, 815, 794
*
  5.9900000E+00, 5.9900000E+00, 0.0000000E+00, -4.7741595E-01
* ELEM  622  line segment
 1, 1, 794
*
  6.4674159E+00, 5.9900000E+00, -4.7741595E-01, 0.0000000E+00
* ELEM  623  line segment
 1, 599, 601
*
  1.1000000E+00, 8.0974159E+00, 4.7741595E-01, -4.7741595E-01
* ELEM  624  line segment
 1, 602, 601
*
  1.3468141E+00, 8.1996497E+00, -2.4681409E-01, -1.0223374E-01
* ELEM  625  circular arc
 3, 611, 601
*
  1.9150000E+00, 8.4350000E+00, 6.1500000E-01, 2.0250000E+02, 4.5000000E+01
* ELEM  626  line segment
 1, 601, 600
*
  1.6796497E+00, 7.8668141E+00, -1.0223374E-01, -2.4681409E-01
* ELEM  627  circular arc
 3, 611, 600
*
  1.9150000E+00, 8.4350000E+00, 6.1500000E-01, 2.4750000E+02, 4.5000000E+01
* ELEM  628  line segment
 1, 600, 604
*
  2.1503503E+00, 7.8668141E+00, 1.0223374E-01, -2.4681409E-01
* ELEM  629  line segment
 1, 710, 600
*
  1.5774159E+00, 7.6200000E+00, 6.7516811E-01, 0.0000000E+00
* ELEM  630  line segment
 1, 712, 710
*
  2.1503503E+00, 7.3731859E+00, 1.0223374E-01, 2.4681409E-01
* ELEM  631  line segment
 1, 690, 691
*
  3.2074159E+00, 7.6200000E+00, -4.7741595E-01, -4.7741595E-01
* ELEM  632  line segment
 1, 693, 691
*
  3.3096497E+00, 7.3731859E+00, -1.0223374E-01, 2.4681409E-01
* ELEM  633  line segment
 1, 711, 712
*
  2.7300000E+00, 7.1425841E+00, -4.7741595E-01, 4.7741595E-01
* ELEM  634  line segment
 1, 711, 603
*
  2.2525841E+00, 7.6200000E+00, 4.7741595E-01, 0.0000000E+00
* ELEM  635  line segment
 1, 711, 690
*
  2.7300000E+00, 7.6200000E+00, 0.0000000E+00, -4.7741595E-01
* ELEM  636  line segment
 1, 690, 582
*
  2.7300000E+00, 7.6200000E+00, 4.7741595E-01, 0.0000000E+00
* ELEM  637  line segment
 1, 692, 670
*
  4.3600000E+00, 7.1425841E+00, 0.0000000E+00, -6.7516811E-01
* ELEM  638  line segment
 1, 674, 670
*
  4.6068141E+00, 7.0403503E+00, -2.4681409E-01, 1.0223374E-01
* ELEM  639  circular arc
 3, 679, 670
*
  5.1750000E+00, 6.8050000E+00, 6.1500000E-01, 1.5750000E+02, 4.5000000E+01
* ELEM  640  line segment
 1, 692, 695
*
  4.1131859E+00, 7.0403503E+00, 2.4681409E-01, 1.0223374E-01
* ELEM  641  circular arc
 3, 679, 675
*
  5.1750000E+00, 6.8050000E+00, 6.1500000E-01, 0.0000000E+00, 2.2500000E+01
* ELEM  642  circular arc
 3, 679, 678
*
  5.1750000E+00, 6.8050000E+00, 6.1500000E-01, 2.2500000E+01, 4.5000000E+01
* ELEM  643  circular arc
 3, 679, 676
*
  5.1750000E+00, 6.8050000E+00, 6.1500000E-01, 6.7500000E+01, 4.5000000E+01
* ELEM  644  circular arc
 3, 679, 674
*
  5.1750000E+00, 6.8050000E+00, 6.1500000E-01, 1.1250000E+02, 4.5000000E+01
* ELEM  645  circular arc
 3, 679, 672
*
  5.1750000E+00, 6.8050000E+00, 6.1500000E-01, 2.9250000E+02, 4.5000000E+01
* ELEM  646  circular arc
 3, 679, 675
*
  5.1750000E+00, 6.8050000E+00, 6.1500000E-01, 3.3750000E+02, 2.2500000E+01
* ELEM  647  circle
 2, 680, 679
*
  5.1750000E+00, 6.8050000E+00, 5.2900000E-01, 0.0000000E+00
* ELEM  648  line segment
 1, 672, 675
*
  5.7431859E+00, 6.5696497E+00, 2.4681409E-01, -1.0223374E-01
* ELEM  649  line segment
 1, 671, 672
*
  5.5125841E+00, 5.9900000E+00, 4.7741595E-01, 4.7741595E-01
* ELEM  650  line segment
 1, 2, 671
*
  5.9900000E+00, 5.9900000E+00, 0.0000000E+00, 4.7741595E-01
* ELEM  651  circular arc
 3, 1025, 1014
*
  8.4350000E+00, 1.9150000E+00, 6.1500000E-01, 2.4750000E+02, 4.5000000E+01
* ELEM  652  line segment
 1, 1014, 1018
*
  8.6703503E+00, 1.3468141E+00, 1.0223374E-01, -2.4681409E-01
* ELEM  653  circular arc
 3, 1025, 1021
*
  8.4350000E+00, 1.9150000E+00, 6.1500000E-01, 0.0000000E+00, 2.2500000E+01
* ELEM  654  circular arc
 3, 1025, 1024
*
  8.4350000E+00, 1.9150000E+00, 6.1500000E-01, 2.2500000E+01, 4.5000000E+01
* ELEM  655  circular arc
 3, 1025, 1022
*
  8.4350000E+00, 1.9150000E+00, 6.1500000E-01, 6.7500000E+01, 4.5000000E+01
* ELEM  656  circular arc
 3, 1025, 1020
*
  8.4350000E+00, 1.9150000E+00, 6.1500000E-01, 1.1250000E+02, 4.5000000E+01
* ELEM  657  circular arc
 3, 1025, 1018
*
  8.4350000E+00, 1.9150000E+00, 6.1500000E-01, 2.9250000E+02, 4.5000000E+01
* ELEM  658  circular arc
 3, 1025, 1021
*
  8.4350000E+00, 1.9150000E+00, 6.1500000E-01, 3.3750000E+02, 2.2500000E+01
* ELEM  659  circle
 2, 1026, 1025
*
  8.4350000E+00, 1.9150000E+00, 5.2900000E-01, 0.0000000E+00
* ELEM  660  line segment
 1, 1019, 1020
*
  8.0974159E+00, 2.7300000E+00, -4.7741595E-01, -4.7741595E-01
* ELEM  661  line segment
 1, 1022, 1020
*
  8.1996497E+00, 2.4831859E+00, -1.0223374E-01, 2.4681409E-01
* ELEM  662  line segment
 1, 1019, 911
*
  7.6200000E+00, 2.7300000E+00, 4.7741595E-01, 0.0000000E+00
* ELEM  663  line segment
 1, 911, 913
*
  7.6200000E+00, 3.2074159E+00, 4.7741595E-01, -4.7741595E-01
* ELEM  664  line segment
 1, 19, 22
*
  7.3731859E+00, 3.7803503E+00, 2.4681409E-01, 1.0223374E-01
* ELEM  665  line segment
 1, 914, 19
*
  7.6200000E+00, 3.2074159E+00, 0.0000000E+00, 6.7516811E-01
* ELEM  666  line segment
 1, 914, 913
*
  7.8668141E+00, 3.3096497E+00, -2.4681409E-01, -1.0223374E-01
* ELEM  667  circular arc
 3, 923, 913
*
  8.4350000E+00, 3.5450000E+00, 6.1500000E-01, 2.0250000E+02, 4.5000000E+01
* ELEM  668  line segment
 1, 913, 912
*
  8.1996497E+00, 2.9768141E+00, -1.0223374E-01, -2.4681409E-01
* ELEM  669  line segment
 1, 918, 914
*
  7.8668141E+00, 3.7803503E+00, -2.4681409E-01, 1.0223374E-01
* ELEM  670  circular arc
 3, 923, 914
*
  8.4350000E+00, 3.5450000E+00, 6.1500000E-01, 1.5750000E+02, 4.5000000E+01
* ELEM  671  line segment
 1, 21, 22
*
  7.6200000E+00, 3.8825841E+00, -4.7741595E-01, 4.7741595E-01
* ELEM  672  line segment
 1, 792, 21
*
  7.6200000E+00, 4.3600000E+00, -4.7741595E-01, 0.0000000E+00
* ELEM  673  line segment
 1, 917, 21
*
  7.6200000E+00, 3.8825841E+00, 0.0000000E+00, 4.7741595E-01
* ELEM  674  line segment
 1, 792, 793
*
  7.1425841E+00, 4.3600000E+00, 4.7741595E-01, 4.7741595E-01
* ELEM  675  line segment
 1, 792, 771
*
  7.6200000E+00, 4.8374159E+00, 0.0000000E+00, -4.7741595E-01
* ELEM  676  line segment
 1, 793, 796
*
  7.3731859E+00, 4.9396497E+00, 2.4681409E-01, -1.0223374E-01
* ELEM  677  line segment
 1, 2, 677
*
  5.9900000E+00, 7.1425841E+00, 0.0000000E+00, 4.7741595E-01
* ELEM  678  line segment
 1, 2, 675
*
  5.9900000E+00, 6.4674159E+00, 0.0000000E+00, 6.7516811E-01
* ELEM  679  line segment
 1, 4, 2
*
  6.0200000E+00, 7.6200000E+00, -3.0000000E-02, 0.0000000E+00
* ELEM  680  circular arc
 3, 9, 2
*
  7.6200000E+00, 7.6200000E+00, 1.6000000E+00, 1.8000000E+02, 4.5000000E+01
* ELEM  681  line segment
 1, 2, 1
*
  6.4886292E+00, 6.4886292E+00, -4.9862915E-01, -4.9862915E-01
* ELEM  682  circular arc
 3, 9, 1
*
  7.6200000E+00, 7.6200000E+00, 1.6000000E+00, 2.2500000E+02, 4.5000000E+01
* ELEM  683  line segment
 1, 1, 3
*
  7.6200000E+00, 6.0200000E+00, 0.0000000E+00, -3.0000000E-02
* ELEM  684  line segment
 1, 1, 797
*
  7.1425841E+00, 5.9900000E+00, -6.7516811E-01, 0.0000000E+00
* ELEM  685  line segment
 1, 1, 798
*
  7.6200000E+00, 5.9900000E+00, -4.7741595E-01, 0.0000000E+00
* ELEM  686  line segment
 1, 799, 797
*
  7.0403503E+00, 5.7431859E+00, 1.0223374E-01, 2.4681409E-01
* ELEM  687  line segment
 1, 606, 602
*
  1.3468141E+00, 8.6703503E+00, -2.4681409E-01, 1.0223374E-01
* ELEM  688  circular arc
 3, 611, 602
*
  1.9150000E+00, 8.4350000E+00, 6.1500000E-01, 1.5750000E+02, 4.5000000E+01
* ELEM  689  circular arc
 3, 611, 607
*
  1.9150000E+00, 8.4350000E+00, 6.1500000E-01, 0.0000000E+00, 2.2500000E+01
* ELEM  690  circular arc
 3, 611, 610
*
  1.9150000E+00, 8.4350000E+00, 6.1500000E-01, 2.2500000E+01, 4.5000000E+01
* ELEM  691  circular arc
 3, 611, 608
*
  1.9150000E+00, 8.4350000E+00, 6.1500000E-01, 6.7500000E+01, 4.5000000E+01
* ELEM  692  circular arc
 3, 611, 606
*
  1.9150000E+00, 8.4350000E+00, 6.1500000E-01, 1.1250000E+02, 4.5000000E+01
* ELEM  693  circular arc
 3, 611, 604
*
  1.9150000E+00, 8.4350000E+00, 6.1500000E-01, 2.9250000E+02, 4.5000000E+01
* ELEM  694  circular arc
 3, 611, 607
*
  1.9150000E+00, 8.4350000E+00, 6.1500000E-01, 3.3750000E+02, 2.2500000E+01
* ELEM  695  circle
 2, 612, 611
*
  1.9150000E+00, 8.4350000E+00, 5.2900000E-01, 0.0000000E+00
* ELEM  696  line segment
 1, 604, 607
*
  2.4831859E+00, 8.1996497E+00, 2.4681409E-01, -1.0223374E-01
* ELEM  697  line segment
 1, 603, 604
*
  2.2525841E+00, 7.6200000E+00, 4.7741595E-01, 4.7741595E-01
* ELEM  698  line segment
 1, 603, 582
*
  2.7300000E+00, 8.0974159E+00, 0.0000000E+00, -4.7741595E-01
* ELEM  699  line segment
 1, 582, 584
*
  2.7300000E+00, 8.0974159E+00, 4.7741595E-01, -4.7741595E-01
* ELEM  700  line segment
 1, 585, 584
*
  2.9768141E+00, 8.1996497E+00, -2.4681409E-01, -1.0223374E-01
* ELEM  701  circular arc
 3, 594, 584
*
  3.5450000E+00, 8.4350000E+00, 6.1500000E-01, 2.0250000E+02, 4.5000000E+01
* ELEM  702  line segment
 1, 584, 583
*
  3.3096497E+00, 7.8668141E+00, -1.0223374E-01, -2.4681409E-01
* ELEM  703  circular arc
 3, 594, 583
*
  3.5450000E+00, 8.4350000E+00, 6.1500000E-01, 2.4750000E+02, 4.5000000E+01
* ELEM  704  line segment
 1, 583, 587
*
  3.7803503E+00, 7.8668141E+00, 1.0223374E-01, -2.4681409E-01
* ELEM  705  line segment
 1, 693, 583
*
  3.2074159E+00, 7.6200000E+00, 6.7516811E-01, 0.0000000E+00
* ELEM  706  line segment
 1, 695, 693
*
  3.7803503E+00, 7.3731859E+00, 1.0223374E-01, 2.4681409E-01
* ELEM  707  line segment
 1, 673, 674
*
  4.8374159E+00, 7.6200000E+00, -4.7741595E-01, -4.7741595E-01
* ELEM  708  line segment
 1, 676, 674
*
  4.9396497E+00, 7.3731859E+00, -1.0223374E-01, 2.4681409E-01
* ELEM  709  line segment
 1, 694, 695
*
  4.3600000E+00, 7.1425841E+00, -4.7741595E-01, 4.7741595E-01
* ELEM  710  line segment
 1, 694, 586
*
  3.8825841E+00, 7.6200000E+00, 4.7741595E-01, 0.0000000E+00
* ELEM  711  line segment
 1, 694, 673
*
  4.3600000E+00, 7.6200000E+00, 0.0000000E+00, -4.7741595E-01
* ELEM  712  line segment
 1, 673, 565
*
  4.3600000E+00, 7.6200000E+00, 4.7741595E-01, 0.0000000E+00
* ELEM  713  line segment
 1, 675, 678
*
  5.7431859E+00, 7.0403503E+00, 2.4681409E-01, 1.0223374E-01
* ELEM  714  line segment
 1, 1017, 1018
*
  8.7725841E+00, 1.1000000E+00, 4.7741595E-01, 4.7741595E-01
* ELEM  715  line segment
 1, 1017, 996
*
  9.2500000E+00, 1.5774159E+00, 0.0000000E+00, -4.7741595E-01
* ELEM  716  line segment
 1, 1018, 1021
*
  9.0031859E+00, 1.6796497E+00, 2.4681409E-01, -1.0223374E-01
* ELEM  717  circular arc
 3, 923, 912
*
  8.4350000E+00, 3.5450000E+00, 6.1500000E-01, 2.4750000E+02, 4.5000000E+01
* ELEM  718  line segment
 1, 912, 916
*
  8.6703503E+00, 2.9768141E+00, 1.0223374E-01, -2.4681409E-01
* ELEM  719  line segment
 1, 1022, 912
*
  8.0974159E+00, 2.7300000E+00, 6.7516811E-01, 0.0000000E+00
* ELEM  720  line segment
 1, 1024, 1022
*
  8.6703503E+00, 2.4831859E+00, 1.0223374E-01, 2.4681409E-01
* ELEM  721  line segment
 1, 917, 918
*
  8.0974159E+00, 4.3600000E+00, -4.7741595E-01, -4.7741595E-01
* ELEM  722  line segment
 1, 920, 918
*
  8.1996497E+00, 4.1131859E+00, -1.0223374E-01, 2.4681409E-01
* ELEM  723  circular arc
 3, 923, 918
*
  8.4350000E+00, 3.5450000E+00, 6.1500000E-01, 1.1250000E+02, 4.5000000E+01
* ELEM  724  line segment
 1, 917, 771
*
  7.6200000E+00, 4.3600000E+00, 4.7741595E-01, 0.0000000E+00
* ELEM  725  circular arc
 3, 923, 919
*
  8.4350000E+00, 3.5450000E+00, 6.1500000E-01, 0.0000000E+00, 2.2500000E+01
* ELEM  726  circular arc
 3, 923, 922
*
  8.4350000E+00, 3.5450000E+00, 6.1500000E-01, 2.2500000E+01, 4.5000000E+01
* ELEM  727  circular arc
 3, 923, 920
*
  8.4350000E+00, 3.5450000E+00, 6.1500000E-01, 6.7500000E+01, 4.5000000E+01
* ELEM  728  circular arc
 3, 923, 916
*
  8.4350000E+00, 3.5450000E+00, 6.1500000E-01, 2.9250000E+02, 4.5000000E+01
* ELEM  729  circular arc
 3, 923, 919
*
  8.4350000E+00, 3.5450000E+00, 6.1500000E-01, 3.3750000E+02, 2.2500000E+01
* ELEM  730  circle
 2, 924, 923
*
  8.4350000E+00, 3.5450000E+00, 5.2900000E-01, 0.0000000E+00
* ELEM  731  line segment
 1, 771, 773
*
  7.6200000E+00, 4.8374159E+00, 4.7741595E-01, -4.7741595E-01
* ELEM  732  line segment
 1, 774, 773
*
  7.8668141E+00, 4.9396497E+00, -2.4681409E-01, -1.0223374E-01
* ELEM  733  circular arc
 3, 783, 773
*
  8.4350000E+00, 5.1750000E+00, 6.1500000E-01, 2.0250000E+02, 4.5000000E+01
* ELEM  734  line segment
 1, 773, 772
*
  8.1996497E+00, 4.6068141E+00, -1.0223374E-01, -2.4681409E-01
* ELEM  735  line segment
 1, 796, 774
*
  7.6200000E+00, 5.5125841E+00, 0.0000000E+00, -6.7516811E-01
* ELEM  736  line segment
 1, 778, 774
*
  7.8668141E+00, 5.4103503E+00, -2.4681409E-01, 1.0223374E-01
* ELEM  737  circular arc
 3, 783, 774
*
  8.4350000E+00, 5.1750000E+00, 6.1500000E-01, 1.5750000E+02, 4.5000000E+01
* ELEM  738  line segment
 1, 796, 799
*
  7.3731859E+00, 5.4103503E+00, 2.4681409E-01, 1.0223374E-01
* ELEM  739  circular arc
 3, 9, 7
*
  7.6200000E+00, 7.6200000E+00, 1.6000000E+00, 0.0000000E+00, 4.5000000E+01
* ELEM  740  circular arc
 3, 9, 8
*
  7.6200000E+00, 7.6200000E+00, 1.6000000E+00, 4.5000000E+01, 4.5000000E+01
* ELEM  741  circular arc
 3, 9, 6
*
  7.6200000E+00, 7.6200000E+00, 1.6000000E+00, 9.0000000E+01, 4.5000000E+01
* ELEM  742  circular arc
 3, 9, 4
*
  7.6200000E+00, 7.6200000E+00, 1.6000000E+00, 1.3500000E+02, 4.5000000E+01
* ELEM  743  circular arc
 3, 9, 3
*
  7.6200000E+00, 7.6200000E+00, 1.6000000E+00, 2.7000000E+02, 4.5000000E+01
* ELEM  744  circular arc
 3, 9, 5
*
  7.6200000E+00, 7.6200000E+00, 1.6000000E+00, 3.1500000E+02, 4.5000000E+01
* ELEM  745  circle
 2, 10, 9
*
  7.6200000E+00, 7.6200000E+00, 1.5000000E+00, 0.0000000E+00
* ELEM  746  line segment
 1, 798, 799
*
  7.6200000E+00, 5.5125841E+00, -4.7741595E-01, 4.7741595E-01
* ELEM  747  line segment
 1, 798, 777
*
  7.6200000E+00, 5.9900000E+00, 0.0000000E+00, -4.7741595E-01
* ELEM  748  line segment
 1, 605, 606
*
  1.5774159E+00, 9.2500000E+00, -4.7741595E-01, -4.7741595E-01
* ELEM  749  line segment
 1, 608, 606
*
  1.6796497E+00, 9.0031859E+00, -1.0223374E-01, 2.4681409E-01
* ELEM  750  line segment
 1, 605, 497
*
  1.1000000E+00, 9.2500000E+00, 4.7741595E-01, 0.0000000E+00
* ELEM  751  line segment
 1, 607, 585
*
  2.7300000E+00, 8.7725841E+00, 0.0000000E+00, -6.7516811E-01
* ELEM  752  line segment
 1, 589, 585
*
  2.9768141E+00, 8.6703503E+00, -2.4681409E-01, 1.0223374E-01
* ELEM  753  circular arc
 3, 594, 585
*
  3.5450000E+00, 8.4350000E+00, 6.1500000E-01, 1.5750000E+02, 4.5000000E+01
* ELEM  754  line segment
 1, 607, 610
*
  2.4831859E+00, 8.6703503E+00, 2.4681409E-01, 1.0223374E-01
* ELEM  755  circular arc
 3, 594, 590
*
  3.5450000E+00, 8.4350000E+00, 6.1500000E-01, 0.0000000E+00, 2.2500000E+01
* ELEM  756  circular arc
 3, 594, 593
*
  3.5450000E+00, 8.4350000E+00, 6.1500000E-01, 2.2500000E+01, 4.5000000E+01
* ELEM  757  circular arc
 3, 594, 591
*
  3.5450000E+00, 8.4350000E+00, 6.1500000E-01, 6.7500000E+01, 4.5000000E+01
* ELEM  758  circular arc
 3, 594, 589
*
  3.5450000E+00, 8.4350000E+00, 6.1500000E-01, 1.1250000E+02, 4.5000000E+01
* ELEM  759  circular arc
 3, 594, 587
*
  3.5450000E+00, 8.4350000E+00, 6.1500000E-01, 2.9250000E+02, 4.5000000E+01
* ELEM  760  circular arc
 3, 594, 590
*
  3.5450000E+00, 8.4350000E+00, 6.1500000E-01, 3.3750000E+02, 2.2500000E+01
* ELEM  761  circle
 2, 595, 594
*
  3.5450000E+00, 8.4350000E+00, 5.2900000E-01, 0.0000000E+00
* ELEM  762  line segment
 1, 587, 590
*
  4.1131859E+00, 8.1996497E+00, 2.4681409E-01, -1.0223374E-01
* ELEM  763  line segment
 1, 586, 587
*
  3.8825841E+00, 7.6200000E+00, 4.7741595E-01, 4.7741595E-01
* ELEM  764  line segment
 1, 586, 565
*
  4.3600000E+00, 8.0974159E+00, 0.0000000E+00, -4.7741595E-01
* ELEM  765  line segment
 1, 565, 567
*
  4.3600000E+00, 8.0974159E+00, 4.7741595E-01, -4.7741595E-01
* ELEM  766  line segment
 1, 568, 567
*
  4.6068141E+00, 8.1996497E+00, -2.4681409E-01, -1.0223374E-01
* ELEM  767  circular arc
 3, 577, 567
*
  5.1750000E+00, 8.4350000E+00, 6.1500000E-01, 2.0250000E+02, 4.5000000E+01
* ELEM  768  line segment
 1, 567, 566
*
  4.9396497E+00, 7.8668141E+00, -1.0223374E-01, -2.4681409E-01
* ELEM  769  circular arc
 3, 577, 566
*
  5.1750000E+00, 8.4350000E+00, 6.1500000E-01, 2.4750000E+02, 4.5000000E+01
* ELEM  770  line segment
 1, 566, 570
*
  5.4103503E+00, 7.8668141E+00, 1.0223374E-01, -2.4681409E-01
* ELEM  771  line segment
 1, 676, 566
*
  4.8374159E+00, 7.6200000E+00, 6.7516811E-01, 0.0000000E+00
* ELEM  772  line segment
 1, 678, 676
*
  5.4103503E+00, 7.3731859E+00, 1.0223374E-01, 2.4681409E-01
* ELEM  773  line segment
 1, 677, 678
*
  5.9900000E+00, 7.1425841E+00, -4.7741595E-01, 4.7741595E-01
* ELEM  774  line segment
 1, 677, 569
*
  5.5125841E+00, 7.6200000E+00, 4.7741595E-01, 0.0000000E+00
* ELEM  775  line segment
 1, 996, 998
*
  9.2500000E+00, 1.5774159E+00, 4.7741595E-01, -4.7741595E-01
* ELEM  776  line segment
 1, 999, 998
*
  9.4968141E+00, 1.6796497E+00, -2.4681409E-01, -1.0223374E-01
* ELEM  777  circular arc
 3, 1008, 998
*
  1.0065000E+01, 1.9150000E+00, 6.1500000E-01, 2.0250000E+02, 4.5000000E+01
* ELEM  778  line segment
 1, 998, 997
*
  9.8296497E+00, 1.3468141E+00, -1.0223374E-01, -2.4681409E-01
* ELEM  779  line segment
 1, 1021, 999
*
  9.2500000E+00, 2.2525841E+00, 0.0000000E+00, -6.7516811E-01
* ELEM  780  line segment
 1, 1003, 999
*
  9.4968141E+00, 2.1503503E+00, -2.4681409E-01, 1.0223374E-01
* ELEM  781  circular arc
 3, 1008, 999
*
  1.0065000E+01, 1.9150000E+00, 6.1500000E-01, 1.5750000E+02, 4.5000000E+01
* ELEM  782  line segment
 1, 1021, 1024
*
  9.0031859E+00, 2.1503503E+00, 2.4681409E-01, 1.0223374E-01
* ELEM  783  line segment
 1, 916, 919
*
  9.0031859E+00, 3.3096497E+00, 2.4681409E-01, -1.0223374E-01
* ELEM  784  line segment
 1, 915, 916
*
  8.7725841E+00, 2.7300000E+00, 4.7741595E-01, 4.7741595E-01
* ELEM  785  line segment
 1, 915, 892
*
  9.2500000E+00, 3.2074159E+00, 0.0000000E+00, -4.7741595E-01
* ELEM  786  line segment
 1, 1023, 915
*
  8.7725841E+00, 2.7300000E+00, 4.7741595E-01, 0.0000000E+00
* ELEM  787  line segment
 1, 1023, 1024
*
  9.2500000E+00, 2.2525841E+00, -4.7741595E-01, 4.7741595E-01
* ELEM  788  line segment
 1, 1023, 1002
*
  9.2500000E+00, 2.7300000E+00, 0.0000000E+00, -4.7741595E-01
* ELEM  789  circular arc
 3, 783, 772
*
  8.4350000E+00, 5.1750000E+00, 6.1500000E-01, 2.4750000E+02, 4.5000000E+01
* ELEM  790  line segment
 1, 772, 776
*
  8.6703503E+00, 4.6068141E+00, 1.0223374E-01, -2.4681409E-01
* ELEM  791  line segment
 1, 920, 772
*
  8.0974159E+00, 4.3600000E+00, 6.7516811E-01, 0.0000000E+00
* ELEM  792  line segment
 1, 922, 920
*
  8.6703503E+00, 4.1131859E+00, 1.0223374E-01, 2.4681409E-01
* ELEM  793  circular arc
 3, 783, 779
*
  8.4350000E+00, 5.1750000E+00, 6.1500000E-01, 0.0000000E+00, 2.2500000E+01
* ELEM  794  circular arc
 3, 783, 782
*
  8.4350000E+00, 5.1750000E+00, 6.1500000E-01, 2.2500000E+01, 4.5000000E+01
* ELEM  795  circular arc
 3, 783, 780
*
  8.4350000E+00, 5.1750000E+00, 6.1500000E-01, 6.7500000E+01, 4.5000000E+01
* ELEM  796  circular arc
 3, 783, 778
*
  8.4350000E+00, 5.1750000E+00, 6.1500000E-01, 1.1250000E+02, 4.5000000E+01
* ELEM  797  circular arc
 3, 783, 776
*
  8.4350000E+00, 5.1750000E+00, 6.1500000E-01, 2.9250000E+02, 4.5000000E+01
* ELEM  798  circular arc
 3, 783, 779
*
  8.4350000E+00, 5.1750000E+00, 6.1500000E-01, 3.3750000E+02, 2.2500000E+01
* ELEM  799  circle
 2, 784, 783
*
  8.4350000E+00, 5.1750000E+00, 5.2900000E-01, 0.0000000E+00
* ELEM  800  line segment
 1, 777, 778
*
  8.0974159E+00, 5.9900000E+00, -4.7741595E-01, -4.7741595E-01
* ELEM  801  line segment
 1, 780, 778
*
  8.1996497E+00, 5.7431859E+00, -1.0223374E-01, 2.4681409E-01
* ELEM  802  line segment
 1, 3, 777
*
  8.0974159E+00, 5.9900000E+00, -4.7741595E-01, 0.0000000E+00
* ELEM  803  line segment
 1, 3, 5
*
  8.7513708E+00, 6.4886292E+00, 4.9862915E-01, -4.9862915E-01
* ELEM  804  line segment
 1, 3, 780
*
  8.7725841E+00, 5.9900000E+00, -6.7516811E-01, 0.0000000E+00
* ELEM  805  line segment
 1, 3, 781
*
  9.2500000E+00, 5.9900000E+00, -4.7741595E-01, 0.0000000E+00
* ELEM  806  line segment
 1, 4, 575
*
  5.9900000E+00, 8.7725841E+00, 0.0000000E+00, 4.7741595E-01
* ELEM  807  line segment
 1, 4, 573
*
  5.9900000E+00, 8.0974159E+00, 0.0000000E+00, 6.7516811E-01
* ELEM  808  line segment
 1, 4, 569
*
  5.9900000E+00, 7.6200000E+00, 0.0000000E+00, 4.7741595E-01
* ELEM  809  line segment
 1, 6, 4
*
  6.4886292E+00, 8.7513708E+00, -4.9862915E-01, 4.9862915E-01
* ELEM  810  line segment
 1, 497, 499
*
  1.1000000E+00, 9.7274159E+00, 4.7741595E-01, -4.7741595E-01
* ELEM  811  line segment
 1, 500, 499
*
  1.3468141E+00, 9.8296497E+00, -2.4681409E-01, -1.0223374E-01
* ELEM  812  circular arc
 3, 509, 499
*
  1.9150000E+00, 1.0065000E+01, 6.1500000E-01, 2.0250000E+02, 4.5000000E+01
* ELEM  813  line segment
 1, 499, 498
*
  1.6796497E+00, 9.4968141E+00, -1.0223374E-01, -2.4681409E-01
* ELEM  814  circular arc
 3, 509, 498
*
  1.9150000E+00, 1.0065000E+01, 6.1500000E-01, 2.4750000E+02, 4.5000000E+01
* ELEM  815  line segment
 1, 498, 502
*
  2.1503503E+00, 9.4968141E+00, 1.0223374E-01, -2.4681409E-01
* ELEM  816  line segment
 1, 608, 498
*
  1.5774159E+00, 9.2500000E+00, 6.7516811E-01, 0.0000000E+00
* ELEM  817  line segment
 1, 610, 608
*
  2.1503503E+00, 9.0031859E+00, 1.0223374E-01, 2.4681409E-01
* ELEM  818  line segment
 1, 588, 589
*
  3.2074159E+00, 9.2500000E+00, -4.7741595E-01, -4.7741595E-01
* ELEM  819  line segment
 1, 591, 589
*
  3.3096497E+00, 9.0031859E+00, -1.0223374E-01, 2.4681409E-01
* ELEM  820  line segment
 1, 609, 610
*
  2.7300000E+00, 8.7725841E+00, -4.7741595E-01, 4.7741595E-01
* ELEM  821  line segment
 1, 609, 501
*
  2.2525841E+00, 9.2500000E+00, 4.7741595E-01, 0.0000000E+00
* ELEM  822  line segment
 1, 609, 588
*
  2.7300000E+00, 9.2500000E+00, 0.0000000E+00, -4.7741595E-01
* ELEM  823  line segment
 1, 588, 478
*
  2.7300000E+00, 9.2500000E+00, 4.7741595E-01, 0.0000000E+00
* ELEM  824  line segment
 1, 590, 568
*
  4.3600000E+00, 8.7725841E+00, 0.0000000E+00, -6.7516811E-01
* ELEM  825  line segment
 1, 572, 568
*
  4.6068141E+00, 8.6703503E+00, -2.4681409E-01, 1.0223374E-01
* ELEM  826  circular arc
 3, 577, 568
*
  5.1750000E+00, 8.4350000E+00, 6.1500000E-01, 1.5750000E+02, 4.5000000E+01
* ELEM  827  line segment
 1, 590, 593
*
  4.1131859E+00, 8.6703503E+00, 2.4681409E-01, 1.0223374E-01
* ELEM  828  circular arc
 3, 577, 573
*
  5.1750000E+00, 8.4350000E+00, 6.1500000E-01, 0.0000000E+00, 2.2500000E+01
* ELEM  829  circular arc
 3, 577, 576
*
  5.1750000E+00, 8.4350000E+00, 6.1500000E-01, 2.2500000E+01, 4.5000000E+01
* ELEM  830  circular arc
 3, 577, 574
*
  5.1750000E+00, 8.4350000E+00, 6.1500000E-01, 6.7500000E+01, 4.5000000E+01
* ELEM  831  circular arc
 3, 577, 572
*
  5.1750000E+00, 8.4350000E+00, 6.1500000E-01, 1.1250000E+02, 4.5000000E+01
* ELEM  832  circular arc
 3, 577, 570
*
  5.1750000E+00, 8.4350000E+00, 6.1500000E-01, 2.9250000E+02, 4.5000000E+01
* ELEM  833  circular arc
 3, 577, 573
*
  5.1750000E+00, 8.4350000E+00, 6.1500000E-01, 3.3750000E+02, 2.2500000E+01
* ELEM  834  circle
 2, 578, 577
*
  5.1750000E+00, 8.4350000E+00, 5.2900000E-01, 0.0000000E+00
* ELEM  835  line segment
 1, 570, 573
*
  5.7431859E+00, 8.1996497E+00, 2.4681409E-01, -1.0223374E-01
* ELEM  836  line segment
 1, 569, 570
*
  5.5125841E+00, 7.6200000E+00, 4.7741595E-01, 4.7741595E-01
* ELEM  837  circular arc
 3, 1008, 997
*
  1.0065000E+01, 1.9150000E+00, 6.1500000E-01, 2.4750000E+02, 4.5000000E+01
* ELEM  838  line segment
 1, 997, 1001
*
  1.0300350E+01, 1.3468141E+00, 1.0223374E-01, -2.4681409E-01
* ELEM  839  circular arc
 3, 1008, 1004
*
  1.0065000E+01, 1.9150000E+00, 6.1500000E-01, 0.0000000E+00, 2.2500000E+01
* ELEM  840  circular arc
 3, 1008, 1007
*
  1.0065000E+01, 1.9150000E+00, 6.1500000E-01, 2.2500000E+01, 4.5000000E+01
* ELEM  841  circular arc
 3, 1008, 1005
*
  1.0065000E+01, 1.9150000E+00, 6.1500000E-01, 6.7500000E+01, 4.5000000E+01
* ELEM  842  circular arc
 3, 1008, 1003
*
  1.0065000E+01, 1.9150000E+00, 6.1500000E-01, 1.1250000E+02, 4.5000000E+01
* ELEM  843  circular arc
 3, 1008, 1001
*
  1.0065000E+01, 1.9150000E+00, 6.1500000E-01, 2.9250000E+02, 4.5000000E+01
* ELEM  844  circular arc
 3, 1008, 1004
*
  1.0065000E+01, 1.9150000E+00, 6.1500000E-01, 3.3750000E+02, 2.2500000E+01
* ELEM  845  circle
 2, 1009, 1008
*
  1.0065000E+01, 1.9150000E+00, 5.2900000E-01, 0.0000000E+00
* ELEM  846  line segment
 1, 1002, 1003
*
  9.7274159E+00, 2.7300000E+00, -4.7741595E-01, -4.7741595E-01
* ELEM  847  line segment
 1, 1005, 1003
*
  9.8296497E+00, 2.4831859E+00, -1.0223374E-01, 2.4681409E-01
* ELEM  848  line segment
 1, 1002, 892
*
  9.2500000E+00, 2.7300000E+00, 4.7741595E-01, 0.0000000E+00
* ELEM  849  line segment
 1, 892, 894
*
  9.2500000E+00, 3.2074159E+00, 4.7741595E-01, -4.7741595E-01
* ELEM  850  line segment
 1, 895, 894
*
  9.4968141E+00, 3.3096497E+00, -2.4681409E-01, -1.0223374E-01
* ELEM  851  circular arc
 3, 904, 894
*
  1.0065000E+01, 3.5450000E+00, 6.1500000E-01, 2.0250000E+02, 4.5000000E+01
* ELEM  852  line segment
 1, 894, 893
*
  9.8296497E+00, 2.9768141E+00, -1.0223374E-01, -2.4681409E-01
* ELEM  853  line segment
 1, 919, 895
*
  9.2500000E+00, 3.8825841E+00, 0.0000000E+00, -6.7516811E-01
* ELEM  854  line segment
 1, 899, 895
*
  9.4968141E+00, 3.7803503E+00, -2.4681409E-01, 1.0223374E-01
* ELEM  855  circular arc
 3, 904, 895
*
  1.0065000E+01, 3.5450000E+00, 6.1500000E-01, 1.5750000E+02, 4.5000000E+01
* ELEM  856  line segment
 1, 919, 922
*
  9.0031859E+00, 3.7803503E+00, 2.4681409E-01, 1.0223374E-01
* ELEM  857  line segment
 1, 776, 779
*
  9.0031859E+00, 4.9396497E+00, 2.4681409E-01, -1.0223374E-01
* ELEM  858  line segment
 1, 775, 776
*
  8.7725841E+00, 4.3600000E+00, 4.7741595E-01, 4.7741595E-01
* ELEM  859  line segment
 1, 775, 754
*
  9.2500000E+00, 4.8374159E+00, 0.0000000E+00, -4.7741595E-01
* ELEM  860  line segment
 1, 921, 775
*
  8.7725841E+00, 4.3600000E+00, 4.7741595E-01, 0.0000000E+00
* ELEM  861  line segment
 1, 921, 922
*
  9.2500000E+00, 3.8825841E+00, -4.7741595E-01, 4.7741595E-01
* ELEM  862  line segment
 1, 921, 898
*
  9.2500000E+00, 4.3600000E+00, 0.0000000E+00, -4.7741595E-01
* ELEM  863  line segment
 1, 782, 780
*
  8.6703503E+00, 5.7431859E+00, 1.0223374E-01, 2.4681409E-01
* ELEM  864  line segment
 1, 5, 7
*
  9.2200000E+00, 7.6200000E+00, 3.0000000E-02, 0.0000000E+00
* ELEM  865  line segment
 1, 5, 650
*
  9.2500000E+00, 6.4674159E+00, 0.0000000E+00, -4.7741595E-01
* ELEM  866  line segment
 1, 5, 653
*
  9.2500000E+00, 7.1425841E+00, 0.0000000E+00, -6.7516811E-01
* ELEM  867  line segment
 1, 5, 656
*
  9.2500000E+00, 7.6200000E+00, 0.0000000E+00, -4.7741595E-01
* ELEM  868  line segment
 1, 6, 448
*
  7.1425841E+00, 9.2500000E+00, 4.7741595E-01, 0.0000000E+00
* ELEM  869  line segment
 1, 6, 445
*
  6.4674159E+00, 9.2500000E+00, 6.7516811E-01, 0.0000000E+00
* ELEM  870  line segment
 1, 6, 444
*
  5.9900000E+00, 9.2500000E+00, 4.7741595E-01, 0.0000000E+00
* ELEM  871  line segment
 1, 8, 6
*
  7.6200000E+00, 9.2200000E+00, 0.0000000E+00, 3.0000000E-02
* ELEM  872  line segment
 1, 504, 500
*
  1.3468141E+00, 1.0300350E+01, -2.4681409E-01, 1.0223374E-01
* ELEM  873  circular arc
 3, 509, 500
*
  1.9150000E+00, 1.0065000E+01, 6.1500000E-01, 1.5750000E+02, 4.5000000E+01
* ELEM  874  circular arc
 3, 509, 505
*
  1.9150000E+00, 1.0065000E+01, 6.1500000E-01, 0.0000000E+00, 2.2500000E+01
* ELEM  875  circular arc
 3, 509, 508
*
  1.9150000E+00, 1.0065000E+01, 6.1500000E-01, 2.2500000E+01, 4.5000000E+01
* ELEM  876  circular arc
 3, 509, 506
*
  1.9150000E+00, 1.0065000E+01, 6.1500000E-01, 6.7500000E+01, 4.5000000E+01
* ELEM  877  circular arc
 3, 509, 504
*
  1.9150000E+00, 1.0065000E+01, 6.1500000E-01, 1.1250000E+02, 4.5000000E+01
* ELEM  878  circular arc
 3, 509, 502
*
  1.9150000E+00, 1.0065000E+01, 6.1500000E-01, 2.9250000E+02, 4.5000000E+01
* ELEM  879  circular arc
 3, 509, 505
*
  1.9150000E+00, 1.0065000E+01, 6.1500000E-01, 3.3750000E+02, 2.2500000E+01
* ELEM  880  circle
 2, 510, 509
*
  1.9150000E+00, 1.0065000E+01, 5.2900000E-01, 0.0000000E+00
* ELEM  881  line segment
 1, 502, 505
*
  2.4831859E+00, 9.8296497E+00, 2.4681409E-01, -1.0223374E-01
* ELEM  882  line segment
 1, 501, 502
*
  2.2525841E+00, 9.2500000E+00, 4.7741595E-01, 4.7741595E-01
* ELEM  883  line segment
 1, 501, 478
*
  2.7300000E+00, 9.7274159E+00, 0.0000000E+00, -4.7741595E-01
* ELEM  884  line segment
 1, 478, 480
*
  2.7300000E+00, 9.7274159E+00, 4.7741595E-01, -4.7741595E-01
* ELEM  885  line segment
 1, 481, 480
*
  2.9768141E+00, 9.8296497E+00, -2.4681409E-01, -1.0223374E-01
* ELEM  886  circular arc
 3, 490, 480
*
  3.5450000E+00, 1.0065000E+01, 6.1500000E-01, 2.0250000E+02, 4.5000000E+01
* ELEM  887  line segment
 1, 480, 479
*
  3.3096497E+00, 9.4968141E+00, -1.0223374E-01, -2.4681409E-01
* ELEM  888  circular arc
 3, 490, 479
*
  3.5450000E+00, 1.0065000E+01, 6.1500000E-01, 2.4750000E+02, 4.5000000E+01
* ELEM  889  line segment
 1, 479, 483
*
  3.7803503E+00, 9.4968141E+00, 1.0223374E-01, -2.4681409E-01
* ELEM  890  line segment
 1, 591, 479
*
  3.2074159E+00, 9.2500000E+00, 6.7516811E-01, 0.0000000E+00
* ELEM  891  line segment
 1, 593, 591
*
  3.7803503E+00, 9.0031859E+00, 1.0223374E-01, 2.4681409E-01
* ELEM  892  line segment
 1, 571, 572
*
  4.8374159E+00, 9.2500000E+00, -4.7741595E-01, -4.7741595E-01
* ELEM  893  line segment
 1, 574, 572
*
  4.9396497E+00, 9.0031859E+00, -1.0223374E-01, 2.4681409E-01
* ELEM  894  line segment
 1, 592, 593
*
  4.3600000E+00, 8.7725841E+00, -4.7741595E-01, 4.7741595E-01
* ELEM  895  line segment
 1, 592, 482
*
  3.8825841E+00, 9.2500000E+00, 4.7741595E-01, 0.0000000E+00
* ELEM  896  line segment
 1, 592, 571
*
  4.3600000E+00, 9.2500000E+00, 0.0000000E+00, -4.7741595E-01
* ELEM  897  line segment
 1, 571, 461
*
  4.3600000E+00, 9.2500000E+00, 4.7741595E-01, 0.0000000E+00
* ELEM  898  line segment
 1, 573, 576
*
  5.7431859E+00, 8.6703503E+00, 2.4681409E-01, 1.0223374E-01
* ELEM  899  line segment
 1, 1000, 1001
*
  1.0402584E+01, 1.1000000E+00, 4.7741595E-01, 4.7741595E-01
* ELEM  900  line segment
 1, 1000, 979
*
  1.0880000E+01, 1.5774159E+00, 0.0000000E+00, -4.7741595E-01
* ELEM  901  line segment
 1, 1001, 1004
*
  1.0633186E+01, 1.6796497E+00, 2.4681409E-01, -1.0223374E-01
* ELEM  902  circular arc
 3, 904, 893
*
  1.0065000E+01, 3.5450000E+00, 6.1500000E-01, 2.4750000E+02, 4.5000000E+01
* ELEM  903  line segment
 1, 893, 897
*
  1.0300350E+01, 2.9768141E+00, 1.0223374E-01, -2.4681409E-01
* ELEM  904  line segment
 1, 1005, 893
*
  9.7274159E+00, 2.7300000E+00, 6.7516811E-01, 0.0000000E+00
* ELEM  905  line segment
 1, 1007, 1005
*
  1.0300350E+01, 2.4831859E+00, 1.0223374E-01, 2.4681409E-01
* ELEM  906  circular arc
 3, 904, 900
*
  1.0065000E+01, 3.5450000E+00, 6.1500000E-01, 0.0000000E+00, 2.2500000E+01
* ELEM  907  circular arc
 3, 904, 903
*
  1.0065000E+01, 3.5450000E+00, 6.1500000E-01, 2.2500000E+01, 4.5000000E+01
* ELEM  908  circular arc
 3, 904, 901
*
  1.0065000E+01, 3.5450000E+00, 6.1500000E-01, 6.7500000E+01, 4.5000000E+01
* ELEM  909  circular arc
 3, 904, 899
*
  1.0065000E+01, 3.5450000E+00, 6.1500000E-01, 1.1250000E+02, 4.5000000E+01
* ELEM  910  circular arc
 3, 904, 897
*
  1.0065000E+01, 3.5450000E+00, 6.1500000E-01, 2.9250000E+02, 4.5000000E+01
* ELEM  911  circular arc
 3, 904, 900
*
  1.0065000E+01, 3.5450000E+00, 6.1500000E-01, 3.3750000E+02, 2.2500000E+01
* ELEM  912  circle
 2, 905, 904
*
  1.0065000E+01, 3.5450000E+00, 5.2900000E-01, 0.0000000E+00
* ELEM  913  line segment
 1, 898, 899
*
  9.7274159E+00, 4.3600000E+00, -4.7741595E-01, -4.7741595E-01
* ELEM  914  line segment
 1, 901, 899
*
  9.8296497E+00, 4.1131859E+00, -1.0223374E-01, 2.4681409E-01
* ELEM  915  line segment
 1, 898, 754
*
  9.2500000E+00, 4.3600000E+00, 4.7741595E-01, 0.0000000E+00
* ELEM  916  line segment
 1, 754, 756
*
  9.2500000E+00, 4.8374159E+00, 4.7741595E-01, -4.7741595E-01
* ELEM  917  line segment
 1, 757, 756
*
  9.4968141E+00, 4.9396497E+00, -2.4681409E-01, -1.0223374E-01
* ELEM  918  circular arc
 3, 766, 756
*
  1.0065000E+01, 5.1750000E+00, 6.1500000E-01, 2.0250000E+02, 4.5000000E+01
* ELEM  919  line segment
 1, 756, 755
*
  9.8296497E+00, 4.6068141E+00, -1.0223374E-01, -2.4681409E-01
* ELEM  920  line segment
 1, 779, 757
*
  9.2500000E+00, 5.5125841E+00, 0.0000000E+00, -6.7516811E-01
* ELEM  921  line segment
 1, 761, 757
*
  9.4968141E+00, 5.4103503E+00, -2.4681409E-01, 1.0223374E-01
* ELEM  922  circular arc
 3, 766, 757
*
  1.0065000E+01, 5.1750000E+00, 6.1500000E-01, 1.5750000E+02, 4.5000000E+01
* ELEM  923  line segment
 1, 779, 782
*
  9.0031859E+00, 5.4103503E+00, 2.4681409E-01, 1.0223374E-01
* ELEM  924  line segment
 1, 781, 782
*
  9.2500000E+00, 5.5125841E+00, -4.7741595E-01, 4.7741595E-01
* ELEM  925  line segment
 1, 781, 760
*
  9.2500000E+00, 5.9900000E+00, 0.0000000E+00, -4.7741595E-01
* ELEM  926  line segment
 1, 650, 652
*
  9.2500000E+00, 6.4674159E+00, 4.7741595E-01, -4.7741595E-01
* ELEM  927  line segment
 1, 760, 650
*
  9.2500000E+00, 5.9900000E+00, 4.7741595E-01, 0.0000000E+00
* ELEM  928  line segment
 1, 760, 761
*
  9.7274159E+00, 5.9900000E+00, -4.7741595E-01, -4.7741595E-01
* ELEM  929  line segment
 1, 7, 8
*
  8.7513708E+00, 8.7513708E+00, 4.9862915E-01, 4.9862915E-01
* ELEM  930  line segment
 1, 7, 548
*
  9.2500000E+00, 8.0974159E+00, 0.0000000E+00, -4.7741595E-01
* ELEM  931  line segment
 1, 7, 551
*
  9.2500000E+00, 8.7725841E+00, 0.0000000E+00, -6.7516811E-01
* ELEM  932  line segment
 1, 7, 554
*
  9.2500000E+00, 9.2500000E+00, 0.0000000E+00, -4.7741595E-01
* ELEM  933  line segment
 1, 465, 444
*
  5.9900000E+00, 9.7274159E+00, 0.0000000E+00, -4.7741595E-01
* ELEM  934  line segment
 1, 444, 446
*
  5.9900000E+00, 9.7274159E+00, 4.7741595E-01, -4.7741595E-01
* ELEM  935  line segment
 1, 465, 466
*
  5.5125841E+00, 9.2500000E+00, 4.7741595E-01, 4.7741595E-01
* ELEM  936  line segment
 1, 575, 465
*
  5.5125841E+00, 9.2500000E+00, 4.7741595E-01, 0.0000000E+00
* ELEM  937  line segment
 1, 575, 576
*
  5.9900000E+00, 8.7725841E+00, -4.7741595E-01, 4.7741595E-01
* ELEM  938  line segment
 1, 8, 431
*
  8.7725841E+00, 9.2500000E+00, 4.7741595E-01, 0.0000000E+00
* ELEM  939  line segment
 1, 8, 428
*
  8.0974159E+00, 9.2500000E+00, 6.7516811E-01, 0.0000000E+00
* ELEM  940  line segment
 1, 8, 427
*
  7.6200000E+00, 9.2500000E+00, 4.7741595E-01, 0.0000000E+00
* ELEM  941  line segment
 1, 503, 504
*
  1.5774159E+00, 1.0880000E+01, -4.7741595E-01, -4.7741595E-01
* ELEM  942  line segment
 1, 506, 504
*
  1.6796497E+00, 1.0633186E+01, -1.0223374E-01, 2.4681409E-01
* ELEM  943  line segment
 1, 503, 357
*
  1.1000000E+00, 1.0880000E+01, 4.7741595E-01, 0.0000000E+00
* ELEM  944  line segment
 1, 505, 481
*
  2.7300000E+00, 1.0402584E+01, 0.0000000E+00, -6.7516811E-01
* ELEM  945  line segment
 1, 485, 481
*
  2.9768141E+00, 1.0300350E+01, -2.4681409E-01, 1.0223374E-01
* ELEM  946  circular arc
 3, 490, 481
*
  3.5450000E+00, 1.0065000E+01, 6.1500000E-01, 1.5750000E+02, 4.5000000E+01
* ELEM  947  line segment
 1, 505, 508
*
  2.4831859E+00, 1.0300350E+01, 2.4681409E-01, 1.0223374E-01
* ELEM  948  circular arc
 3, 490, 486
*
  3.5450000E+00, 1.0065000E+01, 6.1500000E-01, 0.0000000E+00, 2.2500000E+01
* ELEM  949  circular arc
 3, 490, 489
*
  3.5450000E+00, 1.0065000E+01, 6.1500000E-01, 2.2500000E+01, 4.5000000E+01
* ELEM  950  circular arc
 3, 490, 487
*
  3.5450000E+00, 1.0065000E+01, 6.1500000E-01, 6.7500000E+01, 4.5000000E+01
* ELEM  951  circular arc
 3, 490, 485
*
  3.5450000E+00, 1.0065000E+01, 6.1500000E-01, 1.1250000E+02, 4.5000000E+01
* ELEM  952  circular arc
 3, 490, 483
*
  3.5450000E+00, 1.0065000E+01, 6.1500000E-01, 2.9250000E+02, 4.5000000E+01
* ELEM  953  circular arc
 3, 490, 486
*
  3.5450000E+00, 1.0065000E+01, 6.1500000E-01, 3.3750000E+02, 2.2500000E+01
* ELEM  954  circle
 2, 491, 490
*
  3.5450000E+00, 1.0065000E+01, 5.2900000E-01, 0.0000000E+00
* ELEM  955  line segment
 1, 483, 486
*
  4.1131859E+00, 9.8296497E+00, 2.4681409E-01, -1.0223374E-01
* ELEM  956  line segment
 1, 482, 483
*
  3.8825841E+00, 9.2500000E+00, 4.7741595E-01, 4.7741595E-01
* ELEM  957  line segment
 1, 482, 461
*
  4.3600000E+00, 9.7274159E+00, 0.0000000E+00, -4.7741595E-01
* ELEM  958  line segment
 1, 461, 463
*
  4.3600000E+00, 9.7274159E+00, 4.7741595E-01, -4.7741595E-01
* ELEM  959  line segment
 1, 464, 463
*
  4.6068141E+00, 9.8296497E+00, -2.4681409E-01, -1.0223374E-01
* ELEM  960  circular arc
 3, 473, 463
*
  5.1750000E+00, 1.0065000E+01, 6.1500000E-01, 2.0250000E+02, 4.5000000E+01
* ELEM  961  line segment
 1, 463, 462
*
  4.9396497E+00, 9.4968141E+00, -1.0223374E-01, -2.4681409E-01
* ELEM  962  circular arc
 3, 473, 462
*
  5.1750000E+00, 1.0065000E+01, 6.1500000E-01, 2.4750000E+02, 4.5000000E+01
* ELEM  963  line segment
 1, 462, 466
*
  5.4103503E+00, 9.4968141E+00, 1.0223374E-01, -2.4681409E-01
* ELEM  964  line segment
 1, 574, 462
*
  4.8374159E+00, 9.2500000E+00, 6.7516811E-01, 0.0000000E+00
* ELEM  965  line segment
 1, 576, 574
*
  5.4103503E+00, 9.0031859E+00, 1.0223374E-01, 2.4681409E-01
* ELEM  966  line segment
 1, 979, 981
*
  1.0880000E+01, 1.5774159E+00, 4.7741595E-01, -4.7741595E-01
* ELEM  967  line segment
 1, 982, 981
*
  1.1126814E+01, 1.6796497E+00, -2.4681409E-01, -1.0223374E-01
* ELEM  968  circular arc
 3, 991, 981
*
  1.1695000E+01, 1.9150000E+00, 6.1500000E-01, 2.0250000E+02, 4.5000000E+01
* ELEM  969  line segment
 1, 981, 980
*
  1.1459650E+01, 1.3468141E+00, -1.0223374E-01, -2.4681409E-01
* ELEM  970  line segment
 1, 1004, 982
*
  1.0880000E+01, 2.2525841E+00, 0.0000000E+00, -6.7516811E-01
* ELEM  971  line segment
 1, 986, 982
*
  1.1126814E+01, 2.1503503E+00, -2.4681409E-01, 1.0223374E-01
* ELEM  972  circular arc
 3, 991, 982
*
  1.1695000E+01, 1.9150000E+00, 6.1500000E-01, 1.5750000E+02, 4.5000000E+01
* ELEM  973  line segment
 1, 1004, 1007
*
  1.0633186E+01, 2.1503503E+00, 2.4681409E-01, 1.0223374E-01
* ELEM  974  line segment
 1, 897, 900
*
  1.0633186E+01, 3.3096497E+00, 2.4681409E-01, -1.0223374E-01
* ELEM  975  line segment
 1, 896, 897
*
  1.0402584E+01, 2.7300000E+00, 4.7741595E-01, 4.7741595E-01
* ELEM  976  line segment
 1, 896, 875
*
  1.0880000E+01, 3.2074159E+00, 0.0000000E+00, -4.7741595E-01
* ELEM  977  line segment
 1, 1006, 896
*
  1.0402584E+01, 2.7300000E+00, 4.7741595E-01, 0.0000000E+00
* ELEM  978  line segment
 1, 1006, 1007
*
  1.0880000E+01, 2.2525841E+00, -4.7741595E-01, 4.7741595E-01
* ELEM  979  line segment
 1, 1006, 985
*
  1.0880000E+01, 2.7300000E+00, 0.0000000E+00, -4.7741595E-01
* ELEM  980  circular arc
 3, 766, 755
*
  1.0065000E+01, 5.1750000E+00, 6.1500000E-01, 2.4750000E+02, 4.5000000E+01
* ELEM  981  line segment
 1, 755, 759
*
  1.0300350E+01, 4.6068141E+00, 1.0223374E-01, -2.4681409E-01
* ELEM  982  line segment
 1, 901, 755
*
  9.7274159E+00, 4.3600000E+00, 6.7516811E-01, 0.0000000E+00
* ELEM  983  line segment
 1, 903, 901
*
  1.0300350E+01, 4.1131859E+00, 1.0223374E-01, 2.4681409E-01
* ELEM  984  circular arc
 3, 766, 762
*
  1.0065000E+01, 5.1750000E+00, 6.1500000E-01, 0.0000000E+00, 2.2500000E+01
* ELEM  985  circular arc
 3, 766, 765
*
  1.0065000E+01, 5.1750000E+00, 6.1500000E-01, 2.2500000E+01, 4.5000000E+01
* ELEM  986  circular arc
 3, 766, 763
*
  1.0065000E+01, 5.1750000E+00, 6.1500000E-01, 6.7500000E+01, 4.5000000E+01
* ELEM  987  circular arc
 3, 766, 761
*
  1.0065000E+01, 5.1750000E+00, 6.1500000E-01, 1.1250000E+02, 4.5000000E+01
* ELEM  988  circular arc
 3, 766, 759
*
  1.0065000E+01, 5.1750000E+00, 6.1500000E-01, 2.9250000E+02, 4.5000000E+01
* ELEM  989  circular arc
 3, 766, 762
*
  1.0065000E+01, 5.1750000E+00, 6.1500000E-01, 3.3750000E+02, 2.2500000E+01
* ELEM  990  circle
 2, 767, 766
*
  1.0065000E+01, 5.1750000E+00, 5.2900000E-01, 0.0000000E+00
* ELEM  991  line segment
 1, 763, 761
*
  9.8296497E+00, 5.7431859E+00, -1.0223374E-01, 2.4681409E-01
* ELEM  992  line segment
 1, 653, 652
*
  9.4968141E+00, 6.5696497E+00, -2.4681409E-01, -1.0223374E-01
* ELEM  993  circular arc
 3, 662, 652
*
  1.0065000E+01, 6.8050000E+00, 6.1500000E-01, 2.0250000E+02, 4.5000000E+01
* ELEM  994  line segment
 1, 652, 651
*
  9.8296497E+00, 6.2368141E+00, -1.0223374E-01, -2.4681409E-01
* ELEM  995  line segment
 1, 657, 653
*
  9.4968141E+00, 7.0403503E+00, -2.4681409E-01, 1.0223374E-01
* ELEM  996  circular arc
 3, 662, 653
*
  1.0065000E+01, 6.8050000E+00, 6.1500000E-01, 1.5750000E+02, 4.5000000E+01
* ELEM  997  circular arc
 3, 662, 651
*
  1.0065000E+01, 6.8050000E+00, 6.1500000E-01, 2.4750000E+02, 4.5000000E+01
* ELEM  998  line segment
 1, 651, 655
*
  1.0300350E+01, 6.2368141E+00, 1.0223374E-01, -2.4681409E-01
* ELEM  999  line segment
 1, 763, 651
*
  9.7274159E+00, 5.9900000E+00, 6.7516811E-01, 0.0000000E+00
* ELEM  1000  line segment
 1, 765, 763
*
  1.0300350E+01, 5.7431859E+00, 1.0223374E-01, 2.4681409E-01
* ELEM  1001  line segment
 1, 656, 548
*
  9.2500000E+00, 7.6200000E+00, 4.7741595E-01, 0.0000000E+00
* ELEM  1002  line segment
 1, 656, 657
*
  9.7274159E+00, 7.6200000E+00, -4.7741595E-01, -4.7741595E-01
* ELEM  1003  line segment
 1, 548, 550
*
  9.2500000E+00, 8.0974159E+00, 4.7741595E-01, -4.7741595E-01
* ELEM  1004  line segment
 1, 446, 445
*
  6.5696497E+00, 9.4968141E+00, -1.0223374E-01, -2.4681409E-01
* ELEM  1005  circular arc
 3, 456, 445
*
  6.8050000E+00, 1.0065000E+01, 6.1500000E-01, 2.4750000E+02, 4.5000000E+01
* ELEM  1006  line segment
 1, 445, 449
*
  7.0403503E+00, 9.4968141E+00, 1.0223374E-01, -2.4681409E-01
* ELEM  1007  line segment
 1, 447, 446
*
  6.2368141E+00, 9.8296497E+00, -2.4681409E-01, -1.0223374E-01
* ELEM  1008  circular arc
 3, 456, 446
*
  6.8050000E+00, 1.0065000E+01, 6.1500000E-01, 2.0250000E+02, 4.5000000E+01
* ELEM  1009  line segment
 1, 469, 447
*
  5.9900000E+00, 1.0402584E+01, 0.0000000E+00, -6.7516811E-01
* ELEM  1010  line segment
 1, 451, 447
*
  6.2368141E+00, 1.0300350E+01, -2.4681409E-01, 1.0223374E-01
* ELEM  1011  circular arc
 3, 456, 447
*
  6.8050000E+00, 1.0065000E+01, 6.1500000E-01, 1.5750000E+02, 4.5000000E+01
* ELEM  1012  line segment
 1, 466, 469
*
  5.7431859E+00, 9.8296497E+00, 2.4681409E-01, -1.0223374E-01
* ELEM  1013  circular arc
 3, 473, 469
*
  5.1750000E+00, 1.0065000E+01, 6.1500000E-01, 3.3750000E+02, 2.2500000E+01
* ELEM  1014  circular arc
 3, 473, 469
*
  5.1750000E+00, 1.0065000E+01, 6.1500000E-01, 0.0000000E+00, 2.2500000E+01
* ELEM  1015  line segment
 1, 469, 472
*
  5.7431859E+00, 1.0300350E+01, 2.4681409E-01, 1.0223374E-01
* ELEM  1016  circular arc
 3, 473, 466
*
  5.1750000E+00, 1.0065000E+01, 6.1500000E-01, 2.9250000E+02, 4.5000000E+01
* ELEM  1017  line segment
 1, 448, 427
*
  7.6200000E+00, 9.7274159E+00, 0.0000000E+00, -4.7741595E-01
* ELEM  1018  line segment
 1, 427, 429
*
  7.6200000E+00, 9.7274159E+00, 4.7741595E-01, -4.7741595E-01
* ELEM  1019  line segment
 1, 448, 449
*
  7.1425841E+00, 9.2500000E+00, 4.7741595E-01, 4.7741595E-01
* ELEM  1020  line segment
 1, 357, 359
*
  1.1000000E+00, 1.1357416E+01, 4.7741595E-01, -4.7741595E-01
* ELEM  1021  line segment
 1, 360, 359
*
  1.3468141E+00, 1.1459650E+01, -2.4681409E-01, -1.0223374E-01
* ELEM  1022  circular arc
 3, 369, 359
*
  1.9150000E+00, 1.1695000E+01, 6.1500000E-01, 2.0250000E+02, 4.5000000E+01
* ELEM  1023  line segment
 1, 359, 358
*
  1.6796497E+00, 1.1126814E+01, -1.0223374E-01, -2.4681409E-01
* ELEM  1024  circular arc
 3, 369, 358
*
  1.9150000E+00, 1.1695000E+01, 6.1500000E-01, 2.4750000E+02, 4.5000000E+01
* ELEM  1025  line segment
 1, 358, 362
*
  2.1503503E+00, 1.1126814E+01, 1.0223374E-01, -2.4681409E-01
* ELEM  1026  line segment
 1, 506, 358
*
  1.5774159E+00, 1.0880000E+01, 6.7516811E-01, 0.0000000E+00
* ELEM  1027  line segment
 1, 508, 506
*
  2.1503503E+00, 1.0633186E+01, 1.0223374E-01, 2.4681409E-01
* ELEM  1028  line segment
 1, 484, 485
*
  3.2074159E+00, 1.0880000E+01, -4.7741595E-01, -4.7741595E-01
* ELEM  1029  line segment
 1, 487, 485
*
  3.3096497E+00, 1.0633186E+01, -1.0223374E-01, 2.4681409E-01
* ELEM  1030  line segment
 1, 507, 508
*
  2.7300000E+00, 1.0402584E+01, -4.7741595E-01, 4.7741595E-01
* ELEM  1031  line segment
 1, 507, 361
*
  2.2525841E+00, 1.0880000E+01, 4.7741595E-01, 0.0000000E+00
* ELEM  1032  line segment
 1, 507, 484
*
  2.7300000E+00, 1.0880000E+01, 0.0000000E+00, -4.7741595E-01
* ELEM  1033  line segment
 1, 484, 340
*
  2.7300000E+00, 1.0880000E+01, 4.7741595E-01, 0.0000000E+00
* ELEM  1034  line segment
 1, 486, 464
*
  4.3600000E+00, 1.0402584E+01, 0.0000000E+00, -6.7516811E-01
* ELEM  1035  line segment
 1, 468, 464
*
  4.6068141E+00, 1.0300350E+01, -2.4681409E-01, 1.0223374E-01
* ELEM  1036  circular arc
 3, 473, 464
*
  5.1750000E+00, 1.0065000E+01, 6.1500000E-01, 1.5750000E+02, 4.5000000E+01
* ELEM  1037  line segment
 1, 486, 489
*
  4.1131859E+00, 1.0300350E+01, 2.4681409E-01, 1.0223374E-01
* ELEM  1038  circular arc
 3, 473, 472
*
  5.1750000E+00, 1.0065000E+01, 6.1500000E-01, 2.2500000E+01, 4.5000000E+01
* ELEM  1039  circular arc
 3, 473, 470
*
  5.1750000E+00, 1.0065000E+01, 6.1500000E-01, 6.7500000E+01, 4.5000000E+01
* ELEM  1040  circular arc
 3, 473, 468
*
  5.1750000E+00, 1.0065000E+01, 6.1500000E-01, 1.1250000E+02, 4.5000000E+01
* ELEM  1041  circle
 2, 474, 473
*
  5.1750000E+00, 1.0065000E+01, 5.2900000E-01, 0.0000000E+00
* ELEM  1042  circular arc
 3, 991, 980
*
  1.1695000E+01, 1.9150000E+00, 6.1500000E-01, 2.4750000E+02, 4.5000000E+01
* ELEM  1043  line segment
 1, 980, 984
*
  1.1930350E+01, 1.3468141E+00, 1.0223374E-01, -2.4681409E-01
* ELEM  1044  circular arc
 3, 991, 987
*
  1.1695000E+01, 1.9150000E+00, 6.1500000E-01, 0.0000000E+00, 2.2500000E+01
* ELEM  1045  circular arc
 3, 991, 990
*
  1.1695000E+01, 1.9150000E+00, 6.1500000E-01, 2.2500000E+01, 4.5000000E+01
* ELEM  1046  circular arc
 3, 991, 988
*
  1.1695000E+01, 1.9150000E+00, 6.1500000E-01, 6.7500000E+01, 4.5000000E+01
* ELEM  1047  circular arc
 3, 991, 986
*
  1.1695000E+01, 1.9150000E+00, 6.1500000E-01, 1.1250000E+02, 4.5000000E+01
* ELEM  1048  circular arc
 3, 991, 984
*
  1.1695000E+01, 1.9150000E+00, 6.1500000E-01, 2.9250000E+02, 4.5000000E+01
* ELEM  1049  circular arc
 3, 991, 987
*
  1.1695000E+01, 1.9150000E+00, 6.1500000E-01, 3.3750000E+02, 2.2500000E+01
* ELEM  1050  circle
 2, 992, 991
*
  1.1695000E+01, 1.9150000E+00, 5.2900000E-01, 0.0000000E+00
* ELEM  1051  line segment
 1, 985, 986
*
  1.1357416E+01, 2.7300000E+00, -4.7741595E-01, -4.7741595E-01
* ELEM  1052  line segment
 1, 988, 986
*
  1.1459650E+01, 2.4831859E+00, -1.0223374E-01, 2.4681409E-01
* ELEM  1053  line segment
 1, 985, 875
*
  1.0880000E+01, 2.7300000E+00, 4.7741595E-01, 0.0000000E+00
* ELEM  1054  line segment
 1, 875, 877
*
  1.0880000E+01, 3.2074159E+00, 4.7741595E-01, -4.7741595E-01
* ELEM  1055  line segment
 1, 878, 877
*
  1.1126814E+01, 3.3096497E+00, -2.4681409E-01, -1.0223374E-01
* ELEM  1056  circular arc
 3, 887, 877
*
  1.1695000E+01, 3.5450000E+00, 6.1500000E-01, 2.0250000E+02, 4.5000000E+01
* ELEM  1057  line segment
 1, 877, 876
*
  1.1459650E+01, 2.9768141E+00, -1.0223374E-01, -2.4681409E-01
* ELEM  1058  line segment
 1, 900, 878
*
  1.0880000E+01, 3.8825841E+00, 0.0000000E+00, -6.7516811E-01
* ELEM  1059  line segment
 1, 882, 878
*
  1.1126814E+01, 3.7803503E+00, -2.4681409E-01, 1.0223374E-01
* ELEM  1060  circular arc
 3, 887, 878
*
  1.1695000E+01, 3.5450000E+00, 6.1500000E-01, 1.5750000E+02, 4.5000000E+01
* ELEM  1061  line segment
 1, 900, 903
*
  1.0633186E+01, 3.7803503E+00, 2.4681409E-01, 1.0223374E-01
* ELEM  1062  line segment
 1, 759, 762
*
  1.0633186E+01, 4.9396497E+00, 2.4681409E-01, -1.0223374E-01
* ELEM  1063  line segment
 1, 758, 759
*
  1.0402584E+01, 4.3600000E+00, 4.7741595E-01, 4.7741595E-01
* ELEM  1064  line segment
 1, 758, 735
*
  1.0880000E+01, 4.8374159E+00, 0.0000000E+00, -4.7741595E-01
* ELEM  1065  line segment
 1, 902, 758
*
  1.0402584E+01, 4.3600000E+00, 4.7741595E-01, 0.0000000E+00
* ELEM  1066  line segment
 1, 902, 903
*
  1.0880000E+01, 3.8825841E+00, -4.7741595E-01, 4.7741595E-01
* ELEM  1067  line segment
 1, 902, 881
*
  1.0880000E+01, 4.3600000E+00, 0.0000000E+00, -4.7741595E-01
* ELEM  1068  line segment
 1, 659, 657
*
  9.8296497E+00, 7.3731859E+00, -1.0223374E-01, 2.4681409E-01
* ELEM  1069  circular arc
 3, 662, 657
*
  1.0065000E+01, 6.8050000E+00, 6.1500000E-01, 1.1250000E+02, 4.5000000E+01
* ELEM  1070  circular arc
 3, 662, 658
*
  1.0065000E+01, 6.8050000E+00, 6.1500000E-01, 0.0000000E+00, 2.2500000E+01
* ELEM  1071  circular arc
 3, 662, 661
*
  1.0065000E+01, 6.8050000E+00, 6.1500000E-01, 2.2500000E+01, 4.5000000E+01
* ELEM  1072  circular arc
 3, 662, 659
*
  1.0065000E+01, 6.8050000E+00, 6.1500000E-01, 6.7500000E+01, 4.5000000E+01
* ELEM  1073  circular arc
 3, 662, 655
*
  1.0065000E+01, 6.8050000E+00, 6.1500000E-01, 2.9250000E+02, 4.5000000E+01
* ELEM  1074  circular arc
 3, 662, 658
*
  1.0065000E+01, 6.8050000E+00, 6.1500000E-01, 3.3750000E+02, 2.2500000E+01
* ELEM  1075  circle
 2, 663, 662
*
  1.0065000E+01, 6.8050000E+00, 5.2900000E-01, 0.0000000E+00
* ELEM  1076  line segment
 1, 655, 658
*
  1.0633186E+01, 6.5696497E+00, 2.4681409E-01, -1.0223374E-01
* ELEM  1077  line segment
 1, 654, 655
*
  1.0402584E+01, 5.9900000E+00, 4.7741595E-01, 4.7741595E-01
* ELEM  1078  line segment
 1, 654, 633
*
  1.0880000E+01, 6.4674159E+00, 0.0000000E+00, -4.7741595E-01
* ELEM  1079  line segment
 1, 764, 654
*
  1.0402584E+01, 5.9900000E+00, 4.7741595E-01, 0.0000000E+00
* ELEM  1080  line segment
 1, 762, 765
*
  1.0633186E+01, 5.4103503E+00, 2.4681409E-01, 1.0223374E-01
* ELEM  1081  line segment
 1, 764, 765
*
  1.0880000E+01, 5.5125841E+00, -4.7741595E-01, 4.7741595E-01
* ELEM  1082  line segment
 1, 764, 741
*
  1.0880000E+01, 5.9900000E+00, 0.0000000E+00, -4.7741595E-01
* ELEM  1083  line segment
 1, 551, 550
*
  9.4968141E+00, 8.1996497E+00, -2.4681409E-01, -1.0223374E-01
* ELEM  1084  circular arc
 3, 560, 550
*
  1.0065000E+01, 8.4350000E+00, 6.1500000E-01, 2.0250000E+02, 4.5000000E+01
* ELEM  1085  line segment
 1, 550, 549
*
  9.8296497E+00, 7.8668141E+00, -1.0223374E-01, -2.4681409E-01
* ELEM  1086  line segment
 1, 555, 551
*
  9.4968141E+00, 8.6703503E+00, -2.4681409E-01, 1.0223374E-01
* ELEM  1087  circular arc
 3, 560, 551
*
  1.0065000E+01, 8.4350000E+00, 6.1500000E-01, 1.5750000E+02, 4.5000000E+01
* ELEM  1088  circular arc
 3, 560, 549
*
  1.0065000E+01, 8.4350000E+00, 6.1500000E-01, 2.4750000E+02, 4.5000000E+01
* ELEM  1089  line segment
 1, 549, 553
*
  1.0300350E+01, 7.8668141E+00, 1.0223374E-01, -2.4681409E-01
* ELEM  1090  line segment
 1, 659, 549
*
  9.7274159E+00, 7.6200000E+00, 6.7516811E-01, 0.0000000E+00
* ELEM  1091  line segment
 1, 661, 659
*
  1.0300350E+01, 7.3731859E+00, 1.0223374E-01, 2.4681409E-01
* ELEM  1092  line segment
 1, 554, 410
*
  9.2500000E+00, 9.2500000E+00, 4.7741595E-01, 0.0000000E+00
* ELEM  1093  line segment
 1, 554, 555
*
  9.7274159E+00, 9.2500000E+00, -4.7741595E-01, -4.7741595E-01
* ELEM  1094  line segment
 1, 431, 432
*
  8.7725841E+00, 9.2500000E+00, 4.7741595E-01, 4.7741595E-01
* ELEM  1095  line segment
 1, 431, 410
*
  9.2500000E+00, 9.7274159E+00, 0.0000000E+00, -4.7741595E-01
* ELEM  1096  line segment
 1, 410, 412
*
  9.2500000E+00, 9.7274159E+00, 4.7741595E-01, -4.7741595E-01
* ELEM  1097  circular arc
 3, 456, 449
*
  6.8050000E+00, 1.0065000E+01, 6.1500000E-01, 2.9250000E+02, 4.5000000E+01
* ELEM  1098  line segment
 1, 449, 452
*
  7.3731859E+00, 9.8296497E+00, 2.4681409E-01, -1.0223374E-01
* ELEM  1099  circular arc
 3, 456, 452
*
  6.8050000E+00, 1.0065000E+01, 6.1500000E-01, 0.0000000E+00, 2.2500000E+01
* ELEM  1100  circular arc
 3, 456, 455
*
  6.8050000E+00, 1.0065000E+01, 6.1500000E-01, 2.2500000E+01, 4.5000000E+01
* ELEM  1101  circular arc
 3, 456, 453
*
  6.8050000E+00, 1.0065000E+01, 6.1500000E-01, 6.7500000E+01, 4.5000000E+01
* ELEM  1102  circular arc
 3, 456, 451
*
  6.8050000E+00, 1.0065000E+01, 6.1500000E-01, 1.1250000E+02, 4.5000000E+01
* ELEM  1103  circular arc
 3, 456, 452
*
  6.8050000E+00, 1.0065000E+01, 6.1500000E-01, 3.3750000E+02, 2.2500000E+01
* ELEM  1104  circle
 2, 457, 456
*
  6.8050000E+00, 1.0065000E+01, 5.2900000E-01, 0.0000000E+00
* ELEM  1105  line segment
 1, 450, 451
*
  6.4674159E+00, 1.0880000E+01, -4.7741595E-01, -4.7741595E-01
* ELEM  1106  line segment
 1, 453, 451
*
  6.5696497E+00, 1.0633186E+01, -1.0223374E-01, 2.4681409E-01
* ELEM  1107  line segment
 1, 471, 472
*
  5.9900000E+00, 1.0402584E+01, -4.7741595E-01, 4.7741595E-01
* ELEM  1108  line segment
 1, 471, 325
*
  5.5125841E+00, 1.0880000E+01, 4.7741595E-01, 0.0000000E+00
* ELEM  1109  line segment
 1, 471, 450
*
  5.9900000E+00, 1.0880000E+01, 0.0000000E+00, -4.7741595E-01
* ELEM  1110  line segment
 1, 450, 304
*
  5.9900000E+00, 1.0880000E+01, 4.7741595E-01, 0.0000000E+00
* ELEM  1111  line segment
 1, 472, 470
*
  5.4103503E+00, 1.0633186E+01, 1.0223374E-01, 2.4681409E-01
* ELEM  1112  line segment
 1, 429, 428
*
  8.1996497E+00, 9.4968141E+00, -1.0223374E-01, -2.4681409E-01
* ELEM  1113  circular arc
 3, 439, 428
*
  8.4350000E+00, 1.0065000E+01, 6.1500000E-01, 2.4750000E+02, 4.5000000E+01
* ELEM  1114  line segment
 1, 428, 432
*
  8.6703503E+00, 9.4968141E+00, 1.0223374E-01, -2.4681409E-01
* ELEM  1115  line segment
 1, 430, 429
*
  7.8668141E+00, 9.8296497E+00, -2.4681409E-01, -1.0223374E-01
* ELEM  1116  circular arc
 3, 439, 429
*
  8.4350000E+00, 1.0065000E+01, 6.1500000E-01, 2.0250000E+02, 4.5000000E+01
* ELEM  1117  line segment
 1, 452, 430
*
  7.6200000E+00, 1.0402584E+01, 0.0000000E+00, -6.7516811E-01
* ELEM  1118  line segment
 1, 434, 430
*
  7.8668141E+00, 1.0300350E+01, -2.4681409E-01, 1.0223374E-01
* ELEM  1119  circular arc
 3, 439, 430
*
  8.4350000E+00, 1.0065000E+01, 6.1500000E-01, 1.5750000E+02, 4.5000000E+01
* ELEM  1120  line segment
 1, 452, 455
*
  7.3731859E+00, 1.0300350E+01, 2.4681409E-01, 1.0223374E-01
* ELEM  1121  line segment
 1, 364, 360
*
  1.3468141E+00, 1.1930350E+01, -2.4681409E-01, 1.0223374E-01
* ELEM  1122  circular arc
 3, 369, 360
*
  1.9150000E+00, 1.1695000E+01, 6.1500000E-01, 1.5750000E+02, 4.5000000E+01
* ELEM  1123  circular arc
 3, 369, 365
*
  1.9150000E+00, 1.1695000E+01, 6.1500000E-01, 0.0000000E+00, 2.2500000E+01
* ELEM  1124  circular arc
 3, 369, 368
*
  1.9150000E+00, 1.1695000E+01, 6.1500000E-01, 2.2500000E+01, 4.5000000E+01
* ELEM  1125  circular arc
 3, 369, 366
*
  1.9150000E+00, 1.1695000E+01, 6.1500000E-01, 6.7500000E+01, 4.5000000E+01
* ELEM  1126  circular arc
 3, 369, 364
*
  1.9150000E+00, 1.1695000E+01, 6.1500000E-01, 1.1250000E+02, 4.5000000E+01
* ELEM  1127  circular arc
 3, 369, 362
*
  1.9150000E+00, 1.1695000E+01, 6.1500000E-01, 2.9250000E+02, 4.5000000E+01
* ELEM  1128  circular arc
 3, 369, 365
*
  1.9150000E+00, 1.1695000E+01, 6.1500000E-01, 3.3750000E+02, 2.2500000E+01
* ELEM  1129  circle
 2, 370, 369
*
  1.9150000E+00, 1.1695000E+01, 5.2900000E-01, 0.0000000E+00
* ELEM  1130  line segment
 1, 362, 365
*
  2.4831859E+00, 1.1459650E+01, 2.4681409E-01, -1.0223374E-01
* ELEM  1131  line segment
 1, 361, 362
*
  2.2525841E+00, 1.0880000E+01, 4.7741595E-01, 4.7741595E-01
* ELEM  1132  line segment
 1, 361, 340
*
  2.7300000E+00, 1.1357416E+01, 0.0000000E+00, -4.7741595E-01
* ELEM  1133  line segment
 1, 340, 342
*
  2.7300000E+00, 1.1357416E+01, 4.7741595E-01, -4.7741595E-01
* ELEM  1134  line segment
 1, 343, 342
*
  2.9768141E+00, 1.1459650E+01, -2.4681409E-01, -1.0223374E-01
* ELEM  1135  circular arc
 3, 352, 342
*
  3.5450000E+00, 1.1695000E+01, 6.1500000E-01, 2.0250000E+02, 4.5000000E+01
* ELEM  1136  line segment
 1, 342, 341
*
  3.3096497E+00, 1.1126814E+01, -1.0223374E-01, -2.4681409E-01
* ELEM  1137  circular arc
 3, 352, 341
*
  3.5450000E+00, 1.1695000E+01, 6.1500000E-01, 2.4750000E+02, 4.5000000E+01
* ELEM  1138  line segment
 1, 341, 345
*
  3.7803503E+00, 1.1126814E+01, 1.0223374E-01, -2.4681409E-01
* ELEM  1139  line segment
 1, 487, 341
*
  3.2074159E+00, 1.0880000E+01, 6.7516811E-01, 0.0000000E+00
* ELEM  1140  line segment
 1, 489, 487
*
  3.7803503E+00, 1.0633186E+01, 1.0223374E-01, 2.4681409E-01
* ELEM  1141  line segment
 1, 467, 468
*
  4.8374159E+00, 1.0880000E+01, -4.7741595E-01, -4.7741595E-01
* ELEM  1142  line segment
 1, 470, 468
*
  4.9396497E+00, 1.0633186E+01, -1.0223374E-01, 2.4681409E-01
* ELEM  1143  line segment
 1, 488, 489
*
  4.3600000E+00, 1.0402584E+01, -4.7741595E-01, 4.7741595E-01
* ELEM  1144  line segment
 1, 488, 344
*
  3.8825841E+00, 1.0880000E+01, 4.7741595E-01, 0.0000000E+00
* ELEM  1145  line segment
 1, 488, 467
*
  4.3600000E+00, 1.0880000E+01, 0.0000000E+00, -4.7741595E-01
* ELEM  1146  line segment
 1, 467, 321
*
  4.3600000E+00, 1.0880000E+01, 4.7741595E-01, 0.0000000E+00
* ELEM  1147  line segment
 1, 983, 984
*
  1.2032584E+01, 1.1000000E+00, 4.7741595E-01, 4.7741595E-01
* ELEM  1148  line segment
 1, 983, 962
*
  1.2510000E+01, 1.5774159E+00, 0.0000000E+00, -4.7741595E-01
* ELEM  1149  line segment
 1, 984, 987
*
  1.2263186E+01, 1.6796497E+00, 2.4681409E-01, -1.0223374E-01
* ELEM  1150  circular arc
 3, 887, 876
*
  1.1695000E+01, 3.5450000E+00, 6.1500000E-01, 2.4750000E+02, 4.5000000E+01
* ELEM  1151  line segment
 1, 876, 880
*
  1.1930350E+01, 2.9768141E+00, 1.0223374E-01, -2.4681409E-01
* ELEM  1152  line segment
 1, 988, 876
*
  1.1357416E+01, 2.7300000E+00, 6.7516811E-01, 0.0000000E+00
* ELEM  1153  line segment
 1, 990, 988
*
  1.1930350E+01, 2.4831859E+00, 1.0223374E-01, 2.4681409E-01
* ELEM  1154  circular arc
 3, 887, 883
*
  1.1695000E+01, 3.5450000E+00, 6.1500000E-01, 0.0000000E+00, 2.2500000E+01
* ELEM  1155  circular arc
 3, 887, 886
*
  1.1695000E+01, 3.5450000E+00, 6.1500000E-01, 2.2500000E+01, 4.5000000E+01
* ELEM  1156  circular arc
 3, 887, 884
*
  1.1695000E+01, 3.5450000E+00, 6.1500000E-01, 6.7500000E+01, 4.5000000E+01
* ELEM  1157  circular arc
 3, 887, 882
*
  1.1695000E+01, 3.5450000E+00, 6.1500000E-01, 1.1250000E+02, 4.5000000E+01
* ELEM  1158  circular arc
 3, 887, 880
*
  1.1695000E+01, 3.5450000E+00, 6.1500000E-01, 2.9250000E+02, 4.5000000E+01
* ELEM  1159  circular arc
 3, 887, 883
*
  1.1695000E+01, 3.5450000E+00, 6.1500000E-01, 3.3750000E+02, 2.2500000E+01
* ELEM  1160  circle
 2, 888, 887
*
  1.1695000E+01, 3.5450000E+00, 5.2900000E-01, 0.0000000E+00
* ELEM  1161  line segment
 1, 881, 882
*
  1.1357416E+01, 4.3600000E+00, -4.7741595E-01, -4.7741595E-01
* ELEM  1162  line segment
 1, 884, 882
*
  1.1459650E+01, 4.1131859E+00, -1.0223374E-01, 2.4681409E-01
* ELEM  1163  line segment
 1, 881, 735
*
  1.0880000E+01, 4.3600000E+00, 4.7741595E-01, 0.0000000E+00
* ELEM  1164  line segment
 1, 735, 737
*
  1.0880000E+01, 4.8374159E+00, 4.7741595E-01, -4.7741595E-01
* ELEM  1165  line segment
 1, 738, 737
*
  1.1126814E+01, 4.9396497E+00, -2.4681409E-01, -1.0223374E-01
* ELEM  1166  circular arc
 3, 747, 737
*
  1.1695000E+01, 5.1750000E+00, 6.1500000E-01, 2.0250000E+02, 4.5000000E+01
* ELEM  1167  line segment
 1, 737, 736
*
  1.1459650E+01, 4.6068141E+00, -1.0223374E-01, -2.4681409E-01
* ELEM  1168  line segment
 1, 762, 738
*
  1.0880000E+01, 5.5125841E+00, 0.0000000E+00, -6.7516811E-01
* ELEM  1169  line segment
 1, 742, 738
*
  1.1126814E+01, 5.4103503E+00, -2.4681409E-01, 1.0223374E-01
* ELEM  1170  circular arc
 3, 747, 738
*
  1.1695000E+01, 5.1750000E+00, 6.1500000E-01, 1.5750000E+02, 4.5000000E+01
* ELEM  1171  line segment
 1, 633, 635
*
  1.0880000E+01, 6.4674159E+00, 4.7741595E-01, -4.7741595E-01
* ELEM  1172  line segment
 1, 741, 633
*
  1.0880000E+01, 5.9900000E+00, 4.7741595E-01, 0.0000000E+00
* ELEM  1173  line segment
 1, 636, 635
*
  1.1126814E+01, 6.5696497E+00, -2.4681409E-01, -1.0223374E-01
* ELEM  1174  circular arc
 3, 645, 635
*
  1.1695000E+01, 6.8050000E+00, 6.1500000E-01, 2.0250000E+02, 4.5000000E+01
* ELEM  1175  line segment
 1, 635, 634
*
  1.1459650E+01, 6.2368141E+00, -1.0223374E-01, -2.4681409E-01
* ELEM  1176  line segment
 1, 658, 636
*
  1.0880000E+01, 7.1425841E+00, 0.0000000E+00, -6.7516811E-01
* ELEM  1177  line segment
 1, 640, 636
*
  1.1126814E+01, 7.0403503E+00, -2.4681409E-01, 1.0223374E-01
* ELEM  1178  circular arc
 3, 645, 636
*
  1.1695000E+01, 6.8050000E+00, 6.1500000E-01, 1.5750000E+02, 4.5000000E+01
* ELEM  1179  line segment
 1, 658, 661
*
  1.0633186E+01, 7.0403503E+00, 2.4681409E-01, 1.0223374E-01
* ELEM  1180  line segment
 1, 741, 742
*
  1.1357416E+01, 5.9900000E+00, -4.7741595E-01, -4.7741595E-01
* ELEM  1181  line segment
 1, 744, 742
*
  1.1459650E+01, 5.7431859E+00, -1.0223374E-01, 2.4681409E-01
* ELEM  1182  circular arc
 3, 747, 742
*
  1.1695000E+01, 5.1750000E+00, 6.1500000E-01, 1.1250000E+02, 4.5000000E+01
* ELEM  1183  line segment
 1, 557, 555
*
  9.8296497E+00, 9.0031859E+00, -1.0223374E-01, 2.4681409E-01
* ELEM  1184  circular arc
 3, 560, 555
*
  1.0065000E+01, 8.4350000E+00, 6.1500000E-01, 1.1250000E+02, 4.5000000E+01
* ELEM  1185  circular arc
 3, 560, 556
*
  1.0065000E+01, 8.4350000E+00, 6.1500000E-01, 0.0000000E+00, 2.2500000E+01
* ELEM  1186  circular arc
 3, 560, 559
*
  1.0065000E+01, 8.4350000E+00, 6.1500000E-01, 2.2500000E+01, 4.5000000E+01
* ELEM  1187  circular arc
 3, 560, 557
*
  1.0065000E+01, 8.4350000E+00, 6.1500000E-01, 6.7500000E+01, 4.5000000E+01
* ELEM  1188  circular arc
 3, 560, 553
*
  1.0065000E+01, 8.4350000E+00, 6.1500000E-01, 2.9250000E+02, 4.5000000E+01
* ELEM  1189  circular arc
 3, 560, 556
*
  1.0065000E+01, 8.4350000E+00, 6.1500000E-01, 3.3750000E+02, 2.2500000E+01
* ELEM  1190  circle
 2, 561, 560
*
  1.0065000E+01, 8.4350000E+00, 5.2900000E-01, 0.0000000E+00
* ELEM  1191  line segment
 1, 553, 556
*
  1.0633186E+01, 8.1996497E+00, 2.4681409E-01, -1.0223374E-01
* ELEM  1192  line segment
 1, 552, 553
*
  1.0402584E+01, 7.6200000E+00, 4.7741595E-01, 4.7741595E-01
* ELEM  1193  line segment
 1, 552, 531
*
  1.0880000E+01, 8.0974159E+00, 0.0000000E+00, -4.7741595E-01
* ELEM  1194  line segment
 1, 660, 552
*
  1.0402584E+01, 7.6200000E+00, 4.7741595E-01, 0.0000000E+00
* ELEM  1195  line segment
 1, 660, 661
*
  1.0880000E+01, 7.1425841E+00, -4.7741595E-01, 4.7741595E-01
* ELEM  1196  line segment
 1, 660, 639
*
  1.0880000E+01, 7.6200000E+00, 0.0000000E+00, -4.7741595E-01
* ELEM  1197  circular arc
 3, 439, 432
*
  8.4350000E+00, 1.0065000E+01, 6.1500000E-01, 2.9250000E+02, 4.5000000E+01
* ELEM  1198  line segment
 1, 432, 435
*
  9.0031859E+00, 9.8296497E+00, 2.4681409E-01, -1.0223374E-01
* ELEM  1199  line segment
 1, 413, 412
*
  9.4968141E+00, 9.8296497E+00, -2.4681409E-01, -1.0223374E-01
* ELEM  1200  circular arc
 3, 422, 412
*
  1.0065000E+01, 1.0065000E+01, 6.1500000E-01, 2.0250000E+02, 4.5000000E+01
* ELEM  1201  line segment
 1, 412, 411
*
  9.8296497E+00, 9.4968141E+00, -1.0223374E-01, -2.4681409E-01
* ELEM  1202  line segment
 1, 435, 413
*
  9.2500000E+00, 1.0402584E+01, 0.0000000E+00, -6.7516811E-01
* ELEM  1203  line segment
 1, 417, 413
*
  9.4968141E+00, 1.0300350E+01, -2.4681409E-01, 1.0223374E-01
* ELEM  1204  circular arc
 3, 422, 413
*
  1.0065000E+01, 1.0065000E+01, 6.1500000E-01, 1.5750000E+02, 4.5000000E+01
* ELEM  1205  circular arc
 3, 439, 435
*
  8.4350000E+00, 1.0065000E+01, 6.1500000E-01, 3.3750000E+02, 2.2500000E+01
* ELEM  1206  circular arc
 3, 439, 435
*
  8.4350000E+00, 1.0065000E+01, 6.1500000E-01, 0.0000000E+00, 2.2500000E+01
* ELEM  1207  line segment
 1, 435, 438
*
  9.0031859E+00, 1.0300350E+01, 2.4681409E-01, 1.0223374E-01
* ELEM  1208  circular arc
 3, 422, 411
*
  1.0065000E+01, 1.0065000E+01, 6.1500000E-01, 2.4750000E+02, 4.5000000E+01
* ELEM  1209  line segment
 1, 411, 415
*
  1.0300350E+01, 9.4968141E+00, 1.0223374E-01, -2.4681409E-01
* ELEM  1210  line segment
 1, 557, 411
*
  9.7274159E+00, 9.2500000E+00, 6.7516811E-01, 0.0000000E+00
* ELEM  1211  line segment
 1, 559, 557
*
  1.0300350E+01, 9.0031859E+00, 1.0223374E-01, 2.4681409E-01
* ELEM  1212  line segment
 1, 325, 326
*
  5.5125841E+00, 1.0880000E+01, 4.7741595E-01, 4.7741595E-01
* ELEM  1213  line segment
 1, 325, 304
*
  5.9900000E+00, 1.1357416E+01, 0.0000000E+00, -4.7741595E-01
* ELEM  1214  line segment
 1, 304, 306
*
  5.9900000E+00, 1.1357416E+01, 4.7741595E-01, -4.7741595E-01
* ELEM  1215  line segment
 1, 307, 306
*
  6.2368141E+00, 1.1459650E+01, -2.4681409E-01, -1.0223374E-01
* ELEM  1216  circular arc
 3, 316, 306
*
  6.8050000E+00, 1.1695000E+01, 6.1500000E-01, 2.0250000E+02, 4.5000000E+01
* ELEM  1217  line segment
 1, 306, 305
*
  6.5696497E+00, 1.1126814E+01, -1.0223374E-01, -2.4681409E-01
* ELEM  1218  circular arc
 3, 316, 305
*
  6.8050000E+00, 1.1695000E+01, 6.1500000E-01, 2.4750000E+02, 4.5000000E+01
* ELEM  1219  line segment
 1, 305, 309
*
  7.0403503E+00, 1.1126814E+01, 1.0223374E-01, -2.4681409E-01
* ELEM  1220  line segment
 1, 453, 305
*
  6.4674159E+00, 1.0880000E+01, 6.7516811E-01, 0.0000000E+00
* ELEM  1221  line segment
 1, 455, 453
*
  7.0403503E+00, 1.0633186E+01, 1.0223374E-01, 2.4681409E-01
* ELEM  1222  line segment
 1, 323, 322
*
  4.9396497E+00, 1.1126814E+01, -1.0223374E-01, -2.4681409E-01
* ELEM  1223  circular arc
 3, 333, 322
*
  5.1750000E+00, 1.1695000E+01, 6.1500000E-01, 2.4750000E+02, 4.5000000E+01
* ELEM  1224  line segment
 1, 322, 326
*
  5.4103503E+00, 1.1126814E+01, 1.0223374E-01, -2.4681409E-01
* ELEM  1225  line segment
 1, 470, 322
*
  4.8374159E+00, 1.0880000E+01, 6.7516811E-01, 0.0000000E+00
* ELEM  1226  circular arc
 3, 333, 326
*
  5.1750000E+00, 1.1695000E+01, 6.1500000E-01, 2.9250000E+02, 4.5000000E+01
* ELEM  1227  line segment
 1, 326, 329
*
  5.7431859E+00, 1.1459650E+01, 2.4681409E-01, -1.0223374E-01
* ELEM  1228  circular arc
 3, 439, 438
*
  8.4350000E+00, 1.0065000E+01, 6.1500000E-01, 2.2500000E+01, 4.5000000E+01
* ELEM  1229  circular arc
 3, 439, 436
*
  8.4350000E+00, 1.0065000E+01, 6.1500000E-01, 6.7500000E+01, 4.5000000E+01
* ELEM  1230  circular arc
 3, 439, 434
*
  8.4350000E+00, 1.0065000E+01, 6.1500000E-01, 1.1250000E+02, 4.5000000E+01
* ELEM  1231  circle
 2, 440, 439
*
  8.4350000E+00, 1.0065000E+01, 5.2900000E-01, 0.0000000E+00
* ELEM  1232  line segment
 1, 433, 434
*
  8.0974159E+00, 1.0880000E+01, -4.7741595E-01, -4.7741595E-01
* ELEM  1233  line segment
 1, 436, 434
*
  8.1996497E+00, 1.0633186E+01, -1.0223374E-01, 2.4681409E-01
* ELEM  1234  line segment
 1, 454, 455
*
  7.6200000E+00, 1.0402584E+01, -4.7741595E-01, 4.7741595E-01
* ELEM  1235  line segment
 1, 454, 308
*
  7.1425841E+00, 1.0880000E+01, 4.7741595E-01, 0.0000000E+00
* ELEM  1236  line segment
 1, 454, 433
*
  7.6200000E+00, 1.0880000E+01, 0.0000000E+00, -4.7741595E-01
* ELEM  1237  line segment
 1, 433, 287
*
  7.6200000E+00, 1.0880000E+01, 4.7741595E-01, 0.0000000E+00
* ELEM  1238  line segment
 1, 363, 364
*
  1.5774159E+00, 1.2510000E+01, -4.7741595E-01, -4.7741595E-01
* ELEM  1239  line segment
 1, 366, 364
*
  1.6796497E+00, 1.2263186E+01, -1.0223374E-01, 2.4681409E-01
* ELEM  1240  line segment
 1, 363, 217
*
  1.1000000E+00, 1.2510000E+01, 4.7741595E-01, 0.0000000E+00
* ELEM  1241  line segment
 1, 365, 343
*
  2.7300000E+00, 1.2032584E+01, 0.0000000E+00, -6.7516811E-01
* ELEM  1242  line segment
 1, 347, 343
*
  2.9768141E+00, 1.1930350E+01, -2.4681409E-01, 1.0223374E-01
* ELEM  1243  circular arc
 3, 352, 343
*
  3.5450000E+00, 1.1695000E+01, 6.1500000E-01, 1.5750000E+02, 4.5000000E+01
* ELEM  1244  line segment
 1, 365, 368
*
  2.4831859E+00, 1.1930350E+01, 2.4681409E-01, 1.0223374E-01
* ELEM  1245  circular arc
 3, 352, 348
*
  3.5450000E+00, 1.1695000E+01, 6.1500000E-01, 0.0000000E+00, 2.2500000E+01
* ELEM  1246  circular arc
 3, 352, 351
*
  3.5450000E+00, 1.1695000E+01, 6.1500000E-01, 2.2500000E+01, 4.5000000E+01
* ELEM  1247  circular arc
 3, 352, 349
*
  3.5450000E+00, 1.1695000E+01, 6.1500000E-01, 6.7500000E+01, 4.5000000E+01
* ELEM  1248  circular arc
 3, 352, 347
*
  3.5450000E+00, 1.1695000E+01, 6.1500000E-01, 1.1250000E+02, 4.5000000E+01
* ELEM  1249  circular arc
 3, 352, 345
*
  3.5450000E+00, 1.1695000E+01, 6.1500000E-01, 2.9250000E+02, 4.5000000E+01
* ELEM  1250  circular arc
 3, 352, 348
*
  3.5450000E+00, 1.1695000E+01, 6.1500000E-01, 3.3750000E+02, 2.2500000E+01
* ELEM  1251  circle
 2, 353, 352
*
  3.5450000E+00, 1.1695000E+01, 5.2900000E-01, 0.0000000E+00
* ELEM  1252  line segment
 1, 345, 348
*
  4.1131859E+00, 1.1459650E+01, 2.4681409E-01, -1.0223374E-01
* ELEM  1253  line segment
 1, 344, 345
*
  3.8825841E+00, 1.0880000E+01, 4.7741595E-01, 4.7741595E-01
* ELEM  1254  line segment
 1, 344, 321
*
  4.3600000E+00, 1.1357416E+01, 0.0000000E+00, -4.7741595E-01
* ELEM  1255  line segment
 1, 321, 323
*
  4.3600000E+00, 1.1357416E+01, 4.7741595E-01, -4.7741595E-01
* ELEM  1256  line segment
 1, 324, 323
*
  4.6068141E+00, 1.1459650E+01, -2.4681409E-01, -1.0223374E-01
* ELEM  1257  circular arc
 3, 333, 323
*
  5.1750000E+00, 1.1695000E+01, 6.1500000E-01, 2.0250000E+02, 4.5000000E+01
* ELEM  1258  line segment
 1, 962, 964
*
  1.2510000E+01, 1.5774159E+00, 4.7741595E-01, -4.7741595E-01
* ELEM  1259  line segment
 1, 965, 964
*
  1.2756814E+01, 1.6796497E+00, -2.4681409E-01, -1.0223374E-01
* ELEM  1260  circular arc
 3, 974, 964
*
  1.3325000E+01, 1.9150000E+00, 6.1500000E-01, 2.0250000E+02, 4.5000000E+01
* ELEM  1261  line segment
 1, 964, 963
*
  1.3089650E+01, 1.3468141E+00, -1.0223374E-01, -2.4681409E-01
* ELEM  1262  line segment
 1, 987, 965
*
  1.2510000E+01, 2.2525841E+00, 0.0000000E+00, -6.7516811E-01
* ELEM  1263  line segment
 1, 969, 965
*
  1.2756814E+01, 2.1503503E+00, -2.4681409E-01, 1.0223374E-01
* ELEM  1264  circular arc
 3, 974, 965
*
  1.3325000E+01, 1.9150000E+00, 6.1500000E-01, 1.5750000E+02, 4.5000000E+01
* ELEM  1265  line segment
 1, 987, 990
*
  1.2263186E+01, 2.1503503E+00, 2.4681409E-01, 1.0223374E-01
* ELEM  1266  line segment
 1, 880, 883
*
  1.2263186E+01, 3.3096497E+00, 2.4681409E-01, -1.0223374E-01
* ELEM  1267  line segment
 1, 879, 880
*
  1.2032584E+01, 2.7300000E+00, 4.7741595E-01, 4.7741595E-01
* ELEM  1268  line segment
 1, 879, 858
*
  1.2510000E+01, 3.2074159E+00, 0.0000000E+00, -4.7741595E-01
* ELEM  1269  line segment
 1, 989, 879
*
  1.2032584E+01, 2.7300000E+00, 4.7741595E-01, 0.0000000E+00
* ELEM  1270  line segment
 1, 989, 990
*
  1.2510000E+01, 2.2525841E+00, -4.7741595E-01, 4.7741595E-01
* ELEM  1271  line segment
 1, 989, 968
*
  1.2510000E+01, 2.7300000E+00, 0.0000000E+00, -4.7741595E-01
* ELEM  1272  circular arc
 3, 747, 736
*
  1.1695000E+01, 5.1750000E+00, 6.1500000E-01, 2.4750000E+02, 4.5000000E+01
* ELEM  1273  line segment
 1, 736, 740
*
  1.1930350E+01, 4.6068141E+00, 1.0223374E-01, -2.4681409E-01
* ELEM  1274  line segment
 1, 884, 736
*
  1.1357416E+01, 4.3600000E+00, 6.7516811E-01, 0.0000000E+00
* ELEM  1275  line segment
 1, 886, 884
*
  1.1930350E+01, 4.1131859E+00, 1.0223374E-01, 2.4681409E-01
* ELEM  1276  circular arc
 3, 747, 743
*
  1.1695000E+01, 5.1750000E+00, 6.1500000E-01, 0.0000000E+00, 2.2500000E+01
* ELEM  1277  circular arc
 3, 747, 746
*
  1.1695000E+01, 5.1750000E+00, 6.1500000E-01, 2.2500000E+01, 4.5000000E+01
* ELEM  1278  circular arc
 3, 747, 744
*
  1.1695000E+01, 5.1750000E+00, 6.1500000E-01, 6.7500000E+01, 4.5000000E+01
* ELEM  1279  circular arc
 3, 747, 740
*
  1.1695000E+01, 5.1750000E+00, 6.1500000E-01, 2.9250000E+02, 4.5000000E+01
* ELEM  1280  circular arc
 3, 747, 743
*
  1.1695000E+01, 5.1750000E+00, 6.1500000E-01, 3.3750000E+02, 2.2500000E+01
* ELEM  1281  circle
 2, 748, 747
*
  1.1695000E+01, 5.1750000E+00, 5.2900000E-01, 0.0000000E+00
* ELEM  1282  circular arc
 3, 645, 634
*
  1.1695000E+01, 6.8050000E+00, 6.1500000E-01, 2.4750000E+02, 4.5000000E+01
* ELEM  1283  line segment
 1, 634, 638
*
  1.1930350E+01, 6.2368141E+00, 1.0223374E-01, -2.4681409E-01
* ELEM  1284  line segment
 1, 744, 634
*
  1.1357416E+01, 5.9900000E+00, 6.7516811E-01, 0.0000000E+00
* ELEM  1285  line segment
 1, 746, 744
*
  1.1930350E+01, 5.7431859E+00, 1.0223374E-01, 2.4681409E-01
* ELEM  1286  circular arc
 3, 645, 641
*
  1.1695000E+01, 6.8050000E+00, 6.1500000E-01, 0.0000000E+00, 2.2500000E+01
* ELEM  1287  circular arc
 3, 645, 644
*
  1.1695000E+01, 6.8050000E+00, 6.1500000E-01, 2.2500000E+01, 4.5000000E+01
* ELEM  1288  circular arc
 3, 645, 642
*
  1.1695000E+01, 6.8050000E+00, 6.1500000E-01, 6.7500000E+01, 4.5000000E+01
* ELEM  1289  circular arc
 3, 645, 640
*
  1.1695000E+01, 6.8050000E+00, 6.1500000E-01, 1.1250000E+02, 4.5000000E+01
* ELEM  1290  circular arc
 3, 645, 638
*
  1.1695000E+01, 6.8050000E+00, 6.1500000E-01, 2.9250000E+02, 4.5000000E+01
* ELEM  1291  circular arc
 3, 645, 641
*
  1.1695000E+01, 6.8050000E+00, 6.1500000E-01, 3.3750000E+02, 2.2500000E+01
* ELEM  1292  circle
 2, 646, 645
*
  1.1695000E+01, 6.8050000E+00, 5.2900000E-01, 0.0000000E+00
* ELEM  1293  line segment
 1, 639, 640
*
  1.1357416E+01, 7.6200000E+00, -4.7741595E-01, -4.7741595E-01
* ELEM  1294  line segment
 1, 642, 640
*
  1.1459650E+01, 7.3731859E+00, -1.0223374E-01, 2.4681409E-01
* ELEM  1295  line segment
 1, 639, 531
*
  1.0880000E+01, 7.6200000E+00, 4.7741595E-01, 0.0000000E+00
* ELEM  1296  line segment
 1, 531, 533
*
  1.0880000E+01, 8.0974159E+00, 4.7741595E-01, -4.7741595E-01
* ELEM  1297  line segment
 1, 534, 533
*
  1.1126814E+01, 8.1996497E+00, -2.4681409E-01, -1.0223374E-01
* ELEM  1298  circular arc
 3, 543, 533
*
  1.1695000E+01, 8.4350000E+00, 6.1500000E-01, 2.0250000E+02, 4.5000000E+01
* ELEM  1299  line segment
 1, 533, 532
*
  1.1459650E+01, 7.8668141E+00, -1.0223374E-01, -2.4681409E-01
* ELEM  1300  line segment
 1, 556, 534
*
  1.0880000E+01, 8.7725841E+00, 0.0000000E+00, -6.7516811E-01
* ELEM  1301  line segment
 1, 538, 534
*
  1.1126814E+01, 8.6703503E+00, -2.4681409E-01, 1.0223374E-01
* ELEM  1302  circular arc
 3, 543, 534
*
  1.1695000E+01, 8.4350000E+00, 6.1500000E-01, 1.5750000E+02, 4.5000000E+01
* ELEM  1303  line segment
 1, 556, 559
*
  1.0633186E+01, 8.6703503E+00, 2.4681409E-01, 1.0223374E-01
* ELEM  1304  circular arc
 3, 422, 418
*
  1.0065000E+01, 1.0065000E+01, 6.1500000E-01, 0.0000000E+00, 2.2500000E+01
* ELEM  1305  circular arc
 3, 422, 421
*
  1.0065000E+01, 1.0065000E+01, 6.1500000E-01, 2.2500000E+01, 4.5000000E+01
* ELEM  1306  circular arc
 3, 422, 419
*
  1.0065000E+01, 1.0065000E+01, 6.1500000E-01, 6.7500000E+01, 4.5000000E+01
* ELEM  1307  circular arc
 3, 422, 417
*
  1.0065000E+01, 1.0065000E+01, 6.1500000E-01, 1.1250000E+02, 4.5000000E+01
* ELEM  1308  circular arc
 3, 422, 415
*
  1.0065000E+01, 1.0065000E+01, 6.1500000E-01, 2.9250000E+02, 4.5000000E+01
* ELEM  1309  circular arc
 3, 422, 418
*
  1.0065000E+01, 1.0065000E+01, 6.1500000E-01, 3.3750000E+02, 2.2500000E+01
* ELEM  1310  circle
 2, 423, 422
*
  1.0065000E+01, 1.0065000E+01, 5.2900000E-01, 0.0000000E+00
* ELEM  1311  line segment
 1, 416, 417
*
  9.7274159E+00, 1.0880000E+01, -4.7741595E-01, -4.7741595E-01
* ELEM  1312  line segment
 1, 419, 417
*
  9.8296497E+00, 1.0633186E+01, -1.0223374E-01, 2.4681409E-01
* ELEM  1313  line segment
 1, 437, 438
*
  9.2500000E+00, 1.0402584E+01, -4.7741595E-01, 4.7741595E-01
* ELEM  1314  line segment
 1, 437, 291
*
  8.7725841E+00, 1.0880000E+01, 4.7741595E-01, 0.0000000E+00
* ELEM  1315  line segment
 1, 437, 416
*
  9.2500000E+00, 1.0880000E+01, 0.0000000E+00, -4.7741595E-01
* ELEM  1316  line segment
 1, 416, 268
*
  9.2500000E+00, 1.0880000E+01, 4.7741595E-01, 0.0000000E+00
* ELEM  1317  line segment
 1, 438, 436
*
  8.6703503E+00, 1.0633186E+01, 1.0223374E-01, 2.4681409E-01
* ELEM  1318  line segment
 1, 415, 418
*
  1.0633186E+01, 9.8296497E+00, 2.4681409E-01, -1.0223374E-01
* ELEM  1319  line segment
 1, 414, 415
*
  1.0402584E+01, 9.2500000E+00, 4.7741595E-01, 4.7741595E-01
* ELEM  1320  line segment
 1, 414, 391
*
  1.0880000E+01, 9.7274159E+00, 0.0000000E+00, -4.7741595E-01
* ELEM  1321  line segment
 1, 558, 414
*
  1.0402584E+01, 9.2500000E+00, 4.7741595E-01, 0.0000000E+00
* ELEM  1322  line segment
 1, 558, 559
*
  1.0880000E+01, 8.7725841E+00, -4.7741595E-01, 4.7741595E-01
* ELEM  1323  line segment
 1, 558, 537
*
  1.0880000E+01, 9.2500000E+00, 0.0000000E+00, -4.7741595E-01
* ELEM  1324  line segment
 1, 329, 307
*
  5.9900000E+00, 1.2032584E+01, 0.0000000E+00, -6.7516811E-01
* ELEM  1325  line segment
 1, 311, 307
*
  6.2368141E+00, 1.1930350E+01, -2.4681409E-01, 1.0223374E-01
* ELEM  1326  circular arc
 3, 316, 307
*
  6.8050000E+00, 1.1695000E+01, 6.1500000E-01, 1.5750000E+02, 4.5000000E+01
* ELEM  1327  circular arc
 3, 333, 329
*
  5.1750000E+00, 1.1695000E+01, 6.1500000E-01, 3.3750000E+02, 2.2500000E+01
* ELEM  1328  circular arc
 3, 333, 329
*
  5.1750000E+00, 1.1695000E+01, 6.1500000E-01, 0.0000000E+00, 2.2500000E+01
* ELEM  1329  line segment
 1, 329, 332
*
  5.7431859E+00, 1.1930350E+01, 2.4681409E-01, 1.0223374E-01
* ELEM  1330  circular arc
 3, 316, 312
*
  6.8050000E+00, 1.1695000E+01, 6.1500000E-01, 0.0000000E+00, 2.2500000E+01
* ELEM  1331  circular arc
 3, 316, 315
*
  6.8050000E+00, 1.1695000E+01, 6.1500000E-01, 2.2500000E+01, 4.5000000E+01
* ELEM  1332  circular arc
 3, 316, 313
*
  6.8050000E+00, 1.1695000E+01, 6.1500000E-01, 6.7500000E+01, 4.5000000E+01
* ELEM  1333  circular arc
 3, 316, 311
*
  6.8050000E+00, 1.1695000E+01, 6.1500000E-01, 1.1250000E+02, 4.5000000E+01
* ELEM  1334  circular arc
 3, 316, 309
*
  6.8050000E+00, 1.1695000E+01, 6.1500000E-01, 2.9250000E+02, 4.5000000E+01
* ELEM  1335  circular arc
 3, 316, 312
*
  6.8050000E+00, 1.1695000E+01, 6.1500000E-01, 3.3750000E+02, 2.2500000E+01
* ELEM  1336  circle
 2, 317, 316
*
  6.8050000E+00, 1.1695000E+01, 5.2900000E-01, 0.0000000E+00
* ELEM  1337  line segment
 1, 309, 312
*
  7.3731859E+00, 1.1459650E+01, 2.4681409E-01, -1.0223374E-01
* ELEM  1338  line segment
 1, 308, 309
*
  7.1425841E+00, 1.0880000E+01, 4.7741595E-01, 4.7741595E-01
* ELEM  1339  line segment
 1, 308, 287
*
  7.6200000E+00, 1.1357416E+01, 0.0000000E+00, -4.7741595E-01
* ELEM  1340  circular arc
 3, 333, 332
*
  5.1750000E+00, 1.1695000E+01, 6.1500000E-01, 2.2500000E+01, 4.5000000E+01
* ELEM  1341  circular arc
 3, 333, 330
*
  5.1750000E+00, 1.1695000E+01, 6.1500000E-01, 6.7500000E+01, 4.5000000E+01
* ELEM  1342  circular arc
 3, 333, 328
*
  5.1750000E+00, 1.1695000E+01, 6.1500000E-01, 1.1250000E+02, 4.5000000E+01
* ELEM  1343  circular arc
 3, 333, 324
*
  5.1750000E+00, 1.1695000E+01, 6.1500000E-01, 1.5750000E+02, 4.5000000E+01
* ELEM  1344  circle
 2, 334, 333
*
  5.1750000E+00, 1.1695000E+01, 5.2900000E-01, 0.0000000E+00
* ELEM  1345  line segment
 1, 287, 289
*
  7.6200000E+00, 1.1357416E+01, 4.7741595E-01, -4.7741595E-01
* ELEM  1346  line segment
 1, 290, 289
*
  7.8668141E+00, 1.1459650E+01, -2.4681409E-01, -1.0223374E-01
* ELEM  1347  circular arc
 3, 299, 289
*
  8.4350000E+00, 1.1695000E+01, 6.1500000E-01, 2.0250000E+02, 4.5000000E+01
* ELEM  1348  line segment
 1, 289, 288
*
  8.1996497E+00, 1.1126814E+01, -1.0223374E-01, -2.4681409E-01
* ELEM  1349  circular arc
 3, 299, 288
*
  8.4350000E+00, 1.1695000E+01, 6.1500000E-01, 2.4750000E+02, 4.5000000E+01
* ELEM  1350  line segment
 1, 288, 292
*
  8.6703503E+00, 1.1126814E+01, 1.0223374E-01, -2.4681409E-01
* ELEM  1351  line segment
 1, 436, 288
*
  8.0974159E+00, 1.0880000E+01, 6.7516811E-01, 0.0000000E+00
* ELEM  1352  line segment
 1, 217, 219
*
  1.1000000E+00, 1.2987416E+01, 4.7741595E-01, -4.7741595E-01
* ELEM  1353  line segment
 1, 220, 219
*
  1.3468141E+00, 1.3089650E+01, -2.4681409E-01, -1.0223374E-01
* ELEM  1354  circular arc
 3, 229, 219
*
  1.9150000E+00, 1.3325000E+01, 6.1500000E-01, 2.0250000E+02, 4.5000000E+01
* ELEM  1355  line segment
 1, 219, 218
*
  1.6796497E+00, 1.2756814E+01, -1.0223374E-01, -2.4681409E-01
* ELEM  1356  circular arc
 3, 229, 218
*
  1.9150000E+00, 1.3325000E+01, 6.1500000E-01, 2.4750000E+02, 4.5000000E+01
* ELEM  1357  line segment
 1, 218, 222
*
  2.1503503E+00, 1.2756814E+01, 1.0223374E-01, -2.4681409E-01
* ELEM  1358  line segment
 1, 366, 218
*
  1.5774159E+00, 1.2510000E+01, 6.7516811E-01, 0.0000000E+00
* ELEM  1359  line segment
 1, 368, 366
*
  2.1503503E+00, 1.2263186E+01, 1.0223374E-01, 2.4681409E-01
* ELEM  1360  line segment
 1, 346, 347
*
  3.2074159E+00, 1.2510000E+01, -4.7741595E-01, -4.7741595E-01
* ELEM  1361  line segment
 1, 349, 347
*
  3.3096497E+00, 1.2263186E+01, -1.0223374E-01, 2.4681409E-01
* ELEM  1362  line segment
 1, 367, 368
*
  2.7300000E+00, 1.2032584E+01, -4.7741595E-01, 4.7741595E-01
* ELEM  1363  line segment
 1, 367, 221
*
  2.2525841E+00, 1.2510000E+01, 4.7741595E-01, 0.0000000E+00
* ELEM  1364  line segment
 1, 367, 346
*
  2.7300000E+00, 1.2510000E+01, 0.0000000E+00, -4.7741595E-01
* ELEM  1365  line segment
 1, 346, 200
*
  2.7300000E+00, 1.2510000E+01, 4.7741595E-01, 0.0000000E+00
* ELEM  1366  line segment
 1, 348, 324
*
  4.3600000E+00, 1.2032584E+01, 0.0000000E+00, -6.7516811E-01
* ELEM  1367  line segment
 1, 328, 324
*
  4.6068141E+00, 1.1930350E+01, -2.4681409E-01, 1.0223374E-01
* ELEM  1368  line segment
 1, 348, 351
*
  4.1131859E+00, 1.1930350E+01, 2.4681409E-01, 1.0223374E-01
* ELEM  1369  circular arc
 3, 974, 963
*
  1.3325000E+01, 1.9150000E+00, 6.1500000E-01, 2.4750000E+02, 4.5000000E+01
* ELEM  1370  line segment
 1, 963, 967
*
  1.3560350E+01, 1.3468141E+00, 1.0223374E-01, -2.4681409E-01
* ELEM  1371  circular arc
 3, 974, 970
*
  1.3325000E+01, 1.9150000E+00, 6.1500000E-01, 0.0000000E+00, 2.2500000E+01
* ELEM  1372  circular arc
 3, 974, 973
*
  1.3325000E+01, 1.9150000E+00, 6.1500000E-01, 2.2500000E+01, 4.5000000E+01
* ELEM  1373  circular arc
 3, 974, 971
*
  1.3325000E+01, 1.9150000E+00, 6.1500000E-01, 6.7500000E+01, 4.5000000E+01
* ELEM  1374  circular arc
 3, 974, 969
*
  1.3325000E+01, 1.9150000E+00, 6.1500000E-01, 1.1250000E+02, 4.5000000E+01
* ELEM  1375  circular arc
 3, 974, 967
*
  1.3325000E+01, 1.9150000E+00, 6.1500000E-01, 2.9250000E+02, 4.5000000E+01
* ELEM  1376  circular arc
 3, 974, 970
*
  1.3325000E+01, 1.9150000E+00, 6.1500000E-01, 3.3750000E+02, 2.2500000E+01
* ELEM  1377  circle
 2, 975, 974
*
  1.3325000E+01, 1.9150000E+00, 5.2900000E-01, 0.0000000E+00
* ELEM  1378  line segment
 1, 968, 969
*
  1.2987416E+01, 2.7300000E+00, -4.7741595E-01, -4.7741595E-01
* ELEM  1379  line segment
 1, 971, 969
*
  1.3089650E+01, 2.4831859E+00, -1.0223374E-01, 2.4681409E-01
* ELEM  1380  line segment
 1, 968, 858
*
  1.2510000E+01, 2.7300000E+00, 4.7741595E-01, 0.0000000E+00
* ELEM  1381  line segment
 1, 858, 860
*
  1.2510000E+01, 3.2074159E+00, 4.7741595E-01, -4.7741595E-01
* ELEM  1382  line segment
 1, 861, 860
*
  1.2756814E+01, 3.3096497E+00, -2.4681409E-01, -1.0223374E-01
* ELEM  1383  circular arc
 3, 870, 860
*
  1.3325000E+01, 3.5450000E+00, 6.1500000E-01, 2.0250000E+02, 4.5000000E+01
* ELEM  1384  line segment
 1, 860, 859
*
  1.3089650E+01, 2.9768141E+00, -1.0223374E-01, -2.4681409E-01
* ELEM  1385  line segment
 1, 883, 861
*
  1.2510000E+01, 3.8825841E+00, 0.0000000E+00, -6.7516811E-01
* ELEM  1386  line segment
 1, 865, 861
*
  1.2756814E+01, 3.7803503E+00, -2.4681409E-01, 1.0223374E-01
* ELEM  1387  circular arc
 3, 870, 861
*
  1.3325000E+01, 3.5450000E+00, 6.1500000E-01, 1.5750000E+02, 4.5000000E+01
* ELEM  1388  line segment
 1, 883, 886
*
  1.2263186E+01, 3.7803503E+00, 2.4681409E-01, 1.0223374E-01
* ELEM  1389  line segment
 1, 740, 743
*
  1.2263186E+01, 4.9396497E+00, 2.4681409E-01, -1.0223374E-01
* ELEM  1390  line segment
 1, 739, 740
*
  1.2032584E+01, 4.3600000E+00, 4.7741595E-01, 4.7741595E-01
* ELEM  1391  line segment
 1, 739, 718
*
  1.2510000E+01, 4.8374159E+00, 0.0000000E+00, -4.7741595E-01
* ELEM  1392  line segment
 1, 885, 739
*
  1.2032584E+01, 4.3600000E+00, 4.7741595E-01, 0.0000000E+00
* ELEM  1393  line segment
 1, 885, 886
*
  1.2510000E+01, 3.8825841E+00, -4.7741595E-01, 4.7741595E-01
* ELEM  1394  line segment
 1, 885, 864
*
  1.2510000E+01, 4.3600000E+00, 0.0000000E+00, -4.7741595E-01
* ELEM  1395  line segment
 1, 638, 641
*
  1.2263186E+01, 6.5696497E+00, 2.4681409E-01, -1.0223374E-01
* ELEM  1396  line segment
 1, 637, 638
*
  1.2032584E+01, 5.9900000E+00, 4.7741595E-01, 4.7741595E-01
* ELEM  1397  line segment
 1, 637, 616
*
  1.2510000E+01, 6.4674159E+00, 0.0000000E+00, -4.7741595E-01
* ELEM  1398  line segment
 1, 745, 637
*
  1.2032584E+01, 5.9900000E+00, 4.7741595E-01, 0.0000000E+00
* ELEM  1399  line segment
 1, 743, 746
*
  1.2263186E+01, 5.4103503E+00, 2.4681409E-01, 1.0223374E-01
* ELEM  1400  line segment
 1, 745, 746
*
  1.2510000E+01, 5.5125841E+00, -4.7741595E-01, 4.7741595E-01
* ELEM  1401  line segment
 1, 745, 724
*
  1.2510000E+01, 5.9900000E+00, 0.0000000E+00, -4.7741595E-01
* ELEM  1402  circular arc
 3, 543, 532
*
  1.1695000E+01, 8.4350000E+00, 6.1500000E-01, 2.4750000E+02, 4.5000000E+01
* ELEM  1403  line segment
 1, 532, 536
*
  1.1930350E+01, 7.8668141E+00, 1.0223374E-01, -2.4681409E-01
* ELEM  1404  line segment
 1, 642, 532
*
  1.1357416E+01, 7.6200000E+00, 6.7516811E-01, 0.0000000E+00
* ELEM  1405  line segment
 1, 644, 642
*
  1.1930350E+01, 7.3731859E+00, 1.0223374E-01, 2.4681409E-01
* ELEM  1406  circular arc
 3, 543, 539
*
  1.1695000E+01, 8.4350000E+00, 6.1500000E-01, 0.0000000E+00, 2.2500000E+01
* ELEM  1407  circular arc
 3, 543, 542
*
  1.1695000E+01, 8.4350000E+00, 6.1500000E-01, 2.2500000E+01, 4.5000000E+01
* ELEM  1408  circular arc
 3, 543, 540
*
  1.1695000E+01, 8.4350000E+00, 6.1500000E-01, 6.7500000E+01, 4.5000000E+01
* ELEM  1409  circular arc
 3, 543, 538
*
  1.1695000E+01, 8.4350000E+00, 6.1500000E-01, 1.1250000E+02, 4.5000000E+01
* ELEM  1410  circular arc
 3, 543, 536
*
  1.1695000E+01, 8.4350000E+00, 6.1500000E-01, 2.9250000E+02, 4.5000000E+01
* ELEM  1411  circular arc
 3, 543, 539
*
  1.1695000E+01, 8.4350000E+00, 6.1500000E-01, 3.3750000E+02, 2.2500000E+01
* ELEM  1412  circle
 2, 544, 543
*
  1.1695000E+01, 8.4350000E+00, 5.2900000E-01, 0.0000000E+00
* ELEM  1413  line segment
 1, 537, 538
*
  1.1357416E+01, 9.2500000E+00, -4.7741595E-01, -4.7741595E-01
* ELEM  1414  line segment
 1, 540, 538
*
  1.1459650E+01, 9.0031859E+00, -1.0223374E-01, 2.4681409E-01
* ELEM  1415  line segment
 1, 537, 391
*
  1.0880000E+01, 9.2500000E+00, 4.7741595E-01, 0.0000000E+00
* ELEM  1416  line segment
 1, 291, 292
*
  8.7725841E+00, 1.0880000E+01, 4.7741595E-01, 4.7741595E-01
* ELEM  1417  line segment
 1, 291, 268
*
  9.2500000E+00, 1.1357416E+01, 0.0000000E+00, -4.7741595E-01
* ELEM  1418  line segment
 1, 268, 270
*
  9.2500000E+00, 1.1357416E+01, 4.7741595E-01, -4.7741595E-01
* ELEM  1419  line segment
 1, 271, 270
*
  9.4968141E+00, 1.1459650E+01, -2.4681409E-01, -1.0223374E-01
* ELEM  1420  circular arc
 3, 280, 270
*
  1.0065000E+01, 1.1695000E+01, 6.1500000E-01, 2.0250000E+02, 4.5000000E+01
* ELEM  1421  line segment
 1, 270, 269
*
  9.8296497E+00, 1.1126814E+01, -1.0223374E-01, -2.4681409E-01
* ELEM  1422  circular arc
 3, 280, 269
*
  1.0065000E+01, 1.1695000E+01, 6.1500000E-01, 2.4750000E+02, 4.5000000E+01
* ELEM  1423  line segment
 1, 269, 273
*
  1.0300350E+01, 1.1126814E+01, 1.0223374E-01, -2.4681409E-01
* ELEM  1424  line segment
 1, 419, 269
*
  9.7274159E+00, 1.0880000E+01, 6.7516811E-01, 0.0000000E+00
* ELEM  1425  line segment
 1, 421, 419
*
  1.0300350E+01, 1.0633186E+01, 1.0223374E-01, 2.4681409E-01
* ELEM  1426  circular arc
 3, 299, 292
*
  8.4350000E+00, 1.1695000E+01, 6.1500000E-01, 2.9250000E+02, 4.5000000E+01
* ELEM  1427  line segment
 1, 292, 295
*
  9.0031859E+00, 1.1459650E+01, 2.4681409E-01, -1.0223374E-01
* ELEM  1428  line segment
 1, 391, 393
*
  1.0880000E+01, 9.7274159E+00, 4.7741595E-01, -4.7741595E-01
* ELEM  1429  line segment
 1, 394, 393
*
  1.1126814E+01, 9.8296497E+00, -2.4681409E-01, -1.0223374E-01
* ELEM  1430  circular arc
 3, 403, 393
*
  1.1695000E+01, 1.0065000E+01, 6.1500000E-01, 2.0250000E+02, 4.5000000E+01
* ELEM  1431  line segment
 1, 393, 392
*
  1.1459650E+01, 9.4968141E+00, -1.0223374E-01, -2.4681409E-01
* ELEM  1432  line segment
 1, 418, 394
*
  1.0880000E+01, 1.0402584E+01, 0.0000000E+00, -6.7516811E-01
* ELEM  1433  line segment
 1, 398, 394
*
  1.1126814E+01, 1.0300350E+01, -2.4681409E-01, 1.0223374E-01
* ELEM  1434  circular arc
 3, 403, 394
*
  1.1695000E+01, 1.0065000E+01, 6.1500000E-01, 1.5750000E+02, 4.5000000E+01
* ELEM  1435  line segment
 1, 418, 421
*
  1.0633186E+01, 1.0300350E+01, 2.4681409E-01, 1.0223374E-01
* ELEM  1436  line segment
 1, 310, 311
*
  6.4674159E+00, 1.2510000E+01, -4.7741595E-01, -4.7741595E-01
* ELEM  1437  line segment
 1, 313, 311
*
  6.5696497E+00, 1.2263186E+01, -1.0223374E-01, 2.4681409E-01
* ELEM  1438  line segment
 1, 331, 332
*
  5.9900000E+00, 1.2032584E+01, -4.7741595E-01, 4.7741595E-01
* ELEM  1439  line segment
 1, 331, 187
*
  5.5125841E+00, 1.2510000E+01, 4.7741595E-01, 0.0000000E+00
* ELEM  1440  line segment
 1, 331, 310
*
  5.9900000E+00, 1.2510000E+01, 0.0000000E+00, -4.7741595E-01
* ELEM  1441  line segment
 1, 310, 166
*
  5.9900000E+00, 1.2510000E+01, 4.7741595E-01, 0.0000000E+00
* ELEM  1442  line segment
 1, 332, 330
*
  5.4103503E+00, 1.2263186E+01, 1.0223374E-01, 2.4681409E-01
* ELEM  1443  line segment
 1, 312, 290
*
  7.6200000E+00, 1.2032584E+01, 0.0000000E+00, -6.7516811E-01
* ELEM  1444  line segment
 1, 294, 290
*
  7.8668141E+00, 1.1930350E+01, -2.4681409E-01, 1.0223374E-01
* ELEM  1445  circular arc
 3, 299, 290
*
  8.4350000E+00, 1.1695000E+01, 6.1500000E-01, 1.5750000E+02, 4.5000000E+01
* ELEM  1446  line segment
 1, 312, 315
*
  7.3731859E+00, 1.1930350E+01, 2.4681409E-01, 1.0223374E-01
* ELEM  1447  circular arc
 3, 299, 295
*
  8.4350000E+00, 1.1695000E+01, 6.1500000E-01, 0.0000000E+00, 2.2500000E+01
* ELEM  1448  circular arc
 3, 299, 298
*
  8.4350000E+00, 1.1695000E+01, 6.1500000E-01, 2.2500000E+01, 4.5000000E+01
* ELEM  1449  circular arc
 3, 299, 296
*
  8.4350000E+00, 1.1695000E+01, 6.1500000E-01, 6.7500000E+01, 4.5000000E+01
* ELEM  1450  circular arc
 3, 299, 294
*
  8.4350000E+00, 1.1695000E+01, 6.1500000E-01, 1.1250000E+02, 4.5000000E+01
* ELEM  1451  circular arc
 3, 299, 295
*
  8.4350000E+00, 1.1695000E+01, 6.1500000E-01, 3.3750000E+02, 2.2500000E+01
* ELEM  1452  circle
 2, 300, 299
*
  8.4350000E+00, 1.1695000E+01, 5.2900000E-01, 0.0000000E+00
* ELEM  1453  line segment
 1, 224, 220
*
  1.3468141E+00, 1.3560350E+01, -2.4681409E-01, 1.0223374E-01
* ELEM  1454  circular arc
 3, 229, 220
*
  1.9150000E+00, 1.3325000E+01, 6.1500000E-01, 1.5750000E+02, 4.5000000E+01
* ELEM  1455  circular arc
 3, 229, 225
*
  1.9150000E+00, 1.3325000E+01, 6.1500000E-01, 0.0000000E+00, 2.2500000E+01
* ELEM  1456  circular arc
 3, 229, 228
*
  1.9150000E+00, 1.3325000E+01, 6.1500000E-01, 2.2500000E+01, 4.5000000E+01
* ELEM  1457  circular arc
 3, 229, 226
*
  1.9150000E+00, 1.3325000E+01, 6.1500000E-01, 6.7500000E+01, 4.5000000E+01
* ELEM  1458  circular arc
 3, 229, 224
*
  1.9150000E+00, 1.3325000E+01, 6.1500000E-01, 1.1250000E+02, 4.5000000E+01
* ELEM  1459  circular arc
 3, 229, 222
*
  1.9150000E+00, 1.3325000E+01, 6.1500000E-01, 2.9250000E+02, 4.5000000E+01
* ELEM  1460  circular arc
 3, 229, 225
*
  1.9150000E+00, 1.3325000E+01, 6.1500000E-01, 3.3750000E+02, 2.2500000E+01
* ELEM  1461  circle
 2, 230, 229
*
  1.9150000E+00, 1.3325000E+01, 5.2900000E-01, 0.0000000E+00
* ELEM  1462  line segment
 1, 222, 225
*
  2.4831859E+00, 1.3089650E+01, 2.4681409E-01, -1.0223374E-01
* ELEM  1463  line segment
 1, 221, 222
*
  2.2525841E+00, 1.2510000E+01, 4.7741595E-01, 4.7741595E-01
* ELEM  1464  line segment
 1, 221, 200
*
  2.7300000E+00, 1.2987416E+01, 0.0000000E+00, -4.7741595E-01
* ELEM  1465  line segment
 1, 200, 202
*
  2.7300000E+00, 1.2987416E+01, 4.7741595E-01, -4.7741595E-01
* ELEM  1466  line segment
 1, 203, 202
*
  2.9768141E+00, 1.3089650E+01, -2.4681409E-01, -1.0223374E-01
* ELEM  1467  circular arc
 3, 212, 202
*
  3.5450000E+00, 1.3325000E+01, 6.1500000E-01, 2.0250000E+02, 4.5000000E+01
* ELEM  1468  line segment
 1, 202, 201
*
  3.3096497E+00, 1.2756814E+01, -1.0223374E-01, -2.4681409E-01
* ELEM  1469  circular arc
 3, 212, 201
*
  3.5450000E+00, 1.3325000E+01, 6.1500000E-01, 2.4750000E+02, 4.5000000E+01
* ELEM  1470  line segment
 1, 201, 205
*
  3.7803503E+00, 1.2756814E+01, 1.0223374E-01, -2.4681409E-01
* ELEM  1471  line segment
 1, 349, 201
*
  3.2074159E+00, 1.2510000E+01, 6.7516811E-01, 0.0000000E+00
* ELEM  1472  line segment
 1, 351, 349
*
  3.7803503E+00, 1.2263186E+01, 1.0223374E-01, 2.4681409E-01
* ELEM  1473  line segment
 1, 327, 328
*
  4.8374159E+00, 1.2510000E+01, -4.7741595E-01, -4.7741595E-01
* ELEM  1474  line segment
 1, 330, 328
*
  4.9396497E+00, 1.2263186E+01, -1.0223374E-01, 2.4681409E-01
* ELEM  1475  line segment
 1, 350, 351
*
  4.3600000E+00, 1.2032584E+01, -4.7741595E-01, 4.7741595E-01
* ELEM  1476  line segment
 1, 350, 204
*
  3.8825841E+00, 1.2510000E+01, 4.7741595E-01, 0.0000000E+00
* ELEM  1477  line segment
 1, 350, 327
*
  4.3600000E+00, 1.2510000E+01, 0.0000000E+00, -4.7741595E-01
* ELEM  1478  line segment
 1, 327, 183
*
  4.3600000E+00, 1.2510000E+01, 4.7741595E-01, 0.0000000E+00
* ELEM  1479  line segment
 1, 966, 967
*
  1.3662584E+01, 1.1000000E+00, 4.7741595E-01, 4.7741595E-01
* ELEM  1480  line segment
 1, 967, 970
*
  1.3893186E+01, 1.6796497E+00, 2.4681409E-01, -1.0223374E-01
* ELEM  1481  circular arc
 3, 870, 859
*
  1.3325000E+01, 3.5450000E+00, 6.1500000E-01, 2.4750000E+02, 4.5000000E+01
* ELEM  1482  line segment
 1, 859, 863
*
  1.3560350E+01, 2.9768141E+00, 1.0223374E-01, -2.4681409E-01
* ELEM  1483  line segment
 1, 971, 859
*
  1.2987416E+01, 2.7300000E+00, 6.7516811E-01, 0.0000000E+00
* ELEM  1484  line segment
 1, 973, 971
*
  1.3560350E+01, 2.4831859E+00, 1.0223374E-01, 2.4681409E-01
* ELEM  1485  circular arc
 3, 870, 866
*
  1.3325000E+01, 3.5450000E+00, 6.1500000E-01, 0.0000000E+00, 2.2500000E+01
* ELEM  1486  circular arc
 3, 870, 869
*
  1.3325000E+01, 3.5450000E+00, 6.1500000E-01, 2.2500000E+01, 4.5000000E+01
* ELEM  1487  circular arc
 3, 870, 867
*
  1.3325000E+01, 3.5450000E+00, 6.1500000E-01, 6.7500000E+01, 4.5000000E+01
* ELEM  1488  circular arc
 3, 870, 865
*
  1.3325000E+01, 3.5450000E+00, 6.1500000E-01, 1.1250000E+02, 4.5000000E+01
* ELEM  1489  circular arc
 3, 870, 863
*
  1.3325000E+01, 3.5450000E+00, 6.1500000E-01, 2.9250000E+02, 4.5000000E+01
* ELEM  1490  circular arc
 3, 870, 866
*
  1.3325000E+01, 3.5450000E+00, 6.1500000E-01, 3.3750000E+02, 2.2500000E+01
* ELEM  1491  circle
 2, 871, 870
*
  1.3325000E+01, 3.5450000E+00, 5.2900000E-01, 0.0000000E+00
* ELEM  1492  line segment
 1, 864, 865
*
  1.2987416E+01, 4.3600000E+00, -4.7741595E-01, -4.7741595E-01
* ELEM  1493  line segment
 1, 867, 865
*
  1.3089650E+01, 4.1131859E+00, -1.0223374E-01, 2.4681409E-01
* ELEM  1494  line segment
 1, 864, 718
*
  1.2510000E+01, 4.3600000E+00, 4.7741595E-01, 0.0000000E+00
* ELEM  1495  line segment
 1, 718, 720
*
  1.2510000E+01, 4.8374159E+00, 4.7741595E-01, -4.7741595E-01
* ELEM  1496  line segment
 1, 721, 720
*
  1.2756814E+01, 4.9396497E+00, -2.4681409E-01, -1.0223374E-01
* ELEM  1497  circular arc
 3, 730, 720
*
  1.3325000E+01, 5.1750000E+00, 6.1500000E-01, 2.0250000E+02, 4.5000000E+01
* ELEM  1498  line segment
 1, 720, 719
*
  1.3089650E+01, 4.6068141E+00, -1.0223374E-01, -2.4681409E-01
* ELEM  1499  line segment
 1, 743, 721
*
  1.2510000E+01, 5.5125841E+00, 0.0000000E+00, -6.7516811E-01
* ELEM  1500  line segment
 1, 725, 721
*
  1.2756814E+01, 5.4103503E+00, -2.4681409E-01, 1.0223374E-01
* ELEM  1501  circular arc
 3, 730, 721
*
  1.3325000E+01, 5.1750000E+00, 6.1500000E-01, 1.5750000E+02, 4.5000000E+01
* ELEM  1502  line segment
 1, 616, 618
*
  1.2510000E+01, 6.4674159E+00, 4.7741595E-01, -4.7741595E-01
* ELEM  1503  line segment
 1, 724, 616
*
  1.2510000E+01, 5.9900000E+00, 4.7741595E-01, 0.0000000E+00
* ELEM  1504  line segment
 1, 619, 618
*
  1.2756814E+01, 6.5696497E+00, -2.4681409E-01, -1.0223374E-01
* ELEM  1505  circular arc
 3, 628, 618
*
  1.3325000E+01, 6.8050000E+00, 6.1500000E-01, 2.0250000E+02, 4.5000000E+01
* ELEM  1506  line segment
 1, 618, 617
*
  1.3089650E+01, 6.2368141E+00, -1.0223374E-01, -2.4681409E-01
* ELEM  1507  line segment
 1, 641, 619
*
  1.2510000E+01, 7.1425841E+00, 0.0000000E+00, -6.7516811E-01
* ELEM  1508  line segment
 1, 623, 619
*
  1.2756814E+01, 7.0403503E+00, -2.4681409E-01, 1.0223374E-01
* ELEM  1509  circular arc
 3, 628, 619
*
  1.3325000E+01, 6.8050000E+00, 6.1500000E-01, 1.5750000E+02, 4.5000000E+01
* ELEM  1510  line segment
 1, 641, 644
*
  1.2263186E+01, 7.0403503E+00, 2.4681409E-01, 1.0223374E-01
* ELEM  1511  line segment
 1, 724, 725
*
  1.2987416E+01, 5.9900000E+00, -4.7741595E-01, -4.7741595E-01
* ELEM  1512  line segment
 1, 727, 725
*
  1.3089650E+01, 5.7431859E+00, -1.0223374E-01, 2.4681409E-01
* ELEM  1513  circular arc
 3, 730, 725
*
  1.3325000E+01, 5.1750000E+00, 6.1500000E-01, 1.1250000E+02, 4.5000000E+01
* ELEM  1514  line segment
 1, 536, 539
*
  1.2263186E+01, 8.1996497E+00, 2.4681409E-01, -1.0223374E-01
* ELEM  1515  line segment
 1, 535, 536
*
  1.2032584E+01, 7.6200000E+00, 4.7741595E-01, 4.7741595E-01
* ELEM  1516  line segment
 1, 535, 514
*
  1.2510000E+01, 8.0974159E+00, 0.0000000E+00, -4.7741595E-01
* ELEM  1517  line segment
 1, 643, 535
*
  1.2032584E+01, 7.6200000E+00, 4.7741595E-01, 0.0000000E+00
* ELEM  1518  line segment
 1, 643, 644
*
  1.2510000E+01, 7.1425841E+00, -4.7741595E-01, 4.7741595E-01
* ELEM  1519  line segment
 1, 643, 622
*
  1.2510000E+01, 7.6200000E+00, 0.0000000E+00, -4.7741595E-01
* ELEM  1520  circular arc
 3, 403, 392
*
  1.1695000E+01, 1.0065000E+01, 6.1500000E-01, 2.4750000E+02, 4.5000000E+01
* ELEM  1521  line segment
 1, 392, 396
*
  1.1930350E+01, 9.4968141E+00, 1.0223374E-01, -2.4681409E-01
* ELEM  1522  line segment
 1, 540, 392
*
  1.1357416E+01, 9.2500000E+00, 6.7516811E-01, 0.0000000E+00
* ELEM  1523  line segment
 1, 542, 540
*
  1.1930350E+01, 9.0031859E+00, 1.0223374E-01, 2.4681409E-01
* ELEM  1524  line segment
 1, 295, 271
*
  9.2500000E+00, 1.2032584E+01, 0.0000000E+00, -6.7516811E-01
* ELEM  1525  line segment
 1, 275, 271
*
  9.4968141E+00, 1.1930350E+01, -2.4681409E-01, 1.0223374E-01
* ELEM  1526  circular arc
 3, 280, 271
*
  1.0065000E+01, 1.1695000E+01, 6.1500000E-01, 1.5750000E+02, 4.5000000E+01
* ELEM  1527  line segment
 1, 295, 298
*
  9.0031859E+00, 1.1930350E+01, 2.4681409E-01, 1.0223374E-01
* ELEM  1528  circular arc
 3, 280, 276
*
  1.0065000E+01, 1.1695000E+01, 6.1500000E-01, 0.0000000E+00, 2.2500000E+01
* ELEM  1529  circular arc
 3, 280, 279
*
  1.0065000E+01, 1.1695000E+01, 6.1500000E-01, 2.2500000E+01, 4.5000000E+01
* ELEM  1530  circular arc
 3, 280, 277
*
  1.0065000E+01, 1.1695000E+01, 6.1500000E-01, 6.7500000E+01, 4.5000000E+01
* ELEM  1531  circular arc
 3, 280, 275
*
  1.0065000E+01, 1.1695000E+01, 6.1500000E-01, 1.1250000E+02, 4.5000000E+01
* ELEM  1532  circular arc
 3, 280, 273
*
  1.0065000E+01, 1.1695000E+01, 6.1500000E-01, 2.9250000E+02, 4.5000000E+01
* ELEM  1533  circular arc
 3, 280, 276
*
  1.0065000E+01, 1.1695000E+01, 6.1500000E-01, 3.3750000E+02, 2.2500000E+01
* ELEM  1534  circle
 2, 281, 280
*
  1.0065000E+01, 1.1695000E+01, 5.2900000E-01, 0.0000000E+00
* ELEM  1535  line segment
 1, 273, 276
*
  1.0633186E+01, 1.1459650E+01, 2.4681409E-01, -1.0223374E-01
* ELEM  1536  line segment
 1, 272, 273
*
  1.0402584E+01, 1.0880000E+01, 4.7741595E-01, 4.7741595E-01
* ELEM  1537  line segment
 1, 272, 251
*
  1.0880000E+01, 1.1357416E+01, 0.0000000E+00, -4.7741595E-01
* ELEM  1538  line segment
 1, 420, 272
*
  1.0402584E+01, 1.0880000E+01, 4.7741595E-01, 0.0000000E+00
* ELEM  1539  line segment
 1, 420, 421
*
  1.0880000E+01, 1.0402584E+01, -4.7741595E-01, 4.7741595E-01
* ELEM  1540  line segment
 1, 420, 397
*
  1.0880000E+01, 1.0880000E+01, 0.0000000E+00, -4.7741595E-01
* ELEM  1541  circular arc
 3, 403, 399
*
  1.1695000E+01, 1.0065000E+01, 6.1500000E-01, 0.0000000E+00, 2.2500000E+01
* ELEM  1542  circular arc
 3, 403, 402
*
  1.1695000E+01, 1.0065000E+01, 6.1500000E-01, 2.2500000E+01, 4.5000000E+01
* ELEM  1543  circular arc
 3, 403, 400
*
  1.1695000E+01, 1.0065000E+01, 6.1500000E-01, 6.7500000E+01, 4.5000000E+01
* ELEM  1544  circular arc
 3, 403, 398
*
  1.1695000E+01, 1.0065000E+01, 6.1500000E-01, 1.1250000E+02, 4.5000000E+01
* ELEM  1545  circular arc
 3, 403, 396
*
  1.1695000E+01, 1.0065000E+01, 6.1500000E-01, 2.9250000E+02, 4.5000000E+01
* ELEM  1546  circular arc
 3, 403, 399
*
  1.1695000E+01, 1.0065000E+01, 6.1500000E-01, 3.3750000E+02, 2.2500000E+01
* ELEM  1547  circle
 2, 404, 403
*
  1.1695000E+01, 1.0065000E+01, 5.2900000E-01, 0.0000000E+00
* ELEM  1548  line segment
 1, 397, 398
*
  1.1357416E+01, 1.0880000E+01, -4.7741595E-01, -4.7741595E-01
* ELEM  1549  line segment
 1, 400, 398
*
  1.1459650E+01, 1.0633186E+01, -1.0223374E-01, 2.4681409E-01
* ELEM  1550  line segment
 1, 397, 251
*
  1.0880000E+01, 1.0880000E+01, 4.7741595E-01, 0.0000000E+00
* ELEM  1551  line segment
 1, 187, 188
*
  5.5125841E+00, 1.2510000E+01, 4.7741595E-01, 4.7741595E-01
* ELEM  1552  line segment
 1, 187, 166
*
  5.9900000E+00, 1.2987416E+01, 0.0000000E+00, -4.7741595E-01
* ELEM  1553  line segment
 1, 166, 168
*
  5.9900000E+00, 1.2987416E+01, 4.7741595E-01, -4.7741595E-01
* ELEM  1554  line segment
 1, 169, 168
*
  6.2368141E+00, 1.3089650E+01, -2.4681409E-01, -1.0223374E-01
* ELEM  1555  circular arc
 3, 178, 168
*
  6.8050000E+00, 1.3325000E+01, 6.1500000E-01, 2.0250000E+02, 4.5000000E+01
* ELEM  1556  line segment
 1, 168, 167
*
  6.5696497E+00, 1.2756814E+01, -1.0223374E-01, -2.4681409E-01
* ELEM  1557  circular arc
 3, 178, 167
*
  6.8050000E+00, 1.3325000E+01, 6.1500000E-01, 2.4750000E+02, 4.5000000E+01
* ELEM  1558  line segment
 1, 167, 171
*
  7.0403503E+00, 1.2756814E+01, 1.0223374E-01, -2.4681409E-01
* ELEM  1559  line segment
 1, 313, 167
*
  6.4674159E+00, 1.2510000E+01, 6.7516811E-01, 0.0000000E+00
* ELEM  1560  line segment
 1, 315, 313
*
  7.0403503E+00, 1.2263186E+01, 1.0223374E-01, 2.4681409E-01
* ELEM  1561  line segment
 1, 185, 184
*
  4.9396497E+00, 1.2756814E+01, -1.0223374E-01, -2.4681409E-01
* ELEM  1562  circular arc
 3, 195, 184
*
  5.1750000E+00, 1.3325000E+01, 6.1500000E-01, 2.4750000E+02, 4.5000000E+01
* ELEM  1563  line segment
 1, 184, 188
*
  5.4103503E+00, 1.2756814E+01, 1.0223374E-01, -2.4681409E-01
* ELEM  1564  line segment
 1, 330, 184
*
  4.8374159E+00, 1.2510000E+01, 6.7516811E-01, 0.0000000E+00
* ELEM  1565  circular arc
 3, 195, 188
*
  5.1750000E+00, 1.3325000E+01, 6.1500000E-01, 2.9250000E+02, 4.5000000E+01
* ELEM  1566  line segment
 1, 188, 191
*
  5.7431859E+00, 1.3089650E+01, 2.4681409E-01, -1.0223374E-01
* ELEM  1567  line segment
 1, 293, 294
*
  8.0974159E+00, 1.2510000E+01, -4.7741595E-01, -4.7741595E-01
* ELEM  1568  line segment
 1, 296, 294
*
  8.1996497E+00, 1.2263186E+01, -1.0223374E-01, 2.4681409E-01
* ELEM  1569  line segment
 1, 314, 315
*
  7.6200000E+00, 1.2032584E+01, -4.7741595E-01, 4.7741595E-01
* ELEM  1570  line segment
 1, 314, 170
*
  7.1425841E+00, 1.2510000E+01, 4.7741595E-01, 0.0000000E+00
* ELEM  1571  line segment
 1, 314, 293
*
  7.6200000E+00, 1.2510000E+01, 0.0000000E+00, -4.7741595E-01
* ELEM  1572  line segment
 1, 293, 149
*
  7.6200000E+00, 1.2510000E+01, 4.7741595E-01, 0.0000000E+00
* ELEM  1573  line segment
 1, 223, 224
*
  1.5774159E+00, 1.4140000E+01, -4.7741595E-01, -4.7741595E-01
* ELEM  1574  line segment
 1, 226, 224
*
  1.6796497E+00, 1.3893186E+01, -1.0223374E-01, 2.4681409E-01
* ELEM  1575  line segment
 1, 225, 203
*
  2.7300000E+00, 1.3662584E+01, 0.0000000E+00, -6.7516811E-01
* ELEM  1576  line segment
 1, 207, 203
*
  2.9768141E+00, 1.3560350E+01, -2.4681409E-01, 1.0223374E-01
* ELEM  1577  circular arc
 3, 212, 203
*
  3.5450000E+00, 1.3325000E+01, 6.1500000E-01, 1.5750000E+02, 4.5000000E+01
* ELEM  1578  line segment
 1, 225, 228
*
  2.4831859E+00, 1.3560350E+01, 2.4681409E-01, 1.0223374E-01
* ELEM  1579  circular arc
 3, 212, 208
*
  3.5450000E+00, 1.3325000E+01, 6.1500000E-01, 0.0000000E+00, 2.2500000E+01
* ELEM  1580  circular arc
 3, 212, 211
*
  3.5450000E+00, 1.3325000E+01, 6.1500000E-01, 2.2500000E+01, 4.5000000E+01
* ELEM  1581  circular arc
 3, 212, 209
*
  3.5450000E+00, 1.3325000E+01, 6.1500000E-01, 6.7500000E+01, 4.5000000E+01
* ELEM  1582  circular arc
 3, 212, 207
*
  3.5450000E+00, 1.3325000E+01, 6.1500000E-01, 1.1250000E+02, 4.5000000E+01
* ELEM  1583  circular arc
 3, 212, 205
*
  3.5450000E+00, 1.3325000E+01, 6.1500000E-01, 2.9250000E+02, 4.5000000E+01
* ELEM  1584  circular arc
 3, 212, 208
*
  3.5450000E+00, 1.3325000E+01, 6.1500000E-01, 3.3750000E+02, 2.2500000E+01
* ELEM  1585  circle
 2, 213, 212
*
  3.5450000E+00, 1.3325000E+01, 5.2900000E-01, 0.0000000E+00
* ELEM  1586  line segment
 1, 205, 208
*
  4.1131859E+00, 1.3089650E+01, 2.4681409E-01, -1.0223374E-01
* ELEM  1587  line segment
 1, 204, 205
*
  3.8825841E+00, 1.2510000E+01, 4.7741595E-01, 4.7741595E-01
* ELEM  1588  line segment
 1, 204, 183
*
  4.3600000E+00, 1.2987416E+01, 0.0000000E+00, -4.7741595E-01
* ELEM  1589  line segment
 1, 183, 185
*
  4.3600000E+00, 1.2987416E+01, 4.7741595E-01, -4.7741595E-01
* ELEM  1590  line segment
 1, 186, 185
*
  4.6068141E+00, 1.3089650E+01, -2.4681409E-01, -1.0223374E-01
* ELEM  1591  circular arc
 3, 195, 185
*
  5.1750000E+00, 1.3325000E+01, 6.1500000E-01, 2.0250000E+02, 4.5000000E+01
* ELEM  1592  line segment
 1, 970, 973
*
  1.3893186E+01, 2.1503503E+00, 2.4681409E-01, 1.0223374E-01
* ELEM  1593  line segment
 1, 972, 862
*
  1.3662584E+01, 2.7300000E+00, 4.7741595E-01, 0.0000000E+00
* ELEM  1594  line segment
 1, 862, 863
*
  1.3662584E+01, 2.7300000E+00, 4.7741595E-01, 4.7741595E-01
* ELEM  1595  line segment
 1, 863, 866
*
  1.3893186E+01, 3.3096497E+00, 2.4681409E-01, -1.0223374E-01
* ELEM  1596  line segment
 1, 972, 973
*
  1.4140000E+01, 2.2525841E+00, -4.7741595E-01, 4.7741595E-01
* ELEM  1597  circular arc
 3, 730, 719
*
  1.3325000E+01, 5.1750000E+00, 6.1500000E-01, 2.4750000E+02, 4.5000000E+01
* ELEM  1598  line segment
 1, 719, 723
*
  1.3560350E+01, 4.6068141E+00, 1.0223374E-01, -2.4681409E-01
* ELEM  1599  line segment
 1, 867, 719
*
  1.2987416E+01, 4.3600000E+00, 6.7516811E-01, 0.0000000E+00
* ELEM  1600  line segment
 1, 869, 867
*
  1.3560350E+01, 4.1131859E+00, 1.0223374E-01, 2.4681409E-01
* ELEM  1601  circular arc
 3, 730, 726
*
  1.3325000E+01, 5.1750000E+00, 6.1500000E-01, 0.0000000E+00, 2.2500000E+01
* ELEM  1602  circular arc
 3, 730, 729
*
  1.3325000E+01, 5.1750000E+00, 6.1500000E-01, 2.2500000E+01, 4.5000000E+01
* ELEM  1603  circular arc
 3, 730, 727
*
  1.3325000E+01, 5.1750000E+00, 6.1500000E-01, 6.7500000E+01, 4.5000000E+01
* ELEM  1604  circular arc
 3, 730, 723
*
  1.3325000E+01, 5.1750000E+00, 6.1500000E-01, 2.9250000E+02, 4.5000000E+01
* ELEM  1605  circular arc
 3, 730, 726
*
  1.3325000E+01, 5.1750000E+00, 6.1500000E-01, 3.3750000E+02, 2.2500000E+01
* ELEM  1606  circle
 2, 731, 730
*
  1.3325000E+01, 5.1750000E+00, 5.2900000E-01, 0.0000000E+00
* ELEM  1607  circular arc
 3, 628, 617
*
  1.3325000E+01, 6.8050000E+00, 6.1500000E-01, 2.4750000E+02, 4.5000000E+01
* ELEM  1608  line segment
 1, 617, 621
*
  1.3560350E+01, 6.2368141E+00, 1.0223374E-01, -2.4681409E-01
* ELEM  1609  line segment
 1, 727, 617
*
  1.2987416E+01, 5.9900000E+00, 6.7516811E-01, 0.0000000E+00
* ELEM  1610  line segment
 1, 729, 727
*
  1.3560350E+01, 5.7431859E+00, 1.0223374E-01, 2.4681409E-01
* ELEM  1611  circular arc
 3, 628, 624
*
  1.3325000E+01, 6.8050000E+00, 6.1500000E-01, 0.0000000E+00, 2.2500000E+01
* ELEM  1612  circular arc
 3, 628, 627
*
  1.3325000E+01, 6.8050000E+00, 6.1500000E-01, 2.2500000E+01, 4.5000000E+01
* ELEM  1613  circular arc
 3, 628, 625
*
  1.3325000E+01, 6.8050000E+00, 6.1500000E-01, 6.7500000E+01, 4.5000000E+01
* ELEM  1614  circular arc
 3, 628, 623
*
  1.3325000E+01, 6.8050000E+00, 6.1500000E-01, 1.1250000E+02, 4.5000000E+01
* ELEM  1615  circular arc
 3, 628, 621
*
  1.3325000E+01, 6.8050000E+00, 6.1500000E-01, 2.9250000E+02, 4.5000000E+01
* ELEM  1616  circular arc
 3, 628, 624
*
  1.3325000E+01, 6.8050000E+00, 6.1500000E-01, 3.3750000E+02, 2.2500000E+01
* ELEM  1617  circle
 2, 629, 628
*
  1.3325000E+01, 6.8050000E+00, 5.2900000E-01, 0.0000000E+00
* ELEM  1618  line segment
 1, 622, 623
*
  1.2987416E+01, 7.6200000E+00, -4.7741595E-01, -4.7741595E-01
* ELEM  1619  line segment
 1, 625, 623
*
  1.3089650E+01, 7.3731859E+00, -1.0223374E-01, 2.4681409E-01
* ELEM  1620  line segment
 1, 622, 514
*
  1.2510000E+01, 7.6200000E+00, 4.7741595E-01, 0.0000000E+00
* ELEM  1621  line segment
 1, 514, 516
*
  1.2510000E+01, 8.0974159E+00, 4.7741595E-01, -4.7741595E-01
* ELEM  1622  line segment
 1, 517, 516
*
  1.2756814E+01, 8.1996497E+00, -2.4681409E-01, -1.0223374E-01
* ELEM  1623  circular arc
 3, 526, 516
*
  1.3325000E+01, 8.4350000E+00, 6.1500000E-01, 2.0250000E+02, 4.5000000E+01
* ELEM  1624  line segment
 1, 516, 515
*
  1.3089650E+01, 7.8668141E+00, -1.0223374E-01, -2.4681409E-01
* ELEM  1625  line segment
 1, 539, 517
*
  1.2510000E+01, 8.7725841E+00, 0.0000000E+00, -6.7516811E-01
* ELEM  1626  line segment
 1, 521, 517
*
  1.2756814E+01, 8.6703503E+00, -2.4681409E-01, 1.0223374E-01
* ELEM  1627  circular arc
 3, 526, 517
*
  1.3325000E+01, 8.4350000E+00, 6.1500000E-01, 1.5750000E+02, 4.5000000E+01
* ELEM  1628  line segment
 1, 539, 542
*
  1.2263186E+01, 8.6703503E+00, 2.4681409E-01, 1.0223374E-01
* ELEM  1629  line segment
 1, 396, 399
*
  1.2263186E+01, 9.8296497E+00, 2.4681409E-01, -1.0223374E-01
* ELEM  1630  line segment
 1, 395, 396
*
  1.2032584E+01, 9.2500000E+00, 4.7741595E-01, 4.7741595E-01
* ELEM  1631  line segment
 1, 395, 374
*
  1.2510000E+01, 9.7274159E+00, 0.0000000E+00, -4.7741595E-01
* ELEM  1632  line segment
 1, 541, 395
*
  1.2032584E+01, 9.2500000E+00, 4.7741595E-01, 0.0000000E+00
* ELEM  1633  line segment
 1, 541, 542
*
  1.2510000E+01, 8.7725841E+00, -4.7741595E-01, 4.7741595E-01
* ELEM  1634  line segment
 1, 541, 520
*
  1.2510000E+01, 9.2500000E+00, 0.0000000E+00, -4.7741595E-01
* ELEM  1635  line segment
 1, 274, 275
*
  9.7274159E+00, 1.2510000E+01, -4.7741595E-01, -4.7741595E-01
* ELEM  1636  line segment
 1, 277, 275
*
  9.8296497E+00, 1.2263186E+01, -1.0223374E-01, 2.4681409E-01
* ELEM  1637  line segment
 1, 297, 298
*
  9.2500000E+00, 1.2032584E+01, -4.7741595E-01, 4.7741595E-01
* ELEM  1638  line segment
 1, 297, 153
*
  8.7725841E+00, 1.2510000E+01, 4.7741595E-01, 0.0000000E+00
* ELEM  1639  line segment
 1, 297, 274
*
  9.2500000E+00, 1.2510000E+01, 0.0000000E+00, -4.7741595E-01
* ELEM  1640  line segment
 1, 274, 132
*
  9.2500000E+00, 1.2510000E+01, 4.7741595E-01, 0.0000000E+00
* ELEM  1641  line segment
 1, 298, 296
*
  8.6703503E+00, 1.2263186E+01, 1.0223374E-01, 2.4681409E-01
* ELEM  1642  line segment
 1, 251, 253
*
  1.0880000E+01, 1.1357416E+01, 4.7741595E-01, -4.7741595E-01
* ELEM  1643  line segment
 1, 254, 253
*
  1.1126814E+01, 1.1459650E+01, -2.4681409E-01, -1.0223374E-01
* ELEM  1644  circular arc
 3, 263, 253
*
  1.1695000E+01, 1.1695000E+01, 6.1500000E-01, 2.0250000E+02, 4.5000000E+01
* ELEM  1645  line segment
 1, 253, 252
*
  1.1459650E+01, 1.1126814E+01, -1.0223374E-01, -2.4681409E-01
* ELEM  1646  line segment
 1, 276, 254
*
  1.0880000E+01, 1.2032584E+01, 0.0000000E+00, -6.7516811E-01
* ELEM  1647  line segment
 1, 258, 254
*
  1.1126814E+01, 1.1930350E+01, -2.4681409E-01, 1.0223374E-01
* ELEM  1648  circular arc
 3, 263, 254
*
  1.1695000E+01, 1.1695000E+01, 6.1500000E-01, 1.5750000E+02, 4.5000000E+01
* ELEM  1649  line segment
 1, 276, 279
*
  1.0633186E+01, 1.1930350E+01, 2.4681409E-01, 1.0223374E-01
* ELEM  1650  circular arc
 3, 263, 252
*
  1.1695000E+01, 1.1695000E+01, 6.1500000E-01, 2.4750000E+02, 4.5000000E+01
* ELEM  1651  line segment
 1, 252, 256
*
  1.1930350E+01, 1.1126814E+01, 1.0223374E-01, -2.4681409E-01
* ELEM  1652  line segment
 1, 400, 252
*
  1.1357416E+01, 1.0880000E+01, 6.7516811E-01, 0.0000000E+00
* ELEM  1653  line segment
 1, 402, 400
*
  1.1930350E+01, 1.0633186E+01, 1.0223374E-01, 2.4681409E-01
* ELEM  1654  line segment
 1, 191, 169
*
  5.9900000E+00, 1.3662584E+01, 0.0000000E+00, -6.7516811E-01
* ELEM  1655  line segment
 1, 173, 169
*
  6.2368141E+00, 1.3560350E+01, -2.4681409E-01, 1.0223374E-01
* ELEM  1656  circular arc
 3, 178, 169
*
  6.8050000E+00, 1.3325000E+01, 6.1500000E-01, 1.5750000E+02, 4.5000000E+01
* ELEM  1657  circular arc
 3, 195, 191
*
  5.1750000E+00, 1.3325000E+01, 6.1500000E-01, 3.3750000E+02, 2.2500000E+01
* ELEM  1658  circular arc
 3, 195, 191
*
  5.1750000E+00, 1.3325000E+01, 6.1500000E-01, 0.0000000E+00, 2.2500000E+01
* ELEM  1659  line segment
 1, 191, 194
*
  5.7431859E+00, 1.3560350E+01, 2.4681409E-01, 1.0223374E-01
* ELEM  1660  circular arc
 3, 178, 174
*
  6.8050000E+00, 1.3325000E+01, 6.1500000E-01, 0.0000000E+00, 2.2500000E+01
* ELEM  1661  circular arc
 3, 178, 177
*
  6.8050000E+00, 1.3325000E+01, 6.1500000E-01, 2.2500000E+01, 4.5000000E+01
* ELEM  1662  circular arc
 3, 178, 175
*
  6.8050000E+00, 1.3325000E+01, 6.1500000E-01, 6.7500000E+01, 4.5000000E+01
* ELEM  1663  circular arc
 3, 178, 173
*
  6.8050000E+00, 1.3325000E+01, 6.1500000E-01, 1.1250000E+02, 4.5000000E+01
* ELEM  1664  circular arc
 3, 178, 171
*
  6.8050000E+00, 1.3325000E+01, 6.1500000E-01, 2.9250000E+02, 4.5000000E+01
* ELEM  1665  circular arc
 3, 178, 174
*
  6.8050000E+00, 1.3325000E+01, 6.1500000E-01, 3.3750000E+02, 2.2500000E+01
* ELEM  1666  circle
 2, 179, 178
*
  6.8050000E+00, 1.3325000E+01, 5.2900000E-01, 0.0000000E+00
* ELEM  1667  line segment
 1, 171, 174
*
  7.3731859E+00, 1.3089650E+01, 2.4681409E-01, -1.0223374E-01
* ELEM  1668  line segment
 1, 170, 171
*
  7.1425841E+00, 1.2510000E+01, 4.7741595E-01, 4.7741595E-01
* ELEM  1669  line segment
 1, 170, 149
*
  7.6200000E+00, 1.2987416E+01, 0.0000000E+00, -4.7741595E-01
* ELEM  1670  circular arc
 3, 195, 194
*
  5.1750000E+00, 1.3325000E+01, 6.1500000E-01, 2.2500000E+01, 4.5000000E+01
* ELEM  1671  circular arc
 3, 195, 192
*
  5.1750000E+00, 1.3325000E+01, 6.1500000E-01, 6.7500000E+01, 4.5000000E+01
* ELEM  1672  circular arc
 3, 195, 190
*
  5.1750000E+00, 1.3325000E+01, 6.1500000E-01, 1.1250000E+02, 4.5000000E+01
* ELEM  1673  circular arc
 3, 195, 186
*
  5.1750000E+00, 1.3325000E+01, 6.1500000E-01, 1.5750000E+02, 4.5000000E+01
* ELEM  1674  circle
 2, 196, 195
*
  5.1750000E+00, 1.3325000E+01, 5.2900000E-01, 0.0000000E+00
* ELEM  1675  line segment
 1, 149, 151
*
  7.6200000E+00, 1.2987416E+01, 4.7741595E-01, -4.7741595E-01
* ELEM  1676  line segment
 1, 152, 151
*
  7.8668141E+00, 1.3089650E+01, -2.4681409E-01, -1.0223374E-01
* ELEM  1677  circular arc
 3, 161, 151
*
  8.4350000E+00, 1.3325000E+01, 6.1500000E-01, 2.0250000E+02, 4.5000000E+01
* ELEM  1678  line segment
 1, 151, 150
*
  8.1996497E+00, 1.2756814E+01, -1.0223374E-01, -2.4681409E-01
* ELEM  1679  circular arc
 3, 161, 150
*
  8.4350000E+00, 1.3325000E+01, 6.1500000E-01, 2.4750000E+02, 4.5000000E+01
* ELEM  1680  line segment
 1, 150, 154
*
  8.6703503E+00, 1.2756814E+01, 1.0223374E-01, -2.4681409E-01
* ELEM  1681  line segment
 1, 296, 150
*
  8.0974159E+00, 1.2510000E+01, 6.7516811E-01, 0.0000000E+00
* ELEM  1682  line segment
 1, 228, 226
*
  2.1503503E+00, 1.3893186E+01, 1.0223374E-01, 2.4681409E-01
* ELEM  1683  line segment
 1, 206, 207
*
  3.2074159E+00, 1.4140000E+01, -4.7741595E-01, -4.7741595E-01
* ELEM  1684  line segment
 1, 209, 207
*
  3.3096497E+00, 1.3893186E+01, -1.0223374E-01, 2.4681409E-01
* ELEM  1685  line segment
 1, 227, 206
*
  2.7300000E+00, 1.4140000E+01, 0.0000000E+00, -4.7741595E-01
* ELEM  1686  line segment
 1, 227, 228
*
  2.7300000E+00, 1.3662584E+01, -4.7741595E-01, 4.7741595E-01
* ELEM  1687  line segment
 1, 208, 186
*
  4.3600000E+00, 1.3662584E+01, 0.0000000E+00, -6.7516811E-01
* ELEM  1688  line segment
 1, 190, 186
*
  4.6068141E+00, 1.3560350E+01, -2.4681409E-01, 1.0223374E-01
* ELEM  1689  line segment
 1, 208, 211
*
  4.1131859E+00, 1.3560350E+01, 2.4681409E-01, 1.0223374E-01
* ELEM  1690  line segment
 1, 866, 869
*
  1.3893186E+01, 3.7803503E+00, 2.4681409E-01, 1.0223374E-01
* ELEM  1691  line segment
 1, 868, 722
*
  1.3662584E+01, 4.3600000E+00, 4.7741595E-01, 0.0000000E+00
* ELEM  1692  line segment
 1, 722, 723
*
  1.3662584E+01, 4.3600000E+00, 4.7741595E-01, 4.7741595E-01
* ELEM  1693  line segment
 1, 723, 726
*
  1.3893186E+01, 4.9396497E+00, 2.4681409E-01, -1.0223374E-01
* ELEM  1694  line segment
 1, 868, 869
*
  1.4140000E+01, 3.8825841E+00, -4.7741595E-01, 4.7741595E-01
* ELEM  1695  line segment
 1, 728, 620
*
  1.3662584E+01, 5.9900000E+00, 4.7741595E-01, 0.0000000E+00
* ELEM  1696  line segment
 1, 620, 621
*
  1.3662584E+01, 5.9900000E+00, 4.7741595E-01, 4.7741595E-01
* ELEM  1697  line segment
 1, 621, 624
*
  1.3893186E+01, 6.5696497E+00, 2.4681409E-01, -1.0223374E-01
* ELEM  1698  line segment
 1, 726, 729
*
  1.3893186E+01, 5.4103503E+00, 2.4681409E-01, 1.0223374E-01
* ELEM  1699  line segment
 1, 728, 729
*
  1.4140000E+01, 5.5125841E+00, -4.7741595E-01, 4.7741595E-01
* ELEM  1700  circular arc
 3, 526, 515
*
  1.3325000E+01, 8.4350000E+00, 6.1500000E-01, 2.4750000E+02, 4.5000000E+01
* ELEM  1701  line segment
 1, 515, 519
*
  1.3560350E+01, 7.8668141E+00, 1.0223374E-01, -2.4681409E-01
* ELEM  1702  line segment
 1, 625, 515
*
  1.2987416E+01, 7.6200000E+00, 6.7516811E-01, 0.0000000E+00
* ELEM  1703  line segment
 1, 627, 625
*
  1.3560350E+01, 7.3731859E+00, 1.0223374E-01, 2.4681409E-01
* ELEM  1704  circular arc
 3, 526, 522
*
  1.3325000E+01, 8.4350000E+00, 6.1500000E-01, 0.0000000E+00, 2.2500000E+01
* ELEM  1705  circular arc
 3, 526, 525
*
  1.3325000E+01, 8.4350000E+00, 6.1500000E-01, 2.2500000E+01, 4.5000000E+01
* ELEM  1706  circular arc
 3, 526, 523
*
  1.3325000E+01, 8.4350000E+00, 6.1500000E-01, 6.7500000E+01, 4.5000000E+01
* ELEM  1707  circular arc
 3, 526, 521
*
  1.3325000E+01, 8.4350000E+00, 6.1500000E-01, 1.1250000E+02, 4.5000000E+01
* ELEM  1708  circular arc
 3, 526, 519
*
  1.3325000E+01, 8.4350000E+00, 6.1500000E-01, 2.9250000E+02, 4.5000000E+01
* ELEM  1709  circular arc
 3, 526, 522
*
  1.3325000E+01, 8.4350000E+00, 6.1500000E-01, 3.3750000E+02, 2.2500000E+01
* ELEM  1710  circle
 2, 527, 526
*
  1.3325000E+01, 8.4350000E+00, 5.2900000E-01, 0.0000000E+00
* ELEM  1711  line segment
 1, 520, 521
*
  1.2987416E+01, 9.2500000E+00, -4.7741595E-01, -4.7741595E-01
* ELEM  1712  line segment
 1, 523, 521
*
  1.3089650E+01, 9.0031859E+00, -1.0223374E-01, 2.4681409E-01
* ELEM  1713  line segment
 1, 520, 374
*
  1.2510000E+01, 9.2500000E+00, 4.7741595E-01, 0.0000000E+00
* ELEM  1714  line segment
 1, 374, 376
*
  1.2510000E+01, 9.7274159E+00, 4.7741595E-01, -4.7741595E-01
* ELEM  1715  line segment
 1, 377, 376
*
  1.2756814E+01, 9.8296497E+00, -2.4681409E-01, -1.0223374E-01
* ELEM  1716  circular arc
 3, 386, 376
*
  1.3325000E+01, 1.0065000E+01, 6.1500000E-01, 2.0250000E+02, 4.5000000E+01
* ELEM  1717  line segment
 1, 376, 375
*
  1.3089650E+01, 9.4968141E+00, -1.0223374E-01, -2.4681409E-01
* ELEM  1718  line segment
 1, 399, 377
*
  1.2510000E+01, 1.0402584E+01, 0.0000000E+00, -6.7516811E-01
* ELEM  1719  line segment
 1, 381, 377
*
  1.2756814E+01, 1.0300350E+01, -2.4681409E-01, 1.0223374E-01
* ELEM  1720  circular arc
 3, 386, 377
*
  1.3325000E+01, 1.0065000E+01, 6.1500000E-01, 1.5750000E+02, 4.5000000E+01
* ELEM  1721  line segment
 1, 399, 402
*
  1.2263186E+01, 1.0300350E+01, 2.4681409E-01, 1.0223374E-01
* ELEM  1722  line segment
 1, 153, 154
*
  8.7725841E+00, 1.2510000E+01, 4.7741595E-01, 4.7741595E-01
* ELEM  1723  line segment
 1, 153, 132
*
  9.2500000E+00, 1.2987416E+01, 0.0000000E+00, -4.7741595E-01
* ELEM  1724  line segment
 1, 132, 134
*
  9.2500000E+00, 1.2987416E+01, 4.7741595E-01, -4.7741595E-01
* ELEM  1725  line segment
 1, 135, 134
*
  9.4968141E+00, 1.3089650E+01, -2.4681409E-01, -1.0223374E-01
* ELEM  1726  circular arc
 3, 144, 134
*
  1.0065000E+01, 1.3325000E+01, 6.1500000E-01, 2.0250000E+02, 4.5000000E+01
* ELEM  1727  line segment
 1, 134, 133
*
  9.8296497E+00, 1.2756814E+01, -1.0223374E-01, -2.4681409E-01
* ELEM  1728  circular arc
 3, 144, 133
*
  1.0065000E+01, 1.3325000E+01, 6.1500000E-01, 2.4750000E+02, 4.5000000E+01
* ELEM  1729  line segment
 1, 133, 137
*
  1.0300350E+01, 1.2756814E+01, 1.0223374E-01, -2.4681409E-01
* ELEM  1730  line segment
 1, 277, 133
*
  9.7274159E+00, 1.2510000E+01, 6.7516811E-01, 0.0000000E+00
* ELEM  1731  line segment
 1, 279, 277
*
  1.0300350E+01, 1.2263186E+01, 1.0223374E-01, 2.4681409E-01
* ELEM  1732  circular arc
 3, 161, 154
*
  8.4350000E+00, 1.3325000E+01, 6.1500000E-01, 2.9250000E+02, 4.5000000E+01
* ELEM  1733  line segment
 1, 154, 157
*
  9.0031859E+00, 1.3089650E+01, 2.4681409E-01, -1.0223374E-01
* ELEM  1734  circular arc
 3, 263, 259
*
  1.1695000E+01, 1.1695000E+01, 6.1500000E-01, 0.0000000E+00, 2.2500000E+01
* ELEM  1735  circular arc
 3, 263, 262
*
  1.1695000E+01, 1.1695000E+01, 6.1500000E-01, 2.2500000E+01, 4.5000000E+01
* ELEM  1736  circular arc
 3, 263, 260
*
  1.1695000E+01, 1.1695000E+01, 6.1500000E-01, 6.7500000E+01, 4.5000000E+01
* ELEM  1737  circular arc
 3, 263, 258
*
  1.1695000E+01, 1.1695000E+01, 6.1500000E-01, 1.1250000E+02, 4.5000000E+01
* ELEM  1738  circular arc
 3, 263, 256
*
  1.1695000E+01, 1.1695000E+01, 6.1500000E-01, 2.9250000E+02, 4.5000000E+01
* ELEM  1739  circular arc
 3, 263, 259
*
  1.1695000E+01, 1.1695000E+01, 6.1500000E-01, 3.3750000E+02, 2.2500000E+01
* ELEM  1740  circle
 2, 264, 263
*
  1.1695000E+01, 1.1695000E+01, 5.2900000E-01, 0.0000000E+00
* ELEM  1741  line segment
 1, 257, 258
*
  1.1357416E+01, 1.2510000E+01, -4.7741595E-01, -4.7741595E-01
* ELEM  1742  line segment
 1, 260, 258
*
  1.1459650E+01, 1.2263186E+01, -1.0223374E-01, 2.4681409E-01
* ELEM  1743  line segment
 1, 278, 279
*
  1.0880000E+01, 1.2032584E+01, -4.7741595E-01, 4.7741595E-01
* ELEM  1744  line segment
 1, 278, 136
*
  1.0402584E+01, 1.2510000E+01, 4.7741595E-01, 0.0000000E+00
* ELEM  1745  line segment
 1, 278, 257
*
  1.0880000E+01, 1.2510000E+01, 0.0000000E+00, -4.7741595E-01
* ELEM  1746  line segment
 1, 257, 115
*
  1.0880000E+01, 1.2510000E+01, 4.7741595E-01, 0.0000000E+00
* ELEM  1747  line segment
 1, 256, 259
*
  1.2263186E+01, 1.1459650E+01, 2.4681409E-01, -1.0223374E-01
* ELEM  1748  line segment
 1, 255, 256
*
  1.2032584E+01, 1.0880000E+01, 4.7741595E-01, 4.7741595E-01
* ELEM  1749  line segment
 1, 255, 234
*
  1.2510000E+01, 1.1357416E+01, 0.0000000E+00, -4.7741595E-01
* ELEM  1750  line segment
 1, 401, 255
*
  1.2032584E+01, 1.0880000E+01, 4.7741595E-01, 0.0000000E+00
* ELEM  1751  line segment
 1, 401, 402
*
  1.2510000E+01, 1.0402584E+01, -4.7741595E-01, 4.7741595E-01
* ELEM  1752  line segment
 1, 401, 380
*
  1.2510000E+01, 1.0880000E+01, 0.0000000E+00, -4.7741595E-01
* ELEM  1753  line segment
 1, 172, 173
*
  6.4674159E+00, 1.4140000E+01, -4.7741595E-01, -4.7741595E-01
* ELEM  1754  line segment
 1, 175, 173
*
  6.5696497E+00, 1.3893186E+01, -1.0223374E-01, 2.4681409E-01
* ELEM  1755  line segment
 1, 193, 172
*
  5.9900000E+00, 1.4140000E+01, 0.0000000E+00, -4.7741595E-01
* ELEM  1756  line segment
 1, 193, 194
*
  5.9900000E+00, 1.3662584E+01, -4.7741595E-01, 4.7741595E-01
* ELEM  1757  line segment
 1, 194, 192
*
  5.4103503E+00, 1.3893186E+01, 1.0223374E-01, 2.4681409E-01
* ELEM  1758  line segment
 1, 174, 152
*
  7.6200000E+00, 1.3662584E+01, 0.0000000E+00, -6.7516811E-01
* ELEM  1759  line segment
 1, 156, 152
*
  7.8668141E+00, 1.3560350E+01, -2.4681409E-01, 1.0223374E-01
* ELEM  1760  circular arc
 3, 161, 152
*
  8.4350000E+00, 1.3325000E+01, 6.1500000E-01, 1.5750000E+02, 4.5000000E+01
* ELEM  1761  line segment
 1, 174, 177
*
  7.3731859E+00, 1.3560350E+01, 2.4681409E-01, 1.0223374E-01
* ELEM  1762  circular arc
 3, 161, 157
*
  8.4350000E+00, 1.3325000E+01, 6.1500000E-01, 0.0000000E+00, 2.2500000E+01
* ELEM  1763  circular arc
 3, 161, 160
*
  8.4350000E+00, 1.3325000E+01, 6.1500000E-01, 2.2500000E+01, 4.5000000E+01
* ELEM  1764  circular arc
 3, 161, 158
*
  8.4350000E+00, 1.3325000E+01, 6.1500000E-01, 6.7500000E+01, 4.5000000E+01
* ELEM  1765  circular arc
 3, 161, 156
*
  8.4350000E+00, 1.3325000E+01, 6.1500000E-01, 1.1250000E+02, 4.5000000E+01
* ELEM  1766  circular arc
 3, 161, 157
*
  8.4350000E+00, 1.3325000E+01, 6.1500000E-01, 3.3750000E+02, 2.2500000E+01
* ELEM  1767  circle
 2, 162, 161
*
  8.4350000E+00, 1.3325000E+01, 5.2900000E-01, 0.0000000E+00
* ELEM  1768  line segment
 1, 211, 209
*
  3.7803503E+00, 1.3893186E+01, 1.0223374E-01, 2.4681409E-01
* ELEM  1769  line segment
 1, 189, 190
*
  4.8374159E+00, 1.4140000E+01, -4.7741595E-01, -4.7741595E-01
* ELEM  1770  line segment
 1, 192, 190
*
  4.9396497E+00, 1.3893186E+01, -1.0223374E-01, 2.4681409E-01
* ELEM  1771  line segment
 1, 210, 189
*
  4.3600000E+00, 1.4140000E+01, 0.0000000E+00, -4.7741595E-01
* ELEM  1772  line segment
 1, 210, 211
*
  4.3600000E+00, 1.3662584E+01, -4.7741595E-01, 4.7741595E-01
* ELEM  1773  line segment
 1, 624, 627
*
  1.3893186E+01, 7.0403503E+00, 2.4681409E-01, 1.0223374E-01
* ELEM  1774  line segment
 1, 626, 518
*
  1.3662584E+01, 7.6200000E+00, 4.7741595E-01, 0.0000000E+00
* ELEM  1775  line segment
 1, 518, 519
*
  1.3662584E+01, 7.6200000E+00, 4.7741595E-01, 4.7741595E-01
* ELEM  1776  line segment
 1, 519, 522
*
  1.3893186E+01, 8.1996497E+00, 2.4681409E-01, -1.0223374E-01
* ELEM  1777  line segment
 1, 626, 627
*
  1.4140000E+01, 7.1425841E+00, -4.7741595E-01, 4.7741595E-01
* ELEM  1778  circular arc
 3, 386, 375
*
  1.3325000E+01, 1.0065000E+01, 6.1500000E-01, 2.4750000E+02, 4.5000000E+01
* ELEM  1779  line segment
 1, 375, 379
*
  1.3560350E+01, 9.4968141E+00, 1.0223374E-01, -2.4681409E-01
* ELEM  1780  line segment
 1, 523, 375
*
  1.2987416E+01, 9.2500000E+00, 6.7516811E-01, 0.0000000E+00
* ELEM  1781  line segment
 1, 525, 523
*
  1.3560350E+01, 9.0031859E+00, 1.0223374E-01, 2.4681409E-01
* ELEM  1782  circular arc
 3, 386, 382
*
  1.3325000E+01, 1.0065000E+01, 6.1500000E-01, 0.0000000E+00, 2.2500000E+01
* ELEM  1783  circular arc
 3, 386, 385
*
  1.3325000E+01, 1.0065000E+01, 6.1500000E-01, 2.2500000E+01, 4.5000000E+01
* ELEM  1784  circular arc
 3, 386, 383
*
  1.3325000E+01, 1.0065000E+01, 6.1500000E-01, 6.7500000E+01, 4.5000000E+01
* ELEM  1785  circular arc
 3, 386, 381
*
  1.3325000E+01, 1.0065000E+01, 6.1500000E-01, 1.1250000E+02, 4.5000000E+01
* ELEM  1786  circular arc
 3, 386, 379
*
  1.3325000E+01, 1.0065000E+01, 6.1500000E-01, 2.9250000E+02, 4.5000000E+01
* ELEM  1787  circular arc
 3, 386, 382
*
  1.3325000E+01, 1.0065000E+01, 6.1500000E-01, 3.3750000E+02, 2.2500000E+01
* ELEM  1788  circle
 2, 387, 386
*
  1.3325000E+01, 1.0065000E+01, 5.2900000E-01, 0.0000000E+00
* ELEM  1789  line segment
 1, 380, 381
*
  1.2987416E+01, 1.0880000E+01, -4.7741595E-01, -4.7741595E-01
* ELEM  1790  line segment
 1, 383, 381
*
  1.3089650E+01, 1.0633186E+01, -1.0223374E-01, 2.4681409E-01
* ELEM  1791  line segment
 1, 380, 234
*
  1.2510000E+01, 1.0880000E+01, 4.7741595E-01, 0.0000000E+00
* ELEM  1792  line segment
 1, 157, 135
*
  9.2500000E+00, 1.3662584E+01, 0.0000000E+00, -6.7516811E-01
* ELEM  1793  line segment
 1, 139, 135
*
  9.4968141E+00, 1.3560350E+01, -2.4681409E-01, 1.0223374E-01
* ELEM  1794  circular arc
 3, 144, 135
*
  1.0065000E+01, 1.3325000E+01, 6.1500000E-01, 1.5750000E+02, 4.5000000E+01
* ELEM  1795  line segment
 1, 157, 160
*
  9.0031859E+00, 1.3560350E+01, 2.4681409E-01, 1.0223374E-01
* ELEM  1796  circular arc
 3, 144, 140
*
  1.0065000E+01, 1.3325000E+01, 6.1500000E-01, 0.0000000E+00, 2.2500000E+01
* ELEM  1797  circular arc
 3, 144, 143
*
  1.0065000E+01, 1.3325000E+01, 6.1500000E-01, 2.2500000E+01, 4.5000000E+01
* ELEM  1798  circular arc
 3, 144, 141
*
  1.0065000E+01, 1.3325000E+01, 6.1500000E-01, 6.7500000E+01, 4.5000000E+01
* ELEM  1799  circular arc
 3, 144, 139
*
  1.0065000E+01, 1.3325000E+01, 6.1500000E-01, 1.1250000E+02, 4.5000000E+01
* ELEM  1800  circular arc
 3, 144, 137
*
  1.0065000E+01, 1.3325000E+01, 6.1500000E-01, 2.9250000E+02, 4.5000000E+01
* ELEM  1801  circular arc
 3, 144, 140
*
  1.0065000E+01, 1.3325000E+01, 6.1500000E-01, 3.3750000E+02, 2.2500000E+01
* ELEM  1802  circle
 2, 145, 144
*
  1.0065000E+01, 1.3325000E+01, 5.2900000E-01, 0.0000000E+00
* ELEM  1803  line segment
 1, 137, 140
*
  1.0633186E+01, 1.3089650E+01, 2.4681409E-01, -1.0223374E-01
* ELEM  1804  line segment
 1, 136, 137
*
  1.0402584E+01, 1.2510000E+01, 4.7741595E-01, 4.7741595E-01
* ELEM  1805  line segment
 1, 136, 115
*
  1.0880000E+01, 1.2987416E+01, 0.0000000E+00, -4.7741595E-01
* ELEM  1806  line segment
 1, 115, 117
*
  1.0880000E+01, 1.2987416E+01, 4.7741595E-01, -4.7741595E-01
* ELEM  1807  line segment
 1, 118, 117
*
  1.1126814E+01, 1.3089650E+01, -2.4681409E-01, -1.0223374E-01
* ELEM  1808  circular arc
 3, 127, 117
*
  1.1695000E+01, 1.3325000E+01, 6.1500000E-01, 2.0250000E+02, 4.5000000E+01
* ELEM  1809  line segment
 1, 117, 116
*
  1.1459650E+01, 1.2756814E+01, -1.0223374E-01, -2.4681409E-01
* ELEM  1810  circular arc
 3, 127, 116
*
  1.1695000E+01, 1.3325000E+01, 6.1500000E-01, 2.4750000E+02, 4.5000000E+01
* ELEM  1811  line segment
 1, 116, 120
*
  1.1930350E+01, 1.2756814E+01, 1.0223374E-01, -2.4681409E-01
* ELEM  1812  line segment
 1, 260, 116
*
  1.1357416E+01, 1.2510000E+01, 6.7516811E-01, 0.0000000E+00
* ELEM  1813  line segment
 1, 262, 260
*
  1.1930350E+01, 1.2263186E+01, 1.0223374E-01, 2.4681409E-01
* ELEM  1814  line segment
 1, 234, 236
*
  1.2510000E+01, 1.1357416E+01, 4.7741595E-01, -4.7741595E-01
* ELEM  1815  line segment
 1, 237, 236
*
  1.2756814E+01, 1.1459650E+01, -2.4681409E-01, -1.0223374E-01
* ELEM  1816  circular arc
 3, 246, 236
*
  1.3325000E+01, 1.1695000E+01, 6.1500000E-01, 2.0250000E+02, 4.5000000E+01
* ELEM  1817  line segment
 1, 236, 235
*
  1.3089650E+01, 1.1126814E+01, -1.0223374E-01, -2.4681409E-01
* ELEM  1818  line segment
 1, 259, 237
*
  1.2510000E+01, 1.2032584E+01, 0.0000000E+00, -6.7516811E-01
* ELEM  1819  line segment
 1, 241, 237
*
  1.2756814E+01, 1.1930350E+01, -2.4681409E-01, 1.0223374E-01
* ELEM  1820  circular arc
 3, 246, 237
*
  1.3325000E+01, 1.1695000E+01, 6.1500000E-01, 1.5750000E+02, 4.5000000E+01
* ELEM  1821  line segment
 1, 259, 262
*
  1.2263186E+01, 1.1930350E+01, 2.4681409E-01, 1.0223374E-01
* ELEM  1822  line segment
 1, 177, 175
*
  7.0403503E+00, 1.3893186E+01, 1.0223374E-01, 2.4681409E-01
* ELEM  1823  line segment
 1, 155, 156
*
  8.0974159E+00, 1.4140000E+01, -4.7741595E-01, -4.7741595E-01
* ELEM  1824  line segment
 1, 158, 156
*
  8.1996497E+00, 1.3893186E+01, -1.0223374E-01, 2.4681409E-01
* ELEM  1825  line segment
 1, 176, 155
*
  7.6200000E+00, 1.4140000E+01, 0.0000000E+00, -4.7741595E-01
* ELEM  1826  line segment
 1, 176, 177
*
  7.6200000E+00, 1.3662584E+01, -4.7741595E-01, 4.7741595E-01
* ELEM  1827  line segment
 1, 522, 525
*
  1.3893186E+01, 8.6703503E+00, 2.4681409E-01, 1.0223374E-01
* ELEM  1828  line segment
 1, 524, 378
*
  1.3662584E+01, 9.2500000E+00, 4.7741595E-01, 0.0000000E+00
* ELEM  1829  line segment
 1, 378, 379
*
  1.3662584E+01, 9.2500000E+00, 4.7741595E-01, 4.7741595E-01
* ELEM  1830  line segment
 1, 379, 382
*
  1.3893186E+01, 9.8296497E+00, 2.4681409E-01, -1.0223374E-01
* ELEM  1831  line segment
 1, 524, 525
*
  1.4140000E+01, 8.7725841E+00, -4.7741595E-01, 4.7741595E-01
* ELEM  1832  circular arc
 3, 246, 235
*
  1.3325000E+01, 1.1695000E+01, 6.1500000E-01, 2.4750000E+02, 4.5000000E+01
* ELEM  1833  line segment
 1, 235, 239
*
  1.3560350E+01, 1.1126814E+01, 1.0223374E-01, -2.4681409E-01
* ELEM  1834  line segment
 1, 383, 235
*
  1.2987416E+01, 1.0880000E+01, 6.7516811E-01, 0.0000000E+00
* ELEM  1835  line segment
 1, 385, 383
*
  1.3560350E+01, 1.0633186E+01, 1.0223374E-01, 2.4681409E-01
* ELEM  1836  line segment
 1, 138, 139
*
  9.7274159E+00, 1.4140000E+01, -4.7741595E-01, -4.7741595E-01
* ELEM  1837  line segment
 1, 141, 139
*
  9.8296497E+00, 1.3893186E+01, -1.0223374E-01, 2.4681409E-01
* ELEM  1838  line segment
 1, 159, 138
*
  9.2500000E+00, 1.4140000E+01, 0.0000000E+00, -4.7741595E-01
* ELEM  1839  line segment
 1, 159, 160
*
  9.2500000E+00, 1.3662584E+01, -4.7741595E-01, 4.7741595E-01
* ELEM  1840  line segment
 1, 160, 158
*
  8.6703503E+00, 1.3893186E+01, 1.0223374E-01, 2.4681409E-01
* ELEM  1841  line segment
 1, 140, 118
*
  1.0880000E+01, 1.3662584E+01, 0.0000000E+00, -6.7516811E-01
* ELEM  1842  line segment
 1, 122, 118
*
  1.1126814E+01, 1.3560350E+01, -2.4681409E-01, 1.0223374E-01
* ELEM  1843  circular arc
 3, 127, 118
*
  1.1695000E+01, 1.3325000E+01, 6.1500000E-01, 1.5750000E+02, 4.5000000E+01
* ELEM  1844  line segment
 1, 140, 143
*
  1.0633186E+01, 1.3560350E+01, 2.4681409E-01, 1.0223374E-01
* ELEM  1845  circular arc
 3, 127, 123
*
  1.1695000E+01, 1.3325000E+01, 6.1500000E-01, 0.0000000E+00, 2.2500000E+01
* ELEM  1846  circular arc
 3, 127, 126
*
  1.1695000E+01, 1.3325000E+01, 6.1500000E-01, 2.2500000E+01, 4.5000000E+01
* ELEM  1847  circular arc
 3, 127, 124
*
  1.1695000E+01, 1.3325000E+01, 6.1500000E-01, 6.7500000E+01, 4.5000000E+01
* ELEM  1848  circular arc
 3, 127, 122
*
  1.1695000E+01, 1.3325000E+01, 6.1500000E-01, 1.1250000E+02, 4.5000000E+01
* ELEM  1849  circular arc
 3, 127, 120
*
  1.1695000E+01, 1.3325000E+01, 6.1500000E-01, 2.9250000E+02, 4.5000000E+01
* ELEM  1850  circular arc
 3, 127, 123
*
  1.1695000E+01, 1.3325000E+01, 6.1500000E-01, 3.3750000E+02, 2.2500000E+01
* ELEM  1851  circle
 2, 128, 127
*
  1.1695000E+01, 1.3325000E+01, 5.2900000E-01, 0.0000000E+00
* ELEM  1852  line segment
 1, 120, 123
*
  1.2263186E+01, 1.3089650E+01, 2.4681409E-01, -1.0223374E-01
* ELEM  1853  line segment
 1, 119, 120
*
  1.2032584E+01, 1.2510000E+01, 4.7741595E-01, 4.7741595E-01
* ELEM  1854  line segment
 1, 119, 98
*
  1.2510000E+01, 1.2987416E+01, 0.0000000E+00, -4.7741595E-01
* ELEM  1855  line segment
 1, 261, 119
*
  1.2032584E+01, 1.2510000E+01, 4.7741595E-01, 0.0000000E+00
* ELEM  1856  line segment
 1, 261, 262
*
  1.2510000E+01, 1.2032584E+01, -4.7741595E-01, 4.7741595E-01
* ELEM  1857  line segment
 1, 261, 240
*
  1.2510000E+01, 1.2510000E+01, 0.0000000E+00, -4.7741595E-01
* ELEM  1858  circular arc
 3, 246, 242
*
  1.3325000E+01, 1.1695000E+01, 6.1500000E-01, 0.0000000E+00, 2.2500000E+01
* ELEM  1859  circular arc
 3, 246, 245
*
  1.3325000E+01, 1.1695000E+01, 6.1500000E-01, 2.2500000E+01, 4.5000000E+01
* ELEM  1860  circular arc
 3, 246, 243
*
  1.3325000E+01, 1.1695000E+01, 6.1500000E-01, 6.7500000E+01, 4.5000000E+01
* ELEM  1861  circular arc
 3, 246, 241
*
  1.3325000E+01, 1.1695000E+01, 6.1500000E-01, 1.1250000E+02, 4.5000000E+01
* ELEM  1862  circular arc
 3, 246, 239
*
  1.3325000E+01, 1.1695000E+01, 6.1500000E-01, 2.9250000E+02, 4.5000000E+01
* ELEM  1863  circular arc
 3, 246, 242
*
  1.3325000E+01, 1.1695000E+01, 6.1500000E-01, 3.3750000E+02, 2.2500000E+01
* ELEM  1864  circle
 2, 247, 246
*
  1.3325000E+01, 1.1695000E+01, 5.2900000E-01, 0.0000000E+00
* ELEM  1865  line segment
 1, 240, 241
*
  1.2987416E+01, 1.2510000E+01, -4.7741595E-01, -4.7741595E-01
* ELEM  1866  line segment
 1, 243, 241
*
  1.3089650E+01, 1.2263186E+01, -1.0223374E-01, 2.4681409E-01
* ELEM  1867  line segment
 1, 240, 98
*
  1.2510000E+01, 1.2510000E+01, 4.7741595E-01, 0.0000000E+00
* ELEM  1868  line segment
 1, 382, 385
*
  1.3893186E+01, 1.0300350E+01, 2.4681409E-01, 1.0223374E-01
* ELEM  1869  line segment
 1, 384, 238
*
  1.3662584E+01, 1.0880000E+01, 4.7741595E-01, 0.0000000E+00
* ELEM  1870  line segment
 1, 238, 239
*
  1.3662584E+01, 1.0880000E+01, 4.7741595E-01, 4.7741595E-01
* ELEM  1871  line segment
 1, 239, 242
*
  1.3893186E+01, 1.1459650E+01, 2.4681409E-01, -1.0223374E-01
* ELEM  1872  line segment
 1, 384, 385
*
  1.4140000E+01, 1.0402584E+01, -4.7741595E-01, 4.7741595E-01
* ELEM  1873  line segment
 1, 143, 141
*
  1.0300350E+01, 1.3893186E+01, 1.0223374E-01, 2.4681409E-01
* ELEM  1874  line segment
 1, 121, 122
*
  1.1357416E+01, 1.4140000E+01, -4.7741595E-01, -4.7741595E-01
* ELEM  1875  line segment
 1, 124, 122
*
  1.1459650E+01, 1.3893186E+01, -1.0223374E-01, 2.4681409E-01
* ELEM  1876  line segment
 1, 142, 121
*
  1.0880000E+01, 1.4140000E+01, 0.0000000E+00, -4.7741595E-01
* ELEM  1877  line segment
 1, 142, 143
*
  1.0880000E+01, 1.3662584E+01, -4.7741595E-01, 4.7741595E-01
* ELEM  1878  line segment
 1, 98, 100
*
  1.2510000E+01, 1.2987416E+01, 4.7741595E-01, -4.7741595E-01
* ELEM  1879  line segment
 1, 101, 100
*
  1.2756814E+01, 1.3089650E+01, -2.4681409E-01, -1.0223374E-01
* ELEM  1880  circular arc
 3, 110, 100
*
  1.3325000E+01, 1.3325000E+01, 6.1500000E-01, 2.0250000E+02, 4.5000000E+01
* ELEM  1881  line segment
 1, 100, 99
*
  1.3089650E+01, 1.2756814E+01, -1.0223374E-01, -2.4681409E-01
* ELEM  1882  line segment
 1, 123, 101
*
  1.2510000E+01, 1.3662584E+01, 0.0000000E+00, -6.7516811E-01
* ELEM  1883  line segment
 1, 105, 101
*
  1.2756814E+01, 1.3560350E+01, -2.4681409E-01, 1.0223374E-01
* ELEM  1884  circular arc
 3, 110, 101
*
  1.3325000E+01, 1.3325000E+01, 6.1500000E-01, 1.5750000E+02, 4.5000000E+01
* ELEM  1885  line segment
 1, 123, 126
*
  1.2263186E+01, 1.3560350E+01, 2.4681409E-01, 1.0223374E-01
* ELEM  1886  circular arc
 3, 110, 99
*
  1.3325000E+01, 1.3325000E+01, 6.1500000E-01, 2.4750000E+02, 4.5000000E+01
* ELEM  1887  line segment
 1, 99, 103
*
  1.3560350E+01, 1.2756814E+01, 1.0223374E-01, -2.4681409E-01
* ELEM  1888  line segment
 1, 243, 99
*
  1.2987416E+01, 1.2510000E+01, 6.7516811E-01, 0.0000000E+00
* ELEM  1889  line segment
 1, 245, 243
*
  1.3560350E+01, 1.2263186E+01, 1.0223374E-01, 2.4681409E-01
* ELEM  1890  line segment
 1, 242, 245
*
  1.3893186E+01, 1.1930350E+01, 2.4681409E-01, 1.0223374E-01
* ELEM  1891  line segment
 1, 126, 124
*
  1.1930350E+01, 1.3893186E+01, 1.0223374E-01, 2.4681409E-01
* ELEM  1892  circular arc
 3, 110, 106
*
  1.3325000E+01, 1.3325000E+01, 6.1500000E-01, 0.0000000E+00, 2.2500000E+01
* ELEM  1893  circular arc
 3, 110, 109
*
  1.3325000E+01, 1.3325000E+01, 6.1500000E-01, 2.2500000E+01, 4.5000000E+01
* ELEM  1894  circular arc
 3, 110, 107
*
  1.3325000E+01, 1.3325000E+01, 6.1500000E-01, 6.7500000E+01, 4.5000000E+01
* ELEM  1895  circular arc
 3, 110, 105
*
  1.3325000E+01, 1.3325000E+01, 6.1500000E-01, 1.1250000E+02, 4.5000000E+01
* ELEM  1896  circular arc
 3, 110, 103
*
  1.3325000E+01, 1.3325000E+01, 6.1500000E-01, 2.9250000E+02, 4.5000000E+01
* ELEM  1897  circular arc
 3, 110, 106
*
  1.3325000E+01, 1.3325000E+01, 6.1500000E-01, 3.3750000E+02, 2.2500000E+01
* ELEM  1898  circle
 2, 111, 110
*
  1.3325000E+01, 1.3325000E+01, 5.2900000E-01, 0.0000000E+00
* ELEM  1899  line segment
 1, 104, 105
*
  1.2987416E+01, 1.4140000E+01, -4.7741595E-01, -4.7741595E-01
* ELEM  1900  line segment
 1, 107, 105
*
  1.3089650E+01, 1.3893186E+01, -1.0223374E-01, 2.4681409E-01
* ELEM  1901  line segment
 1, 125, 104
*
  1.2510000E+01, 1.4140000E+01, 0.0000000E+00, -4.7741595E-01
* ELEM  1902  line segment
 1, 125, 126
*
  1.2510000E+01, 1.3662584E+01, -4.7741595E-01, 4.7741595E-01
* ELEM  1903  line segment
 1, 244, 102
*
  1.3662584E+01, 1.2510000E+01, 4.7741595E-01, 0.0000000E+00
* ELEM  1904  line segment
 1, 102, 103
*
  1.3662584E+01, 1.2510000E+01, 4.7741595E-01, 4.7741595E-01
* ELEM  1905  line segment
 1, 103, 106
*
  1.3893186E+01, 1.3089650E+01, 2.4681409E-01, -1.0223374E-01
* ELEM  1906  line segment
 1, 244, 245
*
  1.4140000E+01, 1.2032584E+01, -4.7741595E-01, 4.7741595E-01
* ELEM  1907  line segment
 1, 109, 107
*
  1.3560350E+01, 1.3893186E+01, 1.0223374E-01, 2.4681409E-01
* ELEM  1908  line segment
 1, 106, 109
*
  1.3893186E+01, 1.3560350E+01, 2.4681409E-01, 1.0223374E-01
* ELEM  1909  line segment
 1, 108, 109
*
  1.4140000E+01, 1.3662584E+01, -4.7741595E-01, 4.7741595E-01
* ELEM  1910  circle
 2, 25, 24
*
  6.8050000E+00, 3.5450000E+00, 5.1560542E-01, 0.0000000E+00
* ELEM  1911  circle
 2, 26, 25
*
  6.8050000E+00, 3.5450000E+00, 4.7315198E-01, 0.0000000E+00
* ELEM  1912  circle
 2, 27, 26
*
  6.8050000E+00, 3.5450000E+00, 3.7405949E-01, 0.0000000E+00
* ELEM  1913  circle
 2, 42, 41
*
  5.1750000E+00, 3.5450000E+00, 5.1560542E-01, 0.0000000E+00
* ELEM  1914  circle
 2, 43, 42
*
  5.1750000E+00, 3.5450000E+00, 4.7315198E-01, 0.0000000E+00
* ELEM  1915  circle
 2, 44, 43
*
  5.1750000E+00, 3.5450000E+00, 4.0976164E-01, 0.0000000E+00
* ELEM  1916  circle
 2, 45, 44
*
  5.1750000E+00, 3.5450000E+00, 3.3456898E-01, 0.0000000E+00
* ELEM  1917  circle
 2, 46, 45
*
  5.1750000E+00, 3.5450000E+00, 2.3657599E-01, 0.0000000E+00
* ELEM  1918  circle
 2, 61, 60
*
  5.1750000E+00, 1.9150000E+00, 5.1560542E-01, 0.0000000E+00
* ELEM  1919  circle
 2, 62, 61
*
  5.1750000E+00, 1.9150000E+00, 4.7315198E-01, 0.0000000E+00
* ELEM  1920  circle
 2, 63, 62
*
  5.1750000E+00, 1.9150000E+00, 3.7405949E-01, 0.0000000E+00
* ELEM  1921  circle
 2, 78, 77
*
  3.5450000E+00, 1.9150000E+00, 5.1560542E-01, 0.0000000E+00
* ELEM  1922  circle
 2, 79, 78
*
  3.5450000E+00, 1.9150000E+00, 4.7315198E-01, 0.0000000E+00
* ELEM  1923  circle
 2, 80, 79
*
  3.5450000E+00, 1.9150000E+00, 3.7405949E-01, 0.0000000E+00
* ELEM  1924  circle
 2, 95, 94
*
  1.9150000E+00, 1.9150000E+00, 5.1560542E-01, 0.0000000E+00
* ELEM  1925  circle
 2, 96, 95
*
  1.9150000E+00, 1.9150000E+00, 4.7315198E-01, 0.0000000E+00
* ELEM  1926  circle
 2, 97, 96
*
  1.9150000E+00, 1.9150000E+00, 3.7405949E-01, 0.0000000E+00
* ELEM  1927  circle
 2, 112, 111
*
  1.3325000E+01, 1.3325000E+01, 5.1560542E-01, 0.0000000E+00
* ELEM  1928  circle
 2, 113, 112
*
  1.3325000E+01, 1.3325000E+01, 4.7315198E-01, 0.0000000E+00
* ELEM  1929  circle
 2, 114, 113
*
  1.3325000E+01, 1.3325000E+01, 3.7405949E-01, 0.0000000E+00
* ELEM  1930  circle
 2, 129, 128
*
  1.1695000E+01, 1.3325000E+01, 5.1560542E-01, 0.0000000E+00
* ELEM  1931  circle
 2, 130, 129
*
  1.1695000E+01, 1.3325000E+01, 4.7315198E-01, 0.0000000E+00
* ELEM  1932  circle
 2, 131, 130
*
  1.1695000E+01, 1.3325000E+01, 3.7405949E-01, 0.0000000E+00
* ELEM  1933  circle
 2, 146, 145
*
  1.0065000E+01, 1.3325000E+01, 5.1560542E-01, 0.0000000E+00
* ELEM  1934  circle
 2, 147, 146
*
  1.0065000E+01, 1.3325000E+01, 4.7315198E-01, 0.0000000E+00
* ELEM  1935  circle
 2, 148, 147
*
  1.0065000E+01, 1.3325000E+01, 3.7405949E-01, 0.0000000E+00
* ELEM  1936  circle
 2, 163, 162
*
  8.4350000E+00, 1.3325000E+01, 5.1560542E-01, 0.0000000E+00
* ELEM  1937  circle
 2, 164, 163
*
  8.4350000E+00, 1.3325000E+01, 4.7315198E-01, 0.0000000E+00
* ELEM  1938  circle
 2, 165, 164
*
  8.4350000E+00, 1.3325000E+01, 3.7405949E-01, 0.0000000E+00
* ELEM  1939  circle
 2, 180, 179
*
  6.8050000E+00, 1.3325000E+01, 5.1560542E-01, 0.0000000E+00
* ELEM  1940  circle
 2, 181, 180
*
  6.8050000E+00, 1.3325000E+01, 4.7315198E-01, 0.0000000E+00
* ELEM  1941  circle
 2, 182, 181
*
  6.8050000E+00, 1.3325000E+01, 3.7405949E-01, 0.0000000E+00
* ELEM  1942  circle
 2, 197, 196
*
  5.1750000E+00, 1.3325000E+01, 5.1560542E-01, 0.0000000E+00
* ELEM  1943  circle
 2, 198, 197
*
  5.1750000E+00, 1.3325000E+01, 4.7315198E-01, 0.0000000E+00
* ELEM  1944  circle
 2, 199, 198
*
  5.1750000E+00, 1.3325000E+01, 3.7405949E-01, 0.0000000E+00
* ELEM  1945  circle
 2, 214, 213
*
  3.5450000E+00, 1.3325000E+01, 5.1560542E-01, 0.0000000E+00
* ELEM  1946  circle
 2, 215, 214
*
  3.5450000E+00, 1.3325000E+01, 4.7315198E-01, 0.0000000E+00
* ELEM  1947  circle
 2, 216, 215
*
  3.5450000E+00, 1.3325000E+01, 3.7405949E-01, 0.0000000E+00
* ELEM  1948  circle
 2, 231, 230
*
  1.9150000E+00, 1.3325000E+01, 5.1560542E-01, 0.0000000E+00
* ELEM  1949  circle
 2, 232, 231
*
  1.9150000E+00, 1.3325000E+01, 4.7315198E-01, 0.0000000E+00
* ELEM  1950  circle
 2, 233, 232
*
  1.9150000E+00, 1.3325000E+01, 3.7405949E-01, 0.0000000E+00
* ELEM  1951  circle
 2, 248, 247
*
  1.3325000E+01, 1.1695000E+01, 5.1560542E-01, 0.0000000E+00
* ELEM  1952  circle
 2, 249, 248
*
  1.3325000E+01, 1.1695000E+01, 4.7315198E-01, 0.0000000E+00
* ELEM  1953  circle
 2, 250, 249
*
  1.3325000E+01, 1.1695000E+01, 3.7405949E-01, 0.0000000E+00
* ELEM  1954  circle
 2, 265, 264
*
  1.1695000E+01, 1.1695000E+01, 5.1560542E-01, 0.0000000E+00
* ELEM  1955  circle
 2, 266, 265
*
  1.1695000E+01, 1.1695000E+01, 4.7315198E-01, 0.0000000E+00
* ELEM  1956  circle
 2, 267, 266
*
  1.1695000E+01, 1.1695000E+01, 3.7405949E-01, 0.0000000E+00
* ELEM  1957  circle
 2, 282, 281
*
  1.0065000E+01, 1.1695000E+01, 5.1560542E-01, 0.0000000E+00
* ELEM  1958  circle
 2, 283, 282
*
  1.0065000E+01, 1.1695000E+01, 4.7315198E-01, 0.0000000E+00
* ELEM  1959  circle
 2, 284, 283
*
  1.0065000E+01, 1.1695000E+01, 4.0976164E-01, 0.0000000E+00
* ELEM  1960  circle
 2, 285, 284
*
  1.0065000E+01, 1.1695000E+01, 3.3456898E-01, 0.0000000E+00
* ELEM  1961  circle
 2, 286, 285
*
  1.0065000E+01, 1.1695000E+01, 2.3657599E-01, 0.0000000E+00
* ELEM  1962  circle
 2, 301, 300
*
  8.4350000E+00, 1.1695000E+01, 5.1560542E-01, 0.0000000E+00
* ELEM  1963  circle
 2, 302, 301
*
  8.4350000E+00, 1.1695000E+01, 4.7315198E-01, 0.0000000E+00
* ELEM  1964  circle
 2, 303, 302
*
  8.4350000E+00, 1.1695000E+01, 3.7405949E-01, 0.0000000E+00
* ELEM  1965  circle
 2, 318, 317
*
  6.8050000E+00, 1.1695000E+01, 5.1560542E-01, 0.0000000E+00
* ELEM  1966  circle
 2, 319, 318
*
  6.8050000E+00, 1.1695000E+01, 4.7315198E-01, 0.0000000E+00
* ELEM  1967  circle
 2, 320, 319
*
  6.8050000E+00, 1.1695000E+01, 3.7405949E-01, 0.0000000E+00
* ELEM  1968  circle
 2, 335, 334
*
  5.1750000E+00, 1.1695000E+01, 5.1560542E-01, 0.0000000E+00
* ELEM  1969  circle
 2, 336, 335
*
  5.1750000E+00, 1.1695000E+01, 4.7315198E-01, 0.0000000E+00
* ELEM  1970  circle
 2, 337, 336
*
  5.1750000E+00, 1.1695000E+01, 4.0976164E-01, 0.0000000E+00
* ELEM  1971  circle
 2, 338, 337
*
  5.1750000E+00, 1.1695000E+01, 3.3456898E-01, 0.0000000E+00
* ELEM  1972  circle
 2, 339, 338
*
  5.1750000E+00, 1.1695000E+01, 2.3657599E-01, 0.0000000E+00
* ELEM  1973  circle
 2, 354, 353
*
  3.5450000E+00, 1.1695000E+01, 5.1560542E-01, 0.0000000E+00
* ELEM  1974  circle
 2, 355, 354
*
  3.5450000E+00, 1.1695000E+01, 4.7315198E-01, 0.0000000E+00
* ELEM  1975  circle
 2, 356, 355
*
  3.5450000E+00, 1.1695000E+01, 3.7405949E-01, 0.0000000E+00
* ELEM  1976  circle
 2, 371, 370
*
  1.9150000E+00, 1.1695000E+01, 5.1560542E-01, 0.0000000E+00
* ELEM  1977  circle
 2, 372, 371
*
  1.9150000E+00, 1.1695000E+01, 4.7315198E-01, 0.0000000E+00
* ELEM  1978  circle
 2, 373, 372
*
  1.9150000E+00, 1.1695000E+01, 3.7405949E-01, 0.0000000E+00
* ELEM  1979  circle
 2, 388, 387
*
  1.3325000E+01, 1.0065000E+01, 5.1560542E-01, 0.0000000E+00
* ELEM  1980  circle
 2, 389, 388
*
  1.3325000E+01, 1.0065000E+01, 4.7315198E-01, 0.0000000E+00
* ELEM  1981  circle
 2, 390, 389
*
  1.3325000E+01, 1.0065000E+01, 3.7405949E-01, 0.0000000E+00
* ELEM  1982  circle
 2, 405, 404
*
  1.1695000E+01, 1.0065000E+01, 5.1560542E-01, 0.0000000E+00
* ELEM  1983  circle
 2, 406, 405
*
  1.1695000E+01, 1.0065000E+01, 4.7315198E-01, 0.0000000E+00
* ELEM  1984  circle
 2, 407, 406
*
  1.1695000E+01, 1.0065000E+01, 4.0976164E-01, 0.0000000E+00
* ELEM  1985  circle
 2, 408, 407
*
  1.1695000E+01, 1.0065000E+01, 3.3456898E-01, 0.0000000E+00
* ELEM  1986  circle
 2, 409, 408
*
  1.1695000E+01, 1.0065000E+01, 2.3657599E-01, 0.0000000E+00
* ELEM  1987  circle
 2, 424, 423
*
  1.0065000E+01, 1.0065000E+01, 5.1560542E-01, 0.0000000E+00
* ELEM  1988  circle
 2, 425, 424
*
  1.0065000E+01, 1.0065000E+01, 4.7315198E-01, 0.0000000E+00
* ELEM  1989  circle
 2, 426, 425
*
  1.0065000E+01, 1.0065000E+01, 3.7405949E-01, 0.0000000E+00
* ELEM  1990  circle
 2, 441, 440
*
  8.4350000E+00, 1.0065000E+01, 5.1560542E-01, 0.0000000E+00
* ELEM  1991  circle
 2, 442, 441
*
  8.4350000E+00, 1.0065000E+01, 4.7315198E-01, 0.0000000E+00
* ELEM  1992  circle
 2, 443, 442
*
  8.4350000E+00, 1.0065000E+01, 3.7405949E-01, 0.0000000E+00
* ELEM  1993  circle
 2, 458, 457
*
  6.8050000E+00, 1.0065000E+01, 5.1560542E-01, 0.0000000E+00
* ELEM  1994  circle
 2, 459, 458
*
  6.8050000E+00, 1.0065000E+01, 4.7315198E-01, 0.0000000E+00
* ELEM  1995  circle
 2, 460, 459
*
  6.8050000E+00, 1.0065000E+01, 3.7405949E-01, 0.0000000E+00
* ELEM  1996  circle
 2, 475, 474
*
  5.1750000E+00, 1.0065000E+01, 5.1560542E-01, 0.0000000E+00
* ELEM  1997  circle
 2, 476, 475
*
  5.1750000E+00, 1.0065000E+01, 4.7315198E-01, 0.0000000E+00
* ELEM  1998  circle
 2, 477, 476
*
  5.1750000E+00, 1.0065000E+01, 3.7405949E-01, 0.0000000E+00
* ELEM  1999  circle
 2, 492, 491
*
  3.5450000E+00, 1.0065000E+01, 5.1560542E-01, 0.0000000E+00
* ELEM  2000  circle
 2, 493, 492
*
  3.5450000E+00, 1.0065000E+01, 4.7315198E-01, 0.0000000E+00
* ELEM  2001  circle
 2, 494, 493
*
  3.5450000E+00, 1.0065000E+01, 4.0976164E-01, 0.0000000E+00
* ELEM  2002  circle
 2, 495, 494
*
  3.5450000E+00, 1.0065000E+01, 3.3456898E-01, 0.0000000E+00
* ELEM  2003  circle
 2, 496, 495
*
  3.5450000E+00, 1.0065000E+01, 2.3657599E-01, 0.0000000E+00
* ELEM  2004  circle
 2, 511, 510
*
  1.9150000E+00, 1.0065000E+01, 5.1560542E-01, 0.0000000E+00
* ELEM  2005  circle
 2, 512, 511
*
  1.9150000E+00, 1.0065000E+01, 4.7315198E-01, 0.0000000E+00
* ELEM  2006  circle
 2, 513, 512
*
  1.9150000E+00, 1.0065000E+01, 3.7405949E-01, 0.0000000E+00
* ELEM  2007  circle
 2, 528, 527
*
  1.3325000E+01, 8.4350000E+00, 5.1560542E-01, 0.0000000E+00
* ELEM  2008  circle
 2, 529, 528
*
  1.3325000E+01, 8.4350000E+00, 4.7315198E-01, 0.0000000E+00
* ELEM  2009  circle
 2, 530, 529
*
  1.3325000E+01, 8.4350000E+00, 3.7405949E-01, 0.0000000E+00
* ELEM  2010  circle
 2, 545, 544
*
  1.1695000E+01, 8.4350000E+00, 5.1560542E-01, 0.0000000E+00
* ELEM  2011  circle
 2, 546, 545
*
  1.1695000E+01, 8.4350000E+00, 4.7315198E-01, 0.0000000E+00
* ELEM  2012  circle
 2, 547, 546
*
  1.1695000E+01, 8.4350000E+00, 3.7405949E-01, 0.0000000E+00
* ELEM  2013  circle
 2, 562, 561
*
  1.0065000E+01, 8.4350000E+00, 5.1560542E-01, 0.0000000E+00
* ELEM  2014  circle
 2, 563, 562
*
  1.0065000E+01, 8.4350000E+00, 4.7315198E-01, 0.0000000E+00
* ELEM  2015  circle
 2, 564, 563
*
  1.0065000E+01, 8.4350000E+00, 3.7405949E-01, 0.0000000E+00
* ELEM  2016  circle
 2, 579, 578
*
  5.1750000E+00, 8.4350000E+00, 5.1560542E-01, 0.0000000E+00
* ELEM  2017  circle
 2, 580, 579
*
  5.1750000E+00, 8.4350000E+00, 4.7315198E-01, 0.0000000E+00
* ELEM  2018  circle
 2, 581, 580
*
  5.1750000E+00, 8.4350000E+00, 3.7405949E-01, 0.0000000E+00
* ELEM  2019  circle
 2, 596, 595
*
  3.5450000E+00, 8.4350000E+00, 5.1560542E-01, 0.0000000E+00
* ELEM  2020  circle
 2, 597, 596
*
  3.5450000E+00, 8.4350000E+00, 4.7315198E-01, 0.0000000E+00
* ELEM  2021  circle
 2, 598, 597
*
  3.5450000E+00, 8.4350000E+00, 3.7405949E-01, 0.0000000E+00
* ELEM  2022  circle
 2, 613, 612
*
  1.9150000E+00, 8.4350000E+00, 5.1560542E-01, 0.0000000E+00
* ELEM  2023  circle
 2, 614, 613
*
  1.9150000E+00, 8.4350000E+00, 4.7315198E-01, 0.0000000E+00
* ELEM  2024  circle
 2, 615, 614
*
  1.9150000E+00, 8.4350000E+00, 3.7405949E-01, 0.0000000E+00
* ELEM  2025  circle
 2, 630, 629
*
  1.3325000E+01, 6.8050000E+00, 5.1560542E-01, 0.0000000E+00
* ELEM  2026  circle
 2, 631, 630
*
  1.3325000E+01, 6.8050000E+00, 4.7315198E-01, 0.0000000E+00
* ELEM  2027  circle
 2, 632, 631
*
  1.3325000E+01, 6.8050000E+00, 3.7405949E-01, 0.0000000E+00
* ELEM  2028  circle
 2, 647, 646
*
  1.1695000E+01, 6.8050000E+00, 5.1560542E-01, 0.0000000E+00
* ELEM  2029  circle
 2, 648, 647
*
  1.1695000E+01, 6.8050000E+00, 4.7315198E-01, 0.0000000E+00
* ELEM  2030  circle
 2, 649, 648
*
  1.1695000E+01, 6.8050000E+00, 3.7405949E-01, 0.0000000E+00
* ELEM  2031  circle
 2, 664, 663
*
  1.0065000E+01, 6.8050000E+00, 5.1560542E-01, 0.0000000E+00
* ELEM  2032  circle
 2, 665, 664
*
  1.0065000E+01, 6.8050000E+00, 4.7315198E-01, 0.0000000E+00
* ELEM  2033  circle
 2, 666, 665
*
  1.0065000E+01, 6.8050000E+00, 3.7405949E-01, 0.0000000E+00
* ELEM  2034  circle
 2, 681, 680
*
  5.1750000E+00, 6.8050000E+00, 5.1560542E-01, 0.0000000E+00
* ELEM  2035  circle
 2, 682, 681
*
  5.1750000E+00, 6.8050000E+00, 4.7315198E-01, 0.0000000E+00
* ELEM  2036  circle
 2, 683, 682
*
  5.1750000E+00, 6.8050000E+00, 3.7405949E-01, 0.0000000E+00
* ELEM  2037  circle
 2, 698, 697
*
  3.5450000E+00, 6.8050000E+00, 5.1560542E-01, 0.0000000E+00
* ELEM  2038  circle
 2, 699, 698
*
  3.5450000E+00, 6.8050000E+00, 4.7315198E-01, 0.0000000E+00
* ELEM  2039  circle
 2, 700, 699
*
  3.5450000E+00, 6.8050000E+00, 3.7405949E-01, 0.0000000E+00
* ELEM  2040  circle
 2, 715, 714
*
  1.9150000E+00, 6.8050000E+00, 5.1560542E-01, 0.0000000E+00
* ELEM  2041  circle
 2, 716, 715
*
  1.9150000E+00, 6.8050000E+00, 4.7315198E-01, 0.0000000E+00
* ELEM  2042  circle
 2, 717, 716
*
  1.9150000E+00, 6.8050000E+00, 3.7405949E-01, 0.0000000E+00
* ELEM  2043  circle
 2, 732, 731
*
  1.3325000E+01, 5.1750000E+00, 5.1560542E-01, 0.0000000E+00
* ELEM  2044  circle
 2, 733, 732
*
  1.3325000E+01, 5.1750000E+00, 4.7315198E-01, 0.0000000E+00
* ELEM  2045  circle
 2, 734, 733
*
  1.3325000E+01, 5.1750000E+00, 3.7405949E-01, 0.0000000E+00
* ELEM  2046  circle
 2, 749, 748
*
  1.1695000E+01, 5.1750000E+00, 5.1560542E-01, 0.0000000E+00
* ELEM  2047  circle
 2, 750, 749
*
  1.1695000E+01, 5.1750000E+00, 4.7315198E-01, 0.0000000E+00
* ELEM  2048  circle
 2, 751, 750
*
  1.1695000E+01, 5.1750000E+00, 4.0976164E-01, 0.0000000E+00
* ELEM  2049  circle
 2, 752, 751
*
  1.1695000E+01, 5.1750000E+00, 3.3456898E-01, 0.0000000E+00
* ELEM  2050  circle
 2, 753, 752
*
  1.1695000E+01, 5.1750000E+00, 2.3657599E-01, 0.0000000E+00
* ELEM  2051  circle
 2, 768, 767
*
  1.0065000E+01, 5.1750000E+00, 5.1560542E-01, 0.0000000E+00
* ELEM  2052  circle
 2, 769, 768
*
  1.0065000E+01, 5.1750000E+00, 4.7315198E-01, 0.0000000E+00
* ELEM  2053  circle
 2, 770, 769
*
  1.0065000E+01, 5.1750000E+00, 3.7405949E-01, 0.0000000E+00
* ELEM  2054  circle
 2, 785, 784
*
  8.4350000E+00, 5.1750000E+00, 5.1560542E-01, 0.0000000E+00
* ELEM  2055  circle
 2, 786, 785
*
  8.4350000E+00, 5.1750000E+00, 4.7315198E-01, 0.0000000E+00
* ELEM  2056  circle
 2, 787, 786
*
  8.4350000E+00, 5.1750000E+00, 3.7405949E-01, 0.0000000E+00
* ELEM  2057  circle
 2, 802, 801
*
  6.8050000E+00, 5.1750000E+00, 5.1560542E-01, 0.0000000E+00
* ELEM  2058  circle
 2, 803, 802
*
  6.8050000E+00, 5.1750000E+00, 4.7315198E-01, 0.0000000E+00
* ELEM  2059  circle
 2, 804, 803
*
  6.8050000E+00, 5.1750000E+00, 3.7405949E-01, 0.0000000E+00
* ELEM  2060  circle
 2, 819, 818
*
  5.1750000E+00, 5.1750000E+00, 5.1560542E-01, 0.0000000E+00
* ELEM  2061  circle
 2, 820, 819
*
  5.1750000E+00, 5.1750000E+00, 4.7315198E-01, 0.0000000E+00
* ELEM  2062  circle
 2, 821, 820
*
  5.1750000E+00, 5.1750000E+00, 3.7405949E-01, 0.0000000E+00
* ELEM  2063  circle
 2, 836, 835
*
  3.5450000E+00, 5.1750000E+00, 5.1560542E-01, 0.0000000E+00
* ELEM  2064  circle
 2, 837, 836
*
  3.5450000E+00, 5.1750000E+00, 4.7315198E-01, 0.0000000E+00
* ELEM  2065  circle
 2, 838, 837
*
  3.5450000E+00, 5.1750000E+00, 4.0976164E-01, 0.0000000E+00
* ELEM  2066  circle
 2, 839, 838
*
  3.5450000E+00, 5.1750000E+00, 3.3456898E-01, 0.0000000E+00
* ELEM  2067  circle
 2, 840, 839
*
  3.5450000E+00, 5.1750000E+00, 2.3657599E-01, 0.0000000E+00
* ELEM  2068  circle
 2, 855, 854
*
  1.9150000E+00, 5.1750000E+00, 5.1560542E-01, 0.0000000E+00
* ELEM  2069  circle
 2, 856, 855
*
  1.9150000E+00, 5.1750000E+00, 4.7315198E-01, 0.0000000E+00
* ELEM  2070  circle
 2, 857, 856
*
  1.9150000E+00, 5.1750000E+00, 3.7405949E-01, 0.0000000E+00
* ELEM  2071  circle
 2, 872, 871
*
  1.3325000E+01, 3.5450000E+00, 5.1560542E-01, 0.0000000E+00
* ELEM  2072  circle
 2, 873, 872
*
  1.3325000E+01, 3.5450000E+00, 4.7315198E-01, 0.0000000E+00
* ELEM  2073  circle
 2, 874, 873
*
  1.3325000E+01, 3.5450000E+00, 3.7405949E-01, 0.0000000E+00
* ELEM  2074  circle
 2, 889, 888
*
  1.1695000E+01, 3.5450000E+00, 5.1560542E-01, 0.0000000E+00
* ELEM  2075  circle
 2, 890, 889
*
  1.1695000E+01, 3.5450000E+00, 4.7315198E-01, 0.0000000E+00
* ELEM  2076  circle
 2, 891, 890
*
  1.1695000E+01, 3.5450000E+00, 3.7405949E-01, 0.0000000E+00
* ELEM  2077  circle
 2, 906, 905
*
  1.0065000E+01, 3.5450000E+00, 5.1560542E-01, 0.0000000E+00
* ELEM  2078  circle
 2, 907, 906
*
  1.0065000E+01, 3.5450000E+00, 4.7315198E-01, 0.0000000E+00
* ELEM  2079  circle
 2, 908, 907
*
  1.0065000E+01, 3.5450000E+00, 4.0976164E-01, 0.0000000E+00
* ELEM  2080  circle
 2, 909, 908
*
  1.0065000E+01, 3.5450000E+00, 3.3456898E-01, 0.0000000E+00
* ELEM  2081  circle
 2, 910, 909
*
  1.0065000E+01, 3.5450000E+00, 2.3657599E-01, 0.0000000E+00
* ELEM  2082  circle
 2, 925, 924
*
  8.4350000E+00, 3.5450000E+00, 5.1560542E-01, 0.0000000E+00
* ELEM  2083  circle
 2, 926, 925
*
  8.4350000E+00, 3.5450000E+00, 4.7315198E-01, 0.0000000E+00
* ELEM  2084  circle
 2, 927, 926
*
  8.4350000E+00, 3.5450000E+00, 3.7405949E-01, 0.0000000E+00
* ELEM  2085  circle
 2, 942, 941
*
  3.5450000E+00, 3.5450000E+00, 5.1560542E-01, 0.0000000E+00
* ELEM  2086  circle
 2, 943, 942
*
  3.5450000E+00, 3.5450000E+00, 4.7315198E-01, 0.0000000E+00
* ELEM  2087  circle
 2, 944, 943
*
  3.5450000E+00, 3.5450000E+00, 3.7405949E-01, 0.0000000E+00
* ELEM  2088  circle
 2, 959, 958
*
  1.9150000E+00, 3.5450000E+00, 5.1560542E-01, 0.0000000E+00
* ELEM  2089  circle
 2, 960, 959
*
  1.9150000E+00, 3.5450000E+00, 4.7315198E-01, 0.0000000E+00
* ELEM  2090  circle
 2, 961, 960
*
  1.9150000E+00, 3.5450000E+00, 3.7405949E-01, 0.0000000E+00
* ELEM  2091  circle
 2, 976, 975
*
  1.3325000E+01, 1.9150000E+00, 5.1560542E-01, 0.0000000E+00
* ELEM  2092  circle
 2, 977, 976
*
  1.3325000E+01, 1.9150000E+00, 4.7315198E-01, 0.0000000E+00
* ELEM  2093  circle
 2, 978, 977
*
  1.3325000E+01, 1.9150000E+00, 3.7405949E-01, 0.0000000E+00
* ELEM  2094  circle
 2, 993, 992
*
  1.1695000E+01, 1.9150000E+00, 5.1560542E-01, 0.0000000E+00
* ELEM  2095  circle
 2, 994, 993
*
  1.1695000E+01, 1.9150000E+00, 4.7315198E-01, 0.0000000E+00
* ELEM  2096  circle
 2, 995, 994
*
  1.1695000E+01, 1.9150000E+00, 3.7405949E-01, 0.0000000E+00
* ELEM  2097  circle
 2, 1010, 1009
*
  1.0065000E+01, 1.9150000E+00, 5.1560542E-01, 0.0000000E+00
* ELEM  2098  circle
 2, 1011, 1010
*
  1.0065000E+01, 1.9150000E+00, 4.7315198E-01, 0.0000000E+00
* ELEM  2099  circle
 2, 1012, 1011
*
  1.0065000E+01, 1.9150000E+00, 3.7405949E-01, 0.0000000E+00
* ELEM  2100  circle
 2, 1027, 1026
*
  8.4350000E+00, 1.9150000E+00, 5.1560542E-01, 0.0000000E+00
* ELEM  2101  circle
 2, 1028, 1027
*
  8.4350000E+00, 1.9150000E+00, 4.7315198E-01, 0.0000000E+00
* ELEM  2102  circle
 2, 1029, 1028
*
  8.4350000E+00, 1.9150000E+00, 3.7405949E-01, 0.0000000E+00
* ELEM  2103  circle
 2, 1044, 1043
*
  6.8050000E+00, 1.9150000E+00, 5.1560542E-01, 0.0000000E+00
* ELEM  2104  circle
 2, 1045, 1044
*
  6.8050000E+00, 1.9150000E+00, 4.7315198E-01, 0.0000000E+00
* ELEM  2105  circle
 2, 1046, 1045
*
  6.8050000E+00, 1.9150000E+00, 3.7405949E-01, 0.0000000E+00
* boundaries conditions: defaul nbbcda allsur
  0, 0, 0
* albedo
  1.0
#  1 - COOLANT
#  2 - CLAD
#  3 - MODERATOR
#  4 - UOX49_zone_4_pin_12
#  5 - UOX49_zone_3_pin_12
#  6 - UOX49_zone_2_pin_12
#  7 - UOX49_zone_1_pin_12
#  8 - UOX30G45_zone_6_pin_11
#  9 - UOX30G45_zone_5_pin_11
# 10 - UOX30G45_zone_4_pin_11
# 11 - UOX30G45_zone_3_pin_11
# 12 - UOX30G45_zone_2_pin_11
# 13 - UOX30G45_zone_1_pin_11
# 14 - UOX36_zone_4_pin_3
# 15 - UOX36_zone_3_pin_3
# 16 - UOX36_zone_2_pin_3
# 17 - UOX36_zone_1_pin_3
# 18 - UOX30_zone_4_pin_2
# 19 - UOX30_zone_3_pin_2
# 20 - UOX30_zone_2_pin_2
# 21 - UOX30_zone_1_pin_2
# 22 - UOX23_zone_4_pin_1
# 23 - UOX23_zone_3_pin_1
# 24 - UOX23_zone_2_pin_1
# 25 - UOX23_zone_1_pin_1
# 26 - UOX30_zone_4_pin_9
# 27 - UOX30_zone_3_pin_9
# 28 - UOX30_zone_2_pin_9
# 29 - UOX30_zone_1_pin_9
# 30 - UOX36_zone_4_pin_16
# 31 - UOX36_zone_3_pin_16
# 32 - UOX36_zone_2_pin_16
# 33 - UOX36_zone_1_pin_16
# 34 - UOX36_zone_4_pin_22
# 35 - UOX36_zone_3_pin_22
# 36 - UOX36_zone_2_pin_22
# 37 - UOX36_zone_1_pin_22
# 38 - UOX36_zone_4_pin_25
# 39 - UOX36_zone_3_pin_25
# 40 - UOX36_zone_2_pin_25
# 41 - UOX36_zone_1_pin_25
# 42 - UOX36_zone_4_pin_28
# 43 - UOX36_zone_3_pin_28
# 44 - UOX36_zone_2_pin_28
# 45 - UOX36_zone_1_pin_28
# 46 - UOX30_zone_4_pin_31
# 47 - UOX30_zone_3_pin_31
# 48 - UOX30_zone_2_pin_31
# 49 - UOX30_zone_1_pin_31
# 50 - UOX23_zone_4_pin_33
# 51 - UOX23_zone_3_pin_33
# 52 - UOX23_zone_2_pin_33
# 53 - UOX23_zone_1_pin_33
# 54 - UOX36_zone_4_pin_10
# 55 - UOX36_zone_3_pin_10
# 56 - UOX36_zone_2_pin_10
# 57 - UOX36_zone_1_pin_10
# 58 - UOX30G45_zone_6_pin_17
# 59 - UOX30G45_zone_5_pin_17
# 60 - UOX30G45_zone_4_pin_17
# 61 - UOX30G45_zone_3_pin_17
# 62 - UOX30G45_zone_2_pin_17
# 63 - UOX30G45_zone_1_pin_17
# 64 - UOX49_zone_4_pin_23
# 65 - UOX49_zone_3_pin_23
# 66 - UOX49_zone_2_pin_23
# 67 - UOX49_zone_1_pin_23
# 68 - UOX49_zone_4_pin_26
# 69 - UOX49_zone_3_pin_26
# 70 - UOX49_zone_2_pin_26
# 71 - UOX49_zone_1_pin_26
# 72 - UOX30G45_zone_6_pin_29
# 73 - UOX30G45_zone_5_pin_29
# 74 - UOX30G45_zone_4_pin_29
# 75 - UOX30G45_zone_3_pin_29
# 76 - UOX30G45_zone_2_pin_29
# 77 - UOX30G45_zone_1_pin_29
# 78 - UOX36_zone_4_pin_32
# 79 - UOX36_zone_3_pin_32
# 80 - UOX36_zone_2_pin_32
# 81 - UOX36_zone_1_pin_32
# 82 - UOX49_zone_4_pin_18
# 83 - UOX49_zone_3_pin_18
# 84 - UOX49_zone_2_pin_18
# 85 - UOX49_zone_1_pin_18
# 86 - UOX49_zone_4_pin_24
# 87 - UOX49_zone_3_pin_24
# 88 - UOX49_zone_2_pin_24
# 89 - UOX49_zone_1_pin_24
# 90 - UOX49_zone_4_pin_27
# 91 - UOX49_zone_3_pin_27
# 92 - UOX49_zone_2_pin_27
# 93 - UOX49_zone_1_pin_27
# 94 - UOX49_zone_4_pin_30
# 95 - UOX49_zone_3_pin_30
# 96 - UOX49_zone_2_pin_30
# 97 - UOX49_zone_1_pin_30
# 98 - UOX36_zone_4_pin_4
# 99 - UOX36_zone_3_pin_4
# 100 - UOX36_zone_2_pin_4
# 101 - UOX36_zone_1_pin_4
# 102 - UOX49_zone_4_pin_19
# 103 - UOX49_zone_3_pin_19
# 104 - UOX49_zone_2_pin_19
# 105 - UOX49_zone_1_pin_19
# 106 - UOX36_zone_4_pin_5
# 107 - UOX36_zone_3_pin_5
# 108 - UOX36_zone_2_pin_5
# 109 - UOX36_zone_1_pin_5
# 110 - UOX49_zone_4_pin_13
# 111 - UOX49_zone_3_pin_13
# 112 - UOX49_zone_2_pin_13
# 113 - UOX49_zone_1_pin_13
# 114 - UOX49_zone_4_pin_20
# 115 - UOX49_zone_3_pin_20
# 116 - UOX49_zone_2_pin_20
# 117 - UOX49_zone_1_pin_20
# 118 - UOX36_zone_4_pin_6
# 119 - UOX36_zone_3_pin_6
# 120 - UOX36_zone_2_pin_6
# 121 - UOX36_zone_1_pin_6
# 122 - UOX30G45_zone_6_pin_14
# 123 - UOX30G45_zone_5_pin_14
# 124 - UOX30G45_zone_4_pin_14
# 125 - UOX30G45_zone_3_pin_14
# 126 - UOX30G45_zone_2_pin_14
# 127 - UOX30G45_zone_1_pin_14
# 128 - UOX49_zone_4_pin_21
# 129 - UOX49_zone_3_pin_21
# 130 - UOX49_zone_2_pin_21
# 131 - UOX49_zone_1_pin_21
# 132 - UOX30_zone_4_pin_7
# 133 - UOX30_zone_3_pin_7
# 134 - UOX30_zone_2_pin_7
# 135 - UOX30_zone_1_pin_7
# 136 - UOX36_zone_4_pin_15
# 137 - UOX36_zone_3_pin_15
# 138 - UOX36_zone_2_pin_15
# 139 - UOX36_zone_1_pin_15
# 140 - UOX23_zone_4_pin_8
# 141 - UOX23_zone_3_pin_8
# 142 - UOX23_zone_2_pin_8
# 143 - UOX23_zone_1_pin_8
# 144 - CHANNEL_BOX
* medium number per region
  1
  1
  1
  1
  1
  1
  1
  1
  2
  3
  1
  1
  1
  1
  1
  1
  1
  1
  1
  1
  1
  1
  2
  4
  5
  6
  7
  1
  1
  1
  1
  1
  1
  1
  1
  1
  1
  1
  1
  2
  8
  9
  10
  11
  12
  13
  1
  1
  1
  1
  1
  1
  1
  1
  1
  1
  1
  1
  2
  14
  15
  16
  17
  1
  1
  1
  1
  1
  1
  1
  1
  1
  1
  1
  1
  2
  18
  19
  20
  21
  1
  1
  1
  1
  1
  1
  1
  1
  1
  1
  1
  1
  2
  22
  23
  24
  25
  1
  1
  1
  1
  1
  1
  1
  1
  1
  1
  1
  1
  2
  22
  23
  24
  25
  1
  1
  1
  1
  1
  1
  1
  1
  1
  1
  1
  1
  2
  26
  27
  28
  29
  1
  1
  1
  1
  1
  1
  1
  1
  1
  1
  1
  1
  2
  30
  31
  32
  33
  1
  1
  1
  1
  1
  1
  1
  1
  1
  1
  1
  1
  2
  34
  35
  36
  37
  1
  1
  1
  1
  1
  1
  1
  1
  1
  1
  1
  1
  2
  38
  39
  40
  41
  1
  1
  1
  1
  1
  1
  1
  1
  1
  1
  1
  1
  2
  42
  43
  44
  45
  1
  1
  1
  1
  1
  1
  1
  1
  1
  1
  1
  1
  2
  46
  47
  48
  49
  1
  1
  1
  1
  1
  1
  1
  1
  1
  1
  1
  1
  2
  50
  51
  52
  53
  1
  1
  1
  1
  1
  1
  1
  1
  1
  1
  1
  1
  2
  18
  19
  20
  21
  1
  1
  1
  1
  1
  1
  1
  1
  1
  1
  1
  1
  2
  54
  55
  56
  57
  1
  1
  1
  1
  1
  1
  1
  1
  1
  1
  1
  1
  2
  58
  59
  60
  61
  62
  63
  1
  1
  1
  1
  1
  1
  1
  1
  1
  1
  1
  1
  2
  64
  65
  66
  67
  1
  1
  1
  1
  1
  1
  1
  1
  1
  1
  1
  1
  2
  68
  69
  70
  71
  1
  1
  1
  1
  1
  1
  1
  1
  1
  1
  1
  1
  2
  72
  73
  74
  75
  76
  77
  1
  1
  1
  1
  1
  1
  1
  1
  1
  1
  1
  1
  2
  78
  79
  80
  81
  1
  1
  1
  1
  1
  1
  1
  1
  1
  1
  1
  1
  2
  46
  47
  48
  49
  1
  1
  1
  1
  1
  1
  1
  1
  1
  1
  1
  1
  2
  14
  15
  16
  17
  1
  1
  1
  1
  1
  1
  1
  1
  1
  1
  1
  1
  2
  8
  9
  10
  11
  12
  13
  1
  1
  1
  1
  1
  1
  1
  1
  1
  1
  1
  1
  2
  82
  83
  84
  85
  1
  1
  1
  1
  1
  1
  1
  1
  1
  1
  1
  1
  2
  86
  87
  88
  89
  1
  1
  1
  1
  1
  1
  1
  1
  1
  1
  1
  1
  2
  90
  91
  92
  93
  1
  1
  1
  1
  1
  1
  1
  1
  1
  1
  1
  1
  2
  94
  95
  96
  97
  1
  1
  1
  1
  1
  1
  1
  1
  1
  1
  1
  1
  2
  72
  73
  74
  75
  76
  77
  1
  1
  1
  1
  1
  1
  1
  1
  1
  1
  1
  1
  2
  42
  43
  44
  45
  1
  1
  1
  1
  1
  1
  1
  1
  1
  1
  1
  1
  2
  98
  99
  100
  101
  1
  1
  1
  1
  1
  1
  1
  1
  1
  1
  1
  1
  2
  4
  5
  6
  7
  1
  1
  1
  1
  1
  1
  1
  1
  1
  1
  1
  1
  2
  102
  103
  104
  105
  1
  1
  1
  1
  1
  1
  1
  1
  1
  1
  1
  1
  2
  90
  91
  92
  93
  1
  1
  1
  1
  1
  1
  1
  1
  1
  1
  1
  1
  2
  68
  69
  70
  71
  1
  1
  1
  1
  1
  1
  1
  1
  1
  1
  1
  1
  2
  38
  39
  40
  41
  1
  1
  1
  1
  1
  1
  1
  1
  1
  1
  1
  1
  2
  106
  107
  108
  109
  1
  1
  1
  1
  1
  1
  1
  1
  1
  1
  1
  1
  2
  110
  111
  112
  113
  1
  1
  1
  1
  1
  1
  1
  1
  1
  1
  1
  1
  2
  114
  115
  116
  117
  1
  1
  1
  1
  1
  1
  1
  1
  1
  1
  1
  1
  2
  86
  87
  88
  89
  1
  1
  1
  1
  1
  1
  1
  1
  1
  1
  1
  1
  2
  64
  65
  66
  67
  1
  1
  1
  1
  1
  1
  1
  1
  1
  1
  1
  1
  2
  34
  35
  36
  37
  1
  1
  1
  1
  1
  1
  1
  1
  1
  1
  1
  1
  2
  118
  119
  120
  121
  1
  1
  1
  1
  1
  1
  1
  1
  1
  1
  1
  1
  2
  122
  123
  124
  125
  126
  127
  1
  1
  1
  1
  1
  1
  1
  1
  1
  1
  1
  1
  2
  128
  129
  130
  131
  1
  1
  1
  1
  1
  1
  1
  1
  1
  1
  1
  1
  2
  114
  115
  116
  117
  1
  1
  1
  1
  1
  1
  1
  1
  1
  1
  1
  1
  2
  102
  103
  104
  105
  1
  1
  1
  1
  1
  1
  1
  1
  1
  1
  1
  1
  2
  82
  83
  84
  85
  1
  1
  1
  1
  1
  1
  1
  1
  1
  1
  1
  1
  2
  58
  59
  60
  61
  62
  63
  1
  1
  1
  1
  1
  1
  1
  1
  1
  1
  1
  1
  2
  30
  31
  32
  33
  1
  1
  1
  1
  1
  1
  1
  1
  1
  1
  1
  1
  2
  132
  133
  134
  135
  1
  1
  1
  1
  1
  1
  1
  1
  1
  1
  1
  1
  2
  136
  137
  138
  139
  1
  1
  1
  1
  1
  1
  1
  1
  1
  1
  1
  1
  2
  122
  123
  124
  125
  126
  127
  1
  1
  1
  1
  1
  1
  1
  1
  1
  1
  1
  1
  2
  110
  111
  112
  113
  1
  1
  1
  1
  1
  1
  1
  1
  1
  1
  1
  1
  2
  54
  55
  56
  57
  1
  1
  1
  1
  1
  1
  1
  1
  1
  1
  1
  1
  2
  26
  27
  28
  29
  1
  1
  1
  1
  1
  1
  1
  1
  1
  1
  1
  1
  2
  140
  141
  142
  143
  1
  1
  1
  1
  1
  1
  1
  1
  1
  1
  1
  1
  2
  132
  133
  134
  135
  1
  1
  1
  1
  1
  1
  1
  1
  1
  1
  1
  1
  2
  118
  119
  120
  121
  1
  1
  1
  1
  1
  1
  1
  1
  1
  1
  1
  1
  2
  106
  107
  108
  109
  1
  1
  1
  1
  1
  1
  1
  1
  1
  1
  1
  1
  2
  98
  99
  100
  101
  3
  3
  3
  3
  3
  3
  3
  3
  3
  3
  3
  3
  3
  3
  3
  3
  3
  3
  3
  3
  3
  3
  3
  3
  3
  3
  3
  3
  3
  3
  3
  3
  3
  3
  3
  3
  144
  144
  144
  144
  144
  144
  144
  144
  144
  144
  144
  144
  144
  144
  144
  144
  144
  144
  144
  144
  144
  144
  144
  144
  144
  144
  144
  144
  144
  144
  144
  144
  144
  144
  144
  144
------------------------------------------------------------
   this is the last line generated by conversion
