
	dat input file for DRAGON5
------------------------------------------------------------


* typge, nbfo, node, elem, macr, nreg,    z, mac2
      1,    3,  1027,  2043,    75, 1027,     0,     1
* index  kindex
      0       0  1
*     eps    eps0
  1.000000E-05   1.000000E-05
*   flux region number per geometry region (mesh)
   1,   2,   3,   4,   5,   6,   7,   8,   9,  10,  11,  12,
  13,  14,  15,  16,  17,  18,  19,  20,  21,  22,  23,  24,
  25,  26,  27,  28,  29,  30,  31,  32,  33,  34,  35,  36,
  37,  38,  39,  40,  41,  42,  43,  44,  45,  46,  47,  48,
  49,  50,  51,  52,  53,  54,  55,  56,  57,  58,  59,  60,
  61,  62,  63,  64,  65,  66,  67,  68,  69,  70,  71,  72,
  73,  74,  75,  76,  77,  78,  79,  80,  81,  82,  83,  84,
  85,  86,  87,  88,  89,  90,  91,  92,  93,  94,  95,  96,
  97,  98,  99, 100, 101, 102, 103, 104, 105, 106, 107, 108,
 109, 110, 111, 112, 113, 114, 115, 116, 117, 118, 119, 120,
 121, 122, 123, 124, 125, 126, 127, 128, 129, 130, 131, 132,
 133, 134, 135, 136, 137, 138, 139, 140, 141, 142, 143, 144,
 145, 146, 147, 148, 149, 150, 151, 152, 153, 154, 155, 156,
 157, 158, 159, 160, 161, 162, 163, 164, 165, 166, 167, 168,
 169, 170, 171, 172, 173, 174, 175, 176, 177, 178, 179, 180,
 181, 182, 183, 184, 185, 186, 187, 188, 189, 190, 191, 192,
 193, 194, 195, 196, 197, 198, 199, 200, 201, 202, 203, 204,
 205, 206, 207, 208, 209, 210, 211, 212, 213, 214, 215, 216,
 217, 218, 219, 220, 221, 222, 223, 224, 225, 226, 227, 228,
 229, 230, 231, 232, 233, 234, 235, 236, 237, 238, 239, 240,
 241, 242, 243, 244, 245, 246, 247, 248, 249, 250, 251, 252,
 253, 254, 255, 256, 257, 258, 259, 260, 261, 262, 263, 264,
 265, 266, 267, 268, 269, 270, 271, 272, 273, 274, 275, 276,
 277, 278, 279, 280, 281, 282, 283, 284, 285, 286, 287, 288,
 289, 290, 291, 292, 293, 294, 295, 296, 297, 298, 299, 300,
 301, 302, 303, 304, 305, 306, 307, 308, 309, 310, 311, 312,
 313, 314, 315, 316, 317, 318, 319, 320, 321, 322, 323, 324,
 325, 326, 327, 328, 329, 330, 331, 332, 333, 334, 335, 336,
 337, 338, 339, 340, 341, 342, 343, 344, 345, 346, 347, 348,
 349, 350, 351, 352, 353, 354, 355, 356, 357, 358, 359, 360,
 361, 362, 363, 364, 365, 366, 367, 368, 369, 370, 371, 372,
 373, 374, 375, 376, 377, 378, 379, 380, 381, 382, 383, 384,
 385, 386, 387, 388, 389, 390, 391, 392, 393, 394, 395, 396,
 397, 398, 399, 400, 401, 402, 403, 404, 405, 406, 407, 408,
 409, 410, 411, 412, 413, 414, 415, 416, 417, 418, 419, 420,
 421, 422, 423, 424, 425, 426, 427, 428, 429, 430, 431, 432,
 433, 434, 435, 436, 437, 438, 439, 440, 441, 442, 443, 444,
 445, 446, 447, 448, 449, 450, 451, 452, 453, 454, 455, 456,
 457, 458, 459, 460, 461, 462, 463, 464, 465, 466, 467, 468,
 469, 470, 471, 472, 473, 474, 475, 476, 477, 478, 479, 480,
 481, 482, 483, 484, 485, 486, 487, 488, 489, 490, 491, 492,
 493, 494, 495, 496, 497, 498, 499, 500, 501, 502, 503, 504,
 505, 506, 507, 508, 509, 510, 511, 512, 513, 514, 515, 516,
 517, 518, 519, 520, 521, 522, 523, 524, 525, 526, 527, 528,
 529, 530, 531, 532, 533, 534, 535, 536, 537, 538, 539, 540,
 541, 542, 543, 544, 545, 546, 547, 548, 549, 550, 551, 552,
 553, 554, 555, 556, 557, 558, 559, 560, 561, 562, 563, 564,
 565, 566, 567, 568, 569, 570, 571, 572, 573, 574, 575, 576,
 577, 578, 579, 580, 581, 582, 583, 584, 585, 586, 587, 588,
 589, 590, 591, 592, 593, 594, 595, 596, 597, 598, 599, 600,
 601, 602, 603, 604, 605, 606, 607, 608, 609, 610, 611, 612,
 613, 614, 615, 616, 617, 618, 619, 620, 621, 622, 623, 624,
 625, 626, 627, 628, 629, 630, 631, 632, 633, 634, 635, 636,
 637, 638, 639, 640, 641, 642, 643, 644, 645, 646, 647, 648,
 649, 650, 651, 652, 653, 654, 655, 656, 657, 658, 659, 660,
 661, 662, 663, 664, 665, 666, 667, 668, 669, 670, 671, 672,
 673, 674, 675, 676, 677, 678, 679, 680, 681, 682, 683, 684,
 685, 686, 687, 688, 689, 690, 691, 692, 693, 694, 695, 696,
 697, 698, 699, 700, 701, 702, 703, 704, 705, 706, 707, 708,
 709, 710, 711, 712, 713, 714, 715, 716, 717, 718, 719, 720,
 721, 722, 723, 724, 725, 726, 727, 728, 729, 730, 731, 732,
 733, 734, 735, 736, 737, 738, 739, 740, 741, 742, 743, 744,
 745, 746, 747, 748, 749, 750, 751, 752, 753, 754, 755, 756,
 757, 758, 759, 760, 761, 762, 763, 764, 765, 766, 767, 768,
 769, 770, 771, 772, 773, 774, 775, 776, 777, 778, 779, 780,
 781, 782, 783, 784, 785, 786, 787, 788, 789, 790, 791, 792,
 793, 794, 795, 796, 797, 798, 799, 800, 801, 802, 803, 804,
 805, 806, 807, 808, 809, 810, 811, 812, 813, 814, 815, 816,
 817, 818, 819, 820, 821, 822, 823, 824, 825, 826, 827, 828,
 829, 830, 831, 832, 833, 834, 835, 836, 837, 838, 839, 840,
 841, 842, 843, 844, 845, 846, 847, 848, 849, 850, 851, 852,
 853, 854, 855, 856, 857, 858, 859, 860, 861, 862, 863, 864,
 865, 866, 867, 868, 869, 870, 871, 872, 873, 874, 875, 876,
 877, 878, 879, 880, 881, 882, 883, 884, 885, 886, 887, 888,
 889, 890, 891, 892, 893, 894, 895, 896, 897, 898, 899, 900,
 901, 902, 903, 904, 905, 906, 907, 908, 909, 910, 911, 912,
 913, 914, 915, 916, 917, 918, 919, 920, 921, 922, 923, 924,
 925, 926, 927, 928, 929, 930, 931, 932, 933, 934, 935, 936,
 937, 938, 939, 940, 941, 942, 943, 944, 945, 946, 947, 948,
 949, 950, 951, 952, 953, 954, 955, 956, 957, 958, 959, 960,
 961, 962, 963, 964, 965, 966, 967, 968, 969, 970, 971, 972,
 973, 974, 975, 976, 977, 978, 979, 980, 981, 982, 983, 984,
 985, 986, 987, 988, 989, 990, 991, 992, 993, 994, 995, 996,
 997, 998, 999, 1000, 1001, 1002, 1003, 1004, 1005, 1006, 1007, 1008,
 1009, 1010, 1011, 1012, 1013, 1014, 1015, 1016, 1017, 1018, 1019, 1020,
 1021, 1022, 1023, 1024, 1025, 1026, 1027
*   names of macros
 MACRO04 MACRO05 MACRO06 MACRO07
 MACRO08 MACRO09 MACRO11 MACRO12
 MACRO13 MACRO16 MACRO18 MACRO19
 MACRO25 MACRO26 MACRO27 MACRO28
 MACRO34 MACRO37 MACRO38 MACRO39
 MACRO44 MACRO47 MACRO48 MACRO49
 MACRO55 MACRO56 MACRO57 MACRO58
 MACRO59 MACRO66 MACRO67 MACRO68
 MACRO69 MACRO77 MACRO78 MACRO79
 MACRO88 MACRO89 MACRO99 MACRO00
 MACRO01 MACRO02 MACRO03 MACRO14
 MACRO15 MACRO17 MACRO22 MACRO23
 MACRO24 MACRO29 MACRO33 MACRO_WaterRod_1
 BOT_1   BOT_2   BOT_3   BOT_4  
 BOT_5   BOT_6   BOT_7   BOT_8  
 BOT_9   BOT_10  RIGHT_1 RIGHT_2
 RIGHT_3 RIGHT_4 RIGHT_5 RIGHT_6
 RIGHT_7 RIGHT_8 RIGHT_9 RIGHT_10
 CORNER_BL CORNER_BR CORNER_TR
*   macro order number per flux region
  1,  1,  1,  1,  1,  1,  1,  1,  1,  1,  1,  1,
  1,  1,  1,  1,  1,  1,  2,  2,  2,  2,  2,  2,
  2,  2,  2,  2,  2,  2,  2,  2,  2,  2,  2,  2,
  3,  3,  3,  3,  3,  3,  3,  3,  3,  3,  3,  3,
  3,  3,  3,  3,  3,  3,  4,  4,  4,  4,  4,  4,
  4,  4,  4,  4,  4,  4,  4,  4,  4,  4,  4,  4,
  5,  5,  5,  5,  5,  5,  5,  5,  5,  5,  5,  5,
  5,  5,  5,  5,  5,  5,  6,  6,  6,  6,  6,  6,
  6,  6,  6,  6,  6,  6,  6,  6,  6,  6,  6,  6,
  7,  7,  7,  7,  7,  7,  7,  7,  7,  7,  7,  7,
  7,  7,  8,  8,  8,  8,  8,  8,  8,  8,  8,  8,
  8,  8,  8,  8,  8,  8,  8,  8,  9,  9,  9,  9,
  9,  9,  9,  9,  9,  9,  9,  9,  9,  9,  9,  9,
  9,  9, 10, 10, 10, 10, 10, 10, 10, 10, 10, 10,
 10, 10, 10, 10, 10, 10, 10, 10, 11, 11, 11, 11,
 11, 11, 11, 11, 11, 11, 11, 11, 11, 11, 11, 11,
 11, 11, 12, 12, 12, 12, 12, 12, 12, 12, 12, 12,
 12, 12, 12, 12, 12, 12, 12, 12, 13, 13, 13, 13,
 13, 13, 13, 13, 13, 13, 13, 13, 13, 13, 13, 13,
 13, 13, 14, 14, 14, 14, 14, 14, 14, 14, 14, 14,
 14, 14, 14, 14, 14, 14, 14, 14, 14, 14, 14, 14,
 14, 14, 14, 15, 15, 15, 15, 15, 15, 15, 15, 15,
 15, 15, 15, 15, 15, 15, 15, 15, 15, 16, 16, 16,
 16, 16, 16, 16, 16, 16, 16, 16, 16, 16, 16, 16,
 16, 16, 16, 16, 16, 16, 16, 16, 16, 16, 17, 17,
 17, 17, 17, 17, 17, 17, 17, 17, 17, 17, 17, 17,
 17, 17, 17, 17, 18, 18, 18, 18, 18, 18, 18, 18,
 18, 18, 18, 18, 18, 18, 18, 18, 18, 18, 19, 19,
 19, 19, 19, 19, 19, 19, 19, 19, 19, 19, 19, 19,
 19, 19, 19, 19, 20, 20, 20, 20, 20, 20, 20, 20,
 20, 20, 20, 20, 20, 20, 20, 20, 20, 20, 21, 21,
 21, 21, 21, 21, 21, 21, 21, 21, 21, 21, 21, 21,
 22, 22, 22, 22, 22, 22, 22, 22, 22, 22, 22, 22,
 22, 22, 22, 22, 22, 22, 23, 23, 23, 23, 23, 23,
 23, 23, 23, 23, 23, 23, 23, 23, 23, 23, 23, 23,
 24, 24, 24, 24, 24, 24, 24, 24, 24, 24, 24, 24,
 24, 24, 24, 24, 24, 24, 25, 25, 25, 25, 25, 25,
 25, 25, 25, 25, 25, 25, 25, 25, 26, 26, 26, 26,
 26, 26, 26, 26, 26, 26, 26, 26, 26, 26, 26, 26,
 26, 26, 27, 27, 27, 27, 27, 27, 27, 27, 27, 27,
 27, 27, 27, 27, 27, 27, 27, 27, 28, 28, 28, 28,
 28, 28, 28, 28, 28, 28, 28, 28, 28, 28, 28, 28,
 28, 28, 28, 28, 28, 28, 28, 28, 28, 29, 29, 29,
 29, 29, 29, 29, 29, 29, 29, 29, 29, 29, 29, 29,
 29, 29, 29, 30, 30, 30, 30, 30, 30, 30, 30, 30,
 30, 30, 30, 30, 30, 31, 31, 31, 31, 31, 31, 31,
 31, 31, 31, 31, 31, 31, 31, 31, 31, 31, 31, 31,
 31, 31, 31, 31, 31, 31, 32, 32, 32, 32, 32, 32,
 32, 32, 32, 32, 32, 32, 32, 32, 32, 32, 32, 32,
 33, 33, 33, 33, 33, 33, 33, 33, 33, 33, 33, 33,
 33, 33, 33, 33, 33, 33, 34, 34, 34, 34, 34, 34,
 34, 34, 34, 34, 34, 34, 34, 34, 35, 35, 35, 35,
 35, 35, 35, 35, 35, 35, 35, 35, 35, 35, 35, 35,
 35, 35, 35, 35, 35, 35, 35, 35, 35, 36, 36, 36,
 36, 36, 36, 36, 36, 36, 36, 36, 36, 36, 36, 36,
 36, 36, 36, 37, 37, 37, 37, 37, 37, 37, 37, 37,
 37, 37, 37, 37, 37, 38, 38, 38, 38, 38, 38, 38,
 38, 38, 38, 38, 38, 38, 38, 38, 38, 38, 38, 39,
 39, 39, 39, 39, 39, 39, 39, 39, 39, 39, 39, 39,
 39, 40, 40, 40, 40, 40, 40, 40, 40, 40, 40, 40,
 40, 40, 40, 41, 41, 41, 41, 41, 41, 41, 41, 41,
 41, 41, 41, 41, 41, 41, 41, 41, 41, 42, 42, 42,
 42, 42, 42, 42, 42, 42, 42, 42, 42, 42, 42, 42,
 42, 42, 42, 43, 43, 43, 43, 43, 43, 43, 43, 43,
 43, 43, 43, 43, 43, 43, 43, 43, 43, 44, 44, 44,
 44, 44, 44, 44, 44, 44, 44, 44, 44, 44, 44, 44,
 44, 44, 44, 45, 45, 45, 45, 45, 45, 45, 45, 45,
 45, 45, 45, 45, 45, 45, 45, 45, 45, 45, 45, 45,
 45, 45, 45, 45, 46, 46, 46, 46, 46, 46, 46, 46,
 46, 46, 46, 46, 46, 46, 46, 46, 46, 46, 46, 46,
 46, 46, 46, 46, 46, 47, 47, 47, 47, 47, 47, 47,
 47, 47, 47, 47, 47, 47, 47, 47, 47, 47, 47, 47,
 47, 47, 48, 48, 48, 48, 48, 48, 48, 48, 48, 48,
 48, 48, 48, 48, 48, 48, 48, 48, 49, 49, 49, 49,
 49, 49, 49, 49, 49, 49, 49, 49, 49, 49, 49, 49,
 49, 49, 49, 49, 49, 49, 49, 49, 49, 50, 50, 50,
 50, 50, 50, 50, 50, 50, 50, 50, 50, 50, 50, 50,
 50, 50, 50, 51, 51, 51, 51, 51, 51, 51, 51, 51,
 51, 51, 51, 51, 51, 51, 51, 51, 51, 51, 51, 51,
 52, 52, 52, 52, 52, 52, 52, 52, 52, 52, 53, 53,
 53, 54, 54, 54, 55, 55, 55, 56, 56, 56, 57, 57,
 57, 58, 58, 58, 59, 59, 59, 60, 60, 60, 61, 61,
 61, 62, 62, 62, 63, 63, 63, 64, 64, 64, 65, 65,
 65, 66, 66, 66, 67, 67, 67, 68, 68, 68, 69, 69,
 69, 70, 70, 70, 71, 71, 71, 72, 72, 72, 73, 73,
 74, 74, 75, 75, 40,  6, 39
   elements
* ELEM  1  line segment
 1, 764, 1
*
  6.3200000E+00, 1.5007612E+00, 0.0000000E+00, -3.8076118E-01
* ELEM  2  line segment
 1, 1, 3
*
  6.3200000E+00, 1.5007612E+00, 3.8076118E-01, -3.8076118E-01
* ELEM  3  line segment
 1, 971, 1
*
  6.3200000E+00, 1.1200000E+00, 3.8076118E-01, 0.0000000E+00
* ELEM  4  line segment
 1, 3, 2
*
  6.7729180E+00, 1.2942020E+00, -7.2156848E-02, -1.7420204E-01
* ELEM  5  circular arc
 3, 13, 2
*
  6.9700000E+00, 1.7700000E+00, 5.1500000E-01, 2.4750000E+02, 4.5000000E+01
* ELEM  6  line segment
 1, 2, 6
*
  7.1670820E+00, 1.2942020E+00, 7.2156848E-02, -1.7420204E-01
* ELEM  7  line segment
 1, 971, 2
*
  6.7007612E+00, 1.1200000E+00, 5.3847763E-01, 0.0000000E+00
* ELEM  8  line segment
 1, 4, 3
*
  6.4942020E+00, 1.5729180E+00, -1.7420204E-01, -7.2156848E-02
* ELEM  9  circular arc
 3, 13, 3
*
  6.9700000E+00, 1.7700000E+00, 5.1500000E-01, 2.0250000E+02, 4.5000000E+01
* ELEM  10  line segment
 1, 768, 4
*
  6.3200000E+00, 2.0392388E+00, 0.0000000E+00, -5.3847763E-01
* ELEM  11  line segment
 1, 7, 4
*
  6.4942020E+00, 1.9670820E+00, -1.7420204E-01, 7.2156848E-02
* ELEM  12  circular arc
 3, 13, 4
*
  6.9700000E+00, 1.7700000E+00, 5.1500000E-01, 1.5750000E+02, 4.5000000E+01
* ELEM  13  line segment
 1, 5, 6
*
  7.2392388E+00, 1.1200000E+00, 3.8076118E-01, 3.8076118E-01
* ELEM  14  line segment
 1, 19, 5
*
  7.6200000E+00, 1.1200000E+00, 0.0000000E+00, 3.8076118E-01
* ELEM  15  line segment
 1, 971, 5
*
  7.2392388E+00, 1.1200000E+00, 3.8076118E-01, 0.0000000E+00
* ELEM  16  circular arc
 3, 13, 6
*
  6.9700000E+00, 1.7700000E+00, 5.1500000E-01, 2.9250000E+02, 4.5000000E+01
* ELEM  17  line segment
 1, 6, 9
*
  7.4457980E+00, 1.5729180E+00, 1.7420204E-01, -7.2156848E-02
* ELEM  18  line segment
 1, 8, 7
*
  6.7007612E+00, 2.4200000E+00, -3.8076118E-01, -3.8076118E-01
* ELEM  19  line segment
 1, 10, 7
*
  6.7729180E+00, 2.2457980E+00, -7.2156848E-02, 1.7420204E-01
* ELEM  20  circular arc
 3, 13, 7
*
  6.9700000E+00, 1.7700000E+00, 5.1500000E-01, 1.1250000E+02, 4.5000000E+01
* ELEM  21  line segment
 1, 770, 8
*
  6.3200000E+00, 2.4200000E+00, 0.0000000E+00, -3.8076118E-01
* ELEM  22  line segment
 1, 780, 8
*
  6.7007612E+00, 2.4200000E+00, -3.8076118E-01, 0.0000000E+00
* ELEM  23  circular arc
 3, 13, 9
*
  6.9700000E+00, 1.7700000E+00, 5.1500000E-01, 3.3750000E+02, 2.2500000E+01
* ELEM  24  circular arc
 3, 13, 9
*
  6.9700000E+00, 1.7700000E+00, 5.1500000E-01, 0.0000000E+00, 2.2500000E+01
* ELEM  25  line segment
 1, 9, 12
*
  7.4457980E+00, 1.9670820E+00, 1.7420204E-01, 7.2156848E-02
* ELEM  26  line segment
 1, 22, 9
*
  7.6200000E+00, 1.5007612E+00, 0.0000000E+00, 5.3847763E-01
* ELEM  27  line segment
 1, 778, 10
*
  7.2392388E+00, 2.4200000E+00, -5.3847763E-01, 0.0000000E+00
* ELEM  28  line segment
 1, 12, 10
*
  7.1670820E+00, 2.2457980E+00, 7.2156848E-02, 1.7420204E-01
* ELEM  29  circular arc
 3, 13, 10
*
  6.9700000E+00, 1.7700000E+00, 5.1500000E-01, 6.7500000E+01, 4.5000000E+01
* ELEM  30  line segment
 1, 11, 12
*
  7.6200000E+00, 2.0392388E+00, -3.8076118E-01, 3.8076118E-01
* ELEM  31  line segment
 1, 781, 11
*
  7.6200000E+00, 2.4200000E+00, -3.8076118E-01, 0.0000000E+00
* ELEM  32  line segment
 1, 26, 11
*
  7.6200000E+00, 2.0392388E+00, 0.0000000E+00, 3.8076118E-01
* ELEM  33  circular arc
 3, 13, 12
*
  6.9700000E+00, 1.7700000E+00, 5.1500000E-01, 2.2500000E+01, 4.5000000E+01
* ELEM  34  circle
 2, 14, 13
*
  6.9700000E+00, 1.7700000E+00, 4.4700000E-01, 0.0000000E+00
* ELEM  35  circle
 2, 15, 14
*
  6.9700000E+00, 1.7700000E+00, 4.3800000E-01, 0.0000000E+00
* ELEM  36  circle
 2, 16, 15
*
  6.9700000E+00, 1.7700000E+00, 4.2690959E-01, 0.0000000E+00
* ELEM  37  circle
 2, 17, 16
*
  6.9700000E+00, 1.7700000E+00, 3.9175911E-01, 0.0000000E+00
* ELEM  38  circle
 2, 18, 17
*
  6.9700000E+00, 1.7700000E+00, 3.0971277E-01, 0.0000000E+00
* ELEM  39  line segment
 1, 19, 21
*
  7.6200000E+00, 1.5007612E+00, 3.8076118E-01, -3.8076118E-01
* ELEM  40  line segment
 1, 974, 19
*
  7.6200000E+00, 1.1200000E+00, 3.8076118E-01, 0.0000000E+00
* ELEM  41  line segment
 1, 21, 20
*
  8.0729180E+00, 1.2942020E+00, -7.2156848E-02, -1.7420204E-01
* ELEM  42  circular arc
 3, 31, 20
*
  8.2700000E+00, 1.7700000E+00, 5.1500000E-01, 2.4750000E+02, 4.5000000E+01
* ELEM  43  line segment
 1, 20, 24
*
  8.4670820E+00, 1.2942020E+00, 7.2156848E-02, -1.7420204E-01
* ELEM  44  line segment
 1, 974, 20
*
  8.0007612E+00, 1.1200000E+00, 5.3847763E-01, 0.0000000E+00
* ELEM  45  line segment
 1, 22, 21
*
  7.7942020E+00, 1.5729180E+00, -1.7420204E-01, -7.2156848E-02
* ELEM  46  circular arc
 3, 31, 21
*
  8.2700000E+00, 1.7700000E+00, 5.1500000E-01, 2.0250000E+02, 4.5000000E+01
* ELEM  47  line segment
 1, 25, 22
*
  7.7942020E+00, 1.9670820E+00, -1.7420204E-01, 7.2156848E-02
* ELEM  48  circular arc
 3, 31, 22
*
  8.2700000E+00, 1.7700000E+00, 5.1500000E-01, 1.5750000E+02, 4.5000000E+01
* ELEM  49  line segment
 1, 23, 24
*
  8.5392388E+00, 1.1200000E+00, 3.8076118E-01, 3.8076118E-01
* ELEM  50  line segment
 1, 37, 23
*
  8.9200000E+00, 1.1200000E+00, 0.0000000E+00, 3.8076118E-01
* ELEM  51  line segment
 1, 974, 23
*
  8.5392388E+00, 1.1200000E+00, 3.8076118E-01, 0.0000000E+00
* ELEM  52  circular arc
 3, 31, 24
*
  8.2700000E+00, 1.7700000E+00, 5.1500000E-01, 2.9250000E+02, 4.5000000E+01
* ELEM  53  line segment
 1, 24, 27
*
  8.7457980E+00, 1.5729180E+00, 1.7420204E-01, -7.2156848E-02
* ELEM  54  line segment
 1, 26, 25
*
  8.0007612E+00, 2.4200000E+00, -3.8076118E-01, -3.8076118E-01
* ELEM  55  line segment
 1, 28, 25
*
  8.0729180E+00, 2.2457980E+00, -7.2156848E-02, 1.7420204E-01
* ELEM  56  circular arc
 3, 31, 25
*
  8.2700000E+00, 1.7700000E+00, 5.1500000E-01, 1.1250000E+02, 4.5000000E+01
* ELEM  57  line segment
 1, 798, 26
*
  8.0007612E+00, 2.4200000E+00, -3.8076118E-01, 0.0000000E+00
* ELEM  58  circular arc
 3, 31, 27
*
  8.2700000E+00, 1.7700000E+00, 5.1500000E-01, 3.3750000E+02, 2.2500000E+01
* ELEM  59  circular arc
 3, 31, 27
*
  8.2700000E+00, 1.7700000E+00, 5.1500000E-01, 0.0000000E+00, 2.2500000E+01
* ELEM  60  line segment
 1, 27, 30
*
  8.7457980E+00, 1.9670820E+00, 1.7420204E-01, 7.2156848E-02
* ELEM  61  line segment
 1, 40, 27
*
  8.9200000E+00, 1.5007612E+00, 0.0000000E+00, 5.3847763E-01
* ELEM  62  line segment
 1, 796, 28
*
  8.5392388E+00, 2.4200000E+00, -5.3847763E-01, 0.0000000E+00
* ELEM  63  line segment
 1, 30, 28
*
  8.4670820E+00, 2.2457980E+00, 7.2156848E-02, 1.7420204E-01
* ELEM  64  circular arc
 3, 31, 28
*
  8.2700000E+00, 1.7700000E+00, 5.1500000E-01, 6.7500000E+01, 4.5000000E+01
* ELEM  65  line segment
 1, 29, 30
*
  8.9200000E+00, 2.0392388E+00, -3.8076118E-01, 3.8076118E-01
* ELEM  66  line segment
 1, 799, 29
*
  8.9200000E+00, 2.4200000E+00, -3.8076118E-01, 0.0000000E+00
* ELEM  67  line segment
 1, 44, 29
*
  8.9200000E+00, 2.0392388E+00, 0.0000000E+00, 3.8076118E-01
* ELEM  68  circular arc
 3, 31, 30
*
  8.2700000E+00, 1.7700000E+00, 5.1500000E-01, 2.2500000E+01, 4.5000000E+01
* ELEM  69  circle
 2, 32, 31
*
  8.2700000E+00, 1.7700000E+00, 4.4700000E-01, 0.0000000E+00
* ELEM  70  circle
 2, 33, 32
*
  8.2700000E+00, 1.7700000E+00, 4.3800000E-01, 0.0000000E+00
* ELEM  71  circle
 2, 34, 33
*
  8.2700000E+00, 1.7700000E+00, 4.2690959E-01, 0.0000000E+00
* ELEM  72  circle
 2, 35, 34
*
  8.2700000E+00, 1.7700000E+00, 3.9175911E-01, 0.0000000E+00
* ELEM  73  circle
 2, 36, 35
*
  8.2700000E+00, 1.7700000E+00, 3.0971277E-01, 0.0000000E+00
* ELEM  74  line segment
 1, 37, 39
*
  8.9200000E+00, 1.5007612E+00, 3.8076118E-01, -3.8076118E-01
* ELEM  75  line segment
 1, 977, 37
*
  8.9200000E+00, 1.1200000E+00, 3.8076118E-01, 0.0000000E+00
* ELEM  76  line segment
 1, 39, 38
*
  9.3729180E+00, 1.2942020E+00, -7.2156848E-02, -1.7420204E-01
* ELEM  77  circular arc
 3, 49, 38
*
  9.5700000E+00, 1.7700000E+00, 5.1500000E-01, 2.4750000E+02, 4.5000000E+01
* ELEM  78  line segment
 1, 38, 42
*
  9.7670820E+00, 1.2942020E+00, 7.2156848E-02, -1.7420204E-01
* ELEM  79  line segment
 1, 977, 38
*
  9.3007612E+00, 1.1200000E+00, 5.3847763E-01, 0.0000000E+00
* ELEM  80  line segment
 1, 40, 39
*
  9.0942020E+00, 1.5729180E+00, -1.7420204E-01, -7.2156848E-02
* ELEM  81  circular arc
 3, 49, 39
*
  9.5700000E+00, 1.7700000E+00, 5.1500000E-01, 2.0250000E+02, 4.5000000E+01
* ELEM  82  line segment
 1, 43, 40
*
  9.0942020E+00, 1.9670820E+00, -1.7420204E-01, 7.2156848E-02
* ELEM  83  circular arc
 3, 49, 40
*
  9.5700000E+00, 1.7700000E+00, 5.1500000E-01, 1.5750000E+02, 4.5000000E+01
* ELEM  84  line segment
 1, 41, 42
*
  9.8392388E+00, 1.1200000E+00, 3.8076118E-01, 3.8076118E-01
* ELEM  85  line segment
 1, 55, 41
*
  1.0220000E+01, 1.1200000E+00, 0.0000000E+00, 3.8076118E-01
* ELEM  86  line segment
 1, 977, 41
*
  9.8392388E+00, 1.1200000E+00, 3.8076118E-01, 0.0000000E+00
* ELEM  87  circular arc
 3, 49, 42
*
  9.5700000E+00, 1.7700000E+00, 5.1500000E-01, 2.9250000E+02, 4.5000000E+01
* ELEM  88  line segment
 1, 42, 45
*
  1.0045798E+01, 1.5729180E+00, 1.7420204E-01, -7.2156848E-02
* ELEM  89  line segment
 1, 44, 43
*
  9.3007612E+00, 2.4200000E+00, -3.8076118E-01, -3.8076118E-01
* ELEM  90  line segment
 1, 46, 43
*
  9.3729180E+00, 2.2457980E+00, -7.2156848E-02, 1.7420204E-01
* ELEM  91  circular arc
 3, 49, 43
*
  9.5700000E+00, 1.7700000E+00, 5.1500000E-01, 1.1250000E+02, 4.5000000E+01
* ELEM  92  line segment
 1, 161, 44
*
  9.3007612E+00, 2.4200000E+00, -3.8076118E-01, 0.0000000E+00
* ELEM  93  circular arc
 3, 49, 45
*
  9.5700000E+00, 1.7700000E+00, 5.1500000E-01, 3.3750000E+02, 2.2500000E+01
* ELEM  94  circular arc
 3, 49, 45
*
  9.5700000E+00, 1.7700000E+00, 5.1500000E-01, 0.0000000E+00, 2.2500000E+01
* ELEM  95  line segment
 1, 45, 48
*
  1.0045798E+01, 1.9670820E+00, 1.7420204E-01, 7.2156848E-02
* ELEM  96  line segment
 1, 58, 45
*
  1.0220000E+01, 1.5007612E+00, 0.0000000E+00, 5.3847763E-01
* ELEM  97  line segment
 1, 159, 46
*
  9.8392388E+00, 2.4200000E+00, -5.3847763E-01, 0.0000000E+00
* ELEM  98  line segment
 1, 48, 46
*
  9.7670820E+00, 2.2457980E+00, 7.2156848E-02, 1.7420204E-01
* ELEM  99  circular arc
 3, 49, 46
*
  9.5700000E+00, 1.7700000E+00, 5.1500000E-01, 6.7500000E+01, 4.5000000E+01
* ELEM  100  line segment
 1, 47, 48
*
  1.0220000E+01, 2.0392388E+00, -3.8076118E-01, 3.8076118E-01
* ELEM  101  line segment
 1, 162, 47
*
  1.0220000E+01, 2.4200000E+00, -3.8076118E-01, 0.0000000E+00
* ELEM  102  line segment
 1, 62, 47
*
  1.0220000E+01, 2.0392388E+00, 0.0000000E+00, 3.8076118E-01
* ELEM  103  circular arc
 3, 49, 48
*
  9.5700000E+00, 1.7700000E+00, 5.1500000E-01, 2.2500000E+01, 4.5000000E+01
* ELEM  104  circle
 2, 50, 49
*
  9.5700000E+00, 1.7700000E+00, 4.4700000E-01, 0.0000000E+00
* ELEM  105  circle
 2, 51, 50
*
  9.5700000E+00, 1.7700000E+00, 4.3800000E-01, 0.0000000E+00
* ELEM  106  circle
 2, 52, 51
*
  9.5700000E+00, 1.7700000E+00, 4.2690959E-01, 0.0000000E+00
* ELEM  107  circle
 2, 53, 52
*
  9.5700000E+00, 1.7700000E+00, 3.9175911E-01, 0.0000000E+00
* ELEM  108  circle
 2, 54, 53
*
  9.5700000E+00, 1.7700000E+00, 3.0971277E-01, 0.0000000E+00
* ELEM  109  line segment
 1, 55, 57
*
  1.0220000E+01, 1.5007612E+00, 3.8076118E-01, -3.8076118E-01
* ELEM  110  line segment
 1, 980, 55
*
  1.0220000E+01, 1.1200000E+00, 3.8076118E-01, 0.0000000E+00
* ELEM  111  line segment
 1, 57, 56
*
  1.0672918E+01, 1.2942020E+00, -7.2156848E-02, -1.7420204E-01
* ELEM  112  circular arc
 3, 67, 56
*
  1.0870000E+01, 1.7700000E+00, 5.1500000E-01, 2.4750000E+02, 4.5000000E+01
* ELEM  113  line segment
 1, 56, 60
*
  1.1067082E+01, 1.2942020E+00, 7.2156848E-02, -1.7420204E-01
* ELEM  114  line segment
 1, 980, 56
*
  1.0600761E+01, 1.1200000E+00, 5.3847763E-01, 0.0000000E+00
* ELEM  115  line segment
 1, 58, 57
*
  1.0394202E+01, 1.5729180E+00, -1.7420204E-01, -7.2156848E-02
* ELEM  116  circular arc
 3, 67, 57
*
  1.0870000E+01, 1.7700000E+00, 5.1500000E-01, 2.0250000E+02, 4.5000000E+01
* ELEM  117  line segment
 1, 61, 58
*
  1.0394202E+01, 1.9670820E+00, -1.7420204E-01, 7.2156848E-02
* ELEM  118  circular arc
 3, 67, 58
*
  1.0870000E+01, 1.7700000E+00, 5.1500000E-01, 1.5750000E+02, 4.5000000E+01
* ELEM  119  line segment
 1, 59, 60
*
  1.1139239E+01, 1.1200000E+00, 3.8076118E-01, 3.8076118E-01
* ELEM  120  line segment
 1, 73, 59
*
  1.1520000E+01, 1.1200000E+00, 0.0000000E+00, 3.8076118E-01
* ELEM  121  line segment
 1, 980, 59
*
  1.1139239E+01, 1.1200000E+00, 3.8076118E-01, 0.0000000E+00
* ELEM  122  circular arc
 3, 67, 60
*
  1.0870000E+01, 1.7700000E+00, 5.1500000E-01, 2.9250000E+02, 4.5000000E+01
* ELEM  123  line segment
 1, 60, 63
*
  1.1345798E+01, 1.5729180E+00, 1.7420204E-01, -7.2156848E-02
* ELEM  124  line segment
 1, 62, 61
*
  1.0600761E+01, 2.4200000E+00, -3.8076118E-01, -3.8076118E-01
* ELEM  125  line segment
 1, 64, 61
*
  1.0672918E+01, 2.2457980E+00, -7.2156848E-02, 1.7420204E-01
* ELEM  126  circular arc
 3, 67, 61
*
  1.0870000E+01, 1.7700000E+00, 5.1500000E-01, 1.1250000E+02, 4.5000000E+01
* ELEM  127  line segment
 1, 823, 62
*
  1.0600761E+01, 2.4200000E+00, -3.8076118E-01, 0.0000000E+00
* ELEM  128  circular arc
 3, 67, 63
*
  1.0870000E+01, 1.7700000E+00, 5.1500000E-01, 3.3750000E+02, 2.2500000E+01
* ELEM  129  circular arc
 3, 67, 63
*
  1.0870000E+01, 1.7700000E+00, 5.1500000E-01, 0.0000000E+00, 2.2500000E+01
* ELEM  130  line segment
 1, 63, 66
*
  1.1345798E+01, 1.9670820E+00, 1.7420204E-01, 7.2156848E-02
* ELEM  131  line segment
 1, 76, 63
*
  1.1520000E+01, 1.5007612E+00, 0.0000000E+00, 5.3847763E-01
* ELEM  132  line segment
 1, 821, 64
*
  1.1139239E+01, 2.4200000E+00, -5.3847763E-01, 0.0000000E+00
* ELEM  133  line segment
 1, 66, 64
*
  1.1067082E+01, 2.2457980E+00, 7.2156848E-02, 1.7420204E-01
* ELEM  134  circular arc
 3, 67, 64
*
  1.0870000E+01, 1.7700000E+00, 5.1500000E-01, 6.7500000E+01, 4.5000000E+01
* ELEM  135  line segment
 1, 65, 66
*
  1.1520000E+01, 2.0392388E+00, -3.8076118E-01, 3.8076118E-01
* ELEM  136  line segment
 1, 824, 65
*
  1.1520000E+01, 2.4200000E+00, -3.8076118E-01, 0.0000000E+00
* ELEM  137  line segment
 1, 80, 65
*
  1.1520000E+01, 2.0392388E+00, 0.0000000E+00, 3.8076118E-01
* ELEM  138  circular arc
 3, 67, 66
*
  1.0870000E+01, 1.7700000E+00, 5.1500000E-01, 2.2500000E+01, 4.5000000E+01
* ELEM  139  circle
 2, 68, 67
*
  1.0870000E+01, 1.7700000E+00, 4.4700000E-01, 0.0000000E+00
* ELEM  140  circle
 2, 69, 68
*
  1.0870000E+01, 1.7700000E+00, 4.3800000E-01, 0.0000000E+00
* ELEM  141  circle
 2, 70, 69
*
  1.0870000E+01, 1.7700000E+00, 4.2690959E-01, 0.0000000E+00
* ELEM  142  circle
 2, 71, 70
*
  1.0870000E+01, 1.7700000E+00, 3.9175911E-01, 0.0000000E+00
* ELEM  143  circle
 2, 72, 71
*
  1.0870000E+01, 1.7700000E+00, 3.0971277E-01, 0.0000000E+00
* ELEM  144  line segment
 1, 73, 75
*
  1.1520000E+01, 1.5007612E+00, 3.8076118E-01, -3.8076118E-01
* ELEM  145  line segment
 1, 983, 73
*
  1.1520000E+01, 1.1200000E+00, 3.8076118E-01, 0.0000000E+00
* ELEM  146  line segment
 1, 75, 74
*
  1.1972918E+01, 1.2942020E+00, -7.2156848E-02, -1.7420204E-01
* ELEM  147  circular arc
 3, 85, 74
*
  1.2170000E+01, 1.7700000E+00, 5.1500000E-01, 2.4750000E+02, 4.5000000E+01
* ELEM  148  line segment
 1, 74, 78
*
  1.2367082E+01, 1.2942020E+00, 7.2156848E-02, -1.7420204E-01
* ELEM  149  line segment
 1, 983, 74
*
  1.1900761E+01, 1.1200000E+00, 5.3847763E-01, 0.0000000E+00
* ELEM  150  line segment
 1, 76, 75
*
  1.1694202E+01, 1.5729180E+00, -1.7420204E-01, -7.2156848E-02
* ELEM  151  circular arc
 3, 85, 75
*
  1.2170000E+01, 1.7700000E+00, 5.1500000E-01, 2.0250000E+02, 4.5000000E+01
* ELEM  152  line segment
 1, 79, 76
*
  1.1694202E+01, 1.9670820E+00, -1.7420204E-01, 7.2156848E-02
* ELEM  153  circular arc
 3, 85, 76
*
  1.2170000E+01, 1.7700000E+00, 5.1500000E-01, 1.5750000E+02, 4.5000000E+01
* ELEM  154  line segment
 1, 77, 78
*
  1.2439239E+01, 1.1200000E+00, 3.8076118E-01, 3.8076118E-01
* ELEM  155  line segment
 1, 94, 77
*
  1.2820000E+01, 1.1200000E+00, 0.0000000E+00, 3.8076118E-01
* ELEM  156  line segment
 1, 983, 77
*
  1.2439239E+01, 1.1200000E+00, 3.8076118E-01, 0.0000000E+00
* ELEM  157  circular arc
 3, 85, 78
*
  1.2170000E+01, 1.7700000E+00, 5.1500000E-01, 2.9250000E+02, 4.5000000E+01
* ELEM  158  line segment
 1, 78, 81
*
  1.2645798E+01, 1.5729180E+00, 1.7420204E-01, -7.2156848E-02
* ELEM  159  line segment
 1, 80, 79
*
  1.1900761E+01, 2.4200000E+00, -3.8076118E-01, -3.8076118E-01
* ELEM  160  line segment
 1, 82, 79
*
  1.1972918E+01, 2.2457980E+00, -7.2156848E-02, 1.7420204E-01
* ELEM  161  circular arc
 3, 85, 79
*
  1.2170000E+01, 1.7700000E+00, 5.1500000E-01, 1.1250000E+02, 4.5000000E+01
* ELEM  162  line segment
 1, 179, 80
*
  1.1900761E+01, 2.4200000E+00, -3.8076118E-01, 0.0000000E+00
* ELEM  163  circular arc
 3, 85, 81
*
  1.2170000E+01, 1.7700000E+00, 5.1500000E-01, 3.3750000E+02, 2.2500000E+01
* ELEM  164  circular arc
 3, 85, 81
*
  1.2170000E+01, 1.7700000E+00, 5.1500000E-01, 0.0000000E+00, 2.2500000E+01
* ELEM  165  line segment
 1, 81, 84
*
  1.2645798E+01, 1.9670820E+00, 1.7420204E-01, 7.2156848E-02
* ELEM  166  line segment
 1, 91, 81
*
  1.2820000E+01, 1.5007612E+00, 0.0000000E+00, 5.3847763E-01
* ELEM  167  line segment
 1, 177, 82
*
  1.2439239E+01, 2.4200000E+00, -5.3847763E-01, 0.0000000E+00
* ELEM  168  line segment
 1, 84, 82
*
  1.2367082E+01, 2.2457980E+00, 7.2156848E-02, 1.7420204E-01
* ELEM  169  circular arc
 3, 85, 82
*
  1.2170000E+01, 1.7700000E+00, 5.1500000E-01, 6.7500000E+01, 4.5000000E+01
* ELEM  170  line segment
 1, 83, 84
*
  1.2820000E+01, 2.0392388E+00, -3.8076118E-01, 3.8076118E-01
* ELEM  171  line segment
 1, 180, 83
*
  1.2820000E+01, 2.4200000E+00, -3.8076118E-01, 0.0000000E+00
* ELEM  172  line segment
 1, 93, 83
*
  1.2820000E+01, 2.0392388E+00, 0.0000000E+00, 3.8076118E-01
* ELEM  173  circular arc
 3, 85, 84
*
  1.2170000E+01, 1.7700000E+00, 5.1500000E-01, 2.2500000E+01, 4.5000000E+01
* ELEM  174  circle
 2, 86, 85
*
  1.2170000E+01, 1.7700000E+00, 4.4700000E-01, 0.0000000E+00
* ELEM  175  circle
 2, 87, 86
*
  1.2170000E+01, 1.7700000E+00, 4.3800000E-01, 0.0000000E+00
* ELEM  176  circle
 2, 88, 87
*
  1.2170000E+01, 1.7700000E+00, 4.2690959E-01, 0.0000000E+00
* ELEM  177  circle
 2, 89, 88
*
  1.2170000E+01, 1.7700000E+00, 3.9175911E-01, 0.0000000E+00
* ELEM  178  circle
 2, 90, 89
*
  1.2170000E+01, 1.7700000E+00, 3.0971277E-01, 0.0000000E+00
* ELEM  179  line segment
 1, 92, 91
*
  1.2994202E+01, 1.9670820E+00, -1.7420204E-01, 7.2156848E-02
* ELEM  180  circular arc
 3, 103, 91
*
  1.3470000E+01, 1.7700000E+00, 5.1500000E-01, 1.5750000E+02, 4.5000000E+01
* ELEM  181  line segment
 1, 91, 95
*
  1.2994202E+01, 1.5729180E+00, -1.7420204E-01, -7.2156848E-02
* ELEM  182  line segment
 1, 93, 92
*
  1.3200761E+01, 2.4200000E+00, -3.8076118E-01, -3.8076118E-01
* ELEM  183  line segment
 1, 96, 92
*
  1.3272918E+01, 2.2457980E+00, -7.2156848E-02, 1.7420204E-01
* ELEM  184  circular arc
 3, 103, 92
*
  1.3470000E+01, 1.7700000E+00, 5.1500000E-01, 1.1250000E+02, 4.5000000E+01
* ELEM  185  line segment
 1, 197, 93
*
  1.3200761E+01, 2.4200000E+00, -3.8076118E-01, 0.0000000E+00
* ELEM  186  line segment
 1, 94, 95
*
  1.2820000E+01, 1.5007612E+00, 3.8076118E-01, -3.8076118E-01
* ELEM  187  line segment
 1, 986, 94
*
  1.2820000E+01, 1.1200000E+00, 3.8076118E-01, 0.0000000E+00
* ELEM  188  circular arc
 3, 103, 95
*
  1.3470000E+01, 1.7700000E+00, 5.1500000E-01, 2.0250000E+02, 4.5000000E+01
* ELEM  189  line segment
 1, 95, 97
*
  1.3272918E+01, 1.2942020E+00, -7.2156848E-02, -1.7420204E-01
* ELEM  190  line segment
 1, 195, 96
*
  1.3739239E+01, 2.4200000E+00, -5.3847763E-01, 0.0000000E+00
* ELEM  191  line segment
 1, 98, 96
*
  1.3667082E+01, 2.2457980E+00, 7.2156848E-02, 1.7420204E-01
* ELEM  192  circular arc
 3, 103, 96
*
  1.3470000E+01, 1.7700000E+00, 5.1500000E-01, 6.7500000E+01, 4.5000000E+01
* ELEM  193  circular arc
 3, 103, 97
*
  1.3470000E+01, 1.7700000E+00, 5.1500000E-01, 2.4750000E+02, 4.5000000E+01
* ELEM  194  line segment
 1, 97, 101
*
  1.3667082E+01, 1.2942020E+00, 7.2156848E-02, -1.7420204E-01
* ELEM  195  line segment
 1, 986, 97
*
  1.3200761E+01, 1.1200000E+00, 5.3847763E-01, 0.0000000E+00
* ELEM  196  line segment
 1, 99, 98
*
  1.4120000E+01, 2.0392388E+00, -3.8076118E-01, 3.8076118E-01
* ELEM  197  line segment
 1, 102, 98
*
  1.3945798E+01, 1.9670820E+00, 1.7420204E-01, 7.2156848E-02
* ELEM  198  circular arc
 3, 103, 98
*
  1.3470000E+01, 1.7700000E+00, 5.1500000E-01, 2.2500000E+01, 4.5000000E+01
* ELEM  199  line segment
 1, 198, 99
*
  1.4120000E+01, 2.4200000E+00, -3.8076118E-01, 0.0000000E+00
* ELEM  200  line segment
 1, 989, 99
*
  1.4120000E+01, 2.0392388E+00, 0.0000000E+00, 3.8076118E-01
* ELEM  201  line segment
 1, 100, 101
*
  1.3739239E+01, 1.1200000E+00, 3.8076118E-01, 3.8076118E-01
* ELEM  202  line segment
 1, 989, 100
*
  1.4120000E+01, 1.2967824E+00, 0.0000000E+00, 2.0397883E-01
* ELEM  203  circular arc
 3, 100, 1026
*
  1.3355000E+01, 1.8850000E+00, 9.6500000E-01, 3.0755711E+02, 1.4885772E+01
* ELEM  204  line segment
 1, 986, 100
*
  1.3739239E+01, 1.1200000E+00, 2.0397883E-01, 0.0000000E+00
* ELEM  205  circular arc
 3, 103, 101
*
  1.3470000E+01, 1.7700000E+00, 5.1500000E-01, 2.9250000E+02, 4.5000000E+01
* ELEM  206  line segment
 1, 101, 102
*
  1.3945798E+01, 1.5729180E+00, 1.7420204E-01, -7.2156848E-02
* ELEM  207  line segment
 1, 989, 102
*
  1.4120000E+01, 1.5007612E+00, 0.0000000E+00, 5.3847763E-01
* ELEM  208  circular arc
 3, 103, 102
*
  1.3470000E+01, 1.7700000E+00, 5.1500000E-01, 3.3750000E+02, 2.2500000E+01
* ELEM  209  circular arc
 3, 103, 102
*
  1.3470000E+01, 1.7700000E+00, 5.1500000E-01, 0.0000000E+00, 2.2500000E+01
* ELEM  210  circle
 2, 104, 103
*
  1.3470000E+01, 1.7700000E+00, 4.4700000E-01, 0.0000000E+00
* ELEM  211  circle
 2, 105, 104
*
  1.3470000E+01, 1.7700000E+00, 4.3800000E-01, 0.0000000E+00
* ELEM  212  circle
 2, 106, 105
*
  1.3470000E+01, 1.7700000E+00, 4.2690959E-01, 0.0000000E+00
* ELEM  213  circle
 2, 107, 106
*
  1.3470000E+01, 1.7700000E+00, 3.9175911E-01, 0.0000000E+00
* ELEM  214  circle
 2, 108, 107
*
  1.3470000E+01, 1.7700000E+00, 3.0971277E-01, 0.0000000E+00
* ELEM  215  circular arc
 3, 117, 109
*
  3.0700000E+00, 3.0700000E+00, 5.1500000E-01, 2.2500000E+02, 2.2500000E+01
* ELEM  216  line segment
 1, 109, 111
*
  2.8729180E+00, 2.5942020E+00, -7.2156848E-02, -1.7420204E-01
* ELEM  217  line segment
 1, 110, 109
*
  2.6103806E+00, 2.6103806E+00, 1.9038059E-01, -1.9038059E-01
* ELEM  218  line segment
 1, 0, 109
*
  2.7058400E+00, 2.7058400E+00, -9.5459415E-02, -9.5459415E-02
* ELEM  219  line segment
 1, 731, 110
*
  2.4200000E+00, 2.4200000E+00, 3.8076118E-01, 0.0000000E+00
* ELEM  220  line segment
 1, 0, 110
*
  2.6103806E+00, 2.6103806E+00, -1.9038059E-01, -1.9038059E-01
* ELEM  221  circular arc
 3, 117, 111
*
  3.0700000E+00, 3.0700000E+00, 5.1500000E-01, 2.4750000E+02, 4.5000000E+01
* ELEM  222  line segment
 1, 111, 112
*
  3.2670820E+00, 2.5942020E+00, 7.2156848E-02, -1.7420204E-01
* ELEM  223  line segment
 1, 733, 111
*
  2.8007612E+00, 2.4200000E+00, 5.3847763E-01, 0.0000000E+00
* ELEM  224  circular arc
 3, 117, 112
*
  3.0700000E+00, 3.0700000E+00, 5.1500000E-01, 2.9250000E+02, 4.5000000E+01
* ELEM  225  line segment
 1, 112, 114
*
  3.5457980E+00, 2.8729180E+00, 1.7420204E-01, -7.2156848E-02
* ELEM  226  line segment
 1, 113, 112
*
  3.3392388E+00, 2.4200000E+00, 3.8076118E-01, 3.8076118E-01
* ELEM  227  line segment
 1, 123, 113
*
  3.7200000E+00, 2.4200000E+00, 0.0000000E+00, 3.8076118E-01
* ELEM  228  line segment
 1, 734, 113
*
  3.3392388E+00, 2.4200000E+00, 3.8076118E-01, 0.0000000E+00
* ELEM  229  circular arc
 3, 117, 114
*
  3.0700000E+00, 3.0700000E+00, 5.1500000E-01, 3.3750000E+02, 2.2500000E+01
* ELEM  230  circular arc
 3, 117, 114
*
  3.0700000E+00, 3.0700000E+00, 5.1500000E-01, 0.0000000E+00, 2.2500000E+01
* ELEM  231  line segment
 1, 114, 116
*
  3.5457980E+00, 3.2670820E+00, 1.7420204E-01, 7.2156848E-02
* ELEM  232  line segment
 1, 126, 114
*
  3.7200000E+00, 2.8007612E+00, 0.0000000E+00, 5.3847763E-01
* ELEM  233  line segment
 1, 115, 116
*
  3.7200000E+00, 3.3392388E+00, -1.9038059E-01, 1.9038059E-01
* ELEM  234  line segment
 1, 0, 115
*
  3.7200000E+00, 3.7200000E+00, -1.9038059E-01, -1.9038059E-01
* ELEM  235  line segment
 1, 130, 115
*
  3.7200000E+00, 3.3392388E+00, 0.0000000E+00, 3.8076118E-01
* ELEM  236  circular arc
 3, 117, 116
*
  3.0700000E+00, 3.0700000E+00, 5.1500000E-01, 2.2500000E+01, 2.2500000E+01
* ELEM  237  line segment
 1, 0, 116
*
  3.5296194E+00, 3.5296194E+00, -9.5459415E-02, -9.5459415E-02
* ELEM  238  line segment
 1, 0, 117
*
  2.7539233E+00, 2.7539233E+00, -4.8083261E-02, -4.8083261E-02
* ELEM  239  circular arc
 3, 118, 117
*
  3.0700000E+00, 3.0700000E+00, 4.4700000E-01, 2.2500000E+02, 1.3500000E+02
* ELEM  240  circular arc
 3, 118, 117
*
  3.0700000E+00, 3.0700000E+00, 4.4700000E-01, 0.0000000E+00, 4.5000000E+01
* ELEM  241  line segment
 1, 0, 117
*
  3.4341600E+00, 3.4341600E+00, -4.8083261E-02, -4.8083261E-02
* ELEM  242  line segment
 1, 0, 118
*
  2.7602872E+00, 2.7602872E+00, -6.3639610E-03, -6.3639610E-03
* ELEM  243  circular arc
 3, 119, 118
*
  3.0700000E+00, 3.0700000E+00, 4.3800000E-01, 2.2500000E+02, 1.3500000E+02
* ELEM  244  circular arc
 3, 119, 118
*
  3.0700000E+00, 3.0700000E+00, 4.3800000E-01, 0.0000000E+00, 4.5000000E+01
* ELEM  245  line segment
 1, 0, 118
*
  3.3860767E+00, 3.3860767E+00, -6.3639610E-03, -6.3639610E-03
* ELEM  246  line segment
 1, 0, 119
*
  2.7681293E+00, 2.7681293E+00, -7.8421025E-03, -7.8421025E-03
* ELEM  247  circular arc
 3, 120, 119
*
  3.0700000E+00, 3.0700000E+00, 4.2690959E-01, 2.2500000E+02, 1.3500000E+02
* ELEM  248  circular arc
 3, 120, 119
*
  3.0700000E+00, 3.0700000E+00, 4.2690959E-01, 0.0000000E+00, 4.5000000E+01
* ELEM  249  line segment
 1, 0, 119
*
  3.3797128E+00, 3.3797128E+00, -7.8421025E-03, -7.8421025E-03
* ELEM  250  line segment
 1, 0, 120
*
  2.7929845E+00, 2.7929845E+00, -2.4855145E-02, -2.4855145E-02
* ELEM  251  circular arc
 3, 121, 120
*
  3.0700000E+00, 3.0700000E+00, 3.9175911E-01, 2.2500000E+02, 1.3500000E+02
* ELEM  252  circular arc
 3, 121, 120
*
  3.0700000E+00, 3.0700000E+00, 3.9175911E-01, 0.0000000E+00, 4.5000000E+01
* ELEM  253  line segment
 1, 0, 120
*
  3.3718707E+00, 3.3718707E+00, -2.4855145E-02, -2.4855145E-02
* ELEM  254  line segment
 1, 0, 121
*
  2.8510000E+00, 2.8510000E+00, -5.8015523E-02, -5.8015523E-02
* ELEM  255  circular arc
 3, 122, 121
*
  3.0700000E+00, 3.0700000E+00, 3.0971277E-01, 2.2500000E+02, 1.3500000E+02
* ELEM  256  circular arc
 3, 122, 121
*
  3.0700000E+00, 3.0700000E+00, 3.0971277E-01, 0.0000000E+00, 4.5000000E+01
* ELEM  257  line segment
 1, 0, 121
*
  3.3470155E+00, 3.3470155E+00, -5.8015523E-02, -5.8015523E-02
* ELEM  258  line segment
 1, 0, 122
*
  3.2890000E+00, 3.2890000E+00, -4.3800000E-01, -4.3800000E-01
* ELEM  259  line segment
 1, 123, 125
*
  3.7200000E+00, 2.8007612E+00, 3.8076118E-01, -3.8076118E-01
* ELEM  260  line segment
 1, 749, 123
*
  3.7200000E+00, 2.4200000E+00, 3.8076118E-01, 0.0000000E+00
* ELEM  261  line segment
 1, 125, 124
*
  4.1729180E+00, 2.5942020E+00, -7.2156848E-02, -1.7420204E-01
* ELEM  262  circular arc
 3, 135, 124
*
  4.3700000E+00, 3.0700000E+00, 5.1500000E-01, 2.4750000E+02, 4.5000000E+01
* ELEM  263  line segment
 1, 124, 128
*
  4.5670820E+00, 2.5942020E+00, 7.2156848E-02, -1.7420204E-01
* ELEM  264  line segment
 1, 751, 124
*
  4.1007612E+00, 2.4200000E+00, 5.3847763E-01, 0.0000000E+00
* ELEM  265  line segment
 1, 126, 125
*
  3.8942020E+00, 2.8729180E+00, -1.7420204E-01, -7.2156848E-02
* ELEM  266  circular arc
 3, 135, 125
*
  4.3700000E+00, 3.0700000E+00, 5.1500000E-01, 2.0250000E+02, 4.5000000E+01
* ELEM  267  line segment
 1, 129, 126
*
  3.8942020E+00, 3.2670820E+00, -1.7420204E-01, 7.2156848E-02
* ELEM  268  circular arc
 3, 135, 126
*
  4.3700000E+00, 3.0700000E+00, 5.1500000E-01, 1.5750000E+02, 4.5000000E+01
* ELEM  269  line segment
 1, 127, 128
*
  4.6392388E+00, 2.4200000E+00, 3.8076118E-01, 3.8076118E-01
* ELEM  270  line segment
 1, 141, 127
*
  5.0200000E+00, 2.4200000E+00, 0.0000000E+00, 3.8076118E-01
* ELEM  271  line segment
 1, 752, 127
*
  4.6392388E+00, 2.4200000E+00, 3.8076118E-01, 0.0000000E+00
* ELEM  272  circular arc
 3, 135, 128
*
  4.3700000E+00, 3.0700000E+00, 5.1500000E-01, 2.9250000E+02, 4.5000000E+01
* ELEM  273  line segment
 1, 128, 131
*
  4.8457980E+00, 2.8729180E+00, 1.7420204E-01, -7.2156848E-02
* ELEM  274  line segment
 1, 130, 129
*
  4.1007612E+00, 3.7200000E+00, -3.8076118E-01, -3.8076118E-01
* ELEM  275  line segment
 1, 132, 129
*
  4.1729180E+00, 3.5457980E+00, -7.2156848E-02, 1.7420204E-01
* ELEM  276  circular arc
 3, 135, 129
*
  4.3700000E+00, 3.0700000E+00, 5.1500000E-01, 1.1250000E+02, 4.5000000E+01
* ELEM  277  line segment
 1, 847, 130
*
  4.1007612E+00, 3.7200000E+00, -3.8076118E-01, 0.0000000E+00
* ELEM  278  circular arc
 3, 135, 131
*
  4.3700000E+00, 3.0700000E+00, 5.1500000E-01, 3.3750000E+02, 2.2500000E+01
* ELEM  279  circular arc
 3, 135, 131
*
  4.3700000E+00, 3.0700000E+00, 5.1500000E-01, 0.0000000E+00, 2.2500000E+01
* ELEM  280  line segment
 1, 131, 134
*
  4.8457980E+00, 3.2670820E+00, 1.7420204E-01, 7.2156848E-02
* ELEM  281  line segment
 1, 144, 131
*
  5.0200000E+00, 2.8007612E+00, 0.0000000E+00, 5.3847763E-01
* ELEM  282  line segment
 1, 848, 132
*
  4.6392388E+00, 3.7200000E+00, -5.3847763E-01, 0.0000000E+00
* ELEM  283  line segment
 1, 134, 132
*
  4.5670820E+00, 3.5457980E+00, 7.2156848E-02, 1.7420204E-01
* ELEM  284  circular arc
 3, 135, 132
*
  4.3700000E+00, 3.0700000E+00, 5.1500000E-01, 6.7500000E+01, 4.5000000E+01
* ELEM  285  line segment
 1, 133, 134
*
  5.0200000E+00, 3.3392388E+00, -3.8076118E-01, 3.8076118E-01
* ELEM  286  line segment
 1, 850, 133
*
  5.0200000E+00, 3.7200000E+00, -3.8076118E-01, 0.0000000E+00
* ELEM  287  line segment
 1, 148, 133
*
  5.0200000E+00, 3.3392388E+00, 0.0000000E+00, 3.8076118E-01
* ELEM  288  circular arc
 3, 135, 134
*
  4.3700000E+00, 3.0700000E+00, 5.1500000E-01, 2.2500000E+01, 4.5000000E+01
* ELEM  289  circle
 2, 136, 135
*
  4.3700000E+00, 3.0700000E+00, 4.4700000E-01, 0.0000000E+00
* ELEM  290  circle
 2, 137, 136
*
  4.3700000E+00, 3.0700000E+00, 4.3800000E-01, 0.0000000E+00
* ELEM  291  circle
 2, 138, 137
*
  4.3700000E+00, 3.0700000E+00, 4.2690959E-01, 0.0000000E+00
* ELEM  292  circle
 2, 139, 138
*
  4.3700000E+00, 3.0700000E+00, 3.9175911E-01, 0.0000000E+00
* ELEM  293  circle
 2, 140, 139
*
  4.3700000E+00, 3.0700000E+00, 3.0971277E-01, 0.0000000E+00
* ELEM  294  line segment
 1, 141, 143
*
  5.0200000E+00, 2.8007612E+00, 3.8076118E-01, -3.8076118E-01
* ELEM  295  line segment
 1, 767, 141
*
  5.0200000E+00, 2.4200000E+00, 3.8076118E-01, 0.0000000E+00
* ELEM  296  line segment
 1, 143, 142
*
  5.4729180E+00, 2.5942020E+00, -7.2156848E-02, -1.7420204E-01
* ELEM  297  circular arc
 3, 153, 142
*
  5.6700000E+00, 3.0700000E+00, 5.1500000E-01, 2.4750000E+02, 4.5000000E+01
* ELEM  298  line segment
 1, 142, 146
*
  5.8670820E+00, 2.5942020E+00, 7.2156848E-02, -1.7420204E-01
* ELEM  299  line segment
 1, 769, 142
*
  5.4007612E+00, 2.4200000E+00, 5.3847763E-01, 0.0000000E+00
* ELEM  300  line segment
 1, 144, 143
*
  5.1942020E+00, 2.8729180E+00, -1.7420204E-01, -7.2156848E-02
* ELEM  301  circular arc
 3, 153, 143
*
  5.6700000E+00, 3.0700000E+00, 5.1500000E-01, 2.0250000E+02, 4.5000000E+01
* ELEM  302  line segment
 1, 147, 144
*
  5.1942020E+00, 3.2670820E+00, -1.7420204E-01, 7.2156848E-02
* ELEM  303  circular arc
 3, 153, 144
*
  5.6700000E+00, 3.0700000E+00, 5.1500000E-01, 1.5750000E+02, 4.5000000E+01
* ELEM  304  line segment
 1, 145, 146
*
  5.9392388E+00, 2.4200000E+00, 3.8076118E-01, 3.8076118E-01
* ELEM  305  line segment
 1, 780, 145
*
  6.3200000E+00, 2.4200000E+00, 0.0000000E+00, 3.8076118E-01
* ELEM  306  line segment
 1, 770, 145
*
  5.9392388E+00, 2.4200000E+00, 3.8076118E-01, 0.0000000E+00
* ELEM  307  circular arc
 3, 153, 146
*
  5.6700000E+00, 3.0700000E+00, 5.1500000E-01, 2.9250000E+02, 4.5000000E+01
* ELEM  308  line segment
 1, 146, 149
*
  6.1457980E+00, 2.8729180E+00, 1.7420204E-01, -7.2156848E-02
* ELEM  309  line segment
 1, 148, 147
*
  5.4007612E+00, 3.7200000E+00, -3.8076118E-01, -3.8076118E-01
* ELEM  310  line segment
 1, 150, 147
*
  5.4729180E+00, 3.5457980E+00, -7.2156848E-02, 1.7420204E-01
* ELEM  311  circular arc
 3, 153, 147
*
  5.6700000E+00, 3.0700000E+00, 5.1500000E-01, 1.1250000E+02, 4.5000000E+01
* ELEM  312  line segment
 1, 869, 148
*
  5.4007612E+00, 3.7200000E+00, -3.8076118E-01, 0.0000000E+00
* ELEM  313  circular arc
 3, 153, 149
*
  5.6700000E+00, 3.0700000E+00, 5.1500000E-01, 3.3750000E+02, 2.2500000E+01
* ELEM  314  circular arc
 3, 153, 149
*
  5.6700000E+00, 3.0700000E+00, 5.1500000E-01, 0.0000000E+00, 2.2500000E+01
* ELEM  315  line segment
 1, 149, 152
*
  6.1457980E+00, 3.2670820E+00, 1.7420204E-01, 7.2156848E-02
* ELEM  316  line segment
 1, 783, 149
*
  6.3200000E+00, 2.8007612E+00, 0.0000000E+00, 5.3847763E-01
* ELEM  317  line segment
 1, 867, 150
*
  5.9392388E+00, 3.7200000E+00, -5.3847763E-01, 0.0000000E+00
* ELEM  318  line segment
 1, 152, 150
*
  5.8670820E+00, 3.5457980E+00, 7.2156848E-02, 1.7420204E-01
* ELEM  319  circular arc
 3, 153, 150
*
  5.6700000E+00, 3.0700000E+00, 5.1500000E-01, 6.7500000E+01, 4.5000000E+01
* ELEM  320  line segment
 1, 151, 152
*
  6.3200000E+00, 3.3392388E+00, -3.8076118E-01, 3.8076118E-01
* ELEM  321  line segment
 1, 870, 151
*
  6.3200000E+00, 3.7200000E+00, -3.8076118E-01, 0.0000000E+00
* ELEM  322  line segment
 1, 786, 151
*
  6.3200000E+00, 3.3392388E+00, 0.0000000E+00, 3.8076118E-01
* ELEM  323  circular arc
 3, 153, 152
*
  5.6700000E+00, 3.0700000E+00, 5.1500000E-01, 2.2500000E+01, 4.5000000E+01
* ELEM  324  circle
 2, 154, 153
*
  5.6700000E+00, 3.0700000E+00, 4.4700000E-01, 0.0000000E+00
* ELEM  325  circle
 2, 155, 154
*
  5.6700000E+00, 3.0700000E+00, 4.3800000E-01, 0.0000000E+00
* ELEM  326  circle
 2, 156, 155
*
  5.6700000E+00, 3.0700000E+00, 4.2690959E-01, 0.0000000E+00
* ELEM  327  circle
 2, 157, 156
*
  5.6700000E+00, 3.0700000E+00, 3.9175911E-01, 0.0000000E+00
* ELEM  328  circle
 2, 158, 157
*
  5.6700000E+00, 3.0700000E+00, 3.0971277E-01, 0.0000000E+00
* ELEM  329  line segment
 1, 160, 159
*
  9.3729180E+00, 2.5942020E+00, -7.2156848E-02, -1.7420204E-01
* ELEM  330  circular arc
 3, 171, 159
*
  9.5700000E+00, 3.0700000E+00, 5.1500000E-01, 2.4750000E+02, 4.5000000E+01
* ELEM  331  line segment
 1, 159, 163
*
  9.7670820E+00, 2.5942020E+00, 7.2156848E-02, -1.7420204E-01
* ELEM  332  line segment
 1, 161, 160
*
  8.9200000E+00, 2.8007612E+00, 3.8076118E-01, -3.8076118E-01
* ELEM  333  line segment
 1, 164, 160
*
  9.0942020E+00, 2.8729180E+00, -1.7420204E-01, -7.2156848E-02
* ELEM  334  circular arc
 3, 171, 160
*
  9.5700000E+00, 3.0700000E+00, 5.1500000E-01, 2.0250000E+02, 4.5000000E+01
* ELEM  335  line segment
 1, 799, 161
*
  8.9200000E+00, 2.8007612E+00, 0.0000000E+00, -3.8076118E-01
* ELEM  336  line segment
 1, 162, 163
*
  9.8392388E+00, 2.4200000E+00, 3.8076118E-01, 3.8076118E-01
* ELEM  337  line segment
 1, 823, 162
*
  1.0220000E+01, 2.4200000E+00, 0.0000000E+00, 3.8076118E-01
* ELEM  338  circular arc
 3, 171, 163
*
  9.5700000E+00, 3.0700000E+00, 5.1500000E-01, 2.9250000E+02, 4.5000000E+01
* ELEM  339  line segment
 1, 163, 165
*
  1.0045798E+01, 2.8729180E+00, 1.7420204E-01, -7.2156848E-02
* ELEM  340  line segment
 1, 802, 164
*
  8.9200000E+00, 3.3392388E+00, 0.0000000E+00, -5.3847763E-01
* ELEM  341  line segment
 1, 166, 164
*
  9.0942020E+00, 3.2670820E+00, -1.7420204E-01, 7.2156848E-02
* ELEM  342  circular arc
 3, 171, 164
*
  9.5700000E+00, 3.0700000E+00, 5.1500000E-01, 1.5750000E+02, 4.5000000E+01
* ELEM  343  circular arc
 3, 171, 165
*
  9.5700000E+00, 3.0700000E+00, 5.1500000E-01, 3.3750000E+02, 2.2500000E+01
* ELEM  344  circular arc
 3, 171, 165
*
  9.5700000E+00, 3.0700000E+00, 5.1500000E-01, 0.0000000E+00, 2.2500000E+01
* ELEM  345  line segment
 1, 165, 169
*
  1.0045798E+01, 3.2670820E+00, 1.7420204E-01, 7.2156848E-02
* ELEM  346  line segment
 1, 826, 165
*
  1.0220000E+01, 2.8007612E+00, 0.0000000E+00, 5.3847763E-01
* ELEM  347  line segment
 1, 167, 166
*
  9.3007612E+00, 3.7200000E+00, -3.8076118E-01, -3.8076118E-01
* ELEM  348  line segment
 1, 170, 166
*
  9.3729180E+00, 3.5457980E+00, -7.2156848E-02, 1.7420204E-01
* ELEM  349  circular arc
 3, 171, 166
*
  9.5700000E+00, 3.0700000E+00, 5.1500000E-01, 1.1250000E+02, 4.5000000E+01
* ELEM  350  line segment
 1, 805, 167
*
  8.9200000E+00, 3.7200000E+00, 0.0000000E+00, -3.8076118E-01
* ELEM  351  line segment
 1, 233, 167
*
  9.3007612E+00, 3.7200000E+00, -3.8076118E-01, 0.0000000E+00
* ELEM  352  line segment
 1, 168, 169
*
  1.0220000E+01, 3.3392388E+00, -3.8076118E-01, 3.8076118E-01
* ELEM  353  line segment
 1, 234, 168
*
  1.0220000E+01, 3.7200000E+00, -3.8076118E-01, 0.0000000E+00
* ELEM  354  line segment
 1, 829, 168
*
  1.0220000E+01, 3.3392388E+00, 0.0000000E+00, 3.8076118E-01
* ELEM  355  circular arc
 3, 171, 169
*
  9.5700000E+00, 3.0700000E+00, 5.1500000E-01, 2.2500000E+01, 4.5000000E+01
* ELEM  356  line segment
 1, 169, 170
*
  9.7670820E+00, 3.5457980E+00, 7.2156848E-02, 1.7420204E-01
* ELEM  357  line segment
 1, 231, 170
*
  9.8392388E+00, 3.7200000E+00, -5.3847763E-01, 0.0000000E+00
* ELEM  358  circular arc
 3, 171, 170
*
  9.5700000E+00, 3.0700000E+00, 5.1500000E-01, 6.7500000E+01, 4.5000000E+01
* ELEM  359  circle
 2, 172, 171
*
  9.5700000E+00, 3.0700000E+00, 4.4700000E-01, 0.0000000E+00
* ELEM  360  circle
 2, 173, 172
*
  9.5700000E+00, 3.0700000E+00, 4.3800000E-01, 0.0000000E+00
* ELEM  361  circle
 2, 174, 173
*
  9.5700000E+00, 3.0700000E+00, 4.2690959E-01, 0.0000000E+00
* ELEM  362  circle
 2, 175, 174
*
  9.5700000E+00, 3.0700000E+00, 3.9175911E-01, 0.0000000E+00
* ELEM  363  circle
 2, 176, 175
*
  9.5700000E+00, 3.0700000E+00, 3.0971277E-01, 0.0000000E+00
* ELEM  364  line segment
 1, 178, 177
*
  1.1972918E+01, 2.5942020E+00, -7.2156848E-02, -1.7420204E-01
* ELEM  365  circular arc
 3, 189, 177
*
  1.2170000E+01, 3.0700000E+00, 5.1500000E-01, 2.4750000E+02, 4.5000000E+01
* ELEM  366  line segment
 1, 177, 181
*
  1.2367082E+01, 2.5942020E+00, 7.2156848E-02, -1.7420204E-01
* ELEM  367  line segment
 1, 179, 178
*
  1.1520000E+01, 2.8007612E+00, 3.8076118E-01, -3.8076118E-01
* ELEM  368  line segment
 1, 182, 178
*
  1.1694202E+01, 2.8729180E+00, -1.7420204E-01, -7.2156848E-02
* ELEM  369  circular arc
 3, 189, 178
*
  1.2170000E+01, 3.0700000E+00, 5.1500000E-01, 2.0250000E+02, 4.5000000E+01
* ELEM  370  line segment
 1, 824, 179
*
  1.1520000E+01, 2.8007612E+00, 0.0000000E+00, -3.8076118E-01
* ELEM  371  line segment
 1, 180, 181
*
  1.2439239E+01, 2.4200000E+00, 3.8076118E-01, 3.8076118E-01
* ELEM  372  line segment
 1, 197, 180
*
  1.2820000E+01, 2.4200000E+00, 0.0000000E+00, 3.8076118E-01
* ELEM  373  circular arc
 3, 189, 181
*
  1.2170000E+01, 3.0700000E+00, 5.1500000E-01, 2.9250000E+02, 4.5000000E+01
* ELEM  374  line segment
 1, 181, 183
*
  1.2645798E+01, 2.8729180E+00, 1.7420204E-01, -7.2156848E-02
* ELEM  375  line segment
 1, 827, 182
*
  1.1520000E+01, 3.3392388E+00, 0.0000000E+00, -5.3847763E-01
* ELEM  376  line segment
 1, 184, 182
*
  1.1694202E+01, 3.2670820E+00, -1.7420204E-01, 7.2156848E-02
* ELEM  377  circular arc
 3, 189, 182
*
  1.2170000E+01, 3.0700000E+00, 5.1500000E-01, 1.5750000E+02, 4.5000000E+01
* ELEM  378  circular arc
 3, 189, 183
*
  1.2170000E+01, 3.0700000E+00, 5.1500000E-01, 3.3750000E+02, 2.2500000E+01
* ELEM  379  circular arc
 3, 189, 183
*
  1.2170000E+01, 3.0700000E+00, 5.1500000E-01, 0.0000000E+00, 2.2500000E+01
* ELEM  380  line segment
 1, 183, 187
*
  1.2645798E+01, 3.2670820E+00, 1.7420204E-01, 7.2156848E-02
* ELEM  381  line segment
 1, 200, 183
*
  1.2820000E+01, 2.8007612E+00, 0.0000000E+00, 5.3847763E-01
* ELEM  382  line segment
 1, 185, 184
*
  1.1900761E+01, 3.7200000E+00, -3.8076118E-01, -3.8076118E-01
* ELEM  383  line segment
 1, 188, 184
*
  1.1972918E+01, 3.5457980E+00, -7.2156848E-02, 1.7420204E-01
* ELEM  384  circular arc
 3, 189, 184
*
  1.2170000E+01, 3.0700000E+00, 5.1500000E-01, 1.1250000E+02, 4.5000000E+01
* ELEM  385  line segment
 1, 830, 185
*
  1.1520000E+01, 3.7200000E+00, 0.0000000E+00, -3.8076118E-01
* ELEM  386  line segment
 1, 276, 185
*
  1.1900761E+01, 3.7200000E+00, -3.8076118E-01, 0.0000000E+00
* ELEM  387  line segment
 1, 186, 187
*
  1.2820000E+01, 3.3392388E+00, -3.8076118E-01, 3.8076118E-01
* ELEM  388  line segment
 1, 277, 186
*
  1.2820000E+01, 3.7200000E+00, -3.8076118E-01, 0.0000000E+00
* ELEM  389  line segment
 1, 203, 186
*
  1.2820000E+01, 3.3392388E+00, 0.0000000E+00, 3.8076118E-01
* ELEM  390  circular arc
 3, 189, 187
*
  1.2170000E+01, 3.0700000E+00, 5.1500000E-01, 2.2500000E+01, 4.5000000E+01
* ELEM  391  line segment
 1, 187, 188
*
  1.2367082E+01, 3.5457980E+00, 7.2156848E-02, 1.7420204E-01
* ELEM  392  line segment
 1, 274, 188
*
  1.2439239E+01, 3.7200000E+00, -5.3847763E-01, 0.0000000E+00
* ELEM  393  circular arc
 3, 189, 188
*
  1.2170000E+01, 3.0700000E+00, 5.1500000E-01, 6.7500000E+01, 4.5000000E+01
* ELEM  394  circle
 2, 190, 189
*
  1.2170000E+01, 3.0700000E+00, 4.4700000E-01, 0.0000000E+00
* ELEM  395  circle
 2, 191, 190
*
  1.2170000E+01, 3.0700000E+00, 4.3800000E-01, 0.0000000E+00
* ELEM  396  circle
 2, 192, 191
*
  1.2170000E+01, 3.0700000E+00, 4.2690959E-01, 0.0000000E+00
* ELEM  397  circle
 2, 193, 192
*
  1.2170000E+01, 3.0700000E+00, 3.9175911E-01, 0.0000000E+00
* ELEM  398  circle
 2, 194, 193
*
  1.2170000E+01, 3.0700000E+00, 3.0971277E-01, 0.0000000E+00
* ELEM  399  line segment
 1, 196, 195
*
  1.3272918E+01, 2.5942020E+00, -7.2156848E-02, -1.7420204E-01
* ELEM  400  circular arc
 3, 207, 195
*
  1.3470000E+01, 3.0700000E+00, 5.1500000E-01, 2.4750000E+02, 4.5000000E+01
* ELEM  401  line segment
 1, 195, 199
*
  1.3667082E+01, 2.5942020E+00, 7.2156848E-02, -1.7420204E-01
* ELEM  402  line segment
 1, 197, 196
*
  1.2820000E+01, 2.8007612E+00, 3.8076118E-01, -3.8076118E-01
* ELEM  403  line segment
 1, 200, 196
*
  1.2994202E+01, 2.8729180E+00, -1.7420204E-01, -7.2156848E-02
* ELEM  404  circular arc
 3, 207, 196
*
  1.3470000E+01, 3.0700000E+00, 5.1500000E-01, 2.0250000E+02, 4.5000000E+01
* ELEM  405  line segment
 1, 198, 199
*
  1.3739239E+01, 2.4200000E+00, 3.8076118E-01, 3.8076118E-01
* ELEM  406  line segment
 1, 992, 198
*
  1.4120000E+01, 2.4200000E+00, 0.0000000E+00, 3.8076118E-01
* ELEM  407  circular arc
 3, 207, 199
*
  1.3470000E+01, 3.0700000E+00, 5.1500000E-01, 2.9250000E+02, 4.5000000E+01
* ELEM  408  line segment
 1, 199, 201
*
  1.3945798E+01, 2.8729180E+00, 1.7420204E-01, -7.2156848E-02
* ELEM  409  line segment
 1, 202, 200
*
  1.2994202E+01, 3.2670820E+00, -1.7420204E-01, 7.2156848E-02
* ELEM  410  circular arc
 3, 207, 200
*
  1.3470000E+01, 3.0700000E+00, 5.1500000E-01, 1.5750000E+02, 4.5000000E+01
* ELEM  411  circular arc
 3, 207, 201
*
  1.3470000E+01, 3.0700000E+00, 5.1500000E-01, 3.3750000E+02, 2.2500000E+01
* ELEM  412  circular arc
 3, 207, 201
*
  1.3470000E+01, 3.0700000E+00, 5.1500000E-01, 0.0000000E+00, 2.2500000E+01
* ELEM  413  line segment
 1, 201, 205
*
  1.3945798E+01, 3.2670820E+00, 1.7420204E-01, 7.2156848E-02
* ELEM  414  line segment
 1, 992, 201
*
  1.4120000E+01, 2.8007612E+00, 0.0000000E+00, 5.3847763E-01
* ELEM  415  line segment
 1, 203, 202
*
  1.3200761E+01, 3.7200000E+00, -3.8076118E-01, -3.8076118E-01
* ELEM  416  line segment
 1, 206, 202
*
  1.3272918E+01, 3.5457980E+00, -7.2156848E-02, 1.7420204E-01
* ELEM  417  circular arc
 3, 207, 202
*
  1.3470000E+01, 3.0700000E+00, 5.1500000E-01, 1.1250000E+02, 4.5000000E+01
* ELEM  418  line segment
 1, 912, 203
*
  1.3200761E+01, 3.7200000E+00, -3.8076118E-01, 0.0000000E+00
* ELEM  419  line segment
 1, 204, 205
*
  1.4120000E+01, 3.3392388E+00, -3.8076118E-01, 3.8076118E-01
* ELEM  420  line segment
 1, 913, 204
*
  1.4120000E+01, 3.7200000E+00, -3.8076118E-01, 0.0000000E+00
* ELEM  421  line segment
 1, 992, 204
*
  1.4120000E+01, 3.3392388E+00, 0.0000000E+00, 3.8076118E-01
* ELEM  422  circular arc
 3, 207, 205
*
  1.3470000E+01, 3.0700000E+00, 5.1500000E-01, 2.2500000E+01, 4.5000000E+01
* ELEM  423  line segment
 1, 205, 206
*
  1.3667082E+01, 3.5457980E+00, 7.2156848E-02, 1.7420204E-01
* ELEM  424  line segment
 1, 910, 206
*
  1.3739239E+01, 3.7200000E+00, -5.3847763E-01, 0.0000000E+00
* ELEM  425  circular arc
 3, 207, 206
*
  1.3470000E+01, 3.0700000E+00, 5.1500000E-01, 6.7500000E+01, 4.5000000E+01
* ELEM  426  circle
 2, 208, 207
*
  1.3470000E+01, 3.0700000E+00, 4.4700000E-01, 0.0000000E+00
* ELEM  427  circle
 2, 209, 208
*
  1.3470000E+01, 3.0700000E+00, 4.3800000E-01, 0.0000000E+00
* ELEM  428  circle
 2, 210, 209
*
  1.3470000E+01, 3.0700000E+00, 4.2690959E-01, 0.0000000E+00
* ELEM  429  circle
 2, 211, 210
*
  1.3470000E+01, 3.0700000E+00, 3.9175911E-01, 0.0000000E+00
* ELEM  430  circle
 2, 212, 211
*
  1.3470000E+01, 3.0700000E+00, 3.0971277E-01, 0.0000000E+00
* ELEM  431  line segment
 1, 888, 213
*
  7.6200000E+00, 4.1007612E+00, 0.0000000E+00, -3.8076118E-01
* ELEM  432  line segment
 1, 213, 215
*
  7.6200000E+00, 4.1007612E+00, 3.8076118E-01, -3.8076118E-01
* ELEM  433  line segment
 1, 804, 213
*
  7.6200000E+00, 3.7200000E+00, 3.8076118E-01, 0.0000000E+00
* ELEM  434  line segment
 1, 215, 214
*
  8.0729180E+00, 3.8942020E+00, -7.2156848E-02, -1.7420204E-01
* ELEM  435  circular arc
 3, 225, 214
*
  8.2700000E+00, 4.3700000E+00, 5.1500000E-01, 2.4750000E+02, 4.5000000E+01
* ELEM  436  line segment
 1, 214, 218
*
  8.4670820E+00, 3.8942020E+00, 7.2156848E-02, -1.7420204E-01
* ELEM  437  line segment
 1, 807, 214
*
  8.0007612E+00, 3.7200000E+00, 5.3847763E-01, 0.0000000E+00
* ELEM  438  line segment
 1, 216, 215
*
  7.7942020E+00, 4.1729180E+00, -1.7420204E-01, -7.2156848E-02
* ELEM  439  circular arc
 3, 225, 215
*
  8.2700000E+00, 4.3700000E+00, 5.1500000E-01, 2.0250000E+02, 4.5000000E+01
* ELEM  440  line segment
 1, 891, 216
*
  7.6200000E+00, 4.6392388E+00, 0.0000000E+00, -5.3847763E-01
* ELEM  441  line segment
 1, 219, 216
*
  7.7942020E+00, 4.5670820E+00, -1.7420204E-01, 7.2156848E-02
* ELEM  442  circular arc
 3, 225, 216
*
  8.2700000E+00, 4.3700000E+00, 5.1500000E-01, 1.5750000E+02, 4.5000000E+01
* ELEM  443  line segment
 1, 217, 218
*
  8.5392388E+00, 3.7200000E+00, 3.8076118E-01, 3.8076118E-01
* ELEM  444  line segment
 1, 233, 217
*
  8.9200000E+00, 3.7200000E+00, 0.0000000E+00, 3.8076118E-01
* ELEM  445  line segment
 1, 805, 217
*
  8.5392388E+00, 3.7200000E+00, 3.8076118E-01, 0.0000000E+00
* ELEM  446  circular arc
 3, 225, 218
*
  8.2700000E+00, 4.3700000E+00, 5.1500000E-01, 2.9250000E+02, 4.5000000E+01
* ELEM  447  line segment
 1, 218, 221
*
  8.7457980E+00, 4.1729180E+00, 1.7420204E-01, -7.2156848E-02
* ELEM  448  line segment
 1, 220, 219
*
  8.0007612E+00, 5.0200000E+00, -3.8076118E-01, -3.8076118E-01
* ELEM  449  line segment
 1, 222, 219
*
  8.0729180E+00, 4.8457980E+00, -7.2156848E-02, 1.7420204E-01
* ELEM  450  circular arc
 3, 225, 219
*
  8.2700000E+00, 4.3700000E+00, 5.1500000E-01, 1.1250000E+02, 4.5000000E+01
* ELEM  451  line segment
 1, 894, 220
*
  7.6200000E+00, 5.0200000E+00, 0.0000000E+00, -3.8076118E-01
* ELEM  452  line segment
 1, 949, 220
*
  8.0007612E+00, 5.0200000E+00, -3.8076118E-01, 0.0000000E+00
* ELEM  453  circular arc
 3, 225, 221
*
  8.2700000E+00, 4.3700000E+00, 5.1500000E-01, 3.3750000E+02, 2.2500000E+01
* ELEM  454  circular arc
 3, 225, 221
*
  8.2700000E+00, 4.3700000E+00, 5.1500000E-01, 0.0000000E+00, 2.2500000E+01
* ELEM  455  line segment
 1, 221, 224
*
  8.7457980E+00, 4.5670820E+00, 1.7420204E-01, 7.2156848E-02
* ELEM  456  line segment
 1, 236, 221
*
  8.9200000E+00, 4.1007612E+00, 0.0000000E+00, 5.3847763E-01
* ELEM  457  line segment
 1, 949, 222
*
  8.5392388E+00, 5.0200000E+00, -5.3847763E-01, 0.0000000E+00
* ELEM  458  line segment
 1, 224, 222
*
  8.4670820E+00, 4.8457980E+00, 7.2156848E-02, 1.7420204E-01
* ELEM  459  circular arc
 3, 225, 222
*
  8.2700000E+00, 4.3700000E+00, 5.1500000E-01, 6.7500000E+01, 4.5000000E+01
* ELEM  460  line segment
 1, 223, 224
*
  8.9200000E+00, 4.6392388E+00, -3.8076118E-01, 3.8076118E-01
* ELEM  461  line segment
 1, 949, 223
*
  8.9200000E+00, 5.0200000E+00, -3.8076118E-01, 0.0000000E+00
* ELEM  462  line segment
 1, 239, 223
*
  8.9200000E+00, 4.6392388E+00, 0.0000000E+00, 3.8076118E-01
* ELEM  463  circular arc
 3, 225, 224
*
  8.2700000E+00, 4.3700000E+00, 5.1500000E-01, 2.2500000E+01, 4.5000000E+01
* ELEM  464  circle
 2, 226, 225
*
  8.2700000E+00, 4.3700000E+00, 4.4700000E-01, 0.0000000E+00
* ELEM  465  circle
 2, 227, 226
*
  8.2700000E+00, 4.3700000E+00, 4.3800000E-01, 0.0000000E+00
* ELEM  466  circle
 2, 228, 227
*
  8.2700000E+00, 4.3700000E+00, 4.2690959E-01, 0.0000000E+00
* ELEM  467  circle
 2, 229, 228
*
  8.2700000E+00, 4.3700000E+00, 3.9175911E-01, 0.0000000E+00
* ELEM  468  circle
 2, 230, 229
*
  8.2700000E+00, 4.3700000E+00, 3.0971277E-01, 0.0000000E+00
* ELEM  469  line segment
 1, 232, 231
*
  9.3729180E+00, 3.8942020E+00, -7.2156848E-02, -1.7420204E-01
* ELEM  470  circular arc
 3, 243, 231
*
  9.5700000E+00, 4.3700000E+00, 5.1500000E-01, 2.4750000E+02, 4.5000000E+01
* ELEM  471  line segment
 1, 231, 235
*
  9.7670820E+00, 3.8942020E+00, 7.2156848E-02, -1.7420204E-01
* ELEM  472  line segment
 1, 233, 232
*
  8.9200000E+00, 4.1007612E+00, 3.8076118E-01, -3.8076118E-01
* ELEM  473  line segment
 1, 236, 232
*
  9.0942020E+00, 4.1729180E+00, -1.7420204E-01, -7.2156848E-02
* ELEM  474  circular arc
 3, 243, 232
*
  9.5700000E+00, 4.3700000E+00, 5.1500000E-01, 2.0250000E+02, 4.5000000E+01
* ELEM  475  line segment
 1, 234, 235
*
  9.8392388E+00, 3.7200000E+00, 3.8076118E-01, 3.8076118E-01
* ELEM  476  line segment
 1, 256, 234
*
  1.0220000E+01, 3.7200000E+00, 0.0000000E+00, 3.8076118E-01
* ELEM  477  circular arc
 3, 243, 235
*
  9.5700000E+00, 4.3700000E+00, 5.1500000E-01, 2.9250000E+02, 4.5000000E+01
* ELEM  478  line segment
 1, 235, 237
*
  1.0045798E+01, 4.1729180E+00, 1.7420204E-01, -7.2156848E-02
* ELEM  479  line segment
 1, 238, 236
*
  9.0942020E+00, 4.5670820E+00, -1.7420204E-01, 7.2156848E-02
* ELEM  480  circular arc
 3, 243, 236
*
  9.5700000E+00, 4.3700000E+00, 5.1500000E-01, 1.5750000E+02, 4.5000000E+01
* ELEM  481  circular arc
 3, 243, 237
*
  9.5700000E+00, 4.3700000E+00, 5.1500000E-01, 3.3750000E+02, 2.2500000E+01
* ELEM  482  circular arc
 3, 243, 237
*
  9.5700000E+00, 4.3700000E+00, 5.1500000E-01, 0.0000000E+00, 2.2500000E+01
* ELEM  483  line segment
 1, 237, 241
*
  1.0045798E+01, 4.5670820E+00, 1.7420204E-01, 7.2156848E-02
* ELEM  484  line segment
 1, 259, 237
*
  1.0220000E+01, 4.1007612E+00, 0.0000000E+00, 5.3847763E-01
* ELEM  485  line segment
 1, 239, 238
*
  9.3007612E+00, 5.0200000E+00, -3.8076118E-01, -3.8076118E-01
* ELEM  486  line segment
 1, 242, 238
*
  9.3729180E+00, 4.8457980E+00, -7.2156848E-02, 1.7420204E-01
* ELEM  487  circular arc
 3, 243, 238
*
  9.5700000E+00, 4.3700000E+00, 5.1500000E-01, 1.1250000E+02, 4.5000000E+01
* ELEM  488  line segment
 1, 951, 239
*
  9.3007612E+00, 5.0200000E+00, -3.8076118E-01, 0.0000000E+00
* ELEM  489  line segment
 1, 240, 241
*
  1.0220000E+01, 4.6392388E+00, -3.8076118E-01, 3.8076118E-01
* ELEM  490  line segment
 1, 951, 240
*
  1.0220000E+01, 5.0200000E+00, -3.8076118E-01, 0.0000000E+00
* ELEM  491  line segment
 1, 263, 240
*
  1.0220000E+01, 4.6392388E+00, 0.0000000E+00, 3.8076118E-01
* ELEM  492  circular arc
 3, 243, 241
*
  9.5700000E+00, 4.3700000E+00, 5.1500000E-01, 2.2500000E+01, 4.5000000E+01
* ELEM  493  line segment
 1, 241, 242
*
  9.7670820E+00, 4.8457980E+00, 7.2156848E-02, 1.7420204E-01
* ELEM  494  line segment
 1, 951, 242
*
  9.8392388E+00, 5.0200000E+00, -5.3847763E-01, 0.0000000E+00
* ELEM  495  circular arc
 3, 243, 242
*
  9.5700000E+00, 4.3700000E+00, 5.1500000E-01, 6.7500000E+01, 4.5000000E+01
* ELEM  496  circle
 2, 244, 243
*
  9.5700000E+00, 4.3700000E+00, 4.4700000E-01, 0.0000000E+00
* ELEM  497  circle
 2, 245, 244
*
  9.5700000E+00, 4.3700000E+00, 4.3800000E-01, 0.0000000E+00
* ELEM  498  circle
 2, 246, 245
*
  9.5700000E+00, 4.3700000E+00, 4.2690959E-01, 0.0000000E+00
* ELEM  499  circle
 2, 247, 246
*
  9.5700000E+00, 4.3700000E+00, 4.1552328E-01, 0.0000000E+00
* ELEM  500  circle
 2, 248, 247
*
  9.5700000E+00, 4.3700000E+00, 3.9175911E-01, 0.0000000E+00
* ELEM  501  circle
 2, 249, 248
*
  9.5700000E+00, 4.3700000E+00, 3.6645709E-01, 0.0000000E+00
* ELEM  502  circle
 2, 250, 249
*
  9.5700000E+00, 4.3700000E+00, 3.3927334E-01, 0.0000000E+00
* ELEM  503  circle
 2, 251, 250
*
  9.5700000E+00, 4.3700000E+00, 3.0971277E-01, 0.0000000E+00
* ELEM  504  circle
 2, 252, 251
*
  9.5700000E+00, 4.3700000E+00, 2.7701552E-01, 0.0000000E+00
* ELEM  505  circle
 2, 253, 252
*
  9.5700000E+00, 4.3700000E+00, 2.3990248E-01, 0.0000000E+00
* ELEM  506  circle
 2, 254, 253
*
  9.5700000E+00, 4.3700000E+00, 1.9587955E-01, 0.0000000E+00
* ELEM  507  circle
 2, 255, 254
*
  9.5700000E+00, 4.3700000E+00, 1.3850776E-01, 0.0000000E+00
* ELEM  508  line segment
 1, 256, 258
*
  1.0220000E+01, 4.1007612E+00, 3.8076118E-01, -3.8076118E-01
* ELEM  509  line segment
 1, 829, 256
*
  1.0220000E+01, 3.7200000E+00, 3.8076118E-01, 0.0000000E+00
* ELEM  510  line segment
 1, 258, 257
*
  1.0672918E+01, 3.8942020E+00, -7.2156848E-02, -1.7420204E-01
* ELEM  511  circular arc
 3, 268, 257
*
  1.0870000E+01, 4.3700000E+00, 5.1500000E-01, 2.4750000E+02, 4.5000000E+01
* ELEM  512  line segment
 1, 257, 261
*
  1.1067082E+01, 3.8942020E+00, 7.2156848E-02, -1.7420204E-01
* ELEM  513  line segment
 1, 832, 257
*
  1.0600761E+01, 3.7200000E+00, 5.3847763E-01, 0.0000000E+00
* ELEM  514  line segment
 1, 259, 258
*
  1.0394202E+01, 4.1729180E+00, -1.7420204E-01, -7.2156848E-02
* ELEM  515  circular arc
 3, 268, 258
*
  1.0870000E+01, 4.3700000E+00, 5.1500000E-01, 2.0250000E+02, 4.5000000E+01
* ELEM  516  line segment
 1, 262, 259
*
  1.0394202E+01, 4.5670820E+00, -1.7420204E-01, 7.2156848E-02
* ELEM  517  circular arc
 3, 268, 259
*
  1.0870000E+01, 4.3700000E+00, 5.1500000E-01, 1.5750000E+02, 4.5000000E+01
* ELEM  518  line segment
 1, 260, 261
*
  1.1139239E+01, 3.7200000E+00, 3.8076118E-01, 3.8076118E-01
* ELEM  519  line segment
 1, 276, 260
*
  1.1520000E+01, 3.7200000E+00, 0.0000000E+00, 3.8076118E-01
* ELEM  520  line segment
 1, 830, 260
*
  1.1139239E+01, 3.7200000E+00, 3.8076118E-01, 0.0000000E+00
* ELEM  521  circular arc
 3, 268, 261
*
  1.0870000E+01, 4.3700000E+00, 5.1500000E-01, 2.9250000E+02, 4.5000000E+01
* ELEM  522  line segment
 1, 261, 264
*
  1.1345798E+01, 4.1729180E+00, 1.7420204E-01, -7.2156848E-02
* ELEM  523  line segment
 1, 263, 262
*
  1.0600761E+01, 5.0200000E+00, -3.8076118E-01, -3.8076118E-01
* ELEM  524  line segment
 1, 265, 262
*
  1.0672918E+01, 4.8457980E+00, -7.2156848E-02, 1.7420204E-01
* ELEM  525  circular arc
 3, 268, 262
*
  1.0870000E+01, 4.3700000E+00, 5.1500000E-01, 1.1250000E+02, 4.5000000E+01
* ELEM  526  line segment
 1, 319, 263
*
  1.0600761E+01, 5.0200000E+00, -3.8076118E-01, 0.0000000E+00
* ELEM  527  circular arc
 3, 268, 264
*
  1.0870000E+01, 4.3700000E+00, 5.1500000E-01, 3.3750000E+02, 2.2500000E+01
* ELEM  528  circular arc
 3, 268, 264
*
  1.0870000E+01, 4.3700000E+00, 5.1500000E-01, 0.0000000E+00, 2.2500000E+01
* ELEM  529  line segment
 1, 264, 267
*
  1.1345798E+01, 4.5670820E+00, 1.7420204E-01, 7.2156848E-02
* ELEM  530  line segment
 1, 279, 264
*
  1.1520000E+01, 4.1007612E+00, 0.0000000E+00, 5.3847763E-01
* ELEM  531  line segment
 1, 317, 265
*
  1.1139239E+01, 5.0200000E+00, -5.3847763E-01, 0.0000000E+00
* ELEM  532  line segment
 1, 267, 265
*
  1.1067082E+01, 4.8457980E+00, 7.2156848E-02, 1.7420204E-01
* ELEM  533  circular arc
 3, 268, 265
*
  1.0870000E+01, 4.3700000E+00, 5.1500000E-01, 6.7500000E+01, 4.5000000E+01
* ELEM  534  line segment
 1, 266, 267
*
  1.1520000E+01, 4.6392388E+00, -3.8076118E-01, 3.8076118E-01
* ELEM  535  line segment
 1, 320, 266
*
  1.1520000E+01, 5.0200000E+00, -3.8076118E-01, 0.0000000E+00
* ELEM  536  line segment
 1, 282, 266
*
  1.1520000E+01, 4.6392388E+00, 0.0000000E+00, 3.8076118E-01
* ELEM  537  circular arc
 3, 268, 267
*
  1.0870000E+01, 4.3700000E+00, 5.1500000E-01, 2.2500000E+01, 4.5000000E+01
* ELEM  538  circle
 2, 269, 268
*
  1.0870000E+01, 4.3700000E+00, 4.4700000E-01, 0.0000000E+00
* ELEM  539  circle
 2, 270, 269
*
  1.0870000E+01, 4.3700000E+00, 4.3800000E-01, 0.0000000E+00
* ELEM  540  circle
 2, 271, 270
*
  1.0870000E+01, 4.3700000E+00, 4.2690959E-01, 0.0000000E+00
* ELEM  541  circle
 2, 272, 271
*
  1.0870000E+01, 4.3700000E+00, 3.9175911E-01, 0.0000000E+00
* ELEM  542  circle
 2, 273, 272
*
  1.0870000E+01, 4.3700000E+00, 3.0971277E-01, 0.0000000E+00
* ELEM  543  line segment
 1, 275, 274
*
  1.1972918E+01, 3.8942020E+00, -7.2156848E-02, -1.7420204E-01
* ELEM  544  circular arc
 3, 286, 274
*
  1.2170000E+01, 4.3700000E+00, 5.1500000E-01, 2.4750000E+02, 4.5000000E+01
* ELEM  545  line segment
 1, 274, 278
*
  1.2367082E+01, 3.8942020E+00, 7.2156848E-02, -1.7420204E-01
* ELEM  546  line segment
 1, 276, 275
*
  1.1520000E+01, 4.1007612E+00, 3.8076118E-01, -3.8076118E-01
* ELEM  547  line segment
 1, 279, 275
*
  1.1694202E+01, 4.1729180E+00, -1.7420204E-01, -7.2156848E-02
* ELEM  548  circular arc
 3, 286, 275
*
  1.2170000E+01, 4.3700000E+00, 5.1500000E-01, 2.0250000E+02, 4.5000000E+01
* ELEM  549  line segment
 1, 277, 278
*
  1.2439239E+01, 3.7200000E+00, 3.8076118E-01, 3.8076118E-01
* ELEM  550  line segment
 1, 912, 277
*
  1.2820000E+01, 3.7200000E+00, 0.0000000E+00, 3.8076118E-01
* ELEM  551  circular arc
 3, 286, 278
*
  1.2170000E+01, 4.3700000E+00, 5.1500000E-01, 2.9250000E+02, 4.5000000E+01
* ELEM  552  line segment
 1, 278, 280
*
  1.2645798E+01, 4.1729180E+00, 1.7420204E-01, -7.2156848E-02
* ELEM  553  line segment
 1, 281, 279
*
  1.1694202E+01, 4.5670820E+00, -1.7420204E-01, 7.2156848E-02
* ELEM  554  circular arc
 3, 286, 279
*
  1.2170000E+01, 4.3700000E+00, 5.1500000E-01, 1.5750000E+02, 4.5000000E+01
* ELEM  555  circular arc
 3, 286, 280
*
  1.2170000E+01, 4.3700000E+00, 5.1500000E-01, 3.3750000E+02, 2.2500000E+01
* ELEM  556  circular arc
 3, 286, 280
*
  1.2170000E+01, 4.3700000E+00, 5.1500000E-01, 0.0000000E+00, 2.2500000E+01
* ELEM  557  line segment
 1, 280, 284
*
  1.2645798E+01, 4.5670820E+00, 1.7420204E-01, 7.2156848E-02
* ELEM  558  line segment
 1, 915, 280
*
  1.2820000E+01, 4.1007612E+00, 0.0000000E+00, 5.3847763E-01
* ELEM  559  line segment
 1, 282, 281
*
  1.1900761E+01, 5.0200000E+00, -3.8076118E-01, -3.8076118E-01
* ELEM  560  line segment
 1, 285, 281
*
  1.1972918E+01, 4.8457980E+00, -7.2156848E-02, 1.7420204E-01
* ELEM  561  circular arc
 3, 286, 281
*
  1.2170000E+01, 4.3700000E+00, 5.1500000E-01, 1.1250000E+02, 4.5000000E+01
* ELEM  562  line segment
 1, 337, 282
*
  1.1900761E+01, 5.0200000E+00, -3.8076118E-01, 0.0000000E+00
* ELEM  563  line segment
 1, 283, 284
*
  1.2820000E+01, 4.6392388E+00, -3.8076118E-01, 3.8076118E-01
* ELEM  564  line segment
 1, 338, 283
*
  1.2820000E+01, 5.0200000E+00, -3.8076118E-01, 0.0000000E+00
* ELEM  565  line segment
 1, 918, 283
*
  1.2820000E+01, 4.6392388E+00, 0.0000000E+00, 3.8076118E-01
* ELEM  566  circular arc
 3, 286, 284
*
  1.2170000E+01, 4.3700000E+00, 5.1500000E-01, 2.2500000E+01, 4.5000000E+01
* ELEM  567  line segment
 1, 284, 285
*
  1.2367082E+01, 4.8457980E+00, 7.2156848E-02, 1.7420204E-01
* ELEM  568  line segment
 1, 335, 285
*
  1.2439239E+01, 5.0200000E+00, -5.3847763E-01, 0.0000000E+00
* ELEM  569  circular arc
 3, 286, 285
*
  1.2170000E+01, 4.3700000E+00, 5.1500000E-01, 6.7500000E+01, 4.5000000E+01
* ELEM  570  circle
 2, 287, 286
*
  1.2170000E+01, 4.3700000E+00, 4.4700000E-01, 0.0000000E+00
* ELEM  571  circle
 2, 288, 287
*
  1.2170000E+01, 4.3700000E+00, 4.3800000E-01, 0.0000000E+00
* ELEM  572  circle
 2, 289, 288
*
  1.2170000E+01, 4.3700000E+00, 4.2690959E-01, 0.0000000E+00
* ELEM  573  circle
 2, 290, 289
*
  1.2170000E+01, 4.3700000E+00, 4.1552328E-01, 0.0000000E+00
* ELEM  574  circle
 2, 291, 290
*
  1.2170000E+01, 4.3700000E+00, 3.9175911E-01, 0.0000000E+00
* ELEM  575  circle
 2, 292, 291
*
  1.2170000E+01, 4.3700000E+00, 3.6645709E-01, 0.0000000E+00
* ELEM  576  circle
 2, 293, 292
*
  1.2170000E+01, 4.3700000E+00, 3.3927334E-01, 0.0000000E+00
* ELEM  577  circle
 2, 294, 293
*
  1.2170000E+01, 4.3700000E+00, 3.0971277E-01, 0.0000000E+00
* ELEM  578  circle
 2, 295, 294
*
  1.2170000E+01, 4.3700000E+00, 2.7701552E-01, 0.0000000E+00
* ELEM  579  circle
 2, 296, 295
*
  1.2170000E+01, 4.3700000E+00, 2.3990248E-01, 0.0000000E+00
* ELEM  580  circle
 2, 297, 296
*
  1.2170000E+01, 4.3700000E+00, 1.9587955E-01, 0.0000000E+00
* ELEM  581  circle
 2, 298, 297
*
  1.2170000E+01, 4.3700000E+00, 1.3850776E-01, 0.0000000E+00
* ELEM  582  line segment
 1, 932, 299
*
  6.3200000E+00, 5.4007612E+00, 0.0000000E+00, -3.8076118E-01
* ELEM  583  line segment
 1, 299, 301
*
  6.3200000E+00, 5.4007612E+00, 3.8076118E-01, -3.8076118E-01
* ELEM  584  line segment
 1, 893, 299
*
  6.3200000E+00, 5.0200000E+00, 3.8076118E-01, 0.0000000E+00
* ELEM  585  line segment
 1, 301, 300
*
  6.7729180E+00, 5.1942020E+00, -7.2156848E-02, -1.7420204E-01
* ELEM  586  circular arc
 3, 311, 300
*
  6.9700000E+00, 5.6700000E+00, 5.1500000E-01, 2.4750000E+02, 4.5000000E+01
* ELEM  587  line segment
 1, 300, 304
*
  7.1670820E+00, 5.1942020E+00, 7.2156848E-02, -1.7420204E-01
* ELEM  588  line segment
 1, 896, 300
*
  6.7007612E+00, 5.0200000E+00, 5.3847763E-01, 0.0000000E+00
* ELEM  589  line segment
 1, 302, 301
*
  6.4942020E+00, 5.4729180E+00, -1.7420204E-01, -7.2156848E-02
* ELEM  590  circular arc
 3, 311, 301
*
  6.9700000E+00, 5.6700000E+00, 5.1500000E-01, 2.0250000E+02, 4.5000000E+01
* ELEM  591  line segment
 1, 933, 302
*
  6.3200000E+00, 5.9392388E+00, 0.0000000E+00, -5.3847763E-01
* ELEM  592  line segment
 1, 305, 302
*
  6.4942020E+00, 5.8670820E+00, -1.7420204E-01, 7.2156848E-02
* ELEM  593  circular arc
 3, 311, 302
*
  6.9700000E+00, 5.6700000E+00, 5.1500000E-01, 1.5750000E+02, 4.5000000E+01
* ELEM  594  line segment
 1, 303, 304
*
  7.2392388E+00, 5.0200000E+00, 3.8076118E-01, 3.8076118E-01
* ELEM  595  line segment
 1, 950, 303
*
  7.6200000E+00, 5.0200000E+00, 0.0000000E+00, 3.8076118E-01
* ELEM  596  line segment
 1, 894, 303
*
  7.2392388E+00, 5.0200000E+00, 3.8076118E-01, 0.0000000E+00
* ELEM  597  circular arc
 3, 311, 304
*
  6.9700000E+00, 5.6700000E+00, 5.1500000E-01, 2.9250000E+02, 4.5000000E+01
* ELEM  598  line segment
 1, 304, 307
*
  7.4457980E+00, 5.4729180E+00, 1.7420204E-01, -7.2156848E-02
* ELEM  599  line segment
 1, 306, 305
*
  6.7007612E+00, 6.3200000E+00, -3.8076118E-01, -3.8076118E-01
* ELEM  600  line segment
 1, 308, 305
*
  6.7729180E+00, 6.1457980E+00, -7.2156848E-02, 1.7420204E-01
* ELEM  601  circular arc
 3, 311, 305
*
  6.9700000E+00, 5.6700000E+00, 5.1500000E-01, 1.1250000E+02, 4.5000000E+01
* ELEM  602  line segment
 1, 934, 306
*
  6.3200000E+00, 6.3200000E+00, 0.0000000E+00, -3.8076118E-01
* ELEM  603  line segment
 1, 372, 306
*
  6.7007612E+00, 6.3200000E+00, -3.8076118E-01, 0.0000000E+00
* ELEM  604  circular arc
 3, 311, 307
*
  6.9700000E+00, 5.6700000E+00, 5.1500000E-01, 3.3750000E+02, 2.2500000E+01
* ELEM  605  circular arc
 3, 311, 307
*
  6.9700000E+00, 5.6700000E+00, 5.1500000E-01, 0.0000000E+00, 2.2500000E+01
* ELEM  606  line segment
 1, 307, 310
*
  7.4457980E+00, 5.8670820E+00, 1.7420204E-01, 7.2156848E-02
* ELEM  607  line segment
 1, 950, 307
*
  7.6200000E+00, 5.4007612E+00, 0.0000000E+00, 5.3847763E-01
* ELEM  608  line segment
 1, 373, 308
*
  7.2392388E+00, 6.3200000E+00, -5.3847763E-01, 0.0000000E+00
* ELEM  609  line segment
 1, 310, 308
*
  7.1670820E+00, 6.1457980E+00, 7.2156848E-02, 1.7420204E-01
* ELEM  610  circular arc
 3, 311, 308
*
  6.9700000E+00, 5.6700000E+00, 5.1500000E-01, 6.7500000E+01, 4.5000000E+01
* ELEM  611  line segment
 1, 309, 310
*
  7.6200000E+00, 5.9392388E+00, -3.8076118E-01, 3.8076118E-01
* ELEM  612  line segment
 1, 375, 309
*
  7.6200000E+00, 6.3200000E+00, -3.8076118E-01, 0.0000000E+00
* ELEM  613  line segment
 1, 950, 309
*
  7.6200000E+00, 5.9392388E+00, 0.0000000E+00, 3.8076118E-01
* ELEM  614  circular arc
 3, 311, 310
*
  6.9700000E+00, 5.6700000E+00, 5.1500000E-01, 2.2500000E+01, 4.5000000E+01
* ELEM  615  circle
 2, 312, 311
*
  6.9700000E+00, 5.6700000E+00, 4.4700000E-01, 0.0000000E+00
* ELEM  616  circle
 2, 313, 312
*
  6.9700000E+00, 5.6700000E+00, 4.3800000E-01, 0.0000000E+00
* ELEM  617  circle
 2, 314, 313
*
  6.9700000E+00, 5.6700000E+00, 4.2690959E-01, 0.0000000E+00
* ELEM  618  circle
 2, 315, 314
*
  6.9700000E+00, 5.6700000E+00, 3.9175911E-01, 0.0000000E+00
* ELEM  619  circle
 2, 316, 315
*
  6.9700000E+00, 5.6700000E+00, 3.0971277E-01, 0.0000000E+00
* ELEM  620  line segment
 1, 318, 317
*
  1.0672918E+01, 5.1942020E+00, -7.2156848E-02, -1.7420204E-01
* ELEM  621  circular arc
 3, 329, 317
*
  1.0870000E+01, 5.6700000E+00, 5.1500000E-01, 2.4750000E+02, 4.5000000E+01
* ELEM  622  line segment
 1, 317, 321
*
  1.1067082E+01, 5.1942020E+00, 7.2156848E-02, -1.7420204E-01
* ELEM  623  line segment
 1, 319, 318
*
  1.0220000E+01, 5.4007612E+00, 3.8076118E-01, -3.8076118E-01
* ELEM  624  line segment
 1, 322, 318
*
  1.0394202E+01, 5.4729180E+00, -1.7420204E-01, -7.2156848E-02
* ELEM  625  circular arc
 3, 329, 318
*
  1.0870000E+01, 5.6700000E+00, 5.1500000E-01, 2.0250000E+02, 4.5000000E+01
* ELEM  626  line segment
 1, 954, 319
*
  1.0220000E+01, 5.4007612E+00, 0.0000000E+00, -3.8076118E-01
* ELEM  627  line segment
 1, 320, 321
*
  1.1139239E+01, 5.0200000E+00, 3.8076118E-01, 3.8076118E-01
* ELEM  628  line segment
 1, 337, 320
*
  1.1520000E+01, 5.0200000E+00, 0.0000000E+00, 3.8076118E-01
* ELEM  629  circular arc
 3, 329, 321
*
  1.0870000E+01, 5.6700000E+00, 5.1500000E-01, 2.9250000E+02, 4.5000000E+01
* ELEM  630  line segment
 1, 321, 323
*
  1.1345798E+01, 5.4729180E+00, 1.7420204E-01, -7.2156848E-02
* ELEM  631  line segment
 1, 954, 322
*
  1.0220000E+01, 5.9392388E+00, 0.0000000E+00, -5.3847763E-01
* ELEM  632  line segment
 1, 324, 322
*
  1.0394202E+01, 5.8670820E+00, -1.7420204E-01, 7.2156848E-02
* ELEM  633  circular arc
 3, 329, 322
*
  1.0870000E+01, 5.6700000E+00, 5.1500000E-01, 1.5750000E+02, 4.5000000E+01
* ELEM  634  circular arc
 3, 329, 323
*
  1.0870000E+01, 5.6700000E+00, 5.1500000E-01, 3.3750000E+02, 2.2500000E+01
* ELEM  635  circular arc
 3, 329, 323
*
  1.0870000E+01, 5.6700000E+00, 5.1500000E-01, 0.0000000E+00, 2.2500000E+01
* ELEM  636  line segment
 1, 323, 327
*
  1.1345798E+01, 5.8670820E+00, 1.7420204E-01, 7.2156848E-02
* ELEM  637  line segment
 1, 340, 323
*
  1.1520000E+01, 5.4007612E+00, 0.0000000E+00, 5.3847763E-01
* ELEM  638  line segment
 1, 325, 324
*
  1.0600761E+01, 6.3200000E+00, -3.8076118E-01, -3.8076118E-01
* ELEM  639  line segment
 1, 328, 324
*
  1.0672918E+01, 6.1457980E+00, -7.2156848E-02, 1.7420204E-01
* ELEM  640  circular arc
 3, 329, 324
*
  1.0870000E+01, 5.6700000E+00, 5.1500000E-01, 1.1250000E+02, 4.5000000E+01
* ELEM  641  line segment
 1, 954, 325
*
  1.0220000E+01, 6.3200000E+00, 0.0000000E+00, -3.8076118E-01
* ELEM  642  line segment
 1, 387, 325
*
  1.0600761E+01, 6.3200000E+00, -3.8076118E-01, 0.0000000E+00
* ELEM  643  line segment
 1, 326, 327
*
  1.1520000E+01, 5.9392388E+00, -3.8076118E-01, 3.8076118E-01
* ELEM  644  line segment
 1, 388, 326
*
  1.1520000E+01, 6.3200000E+00, -3.8076118E-01, 0.0000000E+00
* ELEM  645  line segment
 1, 343, 326
*
  1.1520000E+01, 5.9392388E+00, 0.0000000E+00, 3.8076118E-01
* ELEM  646  circular arc
 3, 329, 327
*
  1.0870000E+01, 5.6700000E+00, 5.1500000E-01, 2.2500000E+01, 4.5000000E+01
* ELEM  647  line segment
 1, 327, 328
*
  1.1067082E+01, 6.1457980E+00, 7.2156848E-02, 1.7420204E-01
* ELEM  648  line segment
 1, 385, 328
*
  1.1139239E+01, 6.3200000E+00, -5.3847763E-01, 0.0000000E+00
* ELEM  649  circular arc
 3, 329, 328
*
  1.0870000E+01, 5.6700000E+00, 5.1500000E-01, 6.7500000E+01, 4.5000000E+01
* ELEM  650  circle
 2, 330, 329
*
  1.0870000E+01, 5.6700000E+00, 4.4700000E-01, 0.0000000E+00
* ELEM  651  circle
 2, 331, 330
*
  1.0870000E+01, 5.6700000E+00, 4.3800000E-01, 0.0000000E+00
* ELEM  652  circle
 2, 332, 331
*
  1.0870000E+01, 5.6700000E+00, 4.2690959E-01, 0.0000000E+00
* ELEM  653  circle
 2, 333, 332
*
  1.0870000E+01, 5.6700000E+00, 3.9175911E-01, 0.0000000E+00
* ELEM  654  circle
 2, 334, 333
*
  1.0870000E+01, 5.6700000E+00, 3.0971277E-01, 0.0000000E+00
* ELEM  655  line segment
 1, 336, 335
*
  1.1972918E+01, 5.1942020E+00, -7.2156848E-02, -1.7420204E-01
* ELEM  656  circular arc
 3, 347, 335
*
  1.2170000E+01, 5.6700000E+00, 5.1500000E-01, 2.4750000E+02, 4.5000000E+01
* ELEM  657  line segment
 1, 335, 339
*
  1.2367082E+01, 5.1942020E+00, 7.2156848E-02, -1.7420204E-01
* ELEM  658  line segment
 1, 337, 336
*
  1.1520000E+01, 5.4007612E+00, 3.8076118E-01, -3.8076118E-01
* ELEM  659  line segment
 1, 340, 336
*
  1.1694202E+01, 5.4729180E+00, -1.7420204E-01, -7.2156848E-02
* ELEM  660  circular arc
 3, 347, 336
*
  1.2170000E+01, 5.6700000E+00, 5.1500000E-01, 2.0250000E+02, 4.5000000E+01
* ELEM  661  line segment
 1, 338, 339
*
  1.2439239E+01, 5.0200000E+00, 3.8076118E-01, 3.8076118E-01
* ELEM  662  line segment
 1, 353, 338
*
  1.2820000E+01, 5.0200000E+00, 0.0000000E+00, 3.8076118E-01
* ELEM  663  circular arc
 3, 347, 339
*
  1.2170000E+01, 5.6700000E+00, 5.1500000E-01, 2.9250000E+02, 4.5000000E+01
* ELEM  664  line segment
 1, 339, 341
*
  1.2645798E+01, 5.4729180E+00, 1.7420204E-01, -7.2156848E-02
* ELEM  665  line segment
 1, 342, 340
*
  1.1694202E+01, 5.8670820E+00, -1.7420204E-01, 7.2156848E-02
* ELEM  666  circular arc
 3, 347, 340
*
  1.2170000E+01, 5.6700000E+00, 5.1500000E-01, 1.5750000E+02, 4.5000000E+01
* ELEM  667  circular arc
 3, 347, 341
*
  1.2170000E+01, 5.6700000E+00, 5.1500000E-01, 3.3750000E+02, 2.2500000E+01
* ELEM  668  circular arc
 3, 347, 341
*
  1.2170000E+01, 5.6700000E+00, 5.1500000E-01, 0.0000000E+00, 2.2500000E+01
* ELEM  669  line segment
 1, 341, 345
*
  1.2645798E+01, 5.8670820E+00, 1.7420204E-01, 7.2156848E-02
* ELEM  670  line segment
 1, 356, 341
*
  1.2820000E+01, 5.4007612E+00, 0.0000000E+00, 5.3847763E-01
* ELEM  671  line segment
 1, 343, 342
*
  1.1900761E+01, 6.3200000E+00, -3.8076118E-01, -3.8076118E-01
* ELEM  672  line segment
 1, 346, 342
*
  1.1972918E+01, 6.1457980E+00, -7.2156848E-02, 1.7420204E-01
* ELEM  673  circular arc
 3, 347, 342
*
  1.2170000E+01, 5.6700000E+00, 5.1500000E-01, 1.1250000E+02, 4.5000000E+01
* ELEM  674  line segment
 1, 405, 343
*
  1.1900761E+01, 6.3200000E+00, -3.8076118E-01, 0.0000000E+00
* ELEM  675  line segment
 1, 344, 345
*
  1.2820000E+01, 5.9392388E+00, -3.8076118E-01, 3.8076118E-01
* ELEM  676  line segment
 1, 406, 344
*
  1.2820000E+01, 6.3200000E+00, -3.8076118E-01, 0.0000000E+00
* ELEM  677  line segment
 1, 360, 344
*
  1.2820000E+01, 5.9392388E+00, 0.0000000E+00, 3.8076118E-01
* ELEM  678  circular arc
 3, 347, 345
*
  1.2170000E+01, 5.6700000E+00, 5.1500000E-01, 2.2500000E+01, 4.5000000E+01
* ELEM  679  line segment
 1, 345, 346
*
  1.2367082E+01, 6.1457980E+00, 7.2156848E-02, 1.7420204E-01
* ELEM  680  line segment
 1, 403, 346
*
  1.2439239E+01, 6.3200000E+00, -5.3847763E-01, 0.0000000E+00
* ELEM  681  circular arc
 3, 347, 346
*
  1.2170000E+01, 5.6700000E+00, 5.1500000E-01, 6.7500000E+01, 4.5000000E+01
* ELEM  682  circle
 2, 348, 347
*
  1.2170000E+01, 5.6700000E+00, 4.4700000E-01, 0.0000000E+00
* ELEM  683  circle
 2, 349, 348
*
  1.2170000E+01, 5.6700000E+00, 4.3800000E-01, 0.0000000E+00
* ELEM  684  circle
 2, 350, 349
*
  1.2170000E+01, 5.6700000E+00, 4.2690959E-01, 0.0000000E+00
* ELEM  685  circle
 2, 351, 350
*
  1.2170000E+01, 5.6700000E+00, 3.9175911E-01, 0.0000000E+00
* ELEM  686  circle
 2, 352, 351
*
  1.2170000E+01, 5.6700000E+00, 3.0971277E-01, 0.0000000E+00
* ELEM  687  line segment
 1, 353, 355
*
  1.2820000E+01, 5.4007612E+00, 3.8076118E-01, -3.8076118E-01
* ELEM  688  line segment
 1, 918, 353
*
  1.2820000E+01, 5.0200000E+00, 3.8076118E-01, 0.0000000E+00
* ELEM  689  line segment
 1, 355, 354
*
  1.3272918E+01, 5.1942020E+00, -7.2156848E-02, -1.7420204E-01
* ELEM  690  circular arc
 3, 365, 354
*
  1.3470000E+01, 5.6700000E+00, 5.1500000E-01, 2.4750000E+02, 4.5000000E+01
* ELEM  691  line segment
 1, 354, 358
*
  1.3667082E+01, 5.1942020E+00, 7.2156848E-02, -1.7420204E-01
* ELEM  692  line segment
 1, 921, 354
*
  1.3200761E+01, 5.0200000E+00, 5.3847763E-01, 0.0000000E+00
* ELEM  693  line segment
 1, 356, 355
*
  1.2994202E+01, 5.4729180E+00, -1.7420204E-01, -7.2156848E-02
* ELEM  694  circular arc
 3, 365, 355
*
  1.3470000E+01, 5.6700000E+00, 5.1500000E-01, 2.0250000E+02, 4.5000000E+01
* ELEM  695  line segment
 1, 359, 356
*
  1.2994202E+01, 5.8670820E+00, -1.7420204E-01, 7.2156848E-02
* ELEM  696  circular arc
 3, 365, 356
*
  1.3470000E+01, 5.6700000E+00, 5.1500000E-01, 1.5750000E+02, 4.5000000E+01
* ELEM  697  line segment
 1, 357, 358
*
  1.3739239E+01, 5.0200000E+00, 3.8076118E-01, 3.8076118E-01
* ELEM  698  line segment
 1, 998, 357
*
  1.4120000E+01, 5.0200000E+00, 0.0000000E+00, 3.8076118E-01
* ELEM  699  line segment
 1, 919, 357
*
  1.3739239E+01, 5.0200000E+00, 3.8076118E-01, 0.0000000E+00
* ELEM  700  circular arc
 3, 365, 358
*
  1.3470000E+01, 5.6700000E+00, 5.1500000E-01, 2.9250000E+02, 4.5000000E+01
* ELEM  701  line segment
 1, 358, 361
*
  1.3945798E+01, 5.4729180E+00, 1.7420204E-01, -7.2156848E-02
* ELEM  702  line segment
 1, 360, 359
*
  1.3200761E+01, 6.3200000E+00, -3.8076118E-01, -3.8076118E-01
* ELEM  703  line segment
 1, 362, 359
*
  1.3272918E+01, 6.1457980E+00, -7.2156848E-02, 1.7420204E-01
* ELEM  704  circular arc
 3, 365, 359
*
  1.3470000E+01, 5.6700000E+00, 5.1500000E-01, 1.1250000E+02, 4.5000000E+01
* ELEM  705  line segment
 1, 423, 360
*
  1.3200761E+01, 6.3200000E+00, -3.8076118E-01, 0.0000000E+00
* ELEM  706  circular arc
 3, 365, 361
*
  1.3470000E+01, 5.6700000E+00, 5.1500000E-01, 3.3750000E+02, 2.2500000E+01
* ELEM  707  circular arc
 3, 365, 361
*
  1.3470000E+01, 5.6700000E+00, 5.1500000E-01, 0.0000000E+00, 2.2500000E+01
* ELEM  708  line segment
 1, 361, 364
*
  1.3945798E+01, 5.8670820E+00, 1.7420204E-01, 7.2156848E-02
* ELEM  709  line segment
 1, 998, 361
*
  1.4120000E+01, 5.4007612E+00, 0.0000000E+00, 5.3847763E-01
* ELEM  710  line segment
 1, 421, 362
*
  1.3739239E+01, 6.3200000E+00, -5.3847763E-01, 0.0000000E+00
* ELEM  711  line segment
 1, 364, 362
*
  1.3667082E+01, 6.1457980E+00, 7.2156848E-02, 1.7420204E-01
* ELEM  712  circular arc
 3, 365, 362
*
  1.3470000E+01, 5.6700000E+00, 5.1500000E-01, 6.7500000E+01, 4.5000000E+01
* ELEM  713  line segment
 1, 363, 364
*
  1.4120000E+01, 5.9392388E+00, -3.8076118E-01, 3.8076118E-01
* ELEM  714  line segment
 1, 424, 363
*
  1.4120000E+01, 6.3200000E+00, -3.8076118E-01, 0.0000000E+00
* ELEM  715  line segment
 1, 998, 363
*
  1.4120000E+01, 5.9392388E+00, 0.0000000E+00, 3.8076118E-01
* ELEM  716  circular arc
 3, 365, 364
*
  1.3470000E+01, 5.6700000E+00, 5.1500000E-01, 2.2500000E+01, 4.5000000E+01
* ELEM  717  circle
 2, 366, 365
*
  1.3470000E+01, 5.6700000E+00, 4.4700000E-01, 0.0000000E+00
* ELEM  718  circle
 2, 367, 366
*
  1.3470000E+01, 5.6700000E+00, 4.3800000E-01, 0.0000000E+00
* ELEM  719  circle
 2, 368, 367
*
  1.3470000E+01, 5.6700000E+00, 4.2690959E-01, 0.0000000E+00
* ELEM  720  circle
 2, 369, 368
*
  1.3470000E+01, 5.6700000E+00, 3.9175911E-01, 0.0000000E+00
* ELEM  721  circle
 2, 370, 369
*
  1.3470000E+01, 5.6700000E+00, 3.0971277E-01, 0.0000000E+00
* ELEM  722  circular arc
 3, 379, 371
*
  6.9700000E+00, 6.9700000E+00, 5.1500000E-01, 2.2500000E+02, 2.2500000E+01
* ELEM  723  line segment
 1, 371, 373
*
  6.7729180E+00, 6.4942020E+00, -7.2156848E-02, -1.7420204E-01
* ELEM  724  line segment
 1, 372, 371
*
  6.5103806E+00, 6.5103806E+00, 1.9038059E-01, -1.9038059E-01
* ELEM  725  line segment
 1, 0, 371
*
  6.6058400E+00, 6.6058400E+00, -9.5459415E-02, -9.5459415E-02
* ELEM  726  line segment
 1, 0, 372
*
  6.5103806E+00, 6.5103806E+00, -1.9038059E-01, -1.9038059E-01
* ELEM  727  circular arc
 3, 379, 373
*
  6.9700000E+00, 6.9700000E+00, 5.1500000E-01, 2.4750000E+02, 4.5000000E+01
* ELEM  728  line segment
 1, 373, 374
*
  7.1670820E+00, 6.4942020E+00, 7.2156848E-02, -1.7420204E-01
* ELEM  729  circular arc
 3, 379, 374
*
  6.9700000E+00, 6.9700000E+00, 5.1500000E-01, 2.9250000E+02, 4.5000000E+01
* ELEM  730  line segment
 1, 374, 376
*
  7.4457980E+00, 6.7729180E+00, 1.7420204E-01, -7.2156848E-02
* ELEM  731  line segment
 1, 375, 374
*
  7.2392388E+00, 6.3200000E+00, 3.8076118E-01, 3.8076118E-01
* ELEM  732  line segment
 1, 952, 375
*
  7.6200000E+00, 6.3200000E+00, 0.0000000E+00, 3.8076118E-01
* ELEM  733  circular arc
 3, 379, 376
*
  6.9700000E+00, 6.9700000E+00, 5.1500000E-01, 3.3750000E+02, 2.2500000E+01
* ELEM  734  circular arc
 3, 379, 376
*
  6.9700000E+00, 6.9700000E+00, 5.1500000E-01, 0.0000000E+00, 2.2500000E+01
* ELEM  735  line segment
 1, 376, 378
*
  7.4457980E+00, 7.1670820E+00, 1.7420204E-01, 7.2156848E-02
* ELEM  736  line segment
 1, 952, 376
*
  7.6200000E+00, 6.7007612E+00, 0.0000000E+00, 5.3847763E-01
* ELEM  737  line segment
 1, 377, 378
*
  7.6200000E+00, 7.2392388E+00, -1.9038059E-01, 1.9038059E-01
* ELEM  738  line segment
 1, 0, 377
*
  7.6200000E+00, 7.6200000E+00, -1.9038059E-01, -1.9038059E-01
* ELEM  739  line segment
 1, 952, 377
*
  7.6200000E+00, 7.2392388E+00, 0.0000000E+00, 3.8076118E-01
* ELEM  740  circular arc
 3, 379, 378
*
  6.9700000E+00, 6.9700000E+00, 5.1500000E-01, 2.2500000E+01, 2.2500000E+01
* ELEM  741  line segment
 1, 0, 378
*
  7.4296194E+00, 7.4296194E+00, -9.5459415E-02, -9.5459415E-02
* ELEM  742  line segment
 1, 0, 379
*
  6.6539233E+00, 6.6539233E+00, -4.8083261E-02, -4.8083261E-02
* ELEM  743  circular arc
 3, 380, 379
*
  6.9700000E+00, 6.9700000E+00, 4.4700000E-01, 2.2500000E+02, 1.3500000E+02
* ELEM  744  circular arc
 3, 380, 379
*
  6.9700000E+00, 6.9700000E+00, 4.4700000E-01, 0.0000000E+00, 4.5000000E+01
* ELEM  745  line segment
 1, 0, 379
*
  7.3341600E+00, 7.3341600E+00, -4.8083261E-02, -4.8083261E-02
* ELEM  746  line segment
 1, 0, 380
*
  6.6602872E+00, 6.6602872E+00, -6.3639610E-03, -6.3639610E-03
* ELEM  747  circular arc
 3, 381, 380
*
  6.9700000E+00, 6.9700000E+00, 4.3800000E-01, 2.2500000E+02, 1.3500000E+02
* ELEM  748  circular arc
 3, 381, 380
*
  6.9700000E+00, 6.9700000E+00, 4.3800000E-01, 0.0000000E+00, 4.5000000E+01
* ELEM  749  line segment
 1, 0, 380
*
  7.2860767E+00, 7.2860767E+00, -6.3639610E-03, -6.3639610E-03
* ELEM  750  line segment
 1, 0, 381
*
  6.6681293E+00, 6.6681293E+00, -7.8421025E-03, -7.8421025E-03
* ELEM  751  circular arc
 3, 382, 381
*
  6.9700000E+00, 6.9700000E+00, 4.2690959E-01, 2.2500000E+02, 1.3500000E+02
* ELEM  752  circular arc
 3, 382, 381
*
  6.9700000E+00, 6.9700000E+00, 4.2690959E-01, 0.0000000E+00, 4.5000000E+01
* ELEM  753  line segment
 1, 0, 381
*
  7.2797128E+00, 7.2797128E+00, -7.8421025E-03, -7.8421025E-03
* ELEM  754  line segment
 1, 0, 382
*
  6.6929845E+00, 6.6929845E+00, -2.4855145E-02, -2.4855145E-02
* ELEM  755  circular arc
 3, 383, 382
*
  6.9700000E+00, 6.9700000E+00, 3.9175911E-01, 2.2500000E+02, 1.3500000E+02
* ELEM  756  circular arc
 3, 383, 382
*
  6.9700000E+00, 6.9700000E+00, 3.9175911E-01, 0.0000000E+00, 4.5000000E+01
* ELEM  757  line segment
 1, 0, 382
*
  7.2718707E+00, 7.2718707E+00, -2.4855145E-02, -2.4855145E-02
* ELEM  758  line segment
 1, 0, 383
*
  6.7510000E+00, 6.7510000E+00, -5.8015523E-02, -5.8015523E-02
* ELEM  759  circular arc
 3, 384, 383
*
  6.9700000E+00, 6.9700000E+00, 3.0971277E-01, 2.2500000E+02, 1.3500000E+02
* ELEM  760  circular arc
 3, 384, 383
*
  6.9700000E+00, 6.9700000E+00, 3.0971277E-01, 0.0000000E+00, 4.5000000E+01
* ELEM  761  line segment
 1, 0, 383
*
  7.2470155E+00, 7.2470155E+00, -5.8015523E-02, -5.8015523E-02
* ELEM  762  line segment
 1, 0, 384
*
  7.1890000E+00, 7.1890000E+00, -4.3800000E-01, -4.3800000E-01
* ELEM  763  line segment
 1, 386, 385
*
  1.0672918E+01, 6.4942020E+00, -7.2156848E-02, -1.7420204E-01
* ELEM  764  circular arc
 3, 397, 385
*
  1.0870000E+01, 6.9700000E+00, 5.1500000E-01, 2.4750000E+02, 4.5000000E+01
* ELEM  765  line segment
 1, 385, 389
*
  1.1067082E+01, 6.4942020E+00, 7.2156848E-02, -1.7420204E-01
* ELEM  766  line segment
 1, 387, 386
*
  1.0220000E+01, 6.7007612E+00, 3.8076118E-01, -3.8076118E-01
* ELEM  767  line segment
 1, 390, 386
*
  1.0394202E+01, 6.7729180E+00, -1.7420204E-01, -7.2156848E-02
* ELEM  768  circular arc
 3, 397, 386
*
  1.0870000E+01, 6.9700000E+00, 5.1500000E-01, 2.0250000E+02, 4.5000000E+01
* ELEM  769  line segment
 1, 956, 387
*
  1.0220000E+01, 6.7007612E+00, 0.0000000E+00, -3.8076118E-01
* ELEM  770  line segment
 1, 388, 389
*
  1.1139239E+01, 6.3200000E+00, 3.8076118E-01, 3.8076118E-01
* ELEM  771  line segment
 1, 405, 388
*
  1.1520000E+01, 6.3200000E+00, 0.0000000E+00, 3.8076118E-01
* ELEM  772  circular arc
 3, 397, 389
*
  1.0870000E+01, 6.9700000E+00, 5.1500000E-01, 2.9250000E+02, 4.5000000E+01
* ELEM  773  line segment
 1, 389, 391
*
  1.1345798E+01, 6.7729180E+00, 1.7420204E-01, -7.2156848E-02
* ELEM  774  line segment
 1, 956, 390
*
  1.0220000E+01, 7.2392388E+00, 0.0000000E+00, -5.3847763E-01
* ELEM  775  line segment
 1, 392, 390
*
  1.0394202E+01, 7.1670820E+00, -1.7420204E-01, 7.2156848E-02
* ELEM  776  circular arc
 3, 397, 390
*
  1.0870000E+01, 6.9700000E+00, 5.1500000E-01, 1.5750000E+02, 4.5000000E+01
* ELEM  777  circular arc
 3, 397, 391
*
  1.0870000E+01, 6.9700000E+00, 5.1500000E-01, 3.3750000E+02, 2.2500000E+01
* ELEM  778  circular arc
 3, 397, 391
*
  1.0870000E+01, 6.9700000E+00, 5.1500000E-01, 0.0000000E+00, 2.2500000E+01
* ELEM  779  line segment
 1, 391, 395
*
  1.1345798E+01, 7.1670820E+00, 1.7420204E-01, 7.2156848E-02
* ELEM  780  line segment
 1, 408, 391
*
  1.1520000E+01, 6.7007612E+00, 0.0000000E+00, 5.3847763E-01
* ELEM  781  line segment
 1, 393, 392
*
  1.0600761E+01, 7.6200000E+00, -3.8076118E-01, -3.8076118E-01
* ELEM  782  line segment
 1, 396, 392
*
  1.0672918E+01, 7.4457980E+00, -7.2156848E-02, 1.7420204E-01
* ELEM  783  circular arc
 3, 397, 392
*
  1.0870000E+01, 6.9700000E+00, 5.1500000E-01, 1.1250000E+02, 4.5000000E+01
* ELEM  784  line segment
 1, 956, 393
*
  1.0220000E+01, 7.6200000E+00, 0.0000000E+00, -3.8076118E-01
* ELEM  785  line segment
 1, 473, 393
*
  1.0600761E+01, 7.6200000E+00, -3.8076118E-01, 0.0000000E+00
* ELEM  786  line segment
 1, 394, 395
*
  1.1520000E+01, 7.2392388E+00, -3.8076118E-01, 3.8076118E-01
* ELEM  787  line segment
 1, 474, 394
*
  1.1520000E+01, 7.6200000E+00, -3.8076118E-01, 0.0000000E+00
* ELEM  788  line segment
 1, 411, 394
*
  1.1520000E+01, 7.2392388E+00, 0.0000000E+00, 3.8076118E-01
* ELEM  789  circular arc
 3, 397, 395
*
  1.0870000E+01, 6.9700000E+00, 5.1500000E-01, 2.2500000E+01, 4.5000000E+01
* ELEM  790  line segment
 1, 395, 396
*
  1.1067082E+01, 7.4457980E+00, 7.2156848E-02, 1.7420204E-01
* ELEM  791  line segment
 1, 471, 396
*
  1.1139239E+01, 7.6200000E+00, -5.3847763E-01, 0.0000000E+00
* ELEM  792  circular arc
 3, 397, 396
*
  1.0870000E+01, 6.9700000E+00, 5.1500000E-01, 6.7500000E+01, 4.5000000E+01
* ELEM  793  circle
 2, 398, 397
*
  1.0870000E+01, 6.9700000E+00, 4.4700000E-01, 0.0000000E+00
* ELEM  794  circle
 2, 399, 398
*
  1.0870000E+01, 6.9700000E+00, 4.3800000E-01, 0.0000000E+00
* ELEM  795  circle
 2, 400, 399
*
  1.0870000E+01, 6.9700000E+00, 4.2690959E-01, 0.0000000E+00
* ELEM  796  circle
 2, 401, 400
*
  1.0870000E+01, 6.9700000E+00, 3.9175911E-01, 0.0000000E+00
* ELEM  797  circle
 2, 402, 401
*
  1.0870000E+01, 6.9700000E+00, 3.0971277E-01, 0.0000000E+00
* ELEM  798  line segment
 1, 404, 403
*
  1.1972918E+01, 6.4942020E+00, -7.2156848E-02, -1.7420204E-01
* ELEM  799  circular arc
 3, 415, 403
*
  1.2170000E+01, 6.9700000E+00, 5.1500000E-01, 2.4750000E+02, 4.5000000E+01
* ELEM  800  line segment
 1, 403, 407
*
  1.2367082E+01, 6.4942020E+00, 7.2156848E-02, -1.7420204E-01
* ELEM  801  line segment
 1, 405, 404
*
  1.1520000E+01, 6.7007612E+00, 3.8076118E-01, -3.8076118E-01
* ELEM  802  line segment
 1, 408, 404
*
  1.1694202E+01, 6.7729180E+00, -1.7420204E-01, -7.2156848E-02
* ELEM  803  circular arc
 3, 415, 404
*
  1.2170000E+01, 6.9700000E+00, 5.1500000E-01, 2.0250000E+02, 4.5000000E+01
* ELEM  804  line segment
 1, 406, 407
*
  1.2439239E+01, 6.3200000E+00, 3.8076118E-01, 3.8076118E-01
* ELEM  805  line segment
 1, 423, 406
*
  1.2820000E+01, 6.3200000E+00, 0.0000000E+00, 3.8076118E-01
* ELEM  806  circular arc
 3, 415, 407
*
  1.2170000E+01, 6.9700000E+00, 5.1500000E-01, 2.9250000E+02, 4.5000000E+01
* ELEM  807  line segment
 1, 407, 409
*
  1.2645798E+01, 6.7729180E+00, 1.7420204E-01, -7.2156848E-02
* ELEM  808  line segment
 1, 410, 408
*
  1.1694202E+01, 7.1670820E+00, -1.7420204E-01, 7.2156848E-02
* ELEM  809  circular arc
 3, 415, 408
*
  1.2170000E+01, 6.9700000E+00, 5.1500000E-01, 1.5750000E+02, 4.5000000E+01
* ELEM  810  circular arc
 3, 415, 409
*
  1.2170000E+01, 6.9700000E+00, 5.1500000E-01, 3.3750000E+02, 2.2500000E+01
* ELEM  811  circular arc
 3, 415, 409
*
  1.2170000E+01, 6.9700000E+00, 5.1500000E-01, 0.0000000E+00, 2.2500000E+01
* ELEM  812  line segment
 1, 409, 413
*
  1.2645798E+01, 7.1670820E+00, 1.7420204E-01, 7.2156848E-02
* ELEM  813  line segment
 1, 426, 409
*
  1.2820000E+01, 6.7007612E+00, 0.0000000E+00, 5.3847763E-01
* ELEM  814  line segment
 1, 411, 410
*
  1.1900761E+01, 7.6200000E+00, -3.8076118E-01, -3.8076118E-01
* ELEM  815  line segment
 1, 414, 410
*
  1.1972918E+01, 7.4457980E+00, -7.2156848E-02, 1.7420204E-01
* ELEM  816  circular arc
 3, 415, 410
*
  1.2170000E+01, 6.9700000E+00, 5.1500000E-01, 1.1250000E+02, 4.5000000E+01
* ELEM  817  line segment
 1, 491, 411
*
  1.1900761E+01, 7.6200000E+00, -3.8076118E-01, 0.0000000E+00
* ELEM  818  line segment
 1, 412, 413
*
  1.2820000E+01, 7.2392388E+00, -3.8076118E-01, 3.8076118E-01
* ELEM  819  line segment
 1, 492, 412
*
  1.2820000E+01, 7.6200000E+00, -3.8076118E-01, 0.0000000E+00
* ELEM  820  line segment
 1, 429, 412
*
  1.2820000E+01, 7.2392388E+00, 0.0000000E+00, 3.8076118E-01
* ELEM  821  circular arc
 3, 415, 413
*
  1.2170000E+01, 6.9700000E+00, 5.1500000E-01, 2.2500000E+01, 4.5000000E+01
* ELEM  822  line segment
 1, 413, 414
*
  1.2367082E+01, 7.4457980E+00, 7.2156848E-02, 1.7420204E-01
* ELEM  823  line segment
 1, 489, 414
*
  1.2439239E+01, 7.6200000E+00, -5.3847763E-01, 0.0000000E+00
* ELEM  824  circular arc
 3, 415, 414
*
  1.2170000E+01, 6.9700000E+00, 5.1500000E-01, 6.7500000E+01, 4.5000000E+01
* ELEM  825  circle
 2, 416, 415
*
  1.2170000E+01, 6.9700000E+00, 4.4700000E-01, 0.0000000E+00
* ELEM  826  circle
 2, 417, 416
*
  1.2170000E+01, 6.9700000E+00, 4.3800000E-01, 0.0000000E+00
* ELEM  827  circle
 2, 418, 417
*
  1.2170000E+01, 6.9700000E+00, 4.2690959E-01, 0.0000000E+00
* ELEM  828  circle
 2, 419, 418
*
  1.2170000E+01, 6.9700000E+00, 3.9175911E-01, 0.0000000E+00
* ELEM  829  circle
 2, 420, 419
*
  1.2170000E+01, 6.9700000E+00, 3.0971277E-01, 0.0000000E+00
* ELEM  830  line segment
 1, 422, 421
*
  1.3272918E+01, 6.4942020E+00, -7.2156848E-02, -1.7420204E-01
* ELEM  831  circular arc
 3, 433, 421
*
  1.3470000E+01, 6.9700000E+00, 5.1500000E-01, 2.4750000E+02, 4.5000000E+01
* ELEM  832  line segment
 1, 421, 425
*
  1.3667082E+01, 6.4942020E+00, 7.2156848E-02, -1.7420204E-01
* ELEM  833  line segment
 1, 423, 422
*
  1.2820000E+01, 6.7007612E+00, 3.8076118E-01, -3.8076118E-01
* ELEM  834  line segment
 1, 426, 422
*
  1.2994202E+01, 6.7729180E+00, -1.7420204E-01, -7.2156848E-02
* ELEM  835  circular arc
 3, 433, 422
*
  1.3470000E+01, 6.9700000E+00, 5.1500000E-01, 2.0250000E+02, 4.5000000E+01
* ELEM  836  line segment
 1, 424, 425
*
  1.3739239E+01, 6.3200000E+00, 3.8076118E-01, 3.8076118E-01
* ELEM  837  line segment
 1, 1001, 424
*
  1.4120000E+01, 6.3200000E+00, 0.0000000E+00, 3.8076118E-01
* ELEM  838  circular arc
 3, 433, 425
*
  1.3470000E+01, 6.9700000E+00, 5.1500000E-01, 2.9250000E+02, 4.5000000E+01
* ELEM  839  line segment
 1, 425, 427
*
  1.3945798E+01, 6.7729180E+00, 1.7420204E-01, -7.2156848E-02
* ELEM  840  line segment
 1, 428, 426
*
  1.2994202E+01, 7.1670820E+00, -1.7420204E-01, 7.2156848E-02
* ELEM  841  circular arc
 3, 433, 426
*
  1.3470000E+01, 6.9700000E+00, 5.1500000E-01, 1.5750000E+02, 4.5000000E+01
* ELEM  842  circular arc
 3, 433, 427
*
  1.3470000E+01, 6.9700000E+00, 5.1500000E-01, 3.3750000E+02, 2.2500000E+01
* ELEM  843  circular arc
 3, 433, 427
*
  1.3470000E+01, 6.9700000E+00, 5.1500000E-01, 0.0000000E+00, 2.2500000E+01
* ELEM  844  line segment
 1, 427, 431
*
  1.3945798E+01, 7.1670820E+00, 1.7420204E-01, 7.2156848E-02
* ELEM  845  line segment
 1, 1001, 427
*
  1.4120000E+01, 6.7007612E+00, 0.0000000E+00, 5.3847763E-01
* ELEM  846  line segment
 1, 429, 428
*
  1.3200761E+01, 7.6200000E+00, -3.8076118E-01, -3.8076118E-01
* ELEM  847  line segment
 1, 432, 428
*
  1.3272918E+01, 7.4457980E+00, -7.2156848E-02, 1.7420204E-01
* ELEM  848  circular arc
 3, 433, 428
*
  1.3470000E+01, 6.9700000E+00, 5.1500000E-01, 1.1250000E+02, 4.5000000E+01
* ELEM  849  line segment
 1, 516, 429
*
  1.3200761E+01, 7.6200000E+00, -3.8076118E-01, 0.0000000E+00
* ELEM  850  line segment
 1, 430, 431
*
  1.4120000E+01, 7.2392388E+00, -3.8076118E-01, 3.8076118E-01
* ELEM  851  line segment
 1, 517, 430
*
  1.4120000E+01, 7.6200000E+00, -3.8076118E-01, 0.0000000E+00
* ELEM  852  line segment
 1, 1001, 430
*
  1.4120000E+01, 7.2392388E+00, 0.0000000E+00, 3.8076118E-01
* ELEM  853  circular arc
 3, 433, 431
*
  1.3470000E+01, 6.9700000E+00, 5.1500000E-01, 2.2500000E+01, 4.5000000E+01
* ELEM  854  line segment
 1, 431, 432
*
  1.3667082E+01, 7.4457980E+00, 7.2156848E-02, 1.7420204E-01
* ELEM  855  line segment
 1, 514, 432
*
  1.3739239E+01, 7.6200000E+00, -5.3847763E-01, 0.0000000E+00
* ELEM  856  circular arc
 3, 433, 432
*
  1.3470000E+01, 6.9700000E+00, 5.1500000E-01, 6.7500000E+01, 4.5000000E+01
* ELEM  857  circle
 2, 434, 433
*
  1.3470000E+01, 6.9700000E+00, 4.4700000E-01, 0.0000000E+00
* ELEM  858  circle
 2, 435, 434
*
  1.3470000E+01, 6.9700000E+00, 4.3800000E-01, 0.0000000E+00
* ELEM  859  circle
 2, 436, 435
*
  1.3470000E+01, 6.9700000E+00, 4.2690959E-01, 0.0000000E+00
* ELEM  860  circle
 2, 437, 436
*
  1.3470000E+01, 6.9700000E+00, 3.9175911E-01, 0.0000000E+00
* ELEM  861  circle
 2, 438, 437
*
  1.3470000E+01, 6.9700000E+00, 3.0971277E-01, 0.0000000E+00
* ELEM  862  circular arc
 3, 447, 439
*
  8.2700000E+00, 8.2700000E+00, 5.1500000E-01, 2.2500000E+02, 2.2500000E+01
* ELEM  863  line segment
 1, 439, 441
*
  8.0729180E+00, 7.7942020E+00, -7.2156848E-02, -1.7420204E-01
* ELEM  864  line segment
 1, 440, 439
*
  7.8103806E+00, 7.8103806E+00, 1.9038059E-01, -1.9038059E-01
* ELEM  865  line segment
 1, 0, 439
*
  7.9058400E+00, 7.9058400E+00, -9.5459415E-02, -9.5459415E-02
* ELEM  866  line segment
 1, 953, 440
*
  7.6200000E+00, 7.6200000E+00, 3.8076118E-01, 0.0000000E+00
* ELEM  867  line segment
 1, 0, 440
*
  7.8103806E+00, 7.8103806E+00, -1.9038059E-01, -1.9038059E-01
* ELEM  868  circular arc
 3, 447, 441
*
  8.2700000E+00, 8.2700000E+00, 5.1500000E-01, 2.4750000E+02, 4.5000000E+01
* ELEM  869  line segment
 1, 441, 442
*
  8.4670820E+00, 7.7942020E+00, 7.2156848E-02, -1.7420204E-01
* ELEM  870  line segment
 1, 953, 441
*
  8.0007612E+00, 7.6200000E+00, 5.3847763E-01, 0.0000000E+00
* ELEM  871  circular arc
 3, 447, 442
*
  8.2700000E+00, 8.2700000E+00, 5.1500000E-01, 2.9250000E+02, 4.5000000E+01
* ELEM  872  line segment
 1, 442, 444
*
  8.7457980E+00, 8.0729180E+00, 1.7420204E-01, -7.2156848E-02
* ELEM  873  line segment
 1, 443, 442
*
  8.5392388E+00, 7.6200000E+00, 3.8076118E-01, 3.8076118E-01
* ELEM  874  line segment
 1, 453, 443
*
  8.9200000E+00, 7.6200000E+00, 0.0000000E+00, 3.8076118E-01
* ELEM  875  line segment
 1, 953, 443
*
  8.5392388E+00, 7.6200000E+00, 3.8076118E-01, 0.0000000E+00
* ELEM  876  circular arc
 3, 447, 444
*
  8.2700000E+00, 8.2700000E+00, 5.1500000E-01, 3.3750000E+02, 2.2500000E+01
* ELEM  877  circular arc
 3, 447, 444
*
  8.2700000E+00, 8.2700000E+00, 5.1500000E-01, 0.0000000E+00, 2.2500000E+01
* ELEM  878  line segment
 1, 444, 446
*
  8.7457980E+00, 8.4670820E+00, 1.7420204E-01, 7.2156848E-02
* ELEM  879  line segment
 1, 456, 444
*
  8.9200000E+00, 8.0007612E+00, 0.0000000E+00, 5.3847763E-01
* ELEM  880  line segment
 1, 445, 446
*
  8.9200000E+00, 8.5392388E+00, -1.9038059E-01, 1.9038059E-01
* ELEM  881  line segment
 1, 0, 445
*
  8.9200000E+00, 8.9200000E+00, -1.9038059E-01, -1.9038059E-01
* ELEM  882  line segment
 1, 460, 445
*
  8.9200000E+00, 8.5392388E+00, 0.0000000E+00, 3.8076118E-01
* ELEM  883  circular arc
 3, 447, 446
*
  8.2700000E+00, 8.2700000E+00, 5.1500000E-01, 2.2500000E+01, 2.2500000E+01
* ELEM  884  line segment
 1, 0, 446
*
  8.7296194E+00, 8.7296194E+00, -9.5459415E-02, -9.5459415E-02
* ELEM  885  line segment
 1, 0, 447
*
  7.9539233E+00, 7.9539233E+00, -4.8083261E-02, -4.8083261E-02
* ELEM  886  circular arc
 3, 448, 447
*
  8.2700000E+00, 8.2700000E+00, 4.4700000E-01, 2.2500000E+02, 1.3500000E+02
* ELEM  887  circular arc
 3, 448, 447
*
  8.2700000E+00, 8.2700000E+00, 4.4700000E-01, 0.0000000E+00, 4.5000000E+01
* ELEM  888  line segment
 1, 0, 447
*
  8.6341600E+00, 8.6341600E+00, -4.8083261E-02, -4.8083261E-02
* ELEM  889  line segment
 1, 0, 448
*
  7.9602872E+00, 7.9602872E+00, -6.3639610E-03, -6.3639610E-03
* ELEM  890  circular arc
 3, 449, 448
*
  8.2700000E+00, 8.2700000E+00, 4.3800000E-01, 2.2500000E+02, 1.3500000E+02
* ELEM  891  circular arc
 3, 449, 448
*
  8.2700000E+00, 8.2700000E+00, 4.3800000E-01, 0.0000000E+00, 4.5000000E+01
* ELEM  892  line segment
 1, 0, 448
*
  8.5860767E+00, 8.5860767E+00, -6.3639610E-03, -6.3639610E-03
* ELEM  893  line segment
 1, 0, 449
*
  7.9681293E+00, 7.9681293E+00, -7.8421025E-03, -7.8421025E-03
* ELEM  894  circular arc
 3, 450, 449
*
  8.2700000E+00, 8.2700000E+00, 4.2690959E-01, 2.2500000E+02, 1.3500000E+02
* ELEM  895  circular arc
 3, 450, 449
*
  8.2700000E+00, 8.2700000E+00, 4.2690959E-01, 0.0000000E+00, 4.5000000E+01
* ELEM  896  line segment
 1, 0, 449
*
  8.5797128E+00, 8.5797128E+00, -7.8421025E-03, -7.8421025E-03
* ELEM  897  line segment
 1, 0, 450
*
  7.9929845E+00, 7.9929845E+00, -2.4855145E-02, -2.4855145E-02
* ELEM  898  circular arc
 3, 451, 450
*
  8.2700000E+00, 8.2700000E+00, 3.9175911E-01, 2.2500000E+02, 1.3500000E+02
* ELEM  899  circular arc
 3, 451, 450
*
  8.2700000E+00, 8.2700000E+00, 3.9175911E-01, 0.0000000E+00, 4.5000000E+01
* ELEM  900  line segment
 1, 0, 450
*
  8.5718707E+00, 8.5718707E+00, -2.4855145E-02, -2.4855145E-02
* ELEM  901  line segment
 1, 0, 451
*
  8.0510000E+00, 8.0510000E+00, -5.8015523E-02, -5.8015523E-02
* ELEM  902  circular arc
 3, 452, 451
*
  8.2700000E+00, 8.2700000E+00, 3.0971277E-01, 2.2500000E+02, 1.3500000E+02
* ELEM  903  circular arc
 3, 452, 451
*
  8.2700000E+00, 8.2700000E+00, 3.0971277E-01, 0.0000000E+00, 4.5000000E+01
* ELEM  904  line segment
 1, 0, 451
*
  8.5470155E+00, 8.5470155E+00, -5.8015523E-02, -5.8015523E-02
* ELEM  905  line segment
 1, 0, 452
*
  8.4890000E+00, 8.4890000E+00, -4.3800000E-01, -4.3800000E-01
* ELEM  906  line segment
 1, 453, 455
*
  8.9200000E+00, 8.0007612E+00, 3.8076118E-01, -3.8076118E-01
* ELEM  907  line segment
 1, 955, 453
*
  8.9200000E+00, 7.6200000E+00, 3.8076118E-01, 0.0000000E+00
* ELEM  908  line segment
 1, 455, 454
*
  9.3729180E+00, 7.7942020E+00, -7.2156848E-02, -1.7420204E-01
* ELEM  909  circular arc
 3, 465, 454
*
  9.5700000E+00, 8.2700000E+00, 5.1500000E-01, 2.4750000E+02, 4.5000000E+01
* ELEM  910  line segment
 1, 454, 458
*
  9.7670820E+00, 7.7942020E+00, 7.2156848E-02, -1.7420204E-01
* ELEM  911  line segment
 1, 955, 454
*
  9.3007612E+00, 7.6200000E+00, 5.3847763E-01, 0.0000000E+00
* ELEM  912  line segment
 1, 456, 455
*
  9.0942020E+00, 8.0729180E+00, -1.7420204E-01, -7.2156848E-02
* ELEM  913  circular arc
 3, 465, 455
*
  9.5700000E+00, 8.2700000E+00, 5.1500000E-01, 2.0250000E+02, 4.5000000E+01
* ELEM  914  line segment
 1, 459, 456
*
  9.0942020E+00, 8.4670820E+00, -1.7420204E-01, 7.2156848E-02
* ELEM  915  circular arc
 3, 465, 456
*
  9.5700000E+00, 8.2700000E+00, 5.1500000E-01, 1.5750000E+02, 4.5000000E+01
* ELEM  916  line segment
 1, 457, 458
*
  9.8392388E+00, 7.6200000E+00, 3.8076118E-01, 3.8076118E-01
* ELEM  917  line segment
 1, 473, 457
*
  1.0220000E+01, 7.6200000E+00, 0.0000000E+00, 3.8076118E-01
* ELEM  918  line segment
 1, 955, 457
*
  9.8392388E+00, 7.6200000E+00, 3.8076118E-01, 0.0000000E+00
* ELEM  919  circular arc
 3, 465, 458
*
  9.5700000E+00, 8.2700000E+00, 5.1500000E-01, 2.9250000E+02, 4.5000000E+01
* ELEM  920  line segment
 1, 458, 461
*
  1.0045798E+01, 8.0729180E+00, 1.7420204E-01, -7.2156848E-02
* ELEM  921  line segment
 1, 460, 459
*
  9.3007612E+00, 8.9200000E+00, -3.8076118E-01, -3.8076118E-01
* ELEM  922  line segment
 1, 462, 459
*
  9.3729180E+00, 8.7457980E+00, -7.2156848E-02, 1.7420204E-01
* ELEM  923  circular arc
 3, 465, 459
*
  9.5700000E+00, 8.2700000E+00, 5.1500000E-01, 1.1250000E+02, 4.5000000E+01
* ELEM  924  line segment
 1, 533, 460
*
  9.3007612E+00, 8.9200000E+00, -3.8076118E-01, 0.0000000E+00
* ELEM  925  circular arc
 3, 465, 461
*
  9.5700000E+00, 8.2700000E+00, 5.1500000E-01, 3.3750000E+02, 2.2500000E+01
* ELEM  926  circular arc
 3, 465, 461
*
  9.5700000E+00, 8.2700000E+00, 5.1500000E-01, 0.0000000E+00, 2.2500000E+01
* ELEM  927  line segment
 1, 461, 464
*
  1.0045798E+01, 8.4670820E+00, 1.7420204E-01, 7.2156848E-02
* ELEM  928  line segment
 1, 476, 461
*
  1.0220000E+01, 8.0007612E+00, 0.0000000E+00, 5.3847763E-01
* ELEM  929  line segment
 1, 534, 462
*
  9.8392388E+00, 8.9200000E+00, -5.3847763E-01, 0.0000000E+00
* ELEM  930  line segment
 1, 464, 462
*
  9.7670820E+00, 8.7457980E+00, 7.2156848E-02, 1.7420204E-01
* ELEM  931  circular arc
 3, 465, 462
*
  9.5700000E+00, 8.2700000E+00, 5.1500000E-01, 6.7500000E+01, 4.5000000E+01
* ELEM  932  line segment
 1, 463, 464
*
  1.0220000E+01, 8.5392388E+00, -3.8076118E-01, 3.8076118E-01
* ELEM  933  line segment
 1, 536, 463
*
  1.0220000E+01, 8.9200000E+00, -3.8076118E-01, 0.0000000E+00
* ELEM  934  line segment
 1, 479, 463
*
  1.0220000E+01, 8.5392388E+00, 0.0000000E+00, 3.8076118E-01
* ELEM  935  circular arc
 3, 465, 464
*
  9.5700000E+00, 8.2700000E+00, 5.1500000E-01, 2.2500000E+01, 4.5000000E+01
* ELEM  936  circle
 2, 466, 465
*
  9.5700000E+00, 8.2700000E+00, 4.4700000E-01, 0.0000000E+00
* ELEM  937  circle
 2, 467, 466
*
  9.5700000E+00, 8.2700000E+00, 4.3800000E-01, 0.0000000E+00
* ELEM  938  circle
 2, 468, 467
*
  9.5700000E+00, 8.2700000E+00, 4.2690959E-01, 0.0000000E+00
* ELEM  939  circle
 2, 469, 468
*
  9.5700000E+00, 8.2700000E+00, 3.9175911E-01, 0.0000000E+00
* ELEM  940  circle
 2, 470, 469
*
  9.5700000E+00, 8.2700000E+00, 3.0971277E-01, 0.0000000E+00
* ELEM  941  line segment
 1, 472, 471
*
  1.0672918E+01, 7.7942020E+00, -7.2156848E-02, -1.7420204E-01
* ELEM  942  circular arc
 3, 483, 471
*
  1.0870000E+01, 8.2700000E+00, 5.1500000E-01, 2.4750000E+02, 4.5000000E+01
* ELEM  943  line segment
 1, 471, 475
*
  1.1067082E+01, 7.7942020E+00, 7.2156848E-02, -1.7420204E-01
* ELEM  944  line segment
 1, 473, 472
*
  1.0220000E+01, 8.0007612E+00, 3.8076118E-01, -3.8076118E-01
* ELEM  945  line segment
 1, 476, 472
*
  1.0394202E+01, 8.0729180E+00, -1.7420204E-01, -7.2156848E-02
* ELEM  946  circular arc
 3, 483, 472
*
  1.0870000E+01, 8.2700000E+00, 5.1500000E-01, 2.0250000E+02, 4.5000000E+01
* ELEM  947  line segment
 1, 474, 475
*
  1.1139239E+01, 7.6200000E+00, 3.8076118E-01, 3.8076118E-01
* ELEM  948  line segment
 1, 491, 474
*
  1.1520000E+01, 7.6200000E+00, 0.0000000E+00, 3.8076118E-01
* ELEM  949  circular arc
 3, 483, 475
*
  1.0870000E+01, 8.2700000E+00, 5.1500000E-01, 2.9250000E+02, 4.5000000E+01
* ELEM  950  line segment
 1, 475, 477
*
  1.1345798E+01, 8.0729180E+00, 1.7420204E-01, -7.2156848E-02
* ELEM  951  line segment
 1, 478, 476
*
  1.0394202E+01, 8.4670820E+00, -1.7420204E-01, 7.2156848E-02
* ELEM  952  circular arc
 3, 483, 476
*
  1.0870000E+01, 8.2700000E+00, 5.1500000E-01, 1.5750000E+02, 4.5000000E+01
* ELEM  953  circular arc
 3, 483, 477
*
  1.0870000E+01, 8.2700000E+00, 5.1500000E-01, 3.3750000E+02, 2.2500000E+01
* ELEM  954  circular arc
 3, 483, 477
*
  1.0870000E+01, 8.2700000E+00, 5.1500000E-01, 0.0000000E+00, 2.2500000E+01
* ELEM  955  line segment
 1, 477, 481
*
  1.1345798E+01, 8.4670820E+00, 1.7420204E-01, 7.2156848E-02
* ELEM  956  line segment
 1, 494, 477
*
  1.1520000E+01, 8.0007612E+00, 0.0000000E+00, 5.3847763E-01
* ELEM  957  line segment
 1, 479, 478
*
  1.0600761E+01, 8.9200000E+00, -3.8076118E-01, -3.8076118E-01
* ELEM  958  line segment
 1, 482, 478
*
  1.0672918E+01, 8.7457980E+00, -7.2156848E-02, 1.7420204E-01
* ELEM  959  circular arc
 3, 483, 478
*
  1.0870000E+01, 8.2700000E+00, 5.1500000E-01, 1.1250000E+02, 4.5000000E+01
* ELEM  960  line segment
 1, 548, 479
*
  1.0600761E+01, 8.9200000E+00, -3.8076118E-01, 0.0000000E+00
* ELEM  961  line segment
 1, 480, 481
*
  1.1520000E+01, 8.5392388E+00, -3.8076118E-01, 3.8076118E-01
* ELEM  962  line segment
 1, 549, 480
*
  1.1520000E+01, 8.9200000E+00, -3.8076118E-01, 0.0000000E+00
* ELEM  963  line segment
 1, 497, 480
*
  1.1520000E+01, 8.5392388E+00, 0.0000000E+00, 3.8076118E-01
* ELEM  964  circular arc
 3, 483, 481
*
  1.0870000E+01, 8.2700000E+00, 5.1500000E-01, 2.2500000E+01, 4.5000000E+01
* ELEM  965  line segment
 1, 481, 482
*
  1.1067082E+01, 8.7457980E+00, 7.2156848E-02, 1.7420204E-01
* ELEM  966  line segment
 1, 546, 482
*
  1.1139239E+01, 8.9200000E+00, -5.3847763E-01, 0.0000000E+00
* ELEM  967  circular arc
 3, 483, 482
*
  1.0870000E+01, 8.2700000E+00, 5.1500000E-01, 6.7500000E+01, 4.5000000E+01
* ELEM  968  circle
 2, 484, 483
*
  1.0870000E+01, 8.2700000E+00, 4.4700000E-01, 0.0000000E+00
* ELEM  969  circle
 2, 485, 484
*
  1.0870000E+01, 8.2700000E+00, 4.3800000E-01, 0.0000000E+00
* ELEM  970  circle
 2, 486, 485
*
  1.0870000E+01, 8.2700000E+00, 4.2690959E-01, 0.0000000E+00
* ELEM  971  circle
 2, 487, 486
*
  1.0870000E+01, 8.2700000E+00, 3.9175911E-01, 0.0000000E+00
* ELEM  972  circle
 2, 488, 487
*
  1.0870000E+01, 8.2700000E+00, 3.0971277E-01, 0.0000000E+00
* ELEM  973  line segment
 1, 490, 489
*
  1.1972918E+01, 7.7942020E+00, -7.2156848E-02, -1.7420204E-01
* ELEM  974  circular arc
 3, 501, 489
*
  1.2170000E+01, 8.2700000E+00, 5.1500000E-01, 2.4750000E+02, 4.5000000E+01
* ELEM  975  line segment
 1, 489, 493
*
  1.2367082E+01, 7.7942020E+00, 7.2156848E-02, -1.7420204E-01
* ELEM  976  line segment
 1, 491, 490
*
  1.1520000E+01, 8.0007612E+00, 3.8076118E-01, -3.8076118E-01
* ELEM  977  line segment
 1, 494, 490
*
  1.1694202E+01, 8.0729180E+00, -1.7420204E-01, -7.2156848E-02
* ELEM  978  circular arc
 3, 501, 490
*
  1.2170000E+01, 8.2700000E+00, 5.1500000E-01, 2.0250000E+02, 4.5000000E+01
* ELEM  979  line segment
 1, 492, 493
*
  1.2439239E+01, 7.6200000E+00, 3.8076118E-01, 3.8076118E-01
* ELEM  980  line segment
 1, 516, 492
*
  1.2820000E+01, 7.6200000E+00, 0.0000000E+00, 3.8076118E-01
* ELEM  981  circular arc
 3, 501, 493
*
  1.2170000E+01, 8.2700000E+00, 5.1500000E-01, 2.9250000E+02, 4.5000000E+01
* ELEM  982  line segment
 1, 493, 495
*
  1.2645798E+01, 8.0729180E+00, 1.7420204E-01, -7.2156848E-02
* ELEM  983  line segment
 1, 496, 494
*
  1.1694202E+01, 8.4670820E+00, -1.7420204E-01, 7.2156848E-02
* ELEM  984  circular arc
 3, 501, 494
*
  1.2170000E+01, 8.2700000E+00, 5.1500000E-01, 1.5750000E+02, 4.5000000E+01
* ELEM  985  circular arc
 3, 501, 495
*
  1.2170000E+01, 8.2700000E+00, 5.1500000E-01, 3.3750000E+02, 2.2500000E+01
* ELEM  986  circular arc
 3, 501, 495
*
  1.2170000E+01, 8.2700000E+00, 5.1500000E-01, 0.0000000E+00, 2.2500000E+01
* ELEM  987  line segment
 1, 495, 499
*
  1.2645798E+01, 8.4670820E+00, 1.7420204E-01, 7.2156848E-02
* ELEM  988  line segment
 1, 519, 495
*
  1.2820000E+01, 8.0007612E+00, 0.0000000E+00, 5.3847763E-01
* ELEM  989  line segment
 1, 497, 496
*
  1.1900761E+01, 8.9200000E+00, -3.8076118E-01, -3.8076118E-01
* ELEM  990  line segment
 1, 500, 496
*
  1.1972918E+01, 8.7457980E+00, -7.2156848E-02, 1.7420204E-01
* ELEM  991  circular arc
 3, 501, 496
*
  1.2170000E+01, 8.2700000E+00, 5.1500000E-01, 1.1250000E+02, 4.5000000E+01
* ELEM  992  line segment
 1, 573, 497
*
  1.1900761E+01, 8.9200000E+00, -3.8076118E-01, 0.0000000E+00
* ELEM  993  line segment
 1, 498, 499
*
  1.2820000E+01, 8.5392388E+00, -3.8076118E-01, 3.8076118E-01
* ELEM  994  line segment
 1, 574, 498
*
  1.2820000E+01, 8.9200000E+00, -3.8076118E-01, 0.0000000E+00
* ELEM  995  line segment
 1, 522, 498
*
  1.2820000E+01, 8.5392388E+00, 0.0000000E+00, 3.8076118E-01
* ELEM  996  circular arc
 3, 501, 499
*
  1.2170000E+01, 8.2700000E+00, 5.1500000E-01, 2.2500000E+01, 4.5000000E+01
* ELEM  997  line segment
 1, 499, 500
*
  1.2367082E+01, 8.7457980E+00, 7.2156848E-02, 1.7420204E-01
* ELEM  998  line segment
 1, 571, 500
*
  1.2439239E+01, 8.9200000E+00, -5.3847763E-01, 0.0000000E+00
* ELEM  999  circular arc
 3, 501, 500
*
  1.2170000E+01, 8.2700000E+00, 5.1500000E-01, 6.7500000E+01, 4.5000000E+01
* ELEM  1000  circle
 2, 502, 501
*
  1.2170000E+01, 8.2700000E+00, 4.4700000E-01, 0.0000000E+00
* ELEM  1001  circle
 2, 503, 502
*
  1.2170000E+01, 8.2700000E+00, 4.3800000E-01, 0.0000000E+00
* ELEM  1002  circle
 2, 504, 503
*
  1.2170000E+01, 8.2700000E+00, 4.2690959E-01, 0.0000000E+00
* ELEM  1003  circle
 2, 505, 504
*
  1.2170000E+01, 8.2700000E+00, 4.1552328E-01, 0.0000000E+00
* ELEM  1004  circle
 2, 506, 505
*
  1.2170000E+01, 8.2700000E+00, 3.9175911E-01, 0.0000000E+00
* ELEM  1005  circle
 2, 507, 506
*
  1.2170000E+01, 8.2700000E+00, 3.6645709E-01, 0.0000000E+00
* ELEM  1006  circle
 2, 508, 507
*
  1.2170000E+01, 8.2700000E+00, 3.3927334E-01, 0.0000000E+00
* ELEM  1007  circle
 2, 509, 508
*
  1.2170000E+01, 8.2700000E+00, 3.0971277E-01, 0.0000000E+00
* ELEM  1008  circle
 2, 510, 509
*
  1.2170000E+01, 8.2700000E+00, 2.7701552E-01, 0.0000000E+00
* ELEM  1009  circle
 2, 511, 510
*
  1.2170000E+01, 8.2700000E+00, 2.3990248E-01, 0.0000000E+00
* ELEM  1010  circle
 2, 512, 511
*
  1.2170000E+01, 8.2700000E+00, 1.9587955E-01, 0.0000000E+00
* ELEM  1011  circle
 2, 513, 512
*
  1.2170000E+01, 8.2700000E+00, 1.3850776E-01, 0.0000000E+00
* ELEM  1012  line segment
 1, 515, 514
*
  1.3272918E+01, 7.7942020E+00, -7.2156848E-02, -1.7420204E-01
* ELEM  1013  circular arc
 3, 526, 514
*
  1.3470000E+01, 8.2700000E+00, 5.1500000E-01, 2.4750000E+02, 4.5000000E+01
* ELEM  1014  line segment
 1, 514, 518
*
  1.3667082E+01, 7.7942020E+00, 7.2156848E-02, -1.7420204E-01
* ELEM  1015  line segment
 1, 516, 515
*
  1.2820000E+01, 8.0007612E+00, 3.8076118E-01, -3.8076118E-01
* ELEM  1016  line segment
 1, 519, 515
*
  1.2994202E+01, 8.0729180E+00, -1.7420204E-01, -7.2156848E-02
* ELEM  1017  circular arc
 3, 526, 515
*
  1.3470000E+01, 8.2700000E+00, 5.1500000E-01, 2.0250000E+02, 4.5000000E+01
* ELEM  1018  line segment
 1, 517, 518
*
  1.3739239E+01, 7.6200000E+00, 3.8076118E-01, 3.8076118E-01
* ELEM  1019  line segment
 1, 1004, 517
*
  1.4120000E+01, 7.6200000E+00, 0.0000000E+00, 3.8076118E-01
* ELEM  1020  circular arc
 3, 526, 518
*
  1.3470000E+01, 8.2700000E+00, 5.1500000E-01, 2.9250000E+02, 4.5000000E+01
* ELEM  1021  line segment
 1, 518, 520
*
  1.3945798E+01, 8.0729180E+00, 1.7420204E-01, -7.2156848E-02
* ELEM  1022  line segment
 1, 521, 519
*
  1.2994202E+01, 8.4670820E+00, -1.7420204E-01, 7.2156848E-02
* ELEM  1023  circular arc
 3, 526, 519
*
  1.3470000E+01, 8.2700000E+00, 5.1500000E-01, 1.5750000E+02, 4.5000000E+01
* ELEM  1024  circular arc
 3, 526, 520
*
  1.3470000E+01, 8.2700000E+00, 5.1500000E-01, 3.3750000E+02, 2.2500000E+01
* ELEM  1025  circular arc
 3, 526, 520
*
  1.3470000E+01, 8.2700000E+00, 5.1500000E-01, 0.0000000E+00, 2.2500000E+01
* ELEM  1026  line segment
 1, 520, 524
*
  1.3945798E+01, 8.4670820E+00, 1.7420204E-01, 7.2156848E-02
* ELEM  1027  line segment
 1, 1004, 520
*
  1.4120000E+01, 8.0007612E+00, 0.0000000E+00, 5.3847763E-01
* ELEM  1028  line segment
 1, 522, 521
*
  1.3200761E+01, 8.9200000E+00, -3.8076118E-01, -3.8076118E-01
* ELEM  1029  line segment
 1, 525, 521
*
  1.3272918E+01, 8.7457980E+00, -7.2156848E-02, 1.7420204E-01
* ELEM  1030  circular arc
 3, 526, 521
*
  1.3470000E+01, 8.2700000E+00, 5.1500000E-01, 1.1250000E+02, 4.5000000E+01
* ELEM  1031  line segment
 1, 591, 522
*
  1.3200761E+01, 8.9200000E+00, -3.8076118E-01, 0.0000000E+00
* ELEM  1032  line segment
 1, 523, 524
*
  1.4120000E+01, 8.5392388E+00, -3.8076118E-01, 3.8076118E-01
* ELEM  1033  line segment
 1, 592, 523
*
  1.4120000E+01, 8.9200000E+00, -3.8076118E-01, 0.0000000E+00
* ELEM  1034  line segment
 1, 1004, 523
*
  1.4120000E+01, 8.5392388E+00, 0.0000000E+00, 3.8076118E-01
* ELEM  1035  circular arc
 3, 526, 524
*
  1.3470000E+01, 8.2700000E+00, 5.1500000E-01, 2.2500000E+01, 4.5000000E+01
* ELEM  1036  line segment
 1, 524, 525
*
  1.3667082E+01, 8.7457980E+00, 7.2156848E-02, 1.7420204E-01
* ELEM  1037  line segment
 1, 589, 525
*
  1.3739239E+01, 8.9200000E+00, -5.3847763E-01, 0.0000000E+00
* ELEM  1038  circular arc
 3, 526, 525
*
  1.3470000E+01, 8.2700000E+00, 5.1500000E-01, 6.7500000E+01, 4.5000000E+01
* ELEM  1039  circle
 2, 527, 526
*
  1.3470000E+01, 8.2700000E+00, 4.4700000E-01, 0.0000000E+00
* ELEM  1040  circle
 2, 528, 527
*
  1.3470000E+01, 8.2700000E+00, 4.3800000E-01, 0.0000000E+00
* ELEM  1041  circle
 2, 529, 528
*
  1.3470000E+01, 8.2700000E+00, 4.2690959E-01, 0.0000000E+00
* ELEM  1042  circle
 2, 530, 529
*
  1.3470000E+01, 8.2700000E+00, 3.9175911E-01, 0.0000000E+00
* ELEM  1043  circle
 2, 531, 530
*
  1.3470000E+01, 8.2700000E+00, 3.0971277E-01, 0.0000000E+00
* ELEM  1044  circular arc
 3, 540, 532
*
  9.5700000E+00, 9.5700000E+00, 5.1500000E-01, 2.2500000E+02, 2.2500000E+01
* ELEM  1045  line segment
 1, 532, 534
*
  9.3729180E+00, 9.0942020E+00, -7.2156848E-02, -1.7420204E-01
* ELEM  1046  line segment
 1, 533, 532
*
  9.1103806E+00, 9.1103806E+00, 1.9038059E-01, -1.9038059E-01
* ELEM  1047  line segment
 1, 0, 532
*
  9.2058400E+00, 9.2058400E+00, -9.5459415E-02, -9.5459415E-02
* ELEM  1048  line segment
 1, 0, 533
*
  9.1103806E+00, 9.1103806E+00, -1.9038059E-01, -1.9038059E-01
* ELEM  1049  circular arc
 3, 540, 534
*
  9.5700000E+00, 9.5700000E+00, 5.1500000E-01, 2.4750000E+02, 4.5000000E+01
* ELEM  1050  line segment
 1, 534, 535
*
  9.7670820E+00, 9.0942020E+00, 7.2156848E-02, -1.7420204E-01
* ELEM  1051  circular arc
 3, 540, 535
*
  9.5700000E+00, 9.5700000E+00, 5.1500000E-01, 2.9250000E+02, 4.5000000E+01
* ELEM  1052  line segment
 1, 535, 537
*
  1.0045798E+01, 9.3729180E+00, 1.7420204E-01, -7.2156848E-02
* ELEM  1053  line segment
 1, 536, 535
*
  9.8392388E+00, 8.9200000E+00, 3.8076118E-01, 3.8076118E-01
* ELEM  1054  line segment
 1, 548, 536
*
  1.0220000E+01, 8.9200000E+00, 0.0000000E+00, 3.8076118E-01
* ELEM  1055  circular arc
 3, 540, 537
*
  9.5700000E+00, 9.5700000E+00, 5.1500000E-01, 3.3750000E+02, 2.2500000E+01
* ELEM  1056  circular arc
 3, 540, 537
*
  9.5700000E+00, 9.5700000E+00, 5.1500000E-01, 0.0000000E+00, 2.2500000E+01
* ELEM  1057  line segment
 1, 537, 539
*
  1.0045798E+01, 9.7670820E+00, 1.7420204E-01, 7.2156848E-02
* ELEM  1058  line segment
 1, 551, 537
*
  1.0220000E+01, 9.3007612E+00, 0.0000000E+00, 5.3847763E-01
* ELEM  1059  line segment
 1, 538, 539
*
  1.0220000E+01, 9.8392388E+00, -1.9038059E-01, 1.9038059E-01
* ELEM  1060  line segment
 1, 0, 538
*
  1.0220000E+01, 1.0220000E+01, -1.9038059E-01, -1.9038059E-01
* ELEM  1061  line segment
 1, 554, 538
*
  1.0220000E+01, 9.8392388E+00, 0.0000000E+00, 3.8076118E-01
* ELEM  1062  circular arc
 3, 540, 539
*
  9.5700000E+00, 9.5700000E+00, 5.1500000E-01, 2.2500000E+01, 2.2500000E+01
* ELEM  1063  line segment
 1, 0, 539
*
  1.0029619E+01, 1.0029619E+01, -9.5459415E-02, -9.5459415E-02
* ELEM  1064  line segment
 1, 0, 540
*
  9.2539233E+00, 9.2539233E+00, -4.8083261E-02, -4.8083261E-02
* ELEM  1065  circular arc
 3, 541, 540
*
  9.5700000E+00, 9.5700000E+00, 4.4700000E-01, 2.2500000E+02, 1.3500000E+02
* ELEM  1066  circular arc
 3, 541, 540
*
  9.5700000E+00, 9.5700000E+00, 4.4700000E-01, 0.0000000E+00, 4.5000000E+01
* ELEM  1067  line segment
 1, 0, 540
*
  9.9341600E+00, 9.9341600E+00, -4.8083261E-02, -4.8083261E-02
* ELEM  1068  line segment
 1, 0, 541
*
  9.2602872E+00, 9.2602872E+00, -6.3639610E-03, -6.3639610E-03
* ELEM  1069  circular arc
 3, 542, 541
*
  9.5700000E+00, 9.5700000E+00, 4.3800000E-01, 2.2500000E+02, 1.3500000E+02
* ELEM  1070  circular arc
 3, 542, 541
*
  9.5700000E+00, 9.5700000E+00, 4.3800000E-01, 0.0000000E+00, 4.5000000E+01
* ELEM  1071  line segment
 1, 0, 541
*
  9.8860767E+00, 9.8860767E+00, -6.3639610E-03, -6.3639610E-03
* ELEM  1072  line segment
 1, 0, 542
*
  9.2681293E+00, 9.2681293E+00, -7.8421025E-03, -7.8421025E-03
* ELEM  1073  circular arc
 3, 543, 542
*
  9.5700000E+00, 9.5700000E+00, 4.2690959E-01, 2.2500000E+02, 1.3500000E+02
* ELEM  1074  circular arc
 3, 543, 542
*
  9.5700000E+00, 9.5700000E+00, 4.2690959E-01, 0.0000000E+00, 4.5000000E+01
* ELEM  1075  line segment
 1, 0, 542
*
  9.8797128E+00, 9.8797128E+00, -7.8421025E-03, -7.8421025E-03
* ELEM  1076  line segment
 1, 0, 543
*
  9.2929845E+00, 9.2929845E+00, -2.4855145E-02, -2.4855145E-02
* ELEM  1077  circular arc
 3, 544, 543
*
  9.5700000E+00, 9.5700000E+00, 3.9175911E-01, 2.2500000E+02, 1.3500000E+02
* ELEM  1078  circular arc
 3, 544, 543
*
  9.5700000E+00, 9.5700000E+00, 3.9175911E-01, 0.0000000E+00, 4.5000000E+01
* ELEM  1079  line segment
 1, 0, 543
*
  9.8718707E+00, 9.8718707E+00, -2.4855145E-02, -2.4855145E-02
* ELEM  1080  line segment
 1, 0, 544
*
  9.3510000E+00, 9.3510000E+00, -5.8015523E-02, -5.8015523E-02
* ELEM  1081  circular arc
 3, 545, 544
*
  9.5700000E+00, 9.5700000E+00, 3.0971277E-01, 2.2500000E+02, 1.3500000E+02
* ELEM  1082  circular arc
 3, 545, 544
*
  9.5700000E+00, 9.5700000E+00, 3.0971277E-01, 0.0000000E+00, 4.5000000E+01
* ELEM  1083  line segment
 1, 0, 544
*
  9.8470155E+00, 9.8470155E+00, -5.8015523E-02, -5.8015523E-02
* ELEM  1084  line segment
 1, 0, 545
*
  9.7890000E+00, 9.7890000E+00, -4.3800000E-01, -4.3800000E-01
* ELEM  1085  line segment
 1, 547, 546
*
  1.0672918E+01, 9.0942020E+00, -7.2156848E-02, -1.7420204E-01
* ELEM  1086  circular arc
 3, 558, 546
*
  1.0870000E+01, 9.5700000E+00, 5.1500000E-01, 2.4750000E+02, 4.5000000E+01
* ELEM  1087  line segment
 1, 546, 550
*
  1.1067082E+01, 9.0942020E+00, 7.2156848E-02, -1.7420204E-01
* ELEM  1088  line segment
 1, 548, 547
*
  1.0220000E+01, 9.3007612E+00, 3.8076118E-01, -3.8076118E-01
* ELEM  1089  line segment
 1, 551, 547
*
  1.0394202E+01, 9.3729180E+00, -1.7420204E-01, -7.2156848E-02
* ELEM  1090  circular arc
 3, 558, 547
*
  1.0870000E+01, 9.5700000E+00, 5.1500000E-01, 2.0250000E+02, 4.5000000E+01
* ELEM  1091  line segment
 1, 549, 550
*
  1.1139239E+01, 8.9200000E+00, 3.8076118E-01, 3.8076118E-01
* ELEM  1092  line segment
 1, 573, 549
*
  1.1520000E+01, 8.9200000E+00, 0.0000000E+00, 3.8076118E-01
* ELEM  1093  circular arc
 3, 558, 550
*
  1.0870000E+01, 9.5700000E+00, 5.1500000E-01, 2.9250000E+02, 4.5000000E+01
* ELEM  1094  line segment
 1, 550, 552
*
  1.1345798E+01, 9.3729180E+00, 1.7420204E-01, -7.2156848E-02
* ELEM  1095  line segment
 1, 553, 551
*
  1.0394202E+01, 9.7670820E+00, -1.7420204E-01, 7.2156848E-02
* ELEM  1096  circular arc
 3, 558, 551
*
  1.0870000E+01, 9.5700000E+00, 5.1500000E-01, 1.5750000E+02, 4.5000000E+01
* ELEM  1097  circular arc
 3, 558, 552
*
  1.0870000E+01, 9.5700000E+00, 5.1500000E-01, 3.3750000E+02, 2.2500000E+01
* ELEM  1098  circular arc
 3, 558, 552
*
  1.0870000E+01, 9.5700000E+00, 5.1500000E-01, 0.0000000E+00, 2.2500000E+01
* ELEM  1099  line segment
 1, 552, 556
*
  1.1345798E+01, 9.7670820E+00, 1.7420204E-01, 7.2156848E-02
* ELEM  1100  line segment
 1, 576, 552
*
  1.1520000E+01, 9.3007612E+00, 0.0000000E+00, 5.3847763E-01
* ELEM  1101  line segment
 1, 554, 553
*
  1.0600761E+01, 1.0220000E+01, -3.8076118E-01, -3.8076118E-01
* ELEM  1102  line segment
 1, 557, 553
*
  1.0672918E+01, 1.0045798E+01, -7.2156848E-02, 1.7420204E-01
* ELEM  1103  circular arc
 3, 558, 553
*
  1.0870000E+01, 9.5700000E+00, 5.1500000E-01, 1.1250000E+02, 4.5000000E+01
* ELEM  1104  line segment
 1, 608, 554
*
  1.0600761E+01, 1.0220000E+01, -3.8076118E-01, 0.0000000E+00
* ELEM  1105  line segment
 1, 555, 556
*
  1.1520000E+01, 9.8392388E+00, -3.8076118E-01, 3.8076118E-01
* ELEM  1106  line segment
 1, 611, 555
*
  1.1520000E+01, 1.0220000E+01, -3.8076118E-01, 0.0000000E+00
* ELEM  1107  line segment
 1, 579, 555
*
  1.1520000E+01, 9.8392388E+00, 0.0000000E+00, 3.8076118E-01
* ELEM  1108  circular arc
 3, 558, 556
*
  1.0870000E+01, 9.5700000E+00, 5.1500000E-01, 2.2500000E+01, 4.5000000E+01
* ELEM  1109  line segment
 1, 556, 557
*
  1.1067082E+01, 1.0045798E+01, 7.2156848E-02, 1.7420204E-01
* ELEM  1110  line segment
 1, 609, 557
*
  1.1139239E+01, 1.0220000E+01, -5.3847763E-01, 0.0000000E+00
* ELEM  1111  circular arc
 3, 558, 557
*
  1.0870000E+01, 9.5700000E+00, 5.1500000E-01, 6.7500000E+01, 4.5000000E+01
* ELEM  1112  circle
 2, 559, 558
*
  1.0870000E+01, 9.5700000E+00, 4.4700000E-01, 0.0000000E+00
* ELEM  1113  circle
 2, 560, 559
*
  1.0870000E+01, 9.5700000E+00, 4.3800000E-01, 0.0000000E+00
* ELEM  1114  circle
 2, 561, 560
*
  1.0870000E+01, 9.5700000E+00, 4.2690959E-01, 0.0000000E+00
* ELEM  1115  circle
 2, 562, 561
*
  1.0870000E+01, 9.5700000E+00, 4.1552328E-01, 0.0000000E+00
* ELEM  1116  circle
 2, 563, 562
*
  1.0870000E+01, 9.5700000E+00, 3.9175911E-01, 0.0000000E+00
* ELEM  1117  circle
 2, 564, 563
*
  1.0870000E+01, 9.5700000E+00, 3.6645709E-01, 0.0000000E+00
* ELEM  1118  circle
 2, 565, 564
*
  1.0870000E+01, 9.5700000E+00, 3.3927334E-01, 0.0000000E+00
* ELEM  1119  circle
 2, 566, 565
*
  1.0870000E+01, 9.5700000E+00, 3.0971277E-01, 0.0000000E+00
* ELEM  1120  circle
 2, 567, 566
*
  1.0870000E+01, 9.5700000E+00, 2.7701552E-01, 0.0000000E+00
* ELEM  1121  circle
 2, 568, 567
*
  1.0870000E+01, 9.5700000E+00, 2.3990248E-01, 0.0000000E+00
* ELEM  1122  circle
 2, 569, 568
*
  1.0870000E+01, 9.5700000E+00, 1.9587955E-01, 0.0000000E+00
* ELEM  1123  circle
 2, 570, 569
*
  1.0870000E+01, 9.5700000E+00, 1.3850776E-01, 0.0000000E+00
* ELEM  1124  line segment
 1, 572, 571
*
  1.1972918E+01, 9.0942020E+00, -7.2156848E-02, -1.7420204E-01
* ELEM  1125  circular arc
 3, 583, 571
*
  1.2170000E+01, 9.5700000E+00, 5.1500000E-01, 2.4750000E+02, 4.5000000E+01
* ELEM  1126  line segment
 1, 571, 575
*
  1.2367082E+01, 9.0942020E+00, 7.2156848E-02, -1.7420204E-01
* ELEM  1127  line segment
 1, 573, 572
*
  1.1520000E+01, 9.3007612E+00, 3.8076118E-01, -3.8076118E-01
* ELEM  1128  line segment
 1, 576, 572
*
  1.1694202E+01, 9.3729180E+00, -1.7420204E-01, -7.2156848E-02
* ELEM  1129  circular arc
 3, 583, 572
*
  1.2170000E+01, 9.5700000E+00, 5.1500000E-01, 2.0250000E+02, 4.5000000E+01
* ELEM  1130  line segment
 1, 574, 575
*
  1.2439239E+01, 8.9200000E+00, 3.8076118E-01, 3.8076118E-01
* ELEM  1131  line segment
 1, 591, 574
*
  1.2820000E+01, 8.9200000E+00, 0.0000000E+00, 3.8076118E-01
* ELEM  1132  circular arc
 3, 583, 575
*
  1.2170000E+01, 9.5700000E+00, 5.1500000E-01, 2.9250000E+02, 4.5000000E+01
* ELEM  1133  line segment
 1, 575, 577
*
  1.2645798E+01, 9.3729180E+00, 1.7420204E-01, -7.2156848E-02
* ELEM  1134  line segment
 1, 578, 576
*
  1.1694202E+01, 9.7670820E+00, -1.7420204E-01, 7.2156848E-02
* ELEM  1135  circular arc
 3, 583, 576
*
  1.2170000E+01, 9.5700000E+00, 5.1500000E-01, 1.5750000E+02, 4.5000000E+01
* ELEM  1136  circular arc
 3, 583, 577
*
  1.2170000E+01, 9.5700000E+00, 5.1500000E-01, 3.3750000E+02, 2.2500000E+01
* ELEM  1137  circular arc
 3, 583, 577
*
  1.2170000E+01, 9.5700000E+00, 5.1500000E-01, 0.0000000E+00, 2.2500000E+01
* ELEM  1138  line segment
 1, 577, 581
*
  1.2645798E+01, 9.7670820E+00, 1.7420204E-01, 7.2156848E-02
* ELEM  1139  line segment
 1, 594, 577
*
  1.2820000E+01, 9.3007612E+00, 0.0000000E+00, 5.3847763E-01
* ELEM  1140  line segment
 1, 579, 578
*
  1.1900761E+01, 1.0220000E+01, -3.8076118E-01, -3.8076118E-01
* ELEM  1141  line segment
 1, 582, 578
*
  1.1972918E+01, 1.0045798E+01, -7.2156848E-02, 1.7420204E-01
* ELEM  1142  circular arc
 3, 583, 578
*
  1.2170000E+01, 9.5700000E+00, 5.1500000E-01, 1.1250000E+02, 4.5000000E+01
* ELEM  1143  line segment
 1, 623, 579
*
  1.1900761E+01, 1.0220000E+01, -3.8076118E-01, 0.0000000E+00
* ELEM  1144  line segment
 1, 580, 581
*
  1.2820000E+01, 9.8392388E+00, -3.8076118E-01, 3.8076118E-01
* ELEM  1145  line segment
 1, 624, 580
*
  1.2820000E+01, 1.0220000E+01, -3.8076118E-01, 0.0000000E+00
* ELEM  1146  line segment
 1, 597, 580
*
  1.2820000E+01, 9.8392388E+00, 0.0000000E+00, 3.8076118E-01
* ELEM  1147  circular arc
 3, 583, 581
*
  1.2170000E+01, 9.5700000E+00, 5.1500000E-01, 2.2500000E+01, 4.5000000E+01
* ELEM  1148  line segment
 1, 581, 582
*
  1.2367082E+01, 1.0045798E+01, 7.2156848E-02, 1.7420204E-01
* ELEM  1149  line segment
 1, 621, 582
*
  1.2439239E+01, 1.0220000E+01, -5.3847763E-01, 0.0000000E+00
* ELEM  1150  circular arc
 3, 583, 582
*
  1.2170000E+01, 9.5700000E+00, 5.1500000E-01, 6.7500000E+01, 4.5000000E+01
* ELEM  1151  circle
 2, 584, 583
*
  1.2170000E+01, 9.5700000E+00, 4.4700000E-01, 0.0000000E+00
* ELEM  1152  circle
 2, 585, 584
*
  1.2170000E+01, 9.5700000E+00, 4.3800000E-01, 0.0000000E+00
* ELEM  1153  circle
 2, 586, 585
*
  1.2170000E+01, 9.5700000E+00, 4.2690959E-01, 0.0000000E+00
* ELEM  1154  circle
 2, 587, 586
*
  1.2170000E+01, 9.5700000E+00, 3.9175911E-01, 0.0000000E+00
* ELEM  1155  circle
 2, 588, 587
*
  1.2170000E+01, 9.5700000E+00, 3.0971277E-01, 0.0000000E+00
* ELEM  1156  line segment
 1, 590, 589
*
  1.3272918E+01, 9.0942020E+00, -7.2156848E-02, -1.7420204E-01
* ELEM  1157  circular arc
 3, 601, 589
*
  1.3470000E+01, 9.5700000E+00, 5.1500000E-01, 2.4750000E+02, 4.5000000E+01
* ELEM  1158  line segment
 1, 589, 593
*
  1.3667082E+01, 9.0942020E+00, 7.2156848E-02, -1.7420204E-01
* ELEM  1159  line segment
 1, 591, 590
*
  1.2820000E+01, 9.3007612E+00, 3.8076118E-01, -3.8076118E-01
* ELEM  1160  line segment
 1, 594, 590
*
  1.2994202E+01, 9.3729180E+00, -1.7420204E-01, -7.2156848E-02
* ELEM  1161  circular arc
 3, 601, 590
*
  1.3470000E+01, 9.5700000E+00, 5.1500000E-01, 2.0250000E+02, 4.5000000E+01
* ELEM  1162  line segment
 1, 592, 593
*
  1.3739239E+01, 8.9200000E+00, 3.8076118E-01, 3.8076118E-01
* ELEM  1163  line segment
 1, 1007, 592
*
  1.4120000E+01, 8.9200000E+00, 0.0000000E+00, 3.8076118E-01
* ELEM  1164  circular arc
 3, 601, 593
*
  1.3470000E+01, 9.5700000E+00, 5.1500000E-01, 2.9250000E+02, 4.5000000E+01
* ELEM  1165  line segment
 1, 593, 595
*
  1.3945798E+01, 9.3729180E+00, 1.7420204E-01, -7.2156848E-02
* ELEM  1166  line segment
 1, 596, 594
*
  1.2994202E+01, 9.7670820E+00, -1.7420204E-01, 7.2156848E-02
* ELEM  1167  circular arc
 3, 601, 594
*
  1.3470000E+01, 9.5700000E+00, 5.1500000E-01, 1.5750000E+02, 4.5000000E+01
* ELEM  1168  circular arc
 3, 601, 595
*
  1.3470000E+01, 9.5700000E+00, 5.1500000E-01, 3.3750000E+02, 2.2500000E+01
* ELEM  1169  circular arc
 3, 601, 595
*
  1.3470000E+01, 9.5700000E+00, 5.1500000E-01, 0.0000000E+00, 2.2500000E+01
* ELEM  1170  line segment
 1, 595, 599
*
  1.3945798E+01, 9.7670820E+00, 1.7420204E-01, 7.2156848E-02
* ELEM  1171  line segment
 1, 1007, 595
*
  1.4120000E+01, 9.3007612E+00, 0.0000000E+00, 5.3847763E-01
* ELEM  1172  line segment
 1, 597, 596
*
  1.3200761E+01, 1.0220000E+01, -3.8076118E-01, -3.8076118E-01
* ELEM  1173  line segment
 1, 600, 596
*
  1.3272918E+01, 1.0045798E+01, -7.2156848E-02, 1.7420204E-01
* ELEM  1174  circular arc
 3, 601, 596
*
  1.3470000E+01, 9.5700000E+00, 5.1500000E-01, 1.1250000E+02, 4.5000000E+01
* ELEM  1175  line segment
 1, 648, 597
*
  1.3200761E+01, 1.0220000E+01, -3.8076118E-01, 0.0000000E+00
* ELEM  1176  line segment
 1, 598, 599
*
  1.4120000E+01, 9.8392388E+00, -3.8076118E-01, 3.8076118E-01
* ELEM  1177  line segment
 1, 649, 598
*
  1.4120000E+01, 1.0220000E+01, -3.8076118E-01, 0.0000000E+00
* ELEM  1178  line segment
 1, 1007, 598
*
  1.4120000E+01, 9.8392388E+00, 0.0000000E+00, 3.8076118E-01
* ELEM  1179  circular arc
 3, 601, 599
*
  1.3470000E+01, 9.5700000E+00, 5.1500000E-01, 2.2500000E+01, 4.5000000E+01
* ELEM  1180  line segment
 1, 599, 600
*
  1.3667082E+01, 1.0045798E+01, 7.2156848E-02, 1.7420204E-01
* ELEM  1181  line segment
 1, 646, 600
*
  1.3739239E+01, 1.0220000E+01, -5.3847763E-01, 0.0000000E+00
* ELEM  1182  circular arc
 3, 601, 600
*
  1.3470000E+01, 9.5700000E+00, 5.1500000E-01, 6.7500000E+01, 4.5000000E+01
* ELEM  1183  circle
 2, 602, 601
*
  1.3470000E+01, 9.5700000E+00, 4.4700000E-01, 0.0000000E+00
* ELEM  1184  circle
 2, 603, 602
*
  1.3470000E+01, 9.5700000E+00, 4.3800000E-01, 0.0000000E+00
* ELEM  1185  circle
 2, 604, 603
*
  1.3470000E+01, 9.5700000E+00, 4.2690959E-01, 0.0000000E+00
* ELEM  1186  circle
 2, 605, 604
*
  1.3470000E+01, 9.5700000E+00, 3.9175911E-01, 0.0000000E+00
* ELEM  1187  circle
 2, 606, 605
*
  1.3470000E+01, 9.5700000E+00, 3.0971277E-01, 0.0000000E+00
* ELEM  1188  circular arc
 3, 615, 607
*
  1.0870000E+01, 1.0870000E+01, 5.1500000E-01, 2.2500000E+02, 2.2500000E+01
* ELEM  1189  line segment
 1, 607, 609
*
  1.0672918E+01, 1.0394202E+01, -7.2156848E-02, -1.7420204E-01
* ELEM  1190  line segment
 1, 608, 607
*
  1.0410381E+01, 1.0410381E+01, 1.9038059E-01, -1.9038059E-01
* ELEM  1191  line segment
 1, 0, 607
*
  1.0505840E+01, 1.0505840E+01, -9.5459415E-02, -9.5459415E-02
* ELEM  1192  line segment
 1, 0, 608
*
  1.0410381E+01, 1.0410381E+01, -1.9038059E-01, -1.9038059E-01
* ELEM  1193  circular arc
 3, 615, 609
*
  1.0870000E+01, 1.0870000E+01, 5.1500000E-01, 2.4750000E+02, 4.5000000E+01
* ELEM  1194  line segment
 1, 609, 610
*
  1.1067082E+01, 1.0394202E+01, 7.2156848E-02, -1.7420204E-01
* ELEM  1195  circular arc
 3, 615, 610
*
  1.0870000E+01, 1.0870000E+01, 5.1500000E-01, 2.9250000E+02, 4.5000000E+01
* ELEM  1196  line segment
 1, 610, 612
*
  1.1345798E+01, 1.0672918E+01, 1.7420204E-01, -7.2156848E-02
* ELEM  1197  line segment
 1, 611, 610
*
  1.1139239E+01, 1.0220000E+01, 3.8076118E-01, 3.8076118E-01
* ELEM  1198  line segment
 1, 623, 611
*
  1.1520000E+01, 1.0220000E+01, 0.0000000E+00, 3.8076118E-01
* ELEM  1199  circular arc
 3, 615, 612
*
  1.0870000E+01, 1.0870000E+01, 5.1500000E-01, 3.3750000E+02, 2.2500000E+01
* ELEM  1200  circular arc
 3, 615, 612
*
  1.0870000E+01, 1.0870000E+01, 5.1500000E-01, 0.0000000E+00, 2.2500000E+01
* ELEM  1201  line segment
 1, 612, 614
*
  1.1345798E+01, 1.1067082E+01, 1.7420204E-01, 7.2156848E-02
* ELEM  1202  line segment
 1, 626, 612
*
  1.1520000E+01, 1.0600761E+01, 0.0000000E+00, 5.3847763E-01
* ELEM  1203  line segment
 1, 613, 614
*
  1.1520000E+01, 1.1139239E+01, -1.9038059E-01, 1.9038059E-01
* ELEM  1204  line segment
 1, 0, 613
*
  1.1520000E+01, 1.1520000E+01, -1.9038059E-01, -1.9038059E-01
* ELEM  1205  line segment
 1, 629, 613
*
  1.1520000E+01, 1.1139239E+01, 0.0000000E+00, 3.8076118E-01
* ELEM  1206  circular arc
 3, 615, 614
*
  1.0870000E+01, 1.0870000E+01, 5.1500000E-01, 2.2500000E+01, 2.2500000E+01
* ELEM  1207  line segment
 1, 0, 614
*
  1.1329619E+01, 1.1329619E+01, -9.5459415E-02, -9.5459415E-02
* ELEM  1208  line segment
 1, 0, 615
*
  1.0553923E+01, 1.0553923E+01, -4.8083261E-02, -4.8083261E-02
* ELEM  1209  circular arc
 3, 616, 615
*
  1.0870000E+01, 1.0870000E+01, 4.4700000E-01, 2.2500000E+02, 1.3500000E+02
* ELEM  1210  circular arc
 3, 616, 615
*
  1.0870000E+01, 1.0870000E+01, 4.4700000E-01, 0.0000000E+00, 4.5000000E+01
* ELEM  1211  line segment
 1, 0, 615
*
  1.1234160E+01, 1.1234160E+01, -4.8083261E-02, -4.8083261E-02
* ELEM  1212  line segment
 1, 0, 616
*
  1.0560287E+01, 1.0560287E+01, -6.3639610E-03, -6.3639610E-03
* ELEM  1213  circular arc
 3, 617, 616
*
  1.0870000E+01, 1.0870000E+01, 4.3800000E-01, 2.2500000E+02, 1.3500000E+02
* ELEM  1214  circular arc
 3, 617, 616
*
  1.0870000E+01, 1.0870000E+01, 4.3800000E-01, 0.0000000E+00, 4.5000000E+01
* ELEM  1215  line segment
 1, 0, 616
*
  1.1186077E+01, 1.1186077E+01, -6.3639610E-03, -6.3639610E-03
* ELEM  1216  line segment
 1, 0, 617
*
  1.0568129E+01, 1.0568129E+01, -7.8421025E-03, -7.8421025E-03
* ELEM  1217  circular arc
 3, 618, 617
*
  1.0870000E+01, 1.0870000E+01, 4.2690959E-01, 2.2500000E+02, 1.3500000E+02
* ELEM  1218  circular arc
 3, 618, 617
*
  1.0870000E+01, 1.0870000E+01, 4.2690959E-01, 0.0000000E+00, 4.5000000E+01
* ELEM  1219  line segment
 1, 0, 617
*
  1.1179713E+01, 1.1179713E+01, -7.8421025E-03, -7.8421025E-03
* ELEM  1220  line segment
 1, 0, 618
*
  1.0592984E+01, 1.0592984E+01, -2.4855145E-02, -2.4855145E-02
* ELEM  1221  circular arc
 3, 619, 618
*
  1.0870000E+01, 1.0870000E+01, 3.9175911E-01, 2.2500000E+02, 1.3500000E+02
* ELEM  1222  circular arc
 3, 619, 618
*
  1.0870000E+01, 1.0870000E+01, 3.9175911E-01, 0.0000000E+00, 4.5000000E+01
* ELEM  1223  line segment
 1, 0, 618
*
  1.1171871E+01, 1.1171871E+01, -2.4855145E-02, -2.4855145E-02
* ELEM  1224  line segment
 1, 0, 619
*
  1.0651000E+01, 1.0651000E+01, -5.8015523E-02, -5.8015523E-02
* ELEM  1225  circular arc
 3, 620, 619
*
  1.0870000E+01, 1.0870000E+01, 3.0971277E-01, 2.2500000E+02, 1.3500000E+02
* ELEM  1226  circular arc
 3, 620, 619
*
  1.0870000E+01, 1.0870000E+01, 3.0971277E-01, 0.0000000E+00, 4.5000000E+01
* ELEM  1227  line segment
 1, 0, 619
*
  1.1147016E+01, 1.1147016E+01, -5.8015523E-02, -5.8015523E-02
* ELEM  1228  line segment
 1, 0, 620
*
  1.1089000E+01, 1.1089000E+01, -4.3800000E-01, -4.3800000E-01
* ELEM  1229  line segment
 1, 622, 621
*
  1.1972918E+01, 1.0394202E+01, -7.2156848E-02, -1.7420204E-01
* ELEM  1230  circular arc
 3, 633, 621
*
  1.2170000E+01, 1.0870000E+01, 5.1500000E-01, 2.4750000E+02, 4.5000000E+01
* ELEM  1231  line segment
 1, 621, 625
*
  1.2367082E+01, 1.0394202E+01, 7.2156848E-02, -1.7420204E-01
* ELEM  1232  line segment
 1, 623, 622
*
  1.1520000E+01, 1.0600761E+01, 3.8076118E-01, -3.8076118E-01
* ELEM  1233  line segment
 1, 626, 622
*
  1.1694202E+01, 1.0672918E+01, -1.7420204E-01, -7.2156848E-02
* ELEM  1234  circular arc
 3, 633, 622
*
  1.2170000E+01, 1.0870000E+01, 5.1500000E-01, 2.0250000E+02, 4.5000000E+01
* ELEM  1235  line segment
 1, 624, 625
*
  1.2439239E+01, 1.0220000E+01, 3.8076118E-01, 3.8076118E-01
* ELEM  1236  line segment
 1, 648, 624
*
  1.2820000E+01, 1.0220000E+01, 0.0000000E+00, 3.8076118E-01
* ELEM  1237  circular arc
 3, 633, 625
*
  1.2170000E+01, 1.0870000E+01, 5.1500000E-01, 2.9250000E+02, 4.5000000E+01
* ELEM  1238  line segment
 1, 625, 627
*
  1.2645798E+01, 1.0672918E+01, 1.7420204E-01, -7.2156848E-02
* ELEM  1239  line segment
 1, 628, 626
*
  1.1694202E+01, 1.1067082E+01, -1.7420204E-01, 7.2156848E-02
* ELEM  1240  circular arc
 3, 633, 626
*
  1.2170000E+01, 1.0870000E+01, 5.1500000E-01, 1.5750000E+02, 4.5000000E+01
* ELEM  1241  circular arc
 3, 633, 627
*
  1.2170000E+01, 1.0870000E+01, 5.1500000E-01, 3.3750000E+02, 2.2500000E+01
* ELEM  1242  circular arc
 3, 633, 627
*
  1.2170000E+01, 1.0870000E+01, 5.1500000E-01, 0.0000000E+00, 2.2500000E+01
* ELEM  1243  line segment
 1, 627, 631
*
  1.2645798E+01, 1.1067082E+01, 1.7420204E-01, 7.2156848E-02
* ELEM  1244  line segment
 1, 651, 627
*
  1.2820000E+01, 1.0600761E+01, 0.0000000E+00, 5.3847763E-01
* ELEM  1245  line segment
 1, 629, 628
*
  1.1900761E+01, 1.1520000E+01, -3.8076118E-01, -3.8076118E-01
* ELEM  1246  line segment
 1, 632, 628
*
  1.1972918E+01, 1.1345798E+01, -7.2156848E-02, 1.7420204E-01
* ELEM  1247  circular arc
 3, 633, 628
*
  1.2170000E+01, 1.0870000E+01, 5.1500000E-01, 1.1250000E+02, 4.5000000E+01
* ELEM  1248  line segment
 1, 665, 629
*
  1.1900761E+01, 1.1520000E+01, -3.8076118E-01, 0.0000000E+00
* ELEM  1249  line segment
 1, 630, 631
*
  1.2820000E+01, 1.1139239E+01, -3.8076118E-01, 3.8076118E-01
* ELEM  1250  line segment
 1, 668, 630
*
  1.2820000E+01, 1.1520000E+01, -3.8076118E-01, 0.0000000E+00
* ELEM  1251  line segment
 1, 654, 630
*
  1.2820000E+01, 1.1139239E+01, 0.0000000E+00, 3.8076118E-01
* ELEM  1252  circular arc
 3, 633, 631
*
  1.2170000E+01, 1.0870000E+01, 5.1500000E-01, 2.2500000E+01, 4.5000000E+01
* ELEM  1253  line segment
 1, 631, 632
*
  1.2367082E+01, 1.1345798E+01, 7.2156848E-02, 1.7420204E-01
* ELEM  1254  line segment
 1, 666, 632
*
  1.2439239E+01, 1.1520000E+01, -5.3847763E-01, 0.0000000E+00
* ELEM  1255  circular arc
 3, 633, 632
*
  1.2170000E+01, 1.0870000E+01, 5.1500000E-01, 6.7500000E+01, 4.5000000E+01
* ELEM  1256  circle
 2, 634, 633
*
  1.2170000E+01, 1.0870000E+01, 4.4700000E-01, 0.0000000E+00
* ELEM  1257  circle
 2, 635, 634
*
  1.2170000E+01, 1.0870000E+01, 4.3800000E-01, 0.0000000E+00
* ELEM  1258  circle
 2, 636, 635
*
  1.2170000E+01, 1.0870000E+01, 4.2690959E-01, 0.0000000E+00
* ELEM  1259  circle
 2, 637, 636
*
  1.2170000E+01, 1.0870000E+01, 4.1552328E-01, 0.0000000E+00
* ELEM  1260  circle
 2, 638, 637
*
  1.2170000E+01, 1.0870000E+01, 3.9175911E-01, 0.0000000E+00
* ELEM  1261  circle
 2, 639, 638
*
  1.2170000E+01, 1.0870000E+01, 3.6645709E-01, 0.0000000E+00
* ELEM  1262  circle
 2, 640, 639
*
  1.2170000E+01, 1.0870000E+01, 3.3927334E-01, 0.0000000E+00
* ELEM  1263  circle
 2, 641, 640
*
  1.2170000E+01, 1.0870000E+01, 3.0971277E-01, 0.0000000E+00
* ELEM  1264  circle
 2, 642, 641
*
  1.2170000E+01, 1.0870000E+01, 2.7701552E-01, 0.0000000E+00
* ELEM  1265  circle
 2, 643, 642
*
  1.2170000E+01, 1.0870000E+01, 2.3990248E-01, 0.0000000E+00
* ELEM  1266  circle
 2, 644, 643
*
  1.2170000E+01, 1.0870000E+01, 1.9587955E-01, 0.0000000E+00
* ELEM  1267  circle
 2, 645, 644
*
  1.2170000E+01, 1.0870000E+01, 1.3850776E-01, 0.0000000E+00
* ELEM  1268  line segment
 1, 647, 646
*
  1.3272918E+01, 1.0394202E+01, -7.2156848E-02, -1.7420204E-01
* ELEM  1269  circular arc
 3, 658, 646
*
  1.3470000E+01, 1.0870000E+01, 5.1500000E-01, 2.4750000E+02, 4.5000000E+01
* ELEM  1270  line segment
 1, 646, 650
*
  1.3667082E+01, 1.0394202E+01, 7.2156848E-02, -1.7420204E-01
* ELEM  1271  line segment
 1, 648, 647
*
  1.2820000E+01, 1.0600761E+01, 3.8076118E-01, -3.8076118E-01
* ELEM  1272  line segment
 1, 651, 647
*
  1.2994202E+01, 1.0672918E+01, -1.7420204E-01, -7.2156848E-02
* ELEM  1273  circular arc
 3, 658, 647
*
  1.3470000E+01, 1.0870000E+01, 5.1500000E-01, 2.0250000E+02, 4.5000000E+01
* ELEM  1274  line segment
 1, 649, 650
*
  1.3739239E+01, 1.0220000E+01, 3.8076118E-01, 3.8076118E-01
* ELEM  1275  line segment
 1, 1010, 649
*
  1.4120000E+01, 1.0220000E+01, 0.0000000E+00, 3.8076118E-01
* ELEM  1276  circular arc
 3, 658, 650
*
  1.3470000E+01, 1.0870000E+01, 5.1500000E-01, 2.9250000E+02, 4.5000000E+01
* ELEM  1277  line segment
 1, 650, 652
*
  1.3945798E+01, 1.0672918E+01, 1.7420204E-01, -7.2156848E-02
* ELEM  1278  line segment
 1, 653, 651
*
  1.2994202E+01, 1.1067082E+01, -1.7420204E-01, 7.2156848E-02
* ELEM  1279  circular arc
 3, 658, 651
*
  1.3470000E+01, 1.0870000E+01, 5.1500000E-01, 1.5750000E+02, 4.5000000E+01
* ELEM  1280  circular arc
 3, 658, 652
*
  1.3470000E+01, 1.0870000E+01, 5.1500000E-01, 3.3750000E+02, 2.2500000E+01
* ELEM  1281  circular arc
 3, 658, 652
*
  1.3470000E+01, 1.0870000E+01, 5.1500000E-01, 0.0000000E+00, 2.2500000E+01
* ELEM  1282  line segment
 1, 652, 656
*
  1.3945798E+01, 1.1067082E+01, 1.7420204E-01, 7.2156848E-02
* ELEM  1283  line segment
 1, 1010, 652
*
  1.4120000E+01, 1.0600761E+01, 0.0000000E+00, 5.3847763E-01
* ELEM  1284  line segment
 1, 654, 653
*
  1.3200761E+01, 1.1520000E+01, -3.8076118E-01, -3.8076118E-01
* ELEM  1285  line segment
 1, 657, 653
*
  1.3272918E+01, 1.1345798E+01, -7.2156848E-02, 1.7420204E-01
* ELEM  1286  circular arc
 3, 658, 653
*
  1.3470000E+01, 1.0870000E+01, 5.1500000E-01, 1.1250000E+02, 4.5000000E+01
* ELEM  1287  line segment
 1, 680, 654
*
  1.3200761E+01, 1.1520000E+01, -3.8076118E-01, 0.0000000E+00
* ELEM  1288  line segment
 1, 655, 656
*
  1.4120000E+01, 1.1139239E+01, -3.8076118E-01, 3.8076118E-01
* ELEM  1289  line segment
 1, 681, 655
*
  1.4120000E+01, 1.1520000E+01, -3.8076118E-01, 0.0000000E+00
* ELEM  1290  line segment
 1, 1010, 655
*
  1.4120000E+01, 1.1139239E+01, 0.0000000E+00, 3.8076118E-01
* ELEM  1291  circular arc
 3, 658, 656
*
  1.3470000E+01, 1.0870000E+01, 5.1500000E-01, 2.2500000E+01, 4.5000000E+01
* ELEM  1292  line segment
 1, 656, 657
*
  1.3667082E+01, 1.1345798E+01, 7.2156848E-02, 1.7420204E-01
* ELEM  1293  line segment
 1, 678, 657
*
  1.3739239E+01, 1.1520000E+01, -5.3847763E-01, 0.0000000E+00
* ELEM  1294  circular arc
 3, 658, 657
*
  1.3470000E+01, 1.0870000E+01, 5.1500000E-01, 6.7500000E+01, 4.5000000E+01
* ELEM  1295  circle
 2, 659, 658
*
  1.3470000E+01, 1.0870000E+01, 4.4700000E-01, 0.0000000E+00
* ELEM  1296  circle
 2, 660, 659
*
  1.3470000E+01, 1.0870000E+01, 4.3800000E-01, 0.0000000E+00
* ELEM  1297  circle
 2, 661, 660
*
  1.3470000E+01, 1.0870000E+01, 4.2690959E-01, 0.0000000E+00
* ELEM  1298  circle
 2, 662, 661
*
  1.3470000E+01, 1.0870000E+01, 3.9175911E-01, 0.0000000E+00
* ELEM  1299  circle
 2, 663, 662
*
  1.3470000E+01, 1.0870000E+01, 3.0971277E-01, 0.0000000E+00
* ELEM  1300  circular arc
 3, 672, 664
*
  1.2170000E+01, 1.2170000E+01, 5.1500000E-01, 2.2500000E+02, 2.2500000E+01
* ELEM  1301  line segment
 1, 664, 666
*
  1.1972918E+01, 1.1694202E+01, -7.2156848E-02, -1.7420204E-01
* ELEM  1302  line segment
 1, 665, 664
*
  1.1710381E+01, 1.1710381E+01, 1.9038059E-01, -1.9038059E-01
* ELEM  1303  line segment
 1, 0, 664
*
  1.1805840E+01, 1.1805840E+01, -9.5459415E-02, -9.5459415E-02
* ELEM  1304  line segment
 1, 0, 665
*
  1.1710381E+01, 1.1710381E+01, -1.9038059E-01, -1.9038059E-01
* ELEM  1305  circular arc
 3, 672, 666
*
  1.2170000E+01, 1.2170000E+01, 5.1500000E-01, 2.4750000E+02, 4.5000000E+01
* ELEM  1306  line segment
 1, 666, 667
*
  1.2367082E+01, 1.1694202E+01, 7.2156848E-02, -1.7420204E-01
* ELEM  1307  circular arc
 3, 672, 667
*
  1.2170000E+01, 1.2170000E+01, 5.1500000E-01, 2.9250000E+02, 4.5000000E+01
* ELEM  1308  line segment
 1, 667, 669
*
  1.2645798E+01, 1.1972918E+01, 1.7420204E-01, -7.2156848E-02
* ELEM  1309  line segment
 1, 668, 667
*
  1.2439239E+01, 1.1520000E+01, 3.8076118E-01, 3.8076118E-01
* ELEM  1310  line segment
 1, 680, 668
*
  1.2820000E+01, 1.1520000E+01, 0.0000000E+00, 3.8076118E-01
* ELEM  1311  circular arc
 3, 672, 669
*
  1.2170000E+01, 1.2170000E+01, 5.1500000E-01, 3.3750000E+02, 2.2500000E+01
* ELEM  1312  circular arc
 3, 672, 669
*
  1.2170000E+01, 1.2170000E+01, 5.1500000E-01, 0.0000000E+00, 2.2500000E+01
* ELEM  1313  line segment
 1, 669, 671
*
  1.2645798E+01, 1.2367082E+01, 1.7420204E-01, 7.2156848E-02
* ELEM  1314  line segment
 1, 683, 669
*
  1.2820000E+01, 1.1900761E+01, 0.0000000E+00, 5.3847763E-01
* ELEM  1315  line segment
 1, 670, 671
*
  1.2820000E+01, 1.2439239E+01, -1.9038059E-01, 1.9038059E-01
* ELEM  1316  line segment
 1, 0, 670
*
  1.2820000E+01, 1.2820000E+01, -1.9038059E-01, -1.9038059E-01
* ELEM  1317  line segment
 1, 686, 670
*
  1.2820000E+01, 1.2439239E+01, 0.0000000E+00, 3.8076118E-01
* ELEM  1318  circular arc
 3, 672, 671
*
  1.2170000E+01, 1.2170000E+01, 5.1500000E-01, 2.2500000E+01, 2.2500000E+01
* ELEM  1319  line segment
 1, 0, 671
*
  1.2629619E+01, 1.2629619E+01, -9.5459415E-02, -9.5459415E-02
* ELEM  1320  line segment
 1, 0, 672
*
  1.1853923E+01, 1.1853923E+01, -4.8083261E-02, -4.8083261E-02
* ELEM  1321  circular arc
 3, 673, 672
*
  1.2170000E+01, 1.2170000E+01, 4.4700000E-01, 2.2500000E+02, 1.3500000E+02
* ELEM  1322  circular arc
 3, 673, 672
*
  1.2170000E+01, 1.2170000E+01, 4.4700000E-01, 0.0000000E+00, 4.5000000E+01
* ELEM  1323  line segment
 1, 0, 672
*
  1.2534160E+01, 1.2534160E+01, -4.8083261E-02, -4.8083261E-02
* ELEM  1324  line segment
 1, 0, 673
*
  1.1860287E+01, 1.1860287E+01, -6.3639610E-03, -6.3639610E-03
* ELEM  1325  circular arc
 3, 674, 673
*
  1.2170000E+01, 1.2170000E+01, 4.3800000E-01, 2.2500000E+02, 1.3500000E+02
* ELEM  1326  circular arc
 3, 674, 673
*
  1.2170000E+01, 1.2170000E+01, 4.3800000E-01, 0.0000000E+00, 4.5000000E+01
* ELEM  1327  line segment
 1, 0, 673
*
  1.2486077E+01, 1.2486077E+01, -6.3639610E-03, -6.3639610E-03
* ELEM  1328  line segment
 1, 0, 674
*
  1.1868129E+01, 1.1868129E+01, -7.8421025E-03, -7.8421025E-03
* ELEM  1329  circular arc
 3, 675, 674
*
  1.2170000E+01, 1.2170000E+01, 4.2690959E-01, 2.2500000E+02, 1.3500000E+02
* ELEM  1330  circular arc
 3, 675, 674
*
  1.2170000E+01, 1.2170000E+01, 4.2690959E-01, 0.0000000E+00, 4.5000000E+01
* ELEM  1331  line segment
 1, 0, 674
*
  1.2479713E+01, 1.2479713E+01, -7.8421025E-03, -7.8421025E-03
* ELEM  1332  line segment
 1, 0, 675
*
  1.1892984E+01, 1.1892984E+01, -2.4855145E-02, -2.4855145E-02
* ELEM  1333  circular arc
 3, 676, 675
*
  1.2170000E+01, 1.2170000E+01, 3.9175911E-01, 2.2500000E+02, 1.3500000E+02
* ELEM  1334  circular arc
 3, 676, 675
*
  1.2170000E+01, 1.2170000E+01, 3.9175911E-01, 0.0000000E+00, 4.5000000E+01
* ELEM  1335  line segment
 1, 0, 675
*
  1.2471871E+01, 1.2471871E+01, -2.4855145E-02, -2.4855145E-02
* ELEM  1336  line segment
 1, 0, 676
*
  1.1951000E+01, 1.1951000E+01, -5.8015523E-02, -5.8015523E-02
* ELEM  1337  circular arc
 3, 677, 676
*
  1.2170000E+01, 1.2170000E+01, 3.0971277E-01, 2.2500000E+02, 1.3500000E+02
* ELEM  1338  circular arc
 3, 677, 676
*
  1.2170000E+01, 1.2170000E+01, 3.0971277E-01, 0.0000000E+00, 4.5000000E+01
* ELEM  1339  line segment
 1, 0, 676
*
  1.2447016E+01, 1.2447016E+01, -5.8015523E-02, -5.8015523E-02
* ELEM  1340  line segment
 1, 0, 677
*
  1.2389000E+01, 1.2389000E+01, -4.3800000E-01, -4.3800000E-01
* ELEM  1341  line segment
 1, 679, 678
*
  1.3272918E+01, 1.1694202E+01, -7.2156848E-02, -1.7420204E-01
* ELEM  1342  circular arc
 3, 690, 678
*
  1.3470000E+01, 1.2170000E+01, 5.1500000E-01, 2.4750000E+02, 4.5000000E+01
* ELEM  1343  line segment
 1, 678, 682
*
  1.3667082E+01, 1.1694202E+01, 7.2156848E-02, -1.7420204E-01
* ELEM  1344  line segment
 1, 680, 679
*
  1.2820000E+01, 1.1900761E+01, 3.8076118E-01, -3.8076118E-01
* ELEM  1345  line segment
 1, 683, 679
*
  1.2994202E+01, 1.1972918E+01, -1.7420204E-01, -7.2156848E-02
* ELEM  1346  circular arc
 3, 690, 679
*
  1.3470000E+01, 1.2170000E+01, 5.1500000E-01, 2.0250000E+02, 4.5000000E+01
* ELEM  1347  line segment
 1, 681, 682
*
  1.3739239E+01, 1.1520000E+01, 3.8076118E-01, 3.8076118E-01
* ELEM  1348  line segment
 1, 1013, 681
*
  1.4120000E+01, 1.1520000E+01, 0.0000000E+00, 3.8076118E-01
* ELEM  1349  circular arc
 3, 690, 682
*
  1.3470000E+01, 1.2170000E+01, 5.1500000E-01, 2.9250000E+02, 4.5000000E+01
* ELEM  1350  line segment
 1, 682, 684
*
  1.3945798E+01, 1.1972918E+01, 1.7420204E-01, -7.2156848E-02
* ELEM  1351  line segment
 1, 685, 683
*
  1.2994202E+01, 1.2367082E+01, -1.7420204E-01, 7.2156848E-02
* ELEM  1352  circular arc
 3, 690, 683
*
  1.3470000E+01, 1.2170000E+01, 5.1500000E-01, 1.5750000E+02, 4.5000000E+01
* ELEM  1353  circular arc
 3, 690, 684
*
  1.3470000E+01, 1.2170000E+01, 5.1500000E-01, 3.3750000E+02, 2.2500000E+01
* ELEM  1354  circular arc
 3, 690, 684
*
  1.3470000E+01, 1.2170000E+01, 5.1500000E-01, 0.0000000E+00, 2.2500000E+01
* ELEM  1355  line segment
 1, 684, 688
*
  1.3945798E+01, 1.2367082E+01, 1.7420204E-01, 7.2156848E-02
* ELEM  1356  line segment
 1, 1013, 684
*
  1.4120000E+01, 1.1900761E+01, 0.0000000E+00, 5.3847763E-01
* ELEM  1357  line segment
 1, 686, 685
*
  1.3200761E+01, 1.2820000E+01, -3.8076118E-01, -3.8076118E-01
* ELEM  1358  line segment
 1, 689, 685
*
  1.3272918E+01, 1.2645798E+01, -7.2156848E-02, 1.7420204E-01
* ELEM  1359  circular arc
 3, 690, 685
*
  1.3470000E+01, 1.2170000E+01, 5.1500000E-01, 1.1250000E+02, 4.5000000E+01
* ELEM  1360  line segment
 1, 697, 686
*
  1.3200761E+01, 1.2820000E+01, -3.8076118E-01, 0.0000000E+00
* ELEM  1361  line segment
 1, 687, 688
*
  1.4120000E+01, 1.2439239E+01, -3.8076118E-01, 3.8076118E-01
* ELEM  1362  line segment
 1, 700, 687
*
  1.4120000E+01, 1.2820000E+01, -3.8076118E-01, 0.0000000E+00
* ELEM  1363  line segment
 1, 1013, 687
*
  1.4120000E+01, 1.2439239E+01, 0.0000000E+00, 3.8076118E-01
* ELEM  1364  circular arc
 3, 690, 688
*
  1.3470000E+01, 1.2170000E+01, 5.1500000E-01, 2.2500000E+01, 4.5000000E+01
* ELEM  1365  line segment
 1, 688, 689
*
  1.3667082E+01, 1.2645798E+01, 7.2156848E-02, 1.7420204E-01
* ELEM  1366  line segment
 1, 698, 689
*
  1.3739239E+01, 1.2820000E+01, -5.3847763E-01, 0.0000000E+00
* ELEM  1367  circular arc
 3, 690, 689
*
  1.3470000E+01, 1.2170000E+01, 5.1500000E-01, 6.7500000E+01, 4.5000000E+01
* ELEM  1368  circle
 2, 691, 690
*
  1.3470000E+01, 1.2170000E+01, 4.4700000E-01, 0.0000000E+00
* ELEM  1369  circle
 2, 692, 691
*
  1.3470000E+01, 1.2170000E+01, 4.3800000E-01, 0.0000000E+00
* ELEM  1370  circle
 2, 693, 692
*
  1.3470000E+01, 1.2170000E+01, 4.2690959E-01, 0.0000000E+00
* ELEM  1371  circle
 2, 694, 693
*
  1.3470000E+01, 1.2170000E+01, 3.9175911E-01, 0.0000000E+00
* ELEM  1372  circle
 2, 695, 694
*
  1.3470000E+01, 1.2170000E+01, 3.0971277E-01, 0.0000000E+00
* ELEM  1373  circular arc
 3, 704, 696
*
  1.3470000E+01, 1.3470000E+01, 5.1500000E-01, 2.2500000E+02, 2.2500000E+01
* ELEM  1374  line segment
 1, 696, 698
*
  1.3272918E+01, 1.2994202E+01, -7.2156848E-02, -1.7420204E-01
* ELEM  1375  line segment
 1, 697, 696
*
  1.3010381E+01, 1.3010381E+01, 1.9038059E-01, -1.9038059E-01
* ELEM  1376  line segment
 1, 0, 696
*
  1.3105840E+01, 1.3105840E+01, -9.5459415E-02, -9.5459415E-02
* ELEM  1377  line segment
 1, 0, 697
*
  1.3010381E+01, 1.3010381E+01, -1.9038059E-01, -1.9038059E-01
* ELEM  1378  circular arc
 3, 704, 698
*
  1.3470000E+01, 1.3470000E+01, 5.1500000E-01, 2.4750000E+02, 4.5000000E+01
* ELEM  1379  line segment
 1, 698, 699
*
  1.3667082E+01, 1.2994202E+01, 7.2156848E-02, -1.7420204E-01
* ELEM  1380  circular arc
 3, 704, 699
*
  1.3470000E+01, 1.3470000E+01, 5.1500000E-01, 2.9250000E+02, 4.5000000E+01
* ELEM  1381  line segment
 1, 699, 701
*
  1.3945798E+01, 1.3272918E+01, 1.7420204E-01, -7.2156848E-02
* ELEM  1382  line segment
 1, 700, 699
*
  1.3739239E+01, 1.2820000E+01, 3.8076118E-01, 3.8076118E-01
* ELEM  1383  line segment
 1, 1016, 700
*
  1.4120000E+01, 1.2820000E+01, 0.0000000E+00, 3.8076118E-01
* ELEM  1384  circular arc
 3, 704, 701
*
  1.3470000E+01, 1.3470000E+01, 5.1500000E-01, 3.3750000E+02, 2.2500000E+01
* ELEM  1385  circular arc
 3, 704, 701
*
  1.3470000E+01, 1.3470000E+01, 5.1500000E-01, 0.0000000E+00, 2.2500000E+01
* ELEM  1386  line segment
 1, 701, 703
*
  1.3945798E+01, 1.3667082E+01, 1.7420204E-01, 7.2156848E-02
* ELEM  1387  line segment
 1, 1016, 701
*
  1.4120000E+01, 1.3200761E+01, 0.0000000E+00, 5.3847763E-01
* ELEM  1388  line segment
 1, 702, 703
*
  1.4120000E+01, 1.3739239E+01, -1.9038059E-01, 1.9038059E-01
* ELEM  1389  line segment
 1, 0, 702
*
  1.4037358E+01, 1.4037358E+01, -1.0773864E-01, -1.0773864E-01
* ELEM  1390  circular arc
 3, 702, 1027
*
  1.3355000E+01, 1.3355000E+01, 9.6500000E-01, 3.7557114E+01, 7.4428858E+00
* ELEM  1391  line segment
 1, 1016, 702
*
  1.4120000E+01, 1.3739239E+01, 0.0000000E+00, 2.0397883E-01
* ELEM  1392  circular arc
 3, 704, 703
*
  1.3470000E+01, 1.3470000E+01, 5.1500000E-01, 2.2500000E+01, 2.2500000E+01
* ELEM  1393  line segment
 1, 0, 703
*
  1.3929619E+01, 1.3929619E+01, -9.5459415E-02, -9.5459415E-02
* ELEM  1394  line segment
 1, 0, 704
*
  1.3153923E+01, 1.3153923E+01, -4.8083261E-02, -4.8083261E-02
* ELEM  1395  circular arc
 3, 705, 704
*
  1.3470000E+01, 1.3470000E+01, 4.4700000E-01, 2.2500000E+02, 1.3500000E+02
* ELEM  1396  circular arc
 3, 705, 704
*
  1.3470000E+01, 1.3470000E+01, 4.4700000E-01, 0.0000000E+00, 4.5000000E+01
* ELEM  1397  line segment
 1, 0, 704
*
  1.3834160E+01, 1.3834160E+01, -4.8083261E-02, -4.8083261E-02
* ELEM  1398  line segment
 1, 0, 705
*
  1.3160287E+01, 1.3160287E+01, -6.3639610E-03, -6.3639610E-03
* ELEM  1399  circular arc
 3, 706, 705
*
  1.3470000E+01, 1.3470000E+01, 4.3800000E-01, 2.2500000E+02, 1.3500000E+02
* ELEM  1400  circular arc
 3, 706, 705
*
  1.3470000E+01, 1.3470000E+01, 4.3800000E-01, 0.0000000E+00, 4.5000000E+01
* ELEM  1401  line segment
 1, 0, 705
*
  1.3786077E+01, 1.3786077E+01, -6.3639610E-03, -6.3639610E-03
* ELEM  1402  line segment
 1, 0, 706
*
  1.3168129E+01, 1.3168129E+01, -7.8421025E-03, -7.8421025E-03
* ELEM  1403  circular arc
 3, 707, 706
*
  1.3470000E+01, 1.3470000E+01, 4.2690959E-01, 2.2500000E+02, 1.3500000E+02
* ELEM  1404  circular arc
 3, 707, 706
*
  1.3470000E+01, 1.3470000E+01, 4.2690959E-01, 0.0000000E+00, 4.5000000E+01
* ELEM  1405  line segment
 1, 0, 706
*
  1.3779713E+01, 1.3779713E+01, -7.8421025E-03, -7.8421025E-03
* ELEM  1406  line segment
 1, 0, 707
*
  1.3192984E+01, 1.3192984E+01, -2.4855145E-02, -2.4855145E-02
* ELEM  1407  circular arc
 3, 708, 707
*
  1.3470000E+01, 1.3470000E+01, 3.9175911E-01, 2.2500000E+02, 1.3500000E+02
* ELEM  1408  circular arc
 3, 708, 707
*
  1.3470000E+01, 1.3470000E+01, 3.9175911E-01, 0.0000000E+00, 4.5000000E+01
* ELEM  1409  line segment
 1, 0, 707
*
  1.3771871E+01, 1.3771871E+01, -2.4855145E-02, -2.4855145E-02
* ELEM  1410  line segment
 1, 0, 708
*
  1.3251000E+01, 1.3251000E+01, -5.8015523E-02, -5.8015523E-02
* ELEM  1411  circular arc
 3, 709, 708
*
  1.3470000E+01, 1.3470000E+01, 3.0971277E-01, 2.2500000E+02, 1.3500000E+02
* ELEM  1412  circular arc
 3, 709, 708
*
  1.3470000E+01, 1.3470000E+01, 3.0971277E-01, 0.0000000E+00, 4.5000000E+01
* ELEM  1413  line segment
 1, 0, 708
*
  1.3747016E+01, 1.3747016E+01, -5.8015523E-02, -5.8015523E-02
* ELEM  1414  line segment
 1, 0, 709
*
  1.3689000E+01, 1.3689000E+01, -4.3800000E-01, -4.3800000E-01
* ELEM  1415  circular arc
 3, 718, 710
*
  1.7700000E+00, 1.7700000E+00, 5.1500000E-01, 2.2500000E+02, 2.2500000E+01
* ELEM  1416  line segment
 1, 710, 712
*
  1.5729180E+00, 1.2942020E+00, -7.2156848E-02, -1.7420204E-01
* ELEM  1417  line segment
 1, 711, 710
*
  1.3103806E+00, 1.3103806E+00, 1.9038059E-01, -1.9038059E-01
* ELEM  1418  line segment
 1, 0, 710
*
  1.4058400E+00, 1.4058400E+00, -9.5459415E-02, -9.5459415E-02
* ELEM  1419  line segment
 1, 959, 711
*
  1.2967824E+00, 1.1200000E+00, 2.0397883E-01, 0.0000000E+00
* ELEM  1420  circular arc
 3, 711, 1025
*
  1.8850000E+00, 1.8850000E+00, 9.6500000E-01, 2.2500000E+02, 7.4428858E+00
* ELEM  1421  line segment
 1, 0, 711
*
  1.3103806E+00, 1.3103806E+00, -1.0773864E-01, -1.0773864E-01
* ELEM  1422  circular arc
 3, 718, 712
*
  1.7700000E+00, 1.7700000E+00, 5.1500000E-01, 2.4750000E+02, 4.5000000E+01
* ELEM  1423  line segment
 1, 712, 713
*
  1.9670820E+00, 1.2942020E+00, 7.2156848E-02, -1.7420204E-01
* ELEM  1424  line segment
 1, 959, 712
*
  1.5007612E+00, 1.1200000E+00, 5.3847763E-01, 0.0000000E+00
* ELEM  1425  circular arc
 3, 718, 713
*
  1.7700000E+00, 1.7700000E+00, 5.1500000E-01, 2.9250000E+02, 4.5000000E+01
* ELEM  1426  line segment
 1, 713, 715
*
  2.2457980E+00, 1.5729180E+00, 1.7420204E-01, -7.2156848E-02
* ELEM  1427  line segment
 1, 714, 713
*
  2.0392388E+00, 1.1200000E+00, 3.8076118E-01, 3.8076118E-01
* ELEM  1428  line segment
 1, 724, 714
*
  2.4200000E+00, 1.1200000E+00, 0.0000000E+00, 3.8076118E-01
* ELEM  1429  line segment
 1, 959, 714
*
  2.0392388E+00, 1.1200000E+00, 3.8076118E-01, 0.0000000E+00
* ELEM  1430  circular arc
 3, 718, 715
*
  1.7700000E+00, 1.7700000E+00, 5.1500000E-01, 3.3750000E+02, 2.2500000E+01
* ELEM  1431  circular arc
 3, 718, 715
*
  1.7700000E+00, 1.7700000E+00, 5.1500000E-01, 0.0000000E+00, 2.2500000E+01
* ELEM  1432  line segment
 1, 715, 717
*
  2.2457980E+00, 1.9670820E+00, 1.7420204E-01, 7.2156848E-02
* ELEM  1433  line segment
 1, 727, 715
*
  2.4200000E+00, 1.5007612E+00, 0.0000000E+00, 5.3847763E-01
* ELEM  1434  line segment
 1, 716, 717
*
  2.4200000E+00, 2.0392388E+00, -1.9038059E-01, 1.9038059E-01
* ELEM  1435  line segment
 1, 0, 716
*
  2.4200000E+00, 2.4200000E+00, -1.9038059E-01, -1.9038059E-01
* ELEM  1436  line segment
 1, 731, 716
*
  2.4200000E+00, 2.0392388E+00, 0.0000000E+00, 3.8076118E-01
* ELEM  1437  circular arc
 3, 718, 717
*
  1.7700000E+00, 1.7700000E+00, 5.1500000E-01, 2.2500000E+01, 2.2500000E+01
* ELEM  1438  line segment
 1, 0, 717
*
  2.2296194E+00, 2.2296194E+00, -9.5459415E-02, -9.5459415E-02
* ELEM  1439  line segment
 1, 0, 718
*
  1.4539233E+00, 1.4539233E+00, -4.8083261E-02, -4.8083261E-02
* ELEM  1440  circular arc
 3, 719, 718
*
  1.7700000E+00, 1.7700000E+00, 4.4700000E-01, 2.2500000E+02, 1.3500000E+02
* ELEM  1441  circular arc
 3, 719, 718
*
  1.7700000E+00, 1.7700000E+00, 4.4700000E-01, 0.0000000E+00, 4.5000000E+01
* ELEM  1442  line segment
 1, 0, 718
*
  2.1341600E+00, 2.1341600E+00, -4.8083261E-02, -4.8083261E-02
* ELEM  1443  line segment
 1, 0, 719
*
  1.4602872E+00, 1.4602872E+00, -6.3639610E-03, -6.3639610E-03
* ELEM  1444  circular arc
 3, 720, 719
*
  1.7700000E+00, 1.7700000E+00, 4.3800000E-01, 2.2500000E+02, 1.3500000E+02
* ELEM  1445  circular arc
 3, 720, 719
*
  1.7700000E+00, 1.7700000E+00, 4.3800000E-01, 0.0000000E+00, 4.5000000E+01
* ELEM  1446  line segment
 1, 0, 719
*
  2.0860767E+00, 2.0860767E+00, -6.3639610E-03, -6.3639610E-03
* ELEM  1447  line segment
 1, 0, 720
*
  1.4681293E+00, 1.4681293E+00, -7.8421025E-03, -7.8421025E-03
* ELEM  1448  circular arc
 3, 721, 720
*
  1.7700000E+00, 1.7700000E+00, 4.2690959E-01, 2.2500000E+02, 1.3500000E+02
* ELEM  1449  circular arc
 3, 721, 720
*
  1.7700000E+00, 1.7700000E+00, 4.2690959E-01, 0.0000000E+00, 4.5000000E+01
* ELEM  1450  line segment
 1, 0, 720
*
  2.0797128E+00, 2.0797128E+00, -7.8421025E-03, -7.8421025E-03
* ELEM  1451  line segment
 1, 0, 721
*
  1.4929845E+00, 1.4929845E+00, -2.4855145E-02, -2.4855145E-02
* ELEM  1452  circular arc
 3, 722, 721
*
  1.7700000E+00, 1.7700000E+00, 3.9175911E-01, 2.2500000E+02, 1.3500000E+02
* ELEM  1453  circular arc
 3, 722, 721
*
  1.7700000E+00, 1.7700000E+00, 3.9175911E-01, 0.0000000E+00, 4.5000000E+01
* ELEM  1454  line segment
 1, 0, 721
*
  2.0718707E+00, 2.0718707E+00, -2.4855145E-02, -2.4855145E-02
* ELEM  1455  line segment
 1, 0, 722
*
  1.5510000E+00, 1.5510000E+00, -5.8015523E-02, -5.8015523E-02
* ELEM  1456  circular arc
 3, 723, 722
*
  1.7700000E+00, 1.7700000E+00, 3.0971277E-01, 2.2500000E+02, 1.3500000E+02
* ELEM  1457  circular arc
 3, 723, 722
*
  1.7700000E+00, 1.7700000E+00, 3.0971277E-01, 0.0000000E+00, 4.5000000E+01
* ELEM  1458  line segment
 1, 0, 722
*
  2.0470155E+00, 2.0470155E+00, -5.8015523E-02, -5.8015523E-02
* ELEM  1459  line segment
 1, 0, 723
*
  1.9890000E+00, 1.9890000E+00, -4.3800000E-01, -4.3800000E-01
* ELEM  1460  line segment
 1, 724, 726
*
  2.4200000E+00, 1.5007612E+00, 3.8076118E-01, -3.8076118E-01
* ELEM  1461  line segment
 1, 962, 724
*
  2.4200000E+00, 1.1200000E+00, 3.8076118E-01, 0.0000000E+00
* ELEM  1462  line segment
 1, 726, 725
*
  2.8729180E+00, 1.2942020E+00, -7.2156848E-02, -1.7420204E-01
* ELEM  1463  circular arc
 3, 736, 725
*
  3.0700000E+00, 1.7700000E+00, 5.1500000E-01, 2.4750000E+02, 4.5000000E+01
* ELEM  1464  line segment
 1, 725, 729
*
  3.2670820E+00, 1.2942020E+00, 7.2156848E-02, -1.7420204E-01
* ELEM  1465  line segment
 1, 962, 725
*
  2.8007612E+00, 1.1200000E+00, 5.3847763E-01, 0.0000000E+00
* ELEM  1466  line segment
 1, 727, 726
*
  2.5942020E+00, 1.5729180E+00, -1.7420204E-01, -7.2156848E-02
* ELEM  1467  circular arc
 3, 736, 726
*
  3.0700000E+00, 1.7700000E+00, 5.1500000E-01, 2.0250000E+02, 4.5000000E+01
* ELEM  1468  line segment
 1, 730, 727
*
  2.5942020E+00, 1.9670820E+00, -1.7420204E-01, 7.2156848E-02
* ELEM  1469  circular arc
 3, 736, 727
*
  3.0700000E+00, 1.7700000E+00, 5.1500000E-01, 1.5750000E+02, 4.5000000E+01
* ELEM  1470  line segment
 1, 728, 729
*
  3.3392388E+00, 1.1200000E+00, 3.8076118E-01, 3.8076118E-01
* ELEM  1471  line segment
 1, 742, 728
*
  3.7200000E+00, 1.1200000E+00, 0.0000000E+00, 3.8076118E-01
* ELEM  1472  line segment
 1, 962, 728
*
  3.3392388E+00, 1.1200000E+00, 3.8076118E-01, 0.0000000E+00
* ELEM  1473  circular arc
 3, 736, 729
*
  3.0700000E+00, 1.7700000E+00, 5.1500000E-01, 2.9250000E+02, 4.5000000E+01
* ELEM  1474  line segment
 1, 729, 732
*
  3.5457980E+00, 1.5729180E+00, 1.7420204E-01, -7.2156848E-02
* ELEM  1475  line segment
 1, 731, 730
*
  2.8007612E+00, 2.4200000E+00, -3.8076118E-01, -3.8076118E-01
* ELEM  1476  line segment
 1, 733, 730
*
  2.8729180E+00, 2.2457980E+00, -7.2156848E-02, 1.7420204E-01
* ELEM  1477  circular arc
 3, 736, 730
*
  3.0700000E+00, 1.7700000E+00, 5.1500000E-01, 1.1250000E+02, 4.5000000E+01
* ELEM  1478  circular arc
 3, 736, 732
*
  3.0700000E+00, 1.7700000E+00, 5.1500000E-01, 3.3750000E+02, 2.2500000E+01
* ELEM  1479  circular arc
 3, 736, 732
*
  3.0700000E+00, 1.7700000E+00, 5.1500000E-01, 0.0000000E+00, 2.2500000E+01
* ELEM  1480  line segment
 1, 732, 735
*
  3.5457980E+00, 1.9670820E+00, 1.7420204E-01, 7.2156848E-02
* ELEM  1481  line segment
 1, 745, 732
*
  3.7200000E+00, 1.5007612E+00, 0.0000000E+00, 5.3847763E-01
* ELEM  1482  line segment
 1, 735, 733
*
  3.2670820E+00, 2.2457980E+00, 7.2156848E-02, 1.7420204E-01
* ELEM  1483  circular arc
 3, 736, 733
*
  3.0700000E+00, 1.7700000E+00, 5.1500000E-01, 6.7500000E+01, 4.5000000E+01
* ELEM  1484  line segment
 1, 734, 735
*
  3.7200000E+00, 2.0392388E+00, -3.8076118E-01, 3.8076118E-01
* ELEM  1485  line segment
 1, 749, 734
*
  3.7200000E+00, 2.0392388E+00, 0.0000000E+00, 3.8076118E-01
* ELEM  1486  circular arc
 3, 736, 735
*
  3.0700000E+00, 1.7700000E+00, 5.1500000E-01, 2.2500000E+01, 4.5000000E+01
* ELEM  1487  circle
 2, 737, 736
*
  3.0700000E+00, 1.7700000E+00, 4.4700000E-01, 0.0000000E+00
* ELEM  1488  circle
 2, 738, 737
*
  3.0700000E+00, 1.7700000E+00, 4.3800000E-01, 0.0000000E+00
* ELEM  1489  circle
 2, 739, 738
*
  3.0700000E+00, 1.7700000E+00, 4.2690959E-01, 0.0000000E+00
* ELEM  1490  circle
 2, 740, 739
*
  3.0700000E+00, 1.7700000E+00, 3.9175911E-01, 0.0000000E+00
* ELEM  1491  circle
 2, 741, 740
*
  3.0700000E+00, 1.7700000E+00, 3.0971277E-01, 0.0000000E+00
* ELEM  1492  line segment
 1, 742, 744
*
  3.7200000E+00, 1.5007612E+00, 3.8076118E-01, -3.8076118E-01
* ELEM  1493  line segment
 1, 965, 742
*
  3.7200000E+00, 1.1200000E+00, 3.8076118E-01, 0.0000000E+00
* ELEM  1494  line segment
 1, 744, 743
*
  4.1729180E+00, 1.2942020E+00, -7.2156848E-02, -1.7420204E-01
* ELEM  1495  circular arc
 3, 754, 743
*
  4.3700000E+00, 1.7700000E+00, 5.1500000E-01, 2.4750000E+02, 4.5000000E+01
* ELEM  1496  line segment
 1, 743, 747
*
  4.5670820E+00, 1.2942020E+00, 7.2156848E-02, -1.7420204E-01
* ELEM  1497  line segment
 1, 965, 743
*
  4.1007612E+00, 1.1200000E+00, 5.3847763E-01, 0.0000000E+00
* ELEM  1498  line segment
 1, 745, 744
*
  3.8942020E+00, 1.5729180E+00, -1.7420204E-01, -7.2156848E-02
* ELEM  1499  circular arc
 3, 754, 744
*
  4.3700000E+00, 1.7700000E+00, 5.1500000E-01, 2.0250000E+02, 4.5000000E+01
* ELEM  1500  line segment
 1, 748, 745
*
  3.8942020E+00, 1.9670820E+00, -1.7420204E-01, 7.2156848E-02
* ELEM  1501  circular arc
 3, 754, 745
*
  4.3700000E+00, 1.7700000E+00, 5.1500000E-01, 1.5750000E+02, 4.5000000E+01
* ELEM  1502  line segment
 1, 746, 747
*
  4.6392388E+00, 1.1200000E+00, 3.8076118E-01, 3.8076118E-01
* ELEM  1503  line segment
 1, 760, 746
*
  5.0200000E+00, 1.1200000E+00, 0.0000000E+00, 3.8076118E-01
* ELEM  1504  line segment
 1, 965, 746
*
  4.6392388E+00, 1.1200000E+00, 3.8076118E-01, 0.0000000E+00
* ELEM  1505  circular arc
 3, 754, 747
*
  4.3700000E+00, 1.7700000E+00, 5.1500000E-01, 2.9250000E+02, 4.5000000E+01
* ELEM  1506  line segment
 1, 747, 750
*
  4.8457980E+00, 1.5729180E+00, 1.7420204E-01, -7.2156848E-02
* ELEM  1507  line segment
 1, 749, 748
*
  4.1007612E+00, 2.4200000E+00, -3.8076118E-01, -3.8076118E-01
* ELEM  1508  line segment
 1, 751, 748
*
  4.1729180E+00, 2.2457980E+00, -7.2156848E-02, 1.7420204E-01
* ELEM  1509  circular arc
 3, 754, 748
*
  4.3700000E+00, 1.7700000E+00, 5.1500000E-01, 1.1250000E+02, 4.5000000E+01
* ELEM  1510  circular arc
 3, 754, 750
*
  4.3700000E+00, 1.7700000E+00, 5.1500000E-01, 3.3750000E+02, 2.2500000E+01
* ELEM  1511  circular arc
 3, 754, 750
*
  4.3700000E+00, 1.7700000E+00, 5.1500000E-01, 0.0000000E+00, 2.2500000E+01
* ELEM  1512  line segment
 1, 750, 753
*
  4.8457980E+00, 1.9670820E+00, 1.7420204E-01, 7.2156848E-02
* ELEM  1513  line segment
 1, 763, 750
*
  5.0200000E+00, 1.5007612E+00, 0.0000000E+00, 5.3847763E-01
* ELEM  1514  line segment
 1, 753, 751
*
  4.5670820E+00, 2.2457980E+00, 7.2156848E-02, 1.7420204E-01
* ELEM  1515  circular arc
 3, 754, 751
*
  4.3700000E+00, 1.7700000E+00, 5.1500000E-01, 6.7500000E+01, 4.5000000E+01
* ELEM  1516  line segment
 1, 752, 753
*
  5.0200000E+00, 2.0392388E+00, -3.8076118E-01, 3.8076118E-01
* ELEM  1517  line segment
 1, 767, 752
*
  5.0200000E+00, 2.0392388E+00, 0.0000000E+00, 3.8076118E-01
* ELEM  1518  circular arc
 3, 754, 753
*
  4.3700000E+00, 1.7700000E+00, 5.1500000E-01, 2.2500000E+01, 4.5000000E+01
* ELEM  1519  circle
 2, 755, 754
*
  4.3700000E+00, 1.7700000E+00, 4.4700000E-01, 0.0000000E+00
* ELEM  1520  circle
 2, 756, 755
*
  4.3700000E+00, 1.7700000E+00, 4.3800000E-01, 0.0000000E+00
* ELEM  1521  circle
 2, 757, 756
*
  4.3700000E+00, 1.7700000E+00, 4.2690959E-01, 0.0000000E+00
* ELEM  1522  circle
 2, 758, 757
*
  4.3700000E+00, 1.7700000E+00, 3.9175911E-01, 0.0000000E+00
* ELEM  1523  circle
 2, 759, 758
*
  4.3700000E+00, 1.7700000E+00, 3.0971277E-01, 0.0000000E+00
* ELEM  1524  line segment
 1, 760, 762
*
  5.0200000E+00, 1.5007612E+00, 3.8076118E-01, -3.8076118E-01
* ELEM  1525  line segment
 1, 968, 760
*
  5.0200000E+00, 1.1200000E+00, 3.8076118E-01, 0.0000000E+00
* ELEM  1526  line segment
 1, 762, 761
*
  5.4729180E+00, 1.2942020E+00, -7.2156848E-02, -1.7420204E-01
* ELEM  1527  circular arc
 3, 772, 761
*
  5.6700000E+00, 1.7700000E+00, 5.1500000E-01, 2.4750000E+02, 4.5000000E+01
* ELEM  1528  line segment
 1, 761, 765
*
  5.8670820E+00, 1.2942020E+00, 7.2156848E-02, -1.7420204E-01
* ELEM  1529  line segment
 1, 968, 761
*
  5.4007612E+00, 1.1200000E+00, 5.3847763E-01, 0.0000000E+00
* ELEM  1530  line segment
 1, 763, 762
*
  5.1942020E+00, 1.5729180E+00, -1.7420204E-01, -7.2156848E-02
* ELEM  1531  circular arc
 3, 772, 762
*
  5.6700000E+00, 1.7700000E+00, 5.1500000E-01, 2.0250000E+02, 4.5000000E+01
* ELEM  1532  line segment
 1, 766, 763
*
  5.1942020E+00, 1.9670820E+00, -1.7420204E-01, 7.2156848E-02
* ELEM  1533  circular arc
 3, 772, 763
*
  5.6700000E+00, 1.7700000E+00, 5.1500000E-01, 1.5750000E+02, 4.5000000E+01
* ELEM  1534  line segment
 1, 764, 765
*
  5.9392388E+00, 1.1200000E+00, 3.8076118E-01, 3.8076118E-01
* ELEM  1535  line segment
 1, 968, 764
*
  5.9392388E+00, 1.1200000E+00, 3.8076118E-01, 0.0000000E+00
* ELEM  1536  circular arc
 3, 772, 765
*
  5.6700000E+00, 1.7700000E+00, 5.1500000E-01, 2.9250000E+02, 4.5000000E+01
* ELEM  1537  line segment
 1, 765, 768
*
  6.1457980E+00, 1.5729180E+00, 1.7420204E-01, -7.2156848E-02
* ELEM  1538  line segment
 1, 767, 766
*
  5.4007612E+00, 2.4200000E+00, -3.8076118E-01, -3.8076118E-01
* ELEM  1539  line segment
 1, 769, 766
*
  5.4729180E+00, 2.2457980E+00, -7.2156848E-02, 1.7420204E-01
* ELEM  1540  circular arc
 3, 772, 766
*
  5.6700000E+00, 1.7700000E+00, 5.1500000E-01, 1.1250000E+02, 4.5000000E+01
* ELEM  1541  circular arc
 3, 772, 768
*
  5.6700000E+00, 1.7700000E+00, 5.1500000E-01, 3.3750000E+02, 2.2500000E+01
* ELEM  1542  circular arc
 3, 772, 768
*
  5.6700000E+00, 1.7700000E+00, 5.1500000E-01, 0.0000000E+00, 2.2500000E+01
* ELEM  1543  line segment
 1, 768, 771
*
  6.1457980E+00, 1.9670820E+00, 1.7420204E-01, 7.2156848E-02
* ELEM  1544  line segment
 1, 771, 769
*
  5.8670820E+00, 2.2457980E+00, 7.2156848E-02, 1.7420204E-01
* ELEM  1545  circular arc
 3, 772, 769
*
  5.6700000E+00, 1.7700000E+00, 5.1500000E-01, 6.7500000E+01, 4.5000000E+01
* ELEM  1546  line segment
 1, 770, 771
*
  6.3200000E+00, 2.0392388E+00, -3.8076118E-01, 3.8076118E-01
* ELEM  1547  circular arc
 3, 772, 771
*
  5.6700000E+00, 1.7700000E+00, 5.1500000E-01, 2.2500000E+01, 4.5000000E+01
* ELEM  1548  circle
 2, 773, 772
*
  5.6700000E+00, 1.7700000E+00, 4.4700000E-01, 0.0000000E+00
* ELEM  1549  circle
 2, 774, 773
*
  5.6700000E+00, 1.7700000E+00, 4.3800000E-01, 0.0000000E+00
* ELEM  1550  circle
 2, 775, 774
*
  5.6700000E+00, 1.7700000E+00, 4.2690959E-01, 0.0000000E+00
* ELEM  1551  circle
 2, 776, 775
*
  5.6700000E+00, 1.7700000E+00, 3.9175911E-01, 0.0000000E+00
* ELEM  1552  circle
 2, 777, 776
*
  5.6700000E+00, 1.7700000E+00, 3.0971277E-01, 0.0000000E+00
* ELEM  1553  line segment
 1, 779, 778
*
  6.7729180E+00, 2.5942020E+00, -7.2156848E-02, -1.7420204E-01
* ELEM  1554  circular arc
 3, 790, 778
*
  6.9700000E+00, 3.0700000E+00, 5.1500000E-01, 2.4750000E+02, 4.5000000E+01
* ELEM  1555  line segment
 1, 778, 782
*
  7.1670820E+00, 2.5942020E+00, 7.2156848E-02, -1.7420204E-01
* ELEM  1556  line segment
 1, 780, 779
*
  6.3200000E+00, 2.8007612E+00, 3.8076118E-01, -3.8076118E-01
* ELEM  1557  line segment
 1, 783, 779
*
  6.4942020E+00, 2.8729180E+00, -1.7420204E-01, -7.2156848E-02
* ELEM  1558  circular arc
 3, 790, 779
*
  6.9700000E+00, 3.0700000E+00, 5.1500000E-01, 2.0250000E+02, 4.5000000E+01
* ELEM  1559  line segment
 1, 781, 782
*
  7.2392388E+00, 2.4200000E+00, 3.8076118E-01, 3.8076118E-01
* ELEM  1560  line segment
 1, 798, 781
*
  7.6200000E+00, 2.4200000E+00, 0.0000000E+00, 3.8076118E-01
* ELEM  1561  circular arc
 3, 790, 782
*
  6.9700000E+00, 3.0700000E+00, 5.1500000E-01, 2.9250000E+02, 4.5000000E+01
* ELEM  1562  line segment
 1, 782, 784
*
  7.4457980E+00, 2.8729180E+00, 1.7420204E-01, -7.2156848E-02
* ELEM  1563  line segment
 1, 785, 783
*
  6.4942020E+00, 3.2670820E+00, -1.7420204E-01, 7.2156848E-02
* ELEM  1564  circular arc
 3, 790, 783
*
  6.9700000E+00, 3.0700000E+00, 5.1500000E-01, 1.5750000E+02, 4.5000000E+01
* ELEM  1565  circular arc
 3, 790, 784
*
  6.9700000E+00, 3.0700000E+00, 5.1500000E-01, 3.3750000E+02, 2.2500000E+01
* ELEM  1566  circular arc
 3, 790, 784
*
  6.9700000E+00, 3.0700000E+00, 5.1500000E-01, 0.0000000E+00, 2.2500000E+01
* ELEM  1567  line segment
 1, 784, 788
*
  7.4457980E+00, 3.2670820E+00, 1.7420204E-01, 7.2156848E-02
* ELEM  1568  line segment
 1, 801, 784
*
  7.6200000E+00, 2.8007612E+00, 0.0000000E+00, 5.3847763E-01
* ELEM  1569  line segment
 1, 786, 785
*
  6.7007612E+00, 3.7200000E+00, -3.8076118E-01, -3.8076118E-01
* ELEM  1570  line segment
 1, 789, 785
*
  6.7729180E+00, 3.5457980E+00, -7.2156848E-02, 1.7420204E-01
* ELEM  1571  circular arc
 3, 790, 785
*
  6.9700000E+00, 3.0700000E+00, 5.1500000E-01, 1.1250000E+02, 4.5000000E+01
* ELEM  1572  line segment
 1, 887, 786
*
  6.7007612E+00, 3.7200000E+00, -3.8076118E-01, 0.0000000E+00
* ELEM  1573  line segment
 1, 787, 788
*
  7.6200000E+00, 3.3392388E+00, -3.8076118E-01, 3.8076118E-01
* ELEM  1574  line segment
 1, 888, 787
*
  7.6200000E+00, 3.7200000E+00, -3.8076118E-01, 0.0000000E+00
* ELEM  1575  line segment
 1, 804, 787
*
  7.6200000E+00, 3.3392388E+00, 0.0000000E+00, 3.8076118E-01
* ELEM  1576  circular arc
 3, 790, 788
*
  6.9700000E+00, 3.0700000E+00, 5.1500000E-01, 2.2500000E+01, 4.5000000E+01
* ELEM  1577  line segment
 1, 788, 789
*
  7.1670820E+00, 3.5457980E+00, 7.2156848E-02, 1.7420204E-01
* ELEM  1578  line segment
 1, 885, 789
*
  7.2392388E+00, 3.7200000E+00, -5.3847763E-01, 0.0000000E+00
* ELEM  1579  circular arc
 3, 790, 789
*
  6.9700000E+00, 3.0700000E+00, 5.1500000E-01, 6.7500000E+01, 4.5000000E+01
* ELEM  1580  circle
 2, 791, 790
*
  6.9700000E+00, 3.0700000E+00, 4.4700000E-01, 0.0000000E+00
* ELEM  1581  circle
 2, 792, 791
*
  6.9700000E+00, 3.0700000E+00, 4.3800000E-01, 0.0000000E+00
* ELEM  1582  circle
 2, 793, 792
*
  6.9700000E+00, 3.0700000E+00, 4.2690959E-01, 0.0000000E+00
* ELEM  1583  circle
 2, 794, 793
*
  6.9700000E+00, 3.0700000E+00, 3.9175911E-01, 0.0000000E+00
* ELEM  1584  circle
 2, 795, 794
*
  6.9700000E+00, 3.0700000E+00, 3.0971277E-01, 0.0000000E+00
* ELEM  1585  line segment
 1, 797, 796
*
  8.0729180E+00, 2.5942020E+00, -7.2156848E-02, -1.7420204E-01
* ELEM  1586  circular arc
 3, 808, 796
*
  8.2700000E+00, 3.0700000E+00, 5.1500000E-01, 2.4750000E+02, 4.5000000E+01
* ELEM  1587  line segment
 1, 796, 800
*
  8.4670820E+00, 2.5942020E+00, 7.2156848E-02, -1.7420204E-01
* ELEM  1588  line segment
 1, 798, 797
*
  7.6200000E+00, 2.8007612E+00, 3.8076118E-01, -3.8076118E-01
* ELEM  1589  line segment
 1, 801, 797
*
  7.7942020E+00, 2.8729180E+00, -1.7420204E-01, -7.2156848E-02
* ELEM  1590  circular arc
 3, 808, 797
*
  8.2700000E+00, 3.0700000E+00, 5.1500000E-01, 2.0250000E+02, 4.5000000E+01
* ELEM  1591  line segment
 1, 799, 800
*
  8.5392388E+00, 2.4200000E+00, 3.8076118E-01, 3.8076118E-01
* ELEM  1592  circular arc
 3, 808, 800
*
  8.2700000E+00, 3.0700000E+00, 5.1500000E-01, 2.9250000E+02, 4.5000000E+01
* ELEM  1593  line segment
 1, 800, 802
*
  8.7457980E+00, 2.8729180E+00, 1.7420204E-01, -7.2156848E-02
* ELEM  1594  line segment
 1, 803, 801
*
  7.7942020E+00, 3.2670820E+00, -1.7420204E-01, 7.2156848E-02
* ELEM  1595  circular arc
 3, 808, 801
*
  8.2700000E+00, 3.0700000E+00, 5.1500000E-01, 1.5750000E+02, 4.5000000E+01
* ELEM  1596  circular arc
 3, 808, 802
*
  8.2700000E+00, 3.0700000E+00, 5.1500000E-01, 3.3750000E+02, 2.2500000E+01
* ELEM  1597  circular arc
 3, 808, 802
*
  8.2700000E+00, 3.0700000E+00, 5.1500000E-01, 0.0000000E+00, 2.2500000E+01
* ELEM  1598  line segment
 1, 802, 806
*
  8.7457980E+00, 3.2670820E+00, 1.7420204E-01, 7.2156848E-02
* ELEM  1599  line segment
 1, 804, 803
*
  8.0007612E+00, 3.7200000E+00, -3.8076118E-01, -3.8076118E-01
* ELEM  1600  line segment
 1, 807, 803
*
  8.0729180E+00, 3.5457980E+00, -7.2156848E-02, 1.7420204E-01
* ELEM  1601  circular arc
 3, 808, 803
*
  8.2700000E+00, 3.0700000E+00, 5.1500000E-01, 1.1250000E+02, 4.5000000E+01
* ELEM  1602  line segment
 1, 805, 806
*
  8.9200000E+00, 3.3392388E+00, -3.8076118E-01, 3.8076118E-01
* ELEM  1603  circular arc
 3, 808, 806
*
  8.2700000E+00, 3.0700000E+00, 5.1500000E-01, 2.2500000E+01, 4.5000000E+01
* ELEM  1604  line segment
 1, 806, 807
*
  8.4670820E+00, 3.5457980E+00, 7.2156848E-02, 1.7420204E-01
* ELEM  1605  circular arc
 3, 808, 807
*
  8.2700000E+00, 3.0700000E+00, 5.1500000E-01, 6.7500000E+01, 4.5000000E+01
* ELEM  1606  circle
 2, 809, 808
*
  8.2700000E+00, 3.0700000E+00, 4.4700000E-01, 0.0000000E+00
* ELEM  1607  circle
 2, 810, 809
*
  8.2700000E+00, 3.0700000E+00, 4.3800000E-01, 0.0000000E+00
* ELEM  1608  circle
 2, 811, 810
*
  8.2700000E+00, 3.0700000E+00, 4.2690959E-01, 0.0000000E+00
* ELEM  1609  circle
 2, 812, 811
*
  8.2700000E+00, 3.0700000E+00, 4.1552328E-01, 0.0000000E+00
* ELEM  1610  circle
 2, 813, 812
*
  8.2700000E+00, 3.0700000E+00, 3.9175911E-01, 0.0000000E+00
* ELEM  1611  circle
 2, 814, 813
*
  8.2700000E+00, 3.0700000E+00, 3.6645709E-01, 0.0000000E+00
* ELEM  1612  circle
 2, 815, 814
*
  8.2700000E+00, 3.0700000E+00, 3.3927334E-01, 0.0000000E+00
* ELEM  1613  circle
 2, 816, 815
*
  8.2700000E+00, 3.0700000E+00, 3.0971277E-01, 0.0000000E+00
* ELEM  1614  circle
 2, 817, 816
*
  8.2700000E+00, 3.0700000E+00, 2.7701552E-01, 0.0000000E+00
* ELEM  1615  circle
 2, 818, 817
*
  8.2700000E+00, 3.0700000E+00, 2.3990248E-01, 0.0000000E+00
* ELEM  1616  circle
 2, 819, 818
*
  8.2700000E+00, 3.0700000E+00, 1.9587955E-01, 0.0000000E+00
* ELEM  1617  circle
 2, 820, 819
*
  8.2700000E+00, 3.0700000E+00, 1.3850776E-01, 0.0000000E+00
* ELEM  1618  line segment
 1, 822, 821
*
  1.0672918E+01, 2.5942020E+00, -7.2156848E-02, -1.7420204E-01
* ELEM  1619  circular arc
 3, 833, 821
*
  1.0870000E+01, 3.0700000E+00, 5.1500000E-01, 2.4750000E+02, 4.5000000E+01
* ELEM  1620  line segment
 1, 821, 825
*
  1.1067082E+01, 2.5942020E+00, 7.2156848E-02, -1.7420204E-01
* ELEM  1621  line segment
 1, 823, 822
*
  1.0220000E+01, 2.8007612E+00, 3.8076118E-01, -3.8076118E-01
* ELEM  1622  line segment
 1, 826, 822
*
  1.0394202E+01, 2.8729180E+00, -1.7420204E-01, -7.2156848E-02
* ELEM  1623  circular arc
 3, 833, 822
*
  1.0870000E+01, 3.0700000E+00, 5.1500000E-01, 2.0250000E+02, 4.5000000E+01
* ELEM  1624  line segment
 1, 824, 825
*
  1.1139239E+01, 2.4200000E+00, 3.8076118E-01, 3.8076118E-01
* ELEM  1625  circular arc
 3, 833, 825
*
  1.0870000E+01, 3.0700000E+00, 5.1500000E-01, 2.9250000E+02, 4.5000000E+01
* ELEM  1626  line segment
 1, 825, 827
*
  1.1345798E+01, 2.8729180E+00, 1.7420204E-01, -7.2156848E-02
* ELEM  1627  line segment
 1, 828, 826
*
  1.0394202E+01, 3.2670820E+00, -1.7420204E-01, 7.2156848E-02
* ELEM  1628  circular arc
 3, 833, 826
*
  1.0870000E+01, 3.0700000E+00, 5.1500000E-01, 1.5750000E+02, 4.5000000E+01
* ELEM  1629  circular arc
 3, 833, 827
*
  1.0870000E+01, 3.0700000E+00, 5.1500000E-01, 3.3750000E+02, 2.2500000E+01
* ELEM  1630  circular arc
 3, 833, 827
*
  1.0870000E+01, 3.0700000E+00, 5.1500000E-01, 0.0000000E+00, 2.2500000E+01
* ELEM  1631  line segment
 1, 827, 831
*
  1.1345798E+01, 3.2670820E+00, 1.7420204E-01, 7.2156848E-02
* ELEM  1632  line segment
 1, 829, 828
*
  1.0600761E+01, 3.7200000E+00, -3.8076118E-01, -3.8076118E-01
* ELEM  1633  line segment
 1, 832, 828
*
  1.0672918E+01, 3.5457980E+00, -7.2156848E-02, 1.7420204E-01
* ELEM  1634  circular arc
 3, 833, 828
*
  1.0870000E+01, 3.0700000E+00, 5.1500000E-01, 1.1250000E+02, 4.5000000E+01
* ELEM  1635  line segment
 1, 830, 831
*
  1.1520000E+01, 3.3392388E+00, -3.8076118E-01, 3.8076118E-01
* ELEM  1636  circular arc
 3, 833, 831
*
  1.0870000E+01, 3.0700000E+00, 5.1500000E-01, 2.2500000E+01, 4.5000000E+01
* ELEM  1637  line segment
 1, 831, 832
*
  1.1067082E+01, 3.5457980E+00, 7.2156848E-02, 1.7420204E-01
* ELEM  1638  circular arc
 3, 833, 832
*
  1.0870000E+01, 3.0700000E+00, 5.1500000E-01, 6.7500000E+01, 4.5000000E+01
* ELEM  1639  circle
 2, 834, 833
*
  1.0870000E+01, 3.0700000E+00, 4.4700000E-01, 0.0000000E+00
* ELEM  1640  circle
 2, 835, 834
*
  1.0870000E+01, 3.0700000E+00, 4.3800000E-01, 0.0000000E+00
* ELEM  1641  circle
 2, 836, 835
*
  1.0870000E+01, 3.0700000E+00, 4.2690959E-01, 0.0000000E+00
* ELEM  1642  circle
 2, 837, 836
*
  1.0870000E+01, 3.0700000E+00, 4.1552328E-01, 0.0000000E+00
* ELEM  1643  circle
 2, 838, 837
*
  1.0870000E+01, 3.0700000E+00, 3.9175911E-01, 0.0000000E+00
* ELEM  1644  circle
 2, 839, 838
*
  1.0870000E+01, 3.0700000E+00, 3.6645709E-01, 0.0000000E+00
* ELEM  1645  circle
 2, 840, 839
*
  1.0870000E+01, 3.0700000E+00, 3.3927334E-01, 0.0000000E+00
* ELEM  1646  circle
 2, 841, 840
*
  1.0870000E+01, 3.0700000E+00, 3.0971277E-01, 0.0000000E+00
* ELEM  1647  circle
 2, 842, 841
*
  1.0870000E+01, 3.0700000E+00, 2.7701552E-01, 0.0000000E+00
* ELEM  1648  circle
 2, 843, 842
*
  1.0870000E+01, 3.0700000E+00, 2.3990248E-01, 0.0000000E+00
* ELEM  1649  circle
 2, 844, 843
*
  1.0870000E+01, 3.0700000E+00, 1.9587955E-01, 0.0000000E+00
* ELEM  1650  circle
 2, 845, 844
*
  1.0870000E+01, 3.0700000E+00, 1.3850776E-01, 0.0000000E+00
* ELEM  1651  circular arc
 3, 854, 846
*
  4.3700000E+00, 4.3700000E+00, 5.1500000E-01, 2.2500000E+02, 2.2500000E+01
* ELEM  1652  line segment
 1, 846, 848
*
  4.1729180E+00, 3.8942020E+00, -7.2156848E-02, -1.7420204E-01
* ELEM  1653  line segment
 1, 847, 846
*
  3.9103806E+00, 3.9103806E+00, 1.9038059E-01, -1.9038059E-01
* ELEM  1654  line segment
 1, 0, 846
*
  4.0058400E+00, 4.0058400E+00, -9.5459415E-02, -9.5459415E-02
* ELEM  1655  line segment
 1, 0, 847
*
  3.9103806E+00, 3.9103806E+00, -1.9038059E-01, -1.9038059E-01
* ELEM  1656  circular arc
 3, 854, 848
*
  4.3700000E+00, 4.3700000E+00, 5.1500000E-01, 2.4750000E+02, 4.5000000E+01
* ELEM  1657  line segment
 1, 848, 849
*
  4.5670820E+00, 3.8942020E+00, 7.2156848E-02, -1.7420204E-01
* ELEM  1658  circular arc
 3, 854, 849
*
  4.3700000E+00, 4.3700000E+00, 5.1500000E-01, 2.9250000E+02, 4.5000000E+01
* ELEM  1659  line segment
 1, 849, 851
*
  4.8457980E+00, 4.1729180E+00, 1.7420204E-01, -7.2156848E-02
* ELEM  1660  line segment
 1, 850, 849
*
  4.6392388E+00, 3.7200000E+00, 3.8076118E-01, 3.8076118E-01
* ELEM  1661  line segment
 1, 869, 850
*
  5.0200000E+00, 3.7200000E+00, 0.0000000E+00, 3.8076118E-01
* ELEM  1662  circular arc
 3, 854, 851
*
  4.3700000E+00, 4.3700000E+00, 5.1500000E-01, 3.3750000E+02, 2.2500000E+01
* ELEM  1663  circular arc
 3, 854, 851
*
  4.3700000E+00, 4.3700000E+00, 5.1500000E-01, 0.0000000E+00, 2.2500000E+01
* ELEM  1664  line segment
 1, 851, 853
*
  4.8457980E+00, 4.5670820E+00, 1.7420204E-01, 7.2156848E-02
* ELEM  1665  line segment
 1, 872, 851
*
  5.0200000E+00, 4.1007612E+00, 0.0000000E+00, 5.3847763E-01
* ELEM  1666  line segment
 1, 852, 853
*
  5.0200000E+00, 4.6392388E+00, -1.9038059E-01, 1.9038059E-01
* ELEM  1667  line segment
 1, 0, 852
*
  5.0200000E+00, 5.0200000E+00, -1.9038059E-01, -1.9038059E-01
* ELEM  1668  line segment
 1, 875, 852
*
  5.0200000E+00, 4.6392388E+00, 0.0000000E+00, 3.8076118E-01
* ELEM  1669  circular arc
 3, 854, 853
*
  4.3700000E+00, 4.3700000E+00, 5.1500000E-01, 2.2500000E+01, 2.2500000E+01
* ELEM  1670  line segment
 1, 0, 853
*
  4.8296194E+00, 4.8296194E+00, -9.5459415E-02, -9.5459415E-02
* ELEM  1671  line segment
 1, 0, 854
*
  4.0539233E+00, 4.0539233E+00, -4.8083261E-02, -4.8083261E-02
* ELEM  1672  circular arc
 3, 855, 854
*
  4.3700000E+00, 4.3700000E+00, 4.4700000E-01, 2.2500000E+02, 1.3500000E+02
* ELEM  1673  circular arc
 3, 855, 854
*
  4.3700000E+00, 4.3700000E+00, 4.4700000E-01, 0.0000000E+00, 4.5000000E+01
* ELEM  1674  line segment
 1, 0, 854
*
  4.7341600E+00, 4.7341600E+00, -4.8083261E-02, -4.8083261E-02
* ELEM  1675  line segment
 1, 0, 855
*
  4.0602872E+00, 4.0602872E+00, -6.3639610E-03, -6.3639610E-03
* ELEM  1676  circular arc
 3, 856, 855
*
  4.3700000E+00, 4.3700000E+00, 4.3800000E-01, 2.2500000E+02, 1.3500000E+02
* ELEM  1677  circular arc
 3, 856, 855
*
  4.3700000E+00, 4.3700000E+00, 4.3800000E-01, 0.0000000E+00, 4.5000000E+01
* ELEM  1678  line segment
 1, 0, 855
*
  4.6860767E+00, 4.6860767E+00, -6.3639610E-03, -6.3639610E-03
* ELEM  1679  line segment
 1, 0, 856
*
  4.0681293E+00, 4.0681293E+00, -7.8421025E-03, -7.8421025E-03
* ELEM  1680  circular arc
 3, 857, 856
*
  4.3700000E+00, 4.3700000E+00, 4.2690959E-01, 2.2500000E+02, 1.3500000E+02
* ELEM  1681  circular arc
 3, 857, 856
*
  4.3700000E+00, 4.3700000E+00, 4.2690959E-01, 0.0000000E+00, 4.5000000E+01
* ELEM  1682  line segment
 1, 0, 856
*
  4.6797128E+00, 4.6797128E+00, -7.8421025E-03, -7.8421025E-03
* ELEM  1683  line segment
 1, 0, 857
*
  4.0761807E+00, 4.0761807E+00, -8.0513354E-03, -8.0513354E-03
* ELEM  1684  circular arc
 3, 858, 857
*
  4.3700000E+00, 4.3700000E+00, 4.1552328E-01, 2.2500000E+02, 1.3500000E+02
* ELEM  1685  circular arc
 3, 858, 857
*
  4.3700000E+00, 4.3700000E+00, 4.1552328E-01, 0.0000000E+00, 4.5000000E+01
* ELEM  1686  line segment
 1, 0, 857
*
  4.6718707E+00, 4.6718707E+00, -8.0513354E-03, -8.0513354E-03
* ELEM  1687  line segment
 1, 0, 858
*
  4.0929845E+00, 4.0929845E+00, -1.6803809E-02, -1.6803809E-02
* ELEM  1688  circular arc
 3, 859, 858
*
  4.3700000E+00, 4.3700000E+00, 3.9175911E-01, 2.2500000E+02, 1.3500000E+02
* ELEM  1689  circular arc
 3, 859, 858
*
  4.3700000E+00, 4.3700000E+00, 3.9175911E-01, 0.0000000E+00, 4.5000000E+01
* ELEM  1690  line segment
 1, 0, 858
*
  4.6638193E+00, 4.6638193E+00, -1.6803809E-02, -1.6803809E-02
* ELEM  1691  line segment
 1, 0, 859
*
  4.1108757E+00, 4.1108757E+00, -1.7891229E-02, -1.7891229E-02
* ELEM  1692  circular arc
 3, 860, 859
*
  4.3700000E+00, 4.3700000E+00, 3.6645709E-01, 2.2500000E+02, 1.3500000E+02
* ELEM  1693  circular arc
 3, 860, 859
*
  4.3700000E+00, 4.3700000E+00, 3.6645709E-01, 0.0000000E+00, 4.5000000E+01
* ELEM  1694  line segment
 1, 0, 859
*
  4.6470155E+00, 4.6470155E+00, -1.7891229E-02, -1.7891229E-02
* ELEM  1695  line segment
 1, 0, 860
*
  4.1300975E+00, 4.1300975E+00, -1.9221814E-02, -1.9221814E-02
* ELEM  1696  circular arc
 3, 861, 860
*
  4.3700000E+00, 4.3700000E+00, 3.3927334E-01, 2.2500000E+02, 1.3500000E+02
* ELEM  1697  circular arc
 3, 861, 860
*
  4.3700000E+00, 4.3700000E+00, 3.3927334E-01, 0.0000000E+00, 4.5000000E+01
* ELEM  1698  line segment
 1, 0, 860
*
  4.6291243E+00, 4.6291243E+00, -1.9221814E-02, -1.9221814E-02
* ELEM  1699  line segment
 1, 0, 861
*
  4.1510000E+00, 4.1510000E+00, -2.0902480E-02, -2.0902480E-02
* ELEM  1700  circular arc
 3, 862, 861
*
  4.3700000E+00, 4.3700000E+00, 3.0971277E-01, 2.2500000E+02, 1.3500000E+02
* ELEM  1701  circular arc
 3, 862, 861
*
  4.3700000E+00, 4.3700000E+00, 3.0971277E-01, 0.0000000E+00, 4.5000000E+01
* ELEM  1702  line segment
 1, 0, 861
*
  4.6099025E+00, 4.6099025E+00, -2.0902480E-02, -2.0902480E-02
* ELEM  1703  line segment
 1, 0, 862
*
  4.1741204E+00, 4.1741204E+00, -2.3120445E-02, -2.3120445E-02
* ELEM  1704  circular arc
 3, 863, 862
*
  4.3700000E+00, 4.3700000E+00, 2.7701552E-01, 2.2500000E+02, 1.3500000E+02
* ELEM  1705  circular arc
 3, 863, 862
*
  4.3700000E+00, 4.3700000E+00, 2.7701552E-01, 0.0000000E+00, 4.5000000E+01
* ELEM  1706  line segment
 1, 0, 862
*
  4.5890000E+00, 4.5890000E+00, -2.3120445E-02, -2.3120445E-02
* ELEM  1707  line segment
 1, 0, 863
*
  4.2003633E+00, 4.2003633E+00, -2.6242884E-02, -2.6242884E-02
* ELEM  1708  circular arc
 3, 864, 863
*
  4.3700000E+00, 4.3700000E+00, 2.3990248E-01, 2.2500000E+02, 1.3500000E+02
* ELEM  1709  circular arc
 3, 864, 863
*
  4.3700000E+00, 4.3700000E+00, 2.3990248E-01, 0.0000000E+00, 4.5000000E+01
* ELEM  1710  line segment
 1, 0, 863
*
  4.5658796E+00, 4.5658796E+00, -2.6242884E-02, -2.6242884E-02
* ELEM  1711  line segment
 1, 0, 864
*
  4.2314922E+00, 4.2314922E+00, -3.1128909E-02, -3.1128909E-02
* ELEM  1712  circular arc
 3, 865, 864
*
  4.3700000E+00, 4.3700000E+00, 1.9587955E-01, 2.2500000E+02, 1.3500000E+02
* ELEM  1713  circular arc
 3, 865, 864
*
  4.3700000E+00, 4.3700000E+00, 1.9587955E-01, 0.0000000E+00, 4.5000000E+01
* ELEM  1714  line segment
 1, 0, 864
*
  4.5396367E+00, 4.5396367E+00, -3.1128909E-02, -3.1128909E-02
* ELEM  1715  line segment
 1, 0, 865
*
  4.2720602E+00, 4.2720602E+00, -4.0567984E-02, -4.0567984E-02
* ELEM  1716  circular arc
 3, 866, 865
*
  4.3700000E+00, 4.3700000E+00, 1.3850776E-01, 2.2500000E+02, 1.3500000E+02
* ELEM  1717  circular arc
 3, 866, 865
*
  4.3700000E+00, 4.3700000E+00, 1.3850776E-01, 0.0000000E+00, 4.5000000E+01
* ELEM  1718  line segment
 1, 0, 865
*
  4.5085078E+00, 4.5085078E+00, -4.0567984E-02, -4.0567984E-02
* ELEM  1719  line segment
 1, 0, 866
*
  4.4679398E+00, 4.4679398E+00, -1.9587955E-01, -1.9587955E-01
* ELEM  1720  line segment
 1, 868, 867
*
  5.4729180E+00, 3.8942020E+00, -7.2156848E-02, -1.7420204E-01
* ELEM  1721  circular arc
 3, 879, 867
*
  5.6700000E+00, 4.3700000E+00, 5.1500000E-01, 2.4750000E+02, 4.5000000E+01
* ELEM  1722  line segment
 1, 867, 871
*
  5.8670820E+00, 3.8942020E+00, 7.2156848E-02, -1.7420204E-01
* ELEM  1723  line segment
 1, 869, 868
*
  5.0200000E+00, 4.1007612E+00, 3.8076118E-01, -3.8076118E-01
* ELEM  1724  line segment
 1, 872, 868
*
  5.1942020E+00, 4.1729180E+00, -1.7420204E-01, -7.2156848E-02
* ELEM  1725  circular arc
 3, 879, 868
*
  5.6700000E+00, 4.3700000E+00, 5.1500000E-01, 2.0250000E+02, 4.5000000E+01
* ELEM  1726  line segment
 1, 870, 871
*
  5.9392388E+00, 3.7200000E+00, 3.8076118E-01, 3.8076118E-01
* ELEM  1727  line segment
 1, 887, 870
*
  6.3200000E+00, 3.7200000E+00, 0.0000000E+00, 3.8076118E-01
* ELEM  1728  circular arc
 3, 879, 871
*
  5.6700000E+00, 4.3700000E+00, 5.1500000E-01, 2.9250000E+02, 4.5000000E+01
* ELEM  1729  line segment
 1, 871, 873
*
  6.1457980E+00, 4.1729180E+00, 1.7420204E-01, -7.2156848E-02
* ELEM  1730  line segment
 1, 874, 872
*
  5.1942020E+00, 4.5670820E+00, -1.7420204E-01, 7.2156848E-02
* ELEM  1731  circular arc
 3, 879, 872
*
  5.6700000E+00, 4.3700000E+00, 5.1500000E-01, 1.5750000E+02, 4.5000000E+01
* ELEM  1732  circular arc
 3, 879, 873
*
  5.6700000E+00, 4.3700000E+00, 5.1500000E-01, 3.3750000E+02, 2.2500000E+01
* ELEM  1733  circular arc
 3, 879, 873
*
  5.6700000E+00, 4.3700000E+00, 5.1500000E-01, 0.0000000E+00, 2.2500000E+01
* ELEM  1734  line segment
 1, 873, 877
*
  6.1457980E+00, 4.5670820E+00, 1.7420204E-01, 7.2156848E-02
* ELEM  1735  line segment
 1, 890, 873
*
  6.3200000E+00, 4.1007612E+00, 0.0000000E+00, 5.3847763E-01
* ELEM  1736  line segment
 1, 875, 874
*
  5.4007612E+00, 5.0200000E+00, -3.8076118E-01, -3.8076118E-01
* ELEM  1737  line segment
 1, 878, 874
*
  5.4729180E+00, 4.8457980E+00, -7.2156848E-02, 1.7420204E-01
* ELEM  1738  circular arc
 3, 879, 874
*
  5.6700000E+00, 4.3700000E+00, 5.1500000E-01, 1.1250000E+02, 4.5000000E+01
* ELEM  1739  line segment
 1, 929, 875
*
  5.4007612E+00, 5.0200000E+00, -3.8076118E-01, 0.0000000E+00
* ELEM  1740  line segment
 1, 876, 877
*
  6.3200000E+00, 4.6392388E+00, -3.8076118E-01, 3.8076118E-01
* ELEM  1741  line segment
 1, 932, 876
*
  6.3200000E+00, 5.0200000E+00, -3.8076118E-01, 0.0000000E+00
* ELEM  1742  line segment
 1, 893, 876
*
  6.3200000E+00, 4.6392388E+00, 0.0000000E+00, 3.8076118E-01
* ELEM  1743  circular arc
 3, 879, 877
*
  5.6700000E+00, 4.3700000E+00, 5.1500000E-01, 2.2500000E+01, 4.5000000E+01
* ELEM  1744  line segment
 1, 877, 878
*
  5.8670820E+00, 4.8457980E+00, 7.2156848E-02, 1.7420204E-01
* ELEM  1745  line segment
 1, 930, 878
*
  5.9392388E+00, 5.0200000E+00, -5.3847763E-01, 0.0000000E+00
* ELEM  1746  circular arc
 3, 879, 878
*
  5.6700000E+00, 4.3700000E+00, 5.1500000E-01, 6.7500000E+01, 4.5000000E+01
* ELEM  1747  circle
 2, 880, 879
*
  5.6700000E+00, 4.3700000E+00, 4.4700000E-01, 0.0000000E+00
* ELEM  1748  circle
 2, 881, 880
*
  5.6700000E+00, 4.3700000E+00, 4.3800000E-01, 0.0000000E+00
* ELEM  1749  circle
 2, 882, 881
*
  5.6700000E+00, 4.3700000E+00, 4.2690959E-01, 0.0000000E+00
* ELEM  1750  circle
 2, 883, 882
*
  5.6700000E+00, 4.3700000E+00, 3.9175911E-01, 0.0000000E+00
* ELEM  1751  circle
 2, 884, 883
*
  5.6700000E+00, 4.3700000E+00, 3.0971277E-01, 0.0000000E+00
* ELEM  1752  line segment
 1, 886, 885
*
  6.7729180E+00, 3.8942020E+00, -7.2156848E-02, -1.7420204E-01
* ELEM  1753  circular arc
 3, 897, 885
*
  6.9700000E+00, 4.3700000E+00, 5.1500000E-01, 2.4750000E+02, 4.5000000E+01
* ELEM  1754  line segment
 1, 885, 889
*
  7.1670820E+00, 3.8942020E+00, 7.2156848E-02, -1.7420204E-01
* ELEM  1755  line segment
 1, 887, 886
*
  6.3200000E+00, 4.1007612E+00, 3.8076118E-01, -3.8076118E-01
* ELEM  1756  line segment
 1, 890, 886
*
  6.4942020E+00, 4.1729180E+00, -1.7420204E-01, -7.2156848E-02
* ELEM  1757  circular arc
 3, 897, 886
*
  6.9700000E+00, 4.3700000E+00, 5.1500000E-01, 2.0250000E+02, 4.5000000E+01
* ELEM  1758  line segment
 1, 888, 889
*
  7.2392388E+00, 3.7200000E+00, 3.8076118E-01, 3.8076118E-01
* ELEM  1759  circular arc
 3, 897, 889
*
  6.9700000E+00, 4.3700000E+00, 5.1500000E-01, 2.9250000E+02, 4.5000000E+01
* ELEM  1760  line segment
 1, 889, 891
*
  7.4457980E+00, 4.1729180E+00, 1.7420204E-01, -7.2156848E-02
* ELEM  1761  line segment
 1, 892, 890
*
  6.4942020E+00, 4.5670820E+00, -1.7420204E-01, 7.2156848E-02
* ELEM  1762  circular arc
 3, 897, 890
*
  6.9700000E+00, 4.3700000E+00, 5.1500000E-01, 1.5750000E+02, 4.5000000E+01
* ELEM  1763  circular arc
 3, 897, 891
*
  6.9700000E+00, 4.3700000E+00, 5.1500000E-01, 3.3750000E+02, 2.2500000E+01
* ELEM  1764  circular arc
 3, 897, 891
*
  6.9700000E+00, 4.3700000E+00, 5.1500000E-01, 0.0000000E+00, 2.2500000E+01
* ELEM  1765  line segment
 1, 891, 895
*
  7.4457980E+00, 4.5670820E+00, 1.7420204E-01, 7.2156848E-02
* ELEM  1766  line segment
 1, 893, 892
*
  6.7007612E+00, 5.0200000E+00, -3.8076118E-01, -3.8076118E-01
* ELEM  1767  line segment
 1, 896, 892
*
  6.7729180E+00, 4.8457980E+00, -7.2156848E-02, 1.7420204E-01
* ELEM  1768  circular arc
 3, 897, 892
*
  6.9700000E+00, 4.3700000E+00, 5.1500000E-01, 1.1250000E+02, 4.5000000E+01
* ELEM  1769  line segment
 1, 894, 895
*
  7.6200000E+00, 4.6392388E+00, -3.8076118E-01, 3.8076118E-01
* ELEM  1770  circular arc
 3, 897, 895
*
  6.9700000E+00, 4.3700000E+00, 5.1500000E-01, 2.2500000E+01, 4.5000000E+01
* ELEM  1771  line segment
 1, 895, 896
*
  7.1670820E+00, 4.8457980E+00, 7.2156848E-02, 1.7420204E-01
* ELEM  1772  circular arc
 3, 897, 896
*
  6.9700000E+00, 4.3700000E+00, 5.1500000E-01, 6.7500000E+01, 4.5000000E+01
* ELEM  1773  circle
 2, 898, 897
*
  6.9700000E+00, 4.3700000E+00, 4.4700000E-01, 0.0000000E+00
* ELEM  1774  circle
 2, 899, 898
*
  6.9700000E+00, 4.3700000E+00, 4.3800000E-01, 0.0000000E+00
* ELEM  1775  circle
 2, 900, 899
*
  6.9700000E+00, 4.3700000E+00, 4.2690959E-01, 0.0000000E+00
* ELEM  1776  circle
 2, 901, 900
*
  6.9700000E+00, 4.3700000E+00, 4.1552328E-01, 0.0000000E+00
* ELEM  1777  circle
 2, 902, 901
*
  6.9700000E+00, 4.3700000E+00, 3.9175911E-01, 0.0000000E+00
* ELEM  1778  circle
 2, 903, 902
*
  6.9700000E+00, 4.3700000E+00, 3.6645709E-01, 0.0000000E+00
* ELEM  1779  circle
 2, 904, 903
*
  6.9700000E+00, 4.3700000E+00, 3.3927334E-01, 0.0000000E+00
* ELEM  1780  circle
 2, 905, 904
*
  6.9700000E+00, 4.3700000E+00, 3.0971277E-01, 0.0000000E+00
* ELEM  1781  circle
 2, 906, 905
*
  6.9700000E+00, 4.3700000E+00, 2.7701552E-01, 0.0000000E+00
* ELEM  1782  circle
 2, 907, 906
*
  6.9700000E+00, 4.3700000E+00, 2.3990248E-01, 0.0000000E+00
* ELEM  1783  circle
 2, 908, 907
*
  6.9700000E+00, 4.3700000E+00, 1.9587955E-01, 0.0000000E+00
* ELEM  1784  circle
 2, 909, 908
*
  6.9700000E+00, 4.3700000E+00, 1.3850776E-01, 0.0000000E+00
* ELEM  1785  line segment
 1, 911, 910
*
  1.3272918E+01, 3.8942020E+00, -7.2156848E-02, -1.7420204E-01
* ELEM  1786  circular arc
 3, 922, 910
*
  1.3470000E+01, 4.3700000E+00, 5.1500000E-01, 2.4750000E+02, 4.5000000E+01
* ELEM  1787  line segment
 1, 910, 914
*
  1.3667082E+01, 3.8942020E+00, 7.2156848E-02, -1.7420204E-01
* ELEM  1788  line segment
 1, 912, 911
*
  1.2820000E+01, 4.1007612E+00, 3.8076118E-01, -3.8076118E-01
* ELEM  1789  line segment
 1, 915, 911
*
  1.2994202E+01, 4.1729180E+00, -1.7420204E-01, -7.2156848E-02
* ELEM  1790  circular arc
 3, 922, 911
*
  1.3470000E+01, 4.3700000E+00, 5.1500000E-01, 2.0250000E+02, 4.5000000E+01
* ELEM  1791  line segment
 1, 913, 914
*
  1.3739239E+01, 3.7200000E+00, 3.8076118E-01, 3.8076118E-01
* ELEM  1792  line segment
 1, 995, 913
*
  1.4120000E+01, 3.7200000E+00, 0.0000000E+00, 3.8076118E-01
* ELEM  1793  circular arc
 3, 922, 914
*
  1.3470000E+01, 4.3700000E+00, 5.1500000E-01, 2.9250000E+02, 4.5000000E+01
* ELEM  1794  line segment
 1, 914, 916
*
  1.3945798E+01, 4.1729180E+00, 1.7420204E-01, -7.2156848E-02
* ELEM  1795  line segment
 1, 917, 915
*
  1.2994202E+01, 4.5670820E+00, -1.7420204E-01, 7.2156848E-02
* ELEM  1796  circular arc
 3, 922, 915
*
  1.3470000E+01, 4.3700000E+00, 5.1500000E-01, 1.5750000E+02, 4.5000000E+01
* ELEM  1797  circular arc
 3, 922, 916
*
  1.3470000E+01, 4.3700000E+00, 5.1500000E-01, 3.3750000E+02, 2.2500000E+01
* ELEM  1798  circular arc
 3, 922, 916
*
  1.3470000E+01, 4.3700000E+00, 5.1500000E-01, 0.0000000E+00, 2.2500000E+01
* ELEM  1799  line segment
 1, 916, 920
*
  1.3945798E+01, 4.5670820E+00, 1.7420204E-01, 7.2156848E-02
* ELEM  1800  line segment
 1, 995, 916
*
  1.4120000E+01, 4.1007612E+00, 0.0000000E+00, 5.3847763E-01
* ELEM  1801  line segment
 1, 918, 917
*
  1.3200761E+01, 5.0200000E+00, -3.8076118E-01, -3.8076118E-01
* ELEM  1802  line segment
 1, 921, 917
*
  1.3272918E+01, 4.8457980E+00, -7.2156848E-02, 1.7420204E-01
* ELEM  1803  circular arc
 3, 922, 917
*
  1.3470000E+01, 4.3700000E+00, 5.1500000E-01, 1.1250000E+02, 4.5000000E+01
* ELEM  1804  line segment
 1, 919, 920
*
  1.4120000E+01, 4.6392388E+00, -3.8076118E-01, 3.8076118E-01
* ELEM  1805  line segment
 1, 995, 919
*
  1.4120000E+01, 4.6392388E+00, 0.0000000E+00, 3.8076118E-01
* ELEM  1806  circular arc
 3, 922, 920
*
  1.3470000E+01, 4.3700000E+00, 5.1500000E-01, 2.2500000E+01, 4.5000000E+01
* ELEM  1807  line segment
 1, 920, 921
*
  1.3667082E+01, 4.8457980E+00, 7.2156848E-02, 1.7420204E-01
* ELEM  1808  circular arc
 3, 922, 921
*
  1.3470000E+01, 4.3700000E+00, 5.1500000E-01, 6.7500000E+01, 4.5000000E+01
* ELEM  1809  circle
 2, 923, 922
*
  1.3470000E+01, 4.3700000E+00, 4.4700000E-01, 0.0000000E+00
* ELEM  1810  circle
 2, 924, 923
*
  1.3470000E+01, 4.3700000E+00, 4.3800000E-01, 0.0000000E+00
* ELEM  1811  circle
 2, 925, 924
*
  1.3470000E+01, 4.3700000E+00, 4.2690959E-01, 0.0000000E+00
* ELEM  1812  circle
 2, 926, 925
*
  1.3470000E+01, 4.3700000E+00, 3.9175911E-01, 0.0000000E+00
* ELEM  1813  circle
 2, 927, 926
*
  1.3470000E+01, 4.3700000E+00, 3.0971277E-01, 0.0000000E+00
* ELEM  1814  circular arc
 3, 936, 928
*
  5.6700000E+00, 5.6700000E+00, 5.1500000E-01, 2.2500000E+02, 2.2500000E+01
* ELEM  1815  line segment
 1, 928, 930
*
  5.4729180E+00, 5.1942020E+00, -7.2156848E-02, -1.7420204E-01
* ELEM  1816  line segment
 1, 929, 928
*
  5.2103806E+00, 5.2103806E+00, 1.9038059E-01, -1.9038059E-01
* ELEM  1817  line segment
 1, 0, 928
*
  5.3058400E+00, 5.3058400E+00, -9.5459415E-02, -9.5459415E-02
* ELEM  1818  line segment
 1, 0, 929
*
  5.2103806E+00, 5.2103806E+00, -1.9038059E-01, -1.9038059E-01
* ELEM  1819  circular arc
 3, 936, 930
*
  5.6700000E+00, 5.6700000E+00, 5.1500000E-01, 2.4750000E+02, 4.5000000E+01
* ELEM  1820  line segment
 1, 930, 931
*
  5.8670820E+00, 5.1942020E+00, 7.2156848E-02, -1.7420204E-01
* ELEM  1821  circular arc
 3, 936, 931
*
  5.6700000E+00, 5.6700000E+00, 5.1500000E-01, 2.9250000E+02, 4.5000000E+01
* ELEM  1822  line segment
 1, 931, 933
*
  6.1457980E+00, 5.4729180E+00, 1.7420204E-01, -7.2156848E-02
* ELEM  1823  line segment
 1, 932, 931
*
  5.9392388E+00, 5.0200000E+00, 3.8076118E-01, 3.8076118E-01
* ELEM  1824  circular arc
 3, 936, 933
*
  5.6700000E+00, 5.6700000E+00, 5.1500000E-01, 3.3750000E+02, 2.2500000E+01
* ELEM  1825  circular arc
 3, 936, 933
*
  5.6700000E+00, 5.6700000E+00, 5.1500000E-01, 0.0000000E+00, 2.2500000E+01
* ELEM  1826  line segment
 1, 933, 935
*
  6.1457980E+00, 5.8670820E+00, 1.7420204E-01, 7.2156848E-02
* ELEM  1827  line segment
 1, 934, 935
*
  6.3200000E+00, 5.9392388E+00, -1.9038059E-01, 1.9038059E-01
* ELEM  1828  line segment
 1, 0, 934
*
  6.3200000E+00, 6.3200000E+00, -1.9038059E-01, -1.9038059E-01
* ELEM  1829  circular arc
 3, 936, 935
*
  5.6700000E+00, 5.6700000E+00, 5.1500000E-01, 2.2500000E+01, 2.2500000E+01
* ELEM  1830  line segment
 1, 0, 935
*
  6.1296194E+00, 6.1296194E+00, -9.5459415E-02, -9.5459415E-02
* ELEM  1831  line segment
 1, 0, 936
*
  5.3539233E+00, 5.3539233E+00, -4.8083261E-02, -4.8083261E-02
* ELEM  1832  circular arc
 3, 937, 936
*
  5.6700000E+00, 5.6700000E+00, 4.4700000E-01, 2.2500000E+02, 1.3500000E+02
* ELEM  1833  circular arc
 3, 937, 936
*
  5.6700000E+00, 5.6700000E+00, 4.4700000E-01, 0.0000000E+00, 4.5000000E+01
* ELEM  1834  line segment
 1, 0, 936
*
  6.0341600E+00, 6.0341600E+00, -4.8083261E-02, -4.8083261E-02
* ELEM  1835  line segment
 1, 0, 937
*
  5.3602872E+00, 5.3602872E+00, -6.3639610E-03, -6.3639610E-03
* ELEM  1836  circular arc
 3, 938, 937
*
  5.6700000E+00, 5.6700000E+00, 4.3800000E-01, 2.2500000E+02, 1.3500000E+02
* ELEM  1837  circular arc
 3, 938, 937
*
  5.6700000E+00, 5.6700000E+00, 4.3800000E-01, 0.0000000E+00, 4.5000000E+01
* ELEM  1838  line segment
 1, 0, 937
*
  5.9860767E+00, 5.9860767E+00, -6.3639610E-03, -6.3639610E-03
* ELEM  1839  line segment
 1, 0, 938
*
  5.3681293E+00, 5.3681293E+00, -7.8421025E-03, -7.8421025E-03
* ELEM  1840  circular arc
 3, 939, 938
*
  5.6700000E+00, 5.6700000E+00, 4.2690959E-01, 2.2500000E+02, 1.3500000E+02
* ELEM  1841  circular arc
 3, 939, 938
*
  5.6700000E+00, 5.6700000E+00, 4.2690959E-01, 0.0000000E+00, 4.5000000E+01
* ELEM  1842  line segment
 1, 0, 938
*
  5.9797128E+00, 5.9797128E+00, -7.8421025E-03, -7.8421025E-03
* ELEM  1843  line segment
 1, 0, 939
*
  5.3761807E+00, 5.3761807E+00, -8.0513354E-03, -8.0513354E-03
* ELEM  1844  circular arc
 3, 940, 939
*
  5.6700000E+00, 5.6700000E+00, 4.1552328E-01, 2.2500000E+02, 1.3500000E+02
* ELEM  1845  circular arc
 3, 940, 939
*
  5.6700000E+00, 5.6700000E+00, 4.1552328E-01, 0.0000000E+00, 4.5000000E+01
* ELEM  1846  line segment
 1, 0, 939
*
  5.9718707E+00, 5.9718707E+00, -8.0513354E-03, -8.0513354E-03
* ELEM  1847  line segment
 1, 0, 940
*
  5.3929845E+00, 5.3929845E+00, -1.6803809E-02, -1.6803809E-02
* ELEM  1848  circular arc
 3, 941, 940
*
  5.6700000E+00, 5.6700000E+00, 3.9175911E-01, 2.2500000E+02, 1.3500000E+02
* ELEM  1849  circular arc
 3, 941, 940
*
  5.6700000E+00, 5.6700000E+00, 3.9175911E-01, 0.0000000E+00, 4.5000000E+01
* ELEM  1850  line segment
 1, 0, 940
*
  5.9638193E+00, 5.9638193E+00, -1.6803809E-02, -1.6803809E-02
* ELEM  1851  line segment
 1, 0, 941
*
  5.4108757E+00, 5.4108757E+00, -1.7891229E-02, -1.7891229E-02
* ELEM  1852  circular arc
 3, 942, 941
*
  5.6700000E+00, 5.6700000E+00, 3.6645709E-01, 2.2500000E+02, 1.3500000E+02
* ELEM  1853  circular arc
 3, 942, 941
*
  5.6700000E+00, 5.6700000E+00, 3.6645709E-01, 0.0000000E+00, 4.5000000E+01
* ELEM  1854  line segment
 1, 0, 941
*
  5.9470155E+00, 5.9470155E+00, -1.7891229E-02, -1.7891229E-02
* ELEM  1855  line segment
 1, 0, 942
*
  5.4300975E+00, 5.4300975E+00, -1.9221814E-02, -1.9221814E-02
* ELEM  1856  circular arc
 3, 943, 942
*
  5.6700000E+00, 5.6700000E+00, 3.3927334E-01, 2.2500000E+02, 1.3500000E+02
* ELEM  1857  circular arc
 3, 943, 942
*
  5.6700000E+00, 5.6700000E+00, 3.3927334E-01, 0.0000000E+00, 4.5000000E+01
* ELEM  1858  line segment
 1, 0, 942
*
  5.9291243E+00, 5.9291243E+00, -1.9221814E-02, -1.9221814E-02
* ELEM  1859  line segment
 1, 0, 943
*
  5.4510000E+00, 5.4510000E+00, -2.0902480E-02, -2.0902480E-02
* ELEM  1860  circular arc
 3, 944, 943
*
  5.6700000E+00, 5.6700000E+00, 3.0971277E-01, 2.2500000E+02, 1.3500000E+02
* ELEM  1861  circular arc
 3, 944, 943
*
  5.6700000E+00, 5.6700000E+00, 3.0971277E-01, 0.0000000E+00, 4.5000000E+01
* ELEM  1862  line segment
 1, 0, 943
*
  5.9099025E+00, 5.9099025E+00, -2.0902480E-02, -2.0902480E-02
* ELEM  1863  line segment
 1, 0, 944
*
  5.4741204E+00, 5.4741204E+00, -2.3120445E-02, -2.3120445E-02
* ELEM  1864  circular arc
 3, 945, 944
*
  5.6700000E+00, 5.6700000E+00, 2.7701552E-01, 2.2500000E+02, 1.3500000E+02
* ELEM  1865  circular arc
 3, 945, 944
*
  5.6700000E+00, 5.6700000E+00, 2.7701552E-01, 0.0000000E+00, 4.5000000E+01
* ELEM  1866  line segment
 1, 0, 944
*
  5.8890000E+00, 5.8890000E+00, -2.3120445E-02, -2.3120445E-02
* ELEM  1867  line segment
 1, 0, 945
*
  5.5003633E+00, 5.5003633E+00, -2.6242884E-02, -2.6242884E-02
* ELEM  1868  circular arc
 3, 946, 945
*
  5.6700000E+00, 5.6700000E+00, 2.3990248E-01, 2.2500000E+02, 1.3500000E+02
* ELEM  1869  circular arc
 3, 946, 945
*
  5.6700000E+00, 5.6700000E+00, 2.3990248E-01, 0.0000000E+00, 4.5000000E+01
* ELEM  1870  line segment
 1, 0, 945
*
  5.8658796E+00, 5.8658796E+00, -2.6242884E-02, -2.6242884E-02
* ELEM  1871  line segment
 1, 0, 946
*
  5.5314922E+00, 5.5314922E+00, -3.1128909E-02, -3.1128909E-02
* ELEM  1872  circular arc
 3, 947, 946
*
  5.6700000E+00, 5.6700000E+00, 1.9587955E-01, 2.2500000E+02, 1.3500000E+02
* ELEM  1873  circular arc
 3, 947, 946
*
  5.6700000E+00, 5.6700000E+00, 1.9587955E-01, 0.0000000E+00, 4.5000000E+01
* ELEM  1874  line segment
 1, 0, 946
*
  5.8396367E+00, 5.8396367E+00, -3.1128909E-02, -3.1128909E-02
* ELEM  1875  line segment
 1, 0, 947
*
  5.5720602E+00, 5.5720602E+00, -4.0567984E-02, -4.0567984E-02
* ELEM  1876  circular arc
 3, 948, 947
*
  5.6700000E+00, 5.6700000E+00, 1.3850776E-01, 2.2500000E+02, 1.3500000E+02
* ELEM  1877  circular arc
 3, 948, 947
*
  5.6700000E+00, 5.6700000E+00, 1.3850776E-01, 0.0000000E+00, 4.5000000E+01
* ELEM  1878  line segment
 1, 0, 947
*
  5.8085078E+00, 5.8085078E+00, -4.0567984E-02, -4.0567984E-02
* ELEM  1879  line segment
 1, 0, 948
*
  5.7679398E+00, 5.7679398E+00, -1.9587955E-01, -1.9587955E-01
* ELEM  1880  line segment
 1, 950, 949
*
  8.0396521E+00, 5.4396521E+00, -4.1965206E-01, -4.1965206E-01
* ELEM  1881  circular arc
 3, 957, 949
*
  8.9200000E+00, 6.3200000E+00, 1.2450000E+00, 2.2500000E+02, 4.5000000E+01
* ELEM  1882  line segment
 1, 949, 951
*
  8.9200000E+00, 5.0750000E+00, 0.0000000E+00, -5.5000000E-02
* ELEM  1883  line segment
 1, 952, 950
*
  7.6750000E+00, 6.3200000E+00, -5.5000000E-02, 0.0000000E+00
* ELEM  1884  circular arc
 3, 957, 950
*
  8.9200000E+00, 6.3200000E+00, 1.2450000E+00, 1.8000000E+02, 4.5000000E+01
* ELEM  1885  circular arc
 3, 957, 951
*
  8.9200000E+00, 6.3200000E+00, 1.2450000E+00, 2.7000000E+02, 4.5000000E+01
* ELEM  1886  line segment
 1, 951, 954
*
  9.8003479E+00, 5.4396521E+00, 4.1965206E-01, -4.1965206E-01
* ELEM  1887  line segment
 1, 953, 952
*
  8.0396521E+00, 7.2003479E+00, -4.1965206E-01, 4.1965206E-01
* ELEM  1888  circular arc
 3, 957, 952
*
  8.9200000E+00, 6.3200000E+00, 1.2450000E+00, 1.3500000E+02, 4.5000000E+01
* ELEM  1889  line segment
 1, 955, 953
*
  8.9200000E+00, 7.5650000E+00, 0.0000000E+00, 5.5000000E-02
* ELEM  1890  circular arc
 3, 957, 953
*
  8.9200000E+00, 6.3200000E+00, 1.2450000E+00, 9.0000000E+01, 4.5000000E+01
* ELEM  1891  circular arc
 3, 957, 954
*
  8.9200000E+00, 6.3200000E+00, 1.2450000E+00, 3.1500000E+02, 4.5000000E+01
* ELEM  1892  line segment
 1, 954, 956
*
  1.0165000E+01, 6.3200000E+00, 5.5000000E-02, 0.0000000E+00
* ELEM  1893  line segment
 1, 956, 955
*
  9.8003479E+00, 7.2003479E+00, 4.1965206E-01, 4.1965206E-01
* ELEM  1894  circular arc
 3, 957, 955
*
  8.9200000E+00, 6.3200000E+00, 1.2450000E+00, 4.5000000E+01, 4.5000000E+01
* ELEM  1895  circular arc
 3, 957, 956
*
  8.9200000E+00, 6.3200000E+00, 1.2450000E+00, 0.0000000E+00, 4.5000000E+01
* ELEM  1896  circle
 2, 958, 957
*
  8.9200000E+00, 6.3200000E+00, 1.1700000E+00, 0.0000000E+00
* ELEM  1897  line segment
 1, 960, 959
*
  1.8850000E+00, 9.2000000E-01, 5.3500000E-01, 0.0000000E+00
* ELEM  1898  circular arc
 3, 959, 960
*
  1.8850000E+00, 1.8850000E+00, 9.6500000E-01, 2.3244289E+02, 3.7557114E+01
* ELEM  1899  line segment
 1, 962, 959
*
  2.4200000E+00, 9.2000000E-01, 0.0000000E+00, 2.0000000E-01
* ELEM  1900  line segment
 1, 1025, 960
*
  1.2967824E+00, 1.1200000E+00, -1.7678235E-01, 0.0000000E+00
* ELEM  1901  line segment
 1, 963, 960
*
  2.4200000E+00, 7.5490000E-01, 0.0000000E+00, 1.6510000E-01
* ELEM  1902  line segment
 1, 961, 960
*
  1.8850000E+00, 7.5490000E-01, 5.3500000E-01, 0.0000000E+00
* ELEM  1903  circular arc
 3, 960, 961
*
  1.8850000E+00, 1.8850000E+00, 1.1301000E+00, 2.2739570E+02, 4.2604303E+01
* ELEM  1904  line segment
 1, 1019, 960
*
  1.1200000E+00, 1.1200000E+00, 0.0000000E+00, -6.6805873E-02
* ELEM  1905  line segment
 1, 1020, 961
*
  1.1200000E+00, 1.0531941E+00, 0.0000000E+00, -1.0531941E+00
* ELEM  1906  line segment
 1, 964, 961
*
  2.4200000E+00, 0.0000000E+00, 0.0000000E+00, 7.5490000E-01
* ELEM  1907  line segment
 1, 0, 961
*
  1.1200000E+00, 0.0000000E+00, 1.3000000E+00, 0.0000000E+00
* ELEM  1908  line segment
 1, 965, 962
*
  3.7200000E+00, 9.2000000E-01, 0.0000000E+00, 2.0000000E-01
* ELEM  1909  line segment
 1, 963, 962
*
  2.4200000E+00, 9.2000000E-01, 1.3000000E+00, 0.0000000E+00
* ELEM  1910  line segment
 1, 966, 963
*
  3.7200000E+00, 7.5490000E-01, 0.0000000E+00, 1.6510000E-01
* ELEM  1911  line segment
 1, 964, 963
*
  2.4200000E+00, 7.5490000E-01, 1.3000000E+00, 0.0000000E+00
* ELEM  1912  line segment
 1, 967, 964
*
  3.7200000E+00, 0.0000000E+00, 0.0000000E+00, 7.5490000E-01
* ELEM  1913  line segment
 1, 0, 964
*
  2.4200000E+00, 0.0000000E+00, 1.3000000E+00, 0.0000000E+00
* ELEM  1914  line segment
 1, 968, 965
*
  5.0200000E+00, 9.2000000E-01, 0.0000000E+00, 2.0000000E-01
* ELEM  1915  line segment
 1, 966, 965
*
  3.7200000E+00, 9.2000000E-01, 1.3000000E+00, 0.0000000E+00
* ELEM  1916  line segment
 1, 969, 966
*
  5.0200000E+00, 7.5490000E-01, 0.0000000E+00, 1.6510000E-01
* ELEM  1917  line segment
 1, 967, 966
*
  3.7200000E+00, 7.5490000E-01, 1.3000000E+00, 0.0000000E+00
* ELEM  1918  line segment
 1, 970, 967
*
  5.0200000E+00, 0.0000000E+00, 0.0000000E+00, 7.5490000E-01
* ELEM  1919  line segment
 1, 0, 967
*
  3.7200000E+00, 0.0000000E+00, 1.3000000E+00, 0.0000000E+00
* ELEM  1920  line segment
 1, 971, 968
*
  6.3200000E+00, 9.2000000E-01, 0.0000000E+00, 2.0000000E-01
* ELEM  1921  line segment
 1, 969, 968
*
  5.0200000E+00, 9.2000000E-01, 1.3000000E+00, 0.0000000E+00
* ELEM  1922  line segment
 1, 972, 969
*
  6.3200000E+00, 7.5490000E-01, 0.0000000E+00, 1.6510000E-01
* ELEM  1923  line segment
 1, 970, 969
*
  5.0200000E+00, 7.5490000E-01, 1.3000000E+00, 0.0000000E+00
* ELEM  1924  line segment
 1, 973, 970
*
  6.3200000E+00, 0.0000000E+00, 0.0000000E+00, 7.5490000E-01
* ELEM  1925  line segment
 1, 0, 970
*
  5.0200000E+00, 0.0000000E+00, 1.3000000E+00, 0.0000000E+00
* ELEM  1926  line segment
 1, 974, 971
*
  7.6200000E+00, 9.2000000E-01, 0.0000000E+00, 2.0000000E-01
* ELEM  1927  line segment
 1, 972, 971
*
  6.3200000E+00, 9.2000000E-01, 1.3000000E+00, 0.0000000E+00
* ELEM  1928  line segment
 1, 975, 972
*
  7.6200000E+00, 7.5490000E-01, 0.0000000E+00, 1.6510000E-01
* ELEM  1929  line segment
 1, 973, 972
*
  6.3200000E+00, 7.5490000E-01, 1.3000000E+00, 0.0000000E+00
* ELEM  1930  line segment
 1, 976, 973
*
  7.6200000E+00, 0.0000000E+00, 0.0000000E+00, 7.5490000E-01
* ELEM  1931  line segment
 1, 0, 973
*
  6.3200000E+00, 0.0000000E+00, 1.3000000E+00, 0.0000000E+00
* ELEM  1932  line segment
 1, 977, 974
*
  8.9200000E+00, 9.2000000E-01, 0.0000000E+00, 2.0000000E-01
* ELEM  1933  line segment
 1, 975, 974
*
  7.6200000E+00, 9.2000000E-01, 1.3000000E+00, 0.0000000E+00
* ELEM  1934  line segment
 1, 978, 975
*
  8.9200000E+00, 7.5490000E-01, 0.0000000E+00, 1.6510000E-01
* ELEM  1935  line segment
 1, 976, 975
*
  7.6200000E+00, 7.5490000E-01, 1.3000000E+00, 0.0000000E+00
* ELEM  1936  line segment
 1, 979, 976
*
  8.9200000E+00, 0.0000000E+00, 0.0000000E+00, 7.5490000E-01
* ELEM  1937  line segment
 1, 0, 976
*
  7.6200000E+00, 0.0000000E+00, 1.3000000E+00, 0.0000000E+00
* ELEM  1938  line segment
 1, 980, 977
*
  1.0220000E+01, 9.2000000E-01, 0.0000000E+00, 2.0000000E-01
* ELEM  1939  line segment
 1, 978, 977
*
  8.9200000E+00, 9.2000000E-01, 1.3000000E+00, 0.0000000E+00
* ELEM  1940  line segment
 1, 981, 978
*
  1.0220000E+01, 7.5490000E-01, 0.0000000E+00, 1.6510000E-01
* ELEM  1941  line segment
 1, 979, 978
*
  8.9200000E+00, 7.5490000E-01, 1.3000000E+00, 0.0000000E+00
* ELEM  1942  line segment
 1, 982, 979
*
  1.0220000E+01, 0.0000000E+00, 0.0000000E+00, 7.5490000E-01
* ELEM  1943  line segment
 1, 0, 979
*
  8.9200000E+00, 0.0000000E+00, 1.3000000E+00, 0.0000000E+00
* ELEM  1944  line segment
 1, 983, 980
*
  1.1520000E+01, 9.2000000E-01, 0.0000000E+00, 2.0000000E-01
* ELEM  1945  line segment
 1, 981, 980
*
  1.0220000E+01, 9.2000000E-01, 1.3000000E+00, 0.0000000E+00
* ELEM  1946  line segment
 1, 984, 981
*
  1.1520000E+01, 7.5490000E-01, 0.0000000E+00, 1.6510000E-01
* ELEM  1947  line segment
 1, 982, 981
*
  1.0220000E+01, 7.5490000E-01, 1.3000000E+00, 0.0000000E+00
* ELEM  1948  line segment
 1, 985, 982
*
  1.1520000E+01, 0.0000000E+00, 0.0000000E+00, 7.5490000E-01
* ELEM  1949  line segment
 1, 0, 982
*
  1.0220000E+01, 0.0000000E+00, 1.3000000E+00, 0.0000000E+00
* ELEM  1950  line segment
 1, 986, 983
*
  1.2820000E+01, 9.2000000E-01, 0.0000000E+00, 2.0000000E-01
* ELEM  1951  line segment
 1, 984, 983
*
  1.1520000E+01, 9.2000000E-01, 1.3000000E+00, 0.0000000E+00
* ELEM  1952  line segment
 1, 987, 984
*
  1.2820000E+01, 7.5490000E-01, 0.0000000E+00, 1.6510000E-01
* ELEM  1953  line segment
 1, 985, 984
*
  1.1520000E+01, 7.5490000E-01, 1.3000000E+00, 0.0000000E+00
* ELEM  1954  line segment
 1, 988, 985
*
  1.2820000E+01, 0.0000000E+00, 0.0000000E+00, 7.5490000E-01
* ELEM  1955  line segment
 1, 0, 985
*
  1.1520000E+01, 0.0000000E+00, 1.3000000E+00, 0.0000000E+00
* ELEM  1956  circular arc
 3, 986, 987
*
  1.3355000E+01, 1.8850000E+00, 9.6500000E-01, 2.7000000E+02, 3.7557114E+01
* ELEM  1957  line segment
 1, 987, 986
*
  1.2820000E+01, 9.2000000E-01, 5.3500000E-01, 0.0000000E+00
* ELEM  1958  line segment
 1, 1026, 987
*
  1.4120000E+01, 1.1200000E+00, -1.7678235E-01, 0.0000000E+00
* ELEM  1959  line segment
 1, 1021, 987
*
  1.4120000E+01, 1.0531941E+00, 0.0000000E+00, 6.6805873E-02
* ELEM  1960  circular arc
 3, 987, 988
*
  1.3355000E+01, 1.8850000E+00, 1.1301000E+00, 2.7000000E+02, 4.2604303E+01
* ELEM  1961  line segment
 1, 988, 987
*
  1.2820000E+01, 7.5490000E-01, 5.3500000E-01, 0.0000000E+00
* ELEM  1962  line segment
 1, 1022, 988
*
  1.4120000E+01, 0.0000000E+00, 0.0000000E+00, 1.0531941E+00
* ELEM  1963  line segment
 1, 0, 988
*
  1.2820000E+01, 0.0000000E+00, 1.3000000E+00, 0.0000000E+00
* ELEM  1964  line segment
 1, 992, 989
*
  1.4320000E+01, 2.4200000E+00, -2.0000000E-01, 0.0000000E+00
* ELEM  1965  line segment
 1, 990, 989
*
  1.4320000E+01, 1.8850000E+00, 0.0000000E+00, 5.3500000E-01
* ELEM  1966  circular arc
 3, 989, 990
*
  1.3355000E+01, 1.8850000E+00, 9.6500000E-01, 3.2244289E+02, 3.7557114E+01
* ELEM  1967  line segment
 1, 993, 990
*
  1.4485100E+01, 2.4200000E+00, -1.6510000E-01, 0.0000000E+00
* ELEM  1968  line segment
 1, 991, 990
*
  1.4485100E+01, 1.8850000E+00, 0.0000000E+00, 5.3500000E-01
* ELEM  1969  circular arc
 3, 990, 991
*
  1.3355000E+01, 1.8850000E+00, 1.1301000E+00, 3.1739570E+02, 4.2604303E+01
* ELEM  1970  line segment
 1, 1021, 990
*
  1.4120000E+01, 1.1200000E+00, 6.6805873E-02, 0.0000000E+00
* ELEM  1971  line segment
 1, 1026, 990
*
  1.4120000E+01, 1.2967824E+00, 0.0000000E+00, -1.7678235E-01
* ELEM  1972  line segment
 1, 994, 991
*
  1.5240000E+01, 2.4200000E+00, -7.5490000E-01, 0.0000000E+00
* ELEM  1973  line segment
 1, 0, 991
*
  1.5240000E+01, 1.1200000E+00, 0.0000000E+00, 1.3000000E+00
* ELEM  1974  line segment
 1, 1022, 991
*
  1.4186806E+01, 1.1200000E+00, 1.0531941E+00, 0.0000000E+00
* ELEM  1975  line segment
 1, 995, 992
*
  1.4320000E+01, 3.7200000E+00, -2.0000000E-01, 0.0000000E+00
* ELEM  1976  line segment
 1, 993, 992
*
  1.4320000E+01, 2.4200000E+00, 0.0000000E+00, 1.3000000E+00
* ELEM  1977  line segment
 1, 996, 993
*
  1.4485100E+01, 3.7200000E+00, -1.6510000E-01, 0.0000000E+00
* ELEM  1978  line segment
 1, 994, 993
*
  1.4485100E+01, 2.4200000E+00, 0.0000000E+00, 1.3000000E+00
* ELEM  1979  line segment
 1, 997, 994
*
  1.5240000E+01, 3.7200000E+00, -7.5490000E-01, 0.0000000E+00
* ELEM  1980  line segment
 1, 0, 994
*
  1.5240000E+01, 2.4200000E+00, 0.0000000E+00, 1.3000000E+00
* ELEM  1981  line segment
 1, 998, 995
*
  1.4320000E+01, 5.0200000E+00, -2.0000000E-01, 0.0000000E+00
* ELEM  1982  line segment
 1, 996, 995
*
  1.4320000E+01, 3.7200000E+00, 0.0000000E+00, 1.3000000E+00
* ELEM  1983  line segment
 1, 999, 996
*
  1.4485100E+01, 5.0200000E+00, -1.6510000E-01, 0.0000000E+00
* ELEM  1984  line segment
 1, 997, 996
*
  1.4485100E+01, 3.7200000E+00, 0.0000000E+00, 1.3000000E+00
* ELEM  1985  line segment
 1, 1000, 997
*
  1.5240000E+01, 5.0200000E+00, -7.5490000E-01, 0.0000000E+00
* ELEM  1986  line segment
 1, 0, 997
*
  1.5240000E+01, 3.7200000E+00, 0.0000000E+00, 1.3000000E+00
* ELEM  1987  line segment
 1, 1001, 998
*
  1.4320000E+01, 6.3200000E+00, -2.0000000E-01, 0.0000000E+00
* ELEM  1988  line segment
 1, 999, 998
*
  1.4320000E+01, 5.0200000E+00, 0.0000000E+00, 1.3000000E+00
* ELEM  1989  line segment
 1, 1002, 999
*
  1.4485100E+01, 6.3200000E+00, -1.6510000E-01, 0.0000000E+00
* ELEM  1990  line segment
 1, 1000, 999
*
  1.4485100E+01, 5.0200000E+00, 0.0000000E+00, 1.3000000E+00
* ELEM  1991  line segment
 1, 1003, 1000
*
  1.5240000E+01, 6.3200000E+00, -7.5490000E-01, 0.0000000E+00
* ELEM  1992  line segment
 1, 0, 1000
*
  1.5240000E+01, 5.0200000E+00, 0.0000000E+00, 1.3000000E+00
* ELEM  1993  line segment
 1, 1004, 1001
*
  1.4320000E+01, 7.6200000E+00, -2.0000000E-01, 0.0000000E+00
* ELEM  1994  line segment
 1, 1002, 1001
*
  1.4320000E+01, 6.3200000E+00, 0.0000000E+00, 1.3000000E+00
* ELEM  1995  line segment
 1, 1005, 1002
*
  1.4485100E+01, 7.6200000E+00, -1.6510000E-01, 0.0000000E+00
* ELEM  1996  line segment
 1, 1003, 1002
*
  1.4485100E+01, 6.3200000E+00, 0.0000000E+00, 1.3000000E+00
* ELEM  1997  line segment
 1, 1006, 1003
*
  1.5240000E+01, 7.6200000E+00, -7.5490000E-01, 0.0000000E+00
* ELEM  1998  line segment
 1, 0, 1003
*
  1.5240000E+01, 6.3200000E+00, 0.0000000E+00, 1.3000000E+00
* ELEM  1999  line segment
 1, 1007, 1004
*
  1.4320000E+01, 8.9200000E+00, -2.0000000E-01, 0.0000000E+00
* ELEM  2000  line segment
 1, 1005, 1004
*
  1.4320000E+01, 7.6200000E+00, 0.0000000E+00, 1.3000000E+00
* ELEM  2001  line segment
 1, 1008, 1005
*
  1.4485100E+01, 8.9200000E+00, -1.6510000E-01, 0.0000000E+00
* ELEM  2002  line segment
 1, 1006, 1005
*
  1.4485100E+01, 7.6200000E+00, 0.0000000E+00, 1.3000000E+00
* ELEM  2003  line segment
 1, 1009, 1006
*
  1.5240000E+01, 8.9200000E+00, -7.5490000E-01, 0.0000000E+00
* ELEM  2004  line segment
 1, 0, 1006
*
  1.5240000E+01, 7.6200000E+00, 0.0000000E+00, 1.3000000E+00
* ELEM  2005  line segment
 1, 1010, 1007
*
  1.4320000E+01, 1.0220000E+01, -2.0000000E-01, 0.0000000E+00
* ELEM  2006  line segment
 1, 1008, 1007
*
  1.4320000E+01, 8.9200000E+00, 0.0000000E+00, 1.3000000E+00
* ELEM  2007  line segment
 1, 1011, 1008
*
  1.4485100E+01, 1.0220000E+01, -1.6510000E-01, 0.0000000E+00
* ELEM  2008  line segment
 1, 1009, 1008
*
  1.4485100E+01, 8.9200000E+00, 0.0000000E+00, 1.3000000E+00
* ELEM  2009  line segment
 1, 1012, 1009
*
  1.5240000E+01, 1.0220000E+01, -7.5490000E-01, 0.0000000E+00
* ELEM  2010  line segment
 1, 0, 1009
*
  1.5240000E+01, 8.9200000E+00, 0.0000000E+00, 1.3000000E+00
* ELEM  2011  line segment
 1, 1013, 1010
*
  1.4320000E+01, 1.1520000E+01, -2.0000000E-01, 0.0000000E+00
* ELEM  2012  line segment
 1, 1011, 1010
*
  1.4320000E+01, 1.0220000E+01, 0.0000000E+00, 1.3000000E+00
* ELEM  2013  line segment
 1, 1014, 1011
*
  1.4485100E+01, 1.1520000E+01, -1.6510000E-01, 0.0000000E+00
* ELEM  2014  line segment
 1, 1012, 1011
*
  1.4485100E+01, 1.0220000E+01, 0.0000000E+00, 1.3000000E+00
* ELEM  2015  line segment
 1, 1015, 1012
*
  1.5240000E+01, 1.1520000E+01, -7.5490000E-01, 0.0000000E+00
* ELEM  2016  line segment
 1, 0, 1012
*
  1.5240000E+01, 1.0220000E+01, 0.0000000E+00, 1.3000000E+00
* ELEM  2017  line segment
 1, 1016, 1013
*
  1.4320000E+01, 1.2820000E+01, -2.0000000E-01, 0.0000000E+00
* ELEM  2018  line segment
 1, 1014, 1013
*
  1.4320000E+01, 1.1520000E+01, 0.0000000E+00, 1.3000000E+00
* ELEM  2019  line segment
 1, 1017, 1014
*
  1.4485100E+01, 1.2820000E+01, -1.6510000E-01, 0.0000000E+00
* ELEM  2020  line segment
 1, 1015, 1014
*
  1.4485100E+01, 1.1520000E+01, 0.0000000E+00, 1.3000000E+00
* ELEM  2021  line segment
 1, 1018, 1015
*
  1.5240000E+01, 1.2820000E+01, -7.5490000E-01, 0.0000000E+00
* ELEM  2022  line segment
 1, 0, 1015
*
  1.5240000E+01, 1.1520000E+01, 0.0000000E+00, 1.3000000E+00
* ELEM  2023  circular arc
 3, 1016, 1017
*
  1.3355000E+01, 1.3355000E+01, 9.6500000E-01, 0.0000000E+00, 3.7557114E+01
* ELEM  2024  line segment
 1, 1017, 1016
*
  1.4320000E+01, 1.2820000E+01, 0.0000000E+00, 5.3500000E-01
* ELEM  2025  line segment
 1, 1023, 1017
*
  1.4186806E+01, 1.4120000E+01, -6.6805873E-02, 0.0000000E+00
* ELEM  2026  circular arc
 3, 1017, 1018
*
  1.3355000E+01, 1.3355000E+01, 1.1301000E+00, 0.0000000E+00, 4.2604303E+01
* ELEM  2027  line segment
 1, 1018, 1017
*
  1.4485100E+01, 1.2820000E+01, 0.0000000E+00, 5.3500000E-01
* ELEM  2028  line segment
 1, 1027, 1017
*
  1.4120000E+01, 1.4120000E+01, 0.0000000E+00, -1.7678235E-01
* ELEM  2029  line segment
 1, 1024, 1018
*
  1.5240000E+01, 1.4120000E+01, -1.0531941E+00, 0.0000000E+00
* ELEM  2030  line segment
 1, 0, 1018
*
  1.5240000E+01, 1.2820000E+01, 0.0000000E+00, 1.3000000E+00
* ELEM  2031  line segment
 1, 0, 1019
*
  1.1200000E+00, 1.1200000E+00, -3.4101373E-02, -3.4101373E-02
* ELEM  2032  circular arc
 3, 1019, 1020
*
  1.8850000E+00, 1.8850000E+00, 1.1301000E+00, 2.2500000E+02, 2.3956974E+00
* ELEM  2033  line segment
 1, 0, 1020
*
  1.0858986E+00, 1.0858986E+00, -1.0858986E+00, -1.0858986E+00
* ELEM  2034  line segment
 1, 0, 1020
*
  0.0000000E+00, 0.0000000E+00, 1.1200000E+00, 0.0000000E+00
* ELEM  2035  circular arc
 3, 1021, 1022
*
  1.3355000E+01, 1.8850000E+00, 1.1301000E+00, 3.1260430E+02, 4.7913947E+00
* ELEM  2036  line segment
 1, 0, 1022
*
  1.5240000E+01, 0.0000000E+00, 0.0000000E+00, 1.1200000E+00
* ELEM  2037  line segment
 1, 0, 1022
*
  1.4120000E+01, 0.0000000E+00, 1.1200000E+00, 0.0000000E+00
* ELEM  2038  line segment
 1, 0, 1023
*
  1.4154101E+01, 1.4154101E+01, -3.4101373E-02, -3.4101373E-02
* ELEM  2039  circular arc
 3, 1023, 1024
*
  1.3355000E+01, 1.3355000E+01, 1.1301000E+00, 4.2604303E+01, 2.3956974E+00
* ELEM  2040  line segment
 1, 0, 1024
*
  1.5240000E+01, 1.5240000E+01, -1.0858986E+00, -1.0858986E+00
* ELEM  2041  line segment
 1, 0, 1024
*
  1.5240000E+01, 1.4120000E+01, 0.0000000E+00, 1.1200000E+00
* ELEM  2042  line segment
 1, 0, 1025
*
  1.2026420E+00, 1.2026420E+00, -8.2641956E-02, -8.2641956E-02
* ELEM  2043  line segment
 1, 0, 1027
*
  1.4120000E+01, 1.4120000E+01, -8.2641956E-02, -8.2641956E-02
* boundaries conditions: defaul nbbcda allsur
  0, 3, 0
* albedo
  0.0
* type  number of elements
  4, 12
*   elements
2034
1907
1913
1919
1925
1931
1937
1943
1949
1955
1963
2037
* tx, ty, angle
  0.0000000E+00 0.0000000E+00 0.0000000E+00
* type  number of elements
  4, 12
*   elements
2036
1973
1980
1986
1992
1998
2004
2010
2016
2022
2030
2041
* tx, ty, angle
  1.5240000E+01 0.0000000E+00 9.0000000E+01
* type  number of elements
  4, 184
*   elements
2033
2031
2042
1421
1418
1439
1443
1447
1451
1455
1459
1458
1454
1450
1446
1442
1438
1435
220
218
238
242
246
250
254
258
257
253
249
245
241
237
234
1655
1654
1671
1675
1679
1683
1687
1691
1695
1699
1703
1707
1711
1715
1719
1718
1714
1710
1706
1702
1698
1694
1690
1686
1682
1678
1674
1670
1667
1818
1817
1831
1835
1839
1843
1847
1851
1855
1859
1863
1867
1871
1875
1879
1878
1874
1870
1866
1862
1858
1854
1850
1846
1842
1838
1834
1830
1828
726
725
742
746
750
754
758
762
761
757
753
749
745
741
738
867
865
885
889
893
897
901
905
904
900
896
892
888
884
881
1048
1047
1064
1068
1072
1076
1080
1084
1083
1079
1075
1071
1067
1063
1060
1192
1191
1208
1212
1216
1220
1224
1228
1227
1223
1219
1215
1211
1207
1204
1304
1303
1320
1324
1328
1332
1336
1340
1339
1335
1331
1327
1323
1319
1316
1377
1376
1394
1398
1402
1406
1410
1414
1413
1409
1405
1401
1397
1393
1389
2043
2038
2040
* tx, ty, angle
  0.0000000E+00 0.0000000E+00 4.5000000E+01
#  1 - COOLANT
#  2 - CLAD
#  3 - GAP
#  4 - UOX40_zone_4_pin_5
#  5 - UOX40_zone_3_pin_5
#  6 - UOX40_zone_2_pin_5
#  7 - UOX40_zone_1_pin_5
#  8 - UOX40_zone_4_pin_6
#  9 - UOX40_zone_3_pin_6
# 10 - UOX40_zone_2_pin_6
# 11 - UOX40_zone_1_pin_6
# 12 - UOX40_zone_4_pin_7
# 13 - UOX40_zone_3_pin_7
# 14 - UOX40_zone_2_pin_7
# 15 - UOX40_zone_1_pin_7
# 16 - UOX40_zone_4_pin_8
# 17 - UOX40_zone_3_pin_8
# 18 - UOX40_zone_2_pin_8
# 19 - UOX40_zone_1_pin_8
# 20 - UOX40_zone_4_pin_9
# 21 - UOX40_zone_3_pin_9
# 22 - UOX40_zone_2_pin_9
# 23 - UOX40_zone_1_pin_9
# 24 - UOX28_zone_4_pin_10
# 25 - UOX28_zone_3_pin_10
# 26 - UOX28_zone_2_pin_10
# 27 - UOX28_zone_1_pin_10
# 28 - UOX28_zone_4_pin_11
# 29 - UOX28_zone_3_pin_11
# 30 - UOX28_zone_2_pin_11
# 31 - UOX28_zone_1_pin_11
# 32 - UOX32_zone_4_pin_12
# 33 - UOX32_zone_3_pin_12
# 34 - UOX32_zone_2_pin_12
# 35 - UOX32_zone_1_pin_12
# 36 - UOX40_zone_4_pin_13
# 37 - UOX40_zone_3_pin_13
# 38 - UOX40_zone_2_pin_13
# 39 - UOX40_zone_1_pin_13
# 40 - UOX40_zone_4_pin_16
# 41 - UOX40_zone_3_pin_16
# 42 - UOX40_zone_2_pin_16
# 43 - UOX40_zone_1_pin_16
# 44 - UOX40_zone_4_pin_18
# 45 - UOX40_zone_3_pin_18
# 46 - UOX40_zone_2_pin_18
# 47 - UOX40_zone_1_pin_18
# 48 - UOX40_zone_4_pin_19
# 49 - UOX40_zone_3_pin_19
# 50 - UOX40_zone_2_pin_19
# 51 - UOX40_zone_1_pin_19
# 52 - UOX44_zone_4_pin_23
# 53 - UOX44_zone_3_pin_23
# 54 - UOX44_zone_2_pin_23
# 55 - UOX44_zone_1_pin_23
# 56 - UOX44Gd6_zone_11_pin_24
# 57 - UOX44Gd6_zone_10_pin_24
# 58 - UOX44Gd6_zone_9_pin_24
# 59 - UOX44Gd6_zone_8_pin_24
# 60 - UOX44Gd6_zone_7_pin_24
# 61 - UOX44Gd6_zone_6_pin_24
# 62 - UOX44Gd6_zone_5_pin_24
# 63 - UOX44Gd6_zone_4_pin_24
# 64 - UOX44Gd6_zone_3_pin_24
# 65 - UOX44Gd6_zone_2_pin_24
# 66 - UOX44Gd6_zone_1_pin_24
# 67 - UOX44_zone_4_pin_25
# 68 - UOX44_zone_3_pin_25
# 69 - UOX44_zone_2_pin_25
# 70 - UOX44_zone_1_pin_25
# 71 - UOX44Gd6_zone_11_pin_26
# 72 - UOX44Gd6_zone_10_pin_26
# 73 - UOX44Gd6_zone_9_pin_26
# 74 - UOX44Gd6_zone_8_pin_26
# 75 - UOX44Gd6_zone_7_pin_26
# 76 - UOX44Gd6_zone_6_pin_26
# 77 - UOX44Gd6_zone_5_pin_26
# 78 - UOX44Gd6_zone_4_pin_26
# 79 - UOX44Gd6_zone_3_pin_26
# 80 - UOX44Gd6_zone_2_pin_26
# 81 - UOX44Gd6_zone_1_pin_26
# 82 - UOX40_zone_4_pin_29
# 83 - UOX40_zone_3_pin_29
# 84 - UOX40_zone_2_pin_29
# 85 - UOX40_zone_1_pin_29
# 86 - UOX49_zone_4_pin_30
# 87 - UOX49_zone_3_pin_30
# 88 - UOX49_zone_2_pin_30
# 89 - UOX49_zone_1_pin_30
# 90 - UOX49_zone_4_pin_31
# 91 - UOX49_zone_3_pin_31
# 92 - UOX49_zone_2_pin_31
# 93 - UOX49_zone_1_pin_31
# 94 - UOX49_zone_4_pin_32
# 95 - UOX49_zone_3_pin_32
# 96 - UOX49_zone_2_pin_32
# 97 - UOX49_zone_1_pin_32
# 98 - UOX49_zone_4_pin_33
# 99 - UOX49_zone_3_pin_33
# 100 - UOX49_zone_2_pin_33
# 101 - UOX49_zone_1_pin_33
# 102 - UOX49_zone_4_pin_34
# 103 - UOX49_zone_3_pin_34
# 104 - UOX49_zone_2_pin_34
# 105 - UOX49_zone_1_pin_34
# 106 - UOX49_zone_4_pin_35
# 107 - UOX49_zone_3_pin_35
# 108 - UOX49_zone_2_pin_35
# 109 - UOX49_zone_1_pin_35
# 110 - UOX49_zone_4_pin_36
# 111 - UOX49_zone_3_pin_36
# 112 - UOX49_zone_2_pin_36
# 113 - UOX49_zone_1_pin_36
# 114 - UOX49_zone_4_pin_37
# 115 - UOX49_zone_3_pin_37
# 116 - UOX49_zone_2_pin_37
# 117 - UOX49_zone_1_pin_37
# 118 - UOX49_zone_4_pin_38
# 119 - UOX49_zone_3_pin_38
# 120 - UOX49_zone_2_pin_38
# 121 - UOX49_zone_1_pin_38
# 122 - UOX49_zone_4_pin_39
# 123 - UOX49_zone_3_pin_39
# 124 - UOX49_zone_2_pin_39
# 125 - UOX49_zone_1_pin_39
# 126 - UOX49Gd8_zone_11_pin_40
# 127 - UOX49Gd8_zone_10_pin_40
# 128 - UOX49Gd8_zone_9_pin_40
# 129 - UOX49Gd8_zone_8_pin_40
# 130 - UOX49Gd8_zone_7_pin_40
# 131 - UOX49Gd8_zone_6_pin_40
# 132 - UOX49Gd8_zone_5_pin_40
# 133 - UOX49Gd8_zone_4_pin_40
# 134 - UOX49Gd8_zone_3_pin_40
# 135 - UOX49Gd8_zone_2_pin_40
# 136 - UOX49Gd8_zone_1_pin_40
# 137 - UOX49_zone_4_pin_41
# 138 - UOX49_zone_3_pin_41
# 139 - UOX49_zone_2_pin_41
# 140 - UOX49_zone_1_pin_41
# 141 - UOX49_zone_4_pin_42
# 142 - UOX49_zone_3_pin_42
# 143 - UOX49_zone_2_pin_42
# 144 - UOX49_zone_1_pin_42
# 145 - UOX49Gd8_zone_11_pin_43
# 146 - UOX49Gd8_zone_10_pin_43
# 147 - UOX49Gd8_zone_9_pin_43
# 148 - UOX49Gd8_zone_8_pin_43
# 149 - UOX49Gd8_zone_7_pin_43
# 150 - UOX49Gd8_zone_6_pin_43
# 151 - UOX49Gd8_zone_5_pin_43
# 152 - UOX49Gd8_zone_4_pin_43
# 153 - UOX49Gd8_zone_3_pin_43
# 154 - UOX49Gd8_zone_2_pin_43
# 155 - UOX49Gd8_zone_1_pin_43
# 156 - UOX49_zone_4_pin_44
# 157 - UOX49_zone_3_pin_44
# 158 - UOX49_zone_2_pin_44
# 159 - UOX49_zone_1_pin_44
# 160 - UOX49_zone_4_pin_45
# 161 - UOX49_zone_3_pin_45
# 162 - UOX49_zone_2_pin_45
# 163 - UOX49_zone_1_pin_45
# 164 - UOX49_zone_4_pin_46
# 165 - UOX49_zone_3_pin_46
# 166 - UOX49_zone_2_pin_46
# 167 - UOX49_zone_1_pin_46
# 168 - UOX49Gd8_zone_11_pin_47
# 169 - UOX49Gd8_zone_10_pin_47
# 170 - UOX49Gd8_zone_9_pin_47
# 171 - UOX49Gd8_zone_8_pin_47
# 172 - UOX49Gd8_zone_7_pin_47
# 173 - UOX49Gd8_zone_6_pin_47
# 174 - UOX49Gd8_zone_5_pin_47
# 175 - UOX49Gd8_zone_4_pin_47
# 176 - UOX49Gd8_zone_3_pin_47
# 177 - UOX49Gd8_zone_2_pin_47
# 178 - UOX49Gd8_zone_1_pin_47
# 179 - UOX49_zone_4_pin_48
# 180 - UOX49_zone_3_pin_48
# 181 - UOX49_zone_2_pin_48
# 182 - UOX49_zone_1_pin_48
# 183 - UOX49_zone_4_pin_49
# 184 - UOX49_zone_3_pin_49
# 185 - UOX49_zone_2_pin_49
# 186 - UOX49_zone_1_pin_49
# 187 - UOX49_zone_4_pin_50
# 188 - UOX49_zone_3_pin_50
# 189 - UOX49_zone_2_pin_50
# 190 - UOX49_zone_1_pin_50
# 191 - UOX32_zone_4_pin_51
# 192 - UOX32_zone_3_pin_51
# 193 - UOX32_zone_2_pin_51
# 194 - UOX32_zone_1_pin_51
# 195 - UOX16_zone_4_pin_1
# 196 - UOX16_zone_3_pin_1
# 197 - UOX16_zone_2_pin_1
# 198 - UOX16_zone_1_pin_1
# 199 - UOX28_zone_4_pin_2
# 200 - UOX28_zone_3_pin_2
# 201 - UOX28_zone_2_pin_2
# 202 - UOX28_zone_1_pin_2
# 203 - UOX32_zone_4_pin_3
# 204 - UOX32_zone_3_pin_3
# 205 - UOX32_zone_2_pin_3
# 206 - UOX32_zone_1_pin_3
# 207 - UOX40_zone_4_pin_4
# 208 - UOX40_zone_3_pin_4
# 209 - UOX40_zone_2_pin_4
# 210 - UOX40_zone_1_pin_4
# 211 - UOX36_zone_4_pin_14
# 212 - UOX36_zone_3_pin_14
# 213 - UOX36_zone_2_pin_14
# 214 - UOX36_zone_1_pin_14
# 215 - UOX40Gd8_zone_11_pin_15
# 216 - UOX40Gd8_zone_10_pin_15
# 217 - UOX40Gd8_zone_9_pin_15
# 218 - UOX40Gd8_zone_8_pin_15
# 219 - UOX40Gd8_zone_7_pin_15
# 220 - UOX40Gd8_zone_6_pin_15
# 221 - UOX40Gd8_zone_5_pin_15
# 222 - UOX40Gd8_zone_4_pin_15
# 223 - UOX40Gd8_zone_3_pin_15
# 224 - UOX40Gd8_zone_2_pin_15
# 225 - UOX40Gd8_zone_1_pin_15
# 226 - UOX44Gd6_zone_11_pin_17
# 227 - UOX44Gd6_zone_10_pin_17
# 228 - UOX44Gd6_zone_9_pin_17
# 229 - UOX44Gd6_zone_8_pin_17
# 230 - UOX44Gd6_zone_7_pin_17
# 231 - UOX44Gd6_zone_6_pin_17
# 232 - UOX44Gd6_zone_5_pin_17
# 233 - UOX44Gd6_zone_4_pin_17
# 234 - UOX44Gd6_zone_3_pin_17
# 235 - UOX44Gd6_zone_2_pin_17
# 236 - UOX44Gd6_zone_1_pin_17
# 237 - UOX44Gd3_zone_11_pin_20
# 238 - UOX44Gd3_zone_10_pin_20
# 239 - UOX44Gd3_zone_9_pin_20
# 240 - UOX44Gd3_zone_8_pin_20
# 241 - UOX44Gd3_zone_7_pin_20
# 242 - UOX44Gd3_zone_6_pin_20
# 243 - UOX44Gd3_zone_5_pin_20
# 244 - UOX44Gd3_zone_4_pin_20
# 245 - UOX44Gd3_zone_3_pin_20
# 246 - UOX44Gd3_zone_2_pin_20
# 247 - UOX44Gd3_zone_1_pin_20
# 248 - UOX44_zone_4_pin_21
# 249 - UOX44_zone_3_pin_21
# 250 - UOX44_zone_2_pin_21
# 251 - UOX44_zone_1_pin_21
# 252 - UOX49Gd6_zone_11_pin_22
# 253 - UOX49Gd6_zone_10_pin_22
# 254 - UOX49Gd6_zone_9_pin_22
# 255 - UOX49Gd6_zone_8_pin_22
# 256 - UOX49Gd6_zone_7_pin_22
# 257 - UOX49Gd6_zone_6_pin_22
# 258 - UOX49Gd6_zone_5_pin_22
# 259 - UOX49Gd6_zone_4_pin_22
# 260 - UOX49Gd6_zone_3_pin_22
# 261 - UOX49Gd6_zone_2_pin_22
# 262 - UOX49Gd6_zone_1_pin_22
# 263 - UOX49_zone_4_pin_27
# 264 - UOX49_zone_3_pin_27
# 265 - UOX49_zone_2_pin_27
# 266 - UOX49_zone_1_pin_27
# 267 - UOX49Gd8_zone_11_pin_28
# 268 - UOX49Gd8_zone_10_pin_28
# 269 - UOX49Gd8_zone_9_pin_28
# 270 - UOX49Gd8_zone_8_pin_28
# 271 - UOX49Gd8_zone_7_pin_28
# 272 - UOX49Gd8_zone_6_pin_28
# 273 - UOX49Gd8_zone_5_pin_28
# 274 - UOX49Gd8_zone_4_pin_28
# 275 - UOX49Gd8_zone_3_pin_28
# 276 - UOX49Gd8_zone_2_pin_28
# 277 - UOX49Gd8_zone_1_pin_28
# 278 - MODERATOR
# 279 - CHANNEL_BOX
* medium number per region
  1
  1
  1
  1
  1
  1
  1
  1
  1
  1
  1
  1
  2
  3
  4
  5
  6
  7
  1
  1
  1
  1
  1
  1
  1
  1
  1
  1
  1
  1
  2
  3
  8
  9
  10
  11
  1
  1
  1
  1
  1
  1
  1
  1
  1
  1
  1
  1
  2
  3
  12
  13
  14
  15
  1
  1
  1
  1
  1
  1
  1
  1
  1
  1
  1
  1
  2
  3
  16
  17
  18
  19
  1
  1
  1
  1
  1
  1
  1
  1
  1
  1
  1
  1
  2
  3
  20
  21
  22
  23
  1
  1
  1
  1
  1
  1
  1
  1
  1
  1
  1
  1
  2
  3
  24
  25
  26
  27
  1
  1
  1
  1
  1
  1
  1
  1
  2
  3
  28
  29
  30
  31
  1
  1
  1
  1
  1
  1
  1
  1
  1
  1
  1
  1
  2
  3
  32
  33
  34
  35
  1
  1
  1
  1
  1
  1
  1
  1
  1
  1
  1
  1
  2
  3
  36
  37
  38
  39
  1
  1
  1
  1
  1
  1
  1
  1
  1
  1
  1
  1
  2
  3
  40
  41
  42
  43
  1
  1
  1
  1
  1
  1
  1
  1
  1
  1
  1
  1
  2
  3
  44
  45
  46
  47
  1
  1
  1
  1
  1
  1
  1
  1
  1
  1
  1
  1
  2
  3
  48
  49
  50
  51
  1
  1
  1
  1
  1
  1
  1
  1
  1
  1
  1
  1
  2
  3
  52
  53
  54
  55
  1
  1
  1
  1
  1
  1
  1
  1
  1
  1
  1
  1
  2
  3
  56
  57
  58
  59
  60
  61
  62
  63
  64
  65
  66
  1
  1
  1
  1
  1
  1
  1
  1
  1
  1
  1
  1
  2
  3
  67
  68
  69
  70
  1
  1
  1
  1
  1
  1
  1
  1
  1
  1
  1
  1
  2
  3
  71
  72
  73
  74
  75
  76
  77
  78
  79
  80
  81
  1
  1
  1
  1
  1
  1
  1
  1
  1
  1
  1
  1
  2
  3
  82
  83
  84
  85
  1
  1
  1
  1
  1
  1
  1
  1
  1
  1
  1
  1
  2
  3
  86
  87
  88
  89
  1
  1
  1
  1
  1
  1
  1
  1
  1
  1
  1
  1
  2
  3
  90
  91
  92
  93
  1
  1
  1
  1
  1
  1
  1
  1
  1
  1
  1
  1
  2
  3
  94
  95
  96
  97
  1
  1
  1
  1
  1
  1
  1
  1
  2
  3
  98
  99
  100
  101
  1
  1
  1
  1
  1
  1
  1
  1
  1
  1
  1
  1
  2
  3
  102
  103
  104
  105
  1
  1
  1
  1
  1
  1
  1
  1
  1
  1
  1
  1
  2
  3
  106
  107
  108
  109
  1
  1
  1
  1
  1
  1
  1
  1
  1
  1
  1
  1
  2
  3
  110
  111
  112
  113
  1
  1
  1
  1
  1
  1
  1
  1
  2
  3
  114
  115
  116
  117
  1
  1
  1
  1
  1
  1
  1
  1
  1
  1
  1
  1
  2
  3
  118
  119
  120
  121
  1
  1
  1
  1
  1
  1
  1
  1
  1
  1
  1
  1
  2
  3
  122
  123
  124
  125
  1
  1
  1
  1
  1
  1
  1
  1
  1
  1
  1
  1
  2
  3
  126
  127
  128
  129
  130
  131
  132
  133
  134
  135
  136
  1
  1
  1
  1
  1
  1
  1
  1
  1
  1
  1
  1
  2
  3
  137
  138
  139
  140
  1
  1
  1
  1
  1
  1
  1
  1
  2
  3
  141
  142
  143
  144
  1
  1
  1
  1
  1
  1
  1
  1
  1
  1
  1
  1
  2
  3
  145
  146
  147
  148
  149
  150
  151
  152
  153
  154
  155
  1
  1
  1
  1
  1
  1
  1
  1
  1
  1
  1
  1
  2
  3
  156
  157
  158
  159
  1
  1
  1
  1
  1
  1
  1
  1
  1
  1
  1
  1
  2
  3
  160
  161
  162
  163
  1
  1
  1
  1
  1
  1
  1
  1
  2
  3
  164
  165
  166
  167
  1
  1
  1
  1
  1
  1
  1
  1
  1
  1
  1
  1
  2
  3
  168
  169
  170
  171
  172
  173
  174
  175
  176
  177
  178
  1
  1
  1
  1
  1
  1
  1
  1
  1
  1
  1
  1
  2
  3
  179
  180
  181
  182
  1
  1
  1
  1
  1
  1
  1
  1
  2
  3
  183
  184
  185
  186
  1
  1
  1
  1
  1
  1
  1
  1
  1
  1
  1
  1
  2
  3
  187
  188
  189
  190
  1
  1
  1
  1
  1
  1
  1
  1
  2
  3
  191
  192
  193
  194
  1
  1
  1
  1
  1
  1
  1
  1
  2
  3
  195
  196
  197
  198
  1
  1
  1
  1
  1
  1
  1
  1
  1
  1
  1
  1
  2
  3
  199
  200
  201
  202
  1
  1
  1
  1
  1
  1
  1
  1
  1
  1
  1
  1
  2
  3
  203
  204
  205
  206
  1
  1
  1
  1
  1
  1
  1
  1
  1
  1
  1
  1
  2
  3
  207
  208
  209
  210
  1
  1
  1
  1
  1
  1
  1
  1
  1
  1
  1
  1
  2
  3
  211
  212
  213
  214
  1
  1
  1
  1
  1
  1
  1
  1
  1
  1
  1
  1
  2
  3
  215
  216
  217
  218
  219
  220
  221
  222
  223
  224
  225
  1
  1
  1
  1
  1
  1
  1
  1
  1
  1
  1
  1
  2
  3
  226
  227
  228
  229
  230
  231
  232
  233
  234
  235
  236
  1
  1
  1
  1
  1
  1
  1
  1
  2
  3
  237
  238
  239
  240
  241
  242
  243
  244
  245
  246
  247
  1
  1
  1
  1
  1
  1
  1
  1
  1
  1
  1
  1
  2
  3
  248
  249
  250
  251
  1
  1
  1
  1
  1
  1
  1
  1
  1
  1
  1
  1
  2
  3
  252
  253
  254
  255
  256
  257
  258
  259
  260
  261
  262
  1
  1
  1
  1
  1
  1
  1
  1
  1
  1
  1
  1
  2
  3
  263
  264
  265
  266
  1
  1
  1
  1
  1
  1
  1
  1
  2
  3
  267
  268
  269
  270
  271
  272
  273
  274
  275
  276
  277
  1
  1
  1
  1
  1
  1
  1
  1
  2
  278
  1
  279
  278
  1
  279
  278
  1
  279
  278
  1
  279
  278
  1
  279
  278
  1
  279
  278
  1
  279
  278
  1
  279
  278
  1
  279
  278
  1
  279
  278
  1
  279
  278
  1
  279
  278
  1
  279
  278
  1
  279
  278
  1
  279
  278
  1
  279
  278
  1
  279
  278
  1
  279
  278
  1
  279
  278
  1
  279
  278
  279
  278
  279
  278
  279
  278
  279
  279
  279
------------------------------------------------------------
   this is the last line generated by conversion
