
	dat input file for DRAGON5
------------------------------------------------------------


* typge, nbfo, node, elem, macr, nreg,    z, mac2
      0,    0,  1782,  3320,   138, 1782,     0,     1
* index  kindex
      0       0  1
*     eps    eps0
  1.000000E-05   1.000000E-05
*   flux region number per geometry region (mesh)
   1,   2,   3,   4,   5,   6,   7,   8,   9,  10,  11,  12,
  13,  14,  15,  16,  17,  18,  19,  20,  21,  22,  23,  24,
  25,  26,  27,  28,  29,  30,  31,  32,  33,  34,  35,  36,
  37,  38,  39,  40,  41,  42,  43,  44,  45,  46,  47,  48,
  49,  50,  51,  52,  53,  54,  55,  56,  57,  58,  59,  60,
  61,  62,  63,  64,  65,  66,  67,  68,  69,  70,  71,  72,
  73,  74,  75,  76,  77,  78,  79,  80,  81,  82,  83,  84,
  85,  86,  87,  88,  89,  90,  91,  92,  93,  94,  95,  96,
  97,  98,  99, 100, 101, 102, 103, 104, 105, 106, 107, 108,
 109, 110, 111, 112, 113, 114, 115, 116, 117, 118, 119, 120,
 121, 122, 123, 124, 125, 126, 127, 128, 129, 130, 131, 132,
 133, 134, 135, 136, 137, 138, 139, 140, 141, 142, 143, 144,
 145, 146, 147, 148, 149, 150, 151, 152, 153, 154, 155, 156,
 157, 158, 159, 160, 161, 162, 163, 164, 165, 166, 167, 168,
 169, 170, 171, 172, 173, 174, 175, 176, 177, 178, 179, 180,
 181, 182, 183, 184, 185, 186, 187, 188, 189, 190, 191, 192,
 193, 194, 195, 196, 197, 198, 199, 200, 201, 202, 203, 204,
 205, 206, 207, 208, 209, 210, 211, 212, 213, 214, 215, 216,
 217, 218, 219, 220, 221, 222, 223, 224, 225, 226, 227, 228,
 229, 230, 231, 232, 233, 234, 235, 236, 237, 238, 239, 240,
 241, 242, 243, 244, 245, 246, 247, 248, 249, 250, 251, 252,
 253, 254, 255, 256, 257, 258, 259, 260, 261, 262, 263, 264,
 265, 266, 267, 268, 269, 270, 271, 272, 273, 274, 275, 276,
 277, 278, 279, 280, 281, 282, 283, 284, 285, 286, 287, 288,
 289, 290, 291, 292, 293, 294, 295, 296, 297, 298, 299, 300,
 301, 302, 303, 304, 305, 306, 307, 308, 309, 310, 311, 312,
 313, 314, 315, 316, 317, 318, 319, 320, 321, 322, 323, 324,
 325, 326, 327, 328, 329, 330, 331, 332, 333, 334, 335, 336,
 337, 338, 339, 340, 341, 342, 343, 344, 345, 346, 347, 348,
 349, 350, 351, 352, 353, 354, 355, 356, 357, 358, 359, 360,
 361, 362, 363, 364, 365, 366, 367, 368, 369, 370, 371, 372,
 373, 374, 375, 376, 377, 378, 379, 380, 381, 382, 383, 384,
 385, 386, 387, 388, 389, 390, 391, 392, 393, 394, 395, 396,
 397, 398, 399, 400, 401, 402, 403, 404, 405, 406, 407, 408,
 409, 410, 411, 412, 413, 414, 415, 416, 417, 418, 419, 420,
 421, 422, 423, 424, 425, 426, 427, 428, 429, 430, 431, 432,
 433, 434, 435, 436, 437, 438, 439, 440, 441, 442, 443, 444,
 445, 446, 447, 448, 449, 450, 451, 452, 453, 454, 455, 456,
 457, 458, 459, 460, 461, 462, 463, 464, 465, 466, 467, 468,
 469, 470, 471, 472, 473, 474, 475, 476, 477, 478, 479, 480,
 481, 482, 483, 484, 485, 486, 487, 488, 489, 490, 491, 492,
 493, 494, 495, 496, 497, 498, 499, 500, 501, 502, 503, 504,
 505, 506, 507, 508, 509, 510, 511, 512, 513, 514, 515, 516,
 517, 518, 519, 520, 521, 522, 523, 524, 525, 526, 527, 528,
 529, 530, 531, 532, 533, 534, 535, 536, 537, 538, 539, 540,
 541, 542, 543, 544, 545, 546, 547, 548, 549, 550, 551, 552,
 553, 554, 555, 556, 557, 558, 559, 560, 561, 562, 563, 564,
 565, 566, 567, 568, 569, 570, 571, 572, 573, 574, 575, 576,
 577, 578, 579, 580, 581, 582, 583, 584, 585, 586, 587, 588,
 589, 590, 591, 592, 593, 594, 595, 596, 597, 598, 599, 600,
 601, 602, 603, 604, 605, 606, 607, 608, 609, 610, 611, 612,
 613, 614, 615, 616, 617, 618, 619, 620, 621, 622, 623, 624,
 625, 626, 627, 628, 629, 630, 631, 632, 633, 634, 635, 636,
 637, 638, 639, 640, 641, 642, 643, 644, 645, 646, 647, 648,
 649, 650, 651, 652, 653, 654, 655, 656, 657, 658, 659, 660,
 661, 662, 663, 664, 665, 666, 667, 668, 669, 670, 671, 672,
 673, 674, 675, 676, 677, 678, 679, 680, 681, 682, 683, 684,
 685, 686, 687, 688, 689, 690, 691, 692, 693, 694, 695, 696,
 697, 698, 699, 700, 701, 702, 703, 704, 705, 706, 707, 708,
 709, 710, 711, 712, 713, 714, 715, 716, 717, 718, 719, 720,
 721, 722, 723, 724, 725, 726, 727, 728, 729, 730, 731, 732,
 733, 734, 735, 736, 737, 738, 739, 740, 741, 742, 743, 744,
 745, 746, 747, 748, 749, 750, 751, 752, 753, 754, 755, 756,
 757, 758, 759, 760, 761, 762, 763, 764, 765, 766, 767, 768,
 769, 770, 771, 772, 773, 774, 775, 776, 777, 778, 779, 780,
 781, 782, 783, 784, 785, 786, 787, 788, 789, 790, 791, 792,
 793, 794, 795, 796, 797, 798, 799, 800, 801, 802, 803, 804,
 805, 806, 807, 808, 809, 810, 811, 812, 813, 814, 815, 816,
 817, 818, 819, 820, 821, 822, 823, 824, 825, 826, 827, 828,
 829, 830, 831, 832, 833, 834, 835, 836, 837, 838, 839, 840,
 841, 842, 843, 844, 845, 846, 847, 848, 849, 850, 851, 852,
 853, 854, 855, 856, 857, 858, 859, 860, 861, 862, 863, 864,
 865, 866, 867, 868, 869, 870, 871, 872, 873, 874, 875, 876,
 877, 878, 879, 880, 881, 882, 883, 884, 885, 886, 887, 888,
 889, 890, 891, 892, 893, 894, 895, 896, 897, 898, 899, 900,
 901, 902, 903, 904, 905, 906, 907, 908, 909, 910, 911, 912,
 913, 914, 915, 916, 917, 918, 919, 920, 921, 922, 923, 924,
 925, 926, 927, 928, 929, 930, 931, 932, 933, 934, 935, 936,
 937, 938, 939, 940, 941, 942, 943, 944, 945, 946, 947, 948,
 949, 950, 951, 952, 953, 954, 955, 956, 957, 958, 959, 960,
 961, 962, 963, 964, 965, 966, 967, 968, 969, 970, 971, 972,
 973, 974, 975, 976, 977, 978, 979, 980, 981, 982, 983, 984,
 985, 986, 987, 988, 989, 990, 991, 992, 993, 994, 995, 996,
 997, 998, 999, 1000, 1001, 1002, 1003, 1004, 1005, 1006, 1007, 1008,
 1009, 1010, 1011, 1012, 1013, 1014, 1015, 1016, 1017, 1018, 1019, 1020,
 1021, 1022, 1023, 1024, 1025, 1026, 1027, 1028, 1029, 1030, 1031, 1032,
 1033, 1034, 1035, 1036, 1037, 1038, 1039, 1040, 1041, 1042, 1043, 1044,
 1045, 1046, 1047, 1048, 1049, 1050, 1051, 1052, 1053, 1054, 1055, 1056,
 1057, 1058, 1059, 1060, 1061, 1062, 1063, 1064, 1065, 1066, 1067, 1068,
 1069, 1070, 1071, 1072, 1073, 1074, 1075, 1076, 1077, 1078, 1079, 1080,
 1081, 1082, 1083, 1084, 1085, 1086, 1087, 1088, 1089, 1090, 1091, 1092,
 1093, 1094, 1095, 1096, 1097, 1098, 1099, 1100, 1101, 1102, 1103, 1104,
 1105, 1106, 1107, 1108, 1109, 1110, 1111, 1112, 1113, 1114, 1115, 1116,
 1117, 1118, 1119, 1120, 1121, 1122, 1123, 1124, 1125, 1126, 1127, 1128,
 1129, 1130, 1131, 1132, 1133, 1134, 1135, 1136, 1137, 1138, 1139, 1140,
 1141, 1142, 1143, 1144, 1145, 1146, 1147, 1148, 1149, 1150, 1151, 1152,
 1153, 1154, 1155, 1156, 1157, 1158, 1159, 1160, 1161, 1162, 1163, 1164,
 1165, 1166, 1167, 1168, 1169, 1170, 1171, 1172, 1173, 1174, 1175, 1176,
 1177, 1178, 1179, 1180, 1181, 1182, 1183, 1184, 1185, 1186, 1187, 1188,
 1189, 1190, 1191, 1192, 1193, 1194, 1195, 1196, 1197, 1198, 1199, 1200,
 1201, 1202, 1203, 1204, 1205, 1206, 1207, 1208, 1209, 1210, 1211, 1212,
 1213, 1214, 1215, 1216, 1217, 1218, 1219, 1220, 1221, 1222, 1223, 1224,
 1225, 1226, 1227, 1228, 1229, 1230, 1231, 1232, 1233, 1234, 1235, 1236,
 1237, 1238, 1239, 1240, 1241, 1242, 1243, 1244, 1245, 1246, 1247, 1248,
 1249, 1250, 1251, 1252, 1253, 1254, 1255, 1256, 1257, 1258, 1259, 1260,
 1261, 1262, 1263, 1264, 1265, 1266, 1267, 1268, 1269, 1270, 1271, 1272,
 1273, 1274, 1275, 1276, 1277, 1278, 1279, 1280, 1281, 1282, 1283, 1284,
 1285, 1286, 1287, 1288, 1289, 1290, 1291, 1292, 1293, 1294, 1295, 1296,
 1297, 1298, 1299, 1300, 1301, 1302, 1303, 1304, 1305, 1306, 1307, 1308,
 1309, 1310, 1311, 1312, 1313, 1314, 1315, 1316, 1317, 1318, 1319, 1320,
 1321, 1322, 1323, 1324, 1325, 1326, 1327, 1328, 1329, 1330, 1331, 1332,
 1333, 1334, 1335, 1336, 1337, 1338, 1339, 1340, 1341, 1342, 1343, 1344,
 1345, 1346, 1347, 1348, 1349, 1350, 1351, 1352, 1353, 1354, 1355, 1356,
 1357, 1358, 1359, 1360, 1361, 1362, 1363, 1364, 1365, 1366, 1367, 1368,
 1369, 1370, 1371, 1372, 1373, 1374, 1375, 1376, 1377, 1378, 1379, 1380,
 1381, 1382, 1383, 1384, 1385, 1386, 1387, 1388, 1389, 1390, 1391, 1392,
 1393, 1394, 1395, 1396, 1397, 1398, 1399, 1400, 1401, 1402, 1403, 1404,
 1405, 1406, 1407, 1408, 1409, 1410, 1411, 1412, 1413, 1414, 1415, 1416,
 1417, 1418, 1419, 1420, 1421, 1422, 1423, 1424, 1425, 1426, 1427, 1428,
 1429, 1430, 1431, 1432, 1433, 1434, 1435, 1436, 1437, 1438, 1439, 1440,
 1441, 1442, 1443, 1444, 1445, 1446, 1447, 1448, 1449, 1450, 1451, 1452,
 1453, 1454, 1455, 1456, 1457, 1458, 1459, 1460, 1461, 1462, 1463, 1464,
 1465, 1466, 1467, 1468, 1469, 1470, 1471, 1472, 1473, 1474, 1475, 1476,
 1477, 1478, 1479, 1480, 1481, 1482, 1483, 1484, 1485, 1486, 1487, 1488,
 1489, 1490, 1491, 1492, 1493, 1494, 1495, 1496, 1497, 1498, 1499, 1500,
 1501, 1502, 1503, 1504, 1505, 1506, 1507, 1508, 1509, 1510, 1511, 1512,
 1513, 1514, 1515, 1516, 1517, 1518, 1519, 1520, 1521, 1522, 1523, 1524,
 1525, 1526, 1527, 1528, 1529, 1530, 1531, 1532, 1533, 1534, 1535, 1536,
 1537, 1538, 1539, 1540, 1541, 1542, 1543, 1544, 1545, 1546, 1547, 1548,
 1549, 1550, 1551, 1552, 1553, 1554, 1555, 1556, 1557, 1558, 1559, 1560,
 1561, 1562, 1563, 1564, 1565, 1566, 1567, 1568, 1569, 1570, 1571, 1572,
 1573, 1574, 1575, 1576, 1577, 1578, 1579, 1580, 1581, 1582, 1583, 1584,
 1585, 1586, 1587, 1588, 1589, 1590, 1591, 1592, 1593, 1594, 1595, 1596,
 1597, 1598, 1599, 1600, 1601, 1602, 1603, 1604, 1605, 1606, 1607, 1608,
 1609, 1610, 1611, 1612, 1613, 1614, 1615, 1616, 1617, 1618, 1619, 1620,
 1621, 1622, 1623, 1624, 1625, 1626, 1627, 1628, 1629, 1630, 1631, 1632,
 1633, 1634, 1635, 1636, 1637, 1638, 1639, 1640, 1641, 1642, 1643, 1644,
 1645, 1646, 1647, 1648, 1649, 1650, 1651, 1652, 1653, 1654, 1655, 1656,
 1657, 1658, 1659, 1660, 1661, 1662, 1663, 1664, 1665, 1666, 1667, 1668,
 1669, 1670, 1671, 1672, 1673, 1674, 1675, 1676, 1677, 1678, 1679, 1680,
 1681, 1682, 1683, 1684, 1685, 1686, 1687, 1688, 1689, 1690, 1691, 1692,
 1693, 1694, 1695, 1696, 1697, 1698, 1699, 1700, 1701, 1702, 1703, 1704,
 1705, 1706, 1707, 1708, 1709, 1710, 1711, 1712, 1713, 1714, 1715, 1716,
 1717, 1718, 1719, 1720, 1721, 1722, 1723, 1724, 1725, 1726, 1727, 1728,
 1729, 1730, 1731, 1732, 1733, 1734, 1735, 1736, 1737, 1738, 1739, 1740,
 1741, 1742, 1743, 1744, 1745, 1746, 1747, 1748, 1749, 1750, 1751, 1752,
 1753, 1754, 1755, 1756, 1757, 1758, 1759, 1760, 1761, 1762, 1763, 1764,
 1765, 1766, 1767, 1768, 1769, 1770, 1771, 1772, 1773, 1774, 1775, 1776,
 1777, 1778, 1779, 1780, 1781, 1782
*   names of macros
 MACRO_VANR_14 MACRO_VANR_13 MACRO_VANR_12 MACRO_VANR_11
 MACRO_VANR_10 MACRO_VANR_9 MACRO_VANR_8 MACRO_VANR_7
 MACRO_VANR_6 MACRO_VANR_5 MACRO_VANR_4 MACRO_VANR_3
 MACRO_VANR_2 MACRO_VANR_1 MACRO_WaterRod_2 MACRO_WaterRod_1
 MACRO90 MACRO52 MACRO51 MACRO22
 MACRO15 MACRO12 MACRO09 MACRO02
 MACRO01 MACRO00 MACRO99 MACRO98
 MACRO97 MACRO96 MACRO95 MACRO94
 MACRO93 MACRO92 MACRO91 MACRO89
 MACRO87 MACRO85 MACRO84 MACRO82
 MACRO80 MACRO79 MACRO78 MACRO77
 MACRO76 MACRO75 MACRO74 MACRO73
 MACRO72 MACRO71 MACRO70 MACRO69
 MACRO67 MACRO64 MACRO63 MACRO62
 MACRO60 MACRO59 MACRO58 MACRO57
 MACRO53 MACRO50 MACRO49 MACRO48
 MACRO47 MACRO46 MACRO42 MACRO41
 MACRO40 MACRO39 MACRO37 MACRO36
 MACRO35 MACRO32 MACRO30 MACRO29
 MACRO28 MACRO27 MACRO26 MACRO25
 MACRO24 MACRO23 MACRO21 MACRO20
 MACRO19 MACRO17 MACRO14 MACRO10
 MACRO08 MACRO07 MACRO06 MACRO05
 MACRO04 MACRO03 BOT_10  TOP_10 
 RIGHT_1 RIGHT_10 BOT_1   LEFT_10
 LEFT_1  TOP_1   CORNER_BL CORNER_TL
 CORNER_BR CORNER_TR LEFT_2  LEFT_3 
 LEFT_4  LEFT_6  LEFT_8  LEFT_9 
 TOP_2   TOP_3   TOP_4   BOT_6  
 TOP_6   BOT_8   BOT_9   TOP_8  
 TOP_9   RIGHT_6 RIGHT_8 RIGHT_9
 BOT_2   BOT_3   RIGHT_2 RIGHT_3
 BOT_4   BOT_5   RIGHT_4 RIGHT_5
 LEFT_5  LEFT_7  TOP_5   BOT_7  
 TOP_7   RIGHT_7
*   macro order number per flux region
  1,  1,  1,  1,  1,  1,  1,  1,  1,  1,  1,  1,
  1,  1,  2,  2,  2,  2,  2,  2,  2,  2,  2,  2,
  2,  2,  2,  2,  3,  3,  3,  3,  3,  3,  3,  3,
  3,  3,  3,  3,  3,  3,  4,  4,  4,  4,  4,  4,
  4,  4,  4,  4,  4,  4,  4,  4,  5,  5,  5,  5,
  5,  5,  5,  5,  5,  5,  5,  5,  5,  5,  6,  6,
  6,  6,  6,  6,  6,  6,  6,  6,  6,  6,  6,  6,
  7,  7,  7,  7,  7,  7,  7,  7,  7,  7,  7,  7,
  7,  7,  8,  8,  8,  8,  8,  8,  8,  8,  8,  8,
  8,  8,  8,  8,  9,  9,  9,  9,  9,  9,  9,  9,
  9,  9,  9,  9,  9,  9, 10, 10, 10, 10, 10, 10,
 10, 10, 10, 10, 10, 10, 10, 10, 11, 11, 11, 11,
 11, 11, 11, 11, 11, 11, 11, 11, 11, 11, 12, 12,
 12, 12, 12, 12, 12, 12, 12, 12, 12, 12, 12, 12,
 13, 13, 13, 13, 13, 13, 13, 13, 13, 13, 13, 13,
 13, 13, 14, 14, 14, 14, 14, 14, 14, 14, 14, 14,
 14, 14, 14, 14, 15, 15, 15, 15, 15, 15, 15, 15,
 15, 15, 16, 16, 16, 16, 16, 16, 16, 16, 16, 16,
 17, 17, 17, 17, 17, 17, 17, 17, 17, 17, 17, 17,
 17, 17, 17, 17, 17, 17, 18, 18, 18, 18, 18, 18,
 18, 18, 18, 18, 18, 18, 18, 18, 18, 18, 18, 18,
 18, 18, 19, 19, 19, 19, 19, 19, 19, 19, 19, 19,
 19, 19, 19, 19, 19, 19, 19, 19, 20, 20, 20, 20,
 20, 20, 20, 20, 20, 20, 20, 20, 20, 20, 20, 20,
 20, 20, 21, 21, 21, 21, 21, 21, 21, 21, 21, 21,
 21, 21, 21, 21, 21, 21, 21, 21, 21, 21, 22, 22,
 22, 22, 22, 22, 22, 22, 22, 22, 22, 22, 22, 22,
 22, 22, 22, 22, 22, 22, 23, 23, 23, 23, 23, 23,
 23, 23, 23, 23, 23, 23, 23, 23, 23, 23, 23, 23,
 24, 24, 24, 24, 24, 24, 24, 24, 24, 24, 24, 24,
 24, 24, 24, 24, 24, 24, 25, 25, 25, 25, 25, 25,
 25, 25, 25, 25, 25, 25, 25, 25, 25, 25, 25, 25,
 26, 26, 26, 26, 26, 26, 26, 26, 26, 26, 26, 26,
 26, 26, 26, 26, 26, 26, 27, 27, 27, 27, 27, 27,
 27, 27, 27, 27, 27, 27, 27, 27, 27, 27, 27, 27,
 28, 28, 28, 28, 28, 28, 28, 28, 28, 28, 28, 28,
 28, 28, 28, 28, 28, 28, 29, 29, 29, 29, 29, 29,
 29, 29, 29, 29, 29, 29, 29, 29, 29, 29, 29, 29,
 30, 30, 30, 30, 30, 30, 30, 30, 30, 30, 30, 30,
 30, 30, 30, 30, 30, 30, 31, 31, 31, 31, 31, 31,
 31, 31, 31, 31, 31, 31, 31, 31, 31, 31, 31, 31,
 32, 32, 32, 32, 32, 32, 32, 32, 32, 32, 32, 32,
 32, 32, 32, 32, 32, 32, 33, 33, 33, 33, 33, 33,
 33, 33, 33, 33, 33, 33, 33, 33, 33, 33, 33, 33,
 34, 34, 34, 34, 34, 34, 34, 34, 34, 34, 34, 34,
 34, 34, 34, 34, 34, 34, 35, 35, 35, 35, 35, 35,
 35, 35, 35, 35, 35, 35, 35, 35, 35, 35, 35, 35,
 36, 36, 36, 36, 36, 36, 36, 36, 36, 36, 36, 36,
 36, 36, 36, 36, 36, 36, 37, 37, 37, 37, 37, 37,
 37, 37, 37, 37, 37, 37, 37, 37, 37, 37, 37, 37,
 37, 37, 38, 38, 38, 38, 38, 38, 38, 38, 38, 38,
 38, 38, 38, 38, 38, 38, 38, 38, 39, 39, 39, 39,
 39, 39, 39, 39, 39, 39, 39, 39, 39, 39, 39, 39,
 39, 39, 40, 40, 40, 40, 40, 40, 40, 40, 40, 40,
 40, 40, 40, 40, 40, 40, 40, 40, 41, 41, 41, 41,
 41, 41, 41, 41, 41, 41, 41, 41, 41, 41, 41, 41,
 41, 41, 42, 42, 42, 42, 42, 42, 42, 42, 42, 42,
 42, 42, 42, 42, 42, 42, 42, 42, 43, 43, 43, 43,
 43, 43, 43, 43, 43, 43, 43, 43, 43, 43, 43, 43,
 43, 43, 43, 43, 44, 44, 44, 44, 44, 44, 44, 44,
 44, 44, 44, 44, 44, 44, 44, 44, 44, 44, 45, 45,
 45, 45, 45, 45, 45, 45, 45, 45, 45, 45, 45, 45,
 45, 45, 45, 45, 45, 45, 46, 46, 46, 46, 46, 46,
 46, 46, 46, 46, 46, 46, 46, 46, 46, 46, 46, 46,
 47, 47, 47, 47, 47, 47, 47, 47, 47, 47, 47, 47,
 47, 47, 47, 47, 47, 47, 47, 47, 48, 48, 48, 48,
 48, 48, 48, 48, 48, 48, 48, 48, 48, 48, 48, 48,
 48, 48, 49, 49, 49, 49, 49, 49, 49, 49, 49, 49,
 49, 49, 49, 49, 49, 49, 49, 49, 50, 50, 50, 50,
 50, 50, 50, 50, 50, 50, 50, 50, 50, 50, 50, 50,
 50, 50, 51, 51, 51, 51, 51, 51, 51, 51, 51, 51,
 51, 51, 51, 51, 51, 51, 51, 51, 52, 52, 52, 52,
 52, 52, 52, 52, 52, 52, 52, 52, 52, 52, 52, 52,
 52, 52, 53, 53, 53, 53, 53, 53, 53, 53, 53, 53,
 53, 53, 53, 53, 53, 53, 53, 53, 54, 54, 54, 54,
 54, 54, 54, 54, 54, 54, 54, 54, 54, 54, 54, 54,
 54, 54, 55, 55, 55, 55, 55, 55, 55, 55, 55, 55,
 55, 55, 55, 55, 55, 55, 55, 55, 55, 55, 56, 56,
 56, 56, 56, 56, 56, 56, 56, 56, 56, 56, 56, 56,
 56, 56, 56, 56, 57, 57, 57, 57, 57, 57, 57, 57,
 57, 57, 57, 57, 57, 57, 57, 57, 57, 57, 58, 58,
 58, 58, 58, 58, 58, 58, 58, 58, 58, 58, 58, 58,
 58, 58, 58, 58, 59, 59, 59, 59, 59, 59, 59, 59,
 59, 59, 59, 59, 59, 59, 59, 59, 59, 59, 60, 60,
 60, 60, 60, 60, 60, 60, 60, 60, 60, 60, 60, 60,
 60, 60, 60, 60, 61, 61, 61, 61, 61, 61, 61, 61,
 61, 61, 61, 61, 61, 61, 61, 61, 61, 61, 62, 62,
 62, 62, 62, 62, 62, 62, 62, 62, 62, 62, 62, 62,
 62, 62, 62, 62, 63, 63, 63, 63, 63, 63, 63, 63,
 63, 63, 63, 63, 63, 63, 63, 63, 63, 63, 64, 64,
 64, 64, 64, 64, 64, 64, 64, 64, 64, 64, 64, 64,
 64, 64, 64, 64, 64, 64, 65, 65, 65, 65, 65, 65,
 65, 65, 65, 65, 65, 65, 65, 65, 65, 65, 65, 65,
 66, 66, 66, 66, 66, 66, 66, 66, 66, 66, 66, 66,
 66, 66, 66, 66, 66, 66, 66, 66, 67, 67, 67, 67,
 67, 67, 67, 67, 67, 67, 67, 67, 67, 67, 67, 67,
 67, 67, 68, 68, 68, 68, 68, 68, 68, 68, 68, 68,
 68, 68, 68, 68, 68, 68, 68, 68, 69, 69, 69, 69,
 69, 69, 69, 69, 69, 69, 69, 69, 69, 69, 69, 69,
 69, 69, 70, 70, 70, 70, 70, 70, 70, 70, 70, 70,
 70, 70, 70, 70, 70, 70, 70, 70, 71, 71, 71, 71,
 71, 71, 71, 71, 71, 71, 71, 71, 71, 71, 71, 71,
 71, 71, 72, 72, 72, 72, 72, 72, 72, 72, 72, 72,
 72, 72, 72, 72, 72, 72, 72, 72, 73, 73, 73, 73,
 73, 73, 73, 73, 73, 73, 73, 73, 73, 73, 73, 73,
 73, 73, 73, 73, 74, 74, 74, 74, 74, 74, 74, 74,
 74, 74, 74, 74, 74, 74, 74, 74, 74, 74, 74, 74,
 75, 75, 75, 75, 75, 75, 75, 75, 75, 75, 75, 75,
 75, 75, 75, 75, 75, 75, 76, 76, 76, 76, 76, 76,
 76, 76, 76, 76, 76, 76, 76, 76, 76, 76, 76, 76,
 77, 77, 77, 77, 77, 77, 77, 77, 77, 77, 77, 77,
 77, 77, 77, 77, 77, 77, 77, 77, 78, 78, 78, 78,
 78, 78, 78, 78, 78, 78, 78, 78, 78, 78, 78, 78,
 78, 78, 79, 79, 79, 79, 79, 79, 79, 79, 79, 79,
 79, 79, 79, 79, 79, 79, 79, 79, 80, 80, 80, 80,
 80, 80, 80, 80, 80, 80, 80, 80, 80, 80, 80, 80,
 80, 80, 81, 81, 81, 81, 81, 81, 81, 81, 81, 81,
 81, 81, 81, 81, 81, 81, 81, 81, 82, 82, 82, 82,
 82, 82, 82, 82, 82, 82, 82, 82, 82, 82, 82, 82,
 82, 82, 83, 83, 83, 83, 83, 83, 83, 83, 83, 83,
 83, 83, 83, 83, 83, 83, 83, 83, 83, 83, 84, 84,
 84, 84, 84, 84, 84, 84, 84, 84, 84, 84, 84, 84,
 84, 84, 84, 84, 85, 85, 85, 85, 85, 85, 85, 85,
 85, 85, 85, 85, 85, 85, 85, 85, 85, 85, 86, 86,
 86, 86, 86, 86, 86, 86, 86, 86, 86, 86, 86, 86,
 86, 86, 86, 86, 86, 86, 87, 87, 87, 87, 87, 87,
 87, 87, 87, 87, 87, 87, 87, 87, 87, 87, 87, 87,
 88, 88, 88, 88, 88, 88, 88, 88, 88, 88, 88, 88,
 88, 88, 88, 88, 88, 88, 89, 89, 89, 89, 89, 89,
 89, 89, 89, 89, 89, 89, 89, 89, 89, 89, 89, 89,
 90, 90, 90, 90, 90, 90, 90, 90, 90, 90, 90, 90,
 90, 90, 90, 90, 90, 90, 91, 91, 91, 91, 91, 91,
 91, 91, 91, 91, 91, 91, 91, 91, 91, 91, 91, 91,
 92, 92, 92, 92, 92, 92, 92, 92, 92, 92, 92, 92,
 92, 92, 92, 92, 92, 92, 93, 93, 93, 93, 93, 93,
 93, 93, 93, 93, 93, 93, 93, 93, 93, 93, 93, 93,
 94, 94, 94, 94, 94, 94, 94, 94, 94, 94, 94, 94,
 94, 94, 94, 94, 94, 94, 95, 96, 97, 98, 99, 100,
 101, 102, 103, 104, 105, 106, 107, 108, 109, 110, 111, 112,
 113, 114, 115, 116, 117, 118, 119, 120, 121, 122, 123, 124,
 125, 126, 127, 128, 129, 130, 131, 132, 133, 134, 135, 136,
 137, 138, 118, 119, 110, 111, 112, 116, 108, 125, 126, 109,
 133, 107, 129, 130, 134, 117, 120, 121, 122, 114, 136, 128,
 123, 124, 115, 135, 127, 131, 132, 113, 137, 138, 99, 97,
 101, 102, 95, 100, 98, 96, 122, 114, 117, 120, 121, 123,
 124, 115, 116, 127, 128, 108, 110, 111, 112, 113, 118, 119,
 131, 132, 109, 125, 126, 135, 107, 129, 130, 137, 133, 134,
 138, 136, 101, 99, 100, 102, 95, 97, 96, 98, 27, 23,
 17, 26, 103, 104, 105, 106
   elements
* ELEM  1  line segment
 1, 0, 1659
*
  0.0000000E+00, 1.1200000E+00, 0.0000000E+00, -1.1200000E+00
* ELEM  2  line segment
 1, 1657, 1659
*
  1.0531941E+00, 1.1200000E+00, -1.0531941E+00, 0.0000000E+00
* ELEM  3  circular arc
 3, 1779, 1659
*
  1.8850000E+00, 1.8850000E+00, 1.1301000E+00, 2.2260430E+02, 4.7913947E+00
* ELEM  4  line segment
 1, 1655, 1659
*
  1.1200000E+00, 0.0000000E+00, 0.0000000E+00, 1.0531941E+00
* ELEM  5  line segment
 1, 0, 1659
*
  0.0000000E+00, 0.0000000E+00, 1.1200000E+00, 0.0000000E+00
* ELEM  6  circular arc
 3, 1727, 1655
*
  1.8850000E+00, 1.8850000E+00, 1.1301000E+00, 2.2739570E+02, 4.2604303E+01
* ELEM  7  line segment
 1, 1655, 1727
*
  1.8850000E+00, 7.5490000E-01, 5.3500000E-01, 0.0000000E+00
* ELEM  8  line segment
 1, 1681, 1655
*
  2.4200000E+00, 0.0000000E+00, 0.0000000E+00, 7.5490000E-01
* ELEM  9  line segment
 1, 0, 1655
*
  1.1200000E+00, 0.0000000E+00, 1.3000000E+00, 0.0000000E+00
* ELEM  10  line segment
 1, 0, 1657
*
  0.0000000E+00, 2.4200000E+00, 0.0000000E+00, -1.3000000E+00
* ELEM  11  line segment
 1, 1663, 1657
*
  7.5490000E-01, 2.4200000E+00, -7.5490000E-01, 0.0000000E+00
* ELEM  12  line segment
 1, 1657, 1729
*
  7.5490000E-01, 2.4200000E+00, 0.0000000E+00, -5.3500000E-01
* ELEM  13  circular arc
 3, 1729, 1657
*
  1.8850000E+00, 1.8850000E+00, 1.1301000E+00, 1.8000000E+02, 4.2604303E+01
* ELEM  14  line segment
 1, 1681, 1756
*
  2.4200000E+00, 7.5490000E-01, 1.3000000E+00, 0.0000000E+00
* ELEM  15  line segment
 1, 1682, 1681
*
  3.7200000E+00, 0.0000000E+00, 0.0000000E+00, 7.5490000E-01
* ELEM  16  line segment
 1, 0, 1681
*
  2.4200000E+00, 0.0000000E+00, 1.3000000E+00, 0.0000000E+00
* ELEM  17  line segment
 1, 0, 1663
*
  0.0000000E+00, 3.7200000E+00, 0.0000000E+00, -1.3000000E+00
* ELEM  18  line segment
 1, 1664, 1663
*
  7.5490000E-01, 3.7200000E+00, -7.5490000E-01, 0.0000000E+00
* ELEM  19  line segment
 1, 1663, 1759
*
  7.5490000E-01, 3.7200000E+00, 0.0000000E+00, -1.3000000E+00
* ELEM  20  line segment
 1, 1682, 1757
*
  3.7200000E+00, 7.5490000E-01, 1.3000000E+00, 0.0000000E+00
* ELEM  21  line segment
 1, 1685, 1682
*
  5.0200000E+00, 0.0000000E+00, 0.0000000E+00, 7.5490000E-01
* ELEM  22  line segment
 1, 0, 1682
*
  3.7200000E+00, 0.0000000E+00, 1.3000000E+00, 0.0000000E+00
* ELEM  23  line segment
 1, 0, 1664
*
  0.0000000E+00, 5.0200000E+00, 0.0000000E+00, -1.3000000E+00
* ELEM  24  line segment
 1, 1665, 1664
*
  7.5490000E-01, 5.0200000E+00, -7.5490000E-01, 0.0000000E+00
* ELEM  25  line segment
 1, 1664, 1746
*
  7.5490000E-01, 5.0200000E+00, 0.0000000E+00, -1.3000000E+00
* ELEM  26  line segment
 1, 1685, 1760
*
  5.0200000E+00, 7.5490000E-01, 1.3000000E+00, 0.0000000E+00
* ELEM  27  line segment
 1, 1686, 1685
*
  6.3200000E+00, 0.0000000E+00, 0.0000000E+00, 7.5490000E-01
* ELEM  28  line segment
 1, 0, 1685
*
  5.0200000E+00, 0.0000000E+00, 1.3000000E+00, 0.0000000E+00
* ELEM  29  line segment
 1, 0, 1665
*
  0.0000000E+00, 6.3200000E+00, 0.0000000E+00, -1.3000000E+00
* ELEM  30  line segment
 1, 1689, 1665
*
  7.5490000E-01, 6.3200000E+00, -7.5490000E-01, 0.0000000E+00
* ELEM  31  line segment
 1, 1665, 1755
*
  7.5490000E-01, 6.3200000E+00, 0.0000000E+00, -1.3000000E+00
* ELEM  32  line segment
 1, 1686, 1761
*
  6.3200000E+00, 7.5490000E-01, 1.3000000E+00, 0.0000000E+00
* ELEM  33  line segment
 1, 1672, 1686
*
  7.6200000E+00, 0.0000000E+00, 0.0000000E+00, 7.5490000E-01
* ELEM  34  line segment
 1, 0, 1686
*
  6.3200000E+00, 0.0000000E+00, 1.3000000E+00, 0.0000000E+00
* ELEM  35  line segment
 1, 0, 1689
*
  0.0000000E+00, 7.6200000E+00, 0.0000000E+00, -1.3000000E+00
* ELEM  36  line segment
 1, 1666, 1689
*
  7.5490000E-01, 7.6200000E+00, -7.5490000E-01, 0.0000000E+00
* ELEM  37  line segment
 1, 1689, 1763
*
  7.5490000E-01, 7.6200000E+00, 0.0000000E+00, -1.3000000E+00
* ELEM  38  line segment
 1, 1672, 1743
*
  7.6200000E+00, 7.5490000E-01, 1.3000000E+00, 0.0000000E+00
* ELEM  39  line segment
 1, 1692, 1672
*
  8.9200000E+00, 0.0000000E+00, 0.0000000E+00, 7.5490000E-01
* ELEM  40  line segment
 1, 0, 1672
*
  7.6200000E+00, 0.0000000E+00, 1.3000000E+00, 0.0000000E+00
* ELEM  41  line segment
 1, 0, 1666
*
  0.0000000E+00, 8.9200000E+00, 0.0000000E+00, -1.3000000E+00
* ELEM  42  line segment
 1, 1690, 1666
*
  7.5490000E-01, 8.9200000E+00, -7.5490000E-01, 0.0000000E+00
* ELEM  43  line segment
 1, 1666, 1747
*
  7.5490000E-01, 8.9200000E+00, 0.0000000E+00, -1.3000000E+00
* ELEM  44  line segment
 1, 1692, 1766
*
  8.9200000E+00, 7.5490000E-01, 1.3000000E+00, 0.0000000E+00
* ELEM  45  line segment
 1, 1674, 1692
*
  1.0220000E+01, 0.0000000E+00, 0.0000000E+00, 7.5490000E-01
* ELEM  46  line segment
 1, 0, 1692
*
  8.9200000E+00, 0.0000000E+00, 1.3000000E+00, 0.0000000E+00
* ELEM  47  line segment
 1, 0, 1690
*
  0.0000000E+00, 1.0220000E+01, 0.0000000E+00, -1.3000000E+00
* ELEM  48  line segment
 1, 1667, 1690
*
  7.5490000E-01, 1.0220000E+01, -7.5490000E-01, 0.0000000E+00
* ELEM  49  line segment
 1, 1690, 1764
*
  7.5490000E-01, 1.0220000E+01, 0.0000000E+00, -1.3000000E+00
* ELEM  50  line segment
 1, 1674, 1751
*
  1.0220000E+01, 7.5490000E-01, 1.3000000E+00, 0.0000000E+00
* ELEM  51  line segment
 1, 1675, 1674
*
  1.1520000E+01, 0.0000000E+00, 0.0000000E+00, 7.5490000E-01
* ELEM  52  line segment
 1, 0, 1674
*
  1.0220000E+01, 0.0000000E+00, 1.3000000E+00, 0.0000000E+00
* ELEM  53  line segment
 1, 0, 1667
*
  0.0000000E+00, 1.1520000E+01, 0.0000000E+00, -1.3000000E+00
* ELEM  54  line segment
 1, 1668, 1667
*
  7.5490000E-01, 1.1520000E+01, -7.5490000E-01, 0.0000000E+00
* ELEM  55  line segment
 1, 1667, 1748
*
  7.5490000E-01, 1.1520000E+01, 0.0000000E+00, -1.3000000E+00
* ELEM  56  line segment
 1, 1675, 1752
*
  1.1520000E+01, 7.5490000E-01, 1.3000000E+00, 0.0000000E+00
* ELEM  57  line segment
 1, 1651, 1675
*
  1.2820000E+01, 0.0000000E+00, 0.0000000E+00, 7.5490000E-01
* ELEM  58  line segment
 1, 0, 1675
*
  1.1520000E+01, 0.0000000E+00, 1.3000000E+00, 0.0000000E+00
* ELEM  59  line segment
 1, 0, 1668
*
  0.0000000E+00, 1.2820000E+01, 0.0000000E+00, -1.3000000E+00
* ELEM  60  line segment
 1, 1656, 1668
*
  7.5490000E-01, 1.2820000E+01, -7.5490000E-01, 0.0000000E+00
* ELEM  61  line segment
 1, 1668, 1749
*
  7.5490000E-01, 1.2820000E+01, 0.0000000E+00, -1.3000000E+00
* ELEM  62  line segment
 1, 1651, 1731
*
  1.2820000E+01, 7.5490000E-01, 5.3500000E-01, 0.0000000E+00
* ELEM  63  circular arc
 3, 1731, 1651
*
  1.3355000E+01, 1.8850000E+00, 1.1301000E+00, 2.7000000E+02, 4.2604303E+01
* ELEM  64  line segment
 1, 1661, 1651
*
  1.4120000E+01, 0.0000000E+00, 0.0000000E+00, 1.0531941E+00
* ELEM  65  line segment
 1, 0, 1651
*
  1.2820000E+01, 0.0000000E+00, 1.3000000E+00, 0.0000000E+00
* ELEM  66  line segment
 1, 0, 1656
*
  0.0000000E+00, 1.4120000E+01, 0.0000000E+00, -1.3000000E+00
* ELEM  67  line segment
 1, 1660, 1656
*
  1.0531941E+00, 1.4120000E+01, -1.0531941E+00, 0.0000000E+00
* ELEM  68  circular arc
 3, 1732, 1656
*
  1.8850000E+00, 1.3355000E+01, 1.1301000E+00, 1.3739570E+02, 4.2604303E+01
* ELEM  69  line segment
 1, 1656, 1732
*
  7.5490000E-01, 1.3355000E+01, 0.0000000E+00, -5.3500000E-01
* ELEM  70  circular arc
 3, 1781, 1661
*
  1.3355000E+01, 1.8850000E+00, 1.1301000E+00, 3.1260430E+02, 4.7913947E+00
* ELEM  71  line segment
 1, 1653, 1661
*
  1.5240000E+01, 1.1200000E+00, -1.0531941E+00, 0.0000000E+00
* ELEM  72  line segment
 1, 0, 1661
*
  1.5240000E+01, 0.0000000E+00, 0.0000000E+00, 1.1200000E+00
* ELEM  73  line segment
 1, 0, 1661
*
  1.4120000E+01, 0.0000000E+00, 1.1200000E+00, 0.0000000E+00
* ELEM  74  line segment
 1, 0, 1660
*
  0.0000000E+00, 1.5240000E+01, 0.0000000E+00, -1.1200000E+00
* ELEM  75  line segment
 1, 0, 1660
*
  1.1200000E+00, 1.5240000E+01, -1.1200000E+00, 0.0000000E+00
* ELEM  76  line segment
 1, 1658, 1660
*
  1.1200000E+00, 1.4186806E+01, 0.0000000E+00, 1.0531941E+00
* ELEM  77  circular arc
 3, 1780, 1660
*
  1.8850000E+00, 1.3355000E+01, 1.1301000E+00, 1.3260430E+02, 4.7913947E+00
* ELEM  78  circular arc
 3, 1728, 1653
*
  1.3355000E+01, 1.8850000E+00, 1.1301000E+00, 3.1739570E+02, 4.2604303E+01
* ELEM  79  line segment
 1, 1653, 1728
*
  1.4485100E+01, 1.8850000E+00, 0.0000000E+00, 5.3500000E-01
* ELEM  80  line segment
 1, 1683, 1653
*
  1.5240000E+01, 2.4200000E+00, -7.5490000E-01, 0.0000000E+00
* ELEM  81  line segment
 1, 0, 1653
*
  1.5240000E+01, 1.1200000E+00, 0.0000000E+00, 1.3000000E+00
* ELEM  82  line segment
 1, 0, 1658
*
  2.4200000E+00, 1.5240000E+01, -1.3000000E+00, 0.0000000E+00
* ELEM  83  line segment
 1, 1669, 1658
*
  2.4200000E+00, 1.4485100E+01, 0.0000000E+00, 7.5490000E-01
* ELEM  84  line segment
 1, 1658, 1730
*
  2.4200000E+00, 1.4485100E+01, -5.3500000E-01, 0.0000000E+00
* ELEM  85  circular arc
 3, 1730, 1658
*
  1.8850000E+00, 1.3355000E+01, 1.1301000E+00, 9.0000000E+01, 4.2604303E+01
* ELEM  86  line segment
 1, 1683, 1744
*
  1.4485100E+01, 2.4200000E+00, 0.0000000E+00, 1.3000000E+00
* ELEM  87  line segment
 1, 1684, 1683
*
  1.5240000E+01, 3.7200000E+00, -7.5490000E-01, 0.0000000E+00
* ELEM  88  line segment
 1, 0, 1683
*
  1.5240000E+01, 2.4200000E+00, 0.0000000E+00, 1.3000000E+00
* ELEM  89  line segment
 1, 0, 1669
*
  3.7200000E+00, 1.5240000E+01, -1.3000000E+00, 0.0000000E+00
* ELEM  90  line segment
 1, 1670, 1669
*
  3.7200000E+00, 1.4485100E+01, 0.0000000E+00, 7.5490000E-01
* ELEM  91  line segment
 1, 1669, 1750
*
  3.7200000E+00, 1.4485100E+01, -1.3000000E+00, 0.0000000E+00
* ELEM  92  line segment
 1, 1684, 1745
*
  1.4485100E+01, 3.7200000E+00, 0.0000000E+00, 1.3000000E+00
* ELEM  93  line segment
 1, 1687, 1684
*
  1.5240000E+01, 5.0200000E+00, -7.5490000E-01, 0.0000000E+00
* ELEM  94  line segment
 1, 0, 1684
*
  1.5240000E+01, 3.7200000E+00, 0.0000000E+00, 1.3000000E+00
* ELEM  95  line segment
 1, 0, 1670
*
  5.0200000E+00, 1.5240000E+01, -1.3000000E+00, 0.0000000E+00
* ELEM  96  line segment
 1, 1671, 1670
*
  5.0200000E+00, 1.4485100E+01, 0.0000000E+00, 7.5490000E-01
* ELEM  97  line segment
 1, 1670, 1736
*
  5.0200000E+00, 1.4485100E+01, -1.3000000E+00, 0.0000000E+00
* ELEM  98  line segment
 1, 1687, 1753
*
  1.4485100E+01, 5.0200000E+00, 0.0000000E+00, 1.3000000E+00
* ELEM  99  line segment
 1, 1688, 1687
*
  1.5240000E+01, 6.3200000E+00, -7.5490000E-01, 0.0000000E+00
* ELEM  100  line segment
 1, 0, 1687
*
  1.5240000E+01, 5.0200000E+00, 0.0000000E+00, 1.3000000E+00
* ELEM  101  line segment
 1, 0, 1671
*
  6.3200000E+00, 1.5240000E+01, -1.3000000E+00, 0.0000000E+00
* ELEM  102  line segment
 1, 1691, 1671
*
  6.3200000E+00, 1.4485100E+01, 0.0000000E+00, 7.5490000E-01
* ELEM  103  line segment
 1, 1671, 1742
*
  6.3200000E+00, 1.4485100E+01, -1.3000000E+00, 0.0000000E+00
* ELEM  104  line segment
 1, 1688, 1754
*
  1.4485100E+01, 6.3200000E+00, 0.0000000E+00, 1.3000000E+00
* ELEM  105  line segment
 1, 1678, 1688
*
  1.5240000E+01, 7.6200000E+00, -7.5490000E-01, 0.0000000E+00
* ELEM  106  line segment
 1, 0, 1688
*
  1.5240000E+01, 6.3200000E+00, 0.0000000E+00, 1.3000000E+00
* ELEM  107  line segment
 1, 0, 1691
*
  7.6200000E+00, 1.5240000E+01, -1.3000000E+00, 0.0000000E+00
* ELEM  108  line segment
 1, 1673, 1691
*
  7.6200000E+00, 1.4485100E+01, 0.0000000E+00, 7.5490000E-01
* ELEM  109  line segment
 1, 1691, 1758
*
  7.6200000E+00, 1.4485100E+01, -1.3000000E+00, 0.0000000E+00
* ELEM  110  line segment
 1, 1678, 1735
*
  1.4485100E+01, 7.6200000E+00, 0.0000000E+00, 1.3000000E+00
* ELEM  111  line segment
 1, 1694, 1678
*
  1.5240000E+01, 8.9200000E+00, -7.5490000E-01, 0.0000000E+00
* ELEM  112  line segment
 1, 0, 1678
*
  1.5240000E+01, 7.6200000E+00, 0.0000000E+00, 1.3000000E+00
* ELEM  113  line segment
 1, 0, 1673
*
  8.9200000E+00, 1.5240000E+01, -1.3000000E+00, 0.0000000E+00
* ELEM  114  line segment
 1, 1693, 1673
*
  8.9200000E+00, 1.4485100E+01, 0.0000000E+00, 7.5490000E-01
* ELEM  115  line segment
 1, 1673, 1737
*
  8.9200000E+00, 1.4485100E+01, -1.3000000E+00, 0.0000000E+00
* ELEM  116  line segment
 1, 1694, 1765
*
  1.4485100E+01, 8.9200000E+00, 0.0000000E+00, 1.3000000E+00
* ELEM  117  line segment
 1, 1679, 1694
*
  1.5240000E+01, 1.0220000E+01, -7.5490000E-01, 0.0000000E+00
* ELEM  118  line segment
 1, 0, 1694
*
  1.5240000E+01, 8.9200000E+00, 0.0000000E+00, 1.3000000E+00
* ELEM  119  line segment
 1, 0, 1693
*
  1.0220000E+01, 1.5240000E+01, -1.3000000E+00, 0.0000000E+00
* ELEM  120  line segment
 1, 1676, 1693
*
  1.0220000E+01, 1.4485100E+01, 0.0000000E+00, 7.5490000E-01
* ELEM  121  line segment
 1, 1693, 1762
*
  1.0220000E+01, 1.4485100E+01, -1.3000000E+00, 0.0000000E+00
* ELEM  122  line segment
 1, 1679, 1740
*
  1.4485100E+01, 1.0220000E+01, 0.0000000E+00, 1.3000000E+00
* ELEM  123  line segment
 1, 1680, 1679
*
  1.5240000E+01, 1.1520000E+01, -7.5490000E-01, 0.0000000E+00
* ELEM  124  line segment
 1, 0, 1679
*
  1.5240000E+01, 1.0220000E+01, 0.0000000E+00, 1.3000000E+00
* ELEM  125  line segment
 1, 0, 1676
*
  1.1520000E+01, 1.5240000E+01, -1.3000000E+00, 0.0000000E+00
* ELEM  126  line segment
 1, 1677, 1676
*
  1.1520000E+01, 1.4485100E+01, 0.0000000E+00, 7.5490000E-01
* ELEM  127  line segment
 1, 1676, 1738
*
  1.1520000E+01, 1.4485100E+01, -1.3000000E+00, 0.0000000E+00
* ELEM  128  line segment
 1, 1680, 1741
*
  1.4485100E+01, 1.1520000E+01, 0.0000000E+00, 1.3000000E+00
* ELEM  129  line segment
 1, 1654, 1680
*
  1.5240000E+01, 1.2820000E+01, -7.5490000E-01, 0.0000000E+00
* ELEM  130  line segment
 1, 0, 1680
*
  1.5240000E+01, 1.1520000E+01, 0.0000000E+00, 1.3000000E+00
* ELEM  131  line segment
 1, 0, 1677
*
  1.2820000E+01, 1.5240000E+01, -1.3000000E+00, 0.0000000E+00
* ELEM  132  line segment
 1, 1652, 1677
*
  1.2820000E+01, 1.4485100E+01, 0.0000000E+00, 7.5490000E-01
* ELEM  133  line segment
 1, 1677, 1739
*
  1.2820000E+01, 1.4485100E+01, -1.3000000E+00, 0.0000000E+00
* ELEM  134  line segment
 1, 1654, 1733
*
  1.4485100E+01, 1.2820000E+01, 0.0000000E+00, 5.3500000E-01
* ELEM  135  circular arc
 3, 1733, 1654
*
  1.3355000E+01, 1.3355000E+01, 1.1301000E+00, 0.0000000E+00, 4.2604303E+01
* ELEM  136  line segment
 1, 1662, 1654
*
  1.5240000E+01, 1.4120000E+01, -1.0531941E+00, 0.0000000E+00
* ELEM  137  line segment
 1, 0, 1654
*
  1.5240000E+01, 1.2820000E+01, 0.0000000E+00, 1.3000000E+00
* ELEM  138  line segment
 1, 0, 1652
*
  1.4120000E+01, 1.5240000E+01, -1.3000000E+00, 0.0000000E+00
* ELEM  139  line segment
 1, 1662, 1652
*
  1.4120000E+01, 1.4186806E+01, 0.0000000E+00, 1.0531941E+00
* ELEM  140  circular arc
 3, 1734, 1652
*
  1.3355000E+01, 1.3355000E+01, 1.1301000E+00, 4.7395697E+01, 4.2604303E+01
* ELEM  141  line segment
 1, 1652, 1734
*
  1.3355000E+01, 1.4485100E+01, -5.3500000E-01, 0.0000000E+00
* ELEM  142  circular arc
 3, 1782, 1662
*
  1.3355000E+01, 1.3355000E+01, 1.1301000E+00, 4.2604303E+01, 4.7913947E+00
* ELEM  143  line segment
 1, 0, 1662
*
  1.5240000E+01, 1.5240000E+01, -1.1200000E+00, 0.0000000E+00
* ELEM  144  line segment
 1, 0, 1662
*
  1.5240000E+01, 1.4120000E+01, 0.0000000E+00, 1.1200000E+00
* ELEM  145  line segment
 1, 1780, 1732
*
  1.1200000E+00, 1.4120000E+01, -6.6805873E-02, 0.0000000E+00
* ELEM  146  line segment
 1, 1777, 1732
*
  1.1200000E+00, 1.3943218E+01, 0.0000000E+00, 1.7678235E-01
* ELEM  147  circular arc
 3, 1769, 1732
*
  1.8850000E+00, 1.3355000E+01, 9.6500000E-01, 1.4244289E+02, 3.7557114E+01
* ELEM  148  line segment
 1, 1732, 1769
*
  9.2000000E-01, 1.3355000E+01, 0.0000000E+00, -5.3500000E-01
* ELEM  149  line segment
 1, 1732, 1749
*
  9.2000000E-01, 1.2820000E+01, -1.6510000E-01, 0.0000000E+00
* ELEM  150  line segment
 1, 1749, 1699
*
  9.2000000E-01, 1.2820000E+01, 0.0000000E+00, -1.3000000E+00
* ELEM  151  line segment
 1, 1749, 1748
*
  9.2000000E-01, 1.1520000E+01, -1.6510000E-01, 0.0000000E+00
* ELEM  152  line segment
 1, 1730, 1780
*
  1.1200000E+00, 1.4120000E+01, 0.0000000E+00, 6.6805873E-02
* ELEM  153  line segment
 1, 1748, 1698
*
  9.2000000E-01, 1.1520000E+01, 0.0000000E+00, -1.3000000E+00
* ELEM  154  line segment
 1, 1748, 1764
*
  9.2000000E-01, 1.0220000E+01, -1.6510000E-01, 0.0000000E+00
* ELEM  155  line segment
 1, 1750, 1730
*
  2.4200000E+00, 1.4320000E+01, 0.0000000E+00, 1.6510000E-01
* ELEM  156  line segment
 1, 1730, 1770
*
  2.4200000E+00, 1.4320000E+01, -5.3500000E-01, 0.0000000E+00
* ELEM  157  circular arc
 3, 1770, 1730
*
  1.8850000E+00, 1.3355000E+01, 9.6500000E-01, 9.0000000E+01, 3.7557114E+01
* ELEM  158  line segment
 1, 1777, 1730
*
  1.1200000E+00, 1.4120000E+01, 1.7678235E-01, 0.0000000E+00
* ELEM  159  circular arc
 3, 223, 1777
*
  1.8850000E+00, 1.3355000E+01, 9.6500000E-01, 1.2755711E+02, 1.4885772E+01
* ELEM  160  line segment
 1, 1764, 1709
*
  9.2000000E-01, 1.0220000E+01, 0.0000000E+00, -1.3000000E+00
* ELEM  161  line segment
 1, 1764, 1747
*
  9.2000000E-01, 8.9200000E+00, -1.6510000E-01, 0.0000000E+00
* ELEM  162  line segment
 1, 1747, 1697
*
  9.2000000E-01, 8.9200000E+00, 0.0000000E+00, -1.3000000E+00
* ELEM  163  line segment
 1, 1747, 1763
*
  9.2000000E-01, 7.6200000E+00, -1.6510000E-01, 0.0000000E+00
* ELEM  164  line segment
 1, 1736, 1750
*
  3.7200000E+00, 1.4320000E+01, 0.0000000E+00, 1.6510000E-01
* ELEM  165  line segment
 1, 1750, 1724
*
  3.7200000E+00, 1.4320000E+01, -1.3000000E+00, 0.0000000E+00
* ELEM  166  line segment
 1, 1763, 1705
*
  9.2000000E-01, 7.6200000E+00, 0.0000000E+00, -1.3000000E+00
* ELEM  167  line segment
 1, 1763, 1755
*
  9.2000000E-01, 6.3200000E+00, -1.6510000E-01, 0.0000000E+00
* ELEM  168  line segment
 1, 1742, 1736
*
  5.0200000E+00, 1.4320000E+01, 0.0000000E+00, 1.6510000E-01
* ELEM  169  line segment
 1, 1736, 1714
*
  5.0200000E+00, 1.4320000E+01, -1.3000000E+00, 0.0000000E+00
* ELEM  170  line segment
 1, 1755, 1704
*
  9.2000000E-01, 6.3200000E+00, 0.0000000E+00, -1.3000000E+00
* ELEM  171  line segment
 1, 1755, 1746
*
  9.2000000E-01, 5.0200000E+00, -1.6510000E-01, 0.0000000E+00
* ELEM  172  line segment
 1, 1758, 1742
*
  6.3200000E+00, 1.4320000E+01, 0.0000000E+00, 1.6510000E-01
* ELEM  173  line segment
 1, 1742, 1719
*
  6.3200000E+00, 1.4320000E+01, -1.3000000E+00, 0.0000000E+00
* ELEM  174  line segment
 1, 1746, 1701
*
  9.2000000E-01, 5.0200000E+00, 0.0000000E+00, -1.3000000E+00
* ELEM  175  line segment
 1, 1746, 1759
*
  9.2000000E-01, 3.7200000E+00, -1.6510000E-01, 0.0000000E+00
* ELEM  176  line segment
 1, 1737, 1758
*
  7.6200000E+00, 1.4320000E+01, 0.0000000E+00, 1.6510000E-01
* ELEM  177  line segment
 1, 1758, 1720
*
  7.6200000E+00, 1.4320000E+01, -1.3000000E+00, 0.0000000E+00
* ELEM  178  line segment
 1, 1759, 1706
*
  9.2000000E-01, 3.7200000E+00, 0.0000000E+00, -1.3000000E+00
* ELEM  179  line segment
 1, 1759, 1729
*
  9.2000000E-01, 2.4200000E+00, -1.6510000E-01, 0.0000000E+00
* ELEM  180  line segment
 1, 1762, 1737
*
  8.9200000E+00, 1.4320000E+01, 0.0000000E+00, 1.6510000E-01
* ELEM  181  line segment
 1, 1737, 1710
*
  8.9200000E+00, 1.4320000E+01, -1.3000000E+00, 0.0000000E+00
* ELEM  182  line segment
 1, 1729, 1767
*
  9.2000000E-01, 2.4200000E+00, 0.0000000E+00, -5.3500000E-01
* ELEM  183  circular arc
 3, 1767, 1729
*
  1.8850000E+00, 1.8850000E+00, 9.6500000E-01, 1.8000000E+02, 3.7557114E+01
* ELEM  184  line segment
 1, 1778, 1729
*
  1.1200000E+00, 1.1200000E+00, 0.0000000E+00, 1.7678235E-01
* ELEM  185  line segment
 1, 1729, 1779
*
  1.1200000E+00, 1.1200000E+00, -6.6805873E-02, 0.0000000E+00
* ELEM  186  line segment
 1, 1738, 1762
*
  1.0220000E+01, 1.4320000E+01, 0.0000000E+00, 1.6510000E-01
* ELEM  187  line segment
 1, 1762, 1725
*
  1.0220000E+01, 1.4320000E+01, -1.3000000E+00, 0.0000000E+00
* ELEM  188  line segment
 1, 1739, 1738
*
  1.1520000E+01, 1.4320000E+01, 0.0000000E+00, 1.6510000E-01
* ELEM  189  line segment
 1, 1738, 1711
*
  1.1520000E+01, 1.4320000E+01, -1.3000000E+00, 0.0000000E+00
* ELEM  190  line segment
 1, 1727, 1779
*
  1.1200000E+00, 1.0531941E+00, 0.0000000E+00, 6.6805873E-02
* ELEM  191  line segment
 1, 1734, 1739
*
  1.2820000E+01, 1.4320000E+01, 0.0000000E+00, 1.6510000E-01
* ELEM  192  line segment
 1, 1739, 1712
*
  1.2820000E+01, 1.4320000E+01, -1.3000000E+00, 0.0000000E+00
* ELEM  193  line segment
 1, 1778, 1727
*
  1.2967824E+00, 1.1200000E+00, -1.7678235E-01, 0.0000000E+00
* ELEM  194  circular arc
 3, 1768, 1727
*
  1.8850000E+00, 1.8850000E+00, 9.6500000E-01, 2.3244289E+02, 3.7557114E+01
* ELEM  195  line segment
 1, 1727, 1768
*
  1.8850000E+00, 9.2000000E-01, 5.3500000E-01, 0.0000000E+00
* ELEM  196  line segment
 1, 1756, 1727
*
  2.4200000E+00, 7.5490000E-01, 0.0000000E+00, 1.6510000E-01
* ELEM  197  circular arc
 3, 385, 1778
*
  1.8850000E+00, 1.8850000E+00, 9.6500000E-01, 2.1755711E+02, 1.4885772E+01
* ELEM  198  line segment
 1, 1782, 1734
*
  1.4120000E+01, 1.4120000E+01, 0.0000000E+00, 6.6805873E-02
* ELEM  199  line segment
 1, 1775, 1734
*
  1.3943218E+01, 1.4120000E+01, 1.7678235E-01, 0.0000000E+00
* ELEM  200  circular arc
 3, 1773, 1734
*
  1.3355000E+01, 1.3355000E+01, 9.6500000E-01, 5.2442886E+01, 3.7557114E+01
* ELEM  201  line segment
 1, 1734, 1773
*
  1.3355000E+01, 1.4320000E+01, -5.3500000E-01, 0.0000000E+00
* ELEM  202  line segment
 1, 1756, 1702
*
  2.4200000E+00, 9.2000000E-01, 1.3000000E+00, 0.0000000E+00
* ELEM  203  line segment
 1, 1757, 1756
*
  3.7200000E+00, 7.5490000E-01, 0.0000000E+00, 1.6510000E-01
* ELEM  204  line segment
 1, 1782, 1733
*
  1.4186806E+01, 1.4120000E+01, -6.6805873E-02, 0.0000000E+00
* ELEM  205  line segment
 1, 1757, 1703
*
  3.7200000E+00, 9.2000000E-01, 1.3000000E+00, 0.0000000E+00
* ELEM  206  line segment
 1, 1760, 1757
*
  5.0200000E+00, 7.5490000E-01, 0.0000000E+00, 1.6510000E-01
* ELEM  207  line segment
 1, 1733, 1741
*
  1.4485100E+01, 1.2820000E+01, -1.6510000E-01, 0.0000000E+00
* ELEM  208  line segment
 1, 1733, 1774
*
  1.4320000E+01, 1.2820000E+01, 0.0000000E+00, 5.3500000E-01
* ELEM  209  circular arc
 3, 1774, 1733
*
  1.3355000E+01, 1.3355000E+01, 9.6500000E-01, 0.0000000E+00, 3.7557114E+01
* ELEM  210  line segment
 1, 1775, 1733
*
  1.4120000E+01, 1.4120000E+01, 0.0000000E+00, -1.7678235E-01
* ELEM  211  circular arc
 3, 413, 1775
*
  1.3355000E+01, 1.3355000E+01, 9.6500000E-01, 3.7557114E+01, 1.4885772E+01
* ELEM  212  line segment
 1, 1760, 1707
*
  5.0200000E+00, 9.2000000E-01, 1.3000000E+00, 0.0000000E+00
* ELEM  213  line segment
 1, 1761, 1760
*
  6.3200000E+00, 7.5490000E-01, 0.0000000E+00, 1.6510000E-01
* ELEM  214  line segment
 1, 1761, 1708
*
  6.3200000E+00, 9.2000000E-01, 1.3000000E+00, 0.0000000E+00
* ELEM  215  line segment
 1, 1743, 1761
*
  7.6200000E+00, 7.5490000E-01, 0.0000000E+00, 1.6510000E-01
* ELEM  216  line segment
 1, 1741, 1740
*
  1.4485100E+01, 1.1520000E+01, -1.6510000E-01, 0.0000000E+00
* ELEM  217  line segment
 1, 1741, 1718
*
  1.4320000E+01, 1.1520000E+01, 0.0000000E+00, 1.3000000E+00
* ELEM  218  line segment
 1, 1743, 1700
*
  7.6200000E+00, 9.2000000E-01, 1.3000000E+00, 0.0000000E+00
* ELEM  219  line segment
 1, 1766, 1743
*
  8.9200000E+00, 7.5490000E-01, 0.0000000E+00, 1.6510000E-01
* ELEM  220  line segment
 1, 1740, 1765
*
  1.4485100E+01, 1.0220000E+01, -1.6510000E-01, 0.0000000E+00
* ELEM  221  line segment
 1, 1740, 1717
*
  1.4320000E+01, 1.0220000E+01, 0.0000000E+00, 1.3000000E+00
* ELEM  222  line segment
 1, 1766, 1715
*
  8.9200000E+00, 9.2000000E-01, 1.3000000E+00, 0.0000000E+00
* ELEM  223  line segment
 1, 1751, 1766
*
  1.0220000E+01, 7.5490000E-01, 0.0000000E+00, 1.6510000E-01
* ELEM  224  line segment
 1, 1765, 1735
*
  1.4485100E+01, 8.9200000E+00, -1.6510000E-01, 0.0000000E+00
* ELEM  225  line segment
 1, 1765, 1726
*
  1.4320000E+01, 8.9200000E+00, 0.0000000E+00, 1.3000000E+00
* ELEM  226  line segment
 1, 1751, 1695
*
  1.0220000E+01, 9.2000000E-01, 1.3000000E+00, 0.0000000E+00
* ELEM  227  line segment
 1, 1752, 1751
*
  1.1520000E+01, 7.5490000E-01, 0.0000000E+00, 1.6510000E-01
* ELEM  228  line segment
 1, 1735, 1754
*
  1.4485100E+01, 7.6200000E+00, -1.6510000E-01, 0.0000000E+00
* ELEM  229  line segment
 1, 1735, 1713
*
  1.4320000E+01, 7.6200000E+00, 0.0000000E+00, 1.3000000E+00
* ELEM  230  line segment
 1, 1752, 1696
*
  1.1520000E+01, 9.2000000E-01, 1.3000000E+00, 0.0000000E+00
* ELEM  231  line segment
 1, 1731, 1752
*
  1.2820000E+01, 7.5490000E-01, 0.0000000E+00, 1.6510000E-01
* ELEM  232  line segment
 1, 1754, 1753
*
  1.4485100E+01, 6.3200000E+00, -1.6510000E-01, 0.0000000E+00
* ELEM  233  line segment
 1, 1754, 1723
*
  1.4320000E+01, 6.3200000E+00, 0.0000000E+00, 1.3000000E+00
* ELEM  234  line segment
 1, 1731, 1771
*
  1.2820000E+01, 9.2000000E-01, 5.3500000E-01, 0.0000000E+00
* ELEM  235  circular arc
 3, 1771, 1731
*
  1.3355000E+01, 1.8850000E+00, 9.6500000E-01, 2.7000000E+02, 3.7557114E+01
* ELEM  236  line segment
 1, 1776, 1731
*
  1.4120000E+01, 1.1200000E+00, -1.7678235E-01, 0.0000000E+00
* ELEM  237  line segment
 1, 1781, 1731
*
  1.4120000E+01, 1.0531941E+00, 0.0000000E+00, 6.6805873E-02
* ELEM  238  line segment
 1, 1753, 1745
*
  1.4485100E+01, 5.0200000E+00, -1.6510000E-01, 0.0000000E+00
* ELEM  239  line segment
 1, 1753, 1722
*
  1.4320000E+01, 5.0200000E+00, 0.0000000E+00, 1.3000000E+00
* ELEM  240  line segment
 1, 1745, 1744
*
  1.4485100E+01, 3.7200000E+00, -1.6510000E-01, 0.0000000E+00
* ELEM  241  line segment
 1, 1745, 1716
*
  1.4320000E+01, 3.7200000E+00, 0.0000000E+00, 1.3000000E+00
* ELEM  242  line segment
 1, 1728, 1781
*
  1.4186806E+01, 1.1200000E+00, -6.6805873E-02, 0.0000000E+00
* ELEM  243  line segment
 1, 1744, 1728
*
  1.4485100E+01, 2.4200000E+00, -1.6510000E-01, 0.0000000E+00
* ELEM  244  line segment
 1, 1744, 1721
*
  1.4320000E+01, 2.4200000E+00, 0.0000000E+00, 1.3000000E+00
* ELEM  245  line segment
 1, 1776, 1728
*
  1.4120000E+01, 1.2967824E+00, 0.0000000E+00, -1.7678235E-01
* ELEM  246  circular arc
 3, 1772, 1728
*
  1.3355000E+01, 1.8850000E+00, 9.6500000E-01, 3.2244289E+02, 3.7557114E+01
* ELEM  247  line segment
 1, 1728, 1772
*
  1.4320000E+01, 1.8850000E+00, 0.0000000E+00, 5.3500000E-01
* ELEM  248  circular arc
 3, 335, 1776
*
  1.3355000E+01, 1.8850000E+00, 9.6500000E-01, 3.0755711E+02, 1.4885772E+01
* ELEM  249  line segment
 1, 1706, 1767
*
  1.1200000E+00, 2.4200000E+00, -2.0000000E-01, 0.0000000E+00
* ELEM  250  line segment
 1, 385, 1767
*
  1.1200000E+00, 1.2967824E+00, 0.0000000E+00, 2.0397883E-01
* ELEM  251  line segment
 1, 1767, 388
*
  1.1200000E+00, 2.0392388E+00, 0.0000000E+00, -5.3847763E-01
* ELEM  252  line segment
 1, 391, 1767
*
  1.1200000E+00, 2.0392388E+00, 0.0000000E+00, 3.8076118E-01
* ELEM  253  line segment
 1, 385, 387
*
  1.1200000E+00, 1.5007612E+00, 3.8076118E-01, -3.8076118E-01
* ELEM  254  line segment
 1, 385, 1768
*
  1.5007612E+00, 1.1200000E+00, -2.0397883E-01, 0.0000000E+00
* ELEM  255  line segment
 1, 388, 387
*
  1.2942020E+00, 1.5729180E+00, -1.7420204E-01, -7.2156848E-02
* ELEM  256  circular arc
 3, 397, 387
*
  1.7700000E+00, 1.7700000E+00, 5.1500000E-01, 2.0250000E+02, 4.5000000E+01
* ELEM  257  line segment
 1, 387, 386
*
  1.5729180E+00, 1.2942020E+00, -7.2156848E-02, -1.7420204E-01
* ELEM  258  line segment
 1, 392, 388
*
  1.2942020E+00, 1.9670820E+00, -1.7420204E-01, 7.2156848E-02
* ELEM  259  circular arc
 3, 397, 388
*
  1.7700000E+00, 1.7700000E+00, 5.1500000E-01, 1.5750000E+02, 4.5000000E+01
* ELEM  260  line segment
 1, 391, 392
*
  1.5007612E+00, 2.4200000E+00, -3.8076118E-01, -3.8076118E-01
* ELEM  261  line segment
 1, 394, 392
*
  1.5729180E+00, 2.2457980E+00, -7.2156848E-02, 1.7420204E-01
* ELEM  262  circular arc
 3, 397, 392
*
  1.7700000E+00, 1.7700000E+00, 5.1500000E-01, 1.1250000E+02, 4.5000000E+01
* ELEM  263  line segment
 1, 1525, 391
*
  1.5007612E+00, 2.4200000E+00, -3.8076118E-01, 0.0000000E+00
* ELEM  264  circular arc
 3, 397, 386
*
  1.7700000E+00, 1.7700000E+00, 5.1500000E-01, 2.4750000E+02, 4.5000000E+01
* ELEM  265  line segment
 1, 386, 390
*
  1.9670820E+00, 1.2942020E+00, 7.2156848E-02, -1.7420204E-01
* ELEM  266  line segment
 1, 1768, 386
*
  1.5007612E+00, 1.1200000E+00, 5.3847763E-01, 0.0000000E+00
* ELEM  267  circular arc
 3, 397, 393
*
  1.7700000E+00, 1.7700000E+00, 5.1500000E-01, 0.0000000E+00, 2.2500000E+01
* ELEM  268  circular arc
 3, 397, 396
*
  1.7700000E+00, 1.7700000E+00, 5.1500000E-01, 2.2500000E+01, 4.5000000E+01
* ELEM  269  circular arc
 3, 397, 394
*
  1.7700000E+00, 1.7700000E+00, 5.1500000E-01, 6.7500000E+01, 4.5000000E+01
* ELEM  270  circular arc
 3, 397, 390
*
  1.7700000E+00, 1.7700000E+00, 5.1500000E-01, 2.9250000E+02, 4.5000000E+01
* ELEM  271  circular arc
 3, 397, 393
*
  1.7700000E+00, 1.7700000E+00, 5.1500000E-01, 3.3750000E+02, 2.2500000E+01
* ELEM  272  circle
 2, 398, 397
*
  1.7700000E+00, 1.7700000E+00, 4.4700000E-01, 0.0000000E+00
* ELEM  273  line segment
 1, 1525, 1706
*
  1.1200000E+00, 2.4200000E+00, 0.0000000E+00, 3.8076118E-01
* ELEM  274  line segment
 1, 1525, 1527
*
  1.1200000E+00, 2.8007612E+00, 3.8076118E-01, -3.8076118E-01
* ELEM  275  line segment
 1, 1526, 394
*
  2.0392388E+00, 2.4200000E+00, -5.3847763E-01, 0.0000000E+00
* ELEM  276  line segment
 1, 396, 394
*
  1.9670820E+00, 2.2457980E+00, 7.2156848E-02, 1.7420204E-01
* ELEM  277  line segment
 1, 1527, 1526
*
  1.5729180E+00, 2.5942020E+00, -7.2156848E-02, -1.7420204E-01
* ELEM  278  circular arc
 3, 1537, 1526
*
  1.7700000E+00, 3.0700000E+00, 5.1500000E-01, 2.4750000E+02, 4.5000000E+01
* ELEM  279  line segment
 1, 1526, 1530
*
  1.9670820E+00, 2.5942020E+00, 7.2156848E-02, -1.7420204E-01
* ELEM  280  line segment
 1, 1528, 1527
*
  1.2942020E+00, 2.8729180E+00, -1.7420204E-01, -7.2156848E-02
* ELEM  281  circular arc
 3, 1537, 1527
*
  1.7700000E+00, 3.0700000E+00, 5.1500000E-01, 2.0250000E+02, 4.5000000E+01
* ELEM  282  line segment
 1, 389, 390
*
  2.0392388E+00, 1.1200000E+00, 3.8076118E-01, 3.8076118E-01
* ELEM  283  line segment
 1, 389, 367
*
  2.4200000E+00, 1.5007612E+00, 0.0000000E+00, -3.8076118E-01
* ELEM  284  line segment
 1, 389, 1768
*
  2.4200000E+00, 1.1200000E+00, -3.8076118E-01, 0.0000000E+00
* ELEM  285  line segment
 1, 390, 393
*
  2.2457980E+00, 1.5729180E+00, 1.7420204E-01, -7.2156848E-02
* ELEM  286  line segment
 1, 1706, 1528
*
  1.1200000E+00, 3.3392388E+00, 0.0000000E+00, -5.3847763E-01
* ELEM  287  line segment
 1, 1532, 1528
*
  1.2942020E+00, 3.2670820E+00, -1.7420204E-01, 7.2156848E-02
* ELEM  288  circular arc
 3, 1537, 1528
*
  1.7700000E+00, 3.0700000E+00, 5.1500000E-01, 1.5750000E+02, 4.5000000E+01
* ELEM  289  line segment
 1, 393, 396
*
  2.2457980E+00, 1.9670820E+00, 1.7420204E-01, 7.2156848E-02
* ELEM  290  line segment
 1, 395, 396
*
  2.4200000E+00, 2.0392388E+00, -3.8076118E-01, 3.8076118E-01
* ELEM  291  line segment
 1, 1529, 395
*
  2.4200000E+00, 2.4200000E+00, -3.8076118E-01, 0.0000000E+00
* ELEM  292  line segment
 1, 395, 373
*
  2.4200000E+00, 2.4200000E+00, 0.0000000E+00, -3.8076118E-01
* ELEM  293  line segment
 1, 1529, 1530
*
  2.0392388E+00, 2.4200000E+00, 3.8076118E-01, 3.8076118E-01
* ELEM  294  line segment
 1, 1529, 183
*
  2.4200000E+00, 2.8007612E+00, 0.0000000E+00, -3.8076118E-01
* ELEM  295  circular arc
 3, 1537, 1530
*
  1.7700000E+00, 3.0700000E+00, 5.1500000E-01, 2.9250000E+02, 4.5000000E+01
* ELEM  296  line segment
 1, 1530, 1533
*
  2.2457980E+00, 2.8729180E+00, 1.7420204E-01, -7.2156848E-02
* ELEM  297  circular arc
 3, 1537, 1533
*
  1.7700000E+00, 3.0700000E+00, 5.1500000E-01, 0.0000000E+00, 2.2500000E+01
* ELEM  298  circular arc
 3, 1537, 1536
*
  1.7700000E+00, 3.0700000E+00, 5.1500000E-01, 2.2500000E+01, 4.5000000E+01
* ELEM  299  circular arc
 3, 1537, 1534
*
  1.7700000E+00, 3.0700000E+00, 5.1500000E-01, 6.7500000E+01, 4.5000000E+01
* ELEM  300  circular arc
 3, 1537, 1532
*
  1.7700000E+00, 3.0700000E+00, 5.1500000E-01, 1.1250000E+02, 4.5000000E+01
* ELEM  301  circular arc
 3, 1537, 1533
*
  1.7700000E+00, 3.0700000E+00, 5.1500000E-01, 3.3750000E+02, 2.2500000E+01
* ELEM  302  circle
 2, 1538, 1537
*
  1.7700000E+00, 3.0700000E+00, 4.4700000E-01, 0.0000000E+00
* ELEM  303  line segment
 1, 367, 369
*
  2.4200000E+00, 1.5007612E+00, 3.8076118E-01, -3.8076118E-01
* ELEM  304  line segment
 1, 367, 1702
*
  2.8007612E+00, 1.1200000E+00, -3.8076118E-01, 0.0000000E+00
* ELEM  305  line segment
 1, 370, 369
*
  2.5942020E+00, 1.5729180E+00, -1.7420204E-01, -7.2156848E-02
* ELEM  306  circular arc
 3, 379, 369
*
  3.0700000E+00, 1.7700000E+00, 5.1500000E-01, 2.0250000E+02, 4.5000000E+01
* ELEM  307  line segment
 1, 369, 368
*
  2.8729180E+00, 1.2942020E+00, -7.2156848E-02, -1.7420204E-01
* ELEM  308  line segment
 1, 393, 370
*
  2.4200000E+00, 2.0392388E+00, 0.0000000E+00, -5.3847763E-01
* ELEM  309  line segment
 1, 374, 370
*
  2.5942020E+00, 1.9670820E+00, -1.7420204E-01, 7.2156848E-02
* ELEM  310  circular arc
 3, 379, 370
*
  3.0700000E+00, 1.7700000E+00, 5.1500000E-01, 1.5750000E+02, 4.5000000E+01
* ELEM  311  line segment
 1, 1531, 1532
*
  1.5007612E+00, 3.7200000E+00, -3.8076118E-01, -3.8076118E-01
* ELEM  312  line segment
 1, 1534, 1532
*
  1.5729180E+00, 3.5457980E+00, -7.2156848E-02, 1.7420204E-01
* ELEM  313  line segment
 1, 1531, 1706
*
  1.1200000E+00, 3.3392388E+00, 0.0000000E+00, 3.8076118E-01
* ELEM  314  line segment
 1, 1531, 1451
*
  1.1200000E+00, 3.7200000E+00, 3.8076118E-01, 0.0000000E+00
* ELEM  315  line segment
 1, 373, 374
*
  2.8007612E+00, 2.4200000E+00, -3.8076118E-01, -3.8076118E-01
* ELEM  316  line segment
 1, 376, 374
*
  2.8729180E+00, 2.2457980E+00, -7.2156848E-02, 1.7420204E-01
* ELEM  317  circular arc
 3, 379, 374
*
  3.0700000E+00, 1.7700000E+00, 5.1500000E-01, 1.1250000E+02, 4.5000000E+01
* ELEM  318  line segment
 1, 373, 183
*
  2.4200000E+00, 2.4200000E+00, 3.8076118E-01, 0.0000000E+00
* ELEM  319  line segment
 1, 183, 185
*
  2.4200000E+00, 2.8007612E+00, 3.8076118E-01, -3.8076118E-01
* ELEM  320  line segment
 1, 186, 185
*
  2.5942020E+00, 2.8729180E+00, -1.7420204E-01, -7.2156848E-02
* ELEM  321  circular arc
 3, 195, 185
*
  3.0700000E+00, 3.0700000E+00, 5.1500000E-01, 2.0250000E+02, 4.5000000E+01
* ELEM  322  line segment
 1, 185, 184
*
  2.8729180E+00, 2.5942020E+00, -7.2156848E-02, -1.7420204E-01
* ELEM  323  line segment
 1, 1533, 186
*
  2.4200000E+00, 3.3392388E+00, 0.0000000E+00, -5.3847763E-01
* ELEM  324  line segment
 1, 190, 186
*
  2.5942020E+00, 3.2670820E+00, -1.7420204E-01, 7.2156848E-02
* ELEM  325  circular arc
 3, 195, 186
*
  3.0700000E+00, 3.0700000E+00, 5.1500000E-01, 1.5750000E+02, 4.5000000E+01
* ELEM  326  line segment
 1, 1533, 1536
*
  2.2457980E+00, 3.2670820E+00, 1.7420204E-01, 7.2156848E-02
* ELEM  327  circular arc
 3, 379, 368
*
  3.0700000E+00, 1.7700000E+00, 5.1500000E-01, 2.4750000E+02, 4.5000000E+01
* ELEM  328  line segment
 1, 368, 372
*
  3.2670820E+00, 1.2942020E+00, 7.2156848E-02, -1.7420204E-01
* ELEM  329  line segment
 1, 1702, 368
*
  2.8007612E+00, 1.1200000E+00, 5.3847763E-01, 0.0000000E+00
* ELEM  330  circular arc
 3, 379, 375
*
  3.0700000E+00, 1.7700000E+00, 5.1500000E-01, 0.0000000E+00, 2.2500000E+01
* ELEM  331  circular arc
 3, 379, 378
*
  3.0700000E+00, 1.7700000E+00, 5.1500000E-01, 2.2500000E+01, 4.5000000E+01
* ELEM  332  circular arc
 3, 379, 376
*
  3.0700000E+00, 1.7700000E+00, 5.1500000E-01, 6.7500000E+01, 4.5000000E+01
* ELEM  333  circular arc
 3, 379, 372
*
  3.0700000E+00, 1.7700000E+00, 5.1500000E-01, 2.9250000E+02, 4.5000000E+01
* ELEM  334  circular arc
 3, 379, 375
*
  3.0700000E+00, 1.7700000E+00, 5.1500000E-01, 3.3750000E+02, 2.2500000E+01
* ELEM  335  circle
 2, 380, 379
*
  3.0700000E+00, 1.7700000E+00, 4.4700000E-01, 0.0000000E+00
* ELEM  336  line segment
 1, 1451, 1701
*
  1.1200000E+00, 3.7200000E+00, 0.0000000E+00, 3.8076118E-01
* ELEM  337  line segment
 1, 1451, 1453
*
  1.1200000E+00, 4.1007612E+00, 3.8076118E-01, -3.8076118E-01
* ELEM  338  line segment
 1, 1454, 1453
*
  1.2942020E+00, 4.1729180E+00, -1.7420204E-01, -7.2156848E-02
* ELEM  339  circular arc
 3, 1463, 1453
*
  1.7700000E+00, 4.3700000E+00, 5.1500000E-01, 2.0250000E+02, 4.5000000E+01
* ELEM  340  line segment
 1, 1453, 1452
*
  1.5729180E+00, 3.8942020E+00, -7.2156848E-02, -1.7420204E-01
* ELEM  341  circular arc
 3, 1463, 1452
*
  1.7700000E+00, 4.3700000E+00, 5.1500000E-01, 2.4750000E+02, 4.5000000E+01
* ELEM  342  line segment
 1, 1452, 1456
*
  1.9670820E+00, 3.8942020E+00, 7.2156848E-02, -1.7420204E-01
* ELEM  343  line segment
 1, 1534, 1452
*
  1.5007612E+00, 3.7200000E+00, 5.3847763E-01, 0.0000000E+00
* ELEM  344  line segment
 1, 1536, 1534
*
  1.9670820E+00, 3.5457980E+00, 7.2156848E-02, 1.7420204E-01
* ELEM  345  circular arc
 3, 195, 184
*
  3.0700000E+00, 3.0700000E+00, 5.1500000E-01, 2.4750000E+02, 4.5000000E+01
* ELEM  346  line segment
 1, 184, 188
*
  3.2670820E+00, 2.5942020E+00, 7.2156848E-02, -1.7420204E-01
* ELEM  347  line segment
 1, 376, 184
*
  2.8007612E+00, 2.4200000E+00, 5.3847763E-01, 0.0000000E+00
* ELEM  348  line segment
 1, 378, 376
*
  3.2670820E+00, 2.2457980E+00, 7.2156848E-02, 1.7420204E-01
* ELEM  349  circular arc
 3, 195, 191
*
  3.0700000E+00, 3.0700000E+00, 5.1500000E-01, 0.0000000E+00, 2.2500000E+01
* ELEM  350  circular arc
 3, 195, 194
*
  3.0700000E+00, 3.0700000E+00, 5.1500000E-01, 2.2500000E+01, 4.5000000E+01
* ELEM  351  circular arc
 3, 195, 192
*
  3.0700000E+00, 3.0700000E+00, 5.1500000E-01, 6.7500000E+01, 4.5000000E+01
* ELEM  352  circular arc
 3, 195, 190
*
  3.0700000E+00, 3.0700000E+00, 5.1500000E-01, 1.1250000E+02, 4.5000000E+01
* ELEM  353  circular arc
 3, 195, 188
*
  3.0700000E+00, 3.0700000E+00, 5.1500000E-01, 2.9250000E+02, 4.5000000E+01
* ELEM  354  circular arc
 3, 195, 191
*
  3.0700000E+00, 3.0700000E+00, 5.1500000E-01, 3.3750000E+02, 2.2500000E+01
* ELEM  355  circle
 2, 196, 195
*
  3.0700000E+00, 3.0700000E+00, 2.5750000E-01, 0.0000000E+00
* ELEM  356  line segment
 1, 189, 190
*
  2.8007612E+00, 3.7200000E+00, -3.8076118E-01, -3.8076118E-01
* ELEM  357  line segment
 1, 192, 190
*
  2.8729180E+00, 3.5457980E+00, -7.2156848E-02, 1.7420204E-01
* ELEM  358  line segment
 1, 1535, 1536
*
  2.4200000E+00, 3.3392388E+00, -3.8076118E-01, 3.8076118E-01
* ELEM  359  line segment
 1, 1535, 1455
*
  2.0392388E+00, 3.7200000E+00, 3.8076118E-01, 0.0000000E+00
* ELEM  360  line segment
 1, 1535, 189
*
  2.4200000E+00, 3.7200000E+00, 0.0000000E+00, -3.8076118E-01
* ELEM  361  line segment
 1, 1431, 189
*
  2.8007612E+00, 3.7200000E+00, -3.8076118E-01, 0.0000000E+00
* ELEM  362  line segment
 1, 371, 372
*
  3.3392388E+00, 1.1200000E+00, 3.8076118E-01, 3.8076118E-01
* ELEM  363  line segment
 1, 371, 349
*
  3.7200000E+00, 1.5007612E+00, 0.0000000E+00, -3.8076118E-01
* ELEM  364  line segment
 1, 371, 1702
*
  3.7200000E+00, 1.1200000E+00, -3.8076118E-01, 0.0000000E+00
* ELEM  365  line segment
 1, 372, 375
*
  3.5457980E+00, 1.5729180E+00, 1.7420204E-01, -7.2156848E-02
* ELEM  366  line segment
 1, 1701, 1454
*
  1.1200000E+00, 4.6392388E+00, 0.0000000E+00, -5.3847763E-01
* ELEM  367  line segment
 1, 1458, 1454
*
  1.2942020E+00, 4.5670820E+00, -1.7420204E-01, 7.2156848E-02
* ELEM  368  circular arc
 3, 1463, 1454
*
  1.7700000E+00, 4.3700000E+00, 5.1500000E-01, 1.5750000E+02, 4.5000000E+01
* ELEM  369  circular arc
 3, 1463, 1459
*
  1.7700000E+00, 4.3700000E+00, 5.1500000E-01, 0.0000000E+00, 2.2500000E+01
* ELEM  370  circular arc
 3, 1463, 1462
*
  1.7700000E+00, 4.3700000E+00, 5.1500000E-01, 2.2500000E+01, 4.5000000E+01
* ELEM  371  circular arc
 3, 1463, 1460
*
  1.7700000E+00, 4.3700000E+00, 5.1500000E-01, 6.7500000E+01, 4.5000000E+01
* ELEM  372  circular arc
 3, 1463, 1458
*
  1.7700000E+00, 4.3700000E+00, 5.1500000E-01, 1.1250000E+02, 4.5000000E+01
* ELEM  373  circular arc
 3, 1463, 1456
*
  1.7700000E+00, 4.3700000E+00, 5.1500000E-01, 2.9250000E+02, 4.5000000E+01
* ELEM  374  circular arc
 3, 1463, 1459
*
  1.7700000E+00, 4.3700000E+00, 5.1500000E-01, 3.3750000E+02, 2.2500000E+01
* ELEM  375  circle
 2, 1464, 1463
*
  1.7700000E+00, 4.3700000E+00, 4.4700000E-01, 0.0000000E+00
* ELEM  376  line segment
 1, 1456, 1459
*
  2.2457980E+00, 4.1729180E+00, 1.7420204E-01, -7.2156848E-02
* ELEM  377  line segment
 1, 1455, 1456
*
  2.0392388E+00, 3.7200000E+00, 3.8076118E-01, 3.8076118E-01
* ELEM  378  line segment
 1, 1455, 1431
*
  2.4200000E+00, 4.1007612E+00, 0.0000000E+00, -3.8076118E-01
* ELEM  379  line segment
 1, 188, 191
*
  3.5457980E+00, 2.8729180E+00, 1.7420204E-01, -7.2156848E-02
* ELEM  380  line segment
 1, 187, 188
*
  3.3392388E+00, 2.4200000E+00, 3.8076118E-01, 3.8076118E-01
* ELEM  381  line segment
 1, 311, 187
*
  3.7200000E+00, 2.4200000E+00, 0.0000000E+00, 3.8076118E-01
* ELEM  382  line segment
 1, 377, 187
*
  3.3392388E+00, 2.4200000E+00, 3.8076118E-01, 0.0000000E+00
* ELEM  383  line segment
 1, 375, 378
*
  3.5457980E+00, 1.9670820E+00, 1.7420204E-01, 7.2156848E-02
* ELEM  384  line segment
 1, 377, 378
*
  3.7200000E+00, 2.0392388E+00, -3.8076118E-01, 3.8076118E-01
* ELEM  385  line segment
 1, 377, 355
*
  3.7200000E+00, 2.4200000E+00, 0.0000000E+00, -3.8076118E-01
* ELEM  386  line segment
 1, 1431, 1433
*
  2.4200000E+00, 4.1007612E+00, 3.8076118E-01, -3.8076118E-01
* ELEM  387  line segment
 1, 1432, 192
*
  3.3392388E+00, 3.7200000E+00, -5.3847763E-01, 0.0000000E+00
* ELEM  388  line segment
 1, 194, 192
*
  3.2670820E+00, 3.5457980E+00, 7.2156848E-02, 1.7420204E-01
* ELEM  389  line segment
 1, 1433, 1432
*
  2.8729180E+00, 3.8942020E+00, -7.2156848E-02, -1.7420204E-01
* ELEM  390  circular arc
 3, 1443, 1432
*
  3.0700000E+00, 4.3700000E+00, 5.1500000E-01, 2.4750000E+02, 4.5000000E+01
* ELEM  391  line segment
 1, 1432, 1436
*
  3.2670820E+00, 3.8942020E+00, 7.2156848E-02, -1.7420204E-01
* ELEM  392  line segment
 1, 1434, 1433
*
  2.5942020E+00, 4.1729180E+00, -1.7420204E-01, -7.2156848E-02
* ELEM  393  circular arc
 3, 1443, 1433
*
  3.0700000E+00, 4.3700000E+00, 5.1500000E-01, 2.0250000E+02, 4.5000000E+01
* ELEM  394  line segment
 1, 349, 351
*
  3.7200000E+00, 1.5007612E+00, 3.8076118E-01, -3.8076118E-01
* ELEM  395  line segment
 1, 349, 1703
*
  4.1007612E+00, 1.1200000E+00, -3.8076118E-01, 0.0000000E+00
* ELEM  396  line segment
 1, 352, 351
*
  3.8942020E+00, 1.5729180E+00, -1.7420204E-01, -7.2156848E-02
* ELEM  397  circular arc
 3, 361, 351
*
  4.3700000E+00, 1.7700000E+00, 5.1500000E-01, 2.0250000E+02, 4.5000000E+01
* ELEM  398  line segment
 1, 351, 350
*
  4.1729180E+00, 1.2942020E+00, -7.2156848E-02, -1.7420204E-01
* ELEM  399  line segment
 1, 375, 352
*
  3.7200000E+00, 2.0392388E+00, 0.0000000E+00, -5.3847763E-01
* ELEM  400  line segment
 1, 356, 352
*
  3.8942020E+00, 1.9670820E+00, -1.7420204E-01, 7.2156848E-02
* ELEM  401  circular arc
 3, 361, 352
*
  4.3700000E+00, 1.7700000E+00, 5.1500000E-01, 1.5750000E+02, 4.5000000E+01
* ELEM  402  line segment
 1, 1457, 1458
*
  1.5007612E+00, 5.0200000E+00, -3.8076118E-01, -3.8076118E-01
* ELEM  403  line segment
 1, 1460, 1458
*
  1.5729180E+00, 4.8457980E+00, -7.2156848E-02, 1.7420204E-01
* ELEM  404  line segment
 1, 1457, 1701
*
  1.1200000E+00, 4.6392388E+00, 0.0000000E+00, 3.8076118E-01
* ELEM  405  line segment
 1, 1457, 1285
*
  1.1200000E+00, 5.0200000E+00, 3.8076118E-01, 0.0000000E+00
* ELEM  406  line segment
 1, 1459, 1434
*
  2.4200000E+00, 4.6392388E+00, 0.0000000E+00, -5.3847763E-01
* ELEM  407  line segment
 1, 1438, 1434
*
  2.5942020E+00, 4.5670820E+00, -1.7420204E-01, 7.2156848E-02
* ELEM  408  circular arc
 3, 1443, 1434
*
  3.0700000E+00, 4.3700000E+00, 5.1500000E-01, 1.5750000E+02, 4.5000000E+01
* ELEM  409  line segment
 1, 1459, 1462
*
  2.2457980E+00, 4.5670820E+00, 1.7420204E-01, 7.2156848E-02
* ELEM  410  line segment
 1, 311, 313
*
  3.7200000E+00, 2.8007612E+00, 3.8076118E-01, -3.8076118E-01
* ELEM  411  line segment
 1, 355, 311
*
  3.7200000E+00, 2.4200000E+00, 3.8076118E-01, 0.0000000E+00
* ELEM  412  line segment
 1, 191, 194
*
  3.5457980E+00, 3.2670820E+00, 1.7420204E-01, 7.2156848E-02
* ELEM  413  line segment
 1, 314, 191
*
  3.7200000E+00, 2.8007612E+00, 0.0000000E+00, 5.3847763E-01
* ELEM  414  line segment
 1, 314, 313
*
  3.8942020E+00, 2.8729180E+00, -1.7420204E-01, -7.2156848E-02
* ELEM  415  circular arc
 3, 323, 313
*
  4.3700000E+00, 3.0700000E+00, 5.1500000E-01, 2.0250000E+02, 4.5000000E+01
* ELEM  416  line segment
 1, 313, 312
*
  4.1729180E+00, 2.5942020E+00, -7.2156848E-02, -1.7420204E-01
* ELEM  417  line segment
 1, 318, 314
*
  3.8942020E+00, 3.2670820E+00, -1.7420204E-01, 7.2156848E-02
* ELEM  418  circular arc
 3, 323, 314
*
  4.3700000E+00, 3.0700000E+00, 5.1500000E-01, 1.5750000E+02, 4.5000000E+01
* ELEM  419  line segment
 1, 355, 356
*
  4.1007612E+00, 2.4200000E+00, -3.8076118E-01, -3.8076118E-01
* ELEM  420  line segment
 1, 358, 356
*
  4.1729180E+00, 2.2457980E+00, -7.2156848E-02, 1.7420204E-01
* ELEM  421  circular arc
 3, 361, 356
*
  4.3700000E+00, 1.7700000E+00, 5.1500000E-01, 1.1250000E+02, 4.5000000E+01
* ELEM  422  line segment
 1, 193, 194
*
  3.7200000E+00, 3.3392388E+00, -3.8076118E-01, 3.8076118E-01
* ELEM  423  line segment
 1, 1435, 193
*
  3.7200000E+00, 3.7200000E+00, -3.8076118E-01, 0.0000000E+00
* ELEM  424  line segment
 1, 317, 193
*
  3.7200000E+00, 3.3392388E+00, 0.0000000E+00, 3.8076118E-01
* ELEM  425  line segment
 1, 1435, 1436
*
  3.3392388E+00, 3.7200000E+00, 3.8076118E-01, 3.8076118E-01
* ELEM  426  line segment
 1, 1435, 273
*
  3.7200000E+00, 4.1007612E+00, 0.0000000E+00, -3.8076118E-01
* ELEM  427  circular arc
 3, 1443, 1436
*
  3.0700000E+00, 4.3700000E+00, 5.1500000E-01, 2.9250000E+02, 4.5000000E+01
* ELEM  428  line segment
 1, 1436, 1439
*
  3.5457980E+00, 4.1729180E+00, 1.7420204E-01, -7.2156848E-02
* ELEM  429  circular arc
 3, 1443, 1439
*
  3.0700000E+00, 4.3700000E+00, 5.1500000E-01, 0.0000000E+00, 2.2500000E+01
* ELEM  430  circular arc
 3, 1443, 1442
*
  3.0700000E+00, 4.3700000E+00, 5.1500000E-01, 2.2500000E+01, 4.5000000E+01
* ELEM  431  circular arc
 3, 1443, 1440
*
  3.0700000E+00, 4.3700000E+00, 5.1500000E-01, 6.7500000E+01, 4.5000000E+01
* ELEM  432  circular arc
 3, 1443, 1438
*
  3.0700000E+00, 4.3700000E+00, 5.1500000E-01, 1.1250000E+02, 4.5000000E+01
* ELEM  433  circular arc
 3, 1443, 1439
*
  3.0700000E+00, 4.3700000E+00, 5.1500000E-01, 3.3750000E+02, 2.2500000E+01
* ELEM  434  circle
 2, 1444, 1443
*
  3.0700000E+00, 4.3700000E+00, 4.4700000E-01, 0.0000000E+00
* ELEM  435  circular arc
 3, 361, 350
*
  4.3700000E+00, 1.7700000E+00, 5.1500000E-01, 2.4750000E+02, 4.5000000E+01
* ELEM  436  line segment
 1, 350, 354
*
  4.5670820E+00, 1.2942020E+00, 7.2156848E-02, -1.7420204E-01
* ELEM  437  line segment
 1, 1703, 350
*
  4.1007612E+00, 1.1200000E+00, 5.3847763E-01, 0.0000000E+00
* ELEM  438  circular arc
 3, 361, 357
*
  4.3700000E+00, 1.7700000E+00, 5.1500000E-01, 0.0000000E+00, 2.2500000E+01
* ELEM  439  circular arc
 3, 361, 360
*
  4.3700000E+00, 1.7700000E+00, 5.1500000E-01, 2.2500000E+01, 4.5000000E+01
* ELEM  440  circular arc
 3, 361, 358
*
  4.3700000E+00, 1.7700000E+00, 5.1500000E-01, 6.7500000E+01, 4.5000000E+01
* ELEM  441  circular arc
 3, 361, 354
*
  4.3700000E+00, 1.7700000E+00, 5.1500000E-01, 2.9250000E+02, 4.5000000E+01
* ELEM  442  circular arc
 3, 361, 357
*
  4.3700000E+00, 1.7700000E+00, 5.1500000E-01, 3.3750000E+02, 2.2500000E+01
* ELEM  443  circle
 2, 362, 361
*
  4.3700000E+00, 1.7700000E+00, 4.4700000E-01, 0.0000000E+00
* ELEM  444  line segment
 1, 1285, 1704
*
  1.1200000E+00, 5.0200000E+00, 0.0000000E+00, 3.8076118E-01
* ELEM  445  line segment
 1, 1285, 1287
*
  1.1200000E+00, 5.4007612E+00, 3.8076118E-01, -3.8076118E-01
* ELEM  446  line segment
 1, 1288, 1287
*
  1.2942020E+00, 5.4729180E+00, -1.7420204E-01, -7.2156848E-02
* ELEM  447  circular arc
 3, 1297, 1287
*
  1.7700000E+00, 5.6700000E+00, 5.1500000E-01, 2.0250000E+02, 4.5000000E+01
* ELEM  448  line segment
 1, 1287, 1286
*
  1.5729180E+00, 5.1942020E+00, -7.2156848E-02, -1.7420204E-01
* ELEM  449  circular arc
 3, 1297, 1286
*
  1.7700000E+00, 5.6700000E+00, 5.1500000E-01, 2.4750000E+02, 4.5000000E+01
* ELEM  450  line segment
 1, 1286, 1290
*
  1.9670820E+00, 5.1942020E+00, 7.2156848E-02, -1.7420204E-01
* ELEM  451  line segment
 1, 1460, 1286
*
  1.5007612E+00, 5.0200000E+00, 5.3847763E-01, 0.0000000E+00
* ELEM  452  line segment
 1, 1462, 1460
*
  1.9670820E+00, 4.8457980E+00, 7.2156848E-02, 1.7420204E-01
* ELEM  453  line segment
 1, 1437, 1438
*
  2.8007612E+00, 5.0200000E+00, -3.8076118E-01, -3.8076118E-01
* ELEM  454  line segment
 1, 1440, 1438
*
  2.8729180E+00, 4.8457980E+00, -7.2156848E-02, 1.7420204E-01
* ELEM  455  line segment
 1, 1461, 1462
*
  2.4200000E+00, 4.6392388E+00, -3.8076118E-01, 3.8076118E-01
* ELEM  456  line segment
 1, 1461, 1289
*
  2.0392388E+00, 5.0200000E+00, 3.8076118E-01, 0.0000000E+00
* ELEM  457  line segment
 1, 1461, 1437
*
  2.4200000E+00, 5.0200000E+00, 0.0000000E+00, -3.8076118E-01
* ELEM  458  line segment
 1, 1437, 127
*
  2.4200000E+00, 5.0200000E+00, 3.8076118E-01, 0.0000000E+00
* ELEM  459  line segment
 1, 317, 318
*
  4.1007612E+00, 3.7200000E+00, -3.8076118E-01, -3.8076118E-01
* ELEM  460  line segment
 1, 320, 318
*
  4.1729180E+00, 3.5457980E+00, -7.2156848E-02, 1.7420204E-01
* ELEM  461  circular arc
 3, 323, 318
*
  4.3700000E+00, 3.0700000E+00, 5.1500000E-01, 1.1250000E+02, 4.5000000E+01
* ELEM  462  line segment
 1, 317, 273
*
  3.7200000E+00, 3.7200000E+00, 3.8076118E-01, 0.0000000E+00
* ELEM  463  circular arc
 3, 323, 312
*
  4.3700000E+00, 3.0700000E+00, 5.1500000E-01, 2.4750000E+02, 4.5000000E+01
* ELEM  464  line segment
 1, 312, 316
*
  4.5670820E+00, 2.5942020E+00, 7.2156848E-02, -1.7420204E-01
* ELEM  465  line segment
 1, 358, 312
*
  4.1007612E+00, 2.4200000E+00, 5.3847763E-01, 0.0000000E+00
* ELEM  466  line segment
 1, 360, 358
*
  4.5670820E+00, 2.2457980E+00, 7.2156848E-02, 1.7420204E-01
* ELEM  467  circular arc
 3, 323, 319
*
  4.3700000E+00, 3.0700000E+00, 5.1500000E-01, 0.0000000E+00, 2.2500000E+01
* ELEM  468  circular arc
 3, 323, 322
*
  4.3700000E+00, 3.0700000E+00, 5.1500000E-01, 2.2500000E+01, 4.5000000E+01
* ELEM  469  circular arc
 3, 323, 320
*
  4.3700000E+00, 3.0700000E+00, 5.1500000E-01, 6.7500000E+01, 4.5000000E+01
* ELEM  470  circular arc
 3, 323, 316
*
  4.3700000E+00, 3.0700000E+00, 5.1500000E-01, 2.9250000E+02, 4.5000000E+01
* ELEM  471  circular arc
 3, 323, 319
*
  4.3700000E+00, 3.0700000E+00, 5.1500000E-01, 3.3750000E+02, 2.2500000E+01
* ELEM  472  circle
 2, 324, 323
*
  4.3700000E+00, 3.0700000E+00, 4.4700000E-01, 0.0000000E+00
* ELEM  473  line segment
 1, 273, 275
*
  3.7200000E+00, 4.1007612E+00, 3.8076118E-01, -3.8076118E-01
* ELEM  474  line segment
 1, 276, 275
*
  3.8942020E+00, 4.1729180E+00, -1.7420204E-01, -7.2156848E-02
* ELEM  475  circular arc
 3, 285, 275
*
  4.3700000E+00, 4.3700000E+00, 5.1500000E-01, 2.0250000E+02, 4.5000000E+01
* ELEM  476  line segment
 1, 275, 274
*
  4.1729180E+00, 3.8942020E+00, -7.2156848E-02, -1.7420204E-01
* ELEM  477  line segment
 1, 1439, 276
*
  3.7200000E+00, 4.6392388E+00, 0.0000000E+00, -5.3847763E-01
* ELEM  478  line segment
 1, 280, 276
*
  3.8942020E+00, 4.5670820E+00, -1.7420204E-01, 7.2156848E-02
* ELEM  479  circular arc
 3, 285, 276
*
  4.3700000E+00, 4.3700000E+00, 5.1500000E-01, 1.5750000E+02, 4.5000000E+01
* ELEM  480  line segment
 1, 1439, 1442
*
  3.5457980E+00, 4.5670820E+00, 1.7420204E-01, 7.2156848E-02
* ELEM  481  line segment
 1, 353, 354
*
  4.6392388E+00, 1.1200000E+00, 3.8076118E-01, 3.8076118E-01
* ELEM  482  line segment
 1, 1633, 353
*
  5.0200000E+00, 1.1200000E+00, 0.0000000E+00, 3.8076118E-01
* ELEM  483  line segment
 1, 353, 1703
*
  5.0200000E+00, 1.1200000E+00, -3.8076118E-01, 0.0000000E+00
* ELEM  484  line segment
 1, 354, 357
*
  4.8457980E+00, 1.5729180E+00, 1.7420204E-01, -7.2156848E-02
* ELEM  485  line segment
 1, 1704, 1288
*
  1.1200000E+00, 5.9392388E+00, 0.0000000E+00, -5.3847763E-01
* ELEM  486  line segment
 1, 1292, 1288
*
  1.2942020E+00, 5.8670820E+00, -1.7420204E-01, 7.2156848E-02
* ELEM  487  circular arc
 3, 1297, 1288
*
  1.7700000E+00, 5.6700000E+00, 5.1500000E-01, 1.5750000E+02, 4.5000000E+01
* ELEM  488  circular arc
 3, 1297, 1293
*
  1.7700000E+00, 5.6700000E+00, 5.1500000E-01, 0.0000000E+00, 2.2500000E+01
* ELEM  489  circular arc
 3, 1297, 1296
*
  1.7700000E+00, 5.6700000E+00, 5.1500000E-01, 2.2500000E+01, 4.5000000E+01
* ELEM  490  circular arc
 3, 1297, 1294
*
  1.7700000E+00, 5.6700000E+00, 5.1500000E-01, 6.7500000E+01, 4.5000000E+01
* ELEM  491  circular arc
 3, 1297, 1292
*
  1.7700000E+00, 5.6700000E+00, 5.1500000E-01, 1.1250000E+02, 4.5000000E+01
* ELEM  492  circular arc
 3, 1297, 1290
*
  1.7700000E+00, 5.6700000E+00, 5.1500000E-01, 2.9250000E+02, 4.5000000E+01
* ELEM  493  circular arc
 3, 1297, 1293
*
  1.7700000E+00, 5.6700000E+00, 5.1500000E-01, 3.3750000E+02, 2.2500000E+01
* ELEM  494  circle
 2, 1298, 1297
*
  1.7700000E+00, 5.6700000E+00, 4.4700000E-01, 0.0000000E+00
* ELEM  495  line segment
 1, 1290, 1293
*
  2.2457980E+00, 5.4729180E+00, 1.7420204E-01, -7.2156848E-02
* ELEM  496  line segment
 1, 1289, 1290
*
  2.0392388E+00, 5.0200000E+00, 3.8076118E-01, 3.8076118E-01
* ELEM  497  line segment
 1, 1289, 127
*
  2.4200000E+00, 5.4007612E+00, 0.0000000E+00, -3.8076118E-01
* ELEM  498  line segment
 1, 127, 129
*
  2.4200000E+00, 5.4007612E+00, 3.8076118E-01, -3.8076118E-01
* ELEM  499  line segment
 1, 130, 129
*
  2.5942020E+00, 5.4729180E+00, -1.7420204E-01, -7.2156848E-02
* ELEM  500  circular arc
 3, 139, 129
*
  3.0700000E+00, 5.6700000E+00, 5.1500000E-01, 2.0250000E+02, 4.5000000E+01
* ELEM  501  line segment
 1, 129, 128
*
  2.8729180E+00, 5.1942020E+00, -7.2156848E-02, -1.7420204E-01
* ELEM  502  circular arc
 3, 139, 128
*
  3.0700000E+00, 5.6700000E+00, 5.1500000E-01, 2.4750000E+02, 4.5000000E+01
* ELEM  503  line segment
 1, 128, 132
*
  3.2670820E+00, 5.1942020E+00, 7.2156848E-02, -1.7420204E-01
* ELEM  504  line segment
 1, 1440, 128
*
  2.8007612E+00, 5.0200000E+00, 5.3847763E-01, 0.0000000E+00
* ELEM  505  line segment
 1, 1442, 1440
*
  3.2670820E+00, 4.8457980E+00, 7.2156848E-02, 1.7420204E-01
* ELEM  506  circular arc
 3, 285, 274
*
  4.3700000E+00, 4.3700000E+00, 5.1500000E-01, 2.4750000E+02, 4.5000000E+01
* ELEM  507  line segment
 1, 274, 278
*
  4.5670820E+00, 3.8942020E+00, 7.2156848E-02, -1.7420204E-01
* ELEM  508  line segment
 1, 320, 274
*
  4.1007612E+00, 3.7200000E+00, 5.3847763E-01, 0.0000000E+00
* ELEM  509  line segment
 1, 322, 320
*
  4.5670820E+00, 3.5457980E+00, 7.2156848E-02, 1.7420204E-01
* ELEM  510  line segment
 1, 316, 319
*
  4.8457980E+00, 2.8729180E+00, 1.7420204E-01, -7.2156848E-02
* ELEM  511  line segment
 1, 315, 316
*
  4.6392388E+00, 2.4200000E+00, 3.8076118E-01, 3.8076118E-01
* ELEM  512  line segment
 1, 315, 169
*
  5.0200000E+00, 2.8007612E+00, 0.0000000E+00, -3.8076118E-01
* ELEM  513  line segment
 1, 359, 315
*
  4.6392388E+00, 2.4200000E+00, 3.8076118E-01, 0.0000000E+00
* ELEM  514  line segment
 1, 357, 360
*
  4.8457980E+00, 1.9670820E+00, 1.7420204E-01, 7.2156848E-02
* ELEM  515  line segment
 1, 359, 360
*
  5.0200000E+00, 2.0392388E+00, -3.8076118E-01, 3.8076118E-01
* ELEM  516  line segment
 1, 1639, 359
*
  5.0200000E+00, 2.0392388E+00, 0.0000000E+00, 3.8076118E-01
* ELEM  517  circular arc
 3, 285, 281
*
  4.3700000E+00, 4.3700000E+00, 5.1500000E-01, 0.0000000E+00, 2.2500000E+01
* ELEM  518  circular arc
 3, 285, 284
*
  4.3700000E+00, 4.3700000E+00, 5.1500000E-01, 2.2500000E+01, 4.5000000E+01
* ELEM  519  circular arc
 3, 285, 282
*
  4.3700000E+00, 4.3700000E+00, 5.1500000E-01, 6.7500000E+01, 4.5000000E+01
* ELEM  520  circular arc
 3, 285, 280
*
  4.3700000E+00, 4.3700000E+00, 5.1500000E-01, 1.1250000E+02, 4.5000000E+01
* ELEM  521  circular arc
 3, 285, 278
*
  4.3700000E+00, 4.3700000E+00, 5.1500000E-01, 2.9250000E+02, 4.5000000E+01
* ELEM  522  circular arc
 3, 285, 281
*
  4.3700000E+00, 4.3700000E+00, 5.1500000E-01, 3.3750000E+02, 2.2500000E+01
* ELEM  523  circle
 2, 286, 285
*
  4.3700000E+00, 4.3700000E+00, 4.4700000E-01, 0.0000000E+00
* ELEM  524  line segment
 1, 279, 280
*
  4.1007612E+00, 5.0200000E+00, -3.8076118E-01, -3.8076118E-01
* ELEM  525  line segment
 1, 282, 280
*
  4.1729180E+00, 4.8457980E+00, -7.2156848E-02, 1.7420204E-01
* ELEM  526  line segment
 1, 1441, 1442
*
  3.7200000E+00, 4.6392388E+00, -3.8076118E-01, 3.8076118E-01
* ELEM  527  line segment
 1, 1441, 131
*
  3.3392388E+00, 5.0200000E+00, 3.8076118E-01, 0.0000000E+00
* ELEM  528  line segment
 1, 1441, 279
*
  3.7200000E+00, 5.0200000E+00, 0.0000000E+00, -3.8076118E-01
* ELEM  529  line segment
 1, 1265, 279
*
  4.1007612E+00, 5.0200000E+00, -3.8076118E-01, 0.0000000E+00
* ELEM  530  line segment
 1, 1633, 1635
*
  5.0200000E+00, 1.5007612E+00, 3.8076118E-01, -3.8076118E-01
* ELEM  531  line segment
 1, 1633, 1707
*
  5.4007612E+00, 1.1200000E+00, -3.8076118E-01, 0.0000000E+00
* ELEM  532  line segment
 1, 1636, 357
*
  5.0200000E+00, 1.5007612E+00, 0.0000000E+00, 5.3847763E-01
* ELEM  533  line segment
 1, 1636, 1635
*
  5.1942020E+00, 1.5729180E+00, -1.7420204E-01, -7.2156848E-02
* ELEM  534  circular arc
 3, 1645, 1635
*
  5.6700000E+00, 1.7700000E+00, 5.1500000E-01, 2.0250000E+02, 4.5000000E+01
* ELEM  535  line segment
 1, 1635, 1634
*
  5.4729180E+00, 1.2942020E+00, -7.2156848E-02, -1.7420204E-01
* ELEM  536  line segment
 1, 1640, 1636
*
  5.1942020E+00, 1.9670820E+00, -1.7420204E-01, 7.2156848E-02
* ELEM  537  circular arc
 3, 1645, 1636
*
  5.6700000E+00, 1.7700000E+00, 5.1500000E-01, 1.5750000E+02, 4.5000000E+01
* ELEM  538  line segment
 1, 1291, 1292
*
  1.5007612E+00, 6.3200000E+00, -3.8076118E-01, -3.8076118E-01
* ELEM  539  line segment
 1, 1294, 1292
*
  1.5729180E+00, 6.1457980E+00, -7.2156848E-02, 1.7420204E-01
* ELEM  540  line segment
 1, 1291, 1704
*
  1.1200000E+00, 5.9392388E+00, 0.0000000E+00, 3.8076118E-01
* ELEM  541  line segment
 1, 1291, 1173
*
  1.1200000E+00, 6.3200000E+00, 3.8076118E-01, 0.0000000E+00
* ELEM  542  line segment
 1, 1293, 130
*
  2.4200000E+00, 5.9392388E+00, 0.0000000E+00, -5.3847763E-01
* ELEM  543  line segment
 1, 134, 130
*
  2.5942020E+00, 5.8670820E+00, -1.7420204E-01, 7.2156848E-02
* ELEM  544  circular arc
 3, 139, 130
*
  3.0700000E+00, 5.6700000E+00, 5.1500000E-01, 1.5750000E+02, 4.5000000E+01
* ELEM  545  line segment
 1, 1293, 1296
*
  2.2457980E+00, 5.8670820E+00, 1.7420204E-01, 7.2156848E-02
* ELEM  546  circular arc
 3, 139, 135
*
  3.0700000E+00, 5.6700000E+00, 5.1500000E-01, 0.0000000E+00, 2.2500000E+01
* ELEM  547  circular arc
 3, 139, 138
*
  3.0700000E+00, 5.6700000E+00, 5.1500000E-01, 2.2500000E+01, 4.5000000E+01
* ELEM  548  circular arc
 3, 139, 136
*
  3.0700000E+00, 5.6700000E+00, 5.1500000E-01, 6.7500000E+01, 4.5000000E+01
* ELEM  549  circular arc
 3, 139, 134
*
  3.0700000E+00, 5.6700000E+00, 5.1500000E-01, 1.1250000E+02, 4.5000000E+01
* ELEM  550  circular arc
 3, 139, 132
*
  3.0700000E+00, 5.6700000E+00, 5.1500000E-01, 2.9250000E+02, 4.5000000E+01
* ELEM  551  circular arc
 3, 139, 135
*
  3.0700000E+00, 5.6700000E+00, 5.1500000E-01, 3.3750000E+02, 2.2500000E+01
* ELEM  552  circle
 2, 140, 139
*
  3.0700000E+00, 5.6700000E+00, 2.5750000E-01, 0.0000000E+00
* ELEM  553  line segment
 1, 132, 135
*
  3.5457980E+00, 5.4729180E+00, 1.7420204E-01, -7.2156848E-02
* ELEM  554  line segment
 1, 131, 132
*
  3.3392388E+00, 5.0200000E+00, 3.8076118E-01, 3.8076118E-01
* ELEM  555  line segment
 1, 1265, 131
*
  3.7200000E+00, 5.0200000E+00, 0.0000000E+00, 3.8076118E-01
* ELEM  556  line segment
 1, 278, 281
*
  4.8457980E+00, 4.1729180E+00, 1.7420204E-01, -7.2156848E-02
* ELEM  557  line segment
 1, 277, 278
*
  4.6392388E+00, 3.7200000E+00, 3.8076118E-01, 3.8076118E-01
* ELEM  558  line segment
 1, 1413, 277
*
  5.0200000E+00, 3.7200000E+00, 0.0000000E+00, 3.8076118E-01
* ELEM  559  line segment
 1, 321, 277
*
  4.6392388E+00, 3.7200000E+00, 3.8076118E-01, 0.0000000E+00
* ELEM  560  line segment
 1, 319, 322
*
  4.8457980E+00, 3.2670820E+00, 1.7420204E-01, 7.2156848E-02
* ELEM  561  line segment
 1, 321, 322
*
  5.0200000E+00, 3.3392388E+00, -3.8076118E-01, 3.8076118E-01
* ELEM  562  line segment
 1, 321, 175
*
  5.0200000E+00, 3.7200000E+00, 0.0000000E+00, -3.8076118E-01
* ELEM  563  line segment
 1, 169, 171
*
  5.0200000E+00, 2.8007612E+00, 3.8076118E-01, -3.8076118E-01
* ELEM  564  line segment
 1, 1639, 169
*
  5.0200000E+00, 2.4200000E+00, 3.8076118E-01, 0.0000000E+00
* ELEM  565  line segment
 1, 172, 171
*
  5.1942020E+00, 2.8729180E+00, -1.7420204E-01, -7.2156848E-02
* ELEM  566  circular arc
 3, 181, 171
*
  5.6700000E+00, 3.0700000E+00, 5.1500000E-01, 2.0250000E+02, 4.5000000E+01
* ELEM  567  line segment
 1, 171, 170
*
  5.4729180E+00, 2.5942020E+00, -7.2156848E-02, -1.7420204E-01
* ELEM  568  line segment
 1, 319, 172
*
  5.0200000E+00, 3.3392388E+00, 0.0000000E+00, -5.3847763E-01
* ELEM  569  line segment
 1, 176, 172
*
  5.1942020E+00, 3.2670820E+00, -1.7420204E-01, 7.2156848E-02
* ELEM  570  circular arc
 3, 181, 172
*
  5.6700000E+00, 3.0700000E+00, 5.1500000E-01, 1.5750000E+02, 4.5000000E+01
* ELEM  571  line segment
 1, 1639, 1640
*
  5.4007612E+00, 2.4200000E+00, -3.8076118E-01, -3.8076118E-01
* ELEM  572  line segment
 1, 1642, 1640
*
  5.4729180E+00, 2.2457980E+00, -7.2156848E-02, 1.7420204E-01
* ELEM  573  circular arc
 3, 1645, 1640
*
  5.6700000E+00, 1.7700000E+00, 5.1500000E-01, 1.1250000E+02, 4.5000000E+01
* ELEM  574  line segment
 1, 1265, 1267
*
  3.7200000E+00, 5.4007612E+00, 3.8076118E-01, -3.8076118E-01
* ELEM  575  line segment
 1, 1266, 282
*
  4.6392388E+00, 5.0200000E+00, -5.3847763E-01, 0.0000000E+00
* ELEM  576  line segment
 1, 284, 282
*
  4.5670820E+00, 4.8457980E+00, 7.2156848E-02, 1.7420204E-01
* ELEM  577  line segment
 1, 1267, 1266
*
  4.1729180E+00, 5.1942020E+00, -7.2156848E-02, -1.7420204E-01
* ELEM  578  circular arc
 3, 1277, 1266
*
  4.3700000E+00, 5.6700000E+00, 5.1500000E-01, 2.4750000E+02, 4.5000000E+01
* ELEM  579  line segment
 1, 1266, 1270
*
  4.5670820E+00, 5.1942020E+00, 7.2156848E-02, -1.7420204E-01
* ELEM  580  line segment
 1, 1268, 1267
*
  3.8942020E+00, 5.4729180E+00, -1.7420204E-01, -7.2156848E-02
* ELEM  581  circular arc
 3, 1277, 1267
*
  4.3700000E+00, 5.6700000E+00, 5.1500000E-01, 2.0250000E+02, 4.5000000E+01
* ELEM  582  circular arc
 3, 1645, 1634
*
  5.6700000E+00, 1.7700000E+00, 5.1500000E-01, 2.4750000E+02, 4.5000000E+01
* ELEM  583  line segment
 1, 1634, 1638
*
  5.8670820E+00, 1.2942020E+00, 7.2156848E-02, -1.7420204E-01
* ELEM  584  line segment
 1, 1707, 1634
*
  5.4007612E+00, 1.1200000E+00, 5.3847763E-01, 0.0000000E+00
* ELEM  585  circular arc
 3, 1645, 1641
*
  5.6700000E+00, 1.7700000E+00, 5.1500000E-01, 0.0000000E+00, 2.2500000E+01
* ELEM  586  circular arc
 3, 1645, 1644
*
  5.6700000E+00, 1.7700000E+00, 5.1500000E-01, 2.2500000E+01, 4.5000000E+01
* ELEM  587  circular arc
 3, 1645, 1642
*
  5.6700000E+00, 1.7700000E+00, 5.1500000E-01, 6.7500000E+01, 4.5000000E+01
* ELEM  588  circular arc
 3, 1645, 1638
*
  5.6700000E+00, 1.7700000E+00, 5.1500000E-01, 2.9250000E+02, 4.5000000E+01
* ELEM  589  circular arc
 3, 1645, 1641
*
  5.6700000E+00, 1.7700000E+00, 5.1500000E-01, 3.3750000E+02, 2.2500000E+01
* ELEM  590  circle
 2, 1646, 1645
*
  5.6700000E+00, 1.7700000E+00, 4.4700000E-01, 0.0000000E+00
* ELEM  591  line segment
 1, 1173, 1705
*
  1.1200000E+00, 6.3200000E+00, 0.0000000E+00, 3.8076118E-01
* ELEM  592  line segment
 1, 1173, 1175
*
  1.1200000E+00, 6.7007612E+00, 3.8076118E-01, -3.8076118E-01
* ELEM  593  line segment
 1, 1176, 1175
*
  1.2942020E+00, 6.7729180E+00, -1.7420204E-01, -7.2156848E-02
* ELEM  594  circular arc
 3, 1185, 1175
*
  1.7700000E+00, 6.9700000E+00, 5.1500000E-01, 2.0250000E+02, 4.5000000E+01
* ELEM  595  line segment
 1, 1175, 1174
*
  1.5729180E+00, 6.4942020E+00, -7.2156848E-02, -1.7420204E-01
* ELEM  596  circular arc
 3, 1185, 1174
*
  1.7700000E+00, 6.9700000E+00, 5.1500000E-01, 2.4750000E+02, 4.5000000E+01
* ELEM  597  line segment
 1, 1174, 1178
*
  1.9670820E+00, 6.4942020E+00, 7.2156848E-02, -1.7420204E-01
* ELEM  598  line segment
 1, 1294, 1174
*
  1.5007612E+00, 6.3200000E+00, 5.3847763E-01, 0.0000000E+00
* ELEM  599  line segment
 1, 1296, 1294
*
  1.9670820E+00, 6.1457980E+00, 7.2156848E-02, 1.7420204E-01
* ELEM  600  line segment
 1, 133, 134
*
  2.8007612E+00, 6.3200000E+00, -3.8076118E-01, -3.8076118E-01
* ELEM  601  line segment
 1, 136, 134
*
  2.8729180E+00, 6.1457980E+00, -7.2156848E-02, 1.7420204E-01
* ELEM  602  line segment
 1, 1295, 1296
*
  2.4200000E+00, 5.9392388E+00, -3.8076118E-01, 3.8076118E-01
* ELEM  603  line segment
 1, 1295, 1177
*
  2.0392388E+00, 6.3200000E+00, 3.8076118E-01, 0.0000000E+00
* ELEM  604  line segment
 1, 1295, 133
*
  2.4200000E+00, 6.3200000E+00, 0.0000000E+00, -3.8076118E-01
* ELEM  605  line segment
 1, 1155, 133
*
  2.8007612E+00, 6.3200000E+00, -3.8076118E-01, 0.0000000E+00
* ELEM  606  line segment
 1, 135, 138
*
  3.5457980E+00, 5.8670820E+00, 1.7420204E-01, 7.2156848E-02
* ELEM  607  line segment
 1, 1268, 135
*
  3.7200000E+00, 5.4007612E+00, 0.0000000E+00, 5.3847763E-01
* ELEM  608  line segment
 1, 1272, 1268
*
  3.8942020E+00, 5.8670820E+00, -1.7420204E-01, 7.2156848E-02
* ELEM  609  circular arc
 3, 1277, 1268
*
  4.3700000E+00, 5.6700000E+00, 5.1500000E-01, 1.5750000E+02, 4.5000000E+01
* ELEM  610  line segment
 1, 1413, 1415
*
  5.0200000E+00, 4.1007612E+00, 3.8076118E-01, -3.8076118E-01
* ELEM  611  line segment
 1, 1413, 175
*
  5.4007612E+00, 3.7200000E+00, -3.8076118E-01, 0.0000000E+00
* ELEM  612  line segment
 1, 281, 284
*
  4.8457980E+00, 4.5670820E+00, 1.7420204E-01, 7.2156848E-02
* ELEM  613  line segment
 1, 1416, 281
*
  5.0200000E+00, 4.1007612E+00, 0.0000000E+00, 5.3847763E-01
* ELEM  614  line segment
 1, 1416, 1415
*
  5.1942020E+00, 4.1729180E+00, -1.7420204E-01, -7.2156848E-02
* ELEM  615  circular arc
 3, 1425, 1415
*
  5.6700000E+00, 4.3700000E+00, 5.1500000E-01, 2.0250000E+02, 4.5000000E+01
* ELEM  616  line segment
 1, 1415, 1414
*
  5.4729180E+00, 3.8942020E+00, -7.2156848E-02, -1.7420204E-01
* ELEM  617  line segment
 1, 1420, 1416
*
  5.1942020E+00, 4.5670820E+00, -1.7420204E-01, 7.2156848E-02
* ELEM  618  circular arc
 3, 1425, 1416
*
  5.6700000E+00, 4.3700000E+00, 5.1500000E-01, 1.5750000E+02, 4.5000000E+01
* ELEM  619  line segment
 1, 175, 176
*
  5.4007612E+00, 3.7200000E+00, -3.8076118E-01, -3.8076118E-01
* ELEM  620  line segment
 1, 178, 176
*
  5.4729180E+00, 3.5457980E+00, -7.2156848E-02, 1.7420204E-01
* ELEM  621  circular arc
 3, 181, 176
*
  5.6700000E+00, 3.0700000E+00, 5.1500000E-01, 1.1250000E+02, 4.5000000E+01
* ELEM  622  circular arc
 3, 181, 170
*
  5.6700000E+00, 3.0700000E+00, 5.1500000E-01, 2.4750000E+02, 4.5000000E+01
* ELEM  623  line segment
 1, 170, 174
*
  5.8670820E+00, 2.5942020E+00, 7.2156848E-02, -1.7420204E-01
* ELEM  624  line segment
 1, 1642, 170
*
  5.4007612E+00, 2.4200000E+00, 5.3847763E-01, 0.0000000E+00
* ELEM  625  line segment
 1, 1644, 1642
*
  5.8670820E+00, 2.2457980E+00, 7.2156848E-02, 1.7420204E-01
* ELEM  626  circular arc
 3, 181, 177
*
  5.6700000E+00, 3.0700000E+00, 5.1500000E-01, 0.0000000E+00, 2.2500000E+01
* ELEM  627  circular arc
 3, 181, 180
*
  5.6700000E+00, 3.0700000E+00, 5.1500000E-01, 2.2500000E+01, 4.5000000E+01
* ELEM  628  circular arc
 3, 181, 178
*
  5.6700000E+00, 3.0700000E+00, 5.1500000E-01, 6.7500000E+01, 4.5000000E+01
* ELEM  629  circular arc
 3, 181, 174
*
  5.6700000E+00, 3.0700000E+00, 5.1500000E-01, 2.9250000E+02, 4.5000000E+01
* ELEM  630  circular arc
 3, 181, 177
*
  5.6700000E+00, 3.0700000E+00, 5.1500000E-01, 3.3750000E+02, 2.2500000E+01
* ELEM  631  circle
 2, 182, 181
*
  5.6700000E+00, 3.0700000E+00, 2.5750000E-01, 0.0000000E+00
* ELEM  632  line segment
 1, 283, 284
*
  5.0200000E+00, 4.6392388E+00, -3.8076118E-01, 3.8076118E-01
* ELEM  633  line segment
 1, 1269, 283
*
  5.0200000E+00, 5.0200000E+00, -3.8076118E-01, 0.0000000E+00
* ELEM  634  line segment
 1, 1419, 283
*
  5.0200000E+00, 4.6392388E+00, 0.0000000E+00, 3.8076118E-01
* ELEM  635  line segment
 1, 1269, 1270
*
  4.6392388E+00, 5.0200000E+00, 3.8076118E-01, 3.8076118E-01
* ELEM  636  line segment
 1, 208, 1269
*
  5.0200000E+00, 5.0200000E+00, 0.0000000E+00, 3.8076118E-01
* ELEM  637  circular arc
 3, 1277, 1270
*
  4.3700000E+00, 5.6700000E+00, 5.1500000E-01, 2.9250000E+02, 4.5000000E+01
* ELEM  638  line segment
 1, 1270, 1273
*
  4.8457980E+00, 5.4729180E+00, 1.7420204E-01, -7.2156848E-02
* ELEM  639  circular arc
 3, 1277, 1273
*
  4.3700000E+00, 5.6700000E+00, 5.1500000E-01, 0.0000000E+00, 2.2500000E+01
* ELEM  640  circular arc
 3, 1277, 1276
*
  4.3700000E+00, 5.6700000E+00, 5.1500000E-01, 2.2500000E+01, 4.5000000E+01
* ELEM  641  circular arc
 3, 1277, 1274
*
  4.3700000E+00, 5.6700000E+00, 5.1500000E-01, 6.7500000E+01, 4.5000000E+01
* ELEM  642  circular arc
 3, 1277, 1272
*
  4.3700000E+00, 5.6700000E+00, 5.1500000E-01, 1.1250000E+02, 4.5000000E+01
* ELEM  643  circular arc
 3, 1277, 1273
*
  4.3700000E+00, 5.6700000E+00, 5.1500000E-01, 3.3750000E+02, 2.2500000E+01
* ELEM  644  circle
 2, 1278, 1277
*
  4.3700000E+00, 5.6700000E+00, 4.4700000E-01, 0.0000000E+00
* ELEM  645  line segment
 1, 1637, 1638
*
  5.9392388E+00, 1.1200000E+00, 3.8076118E-01, 3.8076118E-01
* ELEM  646  line segment
 1, 1637, 1615
*
  6.3200000E+00, 1.5007612E+00, 0.0000000E+00, -3.8076118E-01
* ELEM  647  line segment
 1, 1637, 1707
*
  6.3200000E+00, 1.1200000E+00, -3.8076118E-01, 0.0000000E+00
* ELEM  648  line segment
 1, 1638, 1641
*
  6.1457980E+00, 1.5729180E+00, 1.7420204E-01, -7.2156848E-02
* ELEM  649  line segment
 1, 1705, 1176
*
  1.1200000E+00, 7.2392388E+00, 0.0000000E+00, -5.3847763E-01
* ELEM  650  line segment
 1, 1180, 1176
*
  1.2942020E+00, 7.1670820E+00, -1.7420204E-01, 7.2156848E-02
* ELEM  651  circular arc
 3, 1185, 1176
*
  1.7700000E+00, 6.9700000E+00, 5.1500000E-01, 1.5750000E+02, 4.5000000E+01
* ELEM  652  circular arc
 3, 1185, 1181
*
  1.7700000E+00, 6.9700000E+00, 5.1500000E-01, 0.0000000E+00, 2.2500000E+01
* ELEM  653  circular arc
 3, 1185, 1184
*
  1.7700000E+00, 6.9700000E+00, 5.1500000E-01, 2.2500000E+01, 4.5000000E+01
* ELEM  654  circular arc
 3, 1185, 1182
*
  1.7700000E+00, 6.9700000E+00, 5.1500000E-01, 6.7500000E+01, 4.5000000E+01
* ELEM  655  circular arc
 3, 1185, 1180
*
  1.7700000E+00, 6.9700000E+00, 5.1500000E-01, 1.1250000E+02, 4.5000000E+01
* ELEM  656  circular arc
 3, 1185, 1178
*
  1.7700000E+00, 6.9700000E+00, 5.1500000E-01, 2.9250000E+02, 4.5000000E+01
* ELEM  657  circular arc
 3, 1185, 1181
*
  1.7700000E+00, 6.9700000E+00, 5.1500000E-01, 3.3750000E+02, 2.2500000E+01
* ELEM  658  circle
 2, 1186, 1185
*
  1.7700000E+00, 6.9700000E+00, 4.4700000E-01, 0.0000000E+00
* ELEM  659  line segment
 1, 1178, 1181
*
  2.2457980E+00, 6.7729180E+00, 1.7420204E-01, -7.2156848E-02
* ELEM  660  line segment
 1, 1177, 1178
*
  2.0392388E+00, 6.3200000E+00, 3.8076118E-01, 3.8076118E-01
* ELEM  661  line segment
 1, 1177, 1155
*
  2.4200000E+00, 6.7007612E+00, 0.0000000E+00, -3.8076118E-01
* ELEM  662  line segment
 1, 1155, 1157
*
  2.4200000E+00, 6.7007612E+00, 3.8076118E-01, -3.8076118E-01
* ELEM  663  line segment
 1, 1156, 136
*
  3.3392388E+00, 6.3200000E+00, -5.3847763E-01, 0.0000000E+00
* ELEM  664  line segment
 1, 138, 136
*
  3.2670820E+00, 6.1457980E+00, 7.2156848E-02, 1.7420204E-01
* ELEM  665  line segment
 1, 1157, 1156
*
  2.8729180E+00, 6.4942020E+00, -7.2156848E-02, -1.7420204E-01
* ELEM  666  circular arc
 3, 1167, 1156
*
  3.0700000E+00, 6.9700000E+00, 5.1500000E-01, 2.4750000E+02, 4.5000000E+01
* ELEM  667  line segment
 1, 1156, 1160
*
  3.2670820E+00, 6.4942020E+00, 7.2156848E-02, -1.7420204E-01
* ELEM  668  line segment
 1, 1158, 1157
*
  2.5942020E+00, 6.7729180E+00, -1.7420204E-01, -7.2156848E-02
* ELEM  669  circular arc
 3, 1167, 1157
*
  3.0700000E+00, 6.9700000E+00, 5.1500000E-01, 2.0250000E+02, 4.5000000E+01
* ELEM  670  line segment
 1, 137, 138
*
  3.7200000E+00, 5.9392388E+00, -3.8076118E-01, 3.8076118E-01
* ELEM  671  line segment
 1, 1159, 137
*
  3.7200000E+00, 6.3200000E+00, -3.8076118E-01, 0.0000000E+00
* ELEM  672  line segment
 1, 1271, 137
*
  3.7200000E+00, 5.9392388E+00, 0.0000000E+00, 3.8076118E-01
* ELEM  673  line segment
 1, 1271, 1272
*
  4.1007612E+00, 6.3200000E+00, -3.8076118E-01, -3.8076118E-01
* ELEM  674  line segment
 1, 1274, 1272
*
  4.1729180E+00, 6.1457980E+00, -7.2156848E-02, 1.7420204E-01
* ELEM  675  line segment
 1, 1271, 1137
*
  3.7200000E+00, 6.3200000E+00, 3.8076118E-01, 0.0000000E+00
* ELEM  676  line segment
 1, 1419, 1420
*
  5.4007612E+00, 5.0200000E+00, -3.8076118E-01, -3.8076118E-01
* ELEM  677  line segment
 1, 1422, 1420
*
  5.4729180E+00, 4.8457980E+00, -7.2156848E-02, 1.7420204E-01
* ELEM  678  circular arc
 3, 1425, 1420
*
  5.6700000E+00, 4.3700000E+00, 5.1500000E-01, 1.1250000E+02, 4.5000000E+01
* ELEM  679  line segment
 1, 207, 1419
*
  5.4007612E+00, 5.0200000E+00, -3.8076118E-01, 0.0000000E+00
* ELEM  680  line segment
 1, 1414, 178
*
  5.9392388E+00, 3.7200000E+00, -5.3847763E-01, 0.0000000E+00
* ELEM  681  line segment
 1, 180, 178
*
  5.8670820E+00, 3.5457980E+00, 7.2156848E-02, 1.7420204E-01
* ELEM  682  circular arc
 3, 1425, 1414
*
  5.6700000E+00, 4.3700000E+00, 5.1500000E-01, 2.4750000E+02, 4.5000000E+01
* ELEM  683  line segment
 1, 1414, 1418
*
  5.8670820E+00, 3.8942020E+00, 7.2156848E-02, -1.7420204E-01
* ELEM  684  circular arc
 3, 1425, 1421
*
  5.6700000E+00, 4.3700000E+00, 5.1500000E-01, 0.0000000E+00, 2.2500000E+01
* ELEM  685  circular arc
 3, 1425, 1424
*
  5.6700000E+00, 4.3700000E+00, 5.1500000E-01, 2.2500000E+01, 4.5000000E+01
* ELEM  686  circular arc
 3, 1425, 1422
*
  5.6700000E+00, 4.3700000E+00, 5.1500000E-01, 6.7500000E+01, 4.5000000E+01
* ELEM  687  circular arc
 3, 1425, 1418
*
  5.6700000E+00, 4.3700000E+00, 5.1500000E-01, 2.9250000E+02, 4.5000000E+01
* ELEM  688  circular arc
 3, 1425, 1421
*
  5.6700000E+00, 4.3700000E+00, 5.1500000E-01, 3.3750000E+02, 2.2500000E+01
* ELEM  689  circle
 2, 1426, 1425
*
  5.6700000E+00, 4.3700000E+00, 4.4700000E-01, 0.0000000E+00
* ELEM  690  line segment
 1, 174, 177
*
  6.1457980E+00, 2.8729180E+00, 1.7420204E-01, -7.2156848E-02
* ELEM  691  line segment
 1, 173, 174
*
  5.9392388E+00, 2.4200000E+00, 3.8076118E-01, 3.8076118E-01
* ELEM  692  line segment
 1, 1507, 173
*
  6.3200000E+00, 2.4200000E+00, 0.0000000E+00, 3.8076118E-01
* ELEM  693  line segment
 1, 1643, 173
*
  5.9392388E+00, 2.4200000E+00, 3.8076118E-01, 0.0000000E+00
* ELEM  694  line segment
 1, 1641, 1644
*
  6.1457980E+00, 1.9670820E+00, 1.7420204E-01, 7.2156848E-02
* ELEM  695  line segment
 1, 1643, 1644
*
  6.3200000E+00, 2.0392388E+00, -3.8076118E-01, 3.8076118E-01
* ELEM  696  line segment
 1, 1643, 1621
*
  6.3200000E+00, 2.4200000E+00, 0.0000000E+00, -3.8076118E-01
* ELEM  697  line segment
 1, 208, 1275
*
  5.0200000E+00, 5.9392388E+00, 0.0000000E+00, 3.8076118E-01
* ELEM  698  line segment
 1, 208, 1273
*
  5.0200000E+00, 5.4007612E+00, 0.0000000E+00, 5.3847763E-01
* ELEM  699  line segment
 1, 210, 208
*
  5.0750000E+00, 6.3200000E+00, -5.5000000E-02, 0.0000000E+00
* ELEM  700  circular arc
 3, 215, 208
*
  6.3200000E+00, 6.3200000E+00, 1.2450000E+00, 1.8000000E+02, 4.5000000E+01
* ELEM  701  line segment
 1, 208, 207
*
  5.4396521E+00, 5.4396521E+00, -4.1965206E-01, -4.1965206E-01
* ELEM  702  circular arc
 3, 215, 207
*
  6.3200000E+00, 6.3200000E+00, 1.2450000E+00, 2.2500000E+02, 4.5000000E+01
* ELEM  703  line segment
 1, 207, 209
*
  6.3200000E+00, 5.0750000E+00, 0.0000000E+00, -5.5000000E-02
* ELEM  704  line segment
 1, 207, 1422
*
  5.9392388E+00, 5.0200000E+00, -5.3847763E-01, 0.0000000E+00
* ELEM  705  line segment
 1, 207, 1423
*
  6.3200000E+00, 5.0200000E+00, -3.8076118E-01, 0.0000000E+00
* ELEM  706  line segment
 1, 1273, 1276
*
  4.8457980E+00, 5.8670820E+00, 1.7420204E-01, 7.2156848E-02
* ELEM  707  line segment
 1, 1615, 1617
*
  6.3200000E+00, 1.5007612E+00, 3.8076118E-01, -3.8076118E-01
* ELEM  708  line segment
 1, 1615, 1708
*
  6.7007612E+00, 1.1200000E+00, -3.8076118E-01, 0.0000000E+00
* ELEM  709  line segment
 1, 1618, 1617
*
  6.4942020E+00, 1.5729180E+00, -1.7420204E-01, -7.2156848E-02
* ELEM  710  circular arc
 3, 1627, 1617
*
  6.9700000E+00, 1.7700000E+00, 5.1500000E-01, 2.0250000E+02, 4.5000000E+01
* ELEM  711  line segment
 1, 1617, 1616
*
  6.7729180E+00, 1.2942020E+00, -7.2156848E-02, -1.7420204E-01
* ELEM  712  line segment
 1, 1641, 1618
*
  6.3200000E+00, 2.0392388E+00, 0.0000000E+00, -5.3847763E-01
* ELEM  713  line segment
 1, 1622, 1618
*
  6.4942020E+00, 1.9670820E+00, -1.7420204E-01, 7.2156848E-02
* ELEM  714  circular arc
 3, 1627, 1618
*
  6.9700000E+00, 1.7700000E+00, 5.1500000E-01, 1.5750000E+02, 4.5000000E+01
* ELEM  715  line segment
 1, 1179, 1180
*
  1.5007612E+00, 7.6200000E+00, -3.8076118E-01, -3.8076118E-01
* ELEM  716  line segment
 1, 1182, 1180
*
  1.5729180E+00, 7.4457980E+00, -7.2156848E-02, 1.7420204E-01
* ELEM  717  line segment
 1, 1179, 1705
*
  1.1200000E+00, 7.2392388E+00, 0.0000000E+00, 3.8076118E-01
* ELEM  718  line segment
 1, 1179, 1043
*
  1.1200000E+00, 7.6200000E+00, 3.8076118E-01, 0.0000000E+00
* ELEM  719  line segment
 1, 1181, 1158
*
  2.4200000E+00, 7.2392388E+00, 0.0000000E+00, -5.3847763E-01
* ELEM  720  line segment
 1, 1162, 1158
*
  2.5942020E+00, 7.1670820E+00, -1.7420204E-01, 7.2156848E-02
* ELEM  721  circular arc
 3, 1167, 1158
*
  3.0700000E+00, 6.9700000E+00, 5.1500000E-01, 1.5750000E+02, 4.5000000E+01
* ELEM  722  line segment
 1, 1181, 1184
*
  2.2457980E+00, 7.1670820E+00, 1.7420204E-01, 7.2156848E-02
* ELEM  723  line segment
 1, 1159, 1160
*
  3.3392388E+00, 6.3200000E+00, 3.8076118E-01, 3.8076118E-01
* ELEM  724  line segment
 1, 1159, 1137
*
  3.7200000E+00, 6.7007612E+00, 0.0000000E+00, -3.8076118E-01
* ELEM  725  circular arc
 3, 1167, 1160
*
  3.0700000E+00, 6.9700000E+00, 5.1500000E-01, 2.9250000E+02, 4.5000000E+01
* ELEM  726  line segment
 1, 1160, 1163
*
  3.5457980E+00, 6.7729180E+00, 1.7420204E-01, -7.2156848E-02
* ELEM  727  circular arc
 3, 1167, 1163
*
  3.0700000E+00, 6.9700000E+00, 5.1500000E-01, 0.0000000E+00, 2.2500000E+01
* ELEM  728  circular arc
 3, 1167, 1166
*
  3.0700000E+00, 6.9700000E+00, 5.1500000E-01, 2.2500000E+01, 4.5000000E+01
* ELEM  729  circular arc
 3, 1167, 1164
*
  3.0700000E+00, 6.9700000E+00, 5.1500000E-01, 6.7500000E+01, 4.5000000E+01
* ELEM  730  circular arc
 3, 1167, 1162
*
  3.0700000E+00, 6.9700000E+00, 5.1500000E-01, 1.1250000E+02, 4.5000000E+01
* ELEM  731  circular arc
 3, 1167, 1163
*
  3.0700000E+00, 6.9700000E+00, 5.1500000E-01, 3.3750000E+02, 2.2500000E+01
* ELEM  732  circle
 2, 1168, 1167
*
  3.0700000E+00, 6.9700000E+00, 4.4700000E-01, 0.0000000E+00
* ELEM  733  line segment
 1, 1137, 1139
*
  3.7200000E+00, 6.7007612E+00, 3.8076118E-01, -3.8076118E-01
* ELEM  734  line segment
 1, 1140, 1139
*
  3.8942020E+00, 6.7729180E+00, -1.7420204E-01, -7.2156848E-02
* ELEM  735  circular arc
 3, 1149, 1139
*
  4.3700000E+00, 6.9700000E+00, 5.1500000E-01, 2.0250000E+02, 4.5000000E+01
* ELEM  736  line segment
 1, 1139, 1138
*
  4.1729180E+00, 6.4942020E+00, -7.2156848E-02, -1.7420204E-01
* ELEM  737  circular arc
 3, 1149, 1138
*
  4.3700000E+00, 6.9700000E+00, 5.1500000E-01, 2.4750000E+02, 4.5000000E+01
* ELEM  738  line segment
 1, 1138, 1142
*
  4.5670820E+00, 6.4942020E+00, 7.2156848E-02, -1.7420204E-01
* ELEM  739  line segment
 1, 1274, 1138
*
  4.1007612E+00, 6.3200000E+00, 5.3847763E-01, 0.0000000E+00
* ELEM  740  line segment
 1, 1276, 1274
*
  4.5670820E+00, 6.1457980E+00, 7.2156848E-02, 1.7420204E-01
* ELEM  741  line segment
 1, 1424, 1422
*
  5.8670820E+00, 4.8457980E+00, 7.2156848E-02, 1.7420204E-01
* ELEM  742  line segment
 1, 177, 180
*
  6.1457980E+00, 3.2670820E+00, 1.7420204E-01, 7.2156848E-02
* ELEM  743  line segment
 1, 179, 180
*
  6.3200000E+00, 3.3392388E+00, -3.8076118E-01, 3.8076118E-01
* ELEM  744  line segment
 1, 1417, 179
*
  6.3200000E+00, 3.7200000E+00, -3.8076118E-01, 0.0000000E+00
* ELEM  745  line segment
 1, 1513, 179
*
  6.3200000E+00, 3.3392388E+00, 0.0000000E+00, 3.8076118E-01
* ELEM  746  line segment
 1, 1417, 1418
*
  5.9392388E+00, 3.7200000E+00, 3.8076118E-01, 3.8076118E-01
* ELEM  747  line segment
 1, 1417, 1395
*
  6.3200000E+00, 4.1007612E+00, 0.0000000E+00, -3.8076118E-01
* ELEM  748  line segment
 1, 1418, 1421
*
  6.1457980E+00, 4.1729180E+00, 1.7420204E-01, -7.2156848E-02
* ELEM  749  line segment
 1, 1507, 1509
*
  6.3200000E+00, 2.8007612E+00, 3.8076118E-01, -3.8076118E-01
* ELEM  750  line segment
 1, 1621, 1507
*
  6.3200000E+00, 2.4200000E+00, 3.8076118E-01, 0.0000000E+00
* ELEM  751  line segment
 1, 1510, 177
*
  6.3200000E+00, 2.8007612E+00, 0.0000000E+00, 5.3847763E-01
* ELEM  752  line segment
 1, 1510, 1509
*
  6.4942020E+00, 2.8729180E+00, -1.7420204E-01, -7.2156848E-02
* ELEM  753  circular arc
 3, 1519, 1509
*
  6.9700000E+00, 3.0700000E+00, 5.1500000E-01, 2.0250000E+02, 4.5000000E+01
* ELEM  754  line segment
 1, 1509, 1508
*
  6.7729180E+00, 2.5942020E+00, -7.2156848E-02, -1.7420204E-01
* ELEM  755  line segment
 1, 1514, 1510
*
  6.4942020E+00, 3.2670820E+00, -1.7420204E-01, 7.2156848E-02
* ELEM  756  circular arc
 3, 1519, 1510
*
  6.9700000E+00, 3.0700000E+00, 5.1500000E-01, 1.5750000E+02, 4.5000000E+01
* ELEM  757  line segment
 1, 1621, 1622
*
  6.7007612E+00, 2.4200000E+00, -3.8076118E-01, -3.8076118E-01
* ELEM  758  line segment
 1, 1624, 1622
*
  6.7729180E+00, 2.2457980E+00, -7.2156848E-02, 1.7420204E-01
* ELEM  759  circular arc
 3, 1627, 1622
*
  6.9700000E+00, 1.7700000E+00, 5.1500000E-01, 1.1250000E+02, 4.5000000E+01
* ELEM  760  circular arc
 3, 215, 213
*
  6.3200000E+00, 6.3200000E+00, 1.2450000E+00, 0.0000000E+00, 4.5000000E+01
* ELEM  761  circular arc
 3, 215, 214
*
  6.3200000E+00, 6.3200000E+00, 1.2450000E+00, 4.5000000E+01, 4.5000000E+01
* ELEM  762  circular arc
 3, 215, 212
*
  6.3200000E+00, 6.3200000E+00, 1.2450000E+00, 9.0000000E+01, 4.5000000E+01
* ELEM  763  circular arc
 3, 215, 210
*
  6.3200000E+00, 6.3200000E+00, 1.2450000E+00, 1.3500000E+02, 4.5000000E+01
* ELEM  764  circular arc
 3, 215, 209
*
  6.3200000E+00, 6.3200000E+00, 1.2450000E+00, 2.7000000E+02, 4.5000000E+01
* ELEM  765  circular arc
 3, 215, 211
*
  6.3200000E+00, 6.3200000E+00, 1.2450000E+00, 3.1500000E+02, 4.5000000E+01
* ELEM  766  circle
 2, 216, 215
*
  6.3200000E+00, 6.3200000E+00, 1.1700000E+00, 0.0000000E+00
* ELEM  767  line segment
 1, 1275, 1276
*
  5.0200000E+00, 5.9392388E+00, -3.8076118E-01, 3.8076118E-01
* ELEM  768  line segment
 1, 1275, 1141
*
  4.6392388E+00, 6.3200000E+00, 3.8076118E-01, 0.0000000E+00
* ELEM  769  circular arc
 3, 1627, 1616
*
  6.9700000E+00, 1.7700000E+00, 5.1500000E-01, 2.4750000E+02, 4.5000000E+01
* ELEM  770  line segment
 1, 1616, 1620
*
  7.1670820E+00, 1.2942020E+00, 7.2156848E-02, -1.7420204E-01
* ELEM  771  line segment
 1, 1708, 1616
*
  6.7007612E+00, 1.1200000E+00, 5.3847763E-01, 0.0000000E+00
* ELEM  772  circular arc
 3, 1627, 1623
*
  6.9700000E+00, 1.7700000E+00, 5.1500000E-01, 0.0000000E+00, 2.2500000E+01
* ELEM  773  circular arc
 3, 1627, 1626
*
  6.9700000E+00, 1.7700000E+00, 5.1500000E-01, 2.2500000E+01, 4.5000000E+01
* ELEM  774  circular arc
 3, 1627, 1624
*
  6.9700000E+00, 1.7700000E+00, 5.1500000E-01, 6.7500000E+01, 4.5000000E+01
* ELEM  775  circular arc
 3, 1627, 1620
*
  6.9700000E+00, 1.7700000E+00, 5.1500000E-01, 2.9250000E+02, 4.5000000E+01
* ELEM  776  circular arc
 3, 1627, 1623
*
  6.9700000E+00, 1.7700000E+00, 5.1500000E-01, 3.3750000E+02, 2.2500000E+01
* ELEM  777  circle
 2, 1628, 1627
*
  6.9700000E+00, 1.7700000E+00, 4.4700000E-01, 0.0000000E+00
* ELEM  778  line segment
 1, 1043, 1697
*
  1.1200000E+00, 7.6200000E+00, 0.0000000E+00, 3.8076118E-01
* ELEM  779  line segment
 1, 1043, 1045
*
  1.1200000E+00, 8.0007612E+00, 3.8076118E-01, -3.8076118E-01
* ELEM  780  line segment
 1, 1046, 1045
*
  1.2942020E+00, 8.0729180E+00, -1.7420204E-01, -7.2156848E-02
* ELEM  781  circular arc
 3, 1055, 1045
*
  1.7700000E+00, 8.2700000E+00, 5.1500000E-01, 2.0250000E+02, 4.5000000E+01
* ELEM  782  line segment
 1, 1045, 1044
*
  1.5729180E+00, 7.7942020E+00, -7.2156848E-02, -1.7420204E-01
* ELEM  783  circular arc
 3, 1055, 1044
*
  1.7700000E+00, 8.2700000E+00, 5.1500000E-01, 2.4750000E+02, 4.5000000E+01
* ELEM  784  line segment
 1, 1044, 1048
*
  1.9670820E+00, 7.7942020E+00, 7.2156848E-02, -1.7420204E-01
* ELEM  785  line segment
 1, 1182, 1044
*
  1.5007612E+00, 7.6200000E+00, 5.3847763E-01, 0.0000000E+00
* ELEM  786  line segment
 1, 1184, 1182
*
  1.9670820E+00, 7.4457980E+00, 7.2156848E-02, 1.7420204E-01
* ELEM  787  line segment
 1, 1161, 1162
*
  2.8007612E+00, 7.6200000E+00, -3.8076118E-01, -3.8076118E-01
* ELEM  788  line segment
 1, 1164, 1162
*
  2.8729180E+00, 7.4457980E+00, -7.2156848E-02, 1.7420204E-01
* ELEM  789  line segment
 1, 1183, 1184
*
  2.4200000E+00, 7.2392388E+00, -3.8076118E-01, 3.8076118E-01
* ELEM  790  line segment
 1, 1183, 1047
*
  2.0392388E+00, 7.6200000E+00, 3.8076118E-01, 0.0000000E+00
* ELEM  791  line segment
 1, 1183, 1161
*
  2.4200000E+00, 7.6200000E+00, 0.0000000E+00, -3.8076118E-01
* ELEM  792  line segment
 1, 1161, 255
*
  2.4200000E+00, 7.6200000E+00, 3.8076118E-01, 0.0000000E+00
* ELEM  793  line segment
 1, 1163, 1140
*
  3.7200000E+00, 7.2392388E+00, 0.0000000E+00, -5.3847763E-01
* ELEM  794  line segment
 1, 1144, 1140
*
  3.8942020E+00, 7.1670820E+00, -1.7420204E-01, 7.2156848E-02
* ELEM  795  circular arc
 3, 1149, 1140
*
  4.3700000E+00, 6.9700000E+00, 5.1500000E-01, 1.5750000E+02, 4.5000000E+01
* ELEM  796  line segment
 1, 1163, 1166
*
  3.5457980E+00, 7.1670820E+00, 1.7420204E-01, 7.2156848E-02
* ELEM  797  circular arc
 3, 1149, 1145
*
  4.3700000E+00, 6.9700000E+00, 5.1500000E-01, 0.0000000E+00, 2.2500000E+01
* ELEM  798  circular arc
 3, 1149, 1148
*
  4.3700000E+00, 6.9700000E+00, 5.1500000E-01, 2.2500000E+01, 4.5000000E+01
* ELEM  799  circular arc
 3, 1149, 1146
*
  4.3700000E+00, 6.9700000E+00, 5.1500000E-01, 6.7500000E+01, 4.5000000E+01
* ELEM  800  circular arc
 3, 1149, 1144
*
  4.3700000E+00, 6.9700000E+00, 5.1500000E-01, 1.1250000E+02, 4.5000000E+01
* ELEM  801  circular arc
 3, 1149, 1142
*
  4.3700000E+00, 6.9700000E+00, 5.1500000E-01, 2.9250000E+02, 4.5000000E+01
* ELEM  802  circular arc
 3, 1149, 1145
*
  4.3700000E+00, 6.9700000E+00, 5.1500000E-01, 3.3750000E+02, 2.2500000E+01
* ELEM  803  circle
 2, 1150, 1149
*
  4.3700000E+00, 6.9700000E+00, 4.4700000E-01, 0.0000000E+00
* ELEM  804  line segment
 1, 1142, 1145
*
  4.8457980E+00, 6.7729180E+00, 1.7420204E-01, -7.2156848E-02
* ELEM  805  line segment
 1, 1141, 1142
*
  4.6392388E+00, 6.3200000E+00, 3.8076118E-01, 3.8076118E-01
* ELEM  806  line segment
 1, 210, 1141
*
  5.0200000E+00, 6.3200000E+00, 0.0000000E+00, 3.8076118E-01
* ELEM  807  line segment
 1, 1421, 1424
*
  6.1457980E+00, 4.5670820E+00, 1.7420204E-01, 7.2156848E-02
* ELEM  808  line segment
 1, 1423, 1424
*
  6.3200000E+00, 4.6392388E+00, -3.8076118E-01, 3.8076118E-01
* ELEM  809  line segment
 1, 1423, 1401
*
  6.3200000E+00, 5.0200000E+00, 0.0000000E+00, -3.8076118E-01
* ELEM  810  line segment
 1, 1513, 1514
*
  6.7007612E+00, 3.7200000E+00, -3.8076118E-01, -3.8076118E-01
* ELEM  811  line segment
 1, 1516, 1514
*
  6.7729180E+00, 3.5457980E+00, -7.2156848E-02, 1.7420204E-01
* ELEM  812  circular arc
 3, 1519, 1514
*
  6.9700000E+00, 3.0700000E+00, 5.1500000E-01, 1.1250000E+02, 4.5000000E+01
* ELEM  813  line segment
 1, 1513, 1395
*
  6.3200000E+00, 3.7200000E+00, 3.8076118E-01, 0.0000000E+00
* ELEM  814  line segment
 1, 1395, 1397
*
  6.3200000E+00, 4.1007612E+00, 3.8076118E-01, -3.8076118E-01
* ELEM  815  line segment
 1, 1398, 1397
*
  6.4942020E+00, 4.1729180E+00, -1.7420204E-01, -7.2156848E-02
* ELEM  816  circular arc
 3, 1407, 1397
*
  6.9700000E+00, 4.3700000E+00, 5.1500000E-01, 2.0250000E+02, 4.5000000E+01
* ELEM  817  line segment
 1, 1397, 1396
*
  6.7729180E+00, 3.8942020E+00, -7.2156848E-02, -1.7420204E-01
* ELEM  818  line segment
 1, 1421, 1398
*
  6.3200000E+00, 4.6392388E+00, 0.0000000E+00, -5.3847763E-01
* ELEM  819  line segment
 1, 1402, 1398
*
  6.4942020E+00, 4.5670820E+00, -1.7420204E-01, 7.2156848E-02
* ELEM  820  circular arc
 3, 1407, 1398
*
  6.9700000E+00, 4.3700000E+00, 5.1500000E-01, 1.5750000E+02, 4.5000000E+01
* ELEM  821  circular arc
 3, 1519, 1508
*
  6.9700000E+00, 3.0700000E+00, 5.1500000E-01, 2.4750000E+02, 4.5000000E+01
* ELEM  822  line segment
 1, 1508, 1512
*
  7.1670820E+00, 2.5942020E+00, 7.2156848E-02, -1.7420204E-01
* ELEM  823  line segment
 1, 1624, 1508
*
  6.7007612E+00, 2.4200000E+00, 5.3847763E-01, 0.0000000E+00
* ELEM  824  line segment
 1, 1626, 1624
*
  7.1670820E+00, 2.2457980E+00, 7.2156848E-02, 1.7420204E-01
* ELEM  825  circular arc
 3, 1519, 1515
*
  6.9700000E+00, 3.0700000E+00, 5.1500000E-01, 0.0000000E+00, 2.2500000E+01
* ELEM  826  circular arc
 3, 1519, 1518
*
  6.9700000E+00, 3.0700000E+00, 5.1500000E-01, 2.2500000E+01, 4.5000000E+01
* ELEM  827  circular arc
 3, 1519, 1516
*
  6.9700000E+00, 3.0700000E+00, 5.1500000E-01, 6.7500000E+01, 4.5000000E+01
* ELEM  828  circular arc
 3, 1519, 1512
*
  6.9700000E+00, 3.0700000E+00, 5.1500000E-01, 2.9250000E+02, 4.5000000E+01
* ELEM  829  circular arc
 3, 1519, 1515
*
  6.9700000E+00, 3.0700000E+00, 5.1500000E-01, 3.3750000E+02, 2.2500000E+01
* ELEM  830  circle
 2, 1520, 1519
*
  6.9700000E+00, 3.0700000E+00, 4.4700000E-01, 0.0000000E+00
* ELEM  831  line segment
 1, 209, 211
*
  7.2003479E+00, 5.4396521E+00, 4.1965206E-01, -4.1965206E-01
* ELEM  832  line segment
 1, 209, 1401
*
  6.7007612E+00, 5.0200000E+00, -3.8076118E-01, 0.0000000E+00
* ELEM  833  line segment
 1, 209, 1404
*
  7.2392388E+00, 5.0200000E+00, -5.3847763E-01, 0.0000000E+00
* ELEM  834  line segment
 1, 209, 1405
*
  7.6200000E+00, 5.0200000E+00, -3.8076118E-01, 0.0000000E+00
* ELEM  835  line segment
 1, 210, 1147
*
  5.0200000E+00, 7.2392388E+00, 0.0000000E+00, 3.8076118E-01
* ELEM  836  line segment
 1, 210, 1145
*
  5.0200000E+00, 6.7007612E+00, 0.0000000E+00, 5.3847763E-01
* ELEM  837  line segment
 1, 212, 210
*
  5.4396521E+00, 7.2003479E+00, -4.1965206E-01, 4.1965206E-01
* ELEM  838  line segment
 1, 1619, 1620
*
  7.2392388E+00, 1.1200000E+00, 3.8076118E-01, 3.8076118E-01
* ELEM  839  line segment
 1, 1619, 1597
*
  7.6200000E+00, 1.5007612E+00, 0.0000000E+00, -3.8076118E-01
* ELEM  840  line segment
 1, 1619, 1708
*
  7.6200000E+00, 1.1200000E+00, -3.8076118E-01, 0.0000000E+00
* ELEM  841  line segment
 1, 1620, 1623
*
  7.4457980E+00, 1.5729180E+00, 1.7420204E-01, -7.2156848E-02
* ELEM  842  line segment
 1, 1697, 1046
*
  1.1200000E+00, 8.5392388E+00, 0.0000000E+00, -5.3847763E-01
* ELEM  843  line segment
 1, 1050, 1046
*
  1.2942020E+00, 8.4670820E+00, -1.7420204E-01, 7.2156848E-02
* ELEM  844  circular arc
 3, 1055, 1046
*
  1.7700000E+00, 8.2700000E+00, 5.1500000E-01, 1.5750000E+02, 4.5000000E+01
* ELEM  845  circular arc
 3, 1055, 1051
*
  1.7700000E+00, 8.2700000E+00, 5.1500000E-01, 0.0000000E+00, 2.2500000E+01
* ELEM  846  circular arc
 3, 1055, 1054
*
  1.7700000E+00, 8.2700000E+00, 5.1500000E-01, 2.2500000E+01, 4.5000000E+01
* ELEM  847  circular arc
 3, 1055, 1052
*
  1.7700000E+00, 8.2700000E+00, 5.1500000E-01, 6.7500000E+01, 4.5000000E+01
* ELEM  848  circular arc
 3, 1055, 1050
*
  1.7700000E+00, 8.2700000E+00, 5.1500000E-01, 1.1250000E+02, 4.5000000E+01
* ELEM  849  circular arc
 3, 1055, 1048
*
  1.7700000E+00, 8.2700000E+00, 5.1500000E-01, 2.9250000E+02, 4.5000000E+01
* ELEM  850  circular arc
 3, 1055, 1051
*
  1.7700000E+00, 8.2700000E+00, 5.1500000E-01, 3.3750000E+02, 2.2500000E+01
* ELEM  851  circle
 2, 1056, 1055
*
  1.7700000E+00, 8.2700000E+00, 4.4700000E-01, 0.0000000E+00
* ELEM  852  line segment
 1, 1048, 1051
*
  2.2457980E+00, 8.0729180E+00, 1.7420204E-01, -7.2156848E-02
* ELEM  853  line segment
 1, 1047, 1048
*
  2.0392388E+00, 7.6200000E+00, 3.8076118E-01, 3.8076118E-01
* ELEM  854  line segment
 1, 1047, 255
*
  2.4200000E+00, 8.0007612E+00, 0.0000000E+00, -3.8076118E-01
* ELEM  855  line segment
 1, 255, 257
*
  2.4200000E+00, 8.0007612E+00, 3.8076118E-01, -3.8076118E-01
* ELEM  856  line segment
 1, 258, 257
*
  2.5942020E+00, 8.0729180E+00, -1.7420204E-01, -7.2156848E-02
* ELEM  857  circular arc
 3, 267, 257
*
  3.0700000E+00, 8.2700000E+00, 5.1500000E-01, 2.0250000E+02, 4.5000000E+01
* ELEM  858  line segment
 1, 257, 256
*
  2.8729180E+00, 7.7942020E+00, -7.2156848E-02, -1.7420204E-01
* ELEM  859  circular arc
 3, 267, 256
*
  3.0700000E+00, 8.2700000E+00, 5.1500000E-01, 2.4750000E+02, 4.5000000E+01
* ELEM  860  line segment
 1, 256, 260
*
  3.2670820E+00, 7.7942020E+00, 7.2156848E-02, -1.7420204E-01
* ELEM  861  line segment
 1, 1164, 256
*
  2.8007612E+00, 7.6200000E+00, 5.3847763E-01, 0.0000000E+00
* ELEM  862  line segment
 1, 1166, 1164
*
  3.2670820E+00, 7.4457980E+00, 7.2156848E-02, 1.7420204E-01
* ELEM  863  line segment
 1, 1143, 1144
*
  4.1007612E+00, 7.6200000E+00, -3.8076118E-01, -3.8076118E-01
* ELEM  864  line segment
 1, 1146, 1144
*
  4.1729180E+00, 7.4457980E+00, -7.2156848E-02, 1.7420204E-01
* ELEM  865  line segment
 1, 1165, 1166
*
  3.7200000E+00, 7.2392388E+00, -3.8076118E-01, 3.8076118E-01
* ELEM  866  line segment
 1, 1165, 259
*
  3.3392388E+00, 7.6200000E+00, 3.8076118E-01, 0.0000000E+00
* ELEM  867  line segment
 1, 1165, 1143
*
  3.7200000E+00, 7.6200000E+00, 0.0000000E+00, -3.8076118E-01
* ELEM  868  line segment
 1, 1143, 235
*
  3.7200000E+00, 7.6200000E+00, 3.8076118E-01, 0.0000000E+00
* ELEM  869  line segment
 1, 1145, 1148
*
  4.8457980E+00, 7.1670820E+00, 1.7420204E-01, 7.2156848E-02
* ELEM  870  line segment
 1, 1401, 1402
*
  6.7007612E+00, 5.0200000E+00, -3.8076118E-01, -3.8076118E-01
* ELEM  871  line segment
 1, 1404, 1402
*
  6.7729180E+00, 4.8457980E+00, -7.2156848E-02, 1.7420204E-01
* ELEM  872  circular arc
 3, 1407, 1402
*
  6.9700000E+00, 4.3700000E+00, 5.1500000E-01, 1.1250000E+02, 4.5000000E+01
* ELEM  873  circular arc
 3, 1407, 1396
*
  6.9700000E+00, 4.3700000E+00, 5.1500000E-01, 2.4750000E+02, 4.5000000E+01
* ELEM  874  line segment
 1, 1396, 1400
*
  7.1670820E+00, 3.8942020E+00, 7.2156848E-02, -1.7420204E-01
* ELEM  875  line segment
 1, 1516, 1396
*
  6.7007612E+00, 3.7200000E+00, 5.3847763E-01, 0.0000000E+00
* ELEM  876  line segment
 1, 1518, 1516
*
  7.1670820E+00, 3.5457980E+00, 7.2156848E-02, 1.7420204E-01
* ELEM  877  circular arc
 3, 1407, 1403
*
  6.9700000E+00, 4.3700000E+00, 5.1500000E-01, 0.0000000E+00, 2.2500000E+01
* ELEM  878  circular arc
 3, 1407, 1406
*
  6.9700000E+00, 4.3700000E+00, 5.1500000E-01, 2.2500000E+01, 4.5000000E+01
* ELEM  879  circular arc
 3, 1407, 1404
*
  6.9700000E+00, 4.3700000E+00, 5.1500000E-01, 6.7500000E+01, 4.5000000E+01
* ELEM  880  circular arc
 3, 1407, 1400
*
  6.9700000E+00, 4.3700000E+00, 5.1500000E-01, 2.9250000E+02, 4.5000000E+01
* ELEM  881  circular arc
 3, 1407, 1403
*
  6.9700000E+00, 4.3700000E+00, 5.1500000E-01, 3.3750000E+02, 2.2500000E+01
* ELEM  882  circle
 2, 1408, 1407
*
  6.9700000E+00, 4.3700000E+00, 4.4700000E-01, 0.0000000E+00
* ELEM  883  line segment
 1, 1512, 1515
*
  7.4457980E+00, 2.8729180E+00, 1.7420204E-01, -7.2156848E-02
* ELEM  884  line segment
 1, 1511, 1512
*
  7.2392388E+00, 2.4200000E+00, 3.8076118E-01, 3.8076118E-01
* ELEM  885  line segment
 1, 1511, 291
*
  7.6200000E+00, 2.8007612E+00, 0.0000000E+00, -3.8076118E-01
* ELEM  886  line segment
 1, 1625, 1511
*
  7.2392388E+00, 2.4200000E+00, 3.8076118E-01, 0.0000000E+00
* ELEM  887  line segment
 1, 1623, 1626
*
  7.4457980E+00, 1.9670820E+00, 1.7420204E-01, 7.2156848E-02
* ELEM  888  line segment
 1, 1625, 1626
*
  7.6200000E+00, 2.0392388E+00, -3.8076118E-01, 3.8076118E-01
* ELEM  889  line segment
 1, 1625, 1603
*
  7.6200000E+00, 2.4200000E+00, 0.0000000E+00, -3.8076118E-01
* ELEM  890  line segment
 1, 211, 213
*
  7.5650000E+00, 6.3200000E+00, 5.5000000E-02, 0.0000000E+00
* ELEM  891  line segment
 1, 211, 1245
*
  7.6200000E+00, 5.4007612E+00, 0.0000000E+00, -3.8076118E-01
* ELEM  892  line segment
 1, 211, 1248
*
  7.6200000E+00, 5.9392388E+00, 0.0000000E+00, -5.3847763E-01
* ELEM  893  line segment
 1, 211, 1251
*
  7.6200000E+00, 6.3200000E+00, 0.0000000E+00, -3.8076118E-01
* ELEM  894  line segment
 1, 212, 1029
*
  5.9392388E+00, 7.6200000E+00, 3.8076118E-01, 0.0000000E+00
* ELEM  895  line segment
 1, 212, 1026
*
  5.4007612E+00, 7.6200000E+00, 5.3847763E-01, 0.0000000E+00
* ELEM  896  line segment
 1, 212, 1025
*
  5.0200000E+00, 7.6200000E+00, 3.8076118E-01, 0.0000000E+00
* ELEM  897  line segment
 1, 214, 212
*
  6.3200000E+00, 7.5650000E+00, 0.0000000E+00, 5.5000000E-02
* ELEM  898  line segment
 1, 1597, 1599
*
  7.6200000E+00, 1.5007612E+00, 3.8076118E-01, -3.8076118E-01
* ELEM  899  line segment
 1, 1597, 1700
*
  8.0007612E+00, 1.1200000E+00, -3.8076118E-01, 0.0000000E+00
* ELEM  900  line segment
 1, 1600, 1599
*
  7.7942020E+00, 1.5729180E+00, -1.7420204E-01, -7.2156848E-02
* ELEM  901  circular arc
 3, 1609, 1599
*
  8.2700000E+00, 1.7700000E+00, 5.1500000E-01, 2.0250000E+02, 4.5000000E+01
* ELEM  902  line segment
 1, 1599, 1598
*
  8.0729180E+00, 1.2942020E+00, -7.2156848E-02, -1.7420204E-01
* ELEM  903  line segment
 1, 1623, 1600
*
  7.6200000E+00, 2.0392388E+00, 0.0000000E+00, -5.3847763E-01
* ELEM  904  line segment
 1, 1604, 1600
*
  7.7942020E+00, 1.9670820E+00, -1.7420204E-01, 7.2156848E-02
* ELEM  905  circular arc
 3, 1609, 1600
*
  8.2700000E+00, 1.7700000E+00, 5.1500000E-01, 1.5750000E+02, 4.5000000E+01
* ELEM  906  line segment
 1, 1049, 1050
*
  1.5007612E+00, 8.9200000E+00, -3.8076118E-01, -3.8076118E-01
* ELEM  907  line segment
 1, 1052, 1050
*
  1.5729180E+00, 8.7457980E+00, -7.2156848E-02, 1.7420204E-01
* ELEM  908  line segment
 1, 1049, 1697
*
  1.1200000E+00, 8.5392388E+00, 0.0000000E+00, 3.8076118E-01
* ELEM  909  line segment
 1, 1049, 953
*
  1.1200000E+00, 8.9200000E+00, 3.8076118E-01, 0.0000000E+00
* ELEM  910  line segment
 1, 1051, 258
*
  2.4200000E+00, 8.5392388E+00, 0.0000000E+00, -5.3847763E-01
* ELEM  911  line segment
 1, 262, 258
*
  2.5942020E+00, 8.4670820E+00, -1.7420204E-01, 7.2156848E-02
* ELEM  912  circular arc
 3, 267, 258
*
  3.0700000E+00, 8.2700000E+00, 5.1500000E-01, 1.5750000E+02, 4.5000000E+01
* ELEM  913  line segment
 1, 1051, 1054
*
  2.2457980E+00, 8.4670820E+00, 1.7420204E-01, 7.2156848E-02
* ELEM  914  circular arc
 3, 267, 263
*
  3.0700000E+00, 8.2700000E+00, 5.1500000E-01, 0.0000000E+00, 2.2500000E+01
* ELEM  915  circular arc
 3, 267, 266
*
  3.0700000E+00, 8.2700000E+00, 5.1500000E-01, 2.2500000E+01, 4.5000000E+01
* ELEM  916  circular arc
 3, 267, 264
*
  3.0700000E+00, 8.2700000E+00, 5.1500000E-01, 6.7500000E+01, 4.5000000E+01
* ELEM  917  circular arc
 3, 267, 262
*
  3.0700000E+00, 8.2700000E+00, 5.1500000E-01, 1.1250000E+02, 4.5000000E+01
* ELEM  918  circular arc
 3, 267, 260
*
  3.0700000E+00, 8.2700000E+00, 5.1500000E-01, 2.9250000E+02, 4.5000000E+01
* ELEM  919  circular arc
 3, 267, 263
*
  3.0700000E+00, 8.2700000E+00, 5.1500000E-01, 3.3750000E+02, 2.2500000E+01
* ELEM  920  circle
 2, 268, 267
*
  3.0700000E+00, 8.2700000E+00, 4.4700000E-01, 0.0000000E+00
* ELEM  921  line segment
 1, 260, 263
*
  3.5457980E+00, 8.0729180E+00, 1.7420204E-01, -7.2156848E-02
* ELEM  922  line segment
 1, 259, 260
*
  3.3392388E+00, 7.6200000E+00, 3.8076118E-01, 3.8076118E-01
* ELEM  923  line segment
 1, 259, 235
*
  3.7200000E+00, 8.0007612E+00, 0.0000000E+00, -3.8076118E-01
* ELEM  924  line segment
 1, 235, 237
*
  3.7200000E+00, 8.0007612E+00, 3.8076118E-01, -3.8076118E-01
* ELEM  925  line segment
 1, 238, 237
*
  3.8942020E+00, 8.0729180E+00, -1.7420204E-01, -7.2156848E-02
* ELEM  926  circular arc
 3, 247, 237
*
  4.3700000E+00, 8.2700000E+00, 5.1500000E-01, 2.0250000E+02, 4.5000000E+01
* ELEM  927  line segment
 1, 237, 236
*
  4.1729180E+00, 7.7942020E+00, -7.2156848E-02, -1.7420204E-01
* ELEM  928  circular arc
 3, 247, 236
*
  4.3700000E+00, 8.2700000E+00, 5.1500000E-01, 2.4750000E+02, 4.5000000E+01
* ELEM  929  line segment
 1, 236, 240
*
  4.5670820E+00, 7.7942020E+00, 7.2156848E-02, -1.7420204E-01
* ELEM  930  line segment
 1, 1146, 236
*
  4.1007612E+00, 7.6200000E+00, 5.3847763E-01, 0.0000000E+00
* ELEM  931  line segment
 1, 1148, 1146
*
  4.5670820E+00, 7.4457980E+00, 7.2156848E-02, 1.7420204E-01
* ELEM  932  line segment
 1, 1147, 1148
*
  5.0200000E+00, 7.2392388E+00, -3.8076118E-01, 3.8076118E-01
* ELEM  933  line segment
 1, 1147, 239
*
  4.6392388E+00, 7.6200000E+00, 3.8076118E-01, 0.0000000E+00
* ELEM  934  line segment
 1, 1406, 1404
*
  7.1670820E+00, 4.8457980E+00, 7.2156848E-02, 1.7420204E-01
* ELEM  935  line segment
 1, 1400, 1403
*
  7.4457980E+00, 4.1729180E+00, 1.7420204E-01, -7.2156848E-02
* ELEM  936  line segment
 1, 1399, 1400
*
  7.2392388E+00, 3.7200000E+00, 3.8076118E-01, 3.8076118E-01
* ELEM  937  line segment
 1, 1399, 1377
*
  7.6200000E+00, 4.1007612E+00, 0.0000000E+00, -3.8076118E-01
* ELEM  938  line segment
 1, 1517, 1399
*
  7.2392388E+00, 3.7200000E+00, 3.8076118E-01, 0.0000000E+00
* ELEM  939  line segment
 1, 1515, 1518
*
  7.4457980E+00, 3.2670820E+00, 1.7420204E-01, 7.2156848E-02
* ELEM  940  line segment
 1, 1517, 1518
*
  7.6200000E+00, 3.3392388E+00, -3.8076118E-01, 3.8076118E-01
* ELEM  941  line segment
 1, 1517, 297
*
  7.6200000E+00, 3.7200000E+00, 0.0000000E+00, -3.8076118E-01
* ELEM  942  line segment
 1, 291, 293
*
  7.6200000E+00, 2.8007612E+00, 3.8076118E-01, -3.8076118E-01
* ELEM  943  line segment
 1, 1603, 291
*
  7.6200000E+00, 2.4200000E+00, 3.8076118E-01, 0.0000000E+00
* ELEM  944  line segment
 1, 294, 293
*
  7.7942020E+00, 2.8729180E+00, -1.7420204E-01, -7.2156848E-02
* ELEM  945  circular arc
 3, 303, 293
*
  8.2700000E+00, 3.0700000E+00, 5.1500000E-01, 2.0250000E+02, 4.5000000E+01
* ELEM  946  line segment
 1, 293, 292
*
  8.0729180E+00, 2.5942020E+00, -7.2156848E-02, -1.7420204E-01
* ELEM  947  line segment
 1, 1515, 294
*
  7.6200000E+00, 3.3392388E+00, 0.0000000E+00, -5.3847763E-01
* ELEM  948  line segment
 1, 298, 294
*
  7.7942020E+00, 3.2670820E+00, -1.7420204E-01, 7.2156848E-02
* ELEM  949  circular arc
 3, 303, 294
*
  8.2700000E+00, 3.0700000E+00, 5.1500000E-01, 1.5750000E+02, 4.5000000E+01
* ELEM  950  line segment
 1, 1603, 1604
*
  8.0007612E+00, 2.4200000E+00, -3.8076118E-01, -3.8076118E-01
* ELEM  951  line segment
 1, 1606, 1604
*
  8.0729180E+00, 2.2457980E+00, -7.2156848E-02, 1.7420204E-01
* ELEM  952  circular arc
 3, 1609, 1604
*
  8.2700000E+00, 1.7700000E+00, 5.1500000E-01, 1.1250000E+02, 4.5000000E+01
* ELEM  953  line segment
 1, 1405, 1406
*
  7.6200000E+00, 4.6392388E+00, -3.8076118E-01, 3.8076118E-01
* ELEM  954  line segment
 1, 1405, 1383
*
  7.6200000E+00, 5.0200000E+00, 0.0000000E+00, -3.8076118E-01
* ELEM  955  line segment
 1, 1245, 1247
*
  7.6200000E+00, 5.4007612E+00, 3.8076118E-01, -3.8076118E-01
* ELEM  956  line segment
 1, 1383, 1245
*
  7.6200000E+00, 5.0200000E+00, 3.8076118E-01, 0.0000000E+00
* ELEM  957  line segment
 1, 1383, 1384
*
  8.0007612E+00, 5.0200000E+00, -3.8076118E-01, -3.8076118E-01
* ELEM  958  line segment
 1, 213, 214
*
  7.2003479E+00, 7.2003479E+00, 4.1965206E-01, 4.1965206E-01
* ELEM  959  line segment
 1, 213, 99
*
  7.6200000E+00, 6.7007612E+00, 0.0000000E+00, -3.8076118E-01
* ELEM  960  line segment
 1, 213, 102
*
  7.6200000E+00, 7.2392388E+00, 0.0000000E+00, -5.3847763E-01
* ELEM  961  line segment
 1, 213, 105
*
  7.6200000E+00, 7.6200000E+00, 0.0000000E+00, -3.8076118E-01
* ELEM  962  line segment
 1, 1025, 239
*
  5.0200000E+00, 7.6200000E+00, 0.0000000E+00, 3.8076118E-01
* ELEM  963  line segment
 1, 1025, 1027
*
  5.0200000E+00, 8.0007612E+00, 3.8076118E-01, -3.8076118E-01
* ELEM  964  line segment
 1, 239, 240
*
  4.6392388E+00, 7.6200000E+00, 3.8076118E-01, 3.8076118E-01
* ELEM  965  line segment
 1, 214, 89
*
  7.2392388E+00, 7.6200000E+00, 3.8076118E-01, 0.0000000E+00
* ELEM  966  line segment
 1, 214, 86
*
  6.7007612E+00, 7.6200000E+00, 5.3847763E-01, 0.0000000E+00
* ELEM  967  line segment
 1, 214, 85
*
  6.3200000E+00, 7.6200000E+00, 3.8076118E-01, 0.0000000E+00
* ELEM  968  circular arc
 3, 1609, 1598
*
  8.2700000E+00, 1.7700000E+00, 5.1500000E-01, 2.4750000E+02, 4.5000000E+01
* ELEM  969  line segment
 1, 1598, 1602
*
  8.4670820E+00, 1.2942020E+00, 7.2156848E-02, -1.7420204E-01
* ELEM  970  line segment
 1, 1700, 1598
*
  8.0007612E+00, 1.1200000E+00, 5.3847763E-01, 0.0000000E+00
* ELEM  971  circular arc
 3, 1609, 1605
*
  8.2700000E+00, 1.7700000E+00, 5.1500000E-01, 0.0000000E+00, 2.2500000E+01
* ELEM  972  circular arc
 3, 1609, 1608
*
  8.2700000E+00, 1.7700000E+00, 5.1500000E-01, 2.2500000E+01, 4.5000000E+01
* ELEM  973  circular arc
 3, 1609, 1606
*
  8.2700000E+00, 1.7700000E+00, 5.1500000E-01, 6.7500000E+01, 4.5000000E+01
* ELEM  974  circular arc
 3, 1609, 1602
*
  8.2700000E+00, 1.7700000E+00, 5.1500000E-01, 2.9250000E+02, 4.5000000E+01
* ELEM  975  circular arc
 3, 1609, 1605
*
  8.2700000E+00, 1.7700000E+00, 5.1500000E-01, 3.3750000E+02, 2.2500000E+01
* ELEM  976  circle
 2, 1610, 1609
*
  8.2700000E+00, 1.7700000E+00, 4.4700000E-01, 0.0000000E+00
* ELEM  977  line segment
 1, 953, 1709
*
  1.1200000E+00, 8.9200000E+00, 0.0000000E+00, 3.8076118E-01
* ELEM  978  line segment
 1, 953, 955
*
  1.1200000E+00, 9.3007612E+00, 3.8076118E-01, -3.8076118E-01
* ELEM  979  line segment
 1, 956, 955
*
  1.2942020E+00, 9.3729180E+00, -1.7420204E-01, -7.2156848E-02
* ELEM  980  circular arc
 3, 965, 955
*
  1.7700000E+00, 9.5700000E+00, 5.1500000E-01, 2.0250000E+02, 4.5000000E+01
* ELEM  981  line segment
 1, 955, 954
*
  1.5729180E+00, 9.0942020E+00, -7.2156848E-02, -1.7420204E-01
* ELEM  982  circular arc
 3, 965, 954
*
  1.7700000E+00, 9.5700000E+00, 5.1500000E-01, 2.4750000E+02, 4.5000000E+01
* ELEM  983  line segment
 1, 954, 958
*
  1.9670820E+00, 9.0942020E+00, 7.2156848E-02, -1.7420204E-01
* ELEM  984  line segment
 1, 1052, 954
*
  1.5007612E+00, 8.9200000E+00, 5.3847763E-01, 0.0000000E+00
* ELEM  985  line segment
 1, 1054, 1052
*
  1.9670820E+00, 8.7457980E+00, 7.2156848E-02, 1.7420204E-01
* ELEM  986  line segment
 1, 261, 262
*
  2.8007612E+00, 8.9200000E+00, -3.8076118E-01, -3.8076118E-01
* ELEM  987  line segment
 1, 264, 262
*
  2.8729180E+00, 8.7457980E+00, -7.2156848E-02, 1.7420204E-01
* ELEM  988  line segment
 1, 1053, 1054
*
  2.4200000E+00, 8.5392388E+00, -3.8076118E-01, 3.8076118E-01
* ELEM  989  line segment
 1, 1053, 957
*
  2.0392388E+00, 8.9200000E+00, 3.8076118E-01, 0.0000000E+00
* ELEM  990  line segment
 1, 1053, 261
*
  2.4200000E+00, 8.9200000E+00, 0.0000000E+00, -3.8076118E-01
* ELEM  991  line segment
 1, 261, 71
*
  2.4200000E+00, 8.9200000E+00, 3.8076118E-01, 0.0000000E+00
* ELEM  992  line segment
 1, 263, 238
*
  3.7200000E+00, 8.5392388E+00, 0.0000000E+00, -5.3847763E-01
* ELEM  993  line segment
 1, 242, 238
*
  3.8942020E+00, 8.4670820E+00, -1.7420204E-01, 7.2156848E-02
* ELEM  994  circular arc
 3, 247, 238
*
  4.3700000E+00, 8.2700000E+00, 5.1500000E-01, 1.5750000E+02, 4.5000000E+01
* ELEM  995  line segment
 1, 263, 266
*
  3.5457980E+00, 8.4670820E+00, 1.7420204E-01, 7.2156848E-02
* ELEM  996  circular arc
 3, 247, 243
*
  4.3700000E+00, 8.2700000E+00, 5.1500000E-01, 0.0000000E+00, 2.2500000E+01
* ELEM  997  circular arc
 3, 247, 246
*
  4.3700000E+00, 8.2700000E+00, 5.1500000E-01, 2.2500000E+01, 4.5000000E+01
* ELEM  998  circular arc
 3, 247, 244
*
  4.3700000E+00, 8.2700000E+00, 5.1500000E-01, 6.7500000E+01, 4.5000000E+01
* ELEM  999  circular arc
 3, 247, 242
*
  4.3700000E+00, 8.2700000E+00, 5.1500000E-01, 1.1250000E+02, 4.5000000E+01
* ELEM  1000  circular arc
 3, 247, 240
*
  4.3700000E+00, 8.2700000E+00, 5.1500000E-01, 2.9250000E+02, 4.5000000E+01
* ELEM  1001  circular arc
 3, 247, 243
*
  4.3700000E+00, 8.2700000E+00, 5.1500000E-01, 3.3750000E+02, 2.2500000E+01
* ELEM  1002  circle
 2, 248, 247
*
  4.3700000E+00, 8.2700000E+00, 4.4700000E-01, 0.0000000E+00
* ELEM  1003  line segment
 1, 240, 243
*
  4.8457980E+00, 8.0729180E+00, 1.7420204E-01, -7.2156848E-02
* ELEM  1004  line segment
 1, 1403, 1406
*
  7.4457980E+00, 4.5670820E+00, 1.7420204E-01, 7.2156848E-02
* ELEM  1005  line segment
 1, 1377, 1379
*
  7.6200000E+00, 4.1007612E+00, 3.8076118E-01, -3.8076118E-01
* ELEM  1006  line segment
 1, 1377, 297
*
  8.0007612E+00, 3.7200000E+00, -3.8076118E-01, 0.0000000E+00
* ELEM  1007  line segment
 1, 1380, 1379
*
  7.7942020E+00, 4.1729180E+00, -1.7420204E-01, -7.2156848E-02
* ELEM  1008  circular arc
 3, 1389, 1379
*
  8.2700000E+00, 4.3700000E+00, 5.1500000E-01, 2.0250000E+02, 4.5000000E+01
* ELEM  1009  line segment
 1, 1379, 1378
*
  8.0729180E+00, 3.8942020E+00, -7.2156848E-02, -1.7420204E-01
* ELEM  1010  line segment
 1, 1403, 1380
*
  7.6200000E+00, 4.6392388E+00, 0.0000000E+00, -5.3847763E-01
* ELEM  1011  line segment
 1, 1384, 1380
*
  7.7942020E+00, 4.5670820E+00, -1.7420204E-01, 7.2156848E-02
* ELEM  1012  circular arc
 3, 1389, 1380
*
  8.2700000E+00, 4.3700000E+00, 5.1500000E-01, 1.5750000E+02, 4.5000000E+01
* ELEM  1013  line segment
 1, 297, 298
*
  8.0007612E+00, 3.7200000E+00, -3.8076118E-01, -3.8076118E-01
* ELEM  1014  line segment
 1, 300, 298
*
  8.0729180E+00, 3.5457980E+00, -7.2156848E-02, 1.7420204E-01
* ELEM  1015  circular arc
 3, 303, 298
*
  8.2700000E+00, 3.0700000E+00, 5.1500000E-01, 1.1250000E+02, 4.5000000E+01
* ELEM  1016  circular arc
 3, 303, 292
*
  8.2700000E+00, 3.0700000E+00, 5.1500000E-01, 2.4750000E+02, 4.5000000E+01
* ELEM  1017  line segment
 1, 292, 296
*
  8.4670820E+00, 2.5942020E+00, 7.2156848E-02, -1.7420204E-01
* ELEM  1018  line segment
 1, 1606, 292
*
  8.0007612E+00, 2.4200000E+00, 5.3847763E-01, 0.0000000E+00
* ELEM  1019  line segment
 1, 1608, 1606
*
  8.4670820E+00, 2.2457980E+00, 7.2156848E-02, 1.7420204E-01
* ELEM  1020  circular arc
 3, 303, 299
*
  8.2700000E+00, 3.0700000E+00, 5.1500000E-01, 0.0000000E+00, 2.2500000E+01
* ELEM  1021  circular arc
 3, 303, 302
*
  8.2700000E+00, 3.0700000E+00, 5.1500000E-01, 2.2500000E+01, 4.5000000E+01
* ELEM  1022  circular arc
 3, 303, 300
*
  8.2700000E+00, 3.0700000E+00, 5.1500000E-01, 6.7500000E+01, 4.5000000E+01
* ELEM  1023  circular arc
 3, 303, 296
*
  8.2700000E+00, 3.0700000E+00, 5.1500000E-01, 2.9250000E+02, 4.5000000E+01
* ELEM  1024  circular arc
 3, 303, 299
*
  8.2700000E+00, 3.0700000E+00, 5.1500000E-01, 3.3750000E+02, 2.2500000E+01
* ELEM  1025  circle
 2, 304, 303
*
  8.2700000E+00, 3.0700000E+00, 4.4700000E-01, 0.0000000E+00
* ELEM  1026  line segment
 1, 1248, 1247
*
  7.7942020E+00, 5.4729180E+00, -1.7420204E-01, -7.2156848E-02
* ELEM  1027  circular arc
 3, 1257, 1247
*
  8.2700000E+00, 5.6700000E+00, 5.1500000E-01, 2.0250000E+02, 4.5000000E+01
* ELEM  1028  line segment
 1, 1247, 1246
*
  8.0729180E+00, 5.1942020E+00, -7.2156848E-02, -1.7420204E-01
* ELEM  1029  line segment
 1, 1252, 1248
*
  7.7942020E+00, 5.8670820E+00, -1.7420204E-01, 7.2156848E-02
* ELEM  1030  circular arc
 3, 1257, 1248
*
  8.2700000E+00, 5.6700000E+00, 5.1500000E-01, 1.5750000E+02, 4.5000000E+01
* ELEM  1031  circular arc
 3, 1257, 1246
*
  8.2700000E+00, 5.6700000E+00, 5.1500000E-01, 2.4750000E+02, 4.5000000E+01
* ELEM  1032  line segment
 1, 1246, 1250
*
  8.4670820E+00, 5.1942020E+00, 7.2156848E-02, -1.7420204E-01
* ELEM  1033  line segment
 1, 1386, 1246
*
  8.0007612E+00, 5.0200000E+00, 5.3847763E-01, 0.0000000E+00
* ELEM  1034  line segment
 1, 1386, 1384
*
  8.0729180E+00, 4.8457980E+00, -7.2156848E-02, 1.7420204E-01
* ELEM  1035  circular arc
 3, 1389, 1384
*
  8.2700000E+00, 4.3700000E+00, 5.1500000E-01, 1.1250000E+02, 4.5000000E+01
* ELEM  1036  line segment
 1, 1388, 1386
*
  8.4670820E+00, 4.8457980E+00, 7.2156848E-02, 1.7420204E-01
* ELEM  1037  circular arc
 3, 1389, 1386
*
  8.2700000E+00, 4.3700000E+00, 5.1500000E-01, 6.7500000E+01, 4.5000000E+01
* ELEM  1038  line segment
 1, 99, 101
*
  7.6200000E+00, 6.7007612E+00, 3.8076118E-01, -3.8076118E-01
* ELEM  1039  line segment
 1, 1251, 99
*
  7.6200000E+00, 6.3200000E+00, 3.8076118E-01, 0.0000000E+00
* ELEM  1040  line segment
 1, 1251, 1252
*
  8.0007612E+00, 6.3200000E+00, -3.8076118E-01, -3.8076118E-01
* ELEM  1041  line segment
 1, 1027, 1026
*
  5.4729180E+00, 7.7942020E+00, -7.2156848E-02, -1.7420204E-01
* ELEM  1042  circular arc
 3, 1037, 1026
*
  5.6700000E+00, 8.2700000E+00, 5.1500000E-01, 2.4750000E+02, 4.5000000E+01
* ELEM  1043  line segment
 1, 1026, 1030
*
  5.8670820E+00, 7.7942020E+00, 7.2156848E-02, -1.7420204E-01
* ELEM  1044  line segment
 1, 1028, 1027
*
  5.1942020E+00, 8.0729180E+00, -1.7420204E-01, -7.2156848E-02
* ELEM  1045  circular arc
 3, 1037, 1027
*
  5.6700000E+00, 8.2700000E+00, 5.1500000E-01, 2.0250000E+02, 4.5000000E+01
* ELEM  1046  line segment
 1, 243, 246
*
  4.8457980E+00, 8.4670820E+00, 1.7420204E-01, 7.2156848E-02
* ELEM  1047  line segment
 1, 1028, 243
*
  5.0200000E+00, 8.0007612E+00, 0.0000000E+00, 5.3847763E-01
* ELEM  1048  line segment
 1, 1032, 1028
*
  5.1942020E+00, 8.4670820E+00, -1.7420204E-01, 7.2156848E-02
* ELEM  1049  circular arc
 3, 1037, 1028
*
  5.6700000E+00, 8.2700000E+00, 5.1500000E-01, 1.5750000E+02, 4.5000000E+01
* ELEM  1050  line segment
 1, 1029, 1030
*
  5.9392388E+00, 7.6200000E+00, 3.8076118E-01, 3.8076118E-01
* ELEM  1051  line segment
 1, 1029, 85
*
  6.3200000E+00, 8.0007612E+00, 0.0000000E+00, -3.8076118E-01
* ELEM  1052  line segment
 1, 85, 87
*
  6.3200000E+00, 8.0007612E+00, 3.8076118E-01, -3.8076118E-01
* ELEM  1053  line segment
 1, 1601, 1602
*
  8.5392388E+00, 1.1200000E+00, 3.8076118E-01, 3.8076118E-01
* ELEM  1054  line segment
 1, 1601, 1579
*
  8.9200000E+00, 1.5007612E+00, 0.0000000E+00, -3.8076118E-01
* ELEM  1055  line segment
 1, 1601, 1700
*
  8.9200000E+00, 1.1200000E+00, -3.8076118E-01, 0.0000000E+00
* ELEM  1056  line segment
 1, 1602, 1605
*
  8.7457980E+00, 1.5729180E+00, 1.7420204E-01, -7.2156848E-02
* ELEM  1057  line segment
 1, 1709, 956
*
  1.1200000E+00, 9.8392388E+00, 0.0000000E+00, -5.3847763E-01
* ELEM  1058  line segment
 1, 960, 956
*
  1.2942020E+00, 9.7670820E+00, -1.7420204E-01, 7.2156848E-02
* ELEM  1059  circular arc
 3, 965, 956
*
  1.7700000E+00, 9.5700000E+00, 5.1500000E-01, 1.5750000E+02, 4.5000000E+01
* ELEM  1060  circular arc
 3, 965, 961
*
  1.7700000E+00, 9.5700000E+00, 5.1500000E-01, 0.0000000E+00, 2.2500000E+01
* ELEM  1061  circular arc
 3, 965, 964
*
  1.7700000E+00, 9.5700000E+00, 5.1500000E-01, 2.2500000E+01, 4.5000000E+01
* ELEM  1062  circular arc
 3, 965, 962
*
  1.7700000E+00, 9.5700000E+00, 5.1500000E-01, 6.7500000E+01, 4.5000000E+01
* ELEM  1063  circular arc
 3, 965, 960
*
  1.7700000E+00, 9.5700000E+00, 5.1500000E-01, 1.1250000E+02, 4.5000000E+01
* ELEM  1064  circular arc
 3, 965, 958
*
  1.7700000E+00, 9.5700000E+00, 5.1500000E-01, 2.9250000E+02, 4.5000000E+01
* ELEM  1065  circular arc
 3, 965, 961
*
  1.7700000E+00, 9.5700000E+00, 5.1500000E-01, 3.3750000E+02, 2.2500000E+01
* ELEM  1066  circle
 2, 966, 965
*
  1.7700000E+00, 9.5700000E+00, 4.4700000E-01, 0.0000000E+00
* ELEM  1067  line segment
 1, 958, 961
*
  2.2457980E+00, 9.3729180E+00, 1.7420204E-01, -7.2156848E-02
* ELEM  1068  line segment
 1, 957, 958
*
  2.0392388E+00, 8.9200000E+00, 3.8076118E-01, 3.8076118E-01
* ELEM  1069  line segment
 1, 957, 71
*
  2.4200000E+00, 9.3007612E+00, 0.0000000E+00, -3.8076118E-01
* ELEM  1070  line segment
 1, 71, 73
*
  2.4200000E+00, 9.3007612E+00, 3.8076118E-01, -3.8076118E-01
* ELEM  1071  line segment
 1, 74, 73
*
  2.5942020E+00, 9.3729180E+00, -1.7420204E-01, -7.2156848E-02
* ELEM  1072  circular arc
 3, 83, 73
*
  3.0700000E+00, 9.5700000E+00, 5.1500000E-01, 2.0250000E+02, 4.5000000E+01
* ELEM  1073  line segment
 1, 73, 72
*
  2.8729180E+00, 9.0942020E+00, -7.2156848E-02, -1.7420204E-01
* ELEM  1074  circular arc
 3, 83, 72
*
  3.0700000E+00, 9.5700000E+00, 5.1500000E-01, 2.4750000E+02, 4.5000000E+01
* ELEM  1075  line segment
 1, 72, 76
*
  3.2670820E+00, 9.0942020E+00, 7.2156848E-02, -1.7420204E-01
* ELEM  1076  line segment
 1, 264, 72
*
  2.8007612E+00, 8.9200000E+00, 5.3847763E-01, 0.0000000E+00
* ELEM  1077  line segment
 1, 266, 264
*
  3.2670820E+00, 8.7457980E+00, 7.2156848E-02, 1.7420204E-01
* ELEM  1078  line segment
 1, 241, 242
*
  4.1007612E+00, 8.9200000E+00, -3.8076118E-01, -3.8076118E-01
* ELEM  1079  line segment
 1, 244, 242
*
  4.1729180E+00, 8.7457980E+00, -7.2156848E-02, 1.7420204E-01
* ELEM  1080  line segment
 1, 265, 266
*
  3.7200000E+00, 8.5392388E+00, -3.8076118E-01, 3.8076118E-01
* ELEM  1081  line segment
 1, 265, 75
*
  3.3392388E+00, 8.9200000E+00, 3.8076118E-01, 0.0000000E+00
* ELEM  1082  line segment
 1, 265, 241
*
  3.7200000E+00, 8.9200000E+00, 0.0000000E+00, -3.8076118E-01
* ELEM  1083  line segment
 1, 935, 241
*
  4.1007612E+00, 8.9200000E+00, -3.8076118E-01, 0.0000000E+00
* ELEM  1084  line segment
 1, 1378, 300
*
  8.5392388E+00, 3.7200000E+00, -5.3847763E-01, 0.0000000E+00
* ELEM  1085  line segment
 1, 302, 300
*
  8.4670820E+00, 3.5457980E+00, 7.2156848E-02, 1.7420204E-01
* ELEM  1086  circular arc
 3, 1389, 1378
*
  8.2700000E+00, 4.3700000E+00, 5.1500000E-01, 2.4750000E+02, 4.5000000E+01
* ELEM  1087  line segment
 1, 1378, 1382
*
  8.4670820E+00, 3.8942020E+00, 7.2156848E-02, -1.7420204E-01
* ELEM  1088  circular arc
 3, 1389, 1385
*
  8.2700000E+00, 4.3700000E+00, 5.1500000E-01, 0.0000000E+00, 2.2500000E+01
* ELEM  1089  circular arc
 3, 1389, 1388
*
  8.2700000E+00, 4.3700000E+00, 5.1500000E-01, 2.2500000E+01, 4.5000000E+01
* ELEM  1090  circular arc
 3, 1389, 1382
*
  8.2700000E+00, 4.3700000E+00, 5.1500000E-01, 2.9250000E+02, 4.5000000E+01
* ELEM  1091  circular arc
 3, 1389, 1385
*
  8.2700000E+00, 4.3700000E+00, 5.1500000E-01, 3.3750000E+02, 2.2500000E+01
* ELEM  1092  circle
 2, 1390, 1389
*
  8.2700000E+00, 4.3700000E+00, 4.4700000E-01, 0.0000000E+00
* ELEM  1093  line segment
 1, 296, 299
*
  8.7457980E+00, 2.8729180E+00, 1.7420204E-01, -7.2156848E-02
* ELEM  1094  line segment
 1, 295, 296
*
  8.5392388E+00, 2.4200000E+00, 3.8076118E-01, 3.8076118E-01
* ELEM  1095  line segment
 1, 295, 155
*
  8.9200000E+00, 2.8007612E+00, 0.0000000E+00, -3.8076118E-01
* ELEM  1096  line segment
 1, 1607, 295
*
  8.5392388E+00, 2.4200000E+00, 3.8076118E-01, 0.0000000E+00
* ELEM  1097  line segment
 1, 1605, 1608
*
  8.7457980E+00, 1.9670820E+00, 1.7420204E-01, 7.2156848E-02
* ELEM  1098  line segment
 1, 1607, 1608
*
  8.9200000E+00, 2.0392388E+00, -3.8076118E-01, 3.8076118E-01
* ELEM  1099  line segment
 1, 1607, 1585
*
  8.9200000E+00, 2.4200000E+00, 0.0000000E+00, -3.8076118E-01
* ELEM  1100  line segment
 1, 1254, 1252
*
  8.0729180E+00, 6.1457980E+00, -7.2156848E-02, 1.7420204E-01
* ELEM  1101  circular arc
 3, 1257, 1252
*
  8.2700000E+00, 5.6700000E+00, 5.1500000E-01, 1.1250000E+02, 4.5000000E+01
* ELEM  1102  circular arc
 3, 1257, 1253
*
  8.2700000E+00, 5.6700000E+00, 5.1500000E-01, 0.0000000E+00, 2.2500000E+01
* ELEM  1103  circular arc
 3, 1257, 1256
*
  8.2700000E+00, 5.6700000E+00, 5.1500000E-01, 2.2500000E+01, 4.5000000E+01
* ELEM  1104  circular arc
 3, 1257, 1254
*
  8.2700000E+00, 5.6700000E+00, 5.1500000E-01, 6.7500000E+01, 4.5000000E+01
* ELEM  1105  circular arc
 3, 1257, 1250
*
  8.2700000E+00, 5.6700000E+00, 5.1500000E-01, 2.9250000E+02, 4.5000000E+01
* ELEM  1106  circular arc
 3, 1257, 1253
*
  8.2700000E+00, 5.6700000E+00, 5.1500000E-01, 3.3750000E+02, 2.2500000E+01
* ELEM  1107  circle
 2, 1258, 1257
*
  8.2700000E+00, 5.6700000E+00, 4.4700000E-01, 0.0000000E+00
* ELEM  1108  line segment
 1, 1250, 1253
*
  8.7457980E+00, 5.4729180E+00, 1.7420204E-01, -7.2156848E-02
* ELEM  1109  line segment
 1, 1249, 1250
*
  8.5392388E+00, 5.0200000E+00, 3.8076118E-01, 3.8076118E-01
* ELEM  1110  line segment
 1, 1249, 1227
*
  8.9200000E+00, 5.4007612E+00, 0.0000000E+00, -3.8076118E-01
* ELEM  1111  line segment
 1, 1387, 1249
*
  8.5392388E+00, 5.0200000E+00, 3.8076118E-01, 0.0000000E+00
* ELEM  1112  line segment
 1, 1385, 1388
*
  8.7457980E+00, 4.5670820E+00, 1.7420204E-01, 7.2156848E-02
* ELEM  1113  line segment
 1, 1387, 1388
*
  8.9200000E+00, 4.6392388E+00, -3.8076118E-01, 3.8076118E-01
* ELEM  1114  line segment
 1, 1387, 1365
*
  8.9200000E+00, 5.0200000E+00, 0.0000000E+00, -3.8076118E-01
* ELEM  1115  line segment
 1, 102, 101
*
  7.7942020E+00, 6.7729180E+00, -1.7420204E-01, -7.2156848E-02
* ELEM  1116  circular arc
 3, 111, 101
*
  8.2700000E+00, 6.9700000E+00, 5.1500000E-01, 2.0250000E+02, 4.5000000E+01
* ELEM  1117  line segment
 1, 101, 100
*
  8.0729180E+00, 6.4942020E+00, -7.2156848E-02, -1.7420204E-01
* ELEM  1118  line segment
 1, 106, 102
*
  7.7942020E+00, 7.1670820E+00, -1.7420204E-01, 7.2156848E-02
* ELEM  1119  circular arc
 3, 111, 102
*
  8.2700000E+00, 6.9700000E+00, 5.1500000E-01, 1.5750000E+02, 4.5000000E+01
* ELEM  1120  circular arc
 3, 111, 100
*
  8.2700000E+00, 6.9700000E+00, 5.1500000E-01, 2.4750000E+02, 4.5000000E+01
* ELEM  1121  line segment
 1, 100, 104
*
  8.4670820E+00, 6.4942020E+00, 7.2156848E-02, -1.7420204E-01
* ELEM  1122  line segment
 1, 1254, 100
*
  8.0007612E+00, 6.3200000E+00, 5.3847763E-01, 0.0000000E+00
* ELEM  1123  line segment
 1, 1256, 1254
*
  8.4670820E+00, 6.1457980E+00, 7.2156848E-02, 1.7420204E-01
* ELEM  1124  line segment
 1, 89, 90
*
  7.2392388E+00, 7.6200000E+00, 3.8076118E-01, 3.8076118E-01
* ELEM  1125  line segment
 1, 198, 89
*
  7.6200000E+00, 7.6200000E+00, 0.0000000E+00, 3.8076118E-01
* ELEM  1126  line segment
 1, 197, 105
*
  8.0007612E+00, 7.6200000E+00, -3.8076118E-01, 0.0000000E+00
* ELEM  1127  line segment
 1, 105, 106
*
  8.0007612E+00, 7.6200000E+00, -3.8076118E-01, -3.8076118E-01
* ELEM  1128  line segment
 1, 198, 197
*
  8.0396521E+00, 8.0396521E+00, -4.1965206E-01, -4.1965206E-01
* ELEM  1129  circular arc
 3, 205, 197
*
  8.9200000E+00, 8.9200000E+00, 1.2450000E+00, 2.2500000E+02, 4.5000000E+01
* ELEM  1130  line segment
 1, 197, 199
*
  8.9200000E+00, 7.6750000E+00, 0.0000000E+00, -5.5000000E-02
* ELEM  1131  line segment
 1, 197, 108
*
  8.5392388E+00, 7.6200000E+00, -5.3847763E-01, 0.0000000E+00
* ELEM  1132  line segment
 1, 197, 109
*
  8.9200000E+00, 7.6200000E+00, -3.8076118E-01, 0.0000000E+00
* ELEM  1133  line segment
 1, 198, 95
*
  7.6200000E+00, 8.5392388E+00, 0.0000000E+00, 3.8076118E-01
* ELEM  1134  line segment
 1, 198, 93
*
  7.6200000E+00, 8.0007612E+00, 0.0000000E+00, 5.3847763E-01
* ELEM  1135  line segment
 1, 200, 198
*
  7.6750000E+00, 8.9200000E+00, -5.5000000E-02, 0.0000000E+00
* ELEM  1136  circular arc
 3, 205, 198
*
  8.9200000E+00, 8.9200000E+00, 1.2450000E+00, 1.8000000E+02, 4.5000000E+01
* ELEM  1137  circular arc
 3, 1037, 1030
*
  5.6700000E+00, 8.2700000E+00, 5.1500000E-01, 2.9250000E+02, 4.5000000E+01
* ELEM  1138  line segment
 1, 1030, 1033
*
  6.1457980E+00, 8.0729180E+00, 1.7420204E-01, -7.2156848E-02
* ELEM  1139  circular arc
 3, 1037, 1033
*
  5.6700000E+00, 8.2700000E+00, 5.1500000E-01, 0.0000000E+00, 2.2500000E+01
* ELEM  1140  circular arc
 3, 1037, 1036
*
  5.6700000E+00, 8.2700000E+00, 5.1500000E-01, 2.2500000E+01, 4.5000000E+01
* ELEM  1141  circular arc
 3, 1037, 1034
*
  5.6700000E+00, 8.2700000E+00, 5.1500000E-01, 6.7500000E+01, 4.5000000E+01
* ELEM  1142  circular arc
 3, 1037, 1032
*
  5.6700000E+00, 8.2700000E+00, 5.1500000E-01, 1.1250000E+02, 4.5000000E+01
* ELEM  1143  circular arc
 3, 1037, 1033
*
  5.6700000E+00, 8.2700000E+00, 5.1500000E-01, 3.3750000E+02, 2.2500000E+01
* ELEM  1144  circle
 2, 1038, 1037
*
  5.6700000E+00, 8.2700000E+00, 4.4700000E-01, 0.0000000E+00
* ELEM  1145  line segment
 1, 246, 244
*
  4.5670820E+00, 8.7457980E+00, 7.2156848E-02, 1.7420204E-01
* ELEM  1146  line segment
 1, 245, 246
*
  5.0200000E+00, 8.5392388E+00, -3.8076118E-01, 3.8076118E-01
* ELEM  1147  line segment
 1, 939, 245
*
  5.0200000E+00, 8.9200000E+00, -3.8076118E-01, 0.0000000E+00
* ELEM  1148  line segment
 1, 1031, 245
*
  5.0200000E+00, 8.5392388E+00, 0.0000000E+00, 3.8076118E-01
* ELEM  1149  line segment
 1, 1031, 1032
*
  5.4007612E+00, 8.9200000E+00, -3.8076118E-01, -3.8076118E-01
* ELEM  1150  line segment
 1, 1034, 1032
*
  5.4729180E+00, 8.7457980E+00, -7.2156848E-02, 1.7420204E-01
* ELEM  1151  line segment
 1, 1031, 915
*
  5.0200000E+00, 8.9200000E+00, 3.8076118E-01, 0.0000000E+00
* ELEM  1152  line segment
 1, 88, 87
*
  6.4942020E+00, 8.0729180E+00, -1.7420204E-01, -7.2156848E-02
* ELEM  1153  circular arc
 3, 97, 87
*
  6.9700000E+00, 8.2700000E+00, 5.1500000E-01, 2.0250000E+02, 4.5000000E+01
* ELEM  1154  line segment
 1, 87, 86
*
  6.7729180E+00, 7.7942020E+00, -7.2156848E-02, -1.7420204E-01
* ELEM  1155  line segment
 1, 1033, 88
*
  6.3200000E+00, 8.5392388E+00, 0.0000000E+00, -5.3847763E-01
* ELEM  1156  line segment
 1, 92, 88
*
  6.4942020E+00, 8.4670820E+00, -1.7420204E-01, 7.2156848E-02
* ELEM  1157  circular arc
 3, 97, 88
*
  6.9700000E+00, 8.2700000E+00, 5.1500000E-01, 1.5750000E+02, 4.5000000E+01
* ELEM  1158  line segment
 1, 1033, 1036
*
  6.1457980E+00, 8.4670820E+00, 1.7420204E-01, 7.2156848E-02
* ELEM  1159  circular arc
 3, 97, 86
*
  6.9700000E+00, 8.2700000E+00, 5.1500000E-01, 2.4750000E+02, 4.5000000E+01
* ELEM  1160  line segment
 1, 86, 90
*
  7.1670820E+00, 7.7942020E+00, 7.2156848E-02, -1.7420204E-01
* ELEM  1161  line segment
 1, 1579, 1581
*
  8.9200000E+00, 1.5007612E+00, 3.8076118E-01, -3.8076118E-01
* ELEM  1162  line segment
 1, 1579, 1715
*
  9.3007612E+00, 1.1200000E+00, -3.8076118E-01, 0.0000000E+00
* ELEM  1163  line segment
 1, 1582, 1581
*
  9.0942020E+00, 1.5729180E+00, -1.7420204E-01, -7.2156848E-02
* ELEM  1164  circular arc
 3, 1591, 1581
*
  9.5700000E+00, 1.7700000E+00, 5.1500000E-01, 2.0250000E+02, 4.5000000E+01
* ELEM  1165  line segment
 1, 1581, 1580
*
  9.3729180E+00, 1.2942020E+00, -7.2156848E-02, -1.7420204E-01
* ELEM  1166  line segment
 1, 1605, 1582
*
  8.9200000E+00, 2.0392388E+00, 0.0000000E+00, -5.3847763E-01
* ELEM  1167  line segment
 1, 1586, 1582
*
  9.0942020E+00, 1.9670820E+00, -1.7420204E-01, 7.2156848E-02
* ELEM  1168  circular arc
 3, 1591, 1582
*
  9.5700000E+00, 1.7700000E+00, 5.1500000E-01, 1.5750000E+02, 4.5000000E+01
* ELEM  1169  line segment
 1, 959, 960
*
  1.5007612E+00, 1.0220000E+01, -3.8076118E-01, -3.8076118E-01
* ELEM  1170  line segment
 1, 962, 960
*
  1.5729180E+00, 1.0045798E+01, -7.2156848E-02, 1.7420204E-01
* ELEM  1171  line segment
 1, 959, 1709
*
  1.1200000E+00, 9.8392388E+00, 0.0000000E+00, 3.8076118E-01
* ELEM  1172  line segment
 1, 959, 843
*
  1.1200000E+00, 1.0220000E+01, 3.8076118E-01, 0.0000000E+00
* ELEM  1173  line segment
 1, 961, 74
*
  2.4200000E+00, 9.8392388E+00, 0.0000000E+00, -5.3847763E-01
* ELEM  1174  line segment
 1, 78, 74
*
  2.5942020E+00, 9.7670820E+00, -1.7420204E-01, 7.2156848E-02
* ELEM  1175  circular arc
 3, 83, 74
*
  3.0700000E+00, 9.5700000E+00, 5.1500000E-01, 1.5750000E+02, 4.5000000E+01
* ELEM  1176  line segment
 1, 961, 964
*
  2.2457980E+00, 9.7670820E+00, 1.7420204E-01, 7.2156848E-02
* ELEM  1177  circular arc
 3, 83, 79
*
  3.0700000E+00, 9.5700000E+00, 5.1500000E-01, 0.0000000E+00, 2.2500000E+01
* ELEM  1178  circular arc
 3, 83, 82
*
  3.0700000E+00, 9.5700000E+00, 5.1500000E-01, 2.2500000E+01, 4.5000000E+01
* ELEM  1179  circular arc
 3, 83, 80
*
  3.0700000E+00, 9.5700000E+00, 5.1500000E-01, 6.7500000E+01, 4.5000000E+01
* ELEM  1180  circular arc
 3, 83, 78
*
  3.0700000E+00, 9.5700000E+00, 5.1500000E-01, 1.1250000E+02, 4.5000000E+01
* ELEM  1181  circular arc
 3, 83, 76
*
  3.0700000E+00, 9.5700000E+00, 5.1500000E-01, 2.9250000E+02, 4.5000000E+01
* ELEM  1182  circular arc
 3, 83, 79
*
  3.0700000E+00, 9.5700000E+00, 5.1500000E-01, 3.3750000E+02, 2.2500000E+01
* ELEM  1183  circle
 2, 84, 83
*
  3.0700000E+00, 9.5700000E+00, 2.5750000E-01, 0.0000000E+00
* ELEM  1184  line segment
 1, 76, 79
*
  3.5457980E+00, 9.3729180E+00, 1.7420204E-01, -7.2156848E-02
* ELEM  1185  line segment
 1, 75, 76
*
  3.3392388E+00, 8.9200000E+00, 3.8076118E-01, 3.8076118E-01
* ELEM  1186  line segment
 1, 935, 75
*
  3.7200000E+00, 8.9200000E+00, 0.0000000E+00, 3.8076118E-01
* ELEM  1187  line segment
 1, 935, 937
*
  3.7200000E+00, 9.3007612E+00, 3.8076118E-01, -3.8076118E-01
* ELEM  1188  line segment
 1, 936, 244
*
  4.6392388E+00, 8.9200000E+00, -5.3847763E-01, 0.0000000E+00
* ELEM  1189  line segment
 1, 937, 936
*
  4.1729180E+00, 9.0942020E+00, -7.2156848E-02, -1.7420204E-01
* ELEM  1190  circular arc
 3, 947, 936
*
  4.3700000E+00, 9.5700000E+00, 5.1500000E-01, 2.4750000E+02, 4.5000000E+01
* ELEM  1191  line segment
 1, 936, 940
*
  4.5670820E+00, 9.0942020E+00, 7.2156848E-02, -1.7420204E-01
* ELEM  1192  line segment
 1, 938, 937
*
  3.8942020E+00, 9.3729180E+00, -1.7420204E-01, -7.2156848E-02
* ELEM  1193  circular arc
 3, 947, 937
*
  4.3700000E+00, 9.5700000E+00, 5.1500000E-01, 2.0250000E+02, 4.5000000E+01
* ELEM  1194  line segment
 1, 299, 302
*
  8.7457980E+00, 3.2670820E+00, 1.7420204E-01, 7.2156848E-02
* ELEM  1195  line segment
 1, 301, 302
*
  8.9200000E+00, 3.3392388E+00, -3.8076118E-01, 3.8076118E-01
* ELEM  1196  line segment
 1, 1381, 301
*
  8.9200000E+00, 3.7200000E+00, -3.8076118E-01, 0.0000000E+00
* ELEM  1197  line segment
 1, 301, 161
*
  8.9200000E+00, 3.7200000E+00, 0.0000000E+00, -3.8076118E-01
* ELEM  1198  line segment
 1, 1381, 1382
*
  8.5392388E+00, 3.7200000E+00, 3.8076118E-01, 3.8076118E-01
* ELEM  1199  line segment
 1, 1381, 1359
*
  8.9200000E+00, 4.1007612E+00, 0.0000000E+00, -3.8076118E-01
* ELEM  1200  line segment
 1, 1382, 1385
*
  8.7457980E+00, 4.1729180E+00, 1.7420204E-01, -7.2156848E-02
* ELEM  1201  line segment
 1, 155, 157
*
  8.9200000E+00, 2.8007612E+00, 3.8076118E-01, -3.8076118E-01
* ELEM  1202  line segment
 1, 1585, 155
*
  8.9200000E+00, 2.4200000E+00, 3.8076118E-01, 0.0000000E+00
* ELEM  1203  line segment
 1, 158, 157
*
  9.0942020E+00, 2.8729180E+00, -1.7420204E-01, -7.2156848E-02
* ELEM  1204  circular arc
 3, 167, 157
*
  9.5700000E+00, 3.0700000E+00, 5.1500000E-01, 2.0250000E+02, 4.5000000E+01
* ELEM  1205  line segment
 1, 157, 156
*
  9.3729180E+00, 2.5942020E+00, -7.2156848E-02, -1.7420204E-01
* ELEM  1206  line segment
 1, 299, 158
*
  8.9200000E+00, 3.3392388E+00, 0.0000000E+00, -5.3847763E-01
* ELEM  1207  line segment
 1, 162, 158
*
  9.0942020E+00, 3.2670820E+00, -1.7420204E-01, 7.2156848E-02
* ELEM  1208  circular arc
 3, 167, 158
*
  9.5700000E+00, 3.0700000E+00, 5.1500000E-01, 1.5750000E+02, 4.5000000E+01
* ELEM  1209  line segment
 1, 1585, 1586
*
  9.3007612E+00, 2.4200000E+00, -3.8076118E-01, -3.8076118E-01
* ELEM  1210  line segment
 1, 1588, 1586
*
  9.3729180E+00, 2.2457980E+00, -7.2156848E-02, 1.7420204E-01
* ELEM  1211  circular arc
 3, 1591, 1586
*
  9.5700000E+00, 1.7700000E+00, 5.1500000E-01, 1.1250000E+02, 4.5000000E+01
* ELEM  1212  line segment
 1, 1227, 1229
*
  8.9200000E+00, 5.4007612E+00, 3.8076118E-01, -3.8076118E-01
* ELEM  1213  line segment
 1, 1365, 1227
*
  8.9200000E+00, 5.0200000E+00, 3.8076118E-01, 0.0000000E+00
* ELEM  1214  line segment
 1, 1230, 1229
*
  9.0942020E+00, 5.4729180E+00, -1.7420204E-01, -7.2156848E-02
* ELEM  1215  circular arc
 3, 1239, 1229
*
  9.5700000E+00, 5.6700000E+00, 5.1500000E-01, 2.0250000E+02, 4.5000000E+01
* ELEM  1216  line segment
 1, 1229, 1228
*
  9.3729180E+00, 5.1942020E+00, -7.2156848E-02, -1.7420204E-01
* ELEM  1217  line segment
 1, 1253, 1230
*
  8.9200000E+00, 5.9392388E+00, 0.0000000E+00, -5.3847763E-01
* ELEM  1218  line segment
 1, 1234, 1230
*
  9.0942020E+00, 5.8670820E+00, -1.7420204E-01, 7.2156848E-02
* ELEM  1219  circular arc
 3, 1239, 1230
*
  9.5700000E+00, 5.6700000E+00, 5.1500000E-01, 1.5750000E+02, 4.5000000E+01
* ELEM  1220  line segment
 1, 1253, 1256
*
  8.7457980E+00, 5.8670820E+00, 1.7420204E-01, 7.2156848E-02
* ELEM  1221  line segment
 1, 1365, 1366
*
  9.3007612E+00, 5.0200000E+00, -3.8076118E-01, -3.8076118E-01
* ELEM  1222  line segment
 1, 1385, 1362
*
  8.9200000E+00, 4.6392388E+00, 0.0000000E+00, -5.3847763E-01
* ELEM  1223  line segment
 1, 1366, 1362
*
  9.0942020E+00, 4.5670820E+00, -1.7420204E-01, 7.2156848E-02
* ELEM  1224  circular arc
 3, 1371, 1362
*
  9.5700000E+00, 4.3700000E+00, 5.1500000E-01, 1.5750000E+02, 4.5000000E+01
* ELEM  1225  line segment
 1, 1362, 1361
*
  9.0942020E+00, 4.1729180E+00, -1.7420204E-01, -7.2156848E-02
* ELEM  1226  line segment
 1, 1368, 1366
*
  9.3729180E+00, 4.8457980E+00, -7.2156848E-02, 1.7420204E-01
* ELEM  1227  circular arc
 3, 1371, 1366
*
  9.5700000E+00, 4.3700000E+00, 5.1500000E-01, 1.1250000E+02, 4.5000000E+01
* ELEM  1228  circular arc
 3, 111, 107
*
  8.2700000E+00, 6.9700000E+00, 5.1500000E-01, 0.0000000E+00, 2.2500000E+01
* ELEM  1229  circular arc
 3, 111, 110
*
  8.2700000E+00, 6.9700000E+00, 5.1500000E-01, 2.2500000E+01, 4.5000000E+01
* ELEM  1230  circular arc
 3, 111, 108
*
  8.2700000E+00, 6.9700000E+00, 5.1500000E-01, 6.7500000E+01, 4.5000000E+01
* ELEM  1231  circular arc
 3, 111, 106
*
  8.2700000E+00, 6.9700000E+00, 5.1500000E-01, 1.1250000E+02, 4.5000000E+01
* ELEM  1232  circular arc
 3, 111, 104
*
  8.2700000E+00, 6.9700000E+00, 5.1500000E-01, 2.9250000E+02, 4.5000000E+01
* ELEM  1233  circular arc
 3, 111, 107
*
  8.2700000E+00, 6.9700000E+00, 5.1500000E-01, 3.3750000E+02, 2.2500000E+01
* ELEM  1234  circle
 2, 112, 111
*
  8.2700000E+00, 6.9700000E+00, 2.5750000E-01, 0.0000000E+00
* ELEM  1235  line segment
 1, 108, 106
*
  8.0729180E+00, 7.4457980E+00, -7.2156848E-02, 1.7420204E-01
* ELEM  1236  line segment
 1, 104, 107
*
  8.7457980E+00, 6.7729180E+00, 1.7420204E-01, -7.2156848E-02
* ELEM  1237  line segment
 1, 103, 104
*
  8.5392388E+00, 6.3200000E+00, 3.8076118E-01, 3.8076118E-01
* ELEM  1238  line segment
 1, 1117, 103
*
  8.9200000E+00, 6.3200000E+00, 0.0000000E+00, 3.8076118E-01
* ELEM  1239  line segment
 1, 1255, 103
*
  8.5392388E+00, 6.3200000E+00, 3.8076118E-01, 0.0000000E+00
* ELEM  1240  line segment
 1, 1255, 1256
*
  8.9200000E+00, 5.9392388E+00, -3.8076118E-01, 3.8076118E-01
* ELEM  1241  line segment
 1, 1255, 1233
*
  8.9200000E+00, 6.3200000E+00, 0.0000000E+00, -3.8076118E-01
* ELEM  1242  circular arc
 3, 97, 90
*
  6.9700000E+00, 8.2700000E+00, 5.1500000E-01, 2.9250000E+02, 4.5000000E+01
* ELEM  1243  line segment
 1, 90, 93
*
  7.4457980E+00, 8.0729180E+00, 1.7420204E-01, -7.2156848E-02
* ELEM  1244  circular arc
 3, 97, 93
*
  6.9700000E+00, 8.2700000E+00, 5.1500000E-01, 3.3750000E+02, 2.2500000E+01
* ELEM  1245  circular arc
 3, 97, 93
*
  6.9700000E+00, 8.2700000E+00, 5.1500000E-01, 0.0000000E+00, 2.2500000E+01
* ELEM  1246  line segment
 1, 93, 96
*
  7.4457980E+00, 8.4670820E+00, 1.7420204E-01, 7.2156848E-02
* ELEM  1247  line segment
 1, 110, 108
*
  8.4670820E+00, 7.4457980E+00, 7.2156848E-02, 1.7420204E-01
* ELEM  1248  circular arc
 3, 205, 203
*
  8.9200000E+00, 8.9200000E+00, 1.2450000E+00, 0.0000000E+00, 4.5000000E+01
* ELEM  1249  circular arc
 3, 205, 204
*
  8.9200000E+00, 8.9200000E+00, 1.2450000E+00, 4.5000000E+01, 4.5000000E+01
* ELEM  1250  circular arc
 3, 205, 202
*
  8.9200000E+00, 8.9200000E+00, 1.2450000E+00, 9.0000000E+01, 4.5000000E+01
* ELEM  1251  circular arc
 3, 205, 200
*
  8.9200000E+00, 8.9200000E+00, 1.2450000E+00, 1.3500000E+02, 4.5000000E+01
* ELEM  1252  circular arc
 3, 205, 199
*
  8.9200000E+00, 8.9200000E+00, 1.2450000E+00, 2.7000000E+02, 4.5000000E+01
* ELEM  1253  circular arc
 3, 205, 201
*
  8.9200000E+00, 8.9200000E+00, 1.2450000E+00, 3.1500000E+02, 4.5000000E+01
* ELEM  1254  circle
 2, 206, 205
*
  8.9200000E+00, 8.9200000E+00, 1.1700000E+00, 0.0000000E+00
* ELEM  1255  line segment
 1, 939, 940
*
  4.6392388E+00, 8.9200000E+00, 3.8076118E-01, 3.8076118E-01
* ELEM  1256  line segment
 1, 939, 915
*
  5.0200000E+00, 9.3007612E+00, 0.0000000E+00, -3.8076118E-01
* ELEM  1257  circular arc
 3, 947, 940
*
  4.3700000E+00, 9.5700000E+00, 5.1500000E-01, 2.9250000E+02, 4.5000000E+01
* ELEM  1258  line segment
 1, 940, 943
*
  4.8457980E+00, 9.3729180E+00, 1.7420204E-01, -7.2156848E-02
* ELEM  1259  line segment
 1, 915, 917
*
  5.0200000E+00, 9.3007612E+00, 3.8076118E-01, -3.8076118E-01
* ELEM  1260  line segment
 1, 918, 917
*
  5.1942020E+00, 9.3729180E+00, -1.7420204E-01, -7.2156848E-02
* ELEM  1261  circular arc
 3, 927, 917
*
  5.6700000E+00, 9.5700000E+00, 5.1500000E-01, 2.0250000E+02, 4.5000000E+01
* ELEM  1262  line segment
 1, 917, 916
*
  5.4729180E+00, 9.0942020E+00, -7.2156848E-02, -1.7420204E-01
* ELEM  1263  circular arc
 3, 927, 916
*
  5.6700000E+00, 9.5700000E+00, 5.1500000E-01, 2.4750000E+02, 4.5000000E+01
* ELEM  1264  line segment
 1, 916, 920
*
  5.8670820E+00, 9.0942020E+00, 7.2156848E-02, -1.7420204E-01
* ELEM  1265  line segment
 1, 1034, 916
*
  5.4007612E+00, 8.9200000E+00, 5.3847763E-01, 0.0000000E+00
* ELEM  1266  line segment
 1, 1036, 1034
*
  5.8670820E+00, 8.7457980E+00, 7.2156848E-02, 1.7420204E-01
* ELEM  1267  circular arc
 3, 97, 96
*
  6.9700000E+00, 8.2700000E+00, 5.1500000E-01, 2.2500000E+01, 4.5000000E+01
* ELEM  1268  circular arc
 3, 97, 94
*
  6.9700000E+00, 8.2700000E+00, 5.1500000E-01, 6.7500000E+01, 4.5000000E+01
* ELEM  1269  circular arc
 3, 97, 92
*
  6.9700000E+00, 8.2700000E+00, 5.1500000E-01, 1.1250000E+02, 4.5000000E+01
* ELEM  1270  circle
 2, 98, 97
*
  6.9700000E+00, 8.2700000E+00, 2.5750000E-01, 0.0000000E+00
* ELEM  1271  line segment
 1, 91, 92
*
  6.7007612E+00, 8.9200000E+00, -3.8076118E-01, -3.8076118E-01
* ELEM  1272  line segment
 1, 94, 92
*
  6.7729180E+00, 8.7457980E+00, -7.2156848E-02, 1.7420204E-01
* ELEM  1273  line segment
 1, 1035, 1036
*
  6.3200000E+00, 8.5392388E+00, -3.8076118E-01, 3.8076118E-01
* ELEM  1274  line segment
 1, 1035, 919
*
  5.9392388E+00, 8.9200000E+00, 3.8076118E-01, 0.0000000E+00
* ELEM  1275  line segment
 1, 1035, 91
*
  6.3200000E+00, 8.9200000E+00, 0.0000000E+00, -3.8076118E-01
* ELEM  1276  line segment
 1, 897, 91
*
  6.7007612E+00, 8.9200000E+00, -3.8076118E-01, 0.0000000E+00
* ELEM  1277  circular arc
 3, 1591, 1580
*
  9.5700000E+00, 1.7700000E+00, 5.1500000E-01, 2.4750000E+02, 4.5000000E+01
* ELEM  1278  line segment
 1, 1580, 1584
*
  9.7670820E+00, 1.2942020E+00, 7.2156848E-02, -1.7420204E-01
* ELEM  1279  line segment
 1, 1715, 1580
*
  9.3007612E+00, 1.1200000E+00, 5.3847763E-01, 0.0000000E+00
* ELEM  1280  circular arc
 3, 1591, 1587
*
  9.5700000E+00, 1.7700000E+00, 5.1500000E-01, 0.0000000E+00, 2.2500000E+01
* ELEM  1281  circular arc
 3, 1591, 1590
*
  9.5700000E+00, 1.7700000E+00, 5.1500000E-01, 2.2500000E+01, 4.5000000E+01
* ELEM  1282  circular arc
 3, 1591, 1588
*
  9.5700000E+00, 1.7700000E+00, 5.1500000E-01, 6.7500000E+01, 4.5000000E+01
* ELEM  1283  circular arc
 3, 1591, 1584
*
  9.5700000E+00, 1.7700000E+00, 5.1500000E-01, 2.9250000E+02, 4.5000000E+01
* ELEM  1284  circular arc
 3, 1591, 1587
*
  9.5700000E+00, 1.7700000E+00, 5.1500000E-01, 3.3750000E+02, 2.2500000E+01
* ELEM  1285  circle
 2, 1592, 1591
*
  9.5700000E+00, 1.7700000E+00, 4.4700000E-01, 0.0000000E+00
* ELEM  1286  line segment
 1, 843, 1698
*
  1.1200000E+00, 1.0220000E+01, 0.0000000E+00, 3.8076118E-01
* ELEM  1287  line segment
 1, 843, 845
*
  1.1200000E+00, 1.0600761E+01, 3.8076118E-01, -3.8076118E-01
* ELEM  1288  line segment
 1, 846, 845
*
  1.2942020E+00, 1.0672918E+01, -1.7420204E-01, -7.2156848E-02
* ELEM  1289  circular arc
 3, 855, 845
*
  1.7700000E+00, 1.0870000E+01, 5.1500000E-01, 2.0250000E+02, 4.5000000E+01
* ELEM  1290  line segment
 1, 845, 844
*
  1.5729180E+00, 1.0394202E+01, -7.2156848E-02, -1.7420204E-01
* ELEM  1291  circular arc
 3, 855, 844
*
  1.7700000E+00, 1.0870000E+01, 5.1500000E-01, 2.4750000E+02, 4.5000000E+01
* ELEM  1292  line segment
 1, 844, 848
*
  1.9670820E+00, 1.0394202E+01, 7.2156848E-02, -1.7420204E-01
* ELEM  1293  line segment
 1, 962, 844
*
  1.5007612E+00, 1.0220000E+01, 5.3847763E-01, 0.0000000E+00
* ELEM  1294  line segment
 1, 964, 962
*
  1.9670820E+00, 1.0045798E+01, 7.2156848E-02, 1.7420204E-01
* ELEM  1295  line segment
 1, 77, 78
*
  2.8007612E+00, 1.0220000E+01, -3.8076118E-01, -3.8076118E-01
* ELEM  1296  line segment
 1, 80, 78
*
  2.8729180E+00, 1.0045798E+01, -7.2156848E-02, 1.7420204E-01
* ELEM  1297  line segment
 1, 963, 964
*
  2.4200000E+00, 9.8392388E+00, -3.8076118E-01, 3.8076118E-01
* ELEM  1298  line segment
 1, 963, 847
*
  2.0392388E+00, 1.0220000E+01, 3.8076118E-01, 0.0000000E+00
* ELEM  1299  line segment
 1, 963, 77
*
  2.4200000E+00, 1.0220000E+01, 0.0000000E+00, -3.8076118E-01
* ELEM  1300  line segment
 1, 825, 77
*
  2.8007612E+00, 1.0220000E+01, -3.8076118E-01, 0.0000000E+00
* ELEM  1301  line segment
 1, 79, 82
*
  3.5457980E+00, 9.7670820E+00, 1.7420204E-01, 7.2156848E-02
* ELEM  1302  line segment
 1, 938, 79
*
  3.7200000E+00, 9.3007612E+00, 0.0000000E+00, 5.3847763E-01
* ELEM  1303  line segment
 1, 942, 938
*
  3.8942020E+00, 9.7670820E+00, -1.7420204E-01, 7.2156848E-02
* ELEM  1304  circular arc
 3, 947, 938
*
  4.3700000E+00, 9.5700000E+00, 5.1500000E-01, 1.5750000E+02, 4.5000000E+01
* ELEM  1305  circular arc
 3, 947, 943
*
  4.3700000E+00, 9.5700000E+00, 5.1500000E-01, 0.0000000E+00, 2.2500000E+01
* ELEM  1306  circular arc
 3, 947, 946
*
  4.3700000E+00, 9.5700000E+00, 5.1500000E-01, 2.2500000E+01, 4.5000000E+01
* ELEM  1307  circular arc
 3, 947, 944
*
  4.3700000E+00, 9.5700000E+00, 5.1500000E-01, 6.7500000E+01, 4.5000000E+01
* ELEM  1308  circular arc
 3, 947, 942
*
  4.3700000E+00, 9.5700000E+00, 5.1500000E-01, 1.1250000E+02, 4.5000000E+01
* ELEM  1309  circular arc
 3, 947, 943
*
  4.3700000E+00, 9.5700000E+00, 5.1500000E-01, 3.3750000E+02, 2.2500000E+01
* ELEM  1310  circle
 2, 948, 947
*
  4.3700000E+00, 9.5700000E+00, 4.4700000E-01, 0.0000000E+00
* ELEM  1311  line segment
 1, 161, 162
*
  9.3007612E+00, 3.7200000E+00, -3.8076118E-01, -3.8076118E-01
* ELEM  1312  line segment
 1, 164, 162
*
  9.3729180E+00, 3.5457980E+00, -7.2156848E-02, 1.7420204E-01
* ELEM  1313  circular arc
 3, 167, 162
*
  9.5700000E+00, 3.0700000E+00, 5.1500000E-01, 1.1250000E+02, 4.5000000E+01
* ELEM  1314  line segment
 1, 1359, 161
*
  9.3007612E+00, 3.7200000E+00, -3.8076118E-01, 0.0000000E+00
* ELEM  1315  line segment
 1, 1359, 1361
*
  8.9200000E+00, 4.1007612E+00, 3.8076118E-01, -3.8076118E-01
* ELEM  1316  circular arc
 3, 1371, 1361
*
  9.5700000E+00, 4.3700000E+00, 5.1500000E-01, 2.0250000E+02, 4.5000000E+01
* ELEM  1317  line segment
 1, 1361, 1360
*
  9.3729180E+00, 3.8942020E+00, -7.2156848E-02, -1.7420204E-01
* ELEM  1318  circular arc
 3, 167, 156
*
  9.5700000E+00, 3.0700000E+00, 5.1500000E-01, 2.4750000E+02, 4.5000000E+01
* ELEM  1319  line segment
 1, 156, 160
*
  9.7670820E+00, 2.5942020E+00, 7.2156848E-02, -1.7420204E-01
* ELEM  1320  line segment
 1, 1588, 156
*
  9.3007612E+00, 2.4200000E+00, 5.3847763E-01, 0.0000000E+00
* ELEM  1321  line segment
 1, 1590, 1588
*
  9.7670820E+00, 2.2457980E+00, 7.2156848E-02, 1.7420204E-01
* ELEM  1322  circular arc
 3, 167, 163
*
  9.5700000E+00, 3.0700000E+00, 5.1500000E-01, 0.0000000E+00, 2.2500000E+01
* ELEM  1323  circular arc
 3, 167, 166
*
  9.5700000E+00, 3.0700000E+00, 5.1500000E-01, 2.2500000E+01, 4.5000000E+01
* ELEM  1324  circular arc
 3, 167, 164
*
  9.5700000E+00, 3.0700000E+00, 5.1500000E-01, 6.7500000E+01, 4.5000000E+01
* ELEM  1325  circular arc
 3, 167, 160
*
  9.5700000E+00, 3.0700000E+00, 5.1500000E-01, 2.9250000E+02, 4.5000000E+01
* ELEM  1326  circular arc
 3, 167, 163
*
  9.5700000E+00, 3.0700000E+00, 5.1500000E-01, 3.3750000E+02, 2.2500000E+01
* ELEM  1327  circle
 2, 168, 167
*
  9.5700000E+00, 3.0700000E+00, 2.5750000E-01, 0.0000000E+00
* ELEM  1328  circular arc
 3, 1239, 1228
*
  9.5700000E+00, 5.6700000E+00, 5.1500000E-01, 2.4750000E+02, 4.5000000E+01
* ELEM  1329  line segment
 1, 1228, 1232
*
  9.7670820E+00, 5.1942020E+00, 7.2156848E-02, -1.7420204E-01
* ELEM  1330  line segment
 1, 1368, 1228
*
  9.3007612E+00, 5.0200000E+00, 5.3847763E-01, 0.0000000E+00
* ELEM  1331  line segment
 1, 1370, 1368
*
  9.7670820E+00, 4.8457980E+00, 7.2156848E-02, 1.7420204E-01
* ELEM  1332  circular arc
 3, 1371, 1368
*
  9.5700000E+00, 4.3700000E+00, 5.1500000E-01, 6.7500000E+01, 4.5000000E+01
* ELEM  1333  circular arc
 3, 1239, 1235
*
  9.5700000E+00, 5.6700000E+00, 5.1500000E-01, 0.0000000E+00, 2.2500000E+01
* ELEM  1334  circular arc
 3, 1239, 1238
*
  9.5700000E+00, 5.6700000E+00, 5.1500000E-01, 2.2500000E+01, 4.5000000E+01
* ELEM  1335  circular arc
 3, 1239, 1236
*
  9.5700000E+00, 5.6700000E+00, 5.1500000E-01, 6.7500000E+01, 4.5000000E+01
* ELEM  1336  circular arc
 3, 1239, 1234
*
  9.5700000E+00, 5.6700000E+00, 5.1500000E-01, 1.1250000E+02, 4.5000000E+01
* ELEM  1337  circular arc
 3, 1239, 1232
*
  9.5700000E+00, 5.6700000E+00, 5.1500000E-01, 2.9250000E+02, 4.5000000E+01
* ELEM  1338  circular arc
 3, 1239, 1235
*
  9.5700000E+00, 5.6700000E+00, 5.1500000E-01, 3.3750000E+02, 2.2500000E+01
* ELEM  1339  circle
 2, 1240, 1239
*
  9.5700000E+00, 5.6700000E+00, 4.4700000E-01, 0.0000000E+00
* ELEM  1340  line segment
 1, 1233, 1234
*
  9.3007612E+00, 6.3200000E+00, -3.8076118E-01, -3.8076118E-01
* ELEM  1341  line segment
 1, 1236, 1234
*
  9.3729180E+00, 6.1457980E+00, -7.2156848E-02, 1.7420204E-01
* ELEM  1342  line segment
 1, 1233, 1117
*
  8.9200000E+00, 6.3200000E+00, 3.8076118E-01, 0.0000000E+00
* ELEM  1343  circular arc
 3, 1371, 1367
*
  9.5700000E+00, 4.3700000E+00, 5.1500000E-01, 0.0000000E+00, 2.2500000E+01
* ELEM  1344  circular arc
 3, 1371, 1370
*
  9.5700000E+00, 4.3700000E+00, 5.1500000E-01, 2.2500000E+01, 4.5000000E+01
* ELEM  1345  circular arc
 3, 1371, 1360
*
  9.5700000E+00, 4.3700000E+00, 5.1500000E-01, 2.4750000E+02, 4.5000000E+01
* ELEM  1346  circular arc
 3, 1371, 1364
*
  9.5700000E+00, 4.3700000E+00, 5.1500000E-01, 2.9250000E+02, 4.5000000E+01
* ELEM  1347  circular arc
 3, 1371, 1367
*
  9.5700000E+00, 4.3700000E+00, 5.1500000E-01, 3.3750000E+02, 2.2500000E+01
* ELEM  1348  circle
 2, 1372, 1371
*
  9.5700000E+00, 4.3700000E+00, 4.4700000E-01, 0.0000000E+00
* ELEM  1349  line segment
 1, 1117, 1119
*
  8.9200000E+00, 6.7007612E+00, 3.8076118E-01, -3.8076118E-01
* ELEM  1350  line segment
 1, 107, 110
*
  8.7457980E+00, 7.1670820E+00, 1.7420204E-01, 7.2156848E-02
* ELEM  1351  line segment
 1, 1120, 107
*
  8.9200000E+00, 6.7007612E+00, 0.0000000E+00, 5.3847763E-01
* ELEM  1352  line segment
 1, 1120, 1119
*
  9.0942020E+00, 6.7729180E+00, -1.7420204E-01, -7.2156848E-02
* ELEM  1353  circular arc
 3, 1129, 1119
*
  9.5700000E+00, 6.9700000E+00, 5.1500000E-01, 2.0250000E+02, 4.5000000E+01
* ELEM  1354  line segment
 1, 1119, 1118
*
  9.3729180E+00, 6.4942020E+00, -7.2156848E-02, -1.7420204E-01
* ELEM  1355  line segment
 1, 1124, 1120
*
  9.0942020E+00, 7.1670820E+00, -1.7420204E-01, 7.2156848E-02
* ELEM  1356  circular arc
 3, 1129, 1120
*
  9.5700000E+00, 6.9700000E+00, 5.1500000E-01, 1.5750000E+02, 4.5000000E+01
* ELEM  1357  line segment
 1, 96, 94
*
  7.1670820E+00, 8.7457980E+00, 7.2156848E-02, 1.7420204E-01
* ELEM  1358  line segment
 1, 95, 96
*
  7.6200000E+00, 8.5392388E+00, -3.8076118E-01, 3.8076118E-01
* ELEM  1359  line segment
 1, 901, 95
*
  7.6200000E+00, 8.9200000E+00, -3.8076118E-01, 0.0000000E+00
* ELEM  1360  line segment
 1, 109, 110
*
  8.9200000E+00, 7.2392388E+00, -3.8076118E-01, 3.8076118E-01
* ELEM  1361  line segment
 1, 1123, 109
*
  8.9200000E+00, 7.2392388E+00, 0.0000000E+00, 3.8076118E-01
* ELEM  1362  line segment
 1, 199, 201
*
  9.8003479E+00, 8.0396521E+00, 4.1965206E-01, -4.1965206E-01
* ELEM  1363  line segment
 1, 199, 1123
*
  9.3007612E+00, 7.6200000E+00, -3.8076118E-01, 0.0000000E+00
* ELEM  1364  line segment
 1, 199, 1126
*
  9.8392388E+00, 7.6200000E+00, -5.3847763E-01, 0.0000000E+00
* ELEM  1365  line segment
 1, 199, 1127
*
  1.0220000E+01, 7.6200000E+00, -3.8076118E-01, 0.0000000E+00
* ELEM  1366  line segment
 1, 200, 907
*
  7.6200000E+00, 9.8392388E+00, 0.0000000E+00, 3.8076118E-01
* ELEM  1367  line segment
 1, 200, 905
*
  7.6200000E+00, 9.3007612E+00, 0.0000000E+00, 5.3847763E-01
* ELEM  1368  line segment
 1, 200, 901
*
  7.6200000E+00, 8.9200000E+00, 0.0000000E+00, 3.8076118E-01
* ELEM  1369  line segment
 1, 202, 200
*
  8.0396521E+00, 9.8003479E+00, -4.1965206E-01, 4.1965206E-01
* ELEM  1370  line segment
 1, 943, 918
*
  5.0200000E+00, 9.8392388E+00, 0.0000000E+00, -5.3847763E-01
* ELEM  1371  line segment
 1, 922, 918
*
  5.1942020E+00, 9.7670820E+00, -1.7420204E-01, 7.2156848E-02
* ELEM  1372  circular arc
 3, 927, 918
*
  5.6700000E+00, 9.5700000E+00, 5.1500000E-01, 1.5750000E+02, 4.5000000E+01
* ELEM  1373  line segment
 1, 943, 946
*
  4.8457980E+00, 9.7670820E+00, 1.7420204E-01, 7.2156848E-02
* ELEM  1374  circular arc
 3, 927, 923
*
  5.6700000E+00, 9.5700000E+00, 5.1500000E-01, 0.0000000E+00, 2.2500000E+01
* ELEM  1375  circular arc
 3, 927, 926
*
  5.6700000E+00, 9.5700000E+00, 5.1500000E-01, 2.2500000E+01, 4.5000000E+01
* ELEM  1376  circular arc
 3, 927, 924
*
  5.6700000E+00, 9.5700000E+00, 5.1500000E-01, 6.7500000E+01, 4.5000000E+01
* ELEM  1377  circular arc
 3, 927, 922
*
  5.6700000E+00, 9.5700000E+00, 5.1500000E-01, 1.1250000E+02, 4.5000000E+01
* ELEM  1378  circular arc
 3, 927, 920
*
  5.6700000E+00, 9.5700000E+00, 5.1500000E-01, 2.9250000E+02, 4.5000000E+01
* ELEM  1379  circular arc
 3, 927, 923
*
  5.6700000E+00, 9.5700000E+00, 5.1500000E-01, 3.3750000E+02, 2.2500000E+01
* ELEM  1380  circle
 2, 928, 927
*
  5.6700000E+00, 9.5700000E+00, 4.4700000E-01, 0.0000000E+00
* ELEM  1381  line segment
 1, 920, 923
*
  6.1457980E+00, 9.3729180E+00, 1.7420204E-01, -7.2156848E-02
* ELEM  1382  line segment
 1, 919, 920
*
  5.9392388E+00, 8.9200000E+00, 3.8076118E-01, 3.8076118E-01
* ELEM  1383  line segment
 1, 919, 897
*
  6.3200000E+00, 9.3007612E+00, 0.0000000E+00, -3.8076118E-01
* ELEM  1384  line segment
 1, 897, 899
*
  6.3200000E+00, 9.3007612E+00, 3.8076118E-01, -3.8076118E-01
* ELEM  1385  line segment
 1, 898, 94
*
  7.2392388E+00, 8.9200000E+00, -5.3847763E-01, 0.0000000E+00
* ELEM  1386  line segment
 1, 899, 898
*
  6.7729180E+00, 9.0942020E+00, -7.2156848E-02, -1.7420204E-01
* ELEM  1387  circular arc
 3, 909, 898
*
  6.9700000E+00, 9.5700000E+00, 5.1500000E-01, 2.4750000E+02, 4.5000000E+01
* ELEM  1388  line segment
 1, 898, 902
*
  7.1670820E+00, 9.0942020E+00, 7.2156848E-02, -1.7420204E-01
* ELEM  1389  line segment
 1, 900, 899
*
  6.4942020E+00, 9.3729180E+00, -1.7420204E-01, -7.2156848E-02
* ELEM  1390  circular arc
 3, 909, 899
*
  6.9700000E+00, 9.5700000E+00, 5.1500000E-01, 2.0250000E+02, 4.5000000E+01
* ELEM  1391  line segment
 1, 1583, 1584
*
  9.8392388E+00, 1.1200000E+00, 3.8076118E-01, 3.8076118E-01
* ELEM  1392  line segment
 1, 1583, 1561
*
  1.0220000E+01, 1.5007612E+00, 0.0000000E+00, -3.8076118E-01
* ELEM  1393  line segment
 1, 1583, 1715
*
  1.0220000E+01, 1.1200000E+00, -3.8076118E-01, 0.0000000E+00
* ELEM  1394  line segment
 1, 1584, 1587
*
  1.0045798E+01, 1.5729180E+00, 1.7420204E-01, -7.2156848E-02
* ELEM  1395  line segment
 1, 1698, 846
*
  1.1200000E+00, 1.1139239E+01, 0.0000000E+00, -5.3847763E-01
* ELEM  1396  line segment
 1, 850, 846
*
  1.2942020E+00, 1.1067082E+01, -1.7420204E-01, 7.2156848E-02
* ELEM  1397  circular arc
 3, 855, 846
*
  1.7700000E+00, 1.0870000E+01, 5.1500000E-01, 1.5750000E+02, 4.5000000E+01
* ELEM  1398  circular arc
 3, 855, 851
*
  1.7700000E+00, 1.0870000E+01, 5.1500000E-01, 0.0000000E+00, 2.2500000E+01
* ELEM  1399  circular arc
 3, 855, 854
*
  1.7700000E+00, 1.0870000E+01, 5.1500000E-01, 2.2500000E+01, 4.5000000E+01
* ELEM  1400  circular arc
 3, 855, 852
*
  1.7700000E+00, 1.0870000E+01, 5.1500000E-01, 6.7500000E+01, 4.5000000E+01
* ELEM  1401  circular arc
 3, 855, 850
*
  1.7700000E+00, 1.0870000E+01, 5.1500000E-01, 1.1250000E+02, 4.5000000E+01
* ELEM  1402  circular arc
 3, 855, 848
*
  1.7700000E+00, 1.0870000E+01, 5.1500000E-01, 2.9250000E+02, 4.5000000E+01
* ELEM  1403  circular arc
 3, 855, 851
*
  1.7700000E+00, 1.0870000E+01, 5.1500000E-01, 3.3750000E+02, 2.2500000E+01
* ELEM  1404  circle
 2, 856, 855
*
  1.7700000E+00, 1.0870000E+01, 4.4700000E-01, 0.0000000E+00
* ELEM  1405  line segment
 1, 848, 851
*
  2.2457980E+00, 1.0672918E+01, 1.7420204E-01, -7.2156848E-02
* ELEM  1406  line segment
 1, 847, 848
*
  2.0392388E+00, 1.0220000E+01, 3.8076118E-01, 3.8076118E-01
* ELEM  1407  line segment
 1, 847, 825
*
  2.4200000E+00, 1.0600761E+01, 0.0000000E+00, -3.8076118E-01
* ELEM  1408  line segment
 1, 825, 827
*
  2.4200000E+00, 1.0600761E+01, 3.8076118E-01, -3.8076118E-01
* ELEM  1409  line segment
 1, 826, 80
*
  3.3392388E+00, 1.0220000E+01, -5.3847763E-01, 0.0000000E+00
* ELEM  1410  line segment
 1, 82, 80
*
  3.2670820E+00, 1.0045798E+01, 7.2156848E-02, 1.7420204E-01
* ELEM  1411  line segment
 1, 827, 826
*
  2.8729180E+00, 1.0394202E+01, -7.2156848E-02, -1.7420204E-01
* ELEM  1412  circular arc
 3, 837, 826
*
  3.0700000E+00, 1.0870000E+01, 5.1500000E-01, 2.4750000E+02, 4.5000000E+01
* ELEM  1413  line segment
 1, 826, 830
*
  3.2670820E+00, 1.0394202E+01, 7.2156848E-02, -1.7420204E-01
* ELEM  1414  line segment
 1, 828, 827
*
  2.5942020E+00, 1.0672918E+01, -1.7420204E-01, -7.2156848E-02
* ELEM  1415  circular arc
 3, 837, 827
*
  3.0700000E+00, 1.0870000E+01, 5.1500000E-01, 2.0250000E+02, 4.5000000E+01
* ELEM  1416  line segment
 1, 81, 82
*
  3.7200000E+00, 9.8392388E+00, -3.8076118E-01, 3.8076118E-01
* ELEM  1417  line segment
 1, 829, 81
*
  3.7200000E+00, 1.0220000E+01, -3.8076118E-01, 0.0000000E+00
* ELEM  1418  line segment
 1, 941, 81
*
  3.7200000E+00, 9.8392388E+00, 0.0000000E+00, 3.8076118E-01
* ELEM  1419  line segment
 1, 941, 942
*
  4.1007612E+00, 1.0220000E+01, -3.8076118E-01, -3.8076118E-01
* ELEM  1420  line segment
 1, 944, 942
*
  4.1729180E+00, 1.0045798E+01, -7.2156848E-02, 1.7420204E-01
* ELEM  1421  line segment
 1, 941, 807
*
  3.7200000E+00, 1.0220000E+01, 3.8076118E-01, 0.0000000E+00
* ELEM  1422  line segment
 1, 1360, 164
*
  9.8392388E+00, 3.7200000E+00, -5.3847763E-01, 0.0000000E+00
* ELEM  1423  line segment
 1, 166, 164
*
  9.7670820E+00, 3.5457980E+00, 7.2156848E-02, 1.7420204E-01
* ELEM  1424  line segment
 1, 1360, 1364
*
  9.7670820E+00, 3.8942020E+00, 7.2156848E-02, -1.7420204E-01
* ELEM  1425  line segment
 1, 160, 163
*
  1.0045798E+01, 2.8729180E+00, 1.7420204E-01, -7.2156848E-02
* ELEM  1426  line segment
 1, 159, 160
*
  9.8392388E+00, 2.4200000E+00, 3.8076118E-01, 3.8076118E-01
* ELEM  1427  line segment
 1, 1487, 159
*
  1.0220000E+01, 2.4200000E+00, 0.0000000E+00, 3.8076118E-01
* ELEM  1428  line segment
 1, 1589, 159
*
  9.8392388E+00, 2.4200000E+00, 3.8076118E-01, 0.0000000E+00
* ELEM  1429  line segment
 1, 1587, 1590
*
  1.0045798E+01, 1.9670820E+00, 1.7420204E-01, 7.2156848E-02
* ELEM  1430  line segment
 1, 1589, 1590
*
  1.0220000E+01, 2.0392388E+00, -3.8076118E-01, 3.8076118E-01
* ELEM  1431  line segment
 1, 1589, 1567
*
  1.0220000E+01, 2.4200000E+00, 0.0000000E+00, -3.8076118E-01
* ELEM  1432  line segment
 1, 1232, 1235
*
  1.0045798E+01, 5.4729180E+00, 1.7420204E-01, -7.2156848E-02
* ELEM  1433  line segment
 1, 1231, 1232
*
  9.8392388E+00, 5.0200000E+00, 3.8076118E-01, 3.8076118E-01
* ELEM  1434  line segment
 1, 1231, 1209
*
  1.0220000E+01, 5.4007612E+00, 0.0000000E+00, -3.8076118E-01
* ELEM  1435  line segment
 1, 1369, 1231
*
  9.8392388E+00, 5.0200000E+00, 3.8076118E-01, 0.0000000E+00
* ELEM  1436  line segment
 1, 1367, 1370
*
  1.0045798E+01, 4.5670820E+00, 1.7420204E-01, 7.2156848E-02
* ELEM  1437  line segment
 1, 1369, 1370
*
  1.0220000E+01, 4.6392388E+00, -3.8076118E-01, 3.8076118E-01
* ELEM  1438  line segment
 1, 1369, 1347
*
  1.0220000E+01, 5.0200000E+00, 0.0000000E+00, -3.8076118E-01
* ELEM  1439  circular arc
 3, 1129, 1118
*
  9.5700000E+00, 6.9700000E+00, 5.1500000E-01, 2.4750000E+02, 4.5000000E+01
* ELEM  1440  line segment
 1, 1118, 1122
*
  9.7670820E+00, 6.4942020E+00, 7.2156848E-02, -1.7420204E-01
* ELEM  1441  line segment
 1, 1236, 1118
*
  9.3007612E+00, 6.3200000E+00, 5.3847763E-01, 0.0000000E+00
* ELEM  1442  line segment
 1, 1238, 1236
*
  9.7670820E+00, 6.1457980E+00, 7.2156848E-02, 1.7420204E-01
* ELEM  1443  line segment
 1, 1123, 1124
*
  9.3007612E+00, 7.6200000E+00, -3.8076118E-01, -3.8076118E-01
* ELEM  1444  line segment
 1, 1126, 1124
*
  9.3729180E+00, 7.4457980E+00, -7.2156848E-02, 1.7420204E-01
* ELEM  1445  circular arc
 3, 1129, 1124
*
  9.5700000E+00, 6.9700000E+00, 5.1500000E-01, 1.1250000E+02, 4.5000000E+01
* ELEM  1446  circular arc
 3, 1129, 1125
*
  9.5700000E+00, 6.9700000E+00, 5.1500000E-01, 0.0000000E+00, 2.2500000E+01
* ELEM  1447  circular arc
 3, 1129, 1128
*
  9.5700000E+00, 6.9700000E+00, 5.1500000E-01, 2.2500000E+01, 4.5000000E+01
* ELEM  1448  circular arc
 3, 1129, 1126
*
  9.5700000E+00, 6.9700000E+00, 5.1500000E-01, 6.7500000E+01, 4.5000000E+01
* ELEM  1449  circular arc
 3, 1129, 1122
*
  9.5700000E+00, 6.9700000E+00, 5.1500000E-01, 2.9250000E+02, 4.5000000E+01
* ELEM  1450  circular arc
 3, 1129, 1125
*
  9.5700000E+00, 6.9700000E+00, 5.1500000E-01, 3.3750000E+02, 2.2500000E+01
* ELEM  1451  circle
 2, 1130, 1129
*
  9.5700000E+00, 6.9700000E+00, 4.4700000E-01, 0.0000000E+00
* ELEM  1452  line segment
 1, 901, 902
*
  7.2392388E+00, 8.9200000E+00, 3.8076118E-01, 3.8076118E-01
* ELEM  1453  circular arc
 3, 909, 902
*
  6.9700000E+00, 9.5700000E+00, 5.1500000E-01, 2.9250000E+02, 4.5000000E+01
* ELEM  1454  line segment
 1, 902, 905
*
  7.4457980E+00, 9.3729180E+00, 1.7420204E-01, -7.2156848E-02
* ELEM  1455  line segment
 1, 201, 203
*
  1.0165000E+01, 8.9200000E+00, 5.5000000E-02, 0.0000000E+00
* ELEM  1456  line segment
 1, 201, 1007
*
  1.0220000E+01, 8.0007612E+00, 0.0000000E+00, -3.8076118E-01
* ELEM  1457  line segment
 1, 201, 1010
*
  1.0220000E+01, 8.5392388E+00, 0.0000000E+00, -5.3847763E-01
* ELEM  1458  line segment
 1, 201, 1013
*
  1.0220000E+01, 8.9200000E+00, 0.0000000E+00, -3.8076118E-01
* ELEM  1459  line segment
 1, 202, 755
*
  8.5392388E+00, 1.0220000E+01, 3.8076118E-01, 0.0000000E+00
* ELEM  1460  line segment
 1, 202, 752
*
  8.0007612E+00, 1.0220000E+01, 5.3847763E-01, 0.0000000E+00
* ELEM  1461  line segment
 1, 202, 751
*
  7.6200000E+00, 1.0220000E+01, 3.8076118E-01, 0.0000000E+00
* ELEM  1462  line segment
 1, 204, 202
*
  8.9200000E+00, 1.0165000E+01, 0.0000000E+00, 5.5000000E-02
* ELEM  1463  line segment
 1, 921, 922
*
  5.4007612E+00, 1.0220000E+01, -3.8076118E-01, -3.8076118E-01
* ELEM  1464  line segment
 1, 924, 922
*
  5.4729180E+00, 1.0045798E+01, -7.2156848E-02, 1.7420204E-01
* ELEM  1465  line segment
 1, 945, 946
*
  5.0200000E+00, 9.8392388E+00, -3.8076118E-01, 3.8076118E-01
* ELEM  1466  line segment
 1, 945, 811
*
  4.6392388E+00, 1.0220000E+01, 3.8076118E-01, 0.0000000E+00
* ELEM  1467  line segment
 1, 945, 921
*
  5.0200000E+00, 1.0220000E+01, 0.0000000E+00, -3.8076118E-01
* ELEM  1468  line segment
 1, 921, 789
*
  5.0200000E+00, 1.0220000E+01, 3.8076118E-01, 0.0000000E+00
* ELEM  1469  line segment
 1, 946, 944
*
  4.5670820E+00, 1.0045798E+01, 7.2156848E-02, 1.7420204E-01
* ELEM  1470  line segment
 1, 923, 900
*
  6.3200000E+00, 9.8392388E+00, 0.0000000E+00, -5.3847763E-01
* ELEM  1471  line segment
 1, 904, 900
*
  6.4942020E+00, 9.7670820E+00, -1.7420204E-01, 7.2156848E-02
* ELEM  1472  circular arc
 3, 909, 900
*
  6.9700000E+00, 9.5700000E+00, 5.1500000E-01, 1.5750000E+02, 4.5000000E+01
* ELEM  1473  line segment
 1, 923, 926
*
  6.1457980E+00, 9.7670820E+00, 1.7420204E-01, 7.2156848E-02
* ELEM  1474  circular arc
 3, 909, 905
*
  6.9700000E+00, 9.5700000E+00, 5.1500000E-01, 0.0000000E+00, 2.2500000E+01
* ELEM  1475  circular arc
 3, 909, 908
*
  6.9700000E+00, 9.5700000E+00, 5.1500000E-01, 2.2500000E+01, 4.5000000E+01
* ELEM  1476  circular arc
 3, 909, 906
*
  6.9700000E+00, 9.5700000E+00, 5.1500000E-01, 6.7500000E+01, 4.5000000E+01
* ELEM  1477  circular arc
 3, 909, 904
*
  6.9700000E+00, 9.5700000E+00, 5.1500000E-01, 1.1250000E+02, 4.5000000E+01
* ELEM  1478  circular arc
 3, 909, 905
*
  6.9700000E+00, 9.5700000E+00, 5.1500000E-01, 3.3750000E+02, 2.2500000E+01
* ELEM  1479  circle
 2, 910, 909
*
  6.9700000E+00, 9.5700000E+00, 4.4700000E-01, 0.0000000E+00
* ELEM  1480  line segment
 1, 1561, 1563
*
  1.0220000E+01, 1.5007612E+00, 3.8076118E-01, -3.8076118E-01
* ELEM  1481  line segment
 1, 1561, 1695
*
  1.0600761E+01, 1.1200000E+00, -3.8076118E-01, 0.0000000E+00
* ELEM  1482  line segment
 1, 1564, 1563
*
  1.0394202E+01, 1.5729180E+00, -1.7420204E-01, -7.2156848E-02
* ELEM  1483  circular arc
 3, 1573, 1563
*
  1.0870000E+01, 1.7700000E+00, 5.1500000E-01, 2.0250000E+02, 4.5000000E+01
* ELEM  1484  line segment
 1, 1563, 1562
*
  1.0672918E+01, 1.2942020E+00, -7.2156848E-02, -1.7420204E-01
* ELEM  1485  line segment
 1, 1587, 1564
*
  1.0220000E+01, 2.0392388E+00, 0.0000000E+00, -5.3847763E-01
* ELEM  1486  line segment
 1, 1568, 1564
*
  1.0394202E+01, 1.9670820E+00, -1.7420204E-01, 7.2156848E-02
* ELEM  1487  circular arc
 3, 1573, 1564
*
  1.0870000E+01, 1.7700000E+00, 5.1500000E-01, 1.5750000E+02, 4.5000000E+01
* ELEM  1488  line segment
 1, 849, 850
*
  1.5007612E+00, 1.1520000E+01, -3.8076118E-01, -3.8076118E-01
* ELEM  1489  line segment
 1, 852, 850
*
  1.5729180E+00, 1.1345798E+01, -7.2156848E-02, 1.7420204E-01
* ELEM  1490  line segment
 1, 849, 1698
*
  1.1200000E+00, 1.1139239E+01, 0.0000000E+00, 3.8076118E-01
* ELEM  1491  line segment
 1, 849, 657
*
  1.1200000E+00, 1.1520000E+01, 3.8076118E-01, 0.0000000E+00
* ELEM  1492  line segment
 1, 851, 828
*
  2.4200000E+00, 1.1139239E+01, 0.0000000E+00, -5.3847763E-01
* ELEM  1493  line segment
 1, 832, 828
*
  2.5942020E+00, 1.1067082E+01, -1.7420204E-01, 7.2156848E-02
* ELEM  1494  circular arc
 3, 837, 828
*
  3.0700000E+00, 1.0870000E+01, 5.1500000E-01, 1.5750000E+02, 4.5000000E+01
* ELEM  1495  line segment
 1, 851, 854
*
  2.2457980E+00, 1.1067082E+01, 1.7420204E-01, 7.2156848E-02
* ELEM  1496  line segment
 1, 829, 830
*
  3.3392388E+00, 1.0220000E+01, 3.8076118E-01, 3.8076118E-01
* ELEM  1497  line segment
 1, 829, 807
*
  3.7200000E+00, 1.0600761E+01, 0.0000000E+00, -3.8076118E-01
* ELEM  1498  circular arc
 3, 837, 830
*
  3.0700000E+00, 1.0870000E+01, 5.1500000E-01, 2.9250000E+02, 4.5000000E+01
* ELEM  1499  line segment
 1, 830, 833
*
  3.5457980E+00, 1.0672918E+01, 1.7420204E-01, -7.2156848E-02
* ELEM  1500  circular arc
 3, 837, 833
*
  3.0700000E+00, 1.0870000E+01, 5.1500000E-01, 0.0000000E+00, 2.2500000E+01
* ELEM  1501  circular arc
 3, 837, 836
*
  3.0700000E+00, 1.0870000E+01, 5.1500000E-01, 2.2500000E+01, 4.5000000E+01
* ELEM  1502  circular arc
 3, 837, 834
*
  3.0700000E+00, 1.0870000E+01, 5.1500000E-01, 6.7500000E+01, 4.5000000E+01
* ELEM  1503  circular arc
 3, 837, 832
*
  3.0700000E+00, 1.0870000E+01, 5.1500000E-01, 1.1250000E+02, 4.5000000E+01
* ELEM  1504  circular arc
 3, 837, 833
*
  3.0700000E+00, 1.0870000E+01, 5.1500000E-01, 3.3750000E+02, 2.2500000E+01
* ELEM  1505  circle
 2, 838, 837
*
  3.0700000E+00, 1.0870000E+01, 4.4700000E-01, 0.0000000E+00
* ELEM  1506  line segment
 1, 807, 809
*
  3.7200000E+00, 1.0600761E+01, 3.8076118E-01, -3.8076118E-01
* ELEM  1507  line segment
 1, 810, 809
*
  3.8942020E+00, 1.0672918E+01, -1.7420204E-01, -7.2156848E-02
* ELEM  1508  circular arc
 3, 819, 809
*
  4.3700000E+00, 1.0870000E+01, 5.1500000E-01, 2.0250000E+02, 4.5000000E+01
* ELEM  1509  line segment
 1, 809, 808
*
  4.1729180E+00, 1.0394202E+01, -7.2156848E-02, -1.7420204E-01
* ELEM  1510  circular arc
 3, 819, 808
*
  4.3700000E+00, 1.0870000E+01, 5.1500000E-01, 2.4750000E+02, 4.5000000E+01
* ELEM  1511  line segment
 1, 808, 812
*
  4.5670820E+00, 1.0394202E+01, 7.2156848E-02, -1.7420204E-01
* ELEM  1512  line segment
 1, 944, 808
*
  4.1007612E+00, 1.0220000E+01, 5.3847763E-01, 0.0000000E+00
* ELEM  1513  line segment
 1, 163, 166
*
  1.0045798E+01, 3.2670820E+00, 1.7420204E-01, 7.2156848E-02
* ELEM  1514  line segment
 1, 165, 166
*
  1.0220000E+01, 3.3392388E+00, -3.8076118E-01, 3.8076118E-01
* ELEM  1515  line segment
 1, 1363, 165
*
  1.0220000E+01, 3.7200000E+00, -3.8076118E-01, 0.0000000E+00
* ELEM  1516  line segment
 1, 1493, 165
*
  1.0220000E+01, 3.3392388E+00, 0.0000000E+00, 3.8076118E-01
* ELEM  1517  line segment
 1, 1363, 1364
*
  9.8392388E+00, 3.7200000E+00, 3.8076118E-01, 3.8076118E-01
* ELEM  1518  line segment
 1, 1363, 1341
*
  1.0220000E+01, 4.1007612E+00, 0.0000000E+00, -3.8076118E-01
* ELEM  1519  line segment
 1, 1364, 1367
*
  1.0045798E+01, 4.1729180E+00, 1.7420204E-01, -7.2156848E-02
* ELEM  1520  line segment
 1, 1487, 1489
*
  1.0220000E+01, 2.8007612E+00, 3.8076118E-01, -3.8076118E-01
* ELEM  1521  line segment
 1, 1567, 1487
*
  1.0220000E+01, 2.4200000E+00, 3.8076118E-01, 0.0000000E+00
* ELEM  1522  line segment
 1, 1490, 163
*
  1.0220000E+01, 2.8007612E+00, 0.0000000E+00, 5.3847763E-01
* ELEM  1523  line segment
 1, 1490, 1489
*
  1.0394202E+01, 2.8729180E+00, -1.7420204E-01, -7.2156848E-02
* ELEM  1524  circular arc
 3, 1499, 1489
*
  1.0870000E+01, 3.0700000E+00, 5.1500000E-01, 2.0250000E+02, 4.5000000E+01
* ELEM  1525  line segment
 1, 1489, 1488
*
  1.0672918E+01, 2.5942020E+00, -7.2156848E-02, -1.7420204E-01
* ELEM  1526  line segment
 1, 1494, 1490
*
  1.0394202E+01, 3.2670820E+00, -1.7420204E-01, 7.2156848E-02
* ELEM  1527  circular arc
 3, 1499, 1490
*
  1.0870000E+01, 3.0700000E+00, 5.1500000E-01, 1.5750000E+02, 4.5000000E+01
* ELEM  1528  line segment
 1, 1567, 1568
*
  1.0600761E+01, 2.4200000E+00, -3.8076118E-01, -3.8076118E-01
* ELEM  1529  line segment
 1, 1570, 1568
*
  1.0672918E+01, 2.2457980E+00, -7.2156848E-02, 1.7420204E-01
* ELEM  1530  circular arc
 3, 1573, 1568
*
  1.0870000E+01, 1.7700000E+00, 5.1500000E-01, 1.1250000E+02, 4.5000000E+01
* ELEM  1531  line segment
 1, 1209, 1211
*
  1.0220000E+01, 5.4007612E+00, 3.8076118E-01, -3.8076118E-01
* ELEM  1532  line segment
 1, 1347, 1209
*
  1.0220000E+01, 5.0200000E+00, 3.8076118E-01, 0.0000000E+00
* ELEM  1533  line segment
 1, 1212, 1211
*
  1.0394202E+01, 5.4729180E+00, -1.7420204E-01, -7.2156848E-02
* ELEM  1534  circular arc
 3, 1221, 1211
*
  1.0870000E+01, 5.6700000E+00, 5.1500000E-01, 2.0250000E+02, 4.5000000E+01
* ELEM  1535  line segment
 1, 1211, 1210
*
  1.0672918E+01, 5.1942020E+00, -7.2156848E-02, -1.7420204E-01
* ELEM  1536  line segment
 1, 1235, 1212
*
  1.0220000E+01, 5.9392388E+00, 0.0000000E+00, -5.3847763E-01
* ELEM  1537  line segment
 1, 1216, 1212
*
  1.0394202E+01, 5.8670820E+00, -1.7420204E-01, 7.2156848E-02
* ELEM  1538  circular arc
 3, 1221, 1212
*
  1.0870000E+01, 5.6700000E+00, 5.1500000E-01, 1.5750000E+02, 4.5000000E+01
* ELEM  1539  line segment
 1, 1235, 1238
*
  1.0045798E+01, 5.8670820E+00, 1.7420204E-01, 7.2156848E-02
* ELEM  1540  line segment
 1, 1347, 1348
*
  1.0600761E+01, 5.0200000E+00, -3.8076118E-01, -3.8076118E-01
* ELEM  1541  line segment
 1, 1367, 1344
*
  1.0220000E+01, 4.6392388E+00, 0.0000000E+00, -5.3847763E-01
* ELEM  1542  line segment
 1, 1348, 1344
*
  1.0394202E+01, 4.5670820E+00, -1.7420204E-01, 7.2156848E-02
* ELEM  1543  circular arc
 3, 1353, 1344
*
  1.0870000E+01, 4.3700000E+00, 5.1500000E-01, 1.5750000E+02, 4.5000000E+01
* ELEM  1544  line segment
 1, 1344, 1343
*
  1.0394202E+01, 4.1729180E+00, -1.7420204E-01, -7.2156848E-02
* ELEM  1545  line segment
 1, 1350, 1348
*
  1.0672918E+01, 4.8457980E+00, -7.2156848E-02, 1.7420204E-01
* ELEM  1546  circular arc
 3, 1353, 1348
*
  1.0870000E+01, 4.3700000E+00, 5.1500000E-01, 1.1250000E+02, 4.5000000E+01
* ELEM  1547  line segment
 1, 1122, 1125
*
  1.0045798E+01, 6.7729180E+00, 1.7420204E-01, -7.2156848E-02
* ELEM  1548  line segment
 1, 1121, 1122
*
  9.8392388E+00, 6.3200000E+00, 3.8076118E-01, 3.8076118E-01
* ELEM  1549  line segment
 1, 1121, 1099
*
  1.0220000E+01, 6.7007612E+00, 0.0000000E+00, -3.8076118E-01
* ELEM  1550  line segment
 1, 1237, 1121
*
  9.8392388E+00, 6.3200000E+00, 3.8076118E-01, 0.0000000E+00
* ELEM  1551  line segment
 1, 1237, 1238
*
  1.0220000E+01, 5.9392388E+00, -3.8076118E-01, 3.8076118E-01
* ELEM  1552  line segment
 1, 1237, 1215
*
  1.0220000E+01, 6.3200000E+00, 0.0000000E+00, -3.8076118E-01
* ELEM  1553  line segment
 1, 1128, 1126
*
  9.7670820E+00, 7.4457980E+00, 7.2156848E-02, 1.7420204E-01
* ELEM  1554  line segment
 1, 905, 908
*
  7.4457980E+00, 9.7670820E+00, 1.7420204E-01, 7.2156848E-02
* ELEM  1555  line segment
 1, 1127, 1128
*
  1.0220000E+01, 7.2392388E+00, -3.8076118E-01, 3.8076118E-01
* ELEM  1556  line segment
 1, 1127, 1105
*
  1.0220000E+01, 7.6200000E+00, 0.0000000E+00, -3.8076118E-01
* ELEM  1557  line segment
 1, 1007, 1009
*
  1.0220000E+01, 8.0007612E+00, 3.8076118E-01, -3.8076118E-01
* ELEM  1558  line segment
 1, 1105, 1007
*
  1.0220000E+01, 7.6200000E+00, 3.8076118E-01, 0.0000000E+00
* ELEM  1559  line segment
 1, 1105, 1106
*
  1.0600761E+01, 7.6200000E+00, -3.8076118E-01, -3.8076118E-01
* ELEM  1560  line segment
 1, 203, 204
*
  9.8003479E+00, 9.8003479E+00, 4.1965206E-01, 4.1965206E-01
* ELEM  1561  line segment
 1, 203, 879
*
  1.0220000E+01, 9.3007612E+00, 0.0000000E+00, -3.8076118E-01
* ELEM  1562  line segment
 1, 203, 882
*
  1.0220000E+01, 9.8392388E+00, 0.0000000E+00, -5.3847763E-01
* ELEM  1563  line segment
 1, 203, 885
*
  1.0220000E+01, 1.0220000E+01, 0.0000000E+00, -3.8076118E-01
* ELEM  1564  line segment
 1, 773, 751
*
  7.6200000E+00, 1.0600761E+01, 0.0000000E+00, -3.8076118E-01
* ELEM  1565  line segment
 1, 751, 753
*
  7.6200000E+00, 1.0600761E+01, 3.8076118E-01, -3.8076118E-01
* ELEM  1566  line segment
 1, 773, 774
*
  7.2392388E+00, 1.0220000E+01, 3.8076118E-01, 3.8076118E-01
* ELEM  1567  line segment
 1, 907, 773
*
  7.2392388E+00, 1.0220000E+01, 3.8076118E-01, 0.0000000E+00
* ELEM  1568  line segment
 1, 907, 908
*
  7.6200000E+00, 9.8392388E+00, -3.8076118E-01, 3.8076118E-01
* ELEM  1569  line segment
 1, 204, 735
*
  9.8392388E+00, 1.0220000E+01, 3.8076118E-01, 0.0000000E+00
* ELEM  1570  line segment
 1, 204, 732
*
  9.3007612E+00, 1.0220000E+01, 5.3847763E-01, 0.0000000E+00
* ELEM  1571  line segment
 1, 204, 731
*
  8.9200000E+00, 1.0220000E+01, 3.8076118E-01, 0.0000000E+00
* ELEM  1572  line segment
 1, 811, 812
*
  4.6392388E+00, 1.0220000E+01, 3.8076118E-01, 3.8076118E-01
* ELEM  1573  line segment
 1, 811, 789
*
  5.0200000E+00, 1.0600761E+01, 0.0000000E+00, -3.8076118E-01
* ELEM  1574  line segment
 1, 789, 791
*
  5.0200000E+00, 1.0600761E+01, 3.8076118E-01, -3.8076118E-01
* ELEM  1575  line segment
 1, 792, 791
*
  5.1942020E+00, 1.0672918E+01, -1.7420204E-01, -7.2156848E-02
* ELEM  1576  circular arc
 3, 801, 791
*
  5.6700000E+00, 1.0870000E+01, 5.1500000E-01, 2.0250000E+02, 4.5000000E+01
* ELEM  1577  line segment
 1, 791, 790
*
  5.4729180E+00, 1.0394202E+01, -7.2156848E-02, -1.7420204E-01
* ELEM  1578  circular arc
 3, 801, 790
*
  5.6700000E+00, 1.0870000E+01, 5.1500000E-01, 2.4750000E+02, 4.5000000E+01
* ELEM  1579  line segment
 1, 790, 794
*
  5.8670820E+00, 1.0394202E+01, 7.2156848E-02, -1.7420204E-01
* ELEM  1580  line segment
 1, 924, 790
*
  5.4007612E+00, 1.0220000E+01, 5.3847763E-01, 0.0000000E+00
* ELEM  1581  line segment
 1, 926, 924
*
  5.8670820E+00, 1.0045798E+01, 7.2156848E-02, 1.7420204E-01
* ELEM  1582  circular arc
 3, 819, 812
*
  4.3700000E+00, 1.0870000E+01, 5.1500000E-01, 2.9250000E+02, 4.5000000E+01
* ELEM  1583  line segment
 1, 812, 815
*
  4.8457980E+00, 1.0672918E+01, 1.7420204E-01, -7.2156848E-02
* ELEM  1584  line segment
 1, 903, 904
*
  6.7007612E+00, 1.0220000E+01, -3.8076118E-01, -3.8076118E-01
* ELEM  1585  line segment
 1, 906, 904
*
  6.7729180E+00, 1.0045798E+01, -7.2156848E-02, 1.7420204E-01
* ELEM  1586  line segment
 1, 925, 926
*
  6.3200000E+00, 9.8392388E+00, -3.8076118E-01, 3.8076118E-01
* ELEM  1587  line segment
 1, 925, 793
*
  5.9392388E+00, 1.0220000E+01, 3.8076118E-01, 0.0000000E+00
* ELEM  1588  line segment
 1, 925, 903
*
  6.3200000E+00, 1.0220000E+01, 0.0000000E+00, -3.8076118E-01
* ELEM  1589  line segment
 1, 903, 769
*
  6.3200000E+00, 1.0220000E+01, 3.8076118E-01, 0.0000000E+00
* ELEM  1590  circular arc
 3, 1573, 1562
*
  1.0870000E+01, 1.7700000E+00, 5.1500000E-01, 2.4750000E+02, 4.5000000E+01
* ELEM  1591  line segment
 1, 1562, 1566
*
  1.1067082E+01, 1.2942020E+00, 7.2156848E-02, -1.7420204E-01
* ELEM  1592  line segment
 1, 1695, 1562
*
  1.0600761E+01, 1.1200000E+00, 5.3847763E-01, 0.0000000E+00
* ELEM  1593  circular arc
 3, 1573, 1569
*
  1.0870000E+01, 1.7700000E+00, 5.1500000E-01, 0.0000000E+00, 2.2500000E+01
* ELEM  1594  circular arc
 3, 1573, 1572
*
  1.0870000E+01, 1.7700000E+00, 5.1500000E-01, 2.2500000E+01, 4.5000000E+01
* ELEM  1595  circular arc
 3, 1573, 1570
*
  1.0870000E+01, 1.7700000E+00, 5.1500000E-01, 6.7500000E+01, 4.5000000E+01
* ELEM  1596  circular arc
 3, 1573, 1566
*
  1.0870000E+01, 1.7700000E+00, 5.1500000E-01, 2.9250000E+02, 4.5000000E+01
* ELEM  1597  circular arc
 3, 1573, 1569
*
  1.0870000E+01, 1.7700000E+00, 5.1500000E-01, 3.3750000E+02, 2.2500000E+01
* ELEM  1598  circle
 2, 1574, 1573
*
  1.0870000E+01, 1.7700000E+00, 4.4700000E-01, 0.0000000E+00
* ELEM  1599  line segment
 1, 657, 1699
*
  1.1200000E+00, 1.1520000E+01, 0.0000000E+00, 3.8076118E-01
* ELEM  1600  line segment
 1, 657, 659
*
  1.1200000E+00, 1.1900761E+01, 3.8076118E-01, -3.8076118E-01
* ELEM  1601  line segment
 1, 660, 659
*
  1.2942020E+00, 1.1972918E+01, -1.7420204E-01, -7.2156848E-02
* ELEM  1602  circular arc
 3, 669, 659
*
  1.7700000E+00, 1.2170000E+01, 5.1500000E-01, 2.0250000E+02, 4.5000000E+01
* ELEM  1603  line segment
 1, 659, 658
*
  1.5729180E+00, 1.1694202E+01, -7.2156848E-02, -1.7420204E-01
* ELEM  1604  circular arc
 3, 669, 658
*
  1.7700000E+00, 1.2170000E+01, 5.1500000E-01, 2.4750000E+02, 4.5000000E+01
* ELEM  1605  line segment
 1, 658, 662
*
  1.9670820E+00, 1.1694202E+01, 7.2156848E-02, -1.7420204E-01
* ELEM  1606  line segment
 1, 852, 658
*
  1.5007612E+00, 1.1520000E+01, 5.3847763E-01, 0.0000000E+00
* ELEM  1607  line segment
 1, 854, 852
*
  1.9670820E+00, 1.1345798E+01, 7.2156848E-02, 1.7420204E-01
* ELEM  1608  line segment
 1, 831, 832
*
  2.8007612E+00, 1.1520000E+01, -3.8076118E-01, -3.8076118E-01
* ELEM  1609  line segment
 1, 834, 832
*
  2.8729180E+00, 1.1345798E+01, -7.2156848E-02, 1.7420204E-01
* ELEM  1610  line segment
 1, 853, 854
*
  2.4200000E+00, 1.1139239E+01, -3.8076118E-01, 3.8076118E-01
* ELEM  1611  line segment
 1, 853, 661
*
  2.0392388E+00, 1.1520000E+01, 3.8076118E-01, 0.0000000E+00
* ELEM  1612  line segment
 1, 853, 831
*
  2.4200000E+00, 1.1520000E+01, 0.0000000E+00, -3.8076118E-01
* ELEM  1613  line segment
 1, 831, 43
*
  2.4200000E+00, 1.1520000E+01, 3.8076118E-01, 0.0000000E+00
* ELEM  1614  line segment
 1, 833, 810
*
  3.7200000E+00, 1.1139239E+01, 0.0000000E+00, -5.3847763E-01
* ELEM  1615  line segment
 1, 814, 810
*
  3.8942020E+00, 1.1067082E+01, -1.7420204E-01, 7.2156848E-02
* ELEM  1616  circular arc
 3, 819, 810
*
  4.3700000E+00, 1.0870000E+01, 5.1500000E-01, 1.5750000E+02, 4.5000000E+01
* ELEM  1617  line segment
 1, 833, 836
*
  3.5457980E+00, 1.1067082E+01, 1.7420204E-01, 7.2156848E-02
* ELEM  1618  circular arc
 3, 819, 815
*
  4.3700000E+00, 1.0870000E+01, 5.1500000E-01, 0.0000000E+00, 2.2500000E+01
* ELEM  1619  circular arc
 3, 819, 818
*
  4.3700000E+00, 1.0870000E+01, 5.1500000E-01, 2.2500000E+01, 4.5000000E+01
* ELEM  1620  circular arc
 3, 819, 816
*
  4.3700000E+00, 1.0870000E+01, 5.1500000E-01, 6.7500000E+01, 4.5000000E+01
* ELEM  1621  circular arc
 3, 819, 814
*
  4.3700000E+00, 1.0870000E+01, 5.1500000E-01, 1.1250000E+02, 4.5000000E+01
* ELEM  1622  circular arc
 3, 819, 815
*
  4.3700000E+00, 1.0870000E+01, 5.1500000E-01, 3.3750000E+02, 2.2500000E+01
* ELEM  1623  circle
 2, 820, 819
*
  4.3700000E+00, 1.0870000E+01, 4.4700000E-01, 0.0000000E+00
* ELEM  1624  line segment
 1, 1493, 1494
*
  1.0600761E+01, 3.7200000E+00, -3.8076118E-01, -3.8076118E-01
* ELEM  1625  line segment
 1, 1496, 1494
*
  1.0672918E+01, 3.5457980E+00, -7.2156848E-02, 1.7420204E-01
* ELEM  1626  circular arc
 3, 1499, 1494
*
  1.0870000E+01, 3.0700000E+00, 5.1500000E-01, 1.1250000E+02, 4.5000000E+01
* ELEM  1627  line segment
 1, 1493, 1341
*
  1.0220000E+01, 3.7200000E+00, 3.8076118E-01, 0.0000000E+00
* ELEM  1628  line segment
 1, 1341, 1343
*
  1.0220000E+01, 4.1007612E+00, 3.8076118E-01, -3.8076118E-01
* ELEM  1629  circular arc
 3, 1353, 1343
*
  1.0870000E+01, 4.3700000E+00, 5.1500000E-01, 2.0250000E+02, 4.5000000E+01
* ELEM  1630  line segment
 1, 1343, 1342
*
  1.0672918E+01, 3.8942020E+00, -7.2156848E-02, -1.7420204E-01
* ELEM  1631  circular arc
 3, 1499, 1488
*
  1.0870000E+01, 3.0700000E+00, 5.1500000E-01, 2.4750000E+02, 4.5000000E+01
* ELEM  1632  line segment
 1, 1488, 1492
*
  1.1067082E+01, 2.5942020E+00, 7.2156848E-02, -1.7420204E-01
* ELEM  1633  line segment
 1, 1570, 1488
*
  1.0600761E+01, 2.4200000E+00, 5.3847763E-01, 0.0000000E+00
* ELEM  1634  line segment
 1, 1572, 1570
*
  1.1067082E+01, 2.2457980E+00, 7.2156848E-02, 1.7420204E-01
* ELEM  1635  circular arc
 3, 1499, 1495
*
  1.0870000E+01, 3.0700000E+00, 5.1500000E-01, 0.0000000E+00, 2.2500000E+01
* ELEM  1636  circular arc
 3, 1499, 1498
*
  1.0870000E+01, 3.0700000E+00, 5.1500000E-01, 2.2500000E+01, 4.5000000E+01
* ELEM  1637  circular arc
 3, 1499, 1496
*
  1.0870000E+01, 3.0700000E+00, 5.1500000E-01, 6.7500000E+01, 4.5000000E+01
* ELEM  1638  circular arc
 3, 1499, 1492
*
  1.0870000E+01, 3.0700000E+00, 5.1500000E-01, 2.9250000E+02, 4.5000000E+01
* ELEM  1639  circular arc
 3, 1499, 1495
*
  1.0870000E+01, 3.0700000E+00, 5.1500000E-01, 3.3750000E+02, 2.2500000E+01
* ELEM  1640  circle
 2, 1500, 1499
*
  1.0870000E+01, 3.0700000E+00, 4.4700000E-01, 0.0000000E+00
* ELEM  1641  circular arc
 3, 1221, 1210
*
  1.0870000E+01, 5.6700000E+00, 5.1500000E-01, 2.4750000E+02, 4.5000000E+01
* ELEM  1642  line segment
 1, 1210, 1214
*
  1.1067082E+01, 5.1942020E+00, 7.2156848E-02, -1.7420204E-01
* ELEM  1643  line segment
 1, 1350, 1210
*
  1.0600761E+01, 5.0200000E+00, 5.3847763E-01, 0.0000000E+00
* ELEM  1644  line segment
 1, 1352, 1350
*
  1.1067082E+01, 4.8457980E+00, 7.2156848E-02, 1.7420204E-01
* ELEM  1645  circular arc
 3, 1353, 1350
*
  1.0870000E+01, 4.3700000E+00, 5.1500000E-01, 6.7500000E+01, 4.5000000E+01
* ELEM  1646  circular arc
 3, 1221, 1217
*
  1.0870000E+01, 5.6700000E+00, 5.1500000E-01, 0.0000000E+00, 2.2500000E+01
* ELEM  1647  circular arc
 3, 1221, 1220
*
  1.0870000E+01, 5.6700000E+00, 5.1500000E-01, 2.2500000E+01, 4.5000000E+01
* ELEM  1648  circular arc
 3, 1221, 1218
*
  1.0870000E+01, 5.6700000E+00, 5.1500000E-01, 6.7500000E+01, 4.5000000E+01
* ELEM  1649  circular arc
 3, 1221, 1216
*
  1.0870000E+01, 5.6700000E+00, 5.1500000E-01, 1.1250000E+02, 4.5000000E+01
* ELEM  1650  circular arc
 3, 1221, 1214
*
  1.0870000E+01, 5.6700000E+00, 5.1500000E-01, 2.9250000E+02, 4.5000000E+01
* ELEM  1651  circular arc
 3, 1221, 1217
*
  1.0870000E+01, 5.6700000E+00, 5.1500000E-01, 3.3750000E+02, 2.2500000E+01
* ELEM  1652  circle
 2, 1222, 1221
*
  1.0870000E+01, 5.6700000E+00, 4.4700000E-01, 0.0000000E+00
* ELEM  1653  line segment
 1, 1215, 1216
*
  1.0600761E+01, 6.3200000E+00, -3.8076118E-01, -3.8076118E-01
* ELEM  1654  line segment
 1, 1218, 1216
*
  1.0672918E+01, 6.1457980E+00, -7.2156848E-02, 1.7420204E-01
* ELEM  1655  line segment
 1, 1215, 1099
*
  1.0220000E+01, 6.3200000E+00, 3.8076118E-01, 0.0000000E+00
* ELEM  1656  circular arc
 3, 1353, 1349
*
  1.0870000E+01, 4.3700000E+00, 5.1500000E-01, 0.0000000E+00, 2.2500000E+01
* ELEM  1657  circular arc
 3, 1353, 1352
*
  1.0870000E+01, 4.3700000E+00, 5.1500000E-01, 2.2500000E+01, 4.5000000E+01
* ELEM  1658  circular arc
 3, 1353, 1342
*
  1.0870000E+01, 4.3700000E+00, 5.1500000E-01, 2.4750000E+02, 4.5000000E+01
* ELEM  1659  circular arc
 3, 1353, 1346
*
  1.0870000E+01, 4.3700000E+00, 5.1500000E-01, 2.9250000E+02, 4.5000000E+01
* ELEM  1660  circular arc
 3, 1353, 1349
*
  1.0870000E+01, 4.3700000E+00, 5.1500000E-01, 3.3750000E+02, 2.2500000E+01
* ELEM  1661  circle
 2, 1354, 1353
*
  1.0870000E+01, 4.3700000E+00, 4.4700000E-01, 0.0000000E+00
* ELEM  1662  line segment
 1, 1099, 1101
*
  1.0220000E+01, 6.7007612E+00, 3.8076118E-01, -3.8076118E-01
* ELEM  1663  line segment
 1, 1102, 1101
*
  1.0394202E+01, 6.7729180E+00, -1.7420204E-01, -7.2156848E-02
* ELEM  1664  circular arc
 3, 1111, 1101
*
  1.0870000E+01, 6.9700000E+00, 5.1500000E-01, 2.0250000E+02, 4.5000000E+01
* ELEM  1665  line segment
 1, 1101, 1100
*
  1.0672918E+01, 6.4942020E+00, -7.2156848E-02, -1.7420204E-01
* ELEM  1666  line segment
 1, 1125, 1102
*
  1.0220000E+01, 7.2392388E+00, 0.0000000E+00, -5.3847763E-01
* ELEM  1667  line segment
 1, 1106, 1102
*
  1.0394202E+01, 7.1670820E+00, -1.7420204E-01, 7.2156848E-02
* ELEM  1668  circular arc
 3, 1111, 1102
*
  1.0870000E+01, 6.9700000E+00, 5.1500000E-01, 1.5750000E+02, 4.5000000E+01
* ELEM  1669  line segment
 1, 1125, 1128
*
  1.0045798E+01, 7.1670820E+00, 1.7420204E-01, 7.2156848E-02
* ELEM  1670  line segment
 1, 908, 906
*
  7.1670820E+00, 1.0045798E+01, 7.2156848E-02, 1.7420204E-01
* ELEM  1671  line segment
 1, 1010, 1009
*
  1.0394202E+01, 8.0729180E+00, -1.7420204E-01, -7.2156848E-02
* ELEM  1672  circular arc
 3, 1019, 1009
*
  1.0870000E+01, 8.2700000E+00, 5.1500000E-01, 2.0250000E+02, 4.5000000E+01
* ELEM  1673  line segment
 1, 1009, 1008
*
  1.0672918E+01, 7.7942020E+00, -7.2156848E-02, -1.7420204E-01
* ELEM  1674  line segment
 1, 1014, 1010
*
  1.0394202E+01, 8.4670820E+00, -1.7420204E-01, 7.2156848E-02
* ELEM  1675  circular arc
 3, 1019, 1010
*
  1.0870000E+01, 8.2700000E+00, 5.1500000E-01, 1.5750000E+02, 4.5000000E+01
* ELEM  1676  circular arc
 3, 1019, 1008
*
  1.0870000E+01, 8.2700000E+00, 5.1500000E-01, 2.4750000E+02, 4.5000000E+01
* ELEM  1677  line segment
 1, 1008, 1012
*
  1.1067082E+01, 7.7942020E+00, 7.2156848E-02, -1.7420204E-01
* ELEM  1678  line segment
 1, 1108, 1008
*
  1.0600761E+01, 7.6200000E+00, 5.3847763E-01, 0.0000000E+00
* ELEM  1679  line segment
 1, 1108, 1106
*
  1.0672918E+01, 7.4457980E+00, -7.2156848E-02, 1.7420204E-01
* ELEM  1680  circular arc
 3, 1111, 1106
*
  1.0870000E+01, 6.9700000E+00, 5.1500000E-01, 1.1250000E+02, 4.5000000E+01
* ELEM  1681  line segment
 1, 1110, 1108
*
  1.1067082E+01, 7.4457980E+00, 7.2156848E-02, 1.7420204E-01
* ELEM  1682  circular arc
 3, 1111, 1108
*
  1.0870000E+01, 6.9700000E+00, 5.1500000E-01, 6.7500000E+01, 4.5000000E+01
* ELEM  1683  line segment
 1, 1013, 879
*
  1.0220000E+01, 8.9200000E+00, 3.8076118E-01, 0.0000000E+00
* ELEM  1684  line segment
 1, 1013, 1014
*
  1.0600761E+01, 8.9200000E+00, -3.8076118E-01, -3.8076118E-01
* ELEM  1685  line segment
 1, 879, 881
*
  1.0220000E+01, 9.3007612E+00, 3.8076118E-01, -3.8076118E-01
* ELEM  1686  line segment
 1, 753, 752
*
  8.0729180E+00, 1.0394202E+01, -7.2156848E-02, -1.7420204E-01
* ELEM  1687  circular arc
 3, 763, 752
*
  8.2700000E+00, 1.0870000E+01, 5.1500000E-01, 2.4750000E+02, 4.5000000E+01
* ELEM  1688  line segment
 1, 752, 756
*
  8.4670820E+00, 1.0394202E+01, 7.2156848E-02, -1.7420204E-01
* ELEM  1689  line segment
 1, 754, 753
*
  7.7942020E+00, 1.0672918E+01, -1.7420204E-01, -7.2156848E-02
* ELEM  1690  circular arc
 3, 763, 753
*
  8.2700000E+00, 1.0870000E+01, 5.1500000E-01, 2.0250000E+02, 4.5000000E+01
* ELEM  1691  line segment
 1, 777, 754
*
  7.6200000E+00, 1.1139239E+01, 0.0000000E+00, -5.3847763E-01
* ELEM  1692  line segment
 1, 758, 754
*
  7.7942020E+00, 1.1067082E+01, -1.7420204E-01, 7.2156848E-02
* ELEM  1693  circular arc
 3, 763, 754
*
  8.2700000E+00, 1.0870000E+01, 5.1500000E-01, 1.5750000E+02, 4.5000000E+01
* ELEM  1694  line segment
 1, 774, 777
*
  7.4457980E+00, 1.0672918E+01, 1.7420204E-01, -7.2156848E-02
* ELEM  1695  circular arc
 3, 781, 777
*
  6.9700000E+00, 1.0870000E+01, 5.1500000E-01, 3.3750000E+02, 2.2500000E+01
* ELEM  1696  circular arc
 3, 781, 777
*
  6.9700000E+00, 1.0870000E+01, 5.1500000E-01, 0.0000000E+00, 2.2500000E+01
* ELEM  1697  line segment
 1, 777, 780
*
  7.4457980E+00, 1.1067082E+01, 1.7420204E-01, 7.2156848E-02
* ELEM  1698  line segment
 1, 770, 774
*
  7.1670820E+00, 1.0394202E+01, 7.2156848E-02, -1.7420204E-01
* ELEM  1699  circular arc
 3, 781, 774
*
  6.9700000E+00, 1.0870000E+01, 5.1500000E-01, 2.9250000E+02, 4.5000000E+01
* ELEM  1700  line segment
 1, 771, 770
*
  6.7729180E+00, 1.0394202E+01, -7.2156848E-02, -1.7420204E-01
* ELEM  1701  circular arc
 3, 781, 770
*
  6.9700000E+00, 1.0870000E+01, 5.1500000E-01, 2.4750000E+02, 4.5000000E+01
* ELEM  1702  line segment
 1, 906, 770
*
  6.7007612E+00, 1.0220000E+01, 5.3847763E-01, 0.0000000E+00
* ELEM  1703  line segment
 1, 755, 731
*
  8.9200000E+00, 1.0600761E+01, 0.0000000E+00, -3.8076118E-01
* ELEM  1704  line segment
 1, 731, 733
*
  8.9200000E+00, 1.0600761E+01, 3.8076118E-01, -3.8076118E-01
* ELEM  1705  line segment
 1, 755, 756
*
  8.5392388E+00, 1.0220000E+01, 3.8076118E-01, 3.8076118E-01
* ELEM  1706  line segment
 1, 815, 792
*
  5.0200000E+00, 1.1139239E+01, 0.0000000E+00, -5.3847763E-01
* ELEM  1707  line segment
 1, 796, 792
*
  5.1942020E+00, 1.1067082E+01, -1.7420204E-01, 7.2156848E-02
* ELEM  1708  circular arc
 3, 801, 792
*
  5.6700000E+00, 1.0870000E+01, 5.1500000E-01, 1.5750000E+02, 4.5000000E+01
* ELEM  1709  line segment
 1, 815, 818
*
  4.8457980E+00, 1.1067082E+01, 1.7420204E-01, 7.2156848E-02
* ELEM  1710  circular arc
 3, 801, 797
*
  5.6700000E+00, 1.0870000E+01, 5.1500000E-01, 0.0000000E+00, 2.2500000E+01
* ELEM  1711  circular arc
 3, 801, 800
*
  5.6700000E+00, 1.0870000E+01, 5.1500000E-01, 2.2500000E+01, 4.5000000E+01
* ELEM  1712  circular arc
 3, 801, 798
*
  5.6700000E+00, 1.0870000E+01, 5.1500000E-01, 6.7500000E+01, 4.5000000E+01
* ELEM  1713  circular arc
 3, 801, 796
*
  5.6700000E+00, 1.0870000E+01, 5.1500000E-01, 1.1250000E+02, 4.5000000E+01
* ELEM  1714  circular arc
 3, 801, 794
*
  5.6700000E+00, 1.0870000E+01, 5.1500000E-01, 2.9250000E+02, 4.5000000E+01
* ELEM  1715  circular arc
 3, 801, 797
*
  5.6700000E+00, 1.0870000E+01, 5.1500000E-01, 3.3750000E+02, 2.2500000E+01
* ELEM  1716  circle
 2, 802, 801
*
  5.6700000E+00, 1.0870000E+01, 4.4700000E-01, 0.0000000E+00
* ELEM  1717  line segment
 1, 794, 797
*
  6.1457980E+00, 1.0672918E+01, 1.7420204E-01, -7.2156848E-02
* ELEM  1718  line segment
 1, 793, 794
*
  5.9392388E+00, 1.0220000E+01, 3.8076118E-01, 3.8076118E-01
* ELEM  1719  line segment
 1, 793, 769
*
  6.3200000E+00, 1.0600761E+01, 0.0000000E+00, -3.8076118E-01
* ELEM  1720  line segment
 1, 769, 771
*
  6.3200000E+00, 1.0600761E+01, 3.8076118E-01, -3.8076118E-01
* ELEM  1721  line segment
 1, 772, 771
*
  6.4942020E+00, 1.0672918E+01, -1.7420204E-01, -7.2156848E-02
* ELEM  1722  circular arc
 3, 781, 771
*
  6.9700000E+00, 1.0870000E+01, 5.1500000E-01, 2.0250000E+02, 4.5000000E+01
* ELEM  1723  line segment
 1, 1565, 1566
*
  1.1139239E+01, 1.1200000E+00, 3.8076118E-01, 3.8076118E-01
* ELEM  1724  line segment
 1, 1565, 1543
*
  1.1520000E+01, 1.5007612E+00, 0.0000000E+00, -3.8076118E-01
* ELEM  1725  line segment
 1, 1565, 1695
*
  1.1520000E+01, 1.1200000E+00, -3.8076118E-01, 0.0000000E+00
* ELEM  1726  line segment
 1, 1566, 1569
*
  1.1345798E+01, 1.5729180E+00, 1.7420204E-01, -7.2156848E-02
* ELEM  1727  line segment
 1, 1699, 660
*
  1.1200000E+00, 1.2439239E+01, 0.0000000E+00, -5.3847763E-01
* ELEM  1728  line segment
 1, 664, 660
*
  1.2942020E+00, 1.2367082E+01, -1.7420204E-01, 7.2156848E-02
* ELEM  1729  circular arc
 3, 669, 660
*
  1.7700000E+00, 1.2170000E+01, 5.1500000E-01, 1.5750000E+02, 4.5000000E+01
* ELEM  1730  circular arc
 3, 669, 665
*
  1.7700000E+00, 1.2170000E+01, 5.1500000E-01, 0.0000000E+00, 2.2500000E+01
* ELEM  1731  circular arc
 3, 669, 668
*
  1.7700000E+00, 1.2170000E+01, 5.1500000E-01, 2.2500000E+01, 4.5000000E+01
* ELEM  1732  circular arc
 3, 669, 666
*
  1.7700000E+00, 1.2170000E+01, 5.1500000E-01, 6.7500000E+01, 4.5000000E+01
* ELEM  1733  circular arc
 3, 669, 664
*
  1.7700000E+00, 1.2170000E+01, 5.1500000E-01, 1.1250000E+02, 4.5000000E+01
* ELEM  1734  circular arc
 3, 669, 662
*
  1.7700000E+00, 1.2170000E+01, 5.1500000E-01, 2.9250000E+02, 4.5000000E+01
* ELEM  1735  circular arc
 3, 669, 665
*
  1.7700000E+00, 1.2170000E+01, 5.1500000E-01, 3.3750000E+02, 2.2500000E+01
* ELEM  1736  circle
 2, 670, 669
*
  1.7700000E+00, 1.2170000E+01, 4.4700000E-01, 0.0000000E+00
* ELEM  1737  line segment
 1, 662, 665
*
  2.2457980E+00, 1.1972918E+01, 1.7420204E-01, -7.2156848E-02
* ELEM  1738  line segment
 1, 661, 662
*
  2.0392388E+00, 1.1520000E+01, 3.8076118E-01, 3.8076118E-01
* ELEM  1739  line segment
 1, 661, 43
*
  2.4200000E+00, 1.1900761E+01, 0.0000000E+00, -3.8076118E-01
* ELEM  1740  line segment
 1, 43, 45
*
  2.4200000E+00, 1.1900761E+01, 3.8076118E-01, -3.8076118E-01
* ELEM  1741  line segment
 1, 46, 45
*
  2.5942020E+00, 1.1972918E+01, -1.7420204E-01, -7.2156848E-02
* ELEM  1742  circular arc
 3, 55, 45
*
  3.0700000E+00, 1.2170000E+01, 5.1500000E-01, 2.0250000E+02, 4.5000000E+01
* ELEM  1743  line segment
 1, 45, 44
*
  2.8729180E+00, 1.1694202E+01, -7.2156848E-02, -1.7420204E-01
* ELEM  1744  circular arc
 3, 55, 44
*
  3.0700000E+00, 1.2170000E+01, 5.1500000E-01, 2.4750000E+02, 4.5000000E+01
* ELEM  1745  line segment
 1, 44, 48
*
  3.2670820E+00, 1.1694202E+01, 7.2156848E-02, -1.7420204E-01
* ELEM  1746  line segment
 1, 834, 44
*
  2.8007612E+00, 1.1520000E+01, 5.3847763E-01, 0.0000000E+00
* ELEM  1747  line segment
 1, 836, 834
*
  3.2670820E+00, 1.1345798E+01, 7.2156848E-02, 1.7420204E-01
* ELEM  1748  line segment
 1, 813, 814
*
  4.1007612E+00, 1.1520000E+01, -3.8076118E-01, -3.8076118E-01
* ELEM  1749  line segment
 1, 816, 814
*
  4.1729180E+00, 1.1345798E+01, -7.2156848E-02, 1.7420204E-01
* ELEM  1750  line segment
 1, 835, 836
*
  3.7200000E+00, 1.1139239E+01, -3.8076118E-01, 3.8076118E-01
* ELEM  1751  line segment
 1, 835, 47
*
  3.3392388E+00, 1.1520000E+01, 3.8076118E-01, 0.0000000E+00
* ELEM  1752  line segment
 1, 835, 813
*
  3.7200000E+00, 1.1520000E+01, 0.0000000E+00, -3.8076118E-01
* ELEM  1753  line segment
 1, 813, 639
*
  3.7200000E+00, 1.1520000E+01, 3.8076118E-01, 0.0000000E+00
* ELEM  1754  line segment
 1, 1342, 1346
*
  1.1067082E+01, 3.8942020E+00, 7.2156848E-02, -1.7420204E-01
* ELEM  1755  line segment
 1, 1496, 1342
*
  1.0600761E+01, 3.7200000E+00, 5.3847763E-01, 0.0000000E+00
* ELEM  1756  line segment
 1, 1498, 1496
*
  1.1067082E+01, 3.5457980E+00, 7.2156848E-02, 1.7420204E-01
* ELEM  1757  line segment
 1, 1492, 1495
*
  1.1345798E+01, 2.8729180E+00, 1.7420204E-01, -7.2156848E-02
* ELEM  1758  line segment
 1, 1491, 1492
*
  1.1139239E+01, 2.4200000E+00, 3.8076118E-01, 3.8076118E-01
* ELEM  1759  line segment
 1, 1491, 141
*
  1.1520000E+01, 2.8007612E+00, 0.0000000E+00, -3.8076118E-01
* ELEM  1760  line segment
 1, 1571, 1491
*
  1.1139239E+01, 2.4200000E+00, 3.8076118E-01, 0.0000000E+00
* ELEM  1761  line segment
 1, 1569, 1572
*
  1.1345798E+01, 1.9670820E+00, 1.7420204E-01, 7.2156848E-02
* ELEM  1762  line segment
 1, 1571, 1572
*
  1.1520000E+01, 2.0392388E+00, -3.8076118E-01, 3.8076118E-01
* ELEM  1763  line segment
 1, 1571, 1549
*
  1.1520000E+01, 2.4200000E+00, 0.0000000E+00, -3.8076118E-01
* ELEM  1764  line segment
 1, 1214, 1217
*
  1.1345798E+01, 5.4729180E+00, 1.7420204E-01, -7.2156848E-02
* ELEM  1765  line segment
 1, 1213, 1214
*
  1.1139239E+01, 5.0200000E+00, 3.8076118E-01, 3.8076118E-01
* ELEM  1766  line segment
 1, 1213, 113
*
  1.1520000E+01, 5.4007612E+00, 0.0000000E+00, -3.8076118E-01
* ELEM  1767  line segment
 1, 1351, 1213
*
  1.1139239E+01, 5.0200000E+00, 3.8076118E-01, 0.0000000E+00
* ELEM  1768  line segment
 1, 1349, 1352
*
  1.1345798E+01, 4.5670820E+00, 1.7420204E-01, 7.2156848E-02
* ELEM  1769  line segment
 1, 1351, 1352
*
  1.1520000E+01, 4.6392388E+00, -3.8076118E-01, 3.8076118E-01
* ELEM  1770  line segment
 1, 1351, 1327
*
  1.1520000E+01, 5.0200000E+00, 0.0000000E+00, -3.8076118E-01
* ELEM  1771  circular arc
 3, 1111, 1100
*
  1.0870000E+01, 6.9700000E+00, 5.1500000E-01, 2.4750000E+02, 4.5000000E+01
* ELEM  1772  line segment
 1, 1100, 1104
*
  1.1067082E+01, 6.4942020E+00, 7.2156848E-02, -1.7420204E-01
* ELEM  1773  line segment
 1, 1218, 1100
*
  1.0600761E+01, 6.3200000E+00, 5.3847763E-01, 0.0000000E+00
* ELEM  1774  line segment
 1, 1220, 1218
*
  1.1067082E+01, 6.1457980E+00, 7.2156848E-02, 1.7420204E-01
* ELEM  1775  circular arc
 3, 1111, 1107
*
  1.0870000E+01, 6.9700000E+00, 5.1500000E-01, 0.0000000E+00, 2.2500000E+01
* ELEM  1776  circular arc
 3, 1111, 1110
*
  1.0870000E+01, 6.9700000E+00, 5.1500000E-01, 2.2500000E+01, 4.5000000E+01
* ELEM  1777  circular arc
 3, 1111, 1104
*
  1.0870000E+01, 6.9700000E+00, 5.1500000E-01, 2.9250000E+02, 4.5000000E+01
* ELEM  1778  circular arc
 3, 1111, 1107
*
  1.0870000E+01, 6.9700000E+00, 5.1500000E-01, 3.3750000E+02, 2.2500000E+01
* ELEM  1779  circle
 2, 1112, 1111
*
  1.0870000E+01, 6.9700000E+00, 4.4700000E-01, 0.0000000E+00
* ELEM  1780  line segment
 1, 1016, 1014
*
  1.0672918E+01, 8.7457980E+00, -7.2156848E-02, 1.7420204E-01
* ELEM  1781  circular arc
 3, 1019, 1014
*
  1.0870000E+01, 8.2700000E+00, 5.1500000E-01, 1.1250000E+02, 4.5000000E+01
* ELEM  1782  circular arc
 3, 1019, 1015
*
  1.0870000E+01, 8.2700000E+00, 5.1500000E-01, 0.0000000E+00, 2.2500000E+01
* ELEM  1783  circular arc
 3, 1019, 1018
*
  1.0870000E+01, 8.2700000E+00, 5.1500000E-01, 2.2500000E+01, 4.5000000E+01
* ELEM  1784  circular arc
 3, 1019, 1016
*
  1.0870000E+01, 8.2700000E+00, 5.1500000E-01, 6.7500000E+01, 4.5000000E+01
* ELEM  1785  circular arc
 3, 1019, 1012
*
  1.0870000E+01, 8.2700000E+00, 5.1500000E-01, 2.9250000E+02, 4.5000000E+01
* ELEM  1786  circular arc
 3, 1019, 1015
*
  1.0870000E+01, 8.2700000E+00, 5.1500000E-01, 3.3750000E+02, 2.2500000E+01
* ELEM  1787  circle
 2, 1020, 1019
*
  1.0870000E+01, 8.2700000E+00, 4.4700000E-01, 0.0000000E+00
* ELEM  1788  line segment
 1, 1012, 1015
*
  1.1345798E+01, 8.0729180E+00, 1.7420204E-01, -7.2156848E-02
* ELEM  1789  line segment
 1, 1011, 1012
*
  1.1139239E+01, 7.6200000E+00, 3.8076118E-01, 3.8076118E-01
* ELEM  1790  line segment
 1, 1011, 989
*
  1.1520000E+01, 8.0007612E+00, 0.0000000E+00, -3.8076118E-01
* ELEM  1791  line segment
 1, 1109, 1011
*
  1.1139239E+01, 7.6200000E+00, 3.8076118E-01, 0.0000000E+00
* ELEM  1792  line segment
 1, 1107, 1110
*
  1.1345798E+01, 7.1670820E+00, 1.7420204E-01, 7.2156848E-02
* ELEM  1793  line segment
 1, 1109, 1110
*
  1.1520000E+01, 7.2392388E+00, -3.8076118E-01, 3.8076118E-01
* ELEM  1794  line segment
 1, 1109, 1085
*
  1.1520000E+01, 7.6200000E+00, 0.0000000E+00, -3.8076118E-01
* ELEM  1795  line segment
 1, 882, 881
*
  1.0394202E+01, 9.3729180E+00, -1.7420204E-01, -7.2156848E-02
* ELEM  1796  circular arc
 3, 891, 881
*
  1.0870000E+01, 9.5700000E+00, 5.1500000E-01, 2.0250000E+02, 4.5000000E+01
* ELEM  1797  line segment
 1, 881, 880
*
  1.0672918E+01, 9.0942020E+00, -7.2156848E-02, -1.7420204E-01
* ELEM  1798  line segment
 1, 886, 882
*
  1.0394202E+01, 9.7670820E+00, -1.7420204E-01, 7.2156848E-02
* ELEM  1799  circular arc
 3, 891, 882
*
  1.0870000E+01, 9.5700000E+00, 5.1500000E-01, 1.5750000E+02, 4.5000000E+01
* ELEM  1800  circular arc
 3, 891, 880
*
  1.0870000E+01, 9.5700000E+00, 5.1500000E-01, 2.4750000E+02, 4.5000000E+01
* ELEM  1801  line segment
 1, 880, 884
*
  1.1067082E+01, 9.0942020E+00, 7.2156848E-02, -1.7420204E-01
* ELEM  1802  line segment
 1, 1016, 880
*
  1.0600761E+01, 8.9200000E+00, 5.3847763E-01, 0.0000000E+00
* ELEM  1803  line segment
 1, 1018, 1016
*
  1.1067082E+01, 8.7457980E+00, 7.2156848E-02, 1.7420204E-01
* ELEM  1804  line segment
 1, 885, 713
*
  1.0220000E+01, 1.0220000E+01, 3.8076118E-01, 0.0000000E+00
* ELEM  1805  line segment
 1, 885, 886
*
  1.0600761E+01, 1.0220000E+01, -3.8076118E-01, -3.8076118E-01
* ELEM  1806  line segment
 1, 735, 736
*
  9.8392388E+00, 1.0220000E+01, 3.8076118E-01, 3.8076118E-01
* ELEM  1807  line segment
 1, 735, 713
*
  1.0220000E+01, 1.0600761E+01, 0.0000000E+00, -3.8076118E-01
* ELEM  1808  line segment
 1, 713, 715
*
  1.0220000E+01, 1.0600761E+01, 3.8076118E-01, -3.8076118E-01
* ELEM  1809  circular arc
 3, 763, 756
*
  8.2700000E+00, 1.0870000E+01, 5.1500000E-01, 2.9250000E+02, 4.5000000E+01
* ELEM  1810  line segment
 1, 756, 759
*
  8.7457980E+00, 1.0672918E+01, 1.7420204E-01, -7.2156848E-02
* ELEM  1811  circular arc
 3, 763, 759
*
  8.2700000E+00, 1.0870000E+01, 5.1500000E-01, 0.0000000E+00, 2.2500000E+01
* ELEM  1812  circular arc
 3, 763, 762
*
  8.2700000E+00, 1.0870000E+01, 5.1500000E-01, 2.2500000E+01, 4.5000000E+01
* ELEM  1813  circular arc
 3, 763, 760
*
  8.2700000E+00, 1.0870000E+01, 5.1500000E-01, 6.7500000E+01, 4.5000000E+01
* ELEM  1814  circular arc
 3, 763, 758
*
  8.2700000E+00, 1.0870000E+01, 5.1500000E-01, 1.1250000E+02, 4.5000000E+01
* ELEM  1815  circular arc
 3, 763, 759
*
  8.2700000E+00, 1.0870000E+01, 5.1500000E-01, 3.3750000E+02, 2.2500000E+01
* ELEM  1816  circle
 2, 764, 763
*
  8.2700000E+00, 1.0870000E+01, 4.4700000E-01, 0.0000000E+00
* ELEM  1817  line segment
 1, 757, 758
*
  8.0007612E+00, 1.1520000E+01, -3.8076118E-01, -3.8076118E-01
* ELEM  1818  line segment
 1, 760, 758
*
  8.0729180E+00, 1.1345798E+01, -7.2156848E-02, 1.7420204E-01
* ELEM  1819  line segment
 1, 779, 780
*
  7.6200000E+00, 1.1139239E+01, -3.8076118E-01, 3.8076118E-01
* ELEM  1820  line segment
 1, 779, 625
*
  7.2392388E+00, 1.1520000E+01, 3.8076118E-01, 0.0000000E+00
* ELEM  1821  line segment
 1, 779, 757
*
  7.6200000E+00, 1.1520000E+01, 0.0000000E+00, -3.8076118E-01
* ELEM  1822  line segment
 1, 757, 603
*
  7.6200000E+00, 1.1520000E+01, 3.8076118E-01, 0.0000000E+00
* ELEM  1823  circular arc
 3, 781, 780
*
  6.9700000E+00, 1.0870000E+01, 5.1500000E-01, 2.2500000E+01, 4.5000000E+01
* ELEM  1824  line segment
 1, 780, 778
*
  7.1670820E+00, 1.1345798E+01, 7.2156848E-02, 1.7420204E-01
* ELEM  1825  circular arc
 3, 781, 778
*
  6.9700000E+00, 1.0870000E+01, 5.1500000E-01, 6.7500000E+01, 4.5000000E+01
* ELEM  1826  circular arc
 3, 781, 776
*
  6.9700000E+00, 1.0870000E+01, 5.1500000E-01, 1.1250000E+02, 4.5000000E+01
* ELEM  1827  circular arc
 3, 781, 772
*
  6.9700000E+00, 1.0870000E+01, 5.1500000E-01, 1.5750000E+02, 4.5000000E+01
* ELEM  1828  circle
 2, 782, 781
*
  6.9700000E+00, 1.0870000E+01, 4.4700000E-01, 0.0000000E+00
* ELEM  1829  line segment
 1, 733, 732
*
  9.3729180E+00, 1.0394202E+01, -7.2156848E-02, -1.7420204E-01
* ELEM  1830  circular arc
 3, 743, 732
*
  9.5700000E+00, 1.0870000E+01, 5.1500000E-01, 2.4750000E+02, 4.5000000E+01
* ELEM  1831  line segment
 1, 732, 736
*
  9.7670820E+00, 1.0394202E+01, 7.2156848E-02, -1.7420204E-01
* ELEM  1832  line segment
 1, 734, 733
*
  9.0942020E+00, 1.0672918E+01, -1.7420204E-01, -7.2156848E-02
* ELEM  1833  circular arc
 3, 743, 733
*
  9.5700000E+00, 1.0870000E+01, 5.1500000E-01, 2.0250000E+02, 4.5000000E+01
* ELEM  1834  line segment
 1, 759, 734
*
  8.9200000E+00, 1.1139239E+01, 0.0000000E+00, -5.3847763E-01
* ELEM  1835  line segment
 1, 738, 734
*
  9.0942020E+00, 1.1067082E+01, -1.7420204E-01, 7.2156848E-02
* ELEM  1836  circular arc
 3, 743, 734
*
  9.5700000E+00, 1.0870000E+01, 5.1500000E-01, 1.5750000E+02, 4.5000000E+01
* ELEM  1837  line segment
 1, 759, 762
*
  8.7457980E+00, 1.1067082E+01, 1.7420204E-01, 7.2156848E-02
* ELEM  1838  line segment
 1, 795, 796
*
  5.4007612E+00, 1.1520000E+01, -3.8076118E-01, -3.8076118E-01
* ELEM  1839  line segment
 1, 798, 796
*
  5.4729180E+00, 1.1345798E+01, -7.2156848E-02, 1.7420204E-01
* ELEM  1840  line segment
 1, 817, 818
*
  5.0200000E+00, 1.1139239E+01, -3.8076118E-01, 3.8076118E-01
* ELEM  1841  line segment
 1, 817, 643
*
  4.6392388E+00, 1.1520000E+01, 3.8076118E-01, 0.0000000E+00
* ELEM  1842  line segment
 1, 817, 795
*
  5.0200000E+00, 1.1520000E+01, 0.0000000E+00, -3.8076118E-01
* ELEM  1843  line segment
 1, 795, 29
*
  5.0200000E+00, 1.1520000E+01, 3.8076118E-01, 0.0000000E+00
* ELEM  1844  line segment
 1, 818, 816
*
  4.5670820E+00, 1.1345798E+01, 7.2156848E-02, 1.7420204E-01
* ELEM  1845  line segment
 1, 797, 772
*
  6.3200000E+00, 1.1139239E+01, 0.0000000E+00, -5.3847763E-01
* ELEM  1846  line segment
 1, 776, 772
*
  6.4942020E+00, 1.1067082E+01, -1.7420204E-01, 7.2156848E-02
* ELEM  1847  line segment
 1, 797, 800
*
  6.1457980E+00, 1.1067082E+01, 1.7420204E-01, 7.2156848E-02
* ELEM  1848  line segment
 1, 1543, 1545
*
  1.1520000E+01, 1.5007612E+00, 3.8076118E-01, -3.8076118E-01
* ELEM  1849  line segment
 1, 1543, 1696
*
  1.1900761E+01, 1.1200000E+00, -3.8076118E-01, 0.0000000E+00
* ELEM  1850  line segment
 1, 1546, 1545
*
  1.1694202E+01, 1.5729180E+00, -1.7420204E-01, -7.2156848E-02
* ELEM  1851  circular arc
 3, 1555, 1545
*
  1.2170000E+01, 1.7700000E+00, 5.1500000E-01, 2.0250000E+02, 4.5000000E+01
* ELEM  1852  line segment
 1, 1545, 1544
*
  1.1972918E+01, 1.2942020E+00, -7.2156848E-02, -1.7420204E-01
* ELEM  1853  line segment
 1, 1569, 1546
*
  1.1520000E+01, 2.0392388E+00, 0.0000000E+00, -5.3847763E-01
* ELEM  1854  line segment
 1, 1550, 1546
*
  1.1694202E+01, 1.9670820E+00, -1.7420204E-01, 7.2156848E-02
* ELEM  1855  circular arc
 3, 1555, 1546
*
  1.2170000E+01, 1.7700000E+00, 5.1500000E-01, 1.5750000E+02, 4.5000000E+01
* ELEM  1856  line segment
 1, 663, 664
*
  1.5007612E+00, 1.2820000E+01, -3.8076118E-01, -3.8076118E-01
* ELEM  1857  line segment
 1, 666, 664
*
  1.5729180E+00, 1.2645798E+01, -7.2156848E-02, 1.7420204E-01
* ELEM  1858  line segment
 1, 663, 1699
*
  1.1200000E+00, 1.2439239E+01, 0.0000000E+00, 3.8076118E-01
* ELEM  1859  line segment
 1, 663, 217
*
  1.1200000E+00, 1.2820000E+01, 3.8076118E-01, 0.0000000E+00
* ELEM  1860  line segment
 1, 665, 46
*
  2.4200000E+00, 1.2439239E+01, 0.0000000E+00, -5.3847763E-01
* ELEM  1861  line segment
 1, 50, 46
*
  2.5942020E+00, 1.2367082E+01, -1.7420204E-01, 7.2156848E-02
* ELEM  1862  circular arc
 3, 55, 46
*
  3.0700000E+00, 1.2170000E+01, 5.1500000E-01, 1.5750000E+02, 4.5000000E+01
* ELEM  1863  line segment
 1, 665, 668
*
  2.2457980E+00, 1.2367082E+01, 1.7420204E-01, 7.2156848E-02
* ELEM  1864  circular arc
 3, 55, 51
*
  3.0700000E+00, 1.2170000E+01, 5.1500000E-01, 0.0000000E+00, 2.2500000E+01
* ELEM  1865  circular arc
 3, 55, 54
*
  3.0700000E+00, 1.2170000E+01, 5.1500000E-01, 2.2500000E+01, 4.5000000E+01
* ELEM  1866  circular arc
 3, 55, 52
*
  3.0700000E+00, 1.2170000E+01, 5.1500000E-01, 6.7500000E+01, 4.5000000E+01
* ELEM  1867  circular arc
 3, 55, 50
*
  3.0700000E+00, 1.2170000E+01, 5.1500000E-01, 1.1250000E+02, 4.5000000E+01
* ELEM  1868  circular arc
 3, 55, 48
*
  3.0700000E+00, 1.2170000E+01, 5.1500000E-01, 2.9250000E+02, 4.5000000E+01
* ELEM  1869  circular arc
 3, 55, 51
*
  3.0700000E+00, 1.2170000E+01, 5.1500000E-01, 3.3750000E+02, 2.2500000E+01
* ELEM  1870  circle
 2, 56, 55
*
  3.0700000E+00, 1.2170000E+01, 2.5750000E-01, 0.0000000E+00
* ELEM  1871  line segment
 1, 48, 51
*
  3.5457980E+00, 1.1972918E+01, 1.7420204E-01, -7.2156848E-02
* ELEM  1872  line segment
 1, 47, 48
*
  3.3392388E+00, 1.1520000E+01, 3.8076118E-01, 3.8076118E-01
* ELEM  1873  line segment
 1, 639, 47
*
  3.7200000E+00, 1.1520000E+01, 0.0000000E+00, 3.8076118E-01
* ELEM  1874  line segment
 1, 639, 641
*
  3.7200000E+00, 1.1900761E+01, 3.8076118E-01, -3.8076118E-01
* ELEM  1875  line segment
 1, 642, 641
*
  3.8942020E+00, 1.1972918E+01, -1.7420204E-01, -7.2156848E-02
* ELEM  1876  circular arc
 3, 651, 641
*
  4.3700000E+00, 1.2170000E+01, 5.1500000E-01, 2.0250000E+02, 4.5000000E+01
* ELEM  1877  line segment
 1, 641, 640
*
  4.1729180E+00, 1.1694202E+01, -7.2156848E-02, -1.7420204E-01
* ELEM  1878  circular arc
 3, 651, 640
*
  4.3700000E+00, 1.2170000E+01, 5.1500000E-01, 2.4750000E+02, 4.5000000E+01
* ELEM  1879  line segment
 1, 640, 644
*
  4.5670820E+00, 1.1694202E+01, 7.2156848E-02, -1.7420204E-01
* ELEM  1880  line segment
 1, 816, 640
*
  4.1007612E+00, 1.1520000E+01, 5.3847763E-01, 0.0000000E+00
* ELEM  1881  line segment
 1, 1346, 1349
*
  1.1345798E+01, 4.1729180E+00, 1.7420204E-01, -7.2156848E-02
* ELEM  1882  line segment
 1, 1345, 1346
*
  1.1139239E+01, 3.7200000E+00, 3.8076118E-01, 3.8076118E-01
* ELEM  1883  line segment
 1, 1345, 1321
*
  1.1520000E+01, 4.1007612E+00, 0.0000000E+00, -3.8076118E-01
* ELEM  1884  line segment
 1, 1497, 1345
*
  1.1139239E+01, 3.7200000E+00, 3.8076118E-01, 0.0000000E+00
* ELEM  1885  line segment
 1, 1495, 1498
*
  1.1345798E+01, 3.2670820E+00, 1.7420204E-01, 7.2156848E-02
* ELEM  1886  line segment
 1, 1497, 1498
*
  1.1520000E+01, 3.3392388E+00, -3.8076118E-01, 3.8076118E-01
* ELEM  1887  line segment
 1, 1497, 147
*
  1.1520000E+01, 3.7200000E+00, 0.0000000E+00, -3.8076118E-01
* ELEM  1888  line segment
 1, 141, 143
*
  1.1520000E+01, 2.8007612E+00, 3.8076118E-01, -3.8076118E-01
* ELEM  1889  line segment
 1, 1549, 141
*
  1.1520000E+01, 2.4200000E+00, 3.8076118E-01, 0.0000000E+00
* ELEM  1890  line segment
 1, 144, 143
*
  1.1694202E+01, 2.8729180E+00, -1.7420204E-01, -7.2156848E-02
* ELEM  1891  circular arc
 3, 153, 143
*
  1.2170000E+01, 3.0700000E+00, 5.1500000E-01, 2.0250000E+02, 4.5000000E+01
* ELEM  1892  line segment
 1, 143, 142
*
  1.1972918E+01, 2.5942020E+00, -7.2156848E-02, -1.7420204E-01
* ELEM  1893  line segment
 1, 1495, 144
*
  1.1520000E+01, 3.3392388E+00, 0.0000000E+00, -5.3847763E-01
* ELEM  1894  line segment
 1, 148, 144
*
  1.1694202E+01, 3.2670820E+00, -1.7420204E-01, 7.2156848E-02
* ELEM  1895  circular arc
 3, 153, 144
*
  1.2170000E+01, 3.0700000E+00, 5.1500000E-01, 1.5750000E+02, 4.5000000E+01
* ELEM  1896  line segment
 1, 1549, 1550
*
  1.1900761E+01, 2.4200000E+00, -3.8076118E-01, -3.8076118E-01
* ELEM  1897  line segment
 1, 1552, 1550
*
  1.1972918E+01, 2.2457980E+00, -7.2156848E-02, 1.7420204E-01
* ELEM  1898  circular arc
 3, 1555, 1550
*
  1.2170000E+01, 1.7700000E+00, 5.1500000E-01, 1.1250000E+02, 4.5000000E+01
* ELEM  1899  line segment
 1, 113, 115
*
  1.1520000E+01, 5.4007612E+00, 3.8076118E-01, -3.8076118E-01
* ELEM  1900  line segment
 1, 1327, 113
*
  1.1520000E+01, 5.0200000E+00, 3.8076118E-01, 0.0000000E+00
* ELEM  1901  line segment
 1, 116, 115
*
  1.1694202E+01, 5.4729180E+00, -1.7420204E-01, -7.2156848E-02
* ELEM  1902  circular arc
 3, 125, 115
*
  1.2170000E+01, 5.6700000E+00, 5.1500000E-01, 2.0250000E+02, 4.5000000E+01
* ELEM  1903  line segment
 1, 115, 114
*
  1.1972918E+01, 5.1942020E+00, -7.2156848E-02, -1.7420204E-01
* ELEM  1904  line segment
 1, 1217, 116
*
  1.1520000E+01, 5.9392388E+00, 0.0000000E+00, -5.3847763E-01
* ELEM  1905  line segment
 1, 120, 116
*
  1.1694202E+01, 5.8670820E+00, -1.7420204E-01, 7.2156848E-02
* ELEM  1906  circular arc
 3, 125, 116
*
  1.2170000E+01, 5.6700000E+00, 5.1500000E-01, 1.5750000E+02, 4.5000000E+01
* ELEM  1907  line segment
 1, 1217, 1220
*
  1.1345798E+01, 5.8670820E+00, 1.7420204E-01, 7.2156848E-02
* ELEM  1908  line segment
 1, 1327, 1328
*
  1.1900761E+01, 5.0200000E+00, -3.8076118E-01, -3.8076118E-01
* ELEM  1909  line segment
 1, 1349, 1324
*
  1.1520000E+01, 4.6392388E+00, 0.0000000E+00, -5.3847763E-01
* ELEM  1910  line segment
 1, 1328, 1324
*
  1.1694202E+01, 4.5670820E+00, -1.7420204E-01, 7.2156848E-02
* ELEM  1911  circular arc
 3, 1333, 1324
*
  1.2170000E+01, 4.3700000E+00, 5.1500000E-01, 1.5750000E+02, 4.5000000E+01
* ELEM  1912  line segment
 1, 1324, 1323
*
  1.1694202E+01, 4.1729180E+00, -1.7420204E-01, -7.2156848E-02
* ELEM  1913  line segment
 1, 1330, 1328
*
  1.1972918E+01, 4.8457980E+00, -7.2156848E-02, 1.7420204E-01
* ELEM  1914  circular arc
 3, 1333, 1328
*
  1.2170000E+01, 4.3700000E+00, 5.1500000E-01, 1.1250000E+02, 4.5000000E+01
* ELEM  1915  line segment
 1, 1104, 1107
*
  1.1345798E+01, 6.7729180E+00, 1.7420204E-01, -7.2156848E-02
* ELEM  1916  line segment
 1, 1103, 1104
*
  1.1139239E+01, 6.3200000E+00, 3.8076118E-01, 3.8076118E-01
* ELEM  1917  line segment
 1, 1103, 1079
*
  1.1520000E+01, 6.7007612E+00, 0.0000000E+00, -3.8076118E-01
* ELEM  1918  line segment
 1, 1219, 1103
*
  1.1139239E+01, 6.3200000E+00, 3.8076118E-01, 0.0000000E+00
* ELEM  1919  line segment
 1, 1219, 1220
*
  1.1520000E+01, 5.9392388E+00, -3.8076118E-01, 3.8076118E-01
* ELEM  1920  line segment
 1, 1219, 119
*
  1.1520000E+01, 6.3200000E+00, 0.0000000E+00, -3.8076118E-01
* ELEM  1921  line segment
 1, 989, 991
*
  1.1520000E+01, 8.0007612E+00, 3.8076118E-01, -3.8076118E-01
* ELEM  1922  line segment
 1, 1085, 989
*
  1.1520000E+01, 7.6200000E+00, 3.8076118E-01, 0.0000000E+00
* ELEM  1923  line segment
 1, 992, 991
*
  1.1694202E+01, 8.0729180E+00, -1.7420204E-01, -7.2156848E-02
* ELEM  1924  circular arc
 3, 1001, 991
*
  1.2170000E+01, 8.2700000E+00, 5.1500000E-01, 2.0250000E+02, 4.5000000E+01
* ELEM  1925  line segment
 1, 991, 990
*
  1.1972918E+01, 7.7942020E+00, -7.2156848E-02, -1.7420204E-01
* ELEM  1926  line segment
 1, 1015, 992
*
  1.1520000E+01, 8.5392388E+00, 0.0000000E+00, -5.3847763E-01
* ELEM  1927  line segment
 1, 996, 992
*
  1.1694202E+01, 8.4670820E+00, -1.7420204E-01, 7.2156848E-02
* ELEM  1928  circular arc
 3, 1001, 992
*
  1.2170000E+01, 8.2700000E+00, 5.1500000E-01, 1.5750000E+02, 4.5000000E+01
* ELEM  1929  line segment
 1, 1015, 1018
*
  1.1345798E+01, 8.4670820E+00, 1.7420204E-01, 7.2156848E-02
* ELEM  1930  line segment
 1, 1085, 1086
*
  1.1900761E+01, 7.6200000E+00, -3.8076118E-01, -3.8076118E-01
* ELEM  1931  line segment
 1, 1107, 1082
*
  1.1520000E+01, 7.2392388E+00, 0.0000000E+00, -5.3847763E-01
* ELEM  1932  line segment
 1, 1086, 1082
*
  1.1694202E+01, 7.1670820E+00, -1.7420204E-01, 7.2156848E-02
* ELEM  1933  circular arc
 3, 1091, 1082
*
  1.2170000E+01, 6.9700000E+00, 5.1500000E-01, 1.5750000E+02, 4.5000000E+01
* ELEM  1934  line segment
 1, 1082, 1081
*
  1.1694202E+01, 6.7729180E+00, -1.7420204E-01, -7.2156848E-02
* ELEM  1935  line segment
 1, 1088, 1086
*
  1.1972918E+01, 7.4457980E+00, -7.2156848E-02, 1.7420204E-01
* ELEM  1936  circular arc
 3, 1091, 1086
*
  1.2170000E+01, 6.9700000E+00, 5.1500000E-01, 1.1250000E+02, 4.5000000E+01
* ELEM  1937  line segment
 1, 888, 886
*
  1.0672918E+01, 1.0045798E+01, -7.2156848E-02, 1.7420204E-01
* ELEM  1938  circular arc
 3, 891, 886
*
  1.0870000E+01, 9.5700000E+00, 5.1500000E-01, 1.1250000E+02, 4.5000000E+01
* ELEM  1939  circular arc
 3, 891, 887
*
  1.0870000E+01, 9.5700000E+00, 5.1500000E-01, 0.0000000E+00, 2.2500000E+01
* ELEM  1940  circular arc
 3, 891, 890
*
  1.0870000E+01, 9.5700000E+00, 5.1500000E-01, 2.2500000E+01, 4.5000000E+01
* ELEM  1941  circular arc
 3, 891, 888
*
  1.0870000E+01, 9.5700000E+00, 5.1500000E-01, 6.7500000E+01, 4.5000000E+01
* ELEM  1942  circular arc
 3, 891, 884
*
  1.0870000E+01, 9.5700000E+00, 5.1500000E-01, 2.9250000E+02, 4.5000000E+01
* ELEM  1943  circular arc
 3, 891, 887
*
  1.0870000E+01, 9.5700000E+00, 5.1500000E-01, 3.3750000E+02, 2.2500000E+01
* ELEM  1944  circle
 2, 892, 891
*
  1.0870000E+01, 9.5700000E+00, 4.4700000E-01, 0.0000000E+00
* ELEM  1945  line segment
 1, 884, 887
*
  1.1345798E+01, 9.3729180E+00, 1.7420204E-01, -7.2156848E-02
* ELEM  1946  line segment
 1, 883, 884
*
  1.1139239E+01, 8.9200000E+00, 3.8076118E-01, 3.8076118E-01
* ELEM  1947  line segment
 1, 883, 57
*
  1.1520000E+01, 9.3007612E+00, 0.0000000E+00, -3.8076118E-01
* ELEM  1948  line segment
 1, 1017, 883
*
  1.1139239E+01, 8.9200000E+00, 3.8076118E-01, 0.0000000E+00
* ELEM  1949  line segment
 1, 1017, 1018
*
  1.1520000E+01, 8.5392388E+00, -3.8076118E-01, 3.8076118E-01
* ELEM  1950  line segment
 1, 1017, 995
*
  1.1520000E+01, 8.9200000E+00, 0.0000000E+00, -3.8076118E-01
* ELEM  1951  circular arc
 3, 743, 736
*
  9.5700000E+00, 1.0870000E+01, 5.1500000E-01, 2.9250000E+02, 4.5000000E+01
* ELEM  1952  line segment
 1, 736, 739
*
  1.0045798E+01, 1.0672918E+01, 1.7420204E-01, -7.2156848E-02
* ELEM  1953  line segment
 1, 716, 715
*
  1.0394202E+01, 1.0672918E+01, -1.7420204E-01, -7.2156848E-02
* ELEM  1954  circular arc
 3, 725, 715
*
  1.0870000E+01, 1.0870000E+01, 5.1500000E-01, 2.0250000E+02, 4.5000000E+01
* ELEM  1955  line segment
 1, 715, 714
*
  1.0672918E+01, 1.0394202E+01, -7.2156848E-02, -1.7420204E-01
* ELEM  1956  line segment
 1, 739, 716
*
  1.0220000E+01, 1.1139239E+01, 0.0000000E+00, -5.3847763E-01
* ELEM  1957  line segment
 1, 720, 716
*
  1.0394202E+01, 1.1067082E+01, -1.7420204E-01, 7.2156848E-02
* ELEM  1958  circular arc
 3, 725, 716
*
  1.0870000E+01, 1.0870000E+01, 5.1500000E-01, 1.5750000E+02, 4.5000000E+01
* ELEM  1959  circular arc
 3, 743, 739
*
  9.5700000E+00, 1.0870000E+01, 5.1500000E-01, 3.3750000E+02, 2.2500000E+01
* ELEM  1960  circular arc
 3, 743, 739
*
  9.5700000E+00, 1.0870000E+01, 5.1500000E-01, 0.0000000E+00, 2.2500000E+01
* ELEM  1961  line segment
 1, 739, 742
*
  1.0045798E+01, 1.1067082E+01, 1.7420204E-01, 7.2156848E-02
* ELEM  1962  circular arc
 3, 725, 714
*
  1.0870000E+01, 1.0870000E+01, 5.1500000E-01, 2.4750000E+02, 4.5000000E+01
* ELEM  1963  line segment
 1, 714, 718
*
  1.1067082E+01, 1.0394202E+01, 7.2156848E-02, -1.7420204E-01
* ELEM  1964  line segment
 1, 888, 714
*
  1.0600761E+01, 1.0220000E+01, 5.3847763E-01, 0.0000000E+00
* ELEM  1965  line segment
 1, 890, 888
*
  1.1067082E+01, 1.0045798E+01, 7.2156848E-02, 1.7420204E-01
* ELEM  1966  line segment
 1, 625, 626
*
  7.2392388E+00, 1.1520000E+01, 3.8076118E-01, 3.8076118E-01
* ELEM  1967  line segment
 1, 625, 603
*
  7.6200000E+00, 1.1900761E+01, 0.0000000E+00, -3.8076118E-01
* ELEM  1968  line segment
 1, 603, 605
*
  7.6200000E+00, 1.1900761E+01, 3.8076118E-01, -3.8076118E-01
* ELEM  1969  line segment
 1, 606, 605
*
  7.7942020E+00, 1.1972918E+01, -1.7420204E-01, -7.2156848E-02
* ELEM  1970  circular arc
 3, 615, 605
*
  8.2700000E+00, 1.2170000E+01, 5.1500000E-01, 2.0250000E+02, 4.5000000E+01
* ELEM  1971  line segment
 1, 605, 604
*
  8.0729180E+00, 1.1694202E+01, -7.2156848E-02, -1.7420204E-01
* ELEM  1972  circular arc
 3, 615, 604
*
  8.2700000E+00, 1.2170000E+01, 5.1500000E-01, 2.4750000E+02, 4.5000000E+01
* ELEM  1973  line segment
 1, 604, 608
*
  8.4670820E+00, 1.1694202E+01, 7.2156848E-02, -1.7420204E-01
* ELEM  1974  line segment
 1, 760, 604
*
  8.0007612E+00, 1.1520000E+01, 5.3847763E-01, 0.0000000E+00
* ELEM  1975  line segment
 1, 762, 760
*
  8.4670820E+00, 1.1345798E+01, 7.2156848E-02, 1.7420204E-01
* ELEM  1976  line segment
 1, 623, 622
*
  6.7729180E+00, 1.1694202E+01, -7.2156848E-02, -1.7420204E-01
* ELEM  1977  circular arc
 3, 633, 622
*
  6.9700000E+00, 1.2170000E+01, 5.1500000E-01, 2.4750000E+02, 4.5000000E+01
* ELEM  1978  line segment
 1, 622, 626
*
  7.1670820E+00, 1.1694202E+01, 7.2156848E-02, -1.7420204E-01
* ELEM  1979  line segment
 1, 778, 622
*
  6.7007612E+00, 1.1520000E+01, 5.3847763E-01, 0.0000000E+00
* ELEM  1980  line segment
 1, 778, 776
*
  6.7729180E+00, 1.1345798E+01, -7.2156848E-02, 1.7420204E-01
* ELEM  1981  circular arc
 3, 633, 626
*
  6.9700000E+00, 1.2170000E+01, 5.1500000E-01, 2.9250000E+02, 4.5000000E+01
* ELEM  1982  line segment
 1, 626, 629
*
  7.4457980E+00, 1.1972918E+01, 1.7420204E-01, -7.2156848E-02
* ELEM  1983  circular arc
 3, 743, 742
*
  9.5700000E+00, 1.0870000E+01, 5.1500000E-01, 2.2500000E+01, 4.5000000E+01
* ELEM  1984  circular arc
 3, 743, 740
*
  9.5700000E+00, 1.0870000E+01, 5.1500000E-01, 6.7500000E+01, 4.5000000E+01
* ELEM  1985  circular arc
 3, 743, 738
*
  9.5700000E+00, 1.0870000E+01, 5.1500000E-01, 1.1250000E+02, 4.5000000E+01
* ELEM  1986  circle
 2, 744, 743
*
  9.5700000E+00, 1.0870000E+01, 4.4700000E-01, 0.0000000E+00
* ELEM  1987  line segment
 1, 737, 738
*
  9.3007612E+00, 1.1520000E+01, -3.8076118E-01, -3.8076118E-01
* ELEM  1988  line segment
 1, 740, 738
*
  9.3729180E+00, 1.1345798E+01, -7.2156848E-02, 1.7420204E-01
* ELEM  1989  line segment
 1, 761, 762
*
  8.9200000E+00, 1.1139239E+01, -3.8076118E-01, 3.8076118E-01
* ELEM  1990  line segment
 1, 761, 607
*
  8.5392388E+00, 1.1520000E+01, 3.8076118E-01, 0.0000000E+00
* ELEM  1991  line segment
 1, 761, 737
*
  8.9200000E+00, 1.1520000E+01, 0.0000000E+00, -3.8076118E-01
* ELEM  1992  line segment
 1, 737, 15
*
  8.9200000E+00, 1.1520000E+01, 3.8076118E-01, 0.0000000E+00
* ELEM  1993  line segment
 1, 643, 644
*
  4.6392388E+00, 1.1520000E+01, 3.8076118E-01, 3.8076118E-01
* ELEM  1994  line segment
 1, 643, 29
*
  5.0200000E+00, 1.1900761E+01, 0.0000000E+00, -3.8076118E-01
* ELEM  1995  line segment
 1, 29, 31
*
  5.0200000E+00, 1.1900761E+01, 3.8076118E-01, -3.8076118E-01
* ELEM  1996  line segment
 1, 32, 31
*
  5.1942020E+00, 1.1972918E+01, -1.7420204E-01, -7.2156848E-02
* ELEM  1997  circular arc
 3, 41, 31
*
  5.6700000E+00, 1.2170000E+01, 5.1500000E-01, 2.0250000E+02, 4.5000000E+01
* ELEM  1998  line segment
 1, 31, 30
*
  5.4729180E+00, 1.1694202E+01, -7.2156848E-02, -1.7420204E-01
* ELEM  1999  circular arc
 3, 41, 30
*
  5.6700000E+00, 1.2170000E+01, 5.1500000E-01, 2.4750000E+02, 4.5000000E+01
* ELEM  2000  line segment
 1, 30, 34
*
  5.8670820E+00, 1.1694202E+01, 7.2156848E-02, -1.7420204E-01
* ELEM  2001  line segment
 1, 798, 30
*
  5.4007612E+00, 1.1520000E+01, 5.3847763E-01, 0.0000000E+00
* ELEM  2002  line segment
 1, 800, 798
*
  5.8670820E+00, 1.1345798E+01, 7.2156848E-02, 1.7420204E-01
* ELEM  2003  circular arc
 3, 651, 644
*
  4.3700000E+00, 1.2170000E+01, 5.1500000E-01, 2.9250000E+02, 4.5000000E+01
* ELEM  2004  line segment
 1, 644, 647
*
  4.8457980E+00, 1.1972918E+01, 1.7420204E-01, -7.2156848E-02
* ELEM  2005  line segment
 1, 775, 776
*
  6.7007612E+00, 1.1520000E+01, -3.8076118E-01, -3.8076118E-01
* ELEM  2006  line segment
 1, 799, 800
*
  6.3200000E+00, 1.1139239E+01, -3.8076118E-01, 3.8076118E-01
* ELEM  2007  line segment
 1, 799, 33
*
  5.9392388E+00, 1.1520000E+01, 3.8076118E-01, 0.0000000E+00
* ELEM  2008  line segment
 1, 799, 775
*
  6.3200000E+00, 1.1520000E+01, 0.0000000E+00, -3.8076118E-01
* ELEM  2009  line segment
 1, 775, 621
*
  6.3200000E+00, 1.1520000E+01, 3.8076118E-01, 0.0000000E+00
* ELEM  2010  circular arc
 3, 1555, 1544
*
  1.2170000E+01, 1.7700000E+00, 5.1500000E-01, 2.4750000E+02, 4.5000000E+01
* ELEM  2011  line segment
 1, 1544, 1548
*
  1.2367082E+01, 1.2942020E+00, 7.2156848E-02, -1.7420204E-01
* ELEM  2012  line segment
 1, 1696, 1544
*
  1.1900761E+01, 1.1200000E+00, 5.3847763E-01, 0.0000000E+00
* ELEM  2013  circular arc
 3, 1555, 1551
*
  1.2170000E+01, 1.7700000E+00, 5.1500000E-01, 0.0000000E+00, 2.2500000E+01
* ELEM  2014  circular arc
 3, 1555, 1554
*
  1.2170000E+01, 1.7700000E+00, 5.1500000E-01, 2.2500000E+01, 4.5000000E+01
* ELEM  2015  circular arc
 3, 1555, 1552
*
  1.2170000E+01, 1.7700000E+00, 5.1500000E-01, 6.7500000E+01, 4.5000000E+01
* ELEM  2016  circular arc
 3, 1555, 1548
*
  1.2170000E+01, 1.7700000E+00, 5.1500000E-01, 2.9250000E+02, 4.5000000E+01
* ELEM  2017  circular arc
 3, 1555, 1551
*
  1.2170000E+01, 1.7700000E+00, 5.1500000E-01, 3.3750000E+02, 2.2500000E+01
* ELEM  2018  circle
 2, 1556, 1555
*
  1.2170000E+01, 1.7700000E+00, 4.4700000E-01, 0.0000000E+00
* ELEM  2019  line segment
 1, 217, 1769
*
  1.1200000E+00, 1.2820000E+01, 0.0000000E+00, 3.8076118E-01
* ELEM  2020  line segment
 1, 217, 219
*
  1.1200000E+00, 1.3200761E+01, 3.8076118E-01, -3.8076118E-01
* ELEM  2021  line segment
 1, 220, 219
*
  1.2942020E+00, 1.3272918E+01, -1.7420204E-01, -7.2156848E-02
* ELEM  2022  circular arc
 3, 229, 219
*
  1.7700000E+00, 1.3470000E+01, 5.1500000E-01, 2.0250000E+02, 4.5000000E+01
* ELEM  2023  line segment
 1, 219, 218
*
  1.5729180E+00, 1.2994202E+01, -7.2156848E-02, -1.7420204E-01
* ELEM  2024  circular arc
 3, 229, 218
*
  1.7700000E+00, 1.3470000E+01, 5.1500000E-01, 2.4750000E+02, 4.5000000E+01
* ELEM  2025  line segment
 1, 218, 222
*
  1.9670820E+00, 1.2994202E+01, 7.2156848E-02, -1.7420204E-01
* ELEM  2026  line segment
 1, 666, 218
*
  1.5007612E+00, 1.2820000E+01, 5.3847763E-01, 0.0000000E+00
* ELEM  2027  line segment
 1, 668, 666
*
  1.9670820E+00, 1.2645798E+01, 7.2156848E-02, 1.7420204E-01
* ELEM  2028  line segment
 1, 49, 50
*
  2.8007612E+00, 1.2820000E+01, -3.8076118E-01, -3.8076118E-01
* ELEM  2029  line segment
 1, 52, 50
*
  2.8729180E+00, 1.2645798E+01, -7.2156848E-02, 1.7420204E-01
* ELEM  2030  line segment
 1, 667, 668
*
  2.4200000E+00, 1.2439239E+01, -3.8076118E-01, 3.8076118E-01
* ELEM  2031  line segment
 1, 667, 221
*
  2.0392388E+00, 1.2820000E+01, 3.8076118E-01, 0.0000000E+00
* ELEM  2032  line segment
 1, 667, 49
*
  2.4200000E+00, 1.2820000E+01, 0.0000000E+00, -3.8076118E-01
* ELEM  2033  line segment
 1, 547, 49
*
  2.8007612E+00, 1.2820000E+01, -3.8076118E-01, 0.0000000E+00
* ELEM  2034  line segment
 1, 51, 54
*
  3.5457980E+00, 1.2367082E+01, 1.7420204E-01, 7.2156848E-02
* ELEM  2035  line segment
 1, 642, 51
*
  3.7200000E+00, 1.1900761E+01, 0.0000000E+00, 5.3847763E-01
* ELEM  2036  line segment
 1, 646, 642
*
  3.8942020E+00, 1.2367082E+01, -1.7420204E-01, 7.2156848E-02
* ELEM  2037  circular arc
 3, 651, 642
*
  4.3700000E+00, 1.2170000E+01, 5.1500000E-01, 1.5750000E+02, 4.5000000E+01
* ELEM  2038  circular arc
 3, 651, 647
*
  4.3700000E+00, 1.2170000E+01, 5.1500000E-01, 0.0000000E+00, 2.2500000E+01
* ELEM  2039  circular arc
 3, 651, 650
*
  4.3700000E+00, 1.2170000E+01, 5.1500000E-01, 2.2500000E+01, 4.5000000E+01
* ELEM  2040  circular arc
 3, 651, 648
*
  4.3700000E+00, 1.2170000E+01, 5.1500000E-01, 6.7500000E+01, 4.5000000E+01
* ELEM  2041  circular arc
 3, 651, 646
*
  4.3700000E+00, 1.2170000E+01, 5.1500000E-01, 1.1250000E+02, 4.5000000E+01
* ELEM  2042  circular arc
 3, 651, 647
*
  4.3700000E+00, 1.2170000E+01, 5.1500000E-01, 3.3750000E+02, 2.2500000E+01
* ELEM  2043  circle
 2, 652, 651
*
  4.3700000E+00, 1.2170000E+01, 4.4700000E-01, 0.0000000E+00
* ELEM  2044  line segment
 1, 1321, 1323
*
  1.1520000E+01, 4.1007612E+00, 3.8076118E-01, -3.8076118E-01
* ELEM  2045  line segment
 1, 1321, 147
*
  1.1900761E+01, 3.7200000E+00, -3.8076118E-01, 0.0000000E+00
* ELEM  2046  circular arc
 3, 1333, 1323
*
  1.2170000E+01, 4.3700000E+00, 5.1500000E-01, 2.0250000E+02, 4.5000000E+01
* ELEM  2047  line segment
 1, 1323, 1322
*
  1.1972918E+01, 3.8942020E+00, -7.2156848E-02, -1.7420204E-01
* ELEM  2048  line segment
 1, 147, 148
*
  1.1900761E+01, 3.7200000E+00, -3.8076118E-01, -3.8076118E-01
* ELEM  2049  line segment
 1, 150, 148
*
  1.1972918E+01, 3.5457980E+00, -7.2156848E-02, 1.7420204E-01
* ELEM  2050  circular arc
 3, 153, 148
*
  1.2170000E+01, 3.0700000E+00, 5.1500000E-01, 1.1250000E+02, 4.5000000E+01
* ELEM  2051  circular arc
 3, 153, 142
*
  1.2170000E+01, 3.0700000E+00, 5.1500000E-01, 2.4750000E+02, 4.5000000E+01
* ELEM  2052  line segment
 1, 142, 146
*
  1.2367082E+01, 2.5942020E+00, 7.2156848E-02, -1.7420204E-01
* ELEM  2053  line segment
 1, 1552, 142
*
  1.1900761E+01, 2.4200000E+00, 5.3847763E-01, 0.0000000E+00
* ELEM  2054  line segment
 1, 1554, 1552
*
  1.2367082E+01, 2.2457980E+00, 7.2156848E-02, 1.7420204E-01
* ELEM  2055  circular arc
 3, 153, 149
*
  1.2170000E+01, 3.0700000E+00, 5.1500000E-01, 0.0000000E+00, 2.2500000E+01
* ELEM  2056  circular arc
 3, 153, 152
*
  1.2170000E+01, 3.0700000E+00, 5.1500000E-01, 2.2500000E+01, 4.5000000E+01
* ELEM  2057  circular arc
 3, 153, 150
*
  1.2170000E+01, 3.0700000E+00, 5.1500000E-01, 6.7500000E+01, 4.5000000E+01
* ELEM  2058  circular arc
 3, 153, 146
*
  1.2170000E+01, 3.0700000E+00, 5.1500000E-01, 2.9250000E+02, 4.5000000E+01
* ELEM  2059  circular arc
 3, 153, 149
*
  1.2170000E+01, 3.0700000E+00, 5.1500000E-01, 3.3750000E+02, 2.2500000E+01
* ELEM  2060  circle
 2, 154, 153
*
  1.2170000E+01, 3.0700000E+00, 2.5750000E-01, 0.0000000E+00
* ELEM  2061  circular arc
 3, 125, 114
*
  1.2170000E+01, 5.6700000E+00, 5.1500000E-01, 2.4750000E+02, 4.5000000E+01
* ELEM  2062  line segment
 1, 114, 118
*
  1.2367082E+01, 5.1942020E+00, 7.2156848E-02, -1.7420204E-01
* ELEM  2063  line segment
 1, 1330, 114
*
  1.1900761E+01, 5.0200000E+00, 5.3847763E-01, 0.0000000E+00
* ELEM  2064  line segment
 1, 1332, 1330
*
  1.2367082E+01, 4.8457980E+00, 7.2156848E-02, 1.7420204E-01
* ELEM  2065  circular arc
 3, 1333, 1330
*
  1.2170000E+01, 4.3700000E+00, 5.1500000E-01, 6.7500000E+01, 4.5000000E+01
* ELEM  2066  circular arc
 3, 125, 121
*
  1.2170000E+01, 5.6700000E+00, 5.1500000E-01, 0.0000000E+00, 2.2500000E+01
* ELEM  2067  circular arc
 3, 125, 124
*
  1.2170000E+01, 5.6700000E+00, 5.1500000E-01, 2.2500000E+01, 4.5000000E+01
* ELEM  2068  circular arc
 3, 125, 122
*
  1.2170000E+01, 5.6700000E+00, 5.1500000E-01, 6.7500000E+01, 4.5000000E+01
* ELEM  2069  circular arc
 3, 125, 120
*
  1.2170000E+01, 5.6700000E+00, 5.1500000E-01, 1.1250000E+02, 4.5000000E+01
* ELEM  2070  circular arc
 3, 125, 118
*
  1.2170000E+01, 5.6700000E+00, 5.1500000E-01, 2.9250000E+02, 4.5000000E+01
* ELEM  2071  circular arc
 3, 125, 121
*
  1.2170000E+01, 5.6700000E+00, 5.1500000E-01, 3.3750000E+02, 2.2500000E+01
* ELEM  2072  circle
 2, 126, 125
*
  1.2170000E+01, 5.6700000E+00, 2.5750000E-01, 0.0000000E+00
* ELEM  2073  line segment
 1, 119, 120
*
  1.1900761E+01, 6.3200000E+00, -3.8076118E-01, -3.8076118E-01
* ELEM  2074  line segment
 1, 122, 120
*
  1.1972918E+01, 6.1457980E+00, -7.2156848E-02, 1.7420204E-01
* ELEM  2075  line segment
 1, 1079, 119
*
  1.1900761E+01, 6.3200000E+00, -3.8076118E-01, 0.0000000E+00
* ELEM  2076  circular arc
 3, 1333, 1329
*
  1.2170000E+01, 4.3700000E+00, 5.1500000E-01, 0.0000000E+00, 2.2500000E+01
* ELEM  2077  circular arc
 3, 1333, 1332
*
  1.2170000E+01, 4.3700000E+00, 5.1500000E-01, 2.2500000E+01, 4.5000000E+01
* ELEM  2078  circular arc
 3, 1333, 1322
*
  1.2170000E+01, 4.3700000E+00, 5.1500000E-01, 2.4750000E+02, 4.5000000E+01
* ELEM  2079  circular arc
 3, 1333, 1326
*
  1.2170000E+01, 4.3700000E+00, 5.1500000E-01, 2.9250000E+02, 4.5000000E+01
* ELEM  2080  circular arc
 3, 1333, 1329
*
  1.2170000E+01, 4.3700000E+00, 5.1500000E-01, 3.3750000E+02, 2.2500000E+01
* ELEM  2081  circle
 2, 1334, 1333
*
  1.2170000E+01, 4.3700000E+00, 4.4700000E-01, 0.0000000E+00
* ELEM  2082  line segment
 1, 1079, 1081
*
  1.1520000E+01, 6.7007612E+00, 3.8076118E-01, -3.8076118E-01
* ELEM  2083  circular arc
 3, 1091, 1081
*
  1.2170000E+01, 6.9700000E+00, 5.1500000E-01, 2.0250000E+02, 4.5000000E+01
* ELEM  2084  line segment
 1, 1081, 1080
*
  1.1972918E+01, 6.4942020E+00, -7.2156848E-02, -1.7420204E-01
* ELEM  2085  circular arc
 3, 1001, 990
*
  1.2170000E+01, 8.2700000E+00, 5.1500000E-01, 2.4750000E+02, 4.5000000E+01
* ELEM  2086  line segment
 1, 990, 994
*
  1.2367082E+01, 7.7942020E+00, 7.2156848E-02, -1.7420204E-01
* ELEM  2087  line segment
 1, 1088, 990
*
  1.1900761E+01, 7.6200000E+00, 5.3847763E-01, 0.0000000E+00
* ELEM  2088  line segment
 1, 1090, 1088
*
  1.2367082E+01, 7.4457980E+00, 7.2156848E-02, 1.7420204E-01
* ELEM  2089  circular arc
 3, 1091, 1088
*
  1.2170000E+01, 6.9700000E+00, 5.1500000E-01, 6.7500000E+01, 4.5000000E+01
* ELEM  2090  circular arc
 3, 1001, 997
*
  1.2170000E+01, 8.2700000E+00, 5.1500000E-01, 0.0000000E+00, 2.2500000E+01
* ELEM  2091  circular arc
 3, 1001, 1000
*
  1.2170000E+01, 8.2700000E+00, 5.1500000E-01, 2.2500000E+01, 4.5000000E+01
* ELEM  2092  circular arc
 3, 1001, 998
*
  1.2170000E+01, 8.2700000E+00, 5.1500000E-01, 6.7500000E+01, 4.5000000E+01
* ELEM  2093  circular arc
 3, 1001, 996
*
  1.2170000E+01, 8.2700000E+00, 5.1500000E-01, 1.1250000E+02, 4.5000000E+01
* ELEM  2094  circular arc
 3, 1001, 994
*
  1.2170000E+01, 8.2700000E+00, 5.1500000E-01, 2.9250000E+02, 4.5000000E+01
* ELEM  2095  circular arc
 3, 1001, 997
*
  1.2170000E+01, 8.2700000E+00, 5.1500000E-01, 3.3750000E+02, 2.2500000E+01
* ELEM  2096  circle
 2, 1002, 1001
*
  1.2170000E+01, 8.2700000E+00, 4.4700000E-01, 0.0000000E+00
* ELEM  2097  line segment
 1, 995, 996
*
  1.1900761E+01, 8.9200000E+00, -3.8076118E-01, -3.8076118E-01
* ELEM  2098  line segment
 1, 998, 996
*
  1.1972918E+01, 8.7457980E+00, -7.2156848E-02, 1.7420204E-01
* ELEM  2099  line segment
 1, 995, 57
*
  1.1520000E+01, 8.9200000E+00, 3.8076118E-01, 0.0000000E+00
* ELEM  2100  circular arc
 3, 1091, 1087
*
  1.2170000E+01, 6.9700000E+00, 5.1500000E-01, 0.0000000E+00, 2.2500000E+01
* ELEM  2101  circular arc
 3, 1091, 1090
*
  1.2170000E+01, 6.9700000E+00, 5.1500000E-01, 2.2500000E+01, 4.5000000E+01
* ELEM  2102  circular arc
 3, 1091, 1080
*
  1.2170000E+01, 6.9700000E+00, 5.1500000E-01, 2.4750000E+02, 4.5000000E+01
* ELEM  2103  circular arc
 3, 1091, 1084
*
  1.2170000E+01, 6.9700000E+00, 5.1500000E-01, 2.9250000E+02, 4.5000000E+01
* ELEM  2104  circular arc
 3, 1091, 1087
*
  1.2170000E+01, 6.9700000E+00, 5.1500000E-01, 3.3750000E+02, 2.2500000E+01
* ELEM  2105  circle
 2, 1092, 1091
*
  1.2170000E+01, 6.9700000E+00, 4.4700000E-01, 0.0000000E+00
* ELEM  2106  line segment
 1, 57, 59
*
  1.1520000E+01, 9.3007612E+00, 3.8076118E-01, -3.8076118E-01
* ELEM  2107  line segment
 1, 60, 59
*
  1.1694202E+01, 9.3729180E+00, -1.7420204E-01, -7.2156848E-02
* ELEM  2108  circular arc
 3, 69, 59
*
  1.2170000E+01, 9.5700000E+00, 5.1500000E-01, 2.0250000E+02, 4.5000000E+01
* ELEM  2109  line segment
 1, 59, 58
*
  1.1972918E+01, 9.0942020E+00, -7.2156848E-02, -1.7420204E-01
* ELEM  2110  line segment
 1, 887, 60
*
  1.1520000E+01, 9.8392388E+00, 0.0000000E+00, -5.3847763E-01
* ELEM  2111  line segment
 1, 64, 60
*
  1.1694202E+01, 9.7670820E+00, -1.7420204E-01, 7.2156848E-02
* ELEM  2112  circular arc
 3, 69, 60
*
  1.2170000E+01, 9.5700000E+00, 5.1500000E-01, 1.5750000E+02, 4.5000000E+01
* ELEM  2113  line segment
 1, 887, 890
*
  1.1345798E+01, 9.7670820E+00, 1.7420204E-01, 7.2156848E-02
* ELEM  2114  circular arc
 3, 725, 721
*
  1.0870000E+01, 1.0870000E+01, 5.1500000E-01, 0.0000000E+00, 2.2500000E+01
* ELEM  2115  circular arc
 3, 725, 724
*
  1.0870000E+01, 1.0870000E+01, 5.1500000E-01, 2.2500000E+01, 4.5000000E+01
* ELEM  2116  circular arc
 3, 725, 722
*
  1.0870000E+01, 1.0870000E+01, 5.1500000E-01, 6.7500000E+01, 4.5000000E+01
* ELEM  2117  circular arc
 3, 725, 720
*
  1.0870000E+01, 1.0870000E+01, 5.1500000E-01, 1.1250000E+02, 4.5000000E+01
* ELEM  2118  circular arc
 3, 725, 718
*
  1.0870000E+01, 1.0870000E+01, 5.1500000E-01, 2.9250000E+02, 4.5000000E+01
* ELEM  2119  circular arc
 3, 725, 721
*
  1.0870000E+01, 1.0870000E+01, 5.1500000E-01, 3.3750000E+02, 2.2500000E+01
* ELEM  2120  circle
 2, 726, 725
*
  1.0870000E+01, 1.0870000E+01, 4.4700000E-01, 0.0000000E+00
* ELEM  2121  line segment
 1, 719, 720
*
  1.0600761E+01, 1.1520000E+01, -3.8076118E-01, -3.8076118E-01
* ELEM  2122  line segment
 1, 722, 720
*
  1.0672918E+01, 1.1345798E+01, -7.2156848E-02, 1.7420204E-01
* ELEM  2123  line segment
 1, 741, 742
*
  1.0220000E+01, 1.1139239E+01, -3.8076118E-01, 3.8076118E-01
* ELEM  2124  line segment
 1, 741, 19
*
  9.8392388E+00, 1.1520000E+01, 3.8076118E-01, 0.0000000E+00
* ELEM  2125  line segment
 1, 741, 719
*
  1.0220000E+01, 1.1520000E+01, 0.0000000E+00, -3.8076118E-01
* ELEM  2126  line segment
 1, 719, 583
*
  1.0220000E+01, 1.1520000E+01, 3.8076118E-01, 0.0000000E+00
* ELEM  2127  line segment
 1, 742, 740
*
  9.7670820E+00, 1.1345798E+01, 7.2156848E-02, 1.7420204E-01
* ELEM  2128  line segment
 1, 718, 721
*
  1.1345798E+01, 1.0672918E+01, 1.7420204E-01, -7.2156848E-02
* ELEM  2129  line segment
 1, 717, 718
*
  1.1139239E+01, 1.0220000E+01, 3.8076118E-01, 3.8076118E-01
* ELEM  2130  line segment
 1, 717, 693
*
  1.1520000E+01, 1.0600761E+01, 0.0000000E+00, -3.8076118E-01
* ELEM  2131  line segment
 1, 889, 717
*
  1.1139239E+01, 1.0220000E+01, 3.8076118E-01, 0.0000000E+00
* ELEM  2132  line segment
 1, 889, 890
*
  1.1520000E+01, 9.8392388E+00, -3.8076118E-01, 3.8076118E-01
* ELEM  2133  line segment
 1, 889, 63
*
  1.1520000E+01, 1.0220000E+01, 0.0000000E+00, -3.8076118E-01
* ELEM  2134  line segment
 1, 629, 606
*
  7.6200000E+00, 1.2439239E+01, 0.0000000E+00, -5.3847763E-01
* ELEM  2135  line segment
 1, 610, 606
*
  7.7942020E+00, 1.2367082E+01, -1.7420204E-01, 7.2156848E-02
* ELEM  2136  circular arc
 3, 615, 606
*
  8.2700000E+00, 1.2170000E+01, 5.1500000E-01, 1.5750000E+02, 4.5000000E+01
* ELEM  2137  circular arc
 3, 633, 629
*
  6.9700000E+00, 1.2170000E+01, 5.1500000E-01, 3.3750000E+02, 2.2500000E+01
* ELEM  2138  circular arc
 3, 633, 629
*
  6.9700000E+00, 1.2170000E+01, 5.1500000E-01, 0.0000000E+00, 2.2500000E+01
* ELEM  2139  line segment
 1, 629, 632
*
  7.4457980E+00, 1.2367082E+01, 1.7420204E-01, 7.2156848E-02
* ELEM  2140  circular arc
 3, 615, 611
*
  8.2700000E+00, 1.2170000E+01, 5.1500000E-01, 0.0000000E+00, 2.2500000E+01
* ELEM  2141  circular arc
 3, 615, 614
*
  8.2700000E+00, 1.2170000E+01, 5.1500000E-01, 2.2500000E+01, 4.5000000E+01
* ELEM  2142  circular arc
 3, 615, 612
*
  8.2700000E+00, 1.2170000E+01, 5.1500000E-01, 6.7500000E+01, 4.5000000E+01
* ELEM  2143  circular arc
 3, 615, 610
*
  8.2700000E+00, 1.2170000E+01, 5.1500000E-01, 1.1250000E+02, 4.5000000E+01
* ELEM  2144  circular arc
 3, 615, 608
*
  8.2700000E+00, 1.2170000E+01, 5.1500000E-01, 2.9250000E+02, 4.5000000E+01
* ELEM  2145  circular arc
 3, 615, 611
*
  8.2700000E+00, 1.2170000E+01, 5.1500000E-01, 3.3750000E+02, 2.2500000E+01
* ELEM  2146  circle
 2, 616, 615
*
  8.2700000E+00, 1.2170000E+01, 4.4700000E-01, 0.0000000E+00
* ELEM  2147  line segment
 1, 608, 611
*
  8.7457980E+00, 1.1972918E+01, 1.7420204E-01, -7.2156848E-02
* ELEM  2148  line segment
 1, 607, 608
*
  8.5392388E+00, 1.1520000E+01, 3.8076118E-01, 3.8076118E-01
* ELEM  2149  line segment
 1, 607, 15
*
  8.9200000E+00, 1.1900761E+01, 0.0000000E+00, -3.8076118E-01
* ELEM  2150  circular arc
 3, 633, 632
*
  6.9700000E+00, 1.2170000E+01, 5.1500000E-01, 2.2500000E+01, 4.5000000E+01
* ELEM  2151  circular arc
 3, 633, 630
*
  6.9700000E+00, 1.2170000E+01, 5.1500000E-01, 6.7500000E+01, 4.5000000E+01
* ELEM  2152  circular arc
 3, 633, 628
*
  6.9700000E+00, 1.2170000E+01, 5.1500000E-01, 1.1250000E+02, 4.5000000E+01
* ELEM  2153  circular arc
 3, 633, 624
*
  6.9700000E+00, 1.2170000E+01, 5.1500000E-01, 1.5750000E+02, 4.5000000E+01
* ELEM  2154  circular arc
 3, 633, 623
*
  6.9700000E+00, 1.2170000E+01, 5.1500000E-01, 2.0250000E+02, 4.5000000E+01
* ELEM  2155  circle
 2, 634, 633
*
  6.9700000E+00, 1.2170000E+01, 4.4700000E-01, 0.0000000E+00
* ELEM  2156  line segment
 1, 621, 33
*
  6.3200000E+00, 1.1520000E+01, 0.0000000E+00, 3.8076118E-01
* ELEM  2157  line segment
 1, 621, 623
*
  6.3200000E+00, 1.1900761E+01, 3.8076118E-01, -3.8076118E-01
* ELEM  2158  line segment
 1, 624, 623
*
  6.4942020E+00, 1.1972918E+01, -1.7420204E-01, -7.2156848E-02
* ELEM  2159  line segment
 1, 15, 17
*
  8.9200000E+00, 1.1900761E+01, 3.8076118E-01, -3.8076118E-01
* ELEM  2160  line segment
 1, 18, 17
*
  9.0942020E+00, 1.1972918E+01, -1.7420204E-01, -7.2156848E-02
* ELEM  2161  circular arc
 3, 27, 17
*
  9.5700000E+00, 1.2170000E+01, 5.1500000E-01, 2.0250000E+02, 4.5000000E+01
* ELEM  2162  line segment
 1, 17, 16
*
  9.3729180E+00, 1.1694202E+01, -7.2156848E-02, -1.7420204E-01
* ELEM  2163  circular arc
 3, 27, 16
*
  9.5700000E+00, 1.2170000E+01, 5.1500000E-01, 2.4750000E+02, 4.5000000E+01
* ELEM  2164  line segment
 1, 16, 20
*
  9.7670820E+00, 1.1694202E+01, 7.2156848E-02, -1.7420204E-01
* ELEM  2165  line segment
 1, 740, 16
*
  9.3007612E+00, 1.1520000E+01, 5.3847763E-01, 0.0000000E+00
* ELEM  2166  line segment
 1, 647, 32
*
  5.0200000E+00, 1.2439239E+01, 0.0000000E+00, -5.3847763E-01
* ELEM  2167  line segment
 1, 36, 32
*
  5.1942020E+00, 1.2367082E+01, -1.7420204E-01, 7.2156848E-02
* ELEM  2168  circular arc
 3, 41, 32
*
  5.6700000E+00, 1.2170000E+01, 5.1500000E-01, 1.5750000E+02, 4.5000000E+01
* ELEM  2169  line segment
 1, 647, 650
*
  4.8457980E+00, 1.2367082E+01, 1.7420204E-01, 7.2156848E-02
* ELEM  2170  circular arc
 3, 41, 37
*
  5.6700000E+00, 1.2170000E+01, 5.1500000E-01, 0.0000000E+00, 2.2500000E+01
* ELEM  2171  circular arc
 3, 41, 40
*
  5.6700000E+00, 1.2170000E+01, 5.1500000E-01, 2.2500000E+01, 4.5000000E+01
* ELEM  2172  circular arc
 3, 41, 38
*
  5.6700000E+00, 1.2170000E+01, 5.1500000E-01, 6.7500000E+01, 4.5000000E+01
* ELEM  2173  circular arc
 3, 41, 36
*
  5.6700000E+00, 1.2170000E+01, 5.1500000E-01, 1.1250000E+02, 4.5000000E+01
* ELEM  2174  circular arc
 3, 41, 34
*
  5.6700000E+00, 1.2170000E+01, 5.1500000E-01, 2.9250000E+02, 4.5000000E+01
* ELEM  2175  circular arc
 3, 41, 37
*
  5.6700000E+00, 1.2170000E+01, 5.1500000E-01, 3.3750000E+02, 2.2500000E+01
* ELEM  2176  circle
 2, 42, 41
*
  5.6700000E+00, 1.2170000E+01, 2.5750000E-01, 0.0000000E+00
* ELEM  2177  line segment
 1, 34, 37
*
  6.1457980E+00, 1.1972918E+01, 1.7420204E-01, -7.2156848E-02
* ELEM  2178  line segment
 1, 33, 34
*
  5.9392388E+00, 1.1520000E+01, 3.8076118E-01, 3.8076118E-01
* ELEM  2179  line segment
 1, 1547, 1548
*
  1.2439239E+01, 1.1200000E+00, 3.8076118E-01, 3.8076118E-01
* ELEM  2180  line segment
 1, 1547, 331
*
  1.2820000E+01, 1.5007612E+00, 0.0000000E+00, -3.8076118E-01
* ELEM  2181  line segment
 1, 1547, 1696
*
  1.2820000E+01, 1.1200000E+00, -3.8076118E-01, 0.0000000E+00
* ELEM  2182  line segment
 1, 1548, 1551
*
  1.2645798E+01, 1.5729180E+00, 1.7420204E-01, -7.2156848E-02
* ELEM  2183  line segment
 1, 1769, 220
*
  1.1200000E+00, 1.3739239E+01, 0.0000000E+00, -5.3847763E-01
* ELEM  2184  line segment
 1, 224, 220
*
  1.2942020E+00, 1.3667082E+01, -1.7420204E-01, 7.2156848E-02
* ELEM  2185  circular arc
 3, 229, 220
*
  1.7700000E+00, 1.3470000E+01, 5.1500000E-01, 1.5750000E+02, 4.5000000E+01
* ELEM  2186  circular arc
 3, 229, 225
*
  1.7700000E+00, 1.3470000E+01, 5.1500000E-01, 0.0000000E+00, 2.2500000E+01
* ELEM  2187  circular arc
 3, 229, 228
*
  1.7700000E+00, 1.3470000E+01, 5.1500000E-01, 2.2500000E+01, 4.5000000E+01
* ELEM  2188  circular arc
 3, 229, 226
*
  1.7700000E+00, 1.3470000E+01, 5.1500000E-01, 6.7500000E+01, 4.5000000E+01
* ELEM  2189  circular arc
 3, 229, 224
*
  1.7700000E+00, 1.3470000E+01, 5.1500000E-01, 1.1250000E+02, 4.5000000E+01
* ELEM  2190  circular arc
 3, 229, 222
*
  1.7700000E+00, 1.3470000E+01, 5.1500000E-01, 2.9250000E+02, 4.5000000E+01
* ELEM  2191  circular arc
 3, 229, 225
*
  1.7700000E+00, 1.3470000E+01, 5.1500000E-01, 3.3750000E+02, 2.2500000E+01
* ELEM  2192  circle
 2, 230, 229
*
  1.7700000E+00, 1.3470000E+01, 4.4700000E-01, 0.0000000E+00
* ELEM  2193  line segment
 1, 222, 225
*
  2.2457980E+00, 1.3272918E+01, 1.7420204E-01, -7.2156848E-02
* ELEM  2194  line segment
 1, 221, 222
*
  2.0392388E+00, 1.2820000E+01, 3.8076118E-01, 3.8076118E-01
* ELEM  2195  line segment
 1, 547, 221
*
  2.4200000E+00, 1.2820000E+01, 0.0000000E+00, 3.8076118E-01
* ELEM  2196  line segment
 1, 547, 549
*
  2.4200000E+00, 1.3200761E+01, 3.8076118E-01, -3.8076118E-01
* ELEM  2197  line segment
 1, 548, 52
*
  3.3392388E+00, 1.2820000E+01, -5.3847763E-01, 0.0000000E+00
* ELEM  2198  line segment
 1, 54, 52
*
  3.2670820E+00, 1.2645798E+01, 7.2156848E-02, 1.7420204E-01
* ELEM  2199  line segment
 1, 549, 548
*
  2.8729180E+00, 1.2994202E+01, -7.2156848E-02, -1.7420204E-01
* ELEM  2200  circular arc
 3, 559, 548
*
  3.0700000E+00, 1.3470000E+01, 5.1500000E-01, 2.4750000E+02, 4.5000000E+01
* ELEM  2201  line segment
 1, 548, 552
*
  3.2670820E+00, 1.2994202E+01, 7.2156848E-02, -1.7420204E-01
* ELEM  2202  line segment
 1, 550, 549
*
  2.5942020E+00, 1.3272918E+01, -1.7420204E-01, -7.2156848E-02
* ELEM  2203  circular arc
 3, 559, 549
*
  3.0700000E+00, 1.3470000E+01, 5.1500000E-01, 2.0250000E+02, 4.5000000E+01
* ELEM  2204  line segment
 1, 53, 54
*
  3.7200000E+00, 1.2439239E+01, -3.8076118E-01, 3.8076118E-01
* ELEM  2205  line segment
 1, 551, 53
*
  3.7200000E+00, 1.2820000E+01, -3.8076118E-01, 0.0000000E+00
* ELEM  2206  line segment
 1, 645, 53
*
  3.7200000E+00, 1.2439239E+01, 0.0000000E+00, 3.8076118E-01
* ELEM  2207  line segment
 1, 645, 646
*
  4.1007612E+00, 1.2820000E+01, -3.8076118E-01, -3.8076118E-01
* ELEM  2208  line segment
 1, 648, 646
*
  4.1729180E+00, 1.2645798E+01, -7.2156848E-02, 1.7420204E-01
* ELEM  2209  line segment
 1, 645, 529
*
  3.7200000E+00, 1.2820000E+01, 3.8076118E-01, 0.0000000E+00
* ELEM  2210  line segment
 1, 1322, 150
*
  1.2439239E+01, 3.7200000E+00, -5.3847763E-01, 0.0000000E+00
* ELEM  2211  line segment
 1, 152, 150
*
  1.2367082E+01, 3.5457980E+00, 7.2156848E-02, 1.7420204E-01
* ELEM  2212  line segment
 1, 1322, 1326
*
  1.2367082E+01, 3.8942020E+00, 7.2156848E-02, -1.7420204E-01
* ELEM  2213  line segment
 1, 146, 149
*
  1.2645798E+01, 2.8729180E+00, 1.7420204E-01, -7.2156848E-02
* ELEM  2214  line segment
 1, 145, 146
*
  1.2439239E+01, 2.4200000E+00, 3.8076118E-01, 3.8076118E-01
* ELEM  2215  line segment
 1, 1469, 145
*
  1.2820000E+01, 2.4200000E+00, 0.0000000E+00, 3.8076118E-01
* ELEM  2216  line segment
 1, 1553, 145
*
  1.2439239E+01, 2.4200000E+00, 3.8076118E-01, 0.0000000E+00
* ELEM  2217  line segment
 1, 1551, 1554
*
  1.2645798E+01, 1.9670820E+00, 1.7420204E-01, 7.2156848E-02
* ELEM  2218  line segment
 1, 1553, 1554
*
  1.2820000E+01, 2.0392388E+00, -3.8076118E-01, 3.8076118E-01
* ELEM  2219  line segment
 1, 1553, 337
*
  1.2820000E+01, 2.4200000E+00, 0.0000000E+00, -3.8076118E-01
* ELEM  2220  line segment
 1, 118, 121
*
  1.2645798E+01, 5.4729180E+00, 1.7420204E-01, -7.2156848E-02
* ELEM  2221  line segment
 1, 117, 118
*
  1.2439239E+01, 5.0200000E+00, 3.8076118E-01, 3.8076118E-01
* ELEM  2222  line segment
 1, 1191, 117
*
  1.2820000E+01, 5.0200000E+00, 0.0000000E+00, 3.8076118E-01
* ELEM  2223  line segment
 1, 1331, 117
*
  1.2439239E+01, 5.0200000E+00, 3.8076118E-01, 0.0000000E+00
* ELEM  2224  line segment
 1, 1329, 1332
*
  1.2645798E+01, 4.5670820E+00, 1.7420204E-01, 7.2156848E-02
* ELEM  2225  line segment
 1, 1331, 1332
*
  1.2820000E+01, 4.6392388E+00, -3.8076118E-01, 3.8076118E-01
* ELEM  2226  line segment
 1, 1331, 1309
*
  1.2820000E+01, 5.0200000E+00, 0.0000000E+00, -3.8076118E-01
* ELEM  2227  line segment
 1, 1080, 122
*
  1.2439239E+01, 6.3200000E+00, -5.3847763E-01, 0.0000000E+00
* ELEM  2228  line segment
 1, 124, 122
*
  1.2367082E+01, 6.1457980E+00, 7.2156848E-02, 1.7420204E-01
* ELEM  2229  line segment
 1, 1080, 1084
*
  1.2367082E+01, 6.4942020E+00, 7.2156848E-02, -1.7420204E-01
* ELEM  2230  line segment
 1, 994, 997
*
  1.2645798E+01, 8.0729180E+00, 1.7420204E-01, -7.2156848E-02
* ELEM  2231  line segment
 1, 993, 994
*
  1.2439239E+01, 7.6200000E+00, 3.8076118E-01, 3.8076118E-01
* ELEM  2232  line segment
 1, 993, 971
*
  1.2820000E+01, 8.0007612E+00, 0.0000000E+00, -3.8076118E-01
* ELEM  2233  line segment
 1, 1089, 993
*
  1.2439239E+01, 7.6200000E+00, 3.8076118E-01, 0.0000000E+00
* ELEM  2234  line segment
 1, 1087, 1090
*
  1.2645798E+01, 7.1670820E+00, 1.7420204E-01, 7.2156848E-02
* ELEM  2235  line segment
 1, 1089, 1090
*
  1.2820000E+01, 7.2392388E+00, -3.8076118E-01, 3.8076118E-01
* ELEM  2236  line segment
 1, 1089, 1067
*
  1.2820000E+01, 7.6200000E+00, 0.0000000E+00, -3.8076118E-01
* ELEM  2237  circular arc
 3, 69, 58
*
  1.2170000E+01, 9.5700000E+00, 5.1500000E-01, 2.4750000E+02, 4.5000000E+01
* ELEM  2238  line segment
 1, 58, 62
*
  1.2367082E+01, 9.0942020E+00, 7.2156848E-02, -1.7420204E-01
* ELEM  2239  line segment
 1, 998, 58
*
  1.1900761E+01, 8.9200000E+00, 5.3847763E-01, 0.0000000E+00
* ELEM  2240  line segment
 1, 1000, 998
*
  1.2367082E+01, 8.7457980E+00, 7.2156848E-02, 1.7420204E-01
* ELEM  2241  circular arc
 3, 69, 65
*
  1.2170000E+01, 9.5700000E+00, 5.1500000E-01, 0.0000000E+00, 2.2500000E+01
* ELEM  2242  circular arc
 3, 69, 68
*
  1.2170000E+01, 9.5700000E+00, 5.1500000E-01, 2.2500000E+01, 4.5000000E+01
* ELEM  2243  circular arc
 3, 69, 66
*
  1.2170000E+01, 9.5700000E+00, 5.1500000E-01, 6.7500000E+01, 4.5000000E+01
* ELEM  2244  circular arc
 3, 69, 64
*
  1.2170000E+01, 9.5700000E+00, 5.1500000E-01, 1.1250000E+02, 4.5000000E+01
* ELEM  2245  circular arc
 3, 69, 62
*
  1.2170000E+01, 9.5700000E+00, 5.1500000E-01, 2.9250000E+02, 4.5000000E+01
* ELEM  2246  circular arc
 3, 69, 65
*
  1.2170000E+01, 9.5700000E+00, 5.1500000E-01, 3.3750000E+02, 2.2500000E+01
* ELEM  2247  circle
 2, 70, 69
*
  1.2170000E+01, 9.5700000E+00, 2.5750000E-01, 0.0000000E+00
* ELEM  2248  line segment
 1, 63, 64
*
  1.1900761E+01, 1.0220000E+01, -3.8076118E-01, -3.8076118E-01
* ELEM  2249  line segment
 1, 66, 64
*
  1.1972918E+01, 1.0045798E+01, -7.2156848E-02, 1.7420204E-01
* ELEM  2250  line segment
 1, 693, 63
*
  1.1900761E+01, 1.0220000E+01, -3.8076118E-01, 0.0000000E+00
* ELEM  2251  line segment
 1, 19, 20
*
  9.8392388E+00, 1.1520000E+01, 3.8076118E-01, 3.8076118E-01
* ELEM  2252  line segment
 1, 583, 19
*
  1.0220000E+01, 1.1520000E+01, 0.0000000E+00, 3.8076118E-01
* ELEM  2253  line segment
 1, 583, 585
*
  1.0220000E+01, 1.1900761E+01, 3.8076118E-01, -3.8076118E-01
* ELEM  2254  line segment
 1, 586, 585
*
  1.0394202E+01, 1.1972918E+01, -1.7420204E-01, -7.2156848E-02
* ELEM  2255  circular arc
 3, 595, 585
*
  1.0870000E+01, 1.2170000E+01, 5.1500000E-01, 2.0250000E+02, 4.5000000E+01
* ELEM  2256  line segment
 1, 585, 584
*
  1.0672918E+01, 1.1694202E+01, -7.2156848E-02, -1.7420204E-01
* ELEM  2257  circular arc
 3, 595, 584
*
  1.0870000E+01, 1.2170000E+01, 5.1500000E-01, 2.4750000E+02, 4.5000000E+01
* ELEM  2258  line segment
 1, 584, 588
*
  1.1067082E+01, 1.1694202E+01, 7.2156848E-02, -1.7420204E-01
* ELEM  2259  line segment
 1, 722, 584
*
  1.0600761E+01, 1.1520000E+01, 5.3847763E-01, 0.0000000E+00
* ELEM  2260  line segment
 1, 724, 722
*
  1.1067082E+01, 1.1345798E+01, 7.2156848E-02, 1.7420204E-01
* ELEM  2261  circular arc
 3, 27, 20
*
  9.5700000E+00, 1.2170000E+01, 5.1500000E-01, 2.9250000E+02, 4.5000000E+01
* ELEM  2262  line segment
 1, 20, 23
*
  1.0045798E+01, 1.1972918E+01, 1.7420204E-01, -7.2156848E-02
* ELEM  2263  line segment
 1, 693, 695
*
  1.1520000E+01, 1.0600761E+01, 3.8076118E-01, -3.8076118E-01
* ELEM  2264  line segment
 1, 696, 695
*
  1.1694202E+01, 1.0672918E+01, -1.7420204E-01, -7.2156848E-02
* ELEM  2265  circular arc
 3, 705, 695
*
  1.2170000E+01, 1.0870000E+01, 5.1500000E-01, 2.0250000E+02, 4.5000000E+01
* ELEM  2266  line segment
 1, 695, 694
*
  1.1972918E+01, 1.0394202E+01, -7.2156848E-02, -1.7420204E-01
* ELEM  2267  line segment
 1, 721, 696
*
  1.1520000E+01, 1.1139239E+01, 0.0000000E+00, -5.3847763E-01
* ELEM  2268  line segment
 1, 700, 696
*
  1.1694202E+01, 1.1067082E+01, -1.7420204E-01, 7.2156848E-02
* ELEM  2269  circular arc
 3, 705, 696
*
  1.2170000E+01, 1.0870000E+01, 5.1500000E-01, 1.5750000E+02, 4.5000000E+01
* ELEM  2270  line segment
 1, 721, 724
*
  1.1345798E+01, 1.1067082E+01, 1.7420204E-01, 7.2156848E-02
* ELEM  2271  line segment
 1, 609, 610
*
  8.0007612E+00, 1.2820000E+01, -3.8076118E-01, -3.8076118E-01
* ELEM  2272  line segment
 1, 612, 610
*
  8.0729180E+00, 1.2645798E+01, -7.2156848E-02, 1.7420204E-01
* ELEM  2273  line segment
 1, 631, 632
*
  7.6200000E+00, 1.2439239E+01, -3.8076118E-01, 3.8076118E-01
* ELEM  2274  line segment
 1, 631, 497
*
  7.2392388E+00, 1.2820000E+01, 3.8076118E-01, 0.0000000E+00
* ELEM  2275  line segment
 1, 631, 609
*
  7.6200000E+00, 1.2820000E+01, 0.0000000E+00, -3.8076118E-01
* ELEM  2276  line segment
 1, 609, 475
*
  7.6200000E+00, 1.2820000E+01, 3.8076118E-01, 0.0000000E+00
* ELEM  2277  line segment
 1, 632, 630
*
  7.1670820E+00, 1.2645798E+01, 7.2156848E-02, 1.7420204E-01
* ELEM  2278  line segment
 1, 611, 18
*
  8.9200000E+00, 1.2439239E+01, 0.0000000E+00, -5.3847763E-01
* ELEM  2279  line segment
 1, 22, 18
*
  9.0942020E+00, 1.2367082E+01, -1.7420204E-01, 7.2156848E-02
* ELEM  2280  circular arc
 3, 27, 18
*
  9.5700000E+00, 1.2170000E+01, 5.1500000E-01, 1.5750000E+02, 4.5000000E+01
* ELEM  2281  line segment
 1, 611, 614
*
  8.7457980E+00, 1.2367082E+01, 1.7420204E-01, 7.2156848E-02
* ELEM  2282  line segment
 1, 37, 40
*
  6.1457980E+00, 1.2367082E+01, 1.7420204E-01, 7.2156848E-02
* ELEM  2283  line segment
 1, 624, 37
*
  6.3200000E+00, 1.1900761E+01, 0.0000000E+00, 5.3847763E-01
* ELEM  2284  line segment
 1, 628, 624
*
  6.4942020E+00, 1.2367082E+01, -1.7420204E-01, 7.2156848E-02
* ELEM  2285  circular arc
 3, 27, 23
*
  9.5700000E+00, 1.2170000E+01, 5.1500000E-01, 0.0000000E+00, 2.2500000E+01
* ELEM  2286  circular arc
 3, 27, 26
*
  9.5700000E+00, 1.2170000E+01, 5.1500000E-01, 2.2500000E+01, 4.5000000E+01
* ELEM  2287  circular arc
 3, 27, 24
*
  9.5700000E+00, 1.2170000E+01, 5.1500000E-01, 6.7500000E+01, 4.5000000E+01
* ELEM  2288  circular arc
 3, 27, 22
*
  9.5700000E+00, 1.2170000E+01, 5.1500000E-01, 1.1250000E+02, 4.5000000E+01
* ELEM  2289  circular arc
 3, 27, 23
*
  9.5700000E+00, 1.2170000E+01, 5.1500000E-01, 3.3750000E+02, 2.2500000E+01
* ELEM  2290  circle
 2, 28, 27
*
  9.5700000E+00, 1.2170000E+01, 2.5750000E-01, 0.0000000E+00
* ELEM  2291  line segment
 1, 35, 36
*
  5.4007612E+00, 1.2820000E+01, -3.8076118E-01, -3.8076118E-01
* ELEM  2292  line segment
 1, 38, 36
*
  5.4729180E+00, 1.2645798E+01, -7.2156848E-02, 1.7420204E-01
* ELEM  2293  line segment
 1, 649, 650
*
  5.0200000E+00, 1.2439239E+01, -3.8076118E-01, 3.8076118E-01
* ELEM  2294  line segment
 1, 649, 533
*
  4.6392388E+00, 1.2820000E+01, 3.8076118E-01, 0.0000000E+00
* ELEM  2295  line segment
 1, 649, 35
*
  5.0200000E+00, 1.2820000E+01, 0.0000000E+00, -3.8076118E-01
* ELEM  2296  line segment
 1, 511, 35
*
  5.4007612E+00, 1.2820000E+01, -3.8076118E-01, 0.0000000E+00
* ELEM  2297  line segment
 1, 650, 648
*
  4.5670820E+00, 1.2645798E+01, 7.2156848E-02, 1.7420204E-01
* ELEM  2298  line segment
 1, 331, 333
*
  1.2820000E+01, 1.5007612E+00, 3.8076118E-01, -3.8076118E-01
* ELEM  2299  line segment
 1, 331, 1771
*
  1.3200761E+01, 1.1200000E+00, -3.8076118E-01, 0.0000000E+00
* ELEM  2300  line segment
 1, 334, 333
*
  1.2994202E+01, 1.5729180E+00, -1.7420204E-01, -7.2156848E-02
* ELEM  2301  circular arc
 3, 343, 333
*
  1.3470000E+01, 1.7700000E+00, 5.1500000E-01, 2.0250000E+02, 4.5000000E+01
* ELEM  2302  line segment
 1, 333, 332
*
  1.3272918E+01, 1.2942020E+00, -7.2156848E-02, -1.7420204E-01
* ELEM  2303  line segment
 1, 1551, 334
*
  1.2820000E+01, 2.0392388E+00, 0.0000000E+00, -5.3847763E-01
* ELEM  2304  line segment
 1, 338, 334
*
  1.2994202E+01, 1.9670820E+00, -1.7420204E-01, 7.2156848E-02
* ELEM  2305  circular arc
 3, 343, 334
*
  1.3470000E+01, 1.7700000E+00, 5.1500000E-01, 1.5750000E+02, 4.5000000E+01
* ELEM  2306  line segment
 1, 223, 224
*
  1.5007612E+00, 1.4120000E+01, -3.8076118E-01, -3.8076118E-01
* ELEM  2307  line segment
 1, 226, 224
*
  1.5729180E+00, 1.3945798E+01, -7.2156848E-02, 1.7420204E-01
* ELEM  2308  line segment
 1, 223, 1769
*
  1.1200000E+00, 1.3739239E+01, 0.0000000E+00, 2.0397883E-01
* ELEM  2309  line segment
 1, 223, 1770
*
  1.2967824E+00, 1.4120000E+01, 2.0397883E-01, 0.0000000E+00
* ELEM  2310  line segment
 1, 225, 228
*
  2.2457980E+00, 1.3667082E+01, 1.7420204E-01, 7.2156848E-02
* ELEM  2311  line segment
 1, 550, 225
*
  2.4200000E+00, 1.3200761E+01, 0.0000000E+00, 5.3847763E-01
* ELEM  2312  line segment
 1, 554, 550
*
  2.5942020E+00, 1.3667082E+01, -1.7420204E-01, 7.2156848E-02
* ELEM  2313  circular arc
 3, 559, 550
*
  3.0700000E+00, 1.3470000E+01, 5.1500000E-01, 1.5750000E+02, 4.5000000E+01
* ELEM  2314  line segment
 1, 551, 552
*
  3.3392388E+00, 1.2820000E+01, 3.8076118E-01, 3.8076118E-01
* ELEM  2315  line segment
 1, 551, 529
*
  3.7200000E+00, 1.3200761E+01, 0.0000000E+00, -3.8076118E-01
* ELEM  2316  circular arc
 3, 559, 552
*
  3.0700000E+00, 1.3470000E+01, 5.1500000E-01, 2.9250000E+02, 4.5000000E+01
* ELEM  2317  line segment
 1, 552, 555
*
  3.5457980E+00, 1.3272918E+01, 1.7420204E-01, -7.2156848E-02
* ELEM  2318  circular arc
 3, 559, 555
*
  3.0700000E+00, 1.3470000E+01, 5.1500000E-01, 0.0000000E+00, 2.2500000E+01
* ELEM  2319  circular arc
 3, 559, 558
*
  3.0700000E+00, 1.3470000E+01, 5.1500000E-01, 2.2500000E+01, 4.5000000E+01
* ELEM  2320  circular arc
 3, 559, 556
*
  3.0700000E+00, 1.3470000E+01, 5.1500000E-01, 6.7500000E+01, 4.5000000E+01
* ELEM  2321  circular arc
 3, 559, 554
*
  3.0700000E+00, 1.3470000E+01, 5.1500000E-01, 1.1250000E+02, 4.5000000E+01
* ELEM  2322  circular arc
 3, 559, 555
*
  3.0700000E+00, 1.3470000E+01, 5.1500000E-01, 3.3750000E+02, 2.2500000E+01
* ELEM  2323  circle
 2, 560, 559
*
  3.0700000E+00, 1.3470000E+01, 4.4700000E-01, 0.0000000E+00
* ELEM  2324  line segment
 1, 529, 531
*
  3.7200000E+00, 1.3200761E+01, 3.8076118E-01, -3.8076118E-01
* ELEM  2325  line segment
 1, 532, 531
*
  3.8942020E+00, 1.3272918E+01, -1.7420204E-01, -7.2156848E-02
* ELEM  2326  circular arc
 3, 541, 531
*
  4.3700000E+00, 1.3470000E+01, 5.1500000E-01, 2.0250000E+02, 4.5000000E+01
* ELEM  2327  line segment
 1, 531, 530
*
  4.1729180E+00, 1.2994202E+01, -7.2156848E-02, -1.7420204E-01
* ELEM  2328  circular arc
 3, 541, 530
*
  4.3700000E+00, 1.3470000E+01, 5.1500000E-01, 2.4750000E+02, 4.5000000E+01
* ELEM  2329  line segment
 1, 530, 534
*
  4.5670820E+00, 1.2994202E+01, 7.2156848E-02, -1.7420204E-01
* ELEM  2330  line segment
 1, 648, 530
*
  4.1007612E+00, 1.2820000E+01, 5.3847763E-01, 0.0000000E+00
* ELEM  2331  line segment
 1, 149, 152
*
  1.2645798E+01, 3.2670820E+00, 1.7420204E-01, 7.2156848E-02
* ELEM  2332  line segment
 1, 151, 152
*
  1.2820000E+01, 3.3392388E+00, -3.8076118E-01, 3.8076118E-01
* ELEM  2333  line segment
 1, 1325, 151
*
  1.2820000E+01, 3.7200000E+00, -3.8076118E-01, 0.0000000E+00
* ELEM  2334  line segment
 1, 1475, 151
*
  1.2820000E+01, 3.3392388E+00, 0.0000000E+00, 3.8076118E-01
* ELEM  2335  line segment
 1, 1325, 1326
*
  1.2439239E+01, 3.7200000E+00, 3.8076118E-01, 3.8076118E-01
* ELEM  2336  line segment
 1, 1325, 1303
*
  1.2820000E+01, 4.1007612E+00, 0.0000000E+00, -3.8076118E-01
* ELEM  2337  line segment
 1, 1326, 1329
*
  1.2645798E+01, 4.1729180E+00, 1.7420204E-01, -7.2156848E-02
* ELEM  2338  line segment
 1, 1469, 1471
*
  1.2820000E+01, 2.8007612E+00, 3.8076118E-01, -3.8076118E-01
* ELEM  2339  line segment
 1, 1469, 337
*
  1.3200761E+01, 2.4200000E+00, -3.8076118E-01, 0.0000000E+00
* ELEM  2340  line segment
 1, 1472, 149
*
  1.2820000E+01, 2.8007612E+00, 0.0000000E+00, 5.3847763E-01
* ELEM  2341  line segment
 1, 1472, 1471
*
  1.2994202E+01, 2.8729180E+00, -1.7420204E-01, -7.2156848E-02
* ELEM  2342  circular arc
 3, 1481, 1471
*
  1.3470000E+01, 3.0700000E+00, 5.1500000E-01, 2.0250000E+02, 4.5000000E+01
* ELEM  2343  line segment
 1, 1471, 1470
*
  1.3272918E+01, 2.5942020E+00, -7.2156848E-02, -1.7420204E-01
* ELEM  2344  line segment
 1, 1476, 1472
*
  1.2994202E+01, 3.2670820E+00, -1.7420204E-01, 7.2156848E-02
* ELEM  2345  circular arc
 3, 1481, 1472
*
  1.3470000E+01, 3.0700000E+00, 5.1500000E-01, 1.5750000E+02, 4.5000000E+01
* ELEM  2346  line segment
 1, 337, 338
*
  1.3200761E+01, 2.4200000E+00, -3.8076118E-01, -3.8076118E-01
* ELEM  2347  line segment
 1, 340, 338
*
  1.3272918E+01, 2.2457980E+00, -7.2156848E-02, 1.7420204E-01
* ELEM  2348  circular arc
 3, 343, 338
*
  1.3470000E+01, 1.7700000E+00, 5.1500000E-01, 1.1250000E+02, 4.5000000E+01
* ELEM  2349  line segment
 1, 1191, 1193
*
  1.2820000E+01, 5.4007612E+00, 3.8076118E-01, -3.8076118E-01
* ELEM  2350  line segment
 1, 1309, 1191
*
  1.2820000E+01, 5.0200000E+00, 3.8076118E-01, 0.0000000E+00
* ELEM  2351  line segment
 1, 121, 124
*
  1.2645798E+01, 5.8670820E+00, 1.7420204E-01, 7.2156848E-02
* ELEM  2352  line segment
 1, 1194, 121
*
  1.2820000E+01, 5.4007612E+00, 0.0000000E+00, 5.3847763E-01
* ELEM  2353  line segment
 1, 1194, 1193
*
  1.2994202E+01, 5.4729180E+00, -1.7420204E-01, -7.2156848E-02
* ELEM  2354  circular arc
 3, 1203, 1193
*
  1.3470000E+01, 5.6700000E+00, 5.1500000E-01, 2.0250000E+02, 4.5000000E+01
* ELEM  2355  line segment
 1, 1193, 1192
*
  1.3272918E+01, 5.1942020E+00, -7.2156848E-02, -1.7420204E-01
* ELEM  2356  line segment
 1, 1198, 1194
*
  1.2994202E+01, 5.8670820E+00, -1.7420204E-01, 7.2156848E-02
* ELEM  2357  circular arc
 3, 1203, 1194
*
  1.3470000E+01, 5.6700000E+00, 5.1500000E-01, 1.5750000E+02, 4.5000000E+01
* ELEM  2358  line segment
 1, 1309, 1310
*
  1.3200761E+01, 5.0200000E+00, -3.8076118E-01, -3.8076118E-01
* ELEM  2359  line segment
 1, 1329, 1306
*
  1.2820000E+01, 4.6392388E+00, 0.0000000E+00, -5.3847763E-01
* ELEM  2360  line segment
 1, 1310, 1306
*
  1.2994202E+01, 4.5670820E+00, -1.7420204E-01, 7.2156848E-02
* ELEM  2361  circular arc
 3, 1315, 1306
*
  1.3470000E+01, 4.3700000E+00, 5.1500000E-01, 1.5750000E+02, 4.5000000E+01
* ELEM  2362  line segment
 1, 1306, 1305
*
  1.2994202E+01, 4.1729180E+00, -1.7420204E-01, -7.2156848E-02
* ELEM  2363  line segment
 1, 1312, 1310
*
  1.3272918E+01, 4.8457980E+00, -7.2156848E-02, 1.7420204E-01
* ELEM  2364  circular arc
 3, 1315, 1310
*
  1.3470000E+01, 4.3700000E+00, 5.1500000E-01, 1.1250000E+02, 4.5000000E+01
* ELEM  2365  line segment
 1, 123, 124
*
  1.2820000E+01, 5.9392388E+00, -3.8076118E-01, 3.8076118E-01
* ELEM  2366  line segment
 1, 1083, 123
*
  1.2820000E+01, 6.3200000E+00, -3.8076118E-01, 0.0000000E+00
* ELEM  2367  line segment
 1, 1197, 123
*
  1.2820000E+01, 5.9392388E+00, 0.0000000E+00, 3.8076118E-01
* ELEM  2368  line segment
 1, 1083, 1084
*
  1.2439239E+01, 6.3200000E+00, 3.8076118E-01, 3.8076118E-01
* ELEM  2369  line segment
 1, 1083, 1061
*
  1.2820000E+01, 6.7007612E+00, 0.0000000E+00, -3.8076118E-01
* ELEM  2370  line segment
 1, 1084, 1087
*
  1.2645798E+01, 6.7729180E+00, 1.7420204E-01, -7.2156848E-02
* ELEM  2371  line segment
 1, 971, 973
*
  1.2820000E+01, 8.0007612E+00, 3.8076118E-01, -3.8076118E-01
* ELEM  2372  line segment
 1, 1067, 971
*
  1.2820000E+01, 7.6200000E+00, 3.8076118E-01, 0.0000000E+00
* ELEM  2373  line segment
 1, 974, 973
*
  1.2994202E+01, 8.0729180E+00, -1.7420204E-01, -7.2156848E-02
* ELEM  2374  circular arc
 3, 983, 973
*
  1.3470000E+01, 8.2700000E+00, 5.1500000E-01, 2.0250000E+02, 4.5000000E+01
* ELEM  2375  line segment
 1, 973, 972
*
  1.3272918E+01, 7.7942020E+00, -7.2156848E-02, -1.7420204E-01
* ELEM  2376  line segment
 1, 997, 974
*
  1.2820000E+01, 8.5392388E+00, 0.0000000E+00, -5.3847763E-01
* ELEM  2377  line segment
 1, 978, 974
*
  1.2994202E+01, 8.4670820E+00, -1.7420204E-01, 7.2156848E-02
* ELEM  2378  circular arc
 3, 983, 974
*
  1.3470000E+01, 8.2700000E+00, 5.1500000E-01, 1.5750000E+02, 4.5000000E+01
* ELEM  2379  line segment
 1, 997, 1000
*
  1.2645798E+01, 8.4670820E+00, 1.7420204E-01, 7.2156848E-02
* ELEM  2380  line segment
 1, 1067, 1068
*
  1.3200761E+01, 7.6200000E+00, -3.8076118E-01, -3.8076118E-01
* ELEM  2381  line segment
 1, 1087, 1064
*
  1.2820000E+01, 7.2392388E+00, 0.0000000E+00, -5.3847763E-01
* ELEM  2382  line segment
 1, 1068, 1064
*
  1.2994202E+01, 7.1670820E+00, -1.7420204E-01, 7.2156848E-02
* ELEM  2383  circular arc
 3, 1073, 1064
*
  1.3470000E+01, 6.9700000E+00, 5.1500000E-01, 1.5750000E+02, 4.5000000E+01
* ELEM  2384  line segment
 1, 1064, 1063
*
  1.2994202E+01, 6.7729180E+00, -1.7420204E-01, -7.2156848E-02
* ELEM  2385  line segment
 1, 1070, 1068
*
  1.3272918E+01, 7.4457980E+00, -7.2156848E-02, 1.7420204E-01
* ELEM  2386  circular arc
 3, 1073, 1068
*
  1.3470000E+01, 6.9700000E+00, 5.1500000E-01, 1.1250000E+02, 4.5000000E+01
* ELEM  2387  line segment
 1, 62, 65
*
  1.2645798E+01, 9.3729180E+00, 1.7420204E-01, -7.2156848E-02
* ELEM  2388  line segment
 1, 61, 62
*
  1.2439239E+01, 8.9200000E+00, 3.8076118E-01, 3.8076118E-01
* ELEM  2389  line segment
 1, 861, 61
*
  1.2820000E+01, 8.9200000E+00, 0.0000000E+00, 3.8076118E-01
* ELEM  2390  line segment
 1, 999, 61
*
  1.2439239E+01, 8.9200000E+00, 3.8076118E-01, 0.0000000E+00
* ELEM  2391  line segment
 1, 999, 1000
*
  1.2820000E+01, 8.5392388E+00, -3.8076118E-01, 3.8076118E-01
* ELEM  2392  line segment
 1, 999, 977
*
  1.2820000E+01, 8.9200000E+00, 0.0000000E+00, -3.8076118E-01
* ELEM  2393  line segment
 1, 694, 66
*
  1.2439239E+01, 1.0220000E+01, -5.3847763E-01, 0.0000000E+00
* ELEM  2394  line segment
 1, 68, 66
*
  1.2367082E+01, 1.0045798E+01, 7.2156848E-02, 1.7420204E-01
* ELEM  2395  circular arc
 3, 705, 694
*
  1.2170000E+01, 1.0870000E+01, 5.1500000E-01, 2.4750000E+02, 4.5000000E+01
* ELEM  2396  line segment
 1, 694, 698
*
  1.2367082E+01, 1.0394202E+01, 7.2156848E-02, -1.7420204E-01
* ELEM  2397  line segment
 1, 23, 26
*
  1.0045798E+01, 1.2367082E+01, 1.7420204E-01, 7.2156848E-02
* ELEM  2398  line segment
 1, 586, 23
*
  1.0220000E+01, 1.1900761E+01, 0.0000000E+00, 5.3847763E-01
* ELEM  2399  line segment
 1, 590, 586
*
  1.0394202E+01, 1.2367082E+01, -1.7420204E-01, 7.2156848E-02
* ELEM  2400  circular arc
 3, 595, 586
*
  1.0870000E+01, 1.2170000E+01, 5.1500000E-01, 1.5750000E+02, 4.5000000E+01
* ELEM  2401  circular arc
 3, 595, 591
*
  1.0870000E+01, 1.2170000E+01, 5.1500000E-01, 0.0000000E+00, 2.2500000E+01
* ELEM  2402  circular arc
 3, 595, 594
*
  1.0870000E+01, 1.2170000E+01, 5.1500000E-01, 2.2500000E+01, 4.5000000E+01
* ELEM  2403  circular arc
 3, 595, 592
*
  1.0870000E+01, 1.2170000E+01, 5.1500000E-01, 6.7500000E+01, 4.5000000E+01
* ELEM  2404  circular arc
 3, 595, 590
*
  1.0870000E+01, 1.2170000E+01, 5.1500000E-01, 1.1250000E+02, 4.5000000E+01
* ELEM  2405  circular arc
 3, 595, 588
*
  1.0870000E+01, 1.2170000E+01, 5.1500000E-01, 2.9250000E+02, 4.5000000E+01
* ELEM  2406  circular arc
 3, 595, 591
*
  1.0870000E+01, 1.2170000E+01, 5.1500000E-01, 3.3750000E+02, 2.2500000E+01
* ELEM  2407  circle
 2, 596, 595
*
  1.0870000E+01, 1.2170000E+01, 4.4700000E-01, 0.0000000E+00
* ELEM  2408  line segment
 1, 588, 591
*
  1.1345798E+01, 1.1972918E+01, 1.7420204E-01, -7.2156848E-02
* ELEM  2409  line segment
 1, 587, 588
*
  1.1139239E+01, 1.1520000E+01, 3.8076118E-01, 3.8076118E-01
* ELEM  2410  line segment
 1, 587, 1
*
  1.1520000E+01, 1.1900761E+01, 0.0000000E+00, -3.8076118E-01
* ELEM  2411  line segment
 1, 723, 587
*
  1.1139239E+01, 1.1520000E+01, 3.8076118E-01, 0.0000000E+00
* ELEM  2412  line segment
 1, 723, 724
*
  1.1520000E+01, 1.1139239E+01, -3.8076118E-01, 3.8076118E-01
* ELEM  2413  line segment
 1, 723, 699
*
  1.1520000E+01, 1.1520000E+01, 0.0000000E+00, -3.8076118E-01
* ELEM  2414  circular arc
 3, 705, 701
*
  1.2170000E+01, 1.0870000E+01, 5.1500000E-01, 0.0000000E+00, 2.2500000E+01
* ELEM  2415  circular arc
 3, 705, 704
*
  1.2170000E+01, 1.0870000E+01, 5.1500000E-01, 2.2500000E+01, 4.5000000E+01
* ELEM  2416  circular arc
 3, 705, 702
*
  1.2170000E+01, 1.0870000E+01, 5.1500000E-01, 6.7500000E+01, 4.5000000E+01
* ELEM  2417  circular arc
 3, 705, 700
*
  1.2170000E+01, 1.0870000E+01, 5.1500000E-01, 1.1250000E+02, 4.5000000E+01
* ELEM  2418  circular arc
 3, 705, 698
*
  1.2170000E+01, 1.0870000E+01, 5.1500000E-01, 2.9250000E+02, 4.5000000E+01
* ELEM  2419  circular arc
 3, 705, 701
*
  1.2170000E+01, 1.0870000E+01, 5.1500000E-01, 3.3750000E+02, 2.2500000E+01
* ELEM  2420  circle
 2, 706, 705
*
  1.2170000E+01, 1.0870000E+01, 4.4700000E-01, 0.0000000E+00
* ELEM  2421  line segment
 1, 699, 700
*
  1.1900761E+01, 1.1520000E+01, -3.8076118E-01, -3.8076118E-01
* ELEM  2422  line segment
 1, 702, 700
*
  1.1972918E+01, 1.1345798E+01, -7.2156848E-02, 1.7420204E-01
* ELEM  2423  line segment
 1, 699, 1
*
  1.1520000E+01, 1.1520000E+01, 3.8076118E-01, 0.0000000E+00
* ELEM  2424  line segment
 1, 497, 498
*
  7.2392388E+00, 1.2820000E+01, 3.8076118E-01, 3.8076118E-01
* ELEM  2425  line segment
 1, 497, 475
*
  7.6200000E+00, 1.3200761E+01, 0.0000000E+00, -3.8076118E-01
* ELEM  2426  line segment
 1, 475, 477
*
  7.6200000E+00, 1.3200761E+01, 3.8076118E-01, -3.8076118E-01
* ELEM  2427  line segment
 1, 478, 477
*
  7.7942020E+00, 1.3272918E+01, -1.7420204E-01, -7.2156848E-02
* ELEM  2428  circular arc
 3, 487, 477
*
  8.2700000E+00, 1.3470000E+01, 5.1500000E-01, 2.0250000E+02, 4.5000000E+01
* ELEM  2429  line segment
 1, 477, 476
*
  8.0729180E+00, 1.2994202E+01, -7.2156848E-02, -1.7420204E-01
* ELEM  2430  circular arc
 3, 487, 476
*
  8.2700000E+00, 1.3470000E+01, 5.1500000E-01, 2.4750000E+02, 4.5000000E+01
* ELEM  2431  line segment
 1, 476, 480
*
  8.4670820E+00, 1.2994202E+01, 7.2156848E-02, -1.7420204E-01
* ELEM  2432  line segment
 1, 612, 476
*
  8.0007612E+00, 1.2820000E+01, 5.3847763E-01, 0.0000000E+00
* ELEM  2433  line segment
 1, 614, 612
*
  8.4670820E+00, 1.2645798E+01, 7.2156848E-02, 1.7420204E-01
* ELEM  2434  line segment
 1, 495, 494
*
  6.7729180E+00, 1.2994202E+01, -7.2156848E-02, -1.7420204E-01
* ELEM  2435  circular arc
 3, 505, 494
*
  6.9700000E+00, 1.3470000E+01, 5.1500000E-01, 2.4750000E+02, 4.5000000E+01
* ELEM  2436  line segment
 1, 494, 498
*
  7.1670820E+00, 1.2994202E+01, 7.2156848E-02, -1.7420204E-01
* ELEM  2437  line segment
 1, 630, 494
*
  6.7007612E+00, 1.2820000E+01, 5.3847763E-01, 0.0000000E+00
* ELEM  2438  line segment
 1, 630, 628
*
  6.7729180E+00, 1.2645798E+01, -7.2156848E-02, 1.7420204E-01
* ELEM  2439  circular arc
 3, 505, 498
*
  6.9700000E+00, 1.3470000E+01, 5.1500000E-01, 2.9250000E+02, 4.5000000E+01
* ELEM  2440  line segment
 1, 498, 501
*
  7.4457980E+00, 1.3272918E+01, 1.7420204E-01, -7.2156848E-02
* ELEM  2441  line segment
 1, 21, 22
*
  9.3007612E+00, 1.2820000E+01, -3.8076118E-01, -3.8076118E-01
* ELEM  2442  line segment
 1, 24, 22
*
  9.3729180E+00, 1.2645798E+01, -7.2156848E-02, 1.7420204E-01
* ELEM  2443  line segment
 1, 613, 614
*
  8.9200000E+00, 1.2439239E+01, -3.8076118E-01, 3.8076118E-01
* ELEM  2444  line segment
 1, 613, 479
*
  8.5392388E+00, 1.2820000E+01, 3.8076118E-01, 0.0000000E+00
* ELEM  2445  line segment
 1, 613, 21
*
  8.9200000E+00, 1.2820000E+01, 0.0000000E+00, -3.8076118E-01
* ELEM  2446  line segment
 1, 457, 21
*
  9.3007612E+00, 1.2820000E+01, -3.8076118E-01, 0.0000000E+00
* ELEM  2447  line segment
 1, 40, 38
*
  5.8670820E+00, 1.2645798E+01, 7.2156848E-02, 1.7420204E-01
* ELEM  2448  line segment
 1, 39, 40
*
  6.3200000E+00, 1.2439239E+01, -3.8076118E-01, 3.8076118E-01
* ELEM  2449  line segment
 1, 515, 39
*
  6.3200000E+00, 1.2820000E+01, -3.8076118E-01, 0.0000000E+00
* ELEM  2450  line segment
 1, 627, 39
*
  6.3200000E+00, 1.2439239E+01, 0.0000000E+00, 3.8076118E-01
* ELEM  2451  line segment
 1, 627, 628
*
  6.7007612E+00, 1.2820000E+01, -3.8076118E-01, -3.8076118E-01
* ELEM  2452  line segment
 1, 627, 493
*
  6.3200000E+00, 1.2820000E+01, 3.8076118E-01, 0.0000000E+00
* ELEM  2453  line segment
 1, 533, 511
*
  5.0200000E+00, 1.3200761E+01, 0.0000000E+00, -3.8076118E-01
* ELEM  2454  line segment
 1, 511, 513
*
  5.0200000E+00, 1.3200761E+01, 3.8076118E-01, -3.8076118E-01
* ELEM  2455  line segment
 1, 533, 534
*
  4.6392388E+00, 1.2820000E+01, 3.8076118E-01, 3.8076118E-01
* ELEM  2456  line segment
 1, 512, 38
*
  5.9392388E+00, 1.2820000E+01, -5.3847763E-01, 0.0000000E+00
* ELEM  2457  line segment
 1, 513, 512
*
  5.4729180E+00, 1.2994202E+01, -7.2156848E-02, -1.7420204E-01
* ELEM  2458  circular arc
 3, 523, 512
*
  5.6700000E+00, 1.3470000E+01, 5.1500000E-01, 2.4750000E+02, 4.5000000E+01
* ELEM  2459  line segment
 1, 512, 516
*
  5.8670820E+00, 1.2994202E+01, 7.2156848E-02, -1.7420204E-01
* ELEM  2460  line segment
 1, 514, 513
*
  5.1942020E+00, 1.3272918E+01, -1.7420204E-01, -7.2156848E-02
* ELEM  2461  circular arc
 3, 523, 513
*
  5.6700000E+00, 1.3470000E+01, 5.1500000E-01, 2.0250000E+02, 4.5000000E+01
* ELEM  2462  circular arc
 3, 541, 534
*
  4.3700000E+00, 1.3470000E+01, 5.1500000E-01, 2.9250000E+02, 4.5000000E+01
* ELEM  2463  line segment
 1, 534, 537
*
  4.8457980E+00, 1.3272918E+01, 1.7420204E-01, -7.2156848E-02
* ELEM  2464  circular arc
 3, 343, 332
*
  1.3470000E+01, 1.7700000E+00, 5.1500000E-01, 2.4750000E+02, 4.5000000E+01
* ELEM  2465  line segment
 1, 332, 336
*
  1.3667082E+01, 1.2942020E+00, 7.2156848E-02, -1.7420204E-01
* ELEM  2466  line segment
 1, 1771, 332
*
  1.3200761E+01, 1.1200000E+00, 5.3847763E-01, 0.0000000E+00
* ELEM  2467  circular arc
 3, 343, 339
*
  1.3470000E+01, 1.7700000E+00, 5.1500000E-01, 0.0000000E+00, 2.2500000E+01
* ELEM  2468  circular arc
 3, 343, 342
*
  1.3470000E+01, 1.7700000E+00, 5.1500000E-01, 2.2500000E+01, 4.5000000E+01
* ELEM  2469  circular arc
 3, 343, 340
*
  1.3470000E+01, 1.7700000E+00, 5.1500000E-01, 6.7500000E+01, 4.5000000E+01
* ELEM  2470  circular arc
 3, 343, 336
*
  1.3470000E+01, 1.7700000E+00, 5.1500000E-01, 2.9250000E+02, 4.5000000E+01
* ELEM  2471  circular arc
 3, 343, 339
*
  1.3470000E+01, 1.7700000E+00, 5.1500000E-01, 3.3750000E+02, 2.2500000E+01
* ELEM  2472  circle
 2, 344, 343
*
  1.3470000E+01, 1.7700000E+00, 4.4700000E-01, 0.0000000E+00
* ELEM  2473  line segment
 1, 1770, 226
*
  2.0392388E+00, 1.4120000E+01, -5.3847763E-01, 0.0000000E+00
* ELEM  2474  line segment
 1, 228, 226
*
  1.9670820E+00, 1.3945798E+01, 7.2156848E-02, 1.7420204E-01
* ELEM  2475  line segment
 1, 227, 1770
*
  2.0392388E+00, 1.4120000E+01, 3.8076118E-01, 0.0000000E+00
* ELEM  2476  line segment
 1, 553, 227
*
  2.4200000E+00, 1.3739239E+01, 0.0000000E+00, 3.8076118E-01
* ELEM  2477  line segment
 1, 227, 228
*
  2.4200000E+00, 1.3739239E+01, -3.8076118E-01, 3.8076118E-01
* ELEM  2478  line segment
 1, 553, 554
*
  2.8007612E+00, 1.4120000E+01, -3.8076118E-01, -3.8076118E-01
* ELEM  2479  line segment
 1, 556, 554
*
  2.8729180E+00, 1.3945798E+01, -7.2156848E-02, 1.7420204E-01
* ELEM  2480  line segment
 1, 553, 1724
*
  2.4200000E+00, 1.4120000E+01, 3.8076118E-01, 0.0000000E+00
* ELEM  2481  line segment
 1, 555, 532
*
  3.7200000E+00, 1.3739239E+01, 0.0000000E+00, -5.3847763E-01
* ELEM  2482  line segment
 1, 536, 532
*
  3.8942020E+00, 1.3667082E+01, -1.7420204E-01, 7.2156848E-02
* ELEM  2483  circular arc
 3, 541, 532
*
  4.3700000E+00, 1.3470000E+01, 5.1500000E-01, 1.5750000E+02, 4.5000000E+01
* ELEM  2484  line segment
 1, 555, 558
*
  3.5457980E+00, 1.3667082E+01, 1.7420204E-01, 7.2156848E-02
* ELEM  2485  circular arc
 3, 541, 537
*
  4.3700000E+00, 1.3470000E+01, 5.1500000E-01, 0.0000000E+00, 2.2500000E+01
* ELEM  2486  circular arc
 3, 541, 540
*
  4.3700000E+00, 1.3470000E+01, 5.1500000E-01, 2.2500000E+01, 4.5000000E+01
* ELEM  2487  circular arc
 3, 541, 538
*
  4.3700000E+00, 1.3470000E+01, 5.1500000E-01, 6.7500000E+01, 4.5000000E+01
* ELEM  2488  circular arc
 3, 541, 536
*
  4.3700000E+00, 1.3470000E+01, 5.1500000E-01, 1.1250000E+02, 4.5000000E+01
* ELEM  2489  circular arc
 3, 541, 537
*
  4.3700000E+00, 1.3470000E+01, 5.1500000E-01, 3.3750000E+02, 2.2500000E+01
* ELEM  2490  circle
 2, 542, 541
*
  4.3700000E+00, 1.3470000E+01, 4.4700000E-01, 0.0000000E+00
* ELEM  2491  line segment
 1, 1475, 1476
*
  1.3200761E+01, 3.7200000E+00, -3.8076118E-01, -3.8076118E-01
* ELEM  2492  line segment
 1, 1478, 1476
*
  1.3272918E+01, 3.5457980E+00, -7.2156848E-02, 1.7420204E-01
* ELEM  2493  circular arc
 3, 1481, 1476
*
  1.3470000E+01, 3.0700000E+00, 5.1500000E-01, 1.1250000E+02, 4.5000000E+01
* ELEM  2494  line segment
 1, 1475, 1303
*
  1.2820000E+01, 3.7200000E+00, 3.8076118E-01, 0.0000000E+00
* ELEM  2495  line segment
 1, 1303, 1305
*
  1.2820000E+01, 4.1007612E+00, 3.8076118E-01, -3.8076118E-01
* ELEM  2496  circular arc
 3, 1315, 1305
*
  1.3470000E+01, 4.3700000E+00, 5.1500000E-01, 2.0250000E+02, 4.5000000E+01
* ELEM  2497  line segment
 1, 1305, 1304
*
  1.3272918E+01, 3.8942020E+00, -7.2156848E-02, -1.7420204E-01
* ELEM  2498  line segment
 1, 1470, 340
*
  1.3739239E+01, 2.4200000E+00, -5.3847763E-01, 0.0000000E+00
* ELEM  2499  line segment
 1, 342, 340
*
  1.3667082E+01, 2.2457980E+00, 7.2156848E-02, 1.7420204E-01
* ELEM  2500  circular arc
 3, 1481, 1470
*
  1.3470000E+01, 3.0700000E+00, 5.1500000E-01, 2.4750000E+02, 4.5000000E+01
* ELEM  2501  line segment
 1, 1470, 1474
*
  1.3667082E+01, 2.5942020E+00, 7.2156848E-02, -1.7420204E-01
* ELEM  2502  circular arc
 3, 1481, 1477
*
  1.3470000E+01, 3.0700000E+00, 5.1500000E-01, 0.0000000E+00, 2.2500000E+01
* ELEM  2503  circular arc
 3, 1481, 1480
*
  1.3470000E+01, 3.0700000E+00, 5.1500000E-01, 2.2500000E+01, 4.5000000E+01
* ELEM  2504  circular arc
 3, 1481, 1478
*
  1.3470000E+01, 3.0700000E+00, 5.1500000E-01, 6.7500000E+01, 4.5000000E+01
* ELEM  2505  circular arc
 3, 1481, 1474
*
  1.3470000E+01, 3.0700000E+00, 5.1500000E-01, 2.9250000E+02, 4.5000000E+01
* ELEM  2506  circular arc
 3, 1481, 1477
*
  1.3470000E+01, 3.0700000E+00, 5.1500000E-01, 3.3750000E+02, 2.2500000E+01
* ELEM  2507  circle
 2, 1482, 1481
*
  1.3470000E+01, 3.0700000E+00, 4.4700000E-01, 0.0000000E+00
* ELEM  2508  line segment
 1, 1197, 1198
*
  1.3200761E+01, 6.3200000E+00, -3.8076118E-01, -3.8076118E-01
* ELEM  2509  line segment
 1, 1200, 1198
*
  1.3272918E+01, 6.1457980E+00, -7.2156848E-02, 1.7420204E-01
* ELEM  2510  circular arc
 3, 1203, 1198
*
  1.3470000E+01, 5.6700000E+00, 5.1500000E-01, 1.1250000E+02, 4.5000000E+01
* ELEM  2511  line segment
 1, 1197, 1061
*
  1.2820000E+01, 6.3200000E+00, 3.8076118E-01, 0.0000000E+00
* ELEM  2512  circular arc
 3, 1203, 1192
*
  1.3470000E+01, 5.6700000E+00, 5.1500000E-01, 2.4750000E+02, 4.5000000E+01
* ELEM  2513  line segment
 1, 1192, 1196
*
  1.3667082E+01, 5.1942020E+00, 7.2156848E-02, -1.7420204E-01
* ELEM  2514  line segment
 1, 1312, 1192
*
  1.3200761E+01, 5.0200000E+00, 5.3847763E-01, 0.0000000E+00
* ELEM  2515  line segment
 1, 1314, 1312
*
  1.3667082E+01, 4.8457980E+00, 7.2156848E-02, 1.7420204E-01
* ELEM  2516  circular arc
 3, 1315, 1312
*
  1.3470000E+01, 4.3700000E+00, 5.1500000E-01, 6.7500000E+01, 4.5000000E+01
* ELEM  2517  circular arc
 3, 1203, 1199
*
  1.3470000E+01, 5.6700000E+00, 5.1500000E-01, 0.0000000E+00, 2.2500000E+01
* ELEM  2518  circular arc
 3, 1203, 1202
*
  1.3470000E+01, 5.6700000E+00, 5.1500000E-01, 2.2500000E+01, 4.5000000E+01
* ELEM  2519  circular arc
 3, 1203, 1200
*
  1.3470000E+01, 5.6700000E+00, 5.1500000E-01, 6.7500000E+01, 4.5000000E+01
* ELEM  2520  circular arc
 3, 1203, 1196
*
  1.3470000E+01, 5.6700000E+00, 5.1500000E-01, 2.9250000E+02, 4.5000000E+01
* ELEM  2521  circular arc
 3, 1203, 1199
*
  1.3470000E+01, 5.6700000E+00, 5.1500000E-01, 3.3750000E+02, 2.2500000E+01
* ELEM  2522  circle
 2, 1204, 1203
*
  1.3470000E+01, 5.6700000E+00, 4.4700000E-01, 0.0000000E+00
* ELEM  2523  circular arc
 3, 1315, 1311
*
  1.3470000E+01, 4.3700000E+00, 5.1500000E-01, 0.0000000E+00, 2.2500000E+01
* ELEM  2524  circular arc
 3, 1315, 1314
*
  1.3470000E+01, 4.3700000E+00, 5.1500000E-01, 2.2500000E+01, 4.5000000E+01
* ELEM  2525  circular arc
 3, 1315, 1304
*
  1.3470000E+01, 4.3700000E+00, 5.1500000E-01, 2.4750000E+02, 4.5000000E+01
* ELEM  2526  circular arc
 3, 1315, 1308
*
  1.3470000E+01, 4.3700000E+00, 5.1500000E-01, 2.9250000E+02, 4.5000000E+01
* ELEM  2527  circular arc
 3, 1315, 1311
*
  1.3470000E+01, 4.3700000E+00, 5.1500000E-01, 3.3750000E+02, 2.2500000E+01
* ELEM  2528  circle
 2, 1316, 1315
*
  1.3470000E+01, 4.3700000E+00, 4.4700000E-01, 0.0000000E+00
* ELEM  2529  line segment
 1, 1061, 1063
*
  1.2820000E+01, 6.7007612E+00, 3.8076118E-01, -3.8076118E-01
* ELEM  2530  circular arc
 3, 1073, 1063
*
  1.3470000E+01, 6.9700000E+00, 5.1500000E-01, 2.0250000E+02, 4.5000000E+01
* ELEM  2531  line segment
 1, 1063, 1062
*
  1.3272918E+01, 6.4942020E+00, -7.2156848E-02, -1.7420204E-01
* ELEM  2532  circular arc
 3, 983, 972
*
  1.3470000E+01, 8.2700000E+00, 5.1500000E-01, 2.4750000E+02, 4.5000000E+01
* ELEM  2533  line segment
 1, 972, 976
*
  1.3667082E+01, 7.7942020E+00, 7.2156848E-02, -1.7420204E-01
* ELEM  2534  line segment
 1, 1070, 972
*
  1.3200761E+01, 7.6200000E+00, 5.3847763E-01, 0.0000000E+00
* ELEM  2535  line segment
 1, 1072, 1070
*
  1.3667082E+01, 7.4457980E+00, 7.2156848E-02, 1.7420204E-01
* ELEM  2536  circular arc
 3, 1073, 1070
*
  1.3470000E+01, 6.9700000E+00, 5.1500000E-01, 6.7500000E+01, 4.5000000E+01
* ELEM  2537  circular arc
 3, 983, 979
*
  1.3470000E+01, 8.2700000E+00, 5.1500000E-01, 0.0000000E+00, 2.2500000E+01
* ELEM  2538  circular arc
 3, 983, 982
*
  1.3470000E+01, 8.2700000E+00, 5.1500000E-01, 2.2500000E+01, 4.5000000E+01
* ELEM  2539  circular arc
 3, 983, 980
*
  1.3470000E+01, 8.2700000E+00, 5.1500000E-01, 6.7500000E+01, 4.5000000E+01
* ELEM  2540  circular arc
 3, 983, 978
*
  1.3470000E+01, 8.2700000E+00, 5.1500000E-01, 1.1250000E+02, 4.5000000E+01
* ELEM  2541  circular arc
 3, 983, 976
*
  1.3470000E+01, 8.2700000E+00, 5.1500000E-01, 2.9250000E+02, 4.5000000E+01
* ELEM  2542  circular arc
 3, 983, 979
*
  1.3470000E+01, 8.2700000E+00, 5.1500000E-01, 3.3750000E+02, 2.2500000E+01
* ELEM  2543  circle
 2, 984, 983
*
  1.3470000E+01, 8.2700000E+00, 4.4700000E-01, 0.0000000E+00
* ELEM  2544  line segment
 1, 977, 978
*
  1.3200761E+01, 8.9200000E+00, -3.8076118E-01, -3.8076118E-01
* ELEM  2545  line segment
 1, 980, 978
*
  1.3272918E+01, 8.7457980E+00, -7.2156848E-02, 1.7420204E-01
* ELEM  2546  line segment
 1, 977, 861
*
  1.2820000E+01, 8.9200000E+00, 3.8076118E-01, 0.0000000E+00
* ELEM  2547  circular arc
 3, 1073, 1069
*
  1.3470000E+01, 6.9700000E+00, 5.1500000E-01, 0.0000000E+00, 2.2500000E+01
* ELEM  2548  circular arc
 3, 1073, 1072
*
  1.3470000E+01, 6.9700000E+00, 5.1500000E-01, 2.2500000E+01, 4.5000000E+01
* ELEM  2549  circular arc
 3, 1073, 1062
*
  1.3470000E+01, 6.9700000E+00, 5.1500000E-01, 2.4750000E+02, 4.5000000E+01
* ELEM  2550  circular arc
 3, 1073, 1066
*
  1.3470000E+01, 6.9700000E+00, 5.1500000E-01, 2.9250000E+02, 4.5000000E+01
* ELEM  2551  circular arc
 3, 1073, 1069
*
  1.3470000E+01, 6.9700000E+00, 5.1500000E-01, 3.3750000E+02, 2.2500000E+01
* ELEM  2552  circle
 2, 1074, 1073
*
  1.3470000E+01, 6.9700000E+00, 4.4700000E-01, 0.0000000E+00
* ELEM  2553  line segment
 1, 861, 863
*
  1.2820000E+01, 9.3007612E+00, 3.8076118E-01, -3.8076118E-01
* ELEM  2554  line segment
 1, 65, 68
*
  1.2645798E+01, 9.7670820E+00, 1.7420204E-01, 7.2156848E-02
* ELEM  2555  line segment
 1, 864, 65
*
  1.2820000E+01, 9.3007612E+00, 0.0000000E+00, 5.3847763E-01
* ELEM  2556  line segment
 1, 864, 863
*
  1.2994202E+01, 9.3729180E+00, -1.7420204E-01, -7.2156848E-02
* ELEM  2557  circular arc
 3, 873, 863
*
  1.3470000E+01, 9.5700000E+00, 5.1500000E-01, 2.0250000E+02, 4.5000000E+01
* ELEM  2558  line segment
 1, 863, 862
*
  1.3272918E+01, 9.0942020E+00, -7.2156848E-02, -1.7420204E-01
* ELEM  2559  line segment
 1, 868, 864
*
  1.2994202E+01, 9.7670820E+00, -1.7420204E-01, 7.2156848E-02
* ELEM  2560  circular arc
 3, 873, 864
*
  1.3470000E+01, 9.5700000E+00, 5.1500000E-01, 1.5750000E+02, 4.5000000E+01
* ELEM  2561  line segment
 1, 67, 68
*
  1.2820000E+01, 9.8392388E+00, -3.8076118E-01, 3.8076118E-01
* ELEM  2562  line segment
 1, 697, 67
*
  1.2820000E+01, 1.0220000E+01, -3.8076118E-01, 0.0000000E+00
* ELEM  2563  line segment
 1, 867, 67
*
  1.2820000E+01, 9.8392388E+00, 0.0000000E+00, 3.8076118E-01
* ELEM  2564  line segment
 1, 697, 698
*
  1.2439239E+01, 1.0220000E+01, 3.8076118E-01, 3.8076118E-01
* ELEM  2565  line segment
 1, 697, 675
*
  1.2820000E+01, 1.0600761E+01, 0.0000000E+00, -3.8076118E-01
* ELEM  2566  line segment
 1, 698, 701
*
  1.2645798E+01, 1.0672918E+01, 1.7420204E-01, -7.2156848E-02
* ELEM  2567  line segment
 1, 26, 24
*
  9.7670820E+00, 1.2645798E+01, 7.2156848E-02, 1.7420204E-01
* ELEM  2568  line segment
 1, 25, 26
*
  1.0220000E+01, 1.2439239E+01, -3.8076118E-01, 3.8076118E-01
* ELEM  2569  line segment
 1, 461, 25
*
  1.0220000E+01, 1.2820000E+01, -3.8076118E-01, 0.0000000E+00
* ELEM  2570  line segment
 1, 589, 25
*
  1.0220000E+01, 1.2439239E+01, 0.0000000E+00, 3.8076118E-01
* ELEM  2571  line segment
 1, 589, 590
*
  1.0600761E+01, 1.2820000E+01, -3.8076118E-01, -3.8076118E-01
* ELEM  2572  line segment
 1, 592, 590
*
  1.0672918E+01, 1.2645798E+01, -7.2156848E-02, 1.7420204E-01
* ELEM  2573  line segment
 1, 589, 439
*
  1.0220000E+01, 1.2820000E+01, 3.8076118E-01, 0.0000000E+00
* ELEM  2574  line segment
 1, 1, 3
*
  1.1520000E+01, 1.1900761E+01, 3.8076118E-01, -3.8076118E-01
* ELEM  2575  line segment
 1, 4, 3
*
  1.1694202E+01, 1.1972918E+01, -1.7420204E-01, -7.2156848E-02
* ELEM  2576  circular arc
 3, 13, 3
*
  1.2170000E+01, 1.2170000E+01, 5.1500000E-01, 2.0250000E+02, 4.5000000E+01
* ELEM  2577  line segment
 1, 3, 2
*
  1.1972918E+01, 1.1694202E+01, -7.2156848E-02, -1.7420204E-01
* ELEM  2578  line segment
 1, 591, 4
*
  1.1520000E+01, 1.2439239E+01, 0.0000000E+00, -5.3847763E-01
* ELEM  2579  line segment
 1, 8, 4
*
  1.1694202E+01, 1.2367082E+01, -1.7420204E-01, 7.2156848E-02
* ELEM  2580  circular arc
 3, 13, 4
*
  1.2170000E+01, 1.2170000E+01, 5.1500000E-01, 1.5750000E+02, 4.5000000E+01
* ELEM  2581  line segment
 1, 591, 594
*
  1.1345798E+01, 1.2367082E+01, 1.7420204E-01, 7.2156848E-02
* ELEM  2582  circular arc
 3, 13, 2
*
  1.2170000E+01, 1.2170000E+01, 5.1500000E-01, 2.4750000E+02, 4.5000000E+01
* ELEM  2583  line segment
 1, 2, 6
*
  1.2367082E+01, 1.1694202E+01, 7.2156848E-02, -1.7420204E-01
* ELEM  2584  line segment
 1, 702, 2
*
  1.1900761E+01, 1.1520000E+01, 5.3847763E-01, 0.0000000E+00
* ELEM  2585  line segment
 1, 704, 702
*
  1.2367082E+01, 1.1345798E+01, 7.2156848E-02, 1.7420204E-01
* ELEM  2586  line segment
 1, 501, 478
*
  7.6200000E+00, 1.3739239E+01, 0.0000000E+00, -5.3847763E-01
* ELEM  2587  line segment
 1, 482, 478
*
  7.7942020E+00, 1.3667082E+01, -1.7420204E-01, 7.2156848E-02
* ELEM  2588  circular arc
 3, 487, 478
*
  8.2700000E+00, 1.3470000E+01, 5.1500000E-01, 1.5750000E+02, 4.5000000E+01
* ELEM  2589  circular arc
 3, 505, 501
*
  6.9700000E+00, 1.3470000E+01, 5.1500000E-01, 3.3750000E+02, 2.2500000E+01
* ELEM  2590  circular arc
 3, 505, 501
*
  6.9700000E+00, 1.3470000E+01, 5.1500000E-01, 0.0000000E+00, 2.2500000E+01
* ELEM  2591  line segment
 1, 501, 504
*
  7.4457980E+00, 1.3667082E+01, 1.7420204E-01, 7.2156848E-02
* ELEM  2592  circular arc
 3, 487, 483
*
  8.2700000E+00, 1.3470000E+01, 5.1500000E-01, 0.0000000E+00, 2.2500000E+01
* ELEM  2593  circular arc
 3, 487, 486
*
  8.2700000E+00, 1.3470000E+01, 5.1500000E-01, 2.2500000E+01, 4.5000000E+01
* ELEM  2594  circular arc
 3, 487, 484
*
  8.2700000E+00, 1.3470000E+01, 5.1500000E-01, 6.7500000E+01, 4.5000000E+01
* ELEM  2595  circular arc
 3, 487, 482
*
  8.2700000E+00, 1.3470000E+01, 5.1500000E-01, 1.1250000E+02, 4.5000000E+01
* ELEM  2596  circular arc
 3, 487, 480
*
  8.2700000E+00, 1.3470000E+01, 5.1500000E-01, 2.9250000E+02, 4.5000000E+01
* ELEM  2597  circular arc
 3, 487, 483
*
  8.2700000E+00, 1.3470000E+01, 5.1500000E-01, 3.3750000E+02, 2.2500000E+01
* ELEM  2598  circle
 2, 488, 487
*
  8.2700000E+00, 1.3470000E+01, 4.4700000E-01, 0.0000000E+00
* ELEM  2599  line segment
 1, 480, 483
*
  8.7457980E+00, 1.3272918E+01, 1.7420204E-01, -7.2156848E-02
* ELEM  2600  line segment
 1, 479, 480
*
  8.5392388E+00, 1.2820000E+01, 3.8076118E-01, 3.8076118E-01
* ELEM  2601  line segment
 1, 479, 457
*
  8.9200000E+00, 1.3200761E+01, 0.0000000E+00, -3.8076118E-01
* ELEM  2602  circular arc
 3, 505, 504
*
  6.9700000E+00, 1.3470000E+01, 5.1500000E-01, 2.2500000E+01, 4.5000000E+01
* ELEM  2603  circular arc
 3, 505, 502
*
  6.9700000E+00, 1.3470000E+01, 5.1500000E-01, 6.7500000E+01, 4.5000000E+01
* ELEM  2604  circular arc
 3, 505, 500
*
  6.9700000E+00, 1.3470000E+01, 5.1500000E-01, 1.1250000E+02, 4.5000000E+01
* ELEM  2605  circular arc
 3, 505, 496
*
  6.9700000E+00, 1.3470000E+01, 5.1500000E-01, 1.5750000E+02, 4.5000000E+01
* ELEM  2606  circular arc
 3, 505, 495
*
  6.9700000E+00, 1.3470000E+01, 5.1500000E-01, 2.0250000E+02, 4.5000000E+01
* ELEM  2607  circle
 2, 506, 505
*
  6.9700000E+00, 1.3470000E+01, 4.4700000E-01, 0.0000000E+00
* ELEM  2608  line segment
 1, 515, 493
*
  6.3200000E+00, 1.3200761E+01, 0.0000000E+00, -3.8076118E-01
* ELEM  2609  line segment
 1, 493, 495
*
  6.3200000E+00, 1.3200761E+01, 3.8076118E-01, -3.8076118E-01
* ELEM  2610  line segment
 1, 496, 495
*
  6.4942020E+00, 1.3272918E+01, -1.7420204E-01, -7.2156848E-02
* ELEM  2611  line segment
 1, 457, 459
*
  8.9200000E+00, 1.3200761E+01, 3.8076118E-01, -3.8076118E-01
* ELEM  2612  line segment
 1, 458, 24
*
  9.8392388E+00, 1.2820000E+01, -5.3847763E-01, 0.0000000E+00
* ELEM  2613  line segment
 1, 459, 458
*
  9.3729180E+00, 1.2994202E+01, -7.2156848E-02, -1.7420204E-01
* ELEM  2614  circular arc
 3, 469, 458
*
  9.5700000E+00, 1.3470000E+01, 5.1500000E-01, 2.4750000E+02, 4.5000000E+01
* ELEM  2615  line segment
 1, 458, 462
*
  9.7670820E+00, 1.2994202E+01, 7.2156848E-02, -1.7420204E-01
* ELEM  2616  line segment
 1, 460, 459
*
  9.0942020E+00, 1.3272918E+01, -1.7420204E-01, -7.2156848E-02
* ELEM  2617  circular arc
 3, 469, 459
*
  9.5700000E+00, 1.3470000E+01, 5.1500000E-01, 2.0250000E+02, 4.5000000E+01
* ELEM  2618  line segment
 1, 515, 516
*
  5.9392388E+00, 1.2820000E+01, 3.8076118E-01, 3.8076118E-01
* ELEM  2619  circular arc
 3, 523, 516
*
  5.6700000E+00, 1.3470000E+01, 5.1500000E-01, 2.9250000E+02, 4.5000000E+01
* ELEM  2620  line segment
 1, 516, 519
*
  6.1457980E+00, 1.3272918E+01, 1.7420204E-01, -7.2156848E-02
* ELEM  2621  line segment
 1, 537, 514
*
  5.0200000E+00, 1.3739239E+01, 0.0000000E+00, -5.3847763E-01
* ELEM  2622  line segment
 1, 518, 514
*
  5.1942020E+00, 1.3667082E+01, -1.7420204E-01, 7.2156848E-02
* ELEM  2623  circular arc
 3, 523, 514
*
  5.6700000E+00, 1.3470000E+01, 5.1500000E-01, 1.5750000E+02, 4.5000000E+01
* ELEM  2624  line segment
 1, 537, 540
*
  4.8457980E+00, 1.3667082E+01, 1.7420204E-01, 7.2156848E-02
* ELEM  2625  circular arc
 3, 523, 519
*
  5.6700000E+00, 1.3470000E+01, 5.1500000E-01, 0.0000000E+00, 2.2500000E+01
* ELEM  2626  circular arc
 3, 523, 522
*
  5.6700000E+00, 1.3470000E+01, 5.1500000E-01, 2.2500000E+01, 4.5000000E+01
* ELEM  2627  circular arc
 3, 523, 520
*
  5.6700000E+00, 1.3470000E+01, 5.1500000E-01, 6.7500000E+01, 4.5000000E+01
* ELEM  2628  circular arc
 3, 523, 518
*
  5.6700000E+00, 1.3470000E+01, 5.1500000E-01, 1.1250000E+02, 4.5000000E+01
* ELEM  2629  circular arc
 3, 523, 519
*
  5.6700000E+00, 1.3470000E+01, 5.1500000E-01, 3.3750000E+02, 2.2500000E+01
* ELEM  2630  circle
 2, 524, 523
*
  5.6700000E+00, 1.3470000E+01, 4.4700000E-01, 0.0000000E+00
* ELEM  2631  line segment
 1, 335, 336
*
  1.3739239E+01, 1.1200000E+00, 3.8076118E-01, 3.8076118E-01
* ELEM  2632  line segment
 1, 335, 1772
*
  1.4120000E+01, 1.5007612E+00, 0.0000000E+00, -2.0397883E-01
* ELEM  2633  line segment
 1, 335, 1771
*
  1.3943218E+01, 1.1200000E+00, -2.0397883E-01, 0.0000000E+00
* ELEM  2634  line segment
 1, 336, 339
*
  1.3945798E+01, 1.5729180E+00, 1.7420204E-01, -7.2156848E-02
* ELEM  2635  line segment
 1, 1724, 556
*
  3.3392388E+00, 1.4120000E+01, -5.3847763E-01, 0.0000000E+00
* ELEM  2636  line segment
 1, 558, 556
*
  3.2670820E+00, 1.3945798E+01, 7.2156848E-02, 1.7420204E-01
* ELEM  2637  line segment
 1, 535, 536
*
  4.1007612E+00, 1.4120000E+01, -3.8076118E-01, -3.8076118E-01
* ELEM  2638  line segment
 1, 538, 536
*
  4.1729180E+00, 1.3945798E+01, -7.2156848E-02, 1.7420204E-01
* ELEM  2639  line segment
 1, 535, 1714
*
  3.7200000E+00, 1.4120000E+01, 3.8076118E-01, 0.0000000E+00
* ELEM  2640  line segment
 1, 557, 535
*
  3.7200000E+00, 1.4120000E+01, 0.0000000E+00, -3.8076118E-01
* ELEM  2641  line segment
 1, 557, 1724
*
  3.3392388E+00, 1.4120000E+01, 3.8076118E-01, 0.0000000E+00
* ELEM  2642  line segment
 1, 557, 558
*
  3.7200000E+00, 1.3739239E+01, -3.8076118E-01, 3.8076118E-01
* ELEM  2643  line segment
 1, 1304, 1308
*
  1.3667082E+01, 3.8942020E+00, 7.2156848E-02, -1.7420204E-01
* ELEM  2644  line segment
 1, 1478, 1304
*
  1.3200761E+01, 3.7200000E+00, 5.3847763E-01, 0.0000000E+00
* ELEM  2645  line segment
 1, 1480, 1478
*
  1.3667082E+01, 3.5457980E+00, 7.2156848E-02, 1.7420204E-01
* ELEM  2646  line segment
 1, 339, 342
*
  1.3945798E+01, 1.9670820E+00, 1.7420204E-01, 7.2156848E-02
* ELEM  2647  line segment
 1, 341, 342
*
  1.4120000E+01, 2.0392388E+00, -3.8076118E-01, 3.8076118E-01
* ELEM  2648  line segment
 1, 1473, 341
*
  1.4120000E+01, 2.4200000E+00, -3.8076118E-01, 0.0000000E+00
* ELEM  2649  line segment
 1, 341, 1772
*
  1.4120000E+01, 2.4200000E+00, 0.0000000E+00, -3.8076118E-01
* ELEM  2650  line segment
 1, 1473, 1474
*
  1.3739239E+01, 2.4200000E+00, 3.8076118E-01, 3.8076118E-01
* ELEM  2651  line segment
 1, 1473, 1721
*
  1.4120000E+01, 2.8007612E+00, 0.0000000E+00, -3.8076118E-01
* ELEM  2652  line segment
 1, 1474, 1477
*
  1.3945798E+01, 2.8729180E+00, 1.7420204E-01, -7.2156848E-02
* ELEM  2653  line segment
 1, 1062, 1066
*
  1.3667082E+01, 6.4942020E+00, 7.2156848E-02, -1.7420204E-01
* ELEM  2654  line segment
 1, 1200, 1062
*
  1.3200761E+01, 6.3200000E+00, 5.3847763E-01, 0.0000000E+00
* ELEM  2655  line segment
 1, 1202, 1200
*
  1.3667082E+01, 6.1457980E+00, 7.2156848E-02, 1.7420204E-01
* ELEM  2656  line segment
 1, 1313, 1195
*
  1.3739239E+01, 5.0200000E+00, 3.8076118E-01, 0.0000000E+00
* ELEM  2657  line segment
 1, 1195, 1196
*
  1.3739239E+01, 5.0200000E+00, 3.8076118E-01, 3.8076118E-01
* ELEM  2658  line segment
 1, 1195, 1722
*
  1.4120000E+01, 5.4007612E+00, 0.0000000E+00, -3.8076118E-01
* ELEM  2659  line segment
 1, 1196, 1199
*
  1.3945798E+01, 5.4729180E+00, 1.7420204E-01, -7.2156848E-02
* ELEM  2660  line segment
 1, 1311, 1314
*
  1.3945798E+01, 4.5670820E+00, 1.7420204E-01, 7.2156848E-02
* ELEM  2661  line segment
 1, 1313, 1314
*
  1.4120000E+01, 4.6392388E+00, -3.8076118E-01, 3.8076118E-01
* ELEM  2662  line segment
 1, 1313, 1716
*
  1.4120000E+01, 5.0200000E+00, 0.0000000E+00, -3.8076118E-01
* ELEM  2663  line segment
 1, 1071, 975
*
  1.3739239E+01, 7.6200000E+00, 3.8076118E-01, 0.0000000E+00
* ELEM  2664  line segment
 1, 975, 976
*
  1.3739239E+01, 7.6200000E+00, 3.8076118E-01, 3.8076118E-01
* ELEM  2665  line segment
 1, 975, 1713
*
  1.4120000E+01, 8.0007612E+00, 0.0000000E+00, -3.8076118E-01
* ELEM  2666  line segment
 1, 976, 979
*
  1.3945798E+01, 8.0729180E+00, 1.7420204E-01, -7.2156848E-02
* ELEM  2667  line segment
 1, 1069, 1072
*
  1.3945798E+01, 7.1670820E+00, 1.7420204E-01, 7.2156848E-02
* ELEM  2668  line segment
 1, 1071, 1072
*
  1.4120000E+01, 7.2392388E+00, -3.8076118E-01, 3.8076118E-01
* ELEM  2669  line segment
 1, 1071, 1723
*
  1.4120000E+01, 7.6200000E+00, 0.0000000E+00, -3.8076118E-01
* ELEM  2670  circular arc
 3, 873, 862
*
  1.3470000E+01, 9.5700000E+00, 5.1500000E-01, 2.4750000E+02, 4.5000000E+01
* ELEM  2671  line segment
 1, 862, 866
*
  1.3667082E+01, 9.0942020E+00, 7.2156848E-02, -1.7420204E-01
* ELEM  2672  line segment
 1, 980, 862
*
  1.3200761E+01, 8.9200000E+00, 5.3847763E-01, 0.0000000E+00
* ELEM  2673  line segment
 1, 982, 980
*
  1.3667082E+01, 8.7457980E+00, 7.2156848E-02, 1.7420204E-01
* ELEM  2674  line segment
 1, 867, 868
*
  1.3200761E+01, 1.0220000E+01, -3.8076118E-01, -3.8076118E-01
* ELEM  2675  line segment
 1, 870, 868
*
  1.3272918E+01, 1.0045798E+01, -7.2156848E-02, 1.7420204E-01
* ELEM  2676  circular arc
 3, 873, 868
*
  1.3470000E+01, 9.5700000E+00, 5.1500000E-01, 1.1250000E+02, 4.5000000E+01
* ELEM  2677  line segment
 1, 867, 675
*
  1.2820000E+01, 1.0220000E+01, 3.8076118E-01, 0.0000000E+00
* ELEM  2678  circular arc
 3, 873, 869
*
  1.3470000E+01, 9.5700000E+00, 5.1500000E-01, 0.0000000E+00, 2.2500000E+01
* ELEM  2679  circular arc
 3, 873, 872
*
  1.3470000E+01, 9.5700000E+00, 5.1500000E-01, 2.2500000E+01, 4.5000000E+01
* ELEM  2680  circular arc
 3, 873, 870
*
  1.3470000E+01, 9.5700000E+00, 5.1500000E-01, 6.7500000E+01, 4.5000000E+01
* ELEM  2681  circular arc
 3, 873, 866
*
  1.3470000E+01, 9.5700000E+00, 5.1500000E-01, 2.9250000E+02, 4.5000000E+01
* ELEM  2682  circular arc
 3, 873, 869
*
  1.3470000E+01, 9.5700000E+00, 5.1500000E-01, 3.3750000E+02, 2.2500000E+01
* ELEM  2683  circle
 2, 874, 873
*
  1.3470000E+01, 9.5700000E+00, 4.4700000E-01, 0.0000000E+00
* ELEM  2684  line segment
 1, 675, 677
*
  1.2820000E+01, 1.0600761E+01, 3.8076118E-01, -3.8076118E-01
* ELEM  2685  line segment
 1, 678, 677
*
  1.2994202E+01, 1.0672918E+01, -1.7420204E-01, -7.2156848E-02
* ELEM  2686  circular arc
 3, 687, 677
*
  1.3470000E+01, 1.0870000E+01, 5.1500000E-01, 2.0250000E+02, 4.5000000E+01
* ELEM  2687  line segment
 1, 677, 676
*
  1.3272918E+01, 1.0394202E+01, -7.2156848E-02, -1.7420204E-01
* ELEM  2688  line segment
 1, 701, 678
*
  1.2820000E+01, 1.1139239E+01, 0.0000000E+00, -5.3847763E-01
* ELEM  2689  line segment
 1, 682, 678
*
  1.2994202E+01, 1.1067082E+01, -1.7420204E-01, 7.2156848E-02
* ELEM  2690  circular arc
 3, 687, 678
*
  1.3470000E+01, 1.0870000E+01, 5.1500000E-01, 1.5750000E+02, 4.5000000E+01
* ELEM  2691  line segment
 1, 701, 704
*
  1.2645798E+01, 1.1067082E+01, 1.7420204E-01, 7.2156848E-02
* ELEM  2692  line segment
 1, 461, 462
*
  9.8392388E+00, 1.2820000E+01, 3.8076118E-01, 3.8076118E-01
* ELEM  2693  line segment
 1, 461, 439
*
  1.0220000E+01, 1.3200761E+01, 0.0000000E+00, -3.8076118E-01
* ELEM  2694  circular arc
 3, 469, 462
*
  9.5700000E+00, 1.3470000E+01, 5.1500000E-01, 2.9250000E+02, 4.5000000E+01
* ELEM  2695  line segment
 1, 462, 465
*
  1.0045798E+01, 1.3272918E+01, 1.7420204E-01, -7.2156848E-02
* ELEM  2696  line segment
 1, 439, 441
*
  1.0220000E+01, 1.3200761E+01, 3.8076118E-01, -3.8076118E-01
* ELEM  2697  line segment
 1, 442, 441
*
  1.0394202E+01, 1.3272918E+01, -1.7420204E-01, -7.2156848E-02
* ELEM  2698  circular arc
 3, 451, 441
*
  1.0870000E+01, 1.3470000E+01, 5.1500000E-01, 2.0250000E+02, 4.5000000E+01
* ELEM  2699  line segment
 1, 441, 440
*
  1.0672918E+01, 1.2994202E+01, -7.2156848E-02, -1.7420204E-01
* ELEM  2700  circular arc
 3, 451, 440
*
  1.0870000E+01, 1.3470000E+01, 5.1500000E-01, 2.4750000E+02, 4.5000000E+01
* ELEM  2701  line segment
 1, 440, 444
*
  1.1067082E+01, 1.2994202E+01, 7.2156848E-02, -1.7420204E-01
* ELEM  2702  line segment
 1, 592, 440
*
  1.0600761E+01, 1.2820000E+01, 5.3847763E-01, 0.0000000E+00
* ELEM  2703  line segment
 1, 594, 592
*
  1.1067082E+01, 1.2645798E+01, 7.2156848E-02, 1.7420204E-01
* ELEM  2704  circular arc
 3, 13, 9
*
  1.2170000E+01, 1.2170000E+01, 5.1500000E-01, 0.0000000E+00, 2.2500000E+01
* ELEM  2705  circular arc
 3, 13, 12
*
  1.2170000E+01, 1.2170000E+01, 5.1500000E-01, 2.2500000E+01, 4.5000000E+01
* ELEM  2706  circular arc
 3, 13, 10
*
  1.2170000E+01, 1.2170000E+01, 5.1500000E-01, 6.7500000E+01, 4.5000000E+01
* ELEM  2707  circular arc
 3, 13, 8
*
  1.2170000E+01, 1.2170000E+01, 5.1500000E-01, 1.1250000E+02, 4.5000000E+01
* ELEM  2708  circular arc
 3, 13, 6
*
  1.2170000E+01, 1.2170000E+01, 5.1500000E-01, 2.9250000E+02, 4.5000000E+01
* ELEM  2709  circular arc
 3, 13, 9
*
  1.2170000E+01, 1.2170000E+01, 5.1500000E-01, 3.3750000E+02, 2.2500000E+01
* ELEM  2710  circle
 2, 14, 13
*
  1.2170000E+01, 1.2170000E+01, 2.5750000E-01, 0.0000000E+00
* ELEM  2711  line segment
 1, 7, 8
*
  1.1900761E+01, 1.2820000E+01, -3.8076118E-01, -3.8076118E-01
* ELEM  2712  line segment
 1, 10, 8
*
  1.1972918E+01, 1.2645798E+01, -7.2156848E-02, 1.7420204E-01
* ELEM  2713  line segment
 1, 593, 594
*
  1.1520000E+01, 1.2439239E+01, -3.8076118E-01, 3.8076118E-01
* ELEM  2714  line segment
 1, 593, 443
*
  1.1139239E+01, 1.2820000E+01, 3.8076118E-01, 0.0000000E+00
* ELEM  2715  line segment
 1, 593, 7
*
  1.1520000E+01, 1.2820000E+01, 0.0000000E+00, -3.8076118E-01
* ELEM  2716  line segment
 1, 421, 7
*
  1.1900761E+01, 1.2820000E+01, -3.8076118E-01, 0.0000000E+00
* ELEM  2717  line segment
 1, 6, 9
*
  1.2645798E+01, 1.1972918E+01, 1.7420204E-01, -7.2156848E-02
* ELEM  2718  line segment
 1, 5, 6
*
  1.2439239E+01, 1.1520000E+01, 3.8076118E-01, 3.8076118E-01
* ELEM  2719  line segment
 1, 565, 5
*
  1.2820000E+01, 1.1520000E+01, 0.0000000E+00, 3.8076118E-01
* ELEM  2720  line segment
 1, 703, 5
*
  1.2439239E+01, 1.1520000E+01, 3.8076118E-01, 0.0000000E+00
* ELEM  2721  line segment
 1, 703, 704
*
  1.2820000E+01, 1.1139239E+01, -3.8076118E-01, 3.8076118E-01
* ELEM  2722  line segment
 1, 703, 681
*
  1.2820000E+01, 1.1520000E+01, 0.0000000E+00, -3.8076118E-01
* ELEM  2723  line segment
 1, 481, 482
*
  8.0007612E+00, 1.4120000E+01, -3.8076118E-01, -3.8076118E-01
* ELEM  2724  line segment
 1, 484, 482
*
  8.0729180E+00, 1.3945798E+01, -7.2156848E-02, 1.7420204E-01
* ELEM  2725  line segment
 1, 481, 1710
*
  7.6200000E+00, 1.4120000E+01, 3.8076118E-01, 0.0000000E+00
* ELEM  2726  line segment
 1, 503, 481
*
  7.6200000E+00, 1.4120000E+01, 0.0000000E+00, -3.8076118E-01
* ELEM  2727  line segment
 1, 503, 1720
*
  7.2392388E+00, 1.4120000E+01, 3.8076118E-01, 0.0000000E+00
* ELEM  2728  line segment
 1, 503, 504
*
  7.6200000E+00, 1.3739239E+01, -3.8076118E-01, 3.8076118E-01
* ELEM  2729  line segment
 1, 504, 502
*
  7.1670820E+00, 1.3945798E+01, 7.2156848E-02, 1.7420204E-01
* ELEM  2730  line segment
 1, 483, 460
*
  8.9200000E+00, 1.3739239E+01, 0.0000000E+00, -5.3847763E-01
* ELEM  2731  line segment
 1, 464, 460
*
  9.0942020E+00, 1.3667082E+01, -1.7420204E-01, 7.2156848E-02
* ELEM  2732  circular arc
 3, 469, 460
*
  9.5700000E+00, 1.3470000E+01, 5.1500000E-01, 1.5750000E+02, 4.5000000E+01
* ELEM  2733  line segment
 1, 483, 486
*
  8.7457980E+00, 1.3667082E+01, 1.7420204E-01, 7.2156848E-02
* ELEM  2734  line segment
 1, 519, 496
*
  6.3200000E+00, 1.3739239E+01, 0.0000000E+00, -5.3847763E-01
* ELEM  2735  line segment
 1, 500, 496
*
  6.4942020E+00, 1.3667082E+01, -1.7420204E-01, 7.2156848E-02
* ELEM  2736  line segment
 1, 519, 522
*
  6.1457980E+00, 1.3667082E+01, 1.7420204E-01, 7.2156848E-02
* ELEM  2737  circular arc
 3, 469, 465
*
  9.5700000E+00, 1.3470000E+01, 5.1500000E-01, 0.0000000E+00, 2.2500000E+01
* ELEM  2738  circular arc
 3, 469, 468
*
  9.5700000E+00, 1.3470000E+01, 5.1500000E-01, 2.2500000E+01, 4.5000000E+01
* ELEM  2739  circular arc
 3, 469, 466
*
  9.5700000E+00, 1.3470000E+01, 5.1500000E-01, 6.7500000E+01, 4.5000000E+01
* ELEM  2740  circular arc
 3, 469, 464
*
  9.5700000E+00, 1.3470000E+01, 5.1500000E-01, 1.1250000E+02, 4.5000000E+01
* ELEM  2741  circular arc
 3, 469, 465
*
  9.5700000E+00, 1.3470000E+01, 5.1500000E-01, 3.3750000E+02, 2.2500000E+01
* ELEM  2742  circle
 2, 470, 469
*
  9.5700000E+00, 1.3470000E+01, 4.4700000E-01, 0.0000000E+00
* ELEM  2743  line segment
 1, 517, 518
*
  5.4007612E+00, 1.4120000E+01, -3.8076118E-01, -3.8076118E-01
* ELEM  2744  line segment
 1, 520, 518
*
  5.4729180E+00, 1.3945798E+01, -7.2156848E-02, 1.7420204E-01
* ELEM  2745  line segment
 1, 517, 1719
*
  5.0200000E+00, 1.4120000E+01, 3.8076118E-01, 0.0000000E+00
* ELEM  2746  line segment
 1, 539, 517
*
  5.0200000E+00, 1.4120000E+01, 0.0000000E+00, -3.8076118E-01
* ELEM  2747  line segment
 1, 539, 1714
*
  4.6392388E+00, 1.4120000E+01, 3.8076118E-01, 0.0000000E+00
* ELEM  2748  line segment
 1, 539, 540
*
  5.0200000E+00, 1.3739239E+01, -3.8076118E-01, 3.8076118E-01
* ELEM  2749  line segment
 1, 540, 538
*
  4.5670820E+00, 1.3945798E+01, 7.2156848E-02, 1.7420204E-01
* ELEM  2750  line segment
 1, 1772, 339
*
  1.4120000E+01, 1.5007612E+00, 0.0000000E+00, 5.3847763E-01
* ELEM  2751  line segment
 1, 1714, 538
*
  4.6392388E+00, 1.4120000E+01, -5.3847763E-01, 0.0000000E+00
* ELEM  2752  line segment
 1, 1479, 1307
*
  1.3739239E+01, 3.7200000E+00, 3.8076118E-01, 0.0000000E+00
* ELEM  2753  line segment
 1, 1307, 1308
*
  1.3739239E+01, 3.7200000E+00, 3.8076118E-01, 3.8076118E-01
* ELEM  2754  line segment
 1, 1307, 1716
*
  1.4120000E+01, 4.1007612E+00, 0.0000000E+00, -3.8076118E-01
* ELEM  2755  line segment
 1, 1308, 1311
*
  1.3945798E+01, 4.1729180E+00, 1.7420204E-01, -7.2156848E-02
* ELEM  2756  line segment
 1, 1477, 1480
*
  1.3945798E+01, 3.2670820E+00, 1.7420204E-01, 7.2156848E-02
* ELEM  2757  line segment
 1, 1479, 1480
*
  1.4120000E+01, 3.3392388E+00, -3.8076118E-01, 3.8076118E-01
* ELEM  2758  line segment
 1, 1479, 1721
*
  1.4120000E+01, 3.7200000E+00, 0.0000000E+00, -3.8076118E-01
* ELEM  2759  line segment
 1, 1721, 1477
*
  1.4120000E+01, 2.8007612E+00, 0.0000000E+00, 5.3847763E-01
* ELEM  2760  line segment
 1, 1201, 1065
*
  1.3739239E+01, 6.3200000E+00, 3.8076118E-01, 0.0000000E+00
* ELEM  2761  line segment
 1, 1065, 1066
*
  1.3739239E+01, 6.3200000E+00, 3.8076118E-01, 3.8076118E-01
* ELEM  2762  line segment
 1, 1065, 1723
*
  1.4120000E+01, 6.7007612E+00, 0.0000000E+00, -3.8076118E-01
* ELEM  2763  line segment
 1, 1066, 1069
*
  1.3945798E+01, 6.7729180E+00, 1.7420204E-01, -7.2156848E-02
* ELEM  2764  line segment
 1, 1199, 1202
*
  1.3945798E+01, 5.8670820E+00, 1.7420204E-01, 7.2156848E-02
* ELEM  2765  line segment
 1, 1201, 1202
*
  1.4120000E+01, 5.9392388E+00, -3.8076118E-01, 3.8076118E-01
* ELEM  2766  line segment
 1, 1201, 1722
*
  1.4120000E+01, 6.3200000E+00, 0.0000000E+00, -3.8076118E-01
* ELEM  2767  line segment
 1, 1722, 1199
*
  1.4120000E+01, 5.4007612E+00, 0.0000000E+00, 5.3847763E-01
* ELEM  2768  line segment
 1, 1716, 1311
*
  1.4120000E+01, 4.1007612E+00, 0.0000000E+00, 5.3847763E-01
* ELEM  2769  line segment
 1, 979, 982
*
  1.3945798E+01, 8.4670820E+00, 1.7420204E-01, 7.2156848E-02
* ELEM  2770  line segment
 1, 1713, 979
*
  1.4120000E+01, 8.0007612E+00, 0.0000000E+00, 5.3847763E-01
* ELEM  2771  line segment
 1, 1723, 1069
*
  1.4120000E+01, 6.7007612E+00, 0.0000000E+00, 5.3847763E-01
* ELEM  2772  line segment
 1, 981, 865
*
  1.3739239E+01, 8.9200000E+00, 3.8076118E-01, 0.0000000E+00
* ELEM  2773  line segment
 1, 865, 866
*
  1.3739239E+01, 8.9200000E+00, 3.8076118E-01, 3.8076118E-01
* ELEM  2774  line segment
 1, 865, 1726
*
  1.4120000E+01, 9.3007612E+00, 0.0000000E+00, -3.8076118E-01
* ELEM  2775  line segment
 1, 866, 869
*
  1.3945798E+01, 9.3729180E+00, 1.7420204E-01, -7.2156848E-02
* ELEM  2776  line segment
 1, 981, 982
*
  1.4120000E+01, 8.5392388E+00, -3.8076118E-01, 3.8076118E-01
* ELEM  2777  line segment
 1, 981, 1713
*
  1.4120000E+01, 8.9200000E+00, 0.0000000E+00, -3.8076118E-01
* ELEM  2778  circular arc
 3, 687, 676
*
  1.3470000E+01, 1.0870000E+01, 5.1500000E-01, 2.4750000E+02, 4.5000000E+01
* ELEM  2779  line segment
 1, 676, 680
*
  1.3667082E+01, 1.0394202E+01, 7.2156848E-02, -1.7420204E-01
* ELEM  2780  line segment
 1, 870, 676
*
  1.3200761E+01, 1.0220000E+01, 5.3847763E-01, 0.0000000E+00
* ELEM  2781  line segment
 1, 872, 870
*
  1.3667082E+01, 1.0045798E+01, 7.2156848E-02, 1.7420204E-01
* ELEM  2782  circular arc
 3, 687, 683
*
  1.3470000E+01, 1.0870000E+01, 5.1500000E-01, 0.0000000E+00, 2.2500000E+01
* ELEM  2783  circular arc
 3, 687, 686
*
  1.3470000E+01, 1.0870000E+01, 5.1500000E-01, 2.2500000E+01, 4.5000000E+01
* ELEM  2784  circular arc
 3, 687, 684
*
  1.3470000E+01, 1.0870000E+01, 5.1500000E-01, 6.7500000E+01, 4.5000000E+01
* ELEM  2785  circular arc
 3, 687, 682
*
  1.3470000E+01, 1.0870000E+01, 5.1500000E-01, 1.1250000E+02, 4.5000000E+01
* ELEM  2786  circular arc
 3, 687, 680
*
  1.3470000E+01, 1.0870000E+01, 5.1500000E-01, 2.9250000E+02, 4.5000000E+01
* ELEM  2787  circular arc
 3, 687, 683
*
  1.3470000E+01, 1.0870000E+01, 5.1500000E-01, 3.3750000E+02, 2.2500000E+01
* ELEM  2788  circle
 2, 688, 687
*
  1.3470000E+01, 1.0870000E+01, 4.4700000E-01, 0.0000000E+00
* ELEM  2789  line segment
 1, 681, 682
*
  1.3200761E+01, 1.1520000E+01, -3.8076118E-01, -3.8076118E-01
* ELEM  2790  line segment
 1, 684, 682
*
  1.3272918E+01, 1.1345798E+01, -7.2156848E-02, 1.7420204E-01
* ELEM  2791  line segment
 1, 681, 565
*
  1.2820000E+01, 1.1520000E+01, 3.8076118E-01, 0.0000000E+00
* ELEM  2792  line segment
 1, 465, 442
*
  1.0220000E+01, 1.3739239E+01, 0.0000000E+00, -5.3847763E-01
* ELEM  2793  line segment
 1, 446, 442
*
  1.0394202E+01, 1.3667082E+01, -1.7420204E-01, 7.2156848E-02
* ELEM  2794  circular arc
 3, 451, 442
*
  1.0870000E+01, 1.3470000E+01, 5.1500000E-01, 1.5750000E+02, 4.5000000E+01
* ELEM  2795  line segment
 1, 465, 468
*
  1.0045798E+01, 1.3667082E+01, 1.7420204E-01, 7.2156848E-02
* ELEM  2796  circular arc
 3, 451, 447
*
  1.0870000E+01, 1.3470000E+01, 5.1500000E-01, 0.0000000E+00, 2.2500000E+01
* ELEM  2797  circular arc
 3, 451, 450
*
  1.0870000E+01, 1.3470000E+01, 5.1500000E-01, 2.2500000E+01, 4.5000000E+01
* ELEM  2798  circular arc
 3, 451, 448
*
  1.0870000E+01, 1.3470000E+01, 5.1500000E-01, 6.7500000E+01, 4.5000000E+01
* ELEM  2799  circular arc
 3, 451, 446
*
  1.0870000E+01, 1.3470000E+01, 5.1500000E-01, 1.1250000E+02, 4.5000000E+01
* ELEM  2800  circular arc
 3, 451, 444
*
  1.0870000E+01, 1.3470000E+01, 5.1500000E-01, 2.9250000E+02, 4.5000000E+01
* ELEM  2801  circular arc
 3, 451, 447
*
  1.0870000E+01, 1.3470000E+01, 5.1500000E-01, 3.3750000E+02, 2.2500000E+01
* ELEM  2802  circle
 2, 452, 451
*
  1.0870000E+01, 1.3470000E+01, 4.4700000E-01, 0.0000000E+00
* ELEM  2803  line segment
 1, 444, 447
*
  1.1345798E+01, 1.3272918E+01, 1.7420204E-01, -7.2156848E-02
* ELEM  2804  line segment
 1, 443, 444
*
  1.1139239E+01, 1.2820000E+01, 3.8076118E-01, 3.8076118E-01
* ELEM  2805  line segment
 1, 443, 421
*
  1.1520000E+01, 1.3200761E+01, 0.0000000E+00, -3.8076118E-01
* ELEM  2806  line segment
 1, 421, 423
*
  1.1520000E+01, 1.3200761E+01, 3.8076118E-01, -3.8076118E-01
* ELEM  2807  line segment
 1, 422, 10
*
  1.2439239E+01, 1.2820000E+01, -5.3847763E-01, 0.0000000E+00
* ELEM  2808  line segment
 1, 12, 10
*
  1.2367082E+01, 1.2645798E+01, 7.2156848E-02, 1.7420204E-01
* ELEM  2809  line segment
 1, 423, 422
*
  1.1972918E+01, 1.2994202E+01, -7.2156848E-02, -1.7420204E-01
* ELEM  2810  circular arc
 3, 433, 422
*
  1.2170000E+01, 1.3470000E+01, 5.1500000E-01, 2.4750000E+02, 4.5000000E+01
* ELEM  2811  line segment
 1, 422, 426
*
  1.2367082E+01, 1.2994202E+01, 7.2156848E-02, -1.7420204E-01
* ELEM  2812  line segment
 1, 424, 423
*
  1.1694202E+01, 1.3272918E+01, -1.7420204E-01, -7.2156848E-02
* ELEM  2813  circular arc
 3, 433, 423
*
  1.2170000E+01, 1.3470000E+01, 5.1500000E-01, 2.0250000E+02, 4.5000000E+01
* ELEM  2814  line segment
 1, 565, 567
*
  1.2820000E+01, 1.1900761E+01, 3.8076118E-01, -3.8076118E-01
* ELEM  2815  line segment
 1, 9, 12
*
  1.2645798E+01, 1.2367082E+01, 1.7420204E-01, 7.2156848E-02
* ELEM  2816  line segment
 1, 568, 9
*
  1.2820000E+01, 1.1900761E+01, 0.0000000E+00, 5.3847763E-01
* ELEM  2817  line segment
 1, 568, 567
*
  1.2994202E+01, 1.1972918E+01, -1.7420204E-01, -7.2156848E-02
* ELEM  2818  circular arc
 3, 577, 567
*
  1.3470000E+01, 1.2170000E+01, 5.1500000E-01, 2.0250000E+02, 4.5000000E+01
* ELEM  2819  line segment
 1, 567, 566
*
  1.3272918E+01, 1.1694202E+01, -7.2156848E-02, -1.7420204E-01
* ELEM  2820  line segment
 1, 572, 568
*
  1.2994202E+01, 1.2367082E+01, -1.7420204E-01, 7.2156848E-02
* ELEM  2821  circular arc
 3, 577, 568
*
  1.3470000E+01, 1.2170000E+01, 5.1500000E-01, 1.5750000E+02, 4.5000000E+01
* ELEM  2822  line segment
 1, 1710, 484
*
  8.5392388E+00, 1.4120000E+01, -5.3847763E-01, 0.0000000E+00
* ELEM  2823  line segment
 1, 486, 484
*
  8.4670820E+00, 1.3945798E+01, 7.2156848E-02, 1.7420204E-01
* ELEM  2824  line segment
 1, 1720, 502
*
  7.2392388E+00, 1.4120000E+01, -5.3847763E-01, 0.0000000E+00
* ELEM  2825  line segment
 1, 502, 500
*
  6.7729180E+00, 1.3945798E+01, -7.2156848E-02, 1.7420204E-01
* ELEM  2826  line segment
 1, 463, 464
*
  9.3007612E+00, 1.4120000E+01, -3.8076118E-01, -3.8076118E-01
* ELEM  2827  line segment
 1, 466, 464
*
  9.3729180E+00, 1.3945798E+01, -7.2156848E-02, 1.7420204E-01
* ELEM  2828  line segment
 1, 463, 1725
*
  8.9200000E+00, 1.4120000E+01, 3.8076118E-01, 0.0000000E+00
* ELEM  2829  line segment
 1, 485, 463
*
  8.9200000E+00, 1.4120000E+01, 0.0000000E+00, -3.8076118E-01
* ELEM  2830  line segment
 1, 485, 1710
*
  8.5392388E+00, 1.4120000E+01, 3.8076118E-01, 0.0000000E+00
* ELEM  2831  line segment
 1, 485, 486
*
  8.9200000E+00, 1.3739239E+01, -3.8076118E-01, 3.8076118E-01
* ELEM  2832  line segment
 1, 499, 500
*
  6.7007612E+00, 1.4120000E+01, -3.8076118E-01, -3.8076118E-01
* ELEM  2833  line segment
 1, 499, 1720
*
  6.3200000E+00, 1.4120000E+01, 3.8076118E-01, 0.0000000E+00
* ELEM  2834  line segment
 1, 521, 499
*
  6.3200000E+00, 1.4120000E+01, 0.0000000E+00, -3.8076118E-01
* ELEM  2835  line segment
 1, 521, 1719
*
  5.9392388E+00, 1.4120000E+01, 3.8076118E-01, 0.0000000E+00
* ELEM  2836  line segment
 1, 521, 522
*
  6.3200000E+00, 1.3739239E+01, -3.8076118E-01, 3.8076118E-01
* ELEM  2837  line segment
 1, 522, 520
*
  5.8670820E+00, 1.3945798E+01, 7.2156848E-02, 1.7420204E-01
* ELEM  2838  line segment
 1, 1719, 520
*
  5.9392388E+00, 1.4120000E+01, -5.3847763E-01, 0.0000000E+00
* ELEM  2839  line segment
 1, 869, 872
*
  1.3945798E+01, 9.7670820E+00, 1.7420204E-01, 7.2156848E-02
* ELEM  2840  line segment
 1, 1726, 869
*
  1.4120000E+01, 9.3007612E+00, 0.0000000E+00, 5.3847763E-01
* ELEM  2841  line segment
 1, 871, 679
*
  1.3739239E+01, 1.0220000E+01, 3.8076118E-01, 0.0000000E+00
* ELEM  2842  line segment
 1, 679, 680
*
  1.3739239E+01, 1.0220000E+01, 3.8076118E-01, 3.8076118E-01
* ELEM  2843  line segment
 1, 679, 1717
*
  1.4120000E+01, 1.0600761E+01, 0.0000000E+00, -3.8076118E-01
* ELEM  2844  line segment
 1, 680, 683
*
  1.3945798E+01, 1.0672918E+01, 1.7420204E-01, -7.2156848E-02
* ELEM  2845  line segment
 1, 871, 872
*
  1.4120000E+01, 9.8392388E+00, -3.8076118E-01, 3.8076118E-01
* ELEM  2846  line segment
 1, 871, 1726
*
  1.4120000E+01, 1.0220000E+01, 0.0000000E+00, -3.8076118E-01
* ELEM  2847  circular arc
 3, 577, 566
*
  1.3470000E+01, 1.2170000E+01, 5.1500000E-01, 2.4750000E+02, 4.5000000E+01
* ELEM  2848  line segment
 1, 566, 570
*
  1.3667082E+01, 1.1694202E+01, 7.2156848E-02, -1.7420204E-01
* ELEM  2849  line segment
 1, 684, 566
*
  1.3200761E+01, 1.1520000E+01, 5.3847763E-01, 0.0000000E+00
* ELEM  2850  line segment
 1, 686, 684
*
  1.3667082E+01, 1.1345798E+01, 7.2156848E-02, 1.7420204E-01
* ELEM  2851  line segment
 1, 445, 446
*
  1.0600761E+01, 1.4120000E+01, -3.8076118E-01, -3.8076118E-01
* ELEM  2852  line segment
 1, 448, 446
*
  1.0672918E+01, 1.3945798E+01, -7.2156848E-02, 1.7420204E-01
* ELEM  2853  line segment
 1, 445, 1711
*
  1.0220000E+01, 1.4120000E+01, 3.8076118E-01, 0.0000000E+00
* ELEM  2854  line segment
 1, 467, 445
*
  1.0220000E+01, 1.4120000E+01, 0.0000000E+00, -3.8076118E-01
* ELEM  2855  line segment
 1, 467, 1725
*
  9.8392388E+00, 1.4120000E+01, 3.8076118E-01, 0.0000000E+00
* ELEM  2856  line segment
 1, 467, 468
*
  1.0220000E+01, 1.3739239E+01, -3.8076118E-01, 3.8076118E-01
* ELEM  2857  line segment
 1, 468, 466
*
  9.7670820E+00, 1.3945798E+01, 7.2156848E-02, 1.7420204E-01
* ELEM  2858  line segment
 1, 447, 424
*
  1.1520000E+01, 1.3739239E+01, 0.0000000E+00, -5.3847763E-01
* ELEM  2859  line segment
 1, 428, 424
*
  1.1694202E+01, 1.3667082E+01, -1.7420204E-01, 7.2156848E-02
* ELEM  2860  circular arc
 3, 433, 424
*
  1.2170000E+01, 1.3470000E+01, 5.1500000E-01, 1.5750000E+02, 4.5000000E+01
* ELEM  2861  line segment
 1, 447, 450
*
  1.1345798E+01, 1.3667082E+01, 1.7420204E-01, 7.2156848E-02
* ELEM  2862  line segment
 1, 11, 12
*
  1.2820000E+01, 1.2439239E+01, -3.8076118E-01, 3.8076118E-01
* ELEM  2863  line segment
 1, 425, 11
*
  1.2820000E+01, 1.2820000E+01, -3.8076118E-01, 0.0000000E+00
* ELEM  2864  line segment
 1, 571, 11
*
  1.2820000E+01, 1.2439239E+01, 0.0000000E+00, 3.8076118E-01
* ELEM  2865  line segment
 1, 425, 426
*
  1.2439239E+01, 1.2820000E+01, 3.8076118E-01, 3.8076118E-01
* ELEM  2866  line segment
 1, 425, 403
*
  1.2820000E+01, 1.3200761E+01, 0.0000000E+00, -3.8076118E-01
* ELEM  2867  circular arc
 3, 433, 426
*
  1.2170000E+01, 1.3470000E+01, 5.1500000E-01, 2.9250000E+02, 4.5000000E+01
* ELEM  2868  line segment
 1, 426, 429
*
  1.2645798E+01, 1.3272918E+01, 1.7420204E-01, -7.2156848E-02
* ELEM  2869  circular arc
 3, 433, 429
*
  1.2170000E+01, 1.3470000E+01, 5.1500000E-01, 0.0000000E+00, 2.2500000E+01
* ELEM  2870  circular arc
 3, 433, 432
*
  1.2170000E+01, 1.3470000E+01, 5.1500000E-01, 2.2500000E+01, 4.5000000E+01
* ELEM  2871  circular arc
 3, 433, 430
*
  1.2170000E+01, 1.3470000E+01, 5.1500000E-01, 6.7500000E+01, 4.5000000E+01
* ELEM  2872  circular arc
 3, 433, 428
*
  1.2170000E+01, 1.3470000E+01, 5.1500000E-01, 1.1250000E+02, 4.5000000E+01
* ELEM  2873  circular arc
 3, 433, 429
*
  1.2170000E+01, 1.3470000E+01, 5.1500000E-01, 3.3750000E+02, 2.2500000E+01
* ELEM  2874  circle
 2, 434, 433
*
  1.2170000E+01, 1.3470000E+01, 4.4700000E-01, 0.0000000E+00
* ELEM  2875  line segment
 1, 571, 572
*
  1.3200761E+01, 1.2820000E+01, -3.8076118E-01, -3.8076118E-01
* ELEM  2876  line segment
 1, 574, 572
*
  1.3272918E+01, 1.2645798E+01, -7.2156848E-02, 1.7420204E-01
* ELEM  2877  circular arc
 3, 577, 572
*
  1.3470000E+01, 1.2170000E+01, 5.1500000E-01, 1.1250000E+02, 4.5000000E+01
* ELEM  2878  line segment
 1, 571, 403
*
  1.2820000E+01, 1.2820000E+01, 3.8076118E-01, 0.0000000E+00
* ELEM  2879  circular arc
 3, 577, 573
*
  1.3470000E+01, 1.2170000E+01, 5.1500000E-01, 0.0000000E+00, 2.2500000E+01
* ELEM  2880  circular arc
 3, 577, 576
*
  1.3470000E+01, 1.2170000E+01, 5.1500000E-01, 2.2500000E+01, 4.5000000E+01
* ELEM  2881  circular arc
 3, 577, 574
*
  1.3470000E+01, 1.2170000E+01, 5.1500000E-01, 6.7500000E+01, 4.5000000E+01
* ELEM  2882  circular arc
 3, 577, 570
*
  1.3470000E+01, 1.2170000E+01, 5.1500000E-01, 2.9250000E+02, 4.5000000E+01
* ELEM  2883  circular arc
 3, 577, 573
*
  1.3470000E+01, 1.2170000E+01, 5.1500000E-01, 3.3750000E+02, 2.2500000E+01
* ELEM  2884  circle
 2, 578, 577
*
  1.3470000E+01, 1.2170000E+01, 4.4700000E-01, 0.0000000E+00
* ELEM  2885  line segment
 1, 1725, 466
*
  9.8392388E+00, 1.4120000E+01, -5.3847763E-01, 0.0000000E+00
* ELEM  2886  line segment
 1, 683, 686
*
  1.3945798E+01, 1.1067082E+01, 1.7420204E-01, 7.2156848E-02
* ELEM  2887  line segment
 1, 1717, 683
*
  1.4120000E+01, 1.0600761E+01, 0.0000000E+00, 5.3847763E-01
* ELEM  2888  line segment
 1, 685, 569
*
  1.3739239E+01, 1.1520000E+01, 3.8076118E-01, 0.0000000E+00
* ELEM  2889  line segment
 1, 569, 570
*
  1.3739239E+01, 1.1520000E+01, 3.8076118E-01, 3.8076118E-01
* ELEM  2890  line segment
 1, 569, 1718
*
  1.4120000E+01, 1.1900761E+01, 0.0000000E+00, -3.8076118E-01
* ELEM  2891  line segment
 1, 570, 573
*
  1.3945798E+01, 1.1972918E+01, 1.7420204E-01, -7.2156848E-02
* ELEM  2892  line segment
 1, 685, 686
*
  1.4120000E+01, 1.1139239E+01, -3.8076118E-01, 3.8076118E-01
* ELEM  2893  line segment
 1, 685, 1717
*
  1.4120000E+01, 1.1520000E+01, 0.0000000E+00, -3.8076118E-01
* ELEM  2894  line segment
 1, 1711, 448
*
  1.1139239E+01, 1.4120000E+01, -5.3847763E-01, 0.0000000E+00
* ELEM  2895  line segment
 1, 450, 448
*
  1.1067082E+01, 1.3945798E+01, 7.2156848E-02, 1.7420204E-01
* ELEM  2896  line segment
 1, 427, 428
*
  1.1900761E+01, 1.4120000E+01, -3.8076118E-01, -3.8076118E-01
* ELEM  2897  line segment
 1, 430, 428
*
  1.1972918E+01, 1.3945798E+01, -7.2156848E-02, 1.7420204E-01
* ELEM  2898  line segment
 1, 427, 1712
*
  1.1520000E+01, 1.4120000E+01, 3.8076118E-01, 0.0000000E+00
* ELEM  2899  line segment
 1, 449, 427
*
  1.1520000E+01, 1.4120000E+01, 0.0000000E+00, -3.8076118E-01
* ELEM  2900  line segment
 1, 449, 1711
*
  1.1139239E+01, 1.4120000E+01, 3.8076118E-01, 0.0000000E+00
* ELEM  2901  line segment
 1, 449, 450
*
  1.1520000E+01, 1.3739239E+01, -3.8076118E-01, 3.8076118E-01
* ELEM  2902  line segment
 1, 403, 405
*
  1.2820000E+01, 1.3200761E+01, 3.8076118E-01, -3.8076118E-01
* ELEM  2903  line segment
 1, 406, 405
*
  1.2994202E+01, 1.3272918E+01, -1.7420204E-01, -7.2156848E-02
* ELEM  2904  circular arc
 3, 415, 405
*
  1.3470000E+01, 1.3470000E+01, 5.1500000E-01, 2.0250000E+02, 4.5000000E+01
* ELEM  2905  line segment
 1, 405, 404
*
  1.3272918E+01, 1.2994202E+01, -7.2156848E-02, -1.7420204E-01
* ELEM  2906  line segment
 1, 429, 406
*
  1.2820000E+01, 1.3739239E+01, 0.0000000E+00, -5.3847763E-01
* ELEM  2907  line segment
 1, 410, 406
*
  1.2994202E+01, 1.3667082E+01, -1.7420204E-01, 7.2156848E-02
* ELEM  2908  circular arc
 3, 415, 406
*
  1.3470000E+01, 1.3470000E+01, 5.1500000E-01, 1.5750000E+02, 4.5000000E+01
* ELEM  2909  line segment
 1, 429, 432
*
  1.2645798E+01, 1.3667082E+01, 1.7420204E-01, 7.2156848E-02
* ELEM  2910  circular arc
 3, 415, 404
*
  1.3470000E+01, 1.3470000E+01, 5.1500000E-01, 2.4750000E+02, 4.5000000E+01
* ELEM  2911  line segment
 1, 404, 408
*
  1.3667082E+01, 1.2994202E+01, 7.2156848E-02, -1.7420204E-01
* ELEM  2912  line segment
 1, 574, 404
*
  1.3200761E+01, 1.2820000E+01, 5.3847763E-01, 0.0000000E+00
* ELEM  2913  line segment
 1, 576, 574
*
  1.3667082E+01, 1.2645798E+01, 7.2156848E-02, 1.7420204E-01
* ELEM  2914  line segment
 1, 573, 576
*
  1.3945798E+01, 1.2367082E+01, 1.7420204E-01, 7.2156848E-02
* ELEM  2915  line segment
 1, 1718, 573
*
  1.4120000E+01, 1.1900761E+01, 0.0000000E+00, 5.3847763E-01
* ELEM  2916  line segment
 1, 1712, 430
*
  1.2439239E+01, 1.4120000E+01, -5.3847763E-01, 0.0000000E+00
* ELEM  2917  line segment
 1, 432, 430
*
  1.2367082E+01, 1.3945798E+01, 7.2156848E-02, 1.7420204E-01
* ELEM  2918  circular arc
 3, 415, 411
*
  1.3470000E+01, 1.3470000E+01, 5.1500000E-01, 0.0000000E+00, 2.2500000E+01
* ELEM  2919  circular arc
 3, 415, 414
*
  1.3470000E+01, 1.3470000E+01, 5.1500000E-01, 2.2500000E+01, 4.5000000E+01
* ELEM  2920  circular arc
 3, 415, 412
*
  1.3470000E+01, 1.3470000E+01, 5.1500000E-01, 6.7500000E+01, 4.5000000E+01
* ELEM  2921  circular arc
 3, 415, 410
*
  1.3470000E+01, 1.3470000E+01, 5.1500000E-01, 1.1250000E+02, 4.5000000E+01
* ELEM  2922  circular arc
 3, 415, 408
*
  1.3470000E+01, 1.3470000E+01, 5.1500000E-01, 2.9250000E+02, 4.5000000E+01
* ELEM  2923  circular arc
 3, 415, 411
*
  1.3470000E+01, 1.3470000E+01, 5.1500000E-01, 3.3750000E+02, 2.2500000E+01
* ELEM  2924  circle
 2, 416, 415
*
  1.3470000E+01, 1.3470000E+01, 4.4700000E-01, 0.0000000E+00
* ELEM  2925  line segment
 1, 409, 410
*
  1.3200761E+01, 1.4120000E+01, -3.8076118E-01, -3.8076118E-01
* ELEM  2926  line segment
 1, 412, 410
*
  1.3272918E+01, 1.3945798E+01, -7.2156848E-02, 1.7420204E-01
* ELEM  2927  line segment
 1, 409, 1773
*
  1.2820000E+01, 1.4120000E+01, 3.8076118E-01, 0.0000000E+00
* ELEM  2928  line segment
 1, 431, 409
*
  1.2820000E+01, 1.4120000E+01, 0.0000000E+00, -3.8076118E-01
* ELEM  2929  line segment
 1, 431, 1712
*
  1.2439239E+01, 1.4120000E+01, 3.8076118E-01, 0.0000000E+00
* ELEM  2930  line segment
 1, 431, 432
*
  1.2820000E+01, 1.3739239E+01, -3.8076118E-01, 3.8076118E-01
* ELEM  2931  line segment
 1, 575, 407
*
  1.3739239E+01, 1.2820000E+01, 3.8076118E-01, 0.0000000E+00
* ELEM  2932  line segment
 1, 407, 408
*
  1.3739239E+01, 1.2820000E+01, 3.8076118E-01, 3.8076118E-01
* ELEM  2933  line segment
 1, 407, 1774
*
  1.4120000E+01, 1.3200761E+01, 0.0000000E+00, -3.8076118E-01
* ELEM  2934  line segment
 1, 408, 411
*
  1.3945798E+01, 1.3272918E+01, 1.7420204E-01, -7.2156848E-02
* ELEM  2935  line segment
 1, 575, 576
*
  1.4120000E+01, 1.2439239E+01, -3.8076118E-01, 3.8076118E-01
* ELEM  2936  line segment
 1, 575, 1718
*
  1.4120000E+01, 1.2820000E+01, 0.0000000E+00, -3.8076118E-01
* ELEM  2937  line segment
 1, 1773, 412
*
  1.3739239E+01, 1.4120000E+01, -5.3847763E-01, 0.0000000E+00
* ELEM  2938  line segment
 1, 414, 412
*
  1.3667082E+01, 1.3945798E+01, 7.2156848E-02, 1.7420204E-01
* ELEM  2939  line segment
 1, 411, 414
*
  1.3945798E+01, 1.3667082E+01, 1.7420204E-01, 7.2156848E-02
* ELEM  2940  line segment
 1, 1774, 411
*
  1.4120000E+01, 1.3200761E+01, 0.0000000E+00, 5.3847763E-01
* ELEM  2941  line segment
 1, 413, 414
*
  1.4120000E+01, 1.3739239E+01, -3.8076118E-01, 3.8076118E-01
* ELEM  2942  line segment
 1, 413, 1773
*
  1.3739239E+01, 1.4120000E+01, 2.0397883E-01, 0.0000000E+00
* ELEM  2943  line segment
 1, 413, 1774
*
  1.4120000E+01, 1.3943218E+01, 0.0000000E+00, -2.0397883E-01
* ELEM  2944  circle
 2, 231, 230
*
  1.7700000E+00, 1.3470000E+01, 4.3800000E-01, 0.0000000E+00
* ELEM  2945  circle
 2, 232, 231
*
  1.7700000E+00, 1.3470000E+01, 4.2690959E-01, 0.0000000E+00
* ELEM  2946  circle
 2, 233, 232
*
  1.7700000E+00, 1.3470000E+01, 3.9175911E-01, 0.0000000E+00
* ELEM  2947  circle
 2, 234, 233
*
  1.7700000E+00, 1.3470000E+01, 3.0971277E-01, 0.0000000E+00
* ELEM  2948  circle
 2, 249, 248
*
  4.3700000E+00, 8.2700000E+00, 4.3800000E-01, 0.0000000E+00
* ELEM  2949  circle
 2, 250, 249
*
  4.3700000E+00, 8.2700000E+00, 4.2690959E-01, 0.0000000E+00
* ELEM  2950  circle
 2, 251, 250
*
  4.3700000E+00, 8.2700000E+00, 3.9175911E-01, 0.0000000E+00
* ELEM  2951  circle
 2, 252, 251
*
  4.3700000E+00, 8.2700000E+00, 3.3927334E-01, 0.0000000E+00
* ELEM  2952  circle
 2, 253, 252
*
  4.3700000E+00, 8.2700000E+00, 2.7701552E-01, 0.0000000E+00
* ELEM  2953  circle
 2, 254, 253
*
  4.3700000E+00, 8.2700000E+00, 1.9587955E-01, 0.0000000E+00
* ELEM  2954  circle
 2, 269, 268
*
  3.0700000E+00, 8.2700000E+00, 4.3800000E-01, 0.0000000E+00
* ELEM  2955  circle
 2, 270, 269
*
  3.0700000E+00, 8.2700000E+00, 4.2690959E-01, 0.0000000E+00
* ELEM  2956  circle
 2, 271, 270
*
  3.0700000E+00, 8.2700000E+00, 3.9175911E-01, 0.0000000E+00
* ELEM  2957  circle
 2, 272, 271
*
  3.0700000E+00, 8.2700000E+00, 3.0971277E-01, 0.0000000E+00
* ELEM  2958  circle
 2, 287, 286
*
  4.3700000E+00, 4.3700000E+00, 4.3800000E-01, 0.0000000E+00
* ELEM  2959  circle
 2, 288, 287
*
  4.3700000E+00, 4.3700000E+00, 4.2690959E-01, 0.0000000E+00
* ELEM  2960  circle
 2, 289, 288
*
  4.3700000E+00, 4.3700000E+00, 3.9175911E-01, 0.0000000E+00
* ELEM  2961  circle
 2, 290, 289
*
  4.3700000E+00, 4.3700000E+00, 3.0971277E-01, 0.0000000E+00
* ELEM  2962  circle
 2, 305, 304
*
  8.2700000E+00, 3.0700000E+00, 4.3800000E-01, 0.0000000E+00
* ELEM  2963  circle
 2, 306, 305
*
  8.2700000E+00, 3.0700000E+00, 4.2690959E-01, 0.0000000E+00
* ELEM  2964  circle
 2, 307, 306
*
  8.2700000E+00, 3.0700000E+00, 3.9175911E-01, 0.0000000E+00
* ELEM  2965  circle
 2, 308, 307
*
  8.2700000E+00, 3.0700000E+00, 3.3927334E-01, 0.0000000E+00
* ELEM  2966  circle
 2, 309, 308
*
  8.2700000E+00, 3.0700000E+00, 2.7701552E-01, 0.0000000E+00
* ELEM  2967  circle
 2, 310, 309
*
  8.2700000E+00, 3.0700000E+00, 1.9587955E-01, 0.0000000E+00
* ELEM  2968  circle
 2, 325, 324
*
  4.3700000E+00, 3.0700000E+00, 4.3800000E-01, 0.0000000E+00
* ELEM  2969  circle
 2, 326, 325
*
  4.3700000E+00, 3.0700000E+00, 4.2690959E-01, 0.0000000E+00
* ELEM  2970  circle
 2, 327, 326
*
  4.3700000E+00, 3.0700000E+00, 3.9175911E-01, 0.0000000E+00
* ELEM  2971  circle
 2, 328, 327
*
  4.3700000E+00, 3.0700000E+00, 3.3927334E-01, 0.0000000E+00
* ELEM  2972  circle
 2, 329, 328
*
  4.3700000E+00, 3.0700000E+00, 2.7701552E-01, 0.0000000E+00
* ELEM  2973  circle
 2, 330, 329
*
  4.3700000E+00, 3.0700000E+00, 1.9587955E-01, 0.0000000E+00
* ELEM  2974  circle
 2, 345, 344
*
  1.3470000E+01, 1.7700000E+00, 4.3800000E-01, 0.0000000E+00
* ELEM  2975  circle
 2, 346, 345
*
  1.3470000E+01, 1.7700000E+00, 4.2690959E-01, 0.0000000E+00
* ELEM  2976  circle
 2, 347, 346
*
  1.3470000E+01, 1.7700000E+00, 3.9175911E-01, 0.0000000E+00
* ELEM  2977  circle
 2, 348, 347
*
  1.3470000E+01, 1.7700000E+00, 3.0971277E-01, 0.0000000E+00
* ELEM  2978  circle
 2, 363, 362
*
  4.3700000E+00, 1.7700000E+00, 4.3800000E-01, 0.0000000E+00
* ELEM  2979  circle
 2, 364, 363
*
  4.3700000E+00, 1.7700000E+00, 4.2690959E-01, 0.0000000E+00
* ELEM  2980  circle
 2, 365, 364
*
  4.3700000E+00, 1.7700000E+00, 3.9175911E-01, 0.0000000E+00
* ELEM  2981  circle
 2, 366, 365
*
  4.3700000E+00, 1.7700000E+00, 3.0971277E-01, 0.0000000E+00
* ELEM  2982  circle
 2, 381, 380
*
  3.0700000E+00, 1.7700000E+00, 4.3800000E-01, 0.0000000E+00
* ELEM  2983  circle
 2, 382, 381
*
  3.0700000E+00, 1.7700000E+00, 4.2690959E-01, 0.0000000E+00
* ELEM  2984  circle
 2, 383, 382
*
  3.0700000E+00, 1.7700000E+00, 3.9175911E-01, 0.0000000E+00
* ELEM  2985  circle
 2, 384, 383
*
  3.0700000E+00, 1.7700000E+00, 3.0971277E-01, 0.0000000E+00
* ELEM  2986  circle
 2, 399, 398
*
  1.7700000E+00, 1.7700000E+00, 4.3800000E-01, 0.0000000E+00
* ELEM  2987  circle
 2, 400, 399
*
  1.7700000E+00, 1.7700000E+00, 4.2690959E-01, 0.0000000E+00
* ELEM  2988  circle
 2, 401, 400
*
  1.7700000E+00, 1.7700000E+00, 3.9175911E-01, 0.0000000E+00
* ELEM  2989  circle
 2, 402, 401
*
  1.7700000E+00, 1.7700000E+00, 3.0971277E-01, 0.0000000E+00
* ELEM  2990  circle
 2, 417, 416
*
  1.3470000E+01, 1.3470000E+01, 4.3800000E-01, 0.0000000E+00
* ELEM  2991  circle
 2, 418, 417
*
  1.3470000E+01, 1.3470000E+01, 4.2690959E-01, 0.0000000E+00
* ELEM  2992  circle
 2, 419, 418
*
  1.3470000E+01, 1.3470000E+01, 3.9175911E-01, 0.0000000E+00
* ELEM  2993  circle
 2, 420, 419
*
  1.3470000E+01, 1.3470000E+01, 3.0971277E-01, 0.0000000E+00
* ELEM  2994  circle
 2, 435, 434
*
  1.2170000E+01, 1.3470000E+01, 4.3800000E-01, 0.0000000E+00
* ELEM  2995  circle
 2, 436, 435
*
  1.2170000E+01, 1.3470000E+01, 4.2690959E-01, 0.0000000E+00
* ELEM  2996  circle
 2, 437, 436
*
  1.2170000E+01, 1.3470000E+01, 3.9175911E-01, 0.0000000E+00
* ELEM  2997  circle
 2, 438, 437
*
  1.2170000E+01, 1.3470000E+01, 3.0971277E-01, 0.0000000E+00
* ELEM  2998  circle
 2, 453, 452
*
  1.0870000E+01, 1.3470000E+01, 4.3800000E-01, 0.0000000E+00
* ELEM  2999  circle
 2, 454, 453
*
  1.0870000E+01, 1.3470000E+01, 4.2690959E-01, 0.0000000E+00
* ELEM  3000  circle
 2, 455, 454
*
  1.0870000E+01, 1.3470000E+01, 3.9175911E-01, 0.0000000E+00
* ELEM  3001  circle
 2, 456, 455
*
  1.0870000E+01, 1.3470000E+01, 3.0971277E-01, 0.0000000E+00
* ELEM  3002  circle
 2, 471, 470
*
  9.5700000E+00, 1.3470000E+01, 4.3800000E-01, 0.0000000E+00
* ELEM  3003  circle
 2, 472, 471
*
  9.5700000E+00, 1.3470000E+01, 4.2690959E-01, 0.0000000E+00
* ELEM  3004  circle
 2, 473, 472
*
  9.5700000E+00, 1.3470000E+01, 3.9175911E-01, 0.0000000E+00
* ELEM  3005  circle
 2, 474, 473
*
  9.5700000E+00, 1.3470000E+01, 3.0971277E-01, 0.0000000E+00
* ELEM  3006  circle
 2, 489, 488
*
  8.2700000E+00, 1.3470000E+01, 4.3800000E-01, 0.0000000E+00
* ELEM  3007  circle
 2, 490, 489
*
  8.2700000E+00, 1.3470000E+01, 4.2690959E-01, 0.0000000E+00
* ELEM  3008  circle
 2, 491, 490
*
  8.2700000E+00, 1.3470000E+01, 3.9175911E-01, 0.0000000E+00
* ELEM  3009  circle
 2, 492, 491
*
  8.2700000E+00, 1.3470000E+01, 3.0971277E-01, 0.0000000E+00
* ELEM  3010  circle
 2, 507, 506
*
  6.9700000E+00, 1.3470000E+01, 4.3800000E-01, 0.0000000E+00
* ELEM  3011  circle
 2, 508, 507
*
  6.9700000E+00, 1.3470000E+01, 4.2690959E-01, 0.0000000E+00
* ELEM  3012  circle
 2, 509, 508
*
  6.9700000E+00, 1.3470000E+01, 3.9175911E-01, 0.0000000E+00
* ELEM  3013  circle
 2, 510, 509
*
  6.9700000E+00, 1.3470000E+01, 3.0971277E-01, 0.0000000E+00
* ELEM  3014  circle
 2, 525, 524
*
  5.6700000E+00, 1.3470000E+01, 4.3800000E-01, 0.0000000E+00
* ELEM  3015  circle
 2, 526, 525
*
  5.6700000E+00, 1.3470000E+01, 4.2690959E-01, 0.0000000E+00
* ELEM  3016  circle
 2, 527, 526
*
  5.6700000E+00, 1.3470000E+01, 3.9175911E-01, 0.0000000E+00
* ELEM  3017  circle
 2, 528, 527
*
  5.6700000E+00, 1.3470000E+01, 3.0971277E-01, 0.0000000E+00
* ELEM  3018  circle
 2, 543, 542
*
  4.3700000E+00, 1.3470000E+01, 4.3800000E-01, 0.0000000E+00
* ELEM  3019  circle
 2, 544, 543
*
  4.3700000E+00, 1.3470000E+01, 4.2690959E-01, 0.0000000E+00
* ELEM  3020  circle
 2, 545, 544
*
  4.3700000E+00, 1.3470000E+01, 3.9175911E-01, 0.0000000E+00
* ELEM  3021  circle
 2, 546, 545
*
  4.3700000E+00, 1.3470000E+01, 3.0971277E-01, 0.0000000E+00
* ELEM  3022  circle
 2, 561, 560
*
  3.0700000E+00, 1.3470000E+01, 4.3800000E-01, 0.0000000E+00
* ELEM  3023  circle
 2, 562, 561
*
  3.0700000E+00, 1.3470000E+01, 4.2690959E-01, 0.0000000E+00
* ELEM  3024  circle
 2, 563, 562
*
  3.0700000E+00, 1.3470000E+01, 3.9175911E-01, 0.0000000E+00
* ELEM  3025  circle
 2, 564, 563
*
  3.0700000E+00, 1.3470000E+01, 3.0971277E-01, 0.0000000E+00
* ELEM  3026  circle
 2, 579, 578
*
  1.3470000E+01, 1.2170000E+01, 4.3800000E-01, 0.0000000E+00
* ELEM  3027  circle
 2, 580, 579
*
  1.3470000E+01, 1.2170000E+01, 4.2690959E-01, 0.0000000E+00
* ELEM  3028  circle
 2, 581, 580
*
  1.3470000E+01, 1.2170000E+01, 3.9175911E-01, 0.0000000E+00
* ELEM  3029  circle
 2, 582, 581
*
  1.3470000E+01, 1.2170000E+01, 3.0971277E-01, 0.0000000E+00
* ELEM  3030  circle
 2, 597, 596
*
  1.0870000E+01, 1.2170000E+01, 4.3800000E-01, 0.0000000E+00
* ELEM  3031  circle
 2, 598, 597
*
  1.0870000E+01, 1.2170000E+01, 4.2690959E-01, 0.0000000E+00
* ELEM  3032  circle
 2, 599, 598
*
  1.0870000E+01, 1.2170000E+01, 3.9175911E-01, 0.0000000E+00
* ELEM  3033  circle
 2, 600, 599
*
  1.0870000E+01, 1.2170000E+01, 3.3927334E-01, 0.0000000E+00
* ELEM  3034  circle
 2, 601, 600
*
  1.0870000E+01, 1.2170000E+01, 2.7701552E-01, 0.0000000E+00
* ELEM  3035  circle
 2, 602, 601
*
  1.0870000E+01, 1.2170000E+01, 1.9587955E-01, 0.0000000E+00
* ELEM  3036  circle
 2, 617, 616
*
  8.2700000E+00, 1.2170000E+01, 4.3800000E-01, 0.0000000E+00
* ELEM  3037  circle
 2, 618, 617
*
  8.2700000E+00, 1.2170000E+01, 4.2690959E-01, 0.0000000E+00
* ELEM  3038  circle
 2, 619, 618
*
  8.2700000E+00, 1.2170000E+01, 3.9175911E-01, 0.0000000E+00
* ELEM  3039  circle
 2, 620, 619
*
  8.2700000E+00, 1.2170000E+01, 3.0971277E-01, 0.0000000E+00
* ELEM  3040  circle
 2, 635, 634
*
  6.9700000E+00, 1.2170000E+01, 4.3800000E-01, 0.0000000E+00
* ELEM  3041  circle
 2, 636, 635
*
  6.9700000E+00, 1.2170000E+01, 4.2690959E-01, 0.0000000E+00
* ELEM  3042  circle
 2, 637, 636
*
  6.9700000E+00, 1.2170000E+01, 3.9175911E-01, 0.0000000E+00
* ELEM  3043  circle
 2, 638, 637
*
  6.9700000E+00, 1.2170000E+01, 3.0971277E-01, 0.0000000E+00
* ELEM  3044  circle
 2, 653, 652
*
  4.3700000E+00, 1.2170000E+01, 4.3800000E-01, 0.0000000E+00
* ELEM  3045  circle
 2, 654, 653
*
  4.3700000E+00, 1.2170000E+01, 4.2690959E-01, 0.0000000E+00
* ELEM  3046  circle
 2, 655, 654
*
  4.3700000E+00, 1.2170000E+01, 3.9175911E-01, 0.0000000E+00
* ELEM  3047  circle
 2, 656, 655
*
  4.3700000E+00, 1.2170000E+01, 3.0971277E-01, 0.0000000E+00
* ELEM  3048  circle
 2, 671, 670
*
  1.7700000E+00, 1.2170000E+01, 4.3800000E-01, 0.0000000E+00
* ELEM  3049  circle
 2, 672, 671
*
  1.7700000E+00, 1.2170000E+01, 4.2690959E-01, 0.0000000E+00
* ELEM  3050  circle
 2, 673, 672
*
  1.7700000E+00, 1.2170000E+01, 3.9175911E-01, 0.0000000E+00
* ELEM  3051  circle
 2, 674, 673
*
  1.7700000E+00, 1.2170000E+01, 3.0971277E-01, 0.0000000E+00
* ELEM  3052  circle
 2, 689, 688
*
  1.3470000E+01, 1.0870000E+01, 4.3800000E-01, 0.0000000E+00
* ELEM  3053  circle
 2, 690, 689
*
  1.3470000E+01, 1.0870000E+01, 4.2690959E-01, 0.0000000E+00
* ELEM  3054  circle
 2, 691, 690
*
  1.3470000E+01, 1.0870000E+01, 3.9175911E-01, 0.0000000E+00
* ELEM  3055  circle
 2, 692, 691
*
  1.3470000E+01, 1.0870000E+01, 3.0971277E-01, 0.0000000E+00
* ELEM  3056  circle
 2, 707, 706
*
  1.2170000E+01, 1.0870000E+01, 4.3800000E-01, 0.0000000E+00
* ELEM  3057  circle
 2, 708, 707
*
  1.2170000E+01, 1.0870000E+01, 4.2690959E-01, 0.0000000E+00
* ELEM  3058  circle
 2, 709, 708
*
  1.2170000E+01, 1.0870000E+01, 3.9175911E-01, 0.0000000E+00
* ELEM  3059  circle
 2, 710, 709
*
  1.2170000E+01, 1.0870000E+01, 3.3927334E-01, 0.0000000E+00
* ELEM  3060  circle
 2, 711, 710
*
  1.2170000E+01, 1.0870000E+01, 2.7701552E-01, 0.0000000E+00
* ELEM  3061  circle
 2, 712, 711
*
  1.2170000E+01, 1.0870000E+01, 1.9587955E-01, 0.0000000E+00
* ELEM  3062  circle
 2, 727, 726
*
  1.0870000E+01, 1.0870000E+01, 4.3800000E-01, 0.0000000E+00
* ELEM  3063  circle
 2, 728, 727
*
  1.0870000E+01, 1.0870000E+01, 4.2690959E-01, 0.0000000E+00
* ELEM  3064  circle
 2, 729, 728
*
  1.0870000E+01, 1.0870000E+01, 3.9175911E-01, 0.0000000E+00
* ELEM  3065  circle
 2, 730, 729
*
  1.0870000E+01, 1.0870000E+01, 3.0971277E-01, 0.0000000E+00
* ELEM  3066  circle
 2, 745, 744
*
  9.5700000E+00, 1.0870000E+01, 4.3800000E-01, 0.0000000E+00
* ELEM  3067  circle
 2, 746, 745
*
  9.5700000E+00, 1.0870000E+01, 4.2690959E-01, 0.0000000E+00
* ELEM  3068  circle
 2, 747, 746
*
  9.5700000E+00, 1.0870000E+01, 3.9175911E-01, 0.0000000E+00
* ELEM  3069  circle
 2, 748, 747
*
  9.5700000E+00, 1.0870000E+01, 3.3927334E-01, 0.0000000E+00
* ELEM  3070  circle
 2, 749, 748
*
  9.5700000E+00, 1.0870000E+01, 2.7701552E-01, 0.0000000E+00
* ELEM  3071  circle
 2, 750, 749
*
  9.5700000E+00, 1.0870000E+01, 1.9587955E-01, 0.0000000E+00
* ELEM  3072  circle
 2, 765, 764
*
  8.2700000E+00, 1.0870000E+01, 4.3800000E-01, 0.0000000E+00
* ELEM  3073  circle
 2, 766, 765
*
  8.2700000E+00, 1.0870000E+01, 4.2690959E-01, 0.0000000E+00
* ELEM  3074  circle
 2, 767, 766
*
  8.2700000E+00, 1.0870000E+01, 3.9175911E-01, 0.0000000E+00
* ELEM  3075  circle
 2, 768, 767
*
  8.2700000E+00, 1.0870000E+01, 3.0971277E-01, 0.0000000E+00
* ELEM  3076  circle
 2, 783, 782
*
  6.9700000E+00, 1.0870000E+01, 4.3800000E-01, 0.0000000E+00
* ELEM  3077  circle
 2, 784, 783
*
  6.9700000E+00, 1.0870000E+01, 4.2690959E-01, 0.0000000E+00
* ELEM  3078  circle
 2, 785, 784
*
  6.9700000E+00, 1.0870000E+01, 3.9175911E-01, 0.0000000E+00
* ELEM  3079  circle
 2, 786, 785
*
  6.9700000E+00, 1.0870000E+01, 3.3927334E-01, 0.0000000E+00
* ELEM  3080  circle
 2, 787, 786
*
  6.9700000E+00, 1.0870000E+01, 2.7701552E-01, 0.0000000E+00
* ELEM  3081  circle
 2, 788, 787
*
  6.9700000E+00, 1.0870000E+01, 1.9587955E-01, 0.0000000E+00
* ELEM  3082  circle
 2, 803, 802
*
  5.6700000E+00, 1.0870000E+01, 4.3800000E-01, 0.0000000E+00
* ELEM  3083  circle
 2, 804, 803
*
  5.6700000E+00, 1.0870000E+01, 4.2690959E-01, 0.0000000E+00
* ELEM  3084  circle
 2, 805, 804
*
  5.6700000E+00, 1.0870000E+01, 3.9175911E-01, 0.0000000E+00
* ELEM  3085  circle
 2, 806, 805
*
  5.6700000E+00, 1.0870000E+01, 3.0971277E-01, 0.0000000E+00
* ELEM  3086  circle
 2, 821, 820
*
  4.3700000E+00, 1.0870000E+01, 4.3800000E-01, 0.0000000E+00
* ELEM  3087  circle
 2, 822, 821
*
  4.3700000E+00, 1.0870000E+01, 4.2690959E-01, 0.0000000E+00
* ELEM  3088  circle
 2, 823, 822
*
  4.3700000E+00, 1.0870000E+01, 3.9175911E-01, 0.0000000E+00
* ELEM  3089  circle
 2, 824, 823
*
  4.3700000E+00, 1.0870000E+01, 3.0971277E-01, 0.0000000E+00
* ELEM  3090  circle
 2, 839, 838
*
  3.0700000E+00, 1.0870000E+01, 4.3800000E-01, 0.0000000E+00
* ELEM  3091  circle
 2, 840, 839
*
  3.0700000E+00, 1.0870000E+01, 4.2690959E-01, 0.0000000E+00
* ELEM  3092  circle
 2, 841, 840
*
  3.0700000E+00, 1.0870000E+01, 3.9175911E-01, 0.0000000E+00
* ELEM  3093  circle
 2, 842, 841
*
  3.0700000E+00, 1.0870000E+01, 3.0971277E-01, 0.0000000E+00
* ELEM  3094  circle
 2, 857, 856
*
  1.7700000E+00, 1.0870000E+01, 4.3800000E-01, 0.0000000E+00
* ELEM  3095  circle
 2, 858, 857
*
  1.7700000E+00, 1.0870000E+01, 4.2690959E-01, 0.0000000E+00
* ELEM  3096  circle
 2, 859, 858
*
  1.7700000E+00, 1.0870000E+01, 3.9175911E-01, 0.0000000E+00
* ELEM  3097  circle
 2, 860, 859
*
  1.7700000E+00, 1.0870000E+01, 3.0971277E-01, 0.0000000E+00
* ELEM  3098  circle
 2, 875, 874
*
  1.3470000E+01, 9.5700000E+00, 4.3800000E-01, 0.0000000E+00
* ELEM  3099  circle
 2, 876, 875
*
  1.3470000E+01, 9.5700000E+00, 4.2690959E-01, 0.0000000E+00
* ELEM  3100  circle
 2, 877, 876
*
  1.3470000E+01, 9.5700000E+00, 3.9175911E-01, 0.0000000E+00
* ELEM  3101  circle
 2, 878, 877
*
  1.3470000E+01, 9.5700000E+00, 3.0971277E-01, 0.0000000E+00
* ELEM  3102  circle
 2, 893, 892
*
  1.0870000E+01, 9.5700000E+00, 4.3800000E-01, 0.0000000E+00
* ELEM  3103  circle
 2, 894, 893
*
  1.0870000E+01, 9.5700000E+00, 4.2690959E-01, 0.0000000E+00
* ELEM  3104  circle
 2, 895, 894
*
  1.0870000E+01, 9.5700000E+00, 3.9175911E-01, 0.0000000E+00
* ELEM  3105  circle
 2, 896, 895
*
  1.0870000E+01, 9.5700000E+00, 3.0971277E-01, 0.0000000E+00
* ELEM  3106  circle
 2, 911, 910
*
  6.9700000E+00, 9.5700000E+00, 4.3800000E-01, 0.0000000E+00
* ELEM  3107  circle
 2, 912, 911
*
  6.9700000E+00, 9.5700000E+00, 4.2690959E-01, 0.0000000E+00
* ELEM  3108  circle
 2, 913, 912
*
  6.9700000E+00, 9.5700000E+00, 3.9175911E-01, 0.0000000E+00
* ELEM  3109  circle
 2, 914, 913
*
  6.9700000E+00, 9.5700000E+00, 3.0971277E-01, 0.0000000E+00
* ELEM  3110  circle
 2, 929, 928
*
  5.6700000E+00, 9.5700000E+00, 4.3800000E-01, 0.0000000E+00
* ELEM  3111  circle
 2, 930, 929
*
  5.6700000E+00, 9.5700000E+00, 4.2690959E-01, 0.0000000E+00
* ELEM  3112  circle
 2, 931, 930
*
  5.6700000E+00, 9.5700000E+00, 3.9175911E-01, 0.0000000E+00
* ELEM  3113  circle
 2, 932, 931
*
  5.6700000E+00, 9.5700000E+00, 3.3927334E-01, 0.0000000E+00
* ELEM  3114  circle
 2, 933, 932
*
  5.6700000E+00, 9.5700000E+00, 2.7701552E-01, 0.0000000E+00
* ELEM  3115  circle
 2, 934, 933
*
  5.6700000E+00, 9.5700000E+00, 1.9587955E-01, 0.0000000E+00
* ELEM  3116  circle
 2, 949, 948
*
  4.3700000E+00, 9.5700000E+00, 4.3800000E-01, 0.0000000E+00
* ELEM  3117  circle
 2, 950, 949
*
  4.3700000E+00, 9.5700000E+00, 4.2690959E-01, 0.0000000E+00
* ELEM  3118  circle
 2, 951, 950
*
  4.3700000E+00, 9.5700000E+00, 3.9175911E-01, 0.0000000E+00
* ELEM  3119  circle
 2, 952, 951
*
  4.3700000E+00, 9.5700000E+00, 3.0971277E-01, 0.0000000E+00
* ELEM  3120  circle
 2, 967, 966
*
  1.7700000E+00, 9.5700000E+00, 4.3800000E-01, 0.0000000E+00
* ELEM  3121  circle
 2, 968, 967
*
  1.7700000E+00, 9.5700000E+00, 4.2690959E-01, 0.0000000E+00
* ELEM  3122  circle
 2, 969, 968
*
  1.7700000E+00, 9.5700000E+00, 3.9175911E-01, 0.0000000E+00
* ELEM  3123  circle
 2, 970, 969
*
  1.7700000E+00, 9.5700000E+00, 3.0971277E-01, 0.0000000E+00
* ELEM  3124  circle
 2, 985, 984
*
  1.3470000E+01, 8.2700000E+00, 4.3800000E-01, 0.0000000E+00
* ELEM  3125  circle
 2, 986, 985
*
  1.3470000E+01, 8.2700000E+00, 4.2690959E-01, 0.0000000E+00
* ELEM  3126  circle
 2, 987, 986
*
  1.3470000E+01, 8.2700000E+00, 3.9175911E-01, 0.0000000E+00
* ELEM  3127  circle
 2, 988, 987
*
  1.3470000E+01, 8.2700000E+00, 3.0971277E-01, 0.0000000E+00
* ELEM  3128  circle
 2, 1003, 1002
*
  1.2170000E+01, 8.2700000E+00, 4.3800000E-01, 0.0000000E+00
* ELEM  3129  circle
 2, 1004, 1003
*
  1.2170000E+01, 8.2700000E+00, 4.2690959E-01, 0.0000000E+00
* ELEM  3130  circle
 2, 1005, 1004
*
  1.2170000E+01, 8.2700000E+00, 3.9175911E-01, 0.0000000E+00
* ELEM  3131  circle
 2, 1006, 1005
*
  1.2170000E+01, 8.2700000E+00, 3.0971277E-01, 0.0000000E+00
* ELEM  3132  circle
 2, 1021, 1020
*
  1.0870000E+01, 8.2700000E+00, 4.3800000E-01, 0.0000000E+00
* ELEM  3133  circle
 2, 1022, 1021
*
  1.0870000E+01, 8.2700000E+00, 4.2690959E-01, 0.0000000E+00
* ELEM  3134  circle
 2, 1023, 1022
*
  1.0870000E+01, 8.2700000E+00, 3.9175911E-01, 0.0000000E+00
* ELEM  3135  circle
 2, 1024, 1023
*
  1.0870000E+01, 8.2700000E+00, 3.0971277E-01, 0.0000000E+00
* ELEM  3136  circle
 2, 1039, 1038
*
  5.6700000E+00, 8.2700000E+00, 4.3800000E-01, 0.0000000E+00
* ELEM  3137  circle
 2, 1040, 1039
*
  5.6700000E+00, 8.2700000E+00, 4.2690959E-01, 0.0000000E+00
* ELEM  3138  circle
 2, 1041, 1040
*
  5.6700000E+00, 8.2700000E+00, 3.9175911E-01, 0.0000000E+00
* ELEM  3139  circle
 2, 1042, 1041
*
  5.6700000E+00, 8.2700000E+00, 3.0971277E-01, 0.0000000E+00
* ELEM  3140  circle
 2, 1057, 1056
*
  1.7700000E+00, 8.2700000E+00, 4.3800000E-01, 0.0000000E+00
* ELEM  3141  circle
 2, 1058, 1057
*
  1.7700000E+00, 8.2700000E+00, 4.2690959E-01, 0.0000000E+00
* ELEM  3142  circle
 2, 1059, 1058
*
  1.7700000E+00, 8.2700000E+00, 3.9175911E-01, 0.0000000E+00
* ELEM  3143  circle
 2, 1060, 1059
*
  1.7700000E+00, 8.2700000E+00, 3.0971277E-01, 0.0000000E+00
* ELEM  3144  circle
 2, 1075, 1074
*
  1.3470000E+01, 6.9700000E+00, 4.3800000E-01, 0.0000000E+00
* ELEM  3145  circle
 2, 1076, 1075
*
  1.3470000E+01, 6.9700000E+00, 4.2690959E-01, 0.0000000E+00
* ELEM  3146  circle
 2, 1077, 1076
*
  1.3470000E+01, 6.9700000E+00, 3.9175911E-01, 0.0000000E+00
* ELEM  3147  circle
 2, 1078, 1077
*
  1.3470000E+01, 6.9700000E+00, 3.0971277E-01, 0.0000000E+00
* ELEM  3148  circle
 2, 1093, 1092
*
  1.2170000E+01, 6.9700000E+00, 4.3800000E-01, 0.0000000E+00
* ELEM  3149  circle
 2, 1094, 1093
*
  1.2170000E+01, 6.9700000E+00, 4.2690959E-01, 0.0000000E+00
* ELEM  3150  circle
 2, 1095, 1094
*
  1.2170000E+01, 6.9700000E+00, 3.9175911E-01, 0.0000000E+00
* ELEM  3151  circle
 2, 1096, 1095
*
  1.2170000E+01, 6.9700000E+00, 3.3927334E-01, 0.0000000E+00
* ELEM  3152  circle
 2, 1097, 1096
*
  1.2170000E+01, 6.9700000E+00, 2.7701552E-01, 0.0000000E+00
* ELEM  3153  circle
 2, 1098, 1097
*
  1.2170000E+01, 6.9700000E+00, 1.9587955E-01, 0.0000000E+00
* ELEM  3154  circle
 2, 1113, 1112
*
  1.0870000E+01, 6.9700000E+00, 4.3800000E-01, 0.0000000E+00
* ELEM  3155  circle
 2, 1114, 1113
*
  1.0870000E+01, 6.9700000E+00, 4.2690959E-01, 0.0000000E+00
* ELEM  3156  circle
 2, 1115, 1114
*
  1.0870000E+01, 6.9700000E+00, 3.9175911E-01, 0.0000000E+00
* ELEM  3157  circle
 2, 1116, 1115
*
  1.0870000E+01, 6.9700000E+00, 3.0971277E-01, 0.0000000E+00
* ELEM  3158  circle
 2, 1131, 1130
*
  9.5700000E+00, 6.9700000E+00, 4.3800000E-01, 0.0000000E+00
* ELEM  3159  circle
 2, 1132, 1131
*
  9.5700000E+00, 6.9700000E+00, 4.2690959E-01, 0.0000000E+00
* ELEM  3160  circle
 2, 1133, 1132
*
  9.5700000E+00, 6.9700000E+00, 3.9175911E-01, 0.0000000E+00
* ELEM  3161  circle
 2, 1134, 1133
*
  9.5700000E+00, 6.9700000E+00, 3.3927334E-01, 0.0000000E+00
* ELEM  3162  circle
 2, 1135, 1134
*
  9.5700000E+00, 6.9700000E+00, 2.7701552E-01, 0.0000000E+00
* ELEM  3163  circle
 2, 1136, 1135
*
  9.5700000E+00, 6.9700000E+00, 1.9587955E-01, 0.0000000E+00
* ELEM  3164  circle
 2, 1151, 1150
*
  4.3700000E+00, 6.9700000E+00, 4.3800000E-01, 0.0000000E+00
* ELEM  3165  circle
 2, 1152, 1151
*
  4.3700000E+00, 6.9700000E+00, 4.2690959E-01, 0.0000000E+00
* ELEM  3166  circle
 2, 1153, 1152
*
  4.3700000E+00, 6.9700000E+00, 3.9175911E-01, 0.0000000E+00
* ELEM  3167  circle
 2, 1154, 1153
*
  4.3700000E+00, 6.9700000E+00, 3.0971277E-01, 0.0000000E+00
* ELEM  3168  circle
 2, 1169, 1168
*
  3.0700000E+00, 6.9700000E+00, 4.3800000E-01, 0.0000000E+00
* ELEM  3169  circle
 2, 1170, 1169
*
  3.0700000E+00, 6.9700000E+00, 4.2690959E-01, 0.0000000E+00
* ELEM  3170  circle
 2, 1171, 1170
*
  3.0700000E+00, 6.9700000E+00, 3.9175911E-01, 0.0000000E+00
* ELEM  3171  circle
 2, 1172, 1171
*
  3.0700000E+00, 6.9700000E+00, 3.0971277E-01, 0.0000000E+00
* ELEM  3172  circle
 2, 1187, 1186
*
  1.7700000E+00, 6.9700000E+00, 4.3800000E-01, 0.0000000E+00
* ELEM  3173  circle
 2, 1188, 1187
*
  1.7700000E+00, 6.9700000E+00, 4.2690959E-01, 0.0000000E+00
* ELEM  3174  circle
 2, 1189, 1188
*
  1.7700000E+00, 6.9700000E+00, 3.9175911E-01, 0.0000000E+00
* ELEM  3175  circle
 2, 1190, 1189
*
  1.7700000E+00, 6.9700000E+00, 3.0971277E-01, 0.0000000E+00
* ELEM  3176  circle
 2, 1205, 1204
*
  1.3470000E+01, 5.6700000E+00, 4.3800000E-01, 0.0000000E+00
* ELEM  3177  circle
 2, 1206, 1205
*
  1.3470000E+01, 5.6700000E+00, 4.2690959E-01, 0.0000000E+00
* ELEM  3178  circle
 2, 1207, 1206
*
  1.3470000E+01, 5.6700000E+00, 3.9175911E-01, 0.0000000E+00
* ELEM  3179  circle
 2, 1208, 1207
*
  1.3470000E+01, 5.6700000E+00, 3.0971277E-01, 0.0000000E+00
* ELEM  3180  circle
 2, 1223, 1222
*
  1.0870000E+01, 5.6700000E+00, 4.3800000E-01, 0.0000000E+00
* ELEM  3181  circle
 2, 1224, 1223
*
  1.0870000E+01, 5.6700000E+00, 4.2690959E-01, 0.0000000E+00
* ELEM  3182  circle
 2, 1225, 1224
*
  1.0870000E+01, 5.6700000E+00, 3.9175911E-01, 0.0000000E+00
* ELEM  3183  circle
 2, 1226, 1225
*
  1.0870000E+01, 5.6700000E+00, 3.0971277E-01, 0.0000000E+00
* ELEM  3184  circle
 2, 1241, 1240
*
  9.5700000E+00, 5.6700000E+00, 4.3800000E-01, 0.0000000E+00
* ELEM  3185  circle
 2, 1242, 1241
*
  9.5700000E+00, 5.6700000E+00, 4.2690959E-01, 0.0000000E+00
* ELEM  3186  circle
 2, 1243, 1242
*
  9.5700000E+00, 5.6700000E+00, 3.9175911E-01, 0.0000000E+00
* ELEM  3187  circle
 2, 1244, 1243
*
  9.5700000E+00, 5.6700000E+00, 3.0971277E-01, 0.0000000E+00
* ELEM  3188  circle
 2, 1259, 1258
*
  8.2700000E+00, 5.6700000E+00, 4.3800000E-01, 0.0000000E+00
* ELEM  3189  circle
 2, 1260, 1259
*
  8.2700000E+00, 5.6700000E+00, 4.2690959E-01, 0.0000000E+00
* ELEM  3190  circle
 2, 1261, 1260
*
  8.2700000E+00, 5.6700000E+00, 3.9175911E-01, 0.0000000E+00
* ELEM  3191  circle
 2, 1262, 1261
*
  8.2700000E+00, 5.6700000E+00, 3.3927334E-01, 0.0000000E+00
* ELEM  3192  circle
 2, 1263, 1262
*
  8.2700000E+00, 5.6700000E+00, 2.7701552E-01, 0.0000000E+00
* ELEM  3193  circle
 2, 1264, 1263
*
  8.2700000E+00, 5.6700000E+00, 1.9587955E-01, 0.0000000E+00
* ELEM  3194  circle
 2, 1279, 1278
*
  4.3700000E+00, 5.6700000E+00, 4.3800000E-01, 0.0000000E+00
* ELEM  3195  circle
 2, 1280, 1279
*
  4.3700000E+00, 5.6700000E+00, 4.2690959E-01, 0.0000000E+00
* ELEM  3196  circle
 2, 1281, 1280
*
  4.3700000E+00, 5.6700000E+00, 3.9175911E-01, 0.0000000E+00
* ELEM  3197  circle
 2, 1282, 1281
*
  4.3700000E+00, 5.6700000E+00, 3.3927334E-01, 0.0000000E+00
* ELEM  3198  circle
 2, 1283, 1282
*
  4.3700000E+00, 5.6700000E+00, 2.7701552E-01, 0.0000000E+00
* ELEM  3199  circle
 2, 1284, 1283
*
  4.3700000E+00, 5.6700000E+00, 1.9587955E-01, 0.0000000E+00
* ELEM  3200  circle
 2, 1299, 1298
*
  1.7700000E+00, 5.6700000E+00, 4.3800000E-01, 0.0000000E+00
* ELEM  3201  circle
 2, 1300, 1299
*
  1.7700000E+00, 5.6700000E+00, 4.2690959E-01, 0.0000000E+00
* ELEM  3202  circle
 2, 1301, 1300
*
  1.7700000E+00, 5.6700000E+00, 3.9175911E-01, 0.0000000E+00
* ELEM  3203  circle
 2, 1302, 1301
*
  1.7700000E+00, 5.6700000E+00, 3.0971277E-01, 0.0000000E+00
* ELEM  3204  circle
 2, 1317, 1316
*
  1.3470000E+01, 4.3700000E+00, 4.3800000E-01, 0.0000000E+00
* ELEM  3205  circle
 2, 1318, 1317
*
  1.3470000E+01, 4.3700000E+00, 4.2690959E-01, 0.0000000E+00
* ELEM  3206  circle
 2, 1319, 1318
*
  1.3470000E+01, 4.3700000E+00, 3.9175911E-01, 0.0000000E+00
* ELEM  3207  circle
 2, 1320, 1319
*
  1.3470000E+01, 4.3700000E+00, 3.0971277E-01, 0.0000000E+00
* ELEM  3208  circle
 2, 1335, 1334
*
  1.2170000E+01, 4.3700000E+00, 4.3800000E-01, 0.0000000E+00
* ELEM  3209  circle
 2, 1336, 1335
*
  1.2170000E+01, 4.3700000E+00, 4.2690959E-01, 0.0000000E+00
* ELEM  3210  circle
 2, 1337, 1336
*
  1.2170000E+01, 4.3700000E+00, 3.9175911E-01, 0.0000000E+00
* ELEM  3211  circle
 2, 1338, 1337
*
  1.2170000E+01, 4.3700000E+00, 3.3927334E-01, 0.0000000E+00
* ELEM  3212  circle
 2, 1339, 1338
*
  1.2170000E+01, 4.3700000E+00, 2.7701552E-01, 0.0000000E+00
* ELEM  3213  circle
 2, 1340, 1339
*
  1.2170000E+01, 4.3700000E+00, 1.9587955E-01, 0.0000000E+00
* ELEM  3214  circle
 2, 1355, 1354
*
  1.0870000E+01, 4.3700000E+00, 4.3800000E-01, 0.0000000E+00
* ELEM  3215  circle
 2, 1356, 1355
*
  1.0870000E+01, 4.3700000E+00, 4.2690959E-01, 0.0000000E+00
* ELEM  3216  circle
 2, 1357, 1356
*
  1.0870000E+01, 4.3700000E+00, 3.9175911E-01, 0.0000000E+00
* ELEM  3217  circle
 2, 1358, 1357
*
  1.0870000E+01, 4.3700000E+00, 3.0971277E-01, 0.0000000E+00
* ELEM  3218  circle
 2, 1373, 1372
*
  9.5700000E+00, 4.3700000E+00, 4.3800000E-01, 0.0000000E+00
* ELEM  3219  circle
 2, 1374, 1373
*
  9.5700000E+00, 4.3700000E+00, 4.2690959E-01, 0.0000000E+00
* ELEM  3220  circle
 2, 1375, 1374
*
  9.5700000E+00, 4.3700000E+00, 3.9175911E-01, 0.0000000E+00
* ELEM  3221  circle
 2, 1376, 1375
*
  9.5700000E+00, 4.3700000E+00, 3.0971277E-01, 0.0000000E+00
* ELEM  3222  circle
 2, 1391, 1390
*
  8.2700000E+00, 4.3700000E+00, 4.3800000E-01, 0.0000000E+00
* ELEM  3223  circle
 2, 1392, 1391
*
  8.2700000E+00, 4.3700000E+00, 4.2690959E-01, 0.0000000E+00
* ELEM  3224  circle
 2, 1393, 1392
*
  8.2700000E+00, 4.3700000E+00, 3.9175911E-01, 0.0000000E+00
* ELEM  3225  circle
 2, 1394, 1393
*
  8.2700000E+00, 4.3700000E+00, 3.0971277E-01, 0.0000000E+00
* ELEM  3226  circle
 2, 1409, 1408
*
  6.9700000E+00, 4.3700000E+00, 4.3800000E-01, 0.0000000E+00
* ELEM  3227  circle
 2, 1410, 1409
*
  6.9700000E+00, 4.3700000E+00, 4.2690959E-01, 0.0000000E+00
* ELEM  3228  circle
 2, 1411, 1410
*
  6.9700000E+00, 4.3700000E+00, 3.9175911E-01, 0.0000000E+00
* ELEM  3229  circle
 2, 1412, 1411
*
  6.9700000E+00, 4.3700000E+00, 3.0971277E-01, 0.0000000E+00
* ELEM  3230  circle
 2, 1427, 1426
*
  5.6700000E+00, 4.3700000E+00, 4.3800000E-01, 0.0000000E+00
* ELEM  3231  circle
 2, 1428, 1427
*
  5.6700000E+00, 4.3700000E+00, 4.2690959E-01, 0.0000000E+00
* ELEM  3232  circle
 2, 1429, 1428
*
  5.6700000E+00, 4.3700000E+00, 3.9175911E-01, 0.0000000E+00
* ELEM  3233  circle
 2, 1430, 1429
*
  5.6700000E+00, 4.3700000E+00, 3.0971277E-01, 0.0000000E+00
* ELEM  3234  circle
 2, 1445, 1444
*
  3.0700000E+00, 4.3700000E+00, 4.3800000E-01, 0.0000000E+00
* ELEM  3235  circle
 2, 1446, 1445
*
  3.0700000E+00, 4.3700000E+00, 4.2690959E-01, 0.0000000E+00
* ELEM  3236  circle
 2, 1447, 1446
*
  3.0700000E+00, 4.3700000E+00, 3.9175911E-01, 0.0000000E+00
* ELEM  3237  circle
 2, 1448, 1447
*
  3.0700000E+00, 4.3700000E+00, 3.3927334E-01, 0.0000000E+00
* ELEM  3238  circle
 2, 1449, 1448
*
  3.0700000E+00, 4.3700000E+00, 2.7701552E-01, 0.0000000E+00
* ELEM  3239  circle
 2, 1450, 1449
*
  3.0700000E+00, 4.3700000E+00, 1.9587955E-01, 0.0000000E+00
* ELEM  3240  circle
 2, 1465, 1464
*
  1.7700000E+00, 4.3700000E+00, 4.3800000E-01, 0.0000000E+00
* ELEM  3241  circle
 2, 1466, 1465
*
  1.7700000E+00, 4.3700000E+00, 4.2690959E-01, 0.0000000E+00
* ELEM  3242  circle
 2, 1467, 1466
*
  1.7700000E+00, 4.3700000E+00, 3.9175911E-01, 0.0000000E+00
* ELEM  3243  circle
 2, 1468, 1467
*
  1.7700000E+00, 4.3700000E+00, 3.0971277E-01, 0.0000000E+00
* ELEM  3244  circle
 2, 1483, 1482
*
  1.3470000E+01, 3.0700000E+00, 4.3800000E-01, 0.0000000E+00
* ELEM  3245  circle
 2, 1484, 1483
*
  1.3470000E+01, 3.0700000E+00, 4.2690959E-01, 0.0000000E+00
* ELEM  3246  circle
 2, 1485, 1484
*
  1.3470000E+01, 3.0700000E+00, 3.9175911E-01, 0.0000000E+00
* ELEM  3247  circle
 2, 1486, 1485
*
  1.3470000E+01, 3.0700000E+00, 3.0971277E-01, 0.0000000E+00
* ELEM  3248  circle
 2, 1501, 1500
*
  1.0870000E+01, 3.0700000E+00, 4.3800000E-01, 0.0000000E+00
* ELEM  3249  circle
 2, 1502, 1501
*
  1.0870000E+01, 3.0700000E+00, 4.2690959E-01, 0.0000000E+00
* ELEM  3250  circle
 2, 1503, 1502
*
  1.0870000E+01, 3.0700000E+00, 3.9175911E-01, 0.0000000E+00
* ELEM  3251  circle
 2, 1504, 1503
*
  1.0870000E+01, 3.0700000E+00, 3.3927334E-01, 0.0000000E+00
* ELEM  3252  circle
 2, 1505, 1504
*
  1.0870000E+01, 3.0700000E+00, 2.7701552E-01, 0.0000000E+00
* ELEM  3253  circle
 2, 1506, 1505
*
  1.0870000E+01, 3.0700000E+00, 1.9587955E-01, 0.0000000E+00
* ELEM  3254  circle
 2, 1521, 1520
*
  6.9700000E+00, 3.0700000E+00, 4.3800000E-01, 0.0000000E+00
* ELEM  3255  circle
 2, 1522, 1521
*
  6.9700000E+00, 3.0700000E+00, 4.2690959E-01, 0.0000000E+00
* ELEM  3256  circle
 2, 1523, 1522
*
  6.9700000E+00, 3.0700000E+00, 3.9175911E-01, 0.0000000E+00
* ELEM  3257  circle
 2, 1524, 1523
*
  6.9700000E+00, 3.0700000E+00, 3.0971277E-01, 0.0000000E+00
* ELEM  3258  circle
 2, 1539, 1538
*
  1.7700000E+00, 3.0700000E+00, 4.3800000E-01, 0.0000000E+00
* ELEM  3259  circle
 2, 1540, 1539
*
  1.7700000E+00, 3.0700000E+00, 4.2690959E-01, 0.0000000E+00
* ELEM  3260  circle
 2, 1541, 1540
*
  1.7700000E+00, 3.0700000E+00, 3.9175911E-01, 0.0000000E+00
* ELEM  3261  circle
 2, 1542, 1541
*
  1.7700000E+00, 3.0700000E+00, 3.0971277E-01, 0.0000000E+00
* ELEM  3262  circle
 2, 1557, 1556
*
  1.2170000E+01, 1.7700000E+00, 4.3800000E-01, 0.0000000E+00
* ELEM  3263  circle
 2, 1558, 1557
*
  1.2170000E+01, 1.7700000E+00, 4.2690959E-01, 0.0000000E+00
* ELEM  3264  circle
 2, 1559, 1558
*
  1.2170000E+01, 1.7700000E+00, 3.9175911E-01, 0.0000000E+00
* ELEM  3265  circle
 2, 1560, 1559
*
  1.2170000E+01, 1.7700000E+00, 3.0971277E-01, 0.0000000E+00
* ELEM  3266  circle
 2, 1575, 1574
*
  1.0870000E+01, 1.7700000E+00, 4.3800000E-01, 0.0000000E+00
* ELEM  3267  circle
 2, 1576, 1575
*
  1.0870000E+01, 1.7700000E+00, 4.2690959E-01, 0.0000000E+00
* ELEM  3268  circle
 2, 1577, 1576
*
  1.0870000E+01, 1.7700000E+00, 3.9175911E-01, 0.0000000E+00
* ELEM  3269  circle
 2, 1578, 1577
*
  1.0870000E+01, 1.7700000E+00, 3.0971277E-01, 0.0000000E+00
* ELEM  3270  circle
 2, 1593, 1592
*
  9.5700000E+00, 1.7700000E+00, 4.3800000E-01, 0.0000000E+00
* ELEM  3271  circle
 2, 1594, 1593
*
  9.5700000E+00, 1.7700000E+00, 4.2690959E-01, 0.0000000E+00
* ELEM  3272  circle
 2, 1595, 1594
*
  9.5700000E+00, 1.7700000E+00, 3.9175911E-01, 0.0000000E+00
* ELEM  3273  circle
 2, 1596, 1595
*
  9.5700000E+00, 1.7700000E+00, 3.0971277E-01, 0.0000000E+00
* ELEM  3274  circle
 2, 1611, 1610
*
  8.2700000E+00, 1.7700000E+00, 4.3800000E-01, 0.0000000E+00
* ELEM  3275  circle
 2, 1612, 1611
*
  8.2700000E+00, 1.7700000E+00, 4.2690959E-01, 0.0000000E+00
* ELEM  3276  circle
 2, 1613, 1612
*
  8.2700000E+00, 1.7700000E+00, 3.9175911E-01, 0.0000000E+00
* ELEM  3277  circle
 2, 1614, 1613
*
  8.2700000E+00, 1.7700000E+00, 3.0971277E-01, 0.0000000E+00
* ELEM  3278  circle
 2, 1629, 1628
*
  6.9700000E+00, 1.7700000E+00, 4.3800000E-01, 0.0000000E+00
* ELEM  3279  circle
 2, 1630, 1629
*
  6.9700000E+00, 1.7700000E+00, 4.2690959E-01, 0.0000000E+00
* ELEM  3280  circle
 2, 1631, 1630
*
  6.9700000E+00, 1.7700000E+00, 3.9175911E-01, 0.0000000E+00
* ELEM  3281  circle
 2, 1632, 1631
*
  6.9700000E+00, 1.7700000E+00, 3.0971277E-01, 0.0000000E+00
* ELEM  3282  circle
 2, 1647, 1646
*
  5.6700000E+00, 1.7700000E+00, 4.3800000E-01, 0.0000000E+00
* ELEM  3283  circle
 2, 1648, 1647
*
  5.6700000E+00, 1.7700000E+00, 4.2690959E-01, 0.0000000E+00
* ELEM  3284  circle
 2, 1649, 1648
*
  5.6700000E+00, 1.7700000E+00, 3.9175911E-01, 0.0000000E+00
* ELEM  3285  circle
 2, 1650, 1649
*
  5.6700000E+00, 1.7700000E+00, 3.0971277E-01, 0.0000000E+00
* ELEM  3286  line segment
 1, 1701, 1706
*
  1.1200000E+00, 3.7200000E+00, -2.0000000E-01, 0.0000000E+00
* ELEM  3287  line segment
 1, 1702, 1768
*
  2.4200000E+00, 9.2000000E-01, 0.0000000E+00, 2.0000000E-01
* ELEM  3288  line segment
 1, 1704, 1701
*
  1.1200000E+00, 5.0200000E+00, -2.0000000E-01, 0.0000000E+00
* ELEM  3289  line segment
 1, 1703, 1702
*
  3.7200000E+00, 9.2000000E-01, 0.0000000E+00, 2.0000000E-01
* ELEM  3290  line segment
 1, 1705, 1704
*
  1.1200000E+00, 6.3200000E+00, -2.0000000E-01, 0.0000000E+00
* ELEM  3291  line segment
 1, 1707, 1703
*
  5.0200000E+00, 9.2000000E-01, 0.0000000E+00, 2.0000000E-01
* ELEM  3292  line segment
 1, 1697, 1705
*
  1.1200000E+00, 7.6200000E+00, -2.0000000E-01, 0.0000000E+00
* ELEM  3293  line segment
 1, 1708, 1707
*
  6.3200000E+00, 9.2000000E-01, 0.0000000E+00, 2.0000000E-01
* ELEM  3294  line segment
 1, 1709, 1697
*
  1.1200000E+00, 8.9200000E+00, -2.0000000E-01, 0.0000000E+00
* ELEM  3295  line segment
 1, 1700, 1708
*
  7.6200000E+00, 9.2000000E-01, 0.0000000E+00, 2.0000000E-01
* ELEM  3296  line segment
 1, 1698, 1709
*
  1.1200000E+00, 1.0220000E+01, -2.0000000E-01, 0.0000000E+00
* ELEM  3297  line segment
 1, 1715, 1700
*
  8.9200000E+00, 9.2000000E-01, 0.0000000E+00, 2.0000000E-01
* ELEM  3298  line segment
 1, 1699, 1698
*
  1.1200000E+00, 1.1520000E+01, -2.0000000E-01, 0.0000000E+00
* ELEM  3299  line segment
 1, 1695, 1715
*
  1.0220000E+01, 9.2000000E-01, 0.0000000E+00, 2.0000000E-01
* ELEM  3300  line segment
 1, 1769, 1699
*
  1.1200000E+00, 1.2820000E+01, -2.0000000E-01, 0.0000000E+00
* ELEM  3301  line segment
 1, 1696, 1695
*
  1.1520000E+01, 9.2000000E-01, 0.0000000E+00, 2.0000000E-01
* ELEM  3302  line segment
 1, 1771, 1696
*
  1.2820000E+01, 9.2000000E-01, 0.0000000E+00, 2.0000000E-01
* ELEM  3303  line segment
 1, 1724, 1770
*
  2.4200000E+00, 1.4120000E+01, 0.0000000E+00, 2.0000000E-01
* ELEM  3304  line segment
 1, 1721, 1772
*
  1.4320000E+01, 2.4200000E+00, -2.0000000E-01, 0.0000000E+00
* ELEM  3305  line segment
 1, 1714, 1724
*
  3.7200000E+00, 1.4120000E+01, 0.0000000E+00, 2.0000000E-01
* ELEM  3306  line segment
 1, 1716, 1721
*
  1.4320000E+01, 3.7200000E+00, -2.0000000E-01, 0.0000000E+00
* ELEM  3307  line segment
 1, 1719, 1714
*
  5.0200000E+00, 1.4120000E+01, 0.0000000E+00, 2.0000000E-01
* ELEM  3308  line segment
 1, 1722, 1716
*
  1.4320000E+01, 5.0200000E+00, -2.0000000E-01, 0.0000000E+00
* ELEM  3309  line segment
 1, 1720, 1719
*
  6.3200000E+00, 1.4120000E+01, 0.0000000E+00, 2.0000000E-01
* ELEM  3310  line segment
 1, 1723, 1722
*
  1.4320000E+01, 6.3200000E+00, -2.0000000E-01, 0.0000000E+00
* ELEM  3311  line segment
 1, 1710, 1720
*
  7.6200000E+00, 1.4120000E+01, 0.0000000E+00, 2.0000000E-01
* ELEM  3312  line segment
 1, 1713, 1723
*
  1.4320000E+01, 7.6200000E+00, -2.0000000E-01, 0.0000000E+00
* ELEM  3313  line segment
 1, 1725, 1710
*
  8.9200000E+00, 1.4120000E+01, 0.0000000E+00, 2.0000000E-01
* ELEM  3314  line segment
 1, 1726, 1713
*
  1.4320000E+01, 8.9200000E+00, -2.0000000E-01, 0.0000000E+00
* ELEM  3315  line segment
 1, 1711, 1725
*
  1.0220000E+01, 1.4120000E+01, 0.0000000E+00, 2.0000000E-01
* ELEM  3316  line segment
 1, 1717, 1726
*
  1.4320000E+01, 1.0220000E+01, -2.0000000E-01, 0.0000000E+00
* ELEM  3317  line segment
 1, 1712, 1711
*
  1.1520000E+01, 1.4120000E+01, 0.0000000E+00, 2.0000000E-01
* ELEM  3318  line segment
 1, 1718, 1717
*
  1.4320000E+01, 1.1520000E+01, -2.0000000E-01, 0.0000000E+00
* ELEM  3319  line segment
 1, 1773, 1712
*
  1.2820000E+01, 1.4120000E+01, 0.0000000E+00, 2.0000000E-01
* ELEM  3320  line segment
 1, 1774, 1718
*
  1.4320000E+01, 1.2820000E+01, -2.0000000E-01, 0.0000000E+00
* boundaries conditions: defaul nbbcda allsur
  0, 0, 0
* albedo
  1.0
#  1 - COOLANT
#  2 - CLAD
#  3 - MODERATOR
#  4 - GAP
#  5 - UOX16_zone_4
#  6 - UOX16_zone_3
#  7 - UOX16_zone_2
#  8 - UOX16_zone_1
#  9 - UOX49Gd6_zone_6
# 10 - UOX49Gd6_zone_5
# 11 - UOX49Gd6_zone_4
# 12 - UOX49Gd6_zone_3
# 13 - UOX49Gd6_zone_2
# 14 - UOX49Gd6_zone_1
# 15 - UOX36_zone_4
# 16 - UOX36_zone_3
# 17 - UOX36_zone_2
# 18 - UOX36_zone_1
# 19 - UOX44_zone_4
# 20 - UOX44_zone_3
# 21 - UOX44_zone_2
# 22 - UOX44_zone_1
# 23 - UOX49Gd8_zone_6
# 24 - UOX49Gd8_zone_5
# 25 - UOX49Gd8_zone_4
# 26 - UOX49Gd8_zone_3
# 27 - UOX49Gd8_zone_2
# 28 - UOX49Gd8_zone_1
# 29 - UOX44Gd6_zone_6
# 30 - UOX44Gd6_zone_5
# 31 - UOX44Gd6_zone_4
# 32 - UOX44Gd6_zone_3
# 33 - UOX44Gd6_zone_2
# 34 - UOX44Gd6_zone_1
# 35 - UOX32_zone_4
# 36 - UOX32_zone_3
# 37 - UOX32_zone_2
# 38 - UOX32_zone_1
# 39 - UOX49_zone_4
# 40 - UOX49_zone_3
# 41 - UOX49_zone_2
# 42 - UOX49_zone_1
# 43 - UOX40_zone_4
# 44 - UOX40_zone_3
# 45 - UOX40_zone_2
# 46 - UOX40_zone_1
# 47 - UOX28_zone_4
# 48 - UOX28_zone_3
# 49 - UOX28_zone_2
# 50 - UOX28_zone_1
# 51 - CHANNEL_BOX
* medium number per region
  1
  1
  1
  1
  1
  1
  1
  1
  1
  1
  1
  1
  1
  1
  1
  1
  1
  1
  1
  1
  1
  1
  1
  1
  1
  1
  1
  1
  1
  1
  1
  1
  1
  1
  1
  1
  1
  1
  1
  1
  1
  1
  1
  1
  1
  1
  1
  1
  1
  1
  1
  1
  1
  1
  1
  1
  1
  1
  1
  1
  1
  1
  1
  1
  1
  1
  1
  1
  1
  1
  1
  1
  1
  1
  1
  1
  1
  1
  1
  1
  1
  1
  1
  1
  1
  1
  1
  1
  1
  1
  1
  1
  1
  1
  1
  1
  1
  1
  1
  1
  1
  1
  1
  1
  1
  1
  1
  1
  1
  1
  1
  1
  1
  1
  1
  1
  1
  1
  1
  1
  1
  1
  1
  1
  1
  1
  1
  1
  1
  1
  1
  1
  1
  1
  1
  1
  1
  1
  1
  1
  1
  1
  1
  1
  1
  1
  1
  1
  1
  1
  1
  1
  1
  1
  1
  1
  1
  1
  1
  1
  1
  1
  1
  1
  1
  1
  1
  1
  1
  1
  1
  1
  1
  1
  1
  1
  1
  1
  1
  1
  1
  1
  1
  1
  1
  1
  1
  1
  1
  1
  1
  1
  1
  1
  1
  1
  1
  1
  1
  1
  1
  1
  1
  1
  2
  3
  1
  1
  1
  1
  1
  1
  1
  1
  2
  3
  1
  1
  1
  1
  1
  1
  1
  1
  1
  1
  1
  1
  2
  4
  5
  6
  7
  8
  1
  1
  1
  1
  1
  1
  1
  1
  1
  1
  1
  1
  2
  4
  9
  10
  11
  12
  13
  14
  1
  1
  1
  1
  1
  1
  1
  1
  1
  1
  1
  1
  2
  4
  15
  16
  17
  18
  1
  1
  1
  1
  1
  1
  1
  1
  1
  1
  1
  1
  2
  4
  19
  20
  21
  22
  1
  1
  1
  1
  1
  1
  1
  1
  1
  1
  1
  1
  2
  4
  23
  24
  25
  26
  27
  28
  1
  1
  1
  1
  1
  1
  1
  1
  1
  1
  1
  1
  2
  4
  29
  30
  31
  32
  33
  34
  1
  1
  1
  1
  1
  1
  1
  1
  1
  1
  1
  1
  2
  4
  35
  36
  37
  38
  1
  1
  1
  1
  1
  1
  1
  1
  1
  1
  1
  1
  2
  4
  39
  40
  41
  42
  1
  1
  1
  1
  1
  1
  1
  1
  1
  1
  1
  1
  2
  4
  43
  44
  45
  46
  1
  1
  1
  1
  1
  1
  1
  1
  1
  1
  1
  1
  2
  4
  47
  48
  49
  50
  1
  1
  1
  1
  1
  1
  1
  1
  1
  1
  1
  1
  2
  4
  47
  48
  49
  50
  1
  1
  1
  1
  1
  1
  1
  1
  1
  1
  1
  1
  2
  4
  43
  44
  45
  46
  1
  1
  1
  1
  1
  1
  1
  1
  1
  1
  1
  1
  2
  4
  43
  44
  45
  46
  1
  1
  1
  1
  1
  1
  1
  1
  1
  1
  1
  1
  2
  4
  43
  44
  45
  46
  1
  1
  1
  1
  1
  1
  1
  1
  1
  1
  1
  1
  2
  4
  43
  44
  45
  46
  1
  1
  1
  1
  1
  1
  1
  1
  1
  1
  1
  1
  2
  4
  43
  44
  45
  46
  1
  1
  1
  1
  1
  1
  1
  1
  1
  1
  1
  1
  2
  4
  43
  44
  45
  46
  1
  1
  1
  1
  1
  1
  1
  1
  1
  1
  1
  1
  2
  4
  35
  36
  37
  38
  1
  1
  1
  1
  1
  1
  1
  1
  1
  1
  1
  1
  2
  4
  47
  48
  49
  50
  1
  1
  1
  1
  1
  1
  1
  1
  1
  1
  1
  1
  2
  4
  43
  44
  45
  46
  1
  1
  1
  1
  1
  1
  1
  1
  1
  1
  1
  1
  2
  4
  29
  30
  31
  32
  33
  34
  1
  1
  1
  1
  1
  1
  1
  1
  1
  1
  1
  1
  2
  4
  43
  44
  45
  46
  1
  1
  1
  1
  1
  1
  1
  1
  1
  1
  1
  1
  2
  4
  15
  16
  17
  18
  1
  1
  1
  1
  1
  1
  1
  1
  1
  1
  1
  1
  2
  4
  35
  36
  37
  38
  1
  1
  1
  1
  1
  1
  1
  1
  1
  1
  1
  1
  2
  4
  47
  48
  49
  50
  1
  1
  1
  1
  1
  1
  1
  1
  1
  1
  1
  1
  2
  4
  39
  40
  41
  42
  1
  1
  1
  1
  1
  1
  1
  1
  1
  1
  1
  1
  2
  4
  29
  30
  31
  32
  33
  34
  1
  1
  1
  1
  1
  1
  1
  1
  1
  1
  1
  1
  2
  4
  19
  20
  21
  22
  1
  1
  1
  1
  1
  1
  1
  1
  1
  1
  1
  1
  2
  4
  29
  30
  31
  32
  33
  34
  1
  1
  1
  1
  1
  1
  1
  1
  1
  1
  1
  1
  2
  4
  19
  20
  21
  22
  1
  1
  1
  1
  1
  1
  1
  1
  1
  1
  1
  1
  2
  4
  9
  10
  11
  12
  13
  14
  1
  1
  1
  1
  1
  1
  1
  1
  1
  1
  1
  1
  2
  4
  19
  20
  21
  22
  1
  1
  1
  1
  1
  1
  1
  1
  1
  1
  1
  1
  2
  4
  19
  20
  21
  22
  1
  1
  1
  1
  1
  1
  1
  1
  1
  1
  1
  1
  2
  4
  35
  36
  37
  38
  1
  1
  1
  1
  1
  1
  1
  1
  1
  1
  1
  1
  2
  4
  35
  36
  37
  38
  1
  1
  1
  1
  1
  1
  1
  1
  1
  1
  1
  1
  2
  4
  39
  40
  41
  42
  1
  1
  1
  1
  1
  1
  1
  1
  1
  1
  1
  1
  2
  4
  39
  40
  41
  42
  1
  1
  1
  1
  1
  1
  1
  1
  1
  1
  1
  1
  2
  4
  43
  44
  45
  46
  1
  1
  1
  1
  1
  1
  1
  1
  1
  1
  1
  1
  2
  4
  23
  24
  25
  26
  27
  28
  1
  1
  1
  1
  1
  1
  1
  1
  1
  1
  1
  1
  2
  4
  19
  20
  21
  22
  1
  1
  1
  1
  1
  1
  1
  1
  1
  1
  1
  1
  2
  4
  43
  44
  45
  46
  1
  1
  1
  1
  1
  1
  1
  1
  1
  1
  1
  1
  2
  4
  39
  40
  41
  42
  1
  1
  1
  1
  1
  1
  1
  1
  1
  1
  1
  1
  2
  4
  39
  40
  41
  42
  1
  1
  1
  1
  1
  1
  1
  1
  1
  1
  1
  1
  2
  4
  39
  40
  41
  42
  1
  1
  1
  1
  1
  1
  1
  1
  1
  1
  1
  1
  2
  4
  43
  44
  45
  46
  1
  1
  1
  1
  1
  1
  1
  1
  1
  1
  1
  1
  2
  4
  43
  44
  45
  46
  1
  1
  1
  1
  1
  1
  1
  1
  1
  1
  1
  1
  2
  4
  39
  40
  41
  42
  1
  1
  1
  1
  1
  1
  1
  1
  1
  1
  1
  1
  2
  4
  23
  24
  25
  26
  27
  28
  1
  1
  1
  1
  1
  1
  1
  1
  1
  1
  1
  1
  2
  4
  39
  40
  41
  42
  1
  1
  1
  1
  1
  1
  1
  1
  1
  1
  1
  1
  2
  4
  23
  24
  25
  26
  27
  28
  1
  1
  1
  1
  1
  1
  1
  1
  1
  1
  1
  1
  2
  4
  19
  20
  21
  22
  1
  1
  1
  1
  1
  1
  1
  1
  1
  1
  1
  1
  2
  4
  43
  44
  45
  46
  1
  1
  1
  1
  1
  1
  1
  1
  1
  1
  1
  1
  2
  4
  43
  44
  45
  46
  1
  1
  1
  1
  1
  1
  1
  1
  1
  1
  1
  1
  2
  4
  39
  40
  41
  42
  1
  1
  1
  1
  1
  1
  1
  1
  1
  1
  1
  1
  2
  4
  39
  40
  41
  42
  1
  1
  1
  1
  1
  1
  1
  1
  1
  1
  1
  1
  2
  4
  39
  40
  41
  42
  1
  1
  1
  1
  1
  1
  1
  1
  1
  1
  1
  1
  2
  4
  23
  24
  25
  26
  27
  28
  1
  1
  1
  1
  1
  1
  1
  1
  1
  1
  1
  1
  2
  4
  29
  30
  31
  32
  33
  34
  1
  1
  1
  1
  1
  1
  1
  1
  1
  1
  1
  1
  2
  4
  43
  44
  45
  46
  1
  1
  1
  1
  1
  1
  1
  1
  1
  1
  1
  1
  2
  4
  39
  40
  41
  42
  1
  1
  1
  1
  1
  1
  1
  1
  1
  1
  1
  1
  2
  4
  23
  24
  25
  26
  27
  28
  1
  1
  1
  1
  1
  1
  1
  1
  1
  1
  1
  1
  2
  4
  39
  40
  41
  42
  1
  1
  1
  1
  1
  1
  1
  1
  1
  1
  1
  1
  2
  4
  39
  40
  41
  42
  1
  1
  1
  1
  1
  1
  1
  1
  1
  1
  1
  1
  2
  4
  39
  40
  41
  42
  1
  1
  1
  1
  1
  1
  1
  1
  1
  1
  1
  1
  2
  4
  39
  40
  41
  42
  1
  1
  1
  1
  1
  1
  1
  1
  1
  1
  1
  1
  2
  4
  39
  40
  41
  42
  1
  1
  1
  1
  1
  1
  1
  1
  1
  1
  1
  1
  2
  4
  29
  30
  31
  32
  33
  34
  1
  1
  1
  1
  1
  1
  1
  1
  1
  1
  1
  1
  2
  4
  43
  44
  45
  46
  1
  1
  1
  1
  1
  1
  1
  1
  1
  1
  1
  1
  2
  4
  39
  40
  41
  42
  1
  1
  1
  1
  1
  1
  1
  1
  1
  1
  1
  1
  2
  4
  23
  24
  25
  26
  27
  28
  1
  1
  1
  1
  1
  1
  1
  1
  1
  1
  1
  1
  2
  4
  39
  40
  41
  42
  1
  1
  1
  1
  1
  1
  1
  1
  1
  1
  1
  1
  2
  4
  43
  44
  45
  46
  1
  1
  1
  1
  1
  1
  1
  1
  1
  1
  1
  1
  2
  4
  39
  40
  41
  42
  1
  1
  1
  1
  1
  1
  1
  1
  1
  1
  1
  1
  2
  4
  39
  40
  41
  42
  1
  1
  1
  1
  1
  1
  1
  1
  1
  1
  1
  1
  2
  4
  39
  40
  41
  42
  1
  1
  1
  1
  1
  1
  1
  1
  1
  1
  1
  1
  2
  4
  39
  40
  41
  42
  1
  1
  1
  1
  1
  1
  1
  1
  1
  1
  1
  1
  2
  4
  39
  40
  41
  42
  1
  1
  1
  1
  1
  1
  1
  1
  1
  1
  1
  1
  2
  4
  39
  40
  41
  42
  3
  3
  3
  3
  3
  3
  3
  3
  3
  3
  3
  3
  3
  3
  3
  3
  3
  3
  3
  3
  3
  3
  3
  3
  3
  3
  3
  3
  3
  3
  3
  3
  3
  3
  3
  3
  3
  3
  3
  3
  3
  3
  3
  3
  1
  1
  1
  1
  1
  1
  1
  1
  1
  1
  1
  1
  1
  1
  1
  1
  1
  1
  1
  1
  1
  1
  1
  1
  1
  1
  1
  1
  1
  1
  1
  1
  51
  51
  51
  51
  51
  51
  51
  51
  51
  51
  51
  51
  51
  51
  51
  51
  51
  51
  51
  51
  51
  51
  51
  51
  51
  51
  51
  51
  51
  51
  51
  51
  51
  51
  51
  51
  51
  51
  51
  51
  1
  1
  1
  1
  1
  1
  1
  1
  51
  51
  51
  51
  51
  51
  51
  51
------------------------------------------------------------
   this is the last line generated by conversion
