
	dat input file for DRAGON5
------------------------------------------------------------


* typge, nbfo, node, elem, macr, nreg,    z, mac2
      0,    0,   818,  1088,   138,  818,     0,     1
* index  kindex
      0       0  1
*     eps    eps0
  1.000000E-05   1.000000E-05
*   flux region number per geometry region (mesh)
   1,   2,   3,   4,   5,   6,   7,   8,   9,  10,  11,  12,
  13,  14,  15,  16,  17,  18,  19,  20,  21,  22,  23,  24,
  25,  26,  27,  28,  29,  30,  31,  32,  33,  34,  35,  36,
  37,  38,  39,  40,  41,  42,  43,  44,  45,  46,  47,  48,
  49,  50,  51,  52,  53,  54,  55,  56,  57,  58,  59,  60,
  61,  62,  63,  64,  65,  66,  67,  68,  69,  70,  71,  72,
  73,  74,  75,  76,  77,  78,  79,  80,  81,  82,  83,  84,
  85,  86,  87,  88,  89,  90,  91,  92,  93,  94,  95,  96,
  97,  98,  99, 100, 101, 102, 103, 104, 105, 106, 107, 108,
 109, 110, 111, 112, 113, 114, 115, 116, 117, 118, 119, 120,
 121, 122, 123, 124, 125, 126, 127, 128, 129, 130, 131, 132,
 133, 134, 135, 136, 137, 138, 139, 140, 141, 142, 143, 144,
 145, 146, 147, 148, 149, 150, 151, 152, 153, 154, 155, 156,
 157, 158, 159, 160, 161, 162, 163, 164, 165, 166, 167, 168,
 169, 170, 171, 172, 173, 174, 175, 176, 177, 178, 179, 180,
 181, 182, 183, 184, 185, 186, 187, 188, 189, 190, 191, 192,
 193, 194, 195, 196, 197, 198, 199, 200, 201, 202, 203, 204,
 205, 206, 207, 208, 209, 210, 211, 212, 213, 214, 215, 216,
 217, 218, 219, 220, 221, 222, 223, 224, 225, 226, 227, 228,
 229, 230, 231, 232, 233, 234, 235, 236, 237, 238, 239, 240,
 241, 242, 243, 244, 245, 246, 247, 248, 249, 250, 251, 252,
 253, 254, 255, 256, 257, 258, 259, 260, 261, 262, 263, 264,
 265, 266, 267, 268, 269, 270, 271, 272, 273, 274, 275, 276,
 277, 278, 279, 280, 281, 282, 283, 284, 285, 286, 287, 288,
 289, 290, 291, 292, 293, 294, 295, 296, 297, 298, 299, 300,
 301, 302, 303, 304, 305, 306, 307, 308, 309, 310, 311, 312,
 313, 314, 315, 316, 317, 318, 319, 320, 321, 322, 323, 324,
 325, 326, 327, 328, 329, 330, 331, 332, 333, 334, 335, 336,
 337, 338, 339, 340, 341, 342, 343, 344, 345, 346, 347, 348,
 349, 350, 351, 352, 353, 354, 355, 356, 357, 358, 359, 360,
 361, 362, 363, 364, 365, 366, 367, 368, 369, 370, 371, 372,
 373, 374, 375, 376, 377, 378, 379, 380, 381, 382, 383, 384,
 385, 386, 387, 388, 389, 390, 391, 392, 393, 394, 395, 396,
 397, 398, 399, 400, 401, 402, 403, 404, 405, 406, 407, 408,
 409, 410, 411, 412, 413, 414, 415, 416, 417, 418, 419, 420,
 421, 422, 423, 424, 425, 426, 427, 428, 429, 430, 431, 432,
 433, 434, 435, 436, 437, 438, 439, 440, 441, 442, 443, 444,
 445, 446, 447, 448, 449, 450, 451, 452, 453, 454, 455, 456,
 457, 458, 459, 460, 461, 462, 463, 464, 465, 466, 467, 468,
 469, 470, 471, 472, 473, 474, 475, 476, 477, 478, 479, 480,
 481, 482, 483, 484, 485, 486, 487, 488, 489, 490, 491, 492,
 493, 494, 495, 496, 497, 498, 499, 500, 501, 502, 503, 504,
 505, 506, 507, 508, 509, 510, 511, 512, 513, 514, 515, 516,
 517, 518, 519, 520, 521, 522, 523, 524, 525, 526, 527, 528,
 529, 530, 531, 532, 533, 534, 535, 536, 537, 538, 539, 540,
 541, 542, 543, 544, 545, 546, 547, 548, 549, 550, 551, 552,
 553, 554, 555, 556, 557, 558, 559, 560, 561, 562, 563, 564,
 565, 566, 567, 568, 569, 570, 571, 572, 573, 574, 575, 576,
 577, 578, 579, 580, 581, 582, 583, 584, 585, 586, 587, 588,
 589, 590, 591, 592, 593, 594, 595, 596, 597, 598, 599, 600,
 601, 602, 603, 604, 605, 606, 607, 608, 609, 610, 611, 612,
 613, 614, 615, 616, 617, 618, 619, 620, 621, 622, 623, 624,
 625, 626, 627, 628, 629, 630, 631, 632, 633, 634, 635, 636,
 637, 638, 639, 640, 641, 642, 643, 644, 645, 646, 647, 648,
 649, 650, 651, 652, 653, 654, 655, 656, 657, 658, 659, 660,
 661, 662, 663, 664, 665, 666, 667, 668, 669, 670, 671, 672,
 673, 674, 675, 676, 677, 678, 679, 680, 681, 682, 683, 684,
 685, 686, 687, 688, 689, 690, 691, 692, 693, 694, 695, 696,
 697, 698, 699, 700, 701, 702, 703, 704, 705, 706, 707, 708,
 709, 710, 711, 712, 713, 714, 715, 716, 717, 718, 719, 720,
 721, 722, 723, 724, 725, 726, 727, 728, 729, 730, 731, 732,
 733, 734, 735, 736, 737, 738, 739, 740, 741, 742, 743, 744,
 745, 746, 747, 748, 749, 750, 751, 752, 753, 754, 755, 756,
 757, 758, 759, 760, 761, 762, 763, 764, 765, 766, 767, 768,
 769, 770, 771, 772, 773, 774, 775, 776, 777, 778, 779, 780,
 781, 782, 783, 784, 785, 786, 787, 788, 789, 790, 791, 792,
 793, 794, 795, 796, 797, 798, 799, 800, 801, 802, 803, 804,
 805, 806, 807, 808, 809, 810, 811, 812, 813, 814, 815, 816,
 817, 818
*   names of macros
 MACRO03 MACRO04 MACRO05 MACRO06
 MACRO07 MACRO08 MACRO10 MACRO11
 MACRO13 MACRO14 MACRO16 MACRO17
 MACRO18 MACRO19 MACRO20 MACRO21
 MACRO23 MACRO24 MACRO25 MACRO26
 MACRO27 MACRO28 MACRO29 MACRO30
 MACRO31 MACRO32 MACRO35 MACRO36
 MACRO37 MACRO38 MACRO39 MACRO40
 MACRO42 MACRO45 MACRO46 MACRO47
 MACRO48 MACRO49 MACRO50 MACRO53
 MACRO54 MACRO57 MACRO58 MACRO59
 MACRO60 MACRO61 MACRO62 MACRO63
 MACRO64 MACRO67 MACRO68 MACRO69
 MACRO70 MACRO71 MACRO73 MACRO74
 MACRO75 MACRO76 MACRO77 MACRO78
 MACRO79 MACRO80 MACRO81 MACRO82
 MACRO83 MACRO84 MACRO85 MACRO86
 MACRO87 MACRO88 MACRO89 MACRO91
 MACRO92 MACRO93 MACRO94 MACRO95
 MACRO96 MACRO97 MACRO98 MACRO99
 MACRO00 MACRO01 MACRO02 MACRO09
 MACRO12 MACRO15 MACRO22 MACRO41
 MACRO51 MACRO52 MACRO72 MACRO90
 MACRO_WaterRod_1 MACRO_WaterRod_2 BOT_1   TOP_1  
 BOT_2   TOP_2   BOT_3   TOP_3  
 BOT_4   TOP_4   BOT_5   TOP_5  
 BOT_6   TOP_6   BOT_7   TOP_7  
 BOT_8   TOP_8   BOT_9   TOP_9  
 BOT_10  TOP_10  LEFT_1  RIGHT_1
 LEFT_2  RIGHT_2 LEFT_3  RIGHT_3
 LEFT_4  RIGHT_4 LEFT_5  RIGHT_5
 LEFT_6  RIGHT_6 LEFT_7  RIGHT_7
 LEFT_8  RIGHT_8 LEFT_9  RIGHT_9
 LEFT_10 RIGHT_10 CORNER_BL CORNER_BR
 CORNER_TL CORNER_TR
*   macro order number per flux region
  1,  1,  1,  1,  1,  1,  1,  2,  2,  2,  2,  2,
  2,  2,  3,  3,  3,  3,  3,  3,  3,  4,  4,  4,
  4,  4,  4,  4,  5,  5,  5,  5,  5,  5,  5,  6,
  6,  6,  6,  6,  6,  6,  7,  7,  7,  7,  7,  7,
  7,  8,  8,  8,  8,  8,  8,  8,  9,  9,  9,  9,
  9,  9,  9, 10, 10, 10, 10, 10, 10, 10, 11, 11,
 11, 11, 11, 11, 11, 12, 12, 12, 12, 12, 12, 12,
 12, 12, 13, 13, 13, 13, 13, 13, 13, 14, 14, 14,
 14, 14, 14, 14, 15, 15, 15, 15, 15, 15, 15, 16,
 16, 16, 16, 16, 16, 16, 16, 16, 17, 17, 17, 17,
 17, 17, 17, 18, 18, 18, 18, 18, 18, 18, 19, 19,
 19, 19, 19, 19, 19, 20, 20, 20, 20, 20, 20, 20,
 20, 20, 21, 21, 21, 21, 21, 21, 21, 22, 22, 22,
 22, 22, 22, 22, 22, 22, 23, 23, 23, 23, 23, 23,
 23, 24, 24, 24, 24, 24, 24, 24, 25, 25, 25, 25,
 25, 25, 25, 26, 26, 26, 26, 26, 26, 26, 26, 26,
 27, 27, 27, 27, 27, 27, 27, 28, 28, 28, 28, 28,
 28, 28, 29, 29, 29, 29, 29, 29, 29, 29, 29, 30,
 30, 30, 30, 30, 30, 30, 31, 31, 31, 31, 31, 31,
 31, 32, 32, 32, 32, 32, 32, 32, 33, 33, 33, 33,
 33, 33, 33, 34, 34, 34, 34, 34, 34, 34, 35, 35,
 35, 35, 35, 35, 35, 36, 36, 36, 36, 36, 36, 36,
 37, 37, 37, 37, 37, 37, 37, 37, 37, 38, 38, 38,
 38, 38, 38, 38, 39, 39, 39, 39, 39, 39, 39, 40,
 40, 40, 40, 40, 40, 40, 41, 41, 41, 41, 41, 41,
 41, 42, 42, 42, 42, 42, 42, 42, 43, 43, 43, 43,
 43, 43, 43, 44, 44, 44, 44, 44, 44, 44, 45, 45,
 45, 45, 45, 45, 45, 46, 46, 46, 46, 46, 46, 46,
 47, 47, 47, 47, 47, 47, 47, 48, 48, 48, 48, 48,
 48, 48, 48, 48, 49, 49, 49, 49, 49, 49, 49, 50,
 50, 50, 50, 50, 50, 50, 51, 51, 51, 51, 51, 51,
 51, 52, 52, 52, 52, 52, 52, 52, 53, 53, 53, 53,
 53, 53, 53, 54, 54, 54, 54, 54, 54, 54, 55, 55,
 55, 55, 55, 55, 55, 56, 56, 56, 56, 56, 56, 56,
 56, 56, 57, 57, 57, 57, 57, 57, 57, 58, 58, 58,
 58, 58, 58, 58, 58, 58, 59, 59, 59, 59, 59, 59,
 59, 60, 60, 60, 60, 60, 60, 60, 60, 60, 61, 61,
 61, 61, 61, 61, 61, 62, 62, 62, 62, 62, 62, 62,
 63, 63, 63, 63, 63, 63, 63, 64, 64, 64, 64, 64,
 64, 64, 65, 65, 65, 65, 65, 65, 65, 66, 66, 66,
 66, 66, 66, 66, 67, 67, 67, 67, 67, 67, 67, 67,
 67, 68, 68, 68, 68, 68, 68, 68, 69, 69, 69, 69,
 69, 69, 69, 69, 69, 70, 70, 70, 70, 70, 70, 70,
 71, 71, 71, 71, 71, 71, 71, 72, 72, 72, 72, 72,
 72, 72, 73, 73, 73, 73, 73, 73, 73, 74, 74, 74,
 74, 74, 74, 74, 75, 75, 75, 75, 75, 75, 75, 76,
 76, 76, 76, 76, 76, 76, 77, 77, 77, 77, 77, 77,
 77, 78, 78, 78, 78, 78, 78, 78, 79, 79, 79, 79,
 79, 79, 79, 80, 80, 80, 80, 80, 80, 80, 81, 81,
 81, 81, 81, 81, 81, 82, 82, 82, 82, 82, 82, 82,
 83, 83, 83, 83, 83, 83, 83, 84, 84, 84, 84, 84,
 84, 84, 85, 85, 85, 85, 85, 85, 85, 85, 85, 86,
 86, 86, 86, 86, 86, 86, 86, 86, 87, 87, 87, 87,
 87, 87, 87, 88, 88, 88, 88, 88, 88, 88, 88, 88,
 89, 89, 89, 89, 89, 89, 89, 90, 90, 90, 90, 90,
 90, 90, 90, 90, 91, 91, 91, 91, 91, 91, 91, 91,
 91, 92, 92, 92, 92, 92, 92, 92, 93, 93, 93, 94,
 94, 94, 95, 95, 95, 96, 96, 96, 97, 97, 97, 98,
 98, 98, 99, 99, 99, 100, 100, 100, 101, 101, 101, 102,
 102, 102, 103, 103, 103, 104, 104, 104, 105, 105, 105, 106,
 106, 106, 107, 107, 107, 108, 108, 108, 109, 109, 109, 110,
 110, 110, 111, 111, 111, 112, 112, 112, 113, 113, 113, 114,
 114, 114, 115, 115, 115, 116, 116, 116, 117, 117, 117, 118,
 118, 118, 119, 119, 119, 120, 120, 120, 121, 121, 121, 122,
 122, 122, 123, 123, 123, 124, 124, 124, 125, 125, 125, 126,
 126, 126, 127, 127, 127, 128, 128, 128, 129, 129, 129, 130,
 130, 130, 131, 131, 131, 132, 132, 132, 133, 133, 133, 134,
 134, 134, 135, 135, 136, 136, 137, 137, 138, 138, 81, 84,
 92, 80
   elements
* ELEM  1  line segment
 1, 705, 1
*
  5.0200000E+00, 1.1200000E+00, 1.3000000E+00, 0.0000000E+00
* ELEM  2  line segment
 1, 601, 1
*
  5.0200000E+00, 2.4200000E+00, 0.0000000E+00, -1.3000000E+00
* ELEM  3  line segment
 1, 8, 1
*
  6.3200000E+00, 1.1200000E+00, 0.0000000E+00, 1.3000000E+00
* ELEM  4  line segment
 1, 57, 1
*
  6.3200000E+00, 2.4200000E+00, -1.3000000E+00, 0.0000000E+00
* ELEM  5  circle
 2, 2, 1
*
  5.6700000E+00, 1.7700000E+00, 5.1500000E-01, 0.0000000E+00
* ELEM  6  circle
 2, 3, 2
*
  5.6700000E+00, 1.7700000E+00, 4.4700000E-01, 0.0000000E+00
* ELEM  7  circle
 2, 4, 3
*
  5.6700000E+00, 1.7700000E+00, 4.3800000E-01, 0.0000000E+00
* ELEM  8  circle
 2, 5, 4
*
  5.6700000E+00, 1.7700000E+00, 4.2690959E-01, 0.0000000E+00
* ELEM  9  circle
 2, 6, 5
*
  5.6700000E+00, 1.7700000E+00, 3.9175911E-01, 0.0000000E+00
* ELEM  10  circle
 2, 7, 6
*
  5.6700000E+00, 1.7700000E+00, 3.0971277E-01, 0.0000000E+00
* ELEM  11  line segment
 1, 711, 8
*
  6.3200000E+00, 1.1200000E+00, 1.3000000E+00, 0.0000000E+00
* ELEM  12  line segment
 1, 15, 8
*
  7.6200000E+00, 1.1200000E+00, 0.0000000E+00, 1.3000000E+00
* ELEM  13  line segment
 1, 64, 8
*
  7.6200000E+00, 2.4200000E+00, -1.3000000E+00, 0.0000000E+00
* ELEM  14  circle
 2, 9, 8
*
  6.9700000E+00, 1.7700000E+00, 5.1500000E-01, 0.0000000E+00
* ELEM  15  circle
 2, 10, 9
*
  6.9700000E+00, 1.7700000E+00, 4.4700000E-01, 0.0000000E+00
* ELEM  16  circle
 2, 11, 10
*
  6.9700000E+00, 1.7700000E+00, 4.3800000E-01, 0.0000000E+00
* ELEM  17  circle
 2, 12, 11
*
  6.9700000E+00, 1.7700000E+00, 4.2690959E-01, 0.0000000E+00
* ELEM  18  circle
 2, 13, 12
*
  6.9700000E+00, 1.7700000E+00, 3.9175911E-01, 0.0000000E+00
* ELEM  19  circle
 2, 14, 13
*
  6.9700000E+00, 1.7700000E+00, 3.0971277E-01, 0.0000000E+00
* ELEM  20  line segment
 1, 717, 15
*
  7.6200000E+00, 1.1200000E+00, 1.3000000E+00, 0.0000000E+00
* ELEM  21  line segment
 1, 22, 15
*
  8.9200000E+00, 1.1200000E+00, 0.0000000E+00, 1.3000000E+00
* ELEM  22  line segment
 1, 624, 15
*
  8.9200000E+00, 2.4200000E+00, -1.3000000E+00, 0.0000000E+00
* ELEM  23  circle
 2, 16, 15
*
  8.2700000E+00, 1.7700000E+00, 5.1500000E-01, 0.0000000E+00
* ELEM  24  circle
 2, 17, 16
*
  8.2700000E+00, 1.7700000E+00, 4.4700000E-01, 0.0000000E+00
* ELEM  25  circle
 2, 18, 17
*
  8.2700000E+00, 1.7700000E+00, 4.3800000E-01, 0.0000000E+00
* ELEM  26  circle
 2, 19, 18
*
  8.2700000E+00, 1.7700000E+00, 4.2690959E-01, 0.0000000E+00
* ELEM  27  circle
 2, 20, 19
*
  8.2700000E+00, 1.7700000E+00, 3.9175911E-01, 0.0000000E+00
* ELEM  28  circle
 2, 21, 20
*
  8.2700000E+00, 1.7700000E+00, 3.0971277E-01, 0.0000000E+00
* ELEM  29  line segment
 1, 723, 22
*
  8.9200000E+00, 1.1200000E+00, 1.3000000E+00, 0.0000000E+00
* ELEM  30  line segment
 1, 29, 22
*
  1.0220000E+01, 1.1200000E+00, 0.0000000E+00, 1.3000000E+00
* ELEM  31  line segment
 1, 71, 22
*
  1.0220000E+01, 2.4200000E+00, -1.3000000E+00, 0.0000000E+00
* ELEM  32  circle
 2, 23, 22
*
  9.5700000E+00, 1.7700000E+00, 5.1500000E-01, 0.0000000E+00
* ELEM  33  circle
 2, 24, 23
*
  9.5700000E+00, 1.7700000E+00, 4.4700000E-01, 0.0000000E+00
* ELEM  34  circle
 2, 25, 24
*
  9.5700000E+00, 1.7700000E+00, 4.3800000E-01, 0.0000000E+00
* ELEM  35  circle
 2, 26, 25
*
  9.5700000E+00, 1.7700000E+00, 4.2690959E-01, 0.0000000E+00
* ELEM  36  circle
 2, 27, 26
*
  9.5700000E+00, 1.7700000E+00, 3.9175911E-01, 0.0000000E+00
* ELEM  37  circle
 2, 28, 27
*
  9.5700000E+00, 1.7700000E+00, 3.0971277E-01, 0.0000000E+00
* ELEM  38  line segment
 1, 729, 29
*
  1.0220000E+01, 1.1200000E+00, 1.3000000E+00, 0.0000000E+00
* ELEM  39  line segment
 1, 36, 29
*
  1.1520000E+01, 1.1200000E+00, 0.0000000E+00, 1.3000000E+00
* ELEM  40  line segment
 1, 78, 29
*
  1.1520000E+01, 2.4200000E+00, -1.3000000E+00, 0.0000000E+00
* ELEM  41  circle
 2, 30, 29
*
  1.0870000E+01, 1.7700000E+00, 5.1500000E-01, 0.0000000E+00
* ELEM  42  circle
 2, 31, 30
*
  1.0870000E+01, 1.7700000E+00, 4.4700000E-01, 0.0000000E+00
* ELEM  43  circle
 2, 32, 31
*
  1.0870000E+01, 1.7700000E+00, 4.3800000E-01, 0.0000000E+00
* ELEM  44  circle
 2, 33, 32
*
  1.0870000E+01, 1.7700000E+00, 4.2690959E-01, 0.0000000E+00
* ELEM  45  circle
 2, 34, 33
*
  1.0870000E+01, 1.7700000E+00, 3.9175911E-01, 0.0000000E+00
* ELEM  46  circle
 2, 35, 34
*
  1.0870000E+01, 1.7700000E+00, 3.0971277E-01, 0.0000000E+00
* ELEM  47  line segment
 1, 735, 36
*
  1.1520000E+01, 1.1200000E+00, 1.3000000E+00, 0.0000000E+00
* ELEM  48  line segment
 1, 608, 36
*
  1.2820000E+01, 1.1200000E+00, 0.0000000E+00, 1.3000000E+00
* ELEM  49  line segment
 1, 87, 36
*
  1.2820000E+01, 2.4200000E+00, -1.3000000E+00, 0.0000000E+00
* ELEM  50  circle
 2, 37, 36
*
  1.2170000E+01, 1.7700000E+00, 5.1500000E-01, 0.0000000E+00
* ELEM  51  circle
 2, 38, 37
*
  1.2170000E+01, 1.7700000E+00, 4.4700000E-01, 0.0000000E+00
* ELEM  52  circle
 2, 39, 38
*
  1.2170000E+01, 1.7700000E+00, 4.3800000E-01, 0.0000000E+00
* ELEM  53  circle
 2, 40, 39
*
  1.2170000E+01, 1.7700000E+00, 4.2690959E-01, 0.0000000E+00
* ELEM  54  circle
 2, 41, 40
*
  1.2170000E+01, 1.7700000E+00, 3.9175911E-01, 0.0000000E+00
* ELEM  55  circle
 2, 42, 41
*
  1.2170000E+01, 1.7700000E+00, 3.0971277E-01, 0.0000000E+00
* ELEM  56  line segment
 1, 587, 43
*
  1.1200000E+00, 2.4200000E+00, 1.3000000E+00, 0.0000000E+00
* ELEM  57  line segment
 1, 753, 43
*
  1.1200000E+00, 3.7200000E+00, 0.0000000E+00, -1.3000000E+00
* ELEM  58  line segment
 1, 50, 43
*
  2.4200000E+00, 2.4200000E+00, 0.0000000E+00, 1.3000000E+00
* ELEM  59  line segment
 1, 101, 43
*
  2.4200000E+00, 3.7200000E+00, -1.3000000E+00, 0.0000000E+00
* ELEM  60  circle
 2, 44, 43
*
  1.7700000E+00, 3.0700000E+00, 5.1500000E-01, 0.0000000E+00
* ELEM  61  circle
 2, 45, 44
*
  1.7700000E+00, 3.0700000E+00, 4.4700000E-01, 0.0000000E+00
* ELEM  62  circle
 2, 46, 45
*
  1.7700000E+00, 3.0700000E+00, 4.3800000E-01, 0.0000000E+00
* ELEM  63  circle
 2, 47, 46
*
  1.7700000E+00, 3.0700000E+00, 4.2690959E-01, 0.0000000E+00
* ELEM  64  circle
 2, 48, 47
*
  1.7700000E+00, 3.0700000E+00, 3.9175911E-01, 0.0000000E+00
* ELEM  65  circle
 2, 49, 48
*
  1.7700000E+00, 3.0700000E+00, 3.0971277E-01, 0.0000000E+00
* ELEM  66  line segment
 1, 594, 50
*
  2.4200000E+00, 2.4200000E+00, 1.3000000E+00, 0.0000000E+00
* ELEM  67  line segment
 1, 615, 50
*
  3.7200000E+00, 2.4200000E+00, 0.0000000E+00, 1.3000000E+00
* ELEM  68  line segment
 1, 108, 50
*
  3.7200000E+00, 3.7200000E+00, -1.3000000E+00, 0.0000000E+00
* ELEM  69  circle
 2, 51, 50
*
  3.0700000E+00, 3.0700000E+00, 5.1500000E-01, 0.0000000E+00
* ELEM  70  circle
 2, 52, 51
*
  3.0700000E+00, 3.0700000E+00, 4.4700000E-01, 0.0000000E+00
* ELEM  71  circle
 2, 53, 52
*
  3.0700000E+00, 3.0700000E+00, 4.3800000E-01, 0.0000000E+00
* ELEM  72  circle
 2, 54, 53
*
  3.0700000E+00, 3.0700000E+00, 4.2690959E-01, 0.0000000E+00
* ELEM  73  circle
 2, 55, 54
*
  3.0700000E+00, 3.0700000E+00, 3.9175911E-01, 0.0000000E+00
* ELEM  74  circle
 2, 56, 55
*
  3.0700000E+00, 3.0700000E+00, 3.0971277E-01, 0.0000000E+00
* ELEM  75  line segment
 1, 615, 57
*
  5.0200000E+00, 3.7200000E+00, 0.0000000E+00, -1.3000000E+00
* ELEM  76  line segment
 1, 64, 57
*
  6.3200000E+00, 2.4200000E+00, 0.0000000E+00, 1.3000000E+00
* ELEM  77  line segment
 1, 117, 57
*
  6.3200000E+00, 3.7200000E+00, -1.3000000E+00, 0.0000000E+00
* ELEM  78  circle
 2, 58, 57
*
  5.6700000E+00, 3.0700000E+00, 5.1500000E-01, 0.0000000E+00
* ELEM  79  circle
 2, 59, 58
*
  5.6700000E+00, 3.0700000E+00, 4.4700000E-01, 0.0000000E+00
* ELEM  80  circle
 2, 60, 59
*
  5.6700000E+00, 3.0700000E+00, 4.3800000E-01, 0.0000000E+00
* ELEM  81  circle
 2, 61, 60
*
  5.6700000E+00, 3.0700000E+00, 4.2690959E-01, 0.0000000E+00
* ELEM  82  circle
 2, 62, 61
*
  5.6700000E+00, 3.0700000E+00, 3.9175911E-01, 0.0000000E+00
* ELEM  83  circle
 2, 63, 62
*
  5.6700000E+00, 3.0700000E+00, 3.0971277E-01, 0.0000000E+00
* ELEM  84  line segment
 1, 624, 64
*
  7.6200000E+00, 2.4200000E+00, 0.0000000E+00, 1.3000000E+00
* ELEM  85  line segment
 1, 124, 64
*
  7.6200000E+00, 3.7200000E+00, -1.3000000E+00, 0.0000000E+00
* ELEM  86  circle
 2, 65, 64
*
  6.9700000E+00, 3.0700000E+00, 5.1500000E-01, 0.0000000E+00
* ELEM  87  circle
 2, 66, 65
*
  6.9700000E+00, 3.0700000E+00, 4.4700000E-01, 0.0000000E+00
* ELEM  88  circle
 2, 67, 66
*
  6.9700000E+00, 3.0700000E+00, 4.3800000E-01, 0.0000000E+00
* ELEM  89  circle
 2, 68, 67
*
  6.9700000E+00, 3.0700000E+00, 4.2690959E-01, 0.0000000E+00
* ELEM  90  circle
 2, 69, 68
*
  6.9700000E+00, 3.0700000E+00, 3.9175911E-01, 0.0000000E+00
* ELEM  91  circle
 2, 70, 69
*
  6.9700000E+00, 3.0700000E+00, 3.0971277E-01, 0.0000000E+00
* ELEM  92  line segment
 1, 624, 71
*
  8.9200000E+00, 3.7200000E+00, 0.0000000E+00, -1.3000000E+00
* ELEM  93  line segment
 1, 78, 71
*
  1.0220000E+01, 2.4200000E+00, 0.0000000E+00, 1.3000000E+00
* ELEM  94  line segment
 1, 138, 71
*
  1.0220000E+01, 3.7200000E+00, -1.3000000E+00, 0.0000000E+00
* ELEM  95  circle
 2, 72, 71
*
  9.5700000E+00, 3.0700000E+00, 5.1500000E-01, 0.0000000E+00
* ELEM  96  circle
 2, 73, 72
*
  9.5700000E+00, 3.0700000E+00, 4.4700000E-01, 0.0000000E+00
* ELEM  97  circle
 2, 74, 73
*
  9.5700000E+00, 3.0700000E+00, 4.3800000E-01, 0.0000000E+00
* ELEM  98  circle
 2, 75, 74
*
  9.5700000E+00, 3.0700000E+00, 4.2690959E-01, 0.0000000E+00
* ELEM  99  circle
 2, 76, 75
*
  9.5700000E+00, 3.0700000E+00, 3.9175911E-01, 0.0000000E+00
* ELEM  100  circle
 2, 77, 76
*
  9.5700000E+00, 3.0700000E+00, 3.0971277E-01, 0.0000000E+00
* ELEM  101  line segment
 1, 87, 78
*
  1.1520000E+01, 2.4200000E+00, 0.0000000E+00, 1.3000000E+00
* ELEM  102  line segment
 1, 147, 78
*
  1.1520000E+01, 3.7200000E+00, -1.3000000E+00, 0.0000000E+00
* ELEM  103  circle
 2, 79, 78
*
  1.0870000E+01, 3.0700000E+00, 5.1500000E-01, 0.0000000E+00
* ELEM  104  circle
 2, 80, 79
*
  1.0870000E+01, 3.0700000E+00, 4.4700000E-01, 0.0000000E+00
* ELEM  105  circle
 2, 81, 80
*
  1.0870000E+01, 3.0700000E+00, 4.3800000E-01, 0.0000000E+00
* ELEM  106  circle
 2, 82, 81
*
  1.0870000E+01, 3.0700000E+00, 4.2690959E-01, 0.0000000E+00
* ELEM  107  circle
 2, 83, 82
*
  1.0870000E+01, 3.0700000E+00, 3.9175911E-01, 0.0000000E+00
* ELEM  108  circle
 2, 84, 83
*
  1.0870000E+01, 3.0700000E+00, 3.3927334E-01, 0.0000000E+00
* ELEM  109  circle
 2, 85, 84
*
  1.0870000E+01, 3.0700000E+00, 2.7701552E-01, 0.0000000E+00
* ELEM  110  circle
 2, 86, 85
*
  1.0870000E+01, 3.0700000E+00, 1.9587955E-01, 0.0000000E+00
* ELEM  111  line segment
 1, 94, 87
*
  1.2820000E+01, 2.4200000E+00, 0.0000000E+00, 1.3000000E+00
* ELEM  112  line segment
 1, 154, 87
*
  1.2820000E+01, 3.7200000E+00, -1.3000000E+00, 0.0000000E+00
* ELEM  113  circle
 2, 88, 87
*
  1.2170000E+01, 3.0700000E+00, 5.1500000E-01, 0.0000000E+00
* ELEM  114  circle
 2, 89, 88
*
  1.2170000E+01, 3.0700000E+00, 4.4700000E-01, 0.0000000E+00
* ELEM  115  circle
 2, 90, 89
*
  1.2170000E+01, 3.0700000E+00, 4.3800000E-01, 0.0000000E+00
* ELEM  116  circle
 2, 91, 90
*
  1.2170000E+01, 3.0700000E+00, 4.2690959E-01, 0.0000000E+00
* ELEM  117  circle
 2, 92, 91
*
  1.2170000E+01, 3.0700000E+00, 3.9175911E-01, 0.0000000E+00
* ELEM  118  circle
 2, 93, 92
*
  1.2170000E+01, 3.0700000E+00, 3.0971277E-01, 0.0000000E+00
* ELEM  119  line segment
 1, 608, 94
*
  1.2820000E+01, 2.4200000E+00, 1.3000000E+00, 0.0000000E+00
* ELEM  120  line segment
 1, 756, 94
*
  1.4120000E+01, 2.4200000E+00, 0.0000000E+00, 1.3000000E+00
* ELEM  121  line segment
 1, 163, 94
*
  1.4120000E+01, 3.7200000E+00, -1.3000000E+00, 0.0000000E+00
* ELEM  122  circle
 2, 95, 94
*
  1.3470000E+01, 3.0700000E+00, 5.1500000E-01, 0.0000000E+00
* ELEM  123  circle
 2, 96, 95
*
  1.3470000E+01, 3.0700000E+00, 4.4700000E-01, 0.0000000E+00
* ELEM  124  circle
 2, 97, 96
*
  1.3470000E+01, 3.0700000E+00, 4.3800000E-01, 0.0000000E+00
* ELEM  125  circle
 2, 98, 97
*
  1.3470000E+01, 3.0700000E+00, 4.2690959E-01, 0.0000000E+00
* ELEM  126  circle
 2, 99, 98
*
  1.3470000E+01, 3.0700000E+00, 3.9175911E-01, 0.0000000E+00
* ELEM  127  circle
 2, 100, 99
*
  1.3470000E+01, 3.0700000E+00, 3.0971277E-01, 0.0000000E+00
* ELEM  128  line segment
 1, 759, 101
*
  1.1200000E+00, 5.0200000E+00, 0.0000000E+00, -1.3000000E+00
* ELEM  129  line segment
 1, 108, 101
*
  2.4200000E+00, 3.7200000E+00, 0.0000000E+00, 1.3000000E+00
* ELEM  130  line segment
 1, 170, 101
*
  2.4200000E+00, 5.0200000E+00, -1.3000000E+00, 0.0000000E+00
* ELEM  131  circle
 2, 102, 101
*
  1.7700000E+00, 4.3700000E+00, 5.1500000E-01, 0.0000000E+00
* ELEM  132  circle
 2, 103, 102
*
  1.7700000E+00, 4.3700000E+00, 4.4700000E-01, 0.0000000E+00
* ELEM  133  circle
 2, 104, 103
*
  1.7700000E+00, 4.3700000E+00, 4.3800000E-01, 0.0000000E+00
* ELEM  134  circle
 2, 105, 104
*
  1.7700000E+00, 4.3700000E+00, 4.2690959E-01, 0.0000000E+00
* ELEM  135  circle
 2, 106, 105
*
  1.7700000E+00, 4.3700000E+00, 3.9175911E-01, 0.0000000E+00
* ELEM  136  circle
 2, 107, 106
*
  1.7700000E+00, 4.3700000E+00, 3.0971277E-01, 0.0000000E+00
* ELEM  137  line segment
 1, 633, 108
*
  3.7200000E+00, 3.7200000E+00, 0.0000000E+00, 1.3000000E+00
* ELEM  138  line segment
 1, 177, 108
*
  3.7200000E+00, 5.0200000E+00, -1.3000000E+00, 0.0000000E+00
* ELEM  139  circle
 2, 109, 108
*
  3.0700000E+00, 4.3700000E+00, 5.1500000E-01, 0.0000000E+00
* ELEM  140  circle
 2, 110, 109
*
  3.0700000E+00, 4.3700000E+00, 4.4700000E-01, 0.0000000E+00
* ELEM  141  circle
 2, 111, 110
*
  3.0700000E+00, 4.3700000E+00, 4.3800000E-01, 0.0000000E+00
* ELEM  142  circle
 2, 112, 111
*
  3.0700000E+00, 4.3700000E+00, 4.2690959E-01, 0.0000000E+00
* ELEM  143  circle
 2, 113, 112
*
  3.0700000E+00, 4.3700000E+00, 3.9175911E-01, 0.0000000E+00
* ELEM  144  circle
 2, 114, 113
*
  3.0700000E+00, 4.3700000E+00, 3.3927334E-01, 0.0000000E+00
* ELEM  145  circle
 2, 115, 114
*
  3.0700000E+00, 4.3700000E+00, 2.7701552E-01, 0.0000000E+00
* ELEM  146  circle
 2, 116, 115
*
  3.0700000E+00, 4.3700000E+00, 1.9587955E-01, 0.0000000E+00
* ELEM  147  line segment
 1, 633, 117
*
  5.0200000E+00, 5.0200000E+00, 0.0000000E+00, -1.3000000E+00
* ELEM  148  line segment
 1, 124, 117
*
  6.3200000E+00, 3.7200000E+00, 0.0000000E+00, 1.3000000E+00
* ELEM  149  line segment
 1, 681, 117
*
  6.3200000E+00, 5.0200000E+00, -1.3000000E+00, 0.0000000E+00
* ELEM  150  circle
 2, 118, 117
*
  5.6700000E+00, 4.3700000E+00, 5.1500000E-01, 0.0000000E+00
* ELEM  151  circle
 2, 119, 118
*
  5.6700000E+00, 4.3700000E+00, 4.4700000E-01, 0.0000000E+00
* ELEM  152  circle
 2, 120, 119
*
  5.6700000E+00, 4.3700000E+00, 4.3800000E-01, 0.0000000E+00
* ELEM  153  circle
 2, 121, 120
*
  5.6700000E+00, 4.3700000E+00, 4.2690959E-01, 0.0000000E+00
* ELEM  154  circle
 2, 122, 121
*
  5.6700000E+00, 4.3700000E+00, 3.9175911E-01, 0.0000000E+00
* ELEM  155  circle
 2, 123, 122
*
  5.6700000E+00, 4.3700000E+00, 3.0971277E-01, 0.0000000E+00
* ELEM  156  line segment
 1, 131, 124
*
  7.6200000E+00, 3.7200000E+00, 0.0000000E+00, 1.3000000E+00
* ELEM  157  line segment
 1, 681, 124
*
  7.6200000E+00, 5.0200000E+00, -1.3000000E+00, 0.0000000E+00
* ELEM  158  circle
 2, 125, 124
*
  6.9700000E+00, 4.3700000E+00, 5.1500000E-01, 0.0000000E+00
* ELEM  159  circle
 2, 126, 125
*
  6.9700000E+00, 4.3700000E+00, 4.4700000E-01, 0.0000000E+00
* ELEM  160  circle
 2, 127, 126
*
  6.9700000E+00, 4.3700000E+00, 4.3800000E-01, 0.0000000E+00
* ELEM  161  circle
 2, 128, 127
*
  6.9700000E+00, 4.3700000E+00, 4.2690959E-01, 0.0000000E+00
* ELEM  162  circle
 2, 129, 128
*
  6.9700000E+00, 4.3700000E+00, 3.9175911E-01, 0.0000000E+00
* ELEM  163  circle
 2, 130, 129
*
  6.9700000E+00, 4.3700000E+00, 3.0971277E-01, 0.0000000E+00
* ELEM  164  line segment
 1, 624, 131
*
  7.6200000E+00, 3.7200000E+00, 1.3000000E+00, 0.0000000E+00
* ELEM  165  line segment
 1, 138, 131
*
  8.9200000E+00, 3.7200000E+00, 0.0000000E+00, 1.3000000E+00
* ELEM  166  line segment
 1, 193, 131
*
  8.9200000E+00, 5.0200000E+00, -1.3000000E+00, 0.0000000E+00
* ELEM  167  circle
 2, 132, 131
*
  8.2700000E+00, 4.3700000E+00, 5.1500000E-01, 0.0000000E+00
* ELEM  168  circle
 2, 133, 132
*
  8.2700000E+00, 4.3700000E+00, 4.4700000E-01, 0.0000000E+00
* ELEM  169  circle
 2, 134, 133
*
  8.2700000E+00, 4.3700000E+00, 4.3800000E-01, 0.0000000E+00
* ELEM  170  circle
 2, 135, 134
*
  8.2700000E+00, 4.3700000E+00, 4.2690959E-01, 0.0000000E+00
* ELEM  171  circle
 2, 136, 135
*
  8.2700000E+00, 4.3700000E+00, 3.9175911E-01, 0.0000000E+00
* ELEM  172  circle
 2, 137, 136
*
  8.2700000E+00, 4.3700000E+00, 3.0971277E-01, 0.0000000E+00
* ELEM  173  line segment
 1, 147, 138
*
  1.0220000E+01, 3.7200000E+00, 0.0000000E+00, 1.3000000E+00
* ELEM  174  line segment
 1, 200, 138
*
  1.0220000E+01, 5.0200000E+00, -1.3000000E+00, 0.0000000E+00
* ELEM  175  circle
 2, 139, 138
*
  9.5700000E+00, 4.3700000E+00, 5.1500000E-01, 0.0000000E+00
* ELEM  176  circle
 2, 140, 139
*
  9.5700000E+00, 4.3700000E+00, 4.4700000E-01, 0.0000000E+00
* ELEM  177  circle
 2, 141, 140
*
  9.5700000E+00, 4.3700000E+00, 4.3800000E-01, 0.0000000E+00
* ELEM  178  circle
 2, 142, 141
*
  9.5700000E+00, 4.3700000E+00, 4.2690959E-01, 0.0000000E+00
* ELEM  179  circle
 2, 143, 142
*
  9.5700000E+00, 4.3700000E+00, 3.9175911E-01, 0.0000000E+00
* ELEM  180  circle
 2, 144, 143
*
  9.5700000E+00, 4.3700000E+00, 3.3927334E-01, 0.0000000E+00
* ELEM  181  circle
 2, 145, 144
*
  9.5700000E+00, 4.3700000E+00, 2.7701552E-01, 0.0000000E+00
* ELEM  182  circle
 2, 146, 145
*
  9.5700000E+00, 4.3700000E+00, 1.9587955E-01, 0.0000000E+00
* ELEM  183  line segment
 1, 154, 147
*
  1.1520000E+01, 3.7200000E+00, 0.0000000E+00, 1.3000000E+00
* ELEM  184  line segment
 1, 207, 147
*
  1.1520000E+01, 5.0200000E+00, -1.3000000E+00, 0.0000000E+00
* ELEM  185  circle
 2, 148, 147
*
  1.0870000E+01, 4.3700000E+00, 5.1500000E-01, 0.0000000E+00
* ELEM  186  circle
 2, 149, 148
*
  1.0870000E+01, 4.3700000E+00, 4.4700000E-01, 0.0000000E+00
* ELEM  187  circle
 2, 150, 149
*
  1.0870000E+01, 4.3700000E+00, 4.3800000E-01, 0.0000000E+00
* ELEM  188  circle
 2, 151, 150
*
  1.0870000E+01, 4.3700000E+00, 4.2690959E-01, 0.0000000E+00
* ELEM  189  circle
 2, 152, 151
*
  1.0870000E+01, 4.3700000E+00, 3.9175911E-01, 0.0000000E+00
* ELEM  190  circle
 2, 153, 152
*
  1.0870000E+01, 4.3700000E+00, 3.0971277E-01, 0.0000000E+00
* ELEM  191  line segment
 1, 163, 154
*
  1.2820000E+01, 3.7200000E+00, 0.0000000E+00, 1.3000000E+00
* ELEM  192  line segment
 1, 216, 154
*
  1.2820000E+01, 5.0200000E+00, -1.3000000E+00, 0.0000000E+00
* ELEM  193  circle
 2, 155, 154
*
  1.2170000E+01, 4.3700000E+00, 5.1500000E-01, 0.0000000E+00
* ELEM  194  circle
 2, 156, 155
*
  1.2170000E+01, 4.3700000E+00, 4.4700000E-01, 0.0000000E+00
* ELEM  195  circle
 2, 157, 156
*
  1.2170000E+01, 4.3700000E+00, 4.3800000E-01, 0.0000000E+00
* ELEM  196  circle
 2, 158, 157
*
  1.2170000E+01, 4.3700000E+00, 4.2690959E-01, 0.0000000E+00
* ELEM  197  circle
 2, 159, 158
*
  1.2170000E+01, 4.3700000E+00, 3.9175911E-01, 0.0000000E+00
* ELEM  198  circle
 2, 160, 159
*
  1.2170000E+01, 4.3700000E+00, 3.3927334E-01, 0.0000000E+00
* ELEM  199  circle
 2, 161, 160
*
  1.2170000E+01, 4.3700000E+00, 2.7701552E-01, 0.0000000E+00
* ELEM  200  circle
 2, 162, 161
*
  1.2170000E+01, 4.3700000E+00, 1.9587955E-01, 0.0000000E+00
* ELEM  201  line segment
 1, 762, 163
*
  1.4120000E+01, 3.7200000E+00, 0.0000000E+00, 1.3000000E+00
* ELEM  202  line segment
 1, 223, 163
*
  1.4120000E+01, 5.0200000E+00, -1.3000000E+00, 0.0000000E+00
* ELEM  203  circle
 2, 164, 163
*
  1.3470000E+01, 4.3700000E+00, 5.1500000E-01, 0.0000000E+00
* ELEM  204  circle
 2, 165, 164
*
  1.3470000E+01, 4.3700000E+00, 4.4700000E-01, 0.0000000E+00
* ELEM  205  circle
 2, 166, 165
*
  1.3470000E+01, 4.3700000E+00, 4.3800000E-01, 0.0000000E+00
* ELEM  206  circle
 2, 167, 166
*
  1.3470000E+01, 4.3700000E+00, 4.2690959E-01, 0.0000000E+00
* ELEM  207  circle
 2, 168, 167
*
  1.3470000E+01, 4.3700000E+00, 3.9175911E-01, 0.0000000E+00
* ELEM  208  circle
 2, 169, 168
*
  1.3470000E+01, 4.3700000E+00, 3.0971277E-01, 0.0000000E+00
* ELEM  209  line segment
 1, 765, 170
*
  1.1200000E+00, 6.3200000E+00, 0.0000000E+00, -1.3000000E+00
* ELEM  210  line segment
 1, 177, 170
*
  2.4200000E+00, 5.0200000E+00, 0.0000000E+00, 1.3000000E+00
* ELEM  211  line segment
 1, 230, 170
*
  2.4200000E+00, 6.3200000E+00, -1.3000000E+00, 0.0000000E+00
* ELEM  212  circle
 2, 171, 170
*
  1.7700000E+00, 5.6700000E+00, 5.1500000E-01, 0.0000000E+00
* ELEM  213  circle
 2, 172, 171
*
  1.7700000E+00, 5.6700000E+00, 4.4700000E-01, 0.0000000E+00
* ELEM  214  circle
 2, 173, 172
*
  1.7700000E+00, 5.6700000E+00, 4.3800000E-01, 0.0000000E+00
* ELEM  215  circle
 2, 174, 173
*
  1.7700000E+00, 5.6700000E+00, 4.2690959E-01, 0.0000000E+00
* ELEM  216  circle
 2, 175, 174
*
  1.7700000E+00, 5.6700000E+00, 3.9175911E-01, 0.0000000E+00
* ELEM  217  circle
 2, 176, 175
*
  1.7700000E+00, 5.6700000E+00, 3.0971277E-01, 0.0000000E+00
* ELEM  218  line segment
 1, 184, 177
*
  3.7200000E+00, 5.0200000E+00, 0.0000000E+00, 1.3000000E+00
* ELEM  219  line segment
 1, 640, 177
*
  3.7200000E+00, 6.3200000E+00, -1.3000000E+00, 0.0000000E+00
* ELEM  220  circle
 2, 178, 177
*
  3.0700000E+00, 5.6700000E+00, 5.1500000E-01, 0.0000000E+00
* ELEM  221  circle
 2, 179, 178
*
  3.0700000E+00, 5.6700000E+00, 4.4700000E-01, 0.0000000E+00
* ELEM  222  circle
 2, 180, 179
*
  3.0700000E+00, 5.6700000E+00, 4.3800000E-01, 0.0000000E+00
* ELEM  223  circle
 2, 181, 180
*
  3.0700000E+00, 5.6700000E+00, 4.2690959E-01, 0.0000000E+00
* ELEM  224  circle
 2, 182, 181
*
  3.0700000E+00, 5.6700000E+00, 3.9175911E-01, 0.0000000E+00
* ELEM  225  circle
 2, 183, 182
*
  3.0700000E+00, 5.6700000E+00, 3.0971277E-01, 0.0000000E+00
* ELEM  226  line segment
 1, 633, 184
*
  3.7200000E+00, 5.0200000E+00, 1.3000000E+00, 0.0000000E+00
* ELEM  227  line segment
 1, 681, 184
*
  5.0200000E+00, 5.0200000E+00, 0.0000000E+00, 1.3000000E+00
* ELEM  228  line segment
 1, 237, 184
*
  5.0200000E+00, 6.3200000E+00, -1.3000000E+00, 0.0000000E+00
* ELEM  229  circle
 2, 185, 184
*
  4.3700000E+00, 5.6700000E+00, 5.1500000E-01, 0.0000000E+00
* ELEM  230  circle
 2, 186, 185
*
  4.3700000E+00, 5.6700000E+00, 4.4700000E-01, 0.0000000E+00
* ELEM  231  circle
 2, 187, 186
*
  4.3700000E+00, 5.6700000E+00, 4.3800000E-01, 0.0000000E+00
* ELEM  232  circle
 2, 188, 187
*
  4.3700000E+00, 5.6700000E+00, 4.2690959E-01, 0.0000000E+00
* ELEM  233  circle
 2, 189, 188
*
  4.3700000E+00, 5.6700000E+00, 3.9175911E-01, 0.0000000E+00
* ELEM  234  circle
 2, 190, 189
*
  4.3700000E+00, 5.6700000E+00, 3.3927334E-01, 0.0000000E+00
* ELEM  235  circle
 2, 191, 190
*
  4.3700000E+00, 5.6700000E+00, 2.7701552E-01, 0.0000000E+00
* ELEM  236  circle
 2, 192, 191
*
  4.3700000E+00, 5.6700000E+00, 1.9587955E-01, 0.0000000E+00
* ELEM  237  line segment
 1, 681, 193
*
  7.6200000E+00, 6.3200000E+00, 0.0000000E+00, -1.3000000E+00
* ELEM  238  line segment
 1, 200, 193
*
  8.9200000E+00, 5.0200000E+00, 0.0000000E+00, 1.3000000E+00
* ELEM  239  line segment
 1, 244, 193
*
  8.9200000E+00, 6.3200000E+00, -1.3000000E+00, 0.0000000E+00
* ELEM  240  circle
 2, 194, 193
*
  8.2700000E+00, 5.6700000E+00, 5.1500000E-01, 0.0000000E+00
* ELEM  241  circle
 2, 195, 194
*
  8.2700000E+00, 5.6700000E+00, 4.4700000E-01, 0.0000000E+00
* ELEM  242  circle
 2, 196, 195
*
  8.2700000E+00, 5.6700000E+00, 4.3800000E-01, 0.0000000E+00
* ELEM  243  circle
 2, 197, 196
*
  8.2700000E+00, 5.6700000E+00, 4.2690959E-01, 0.0000000E+00
* ELEM  244  circle
 2, 198, 197
*
  8.2700000E+00, 5.6700000E+00, 3.9175911E-01, 0.0000000E+00
* ELEM  245  circle
 2, 199, 198
*
  8.2700000E+00, 5.6700000E+00, 3.0971277E-01, 0.0000000E+00
* ELEM  246  line segment
 1, 207, 200
*
  1.0220000E+01, 5.0200000E+00, 0.0000000E+00, 1.3000000E+00
* ELEM  247  line segment
 1, 251, 200
*
  1.0220000E+01, 6.3200000E+00, -1.3000000E+00, 0.0000000E+00
* ELEM  248  circle
 2, 201, 200
*
  9.5700000E+00, 5.6700000E+00, 5.1500000E-01, 0.0000000E+00
* ELEM  249  circle
 2, 202, 201
*
  9.5700000E+00, 5.6700000E+00, 4.4700000E-01, 0.0000000E+00
* ELEM  250  circle
 2, 203, 202
*
  9.5700000E+00, 5.6700000E+00, 4.3800000E-01, 0.0000000E+00
* ELEM  251  circle
 2, 204, 203
*
  9.5700000E+00, 5.6700000E+00, 4.2690959E-01, 0.0000000E+00
* ELEM  252  circle
 2, 205, 204
*
  9.5700000E+00, 5.6700000E+00, 3.9175911E-01, 0.0000000E+00
* ELEM  253  circle
 2, 206, 205
*
  9.5700000E+00, 5.6700000E+00, 3.0971277E-01, 0.0000000E+00
* ELEM  254  line segment
 1, 216, 207
*
  1.1520000E+01, 5.0200000E+00, 0.0000000E+00, 1.3000000E+00
* ELEM  255  line segment
 1, 258, 207
*
  1.1520000E+01, 6.3200000E+00, -1.3000000E+00, 0.0000000E+00
* ELEM  256  circle
 2, 208, 207
*
  1.0870000E+01, 5.6700000E+00, 5.1500000E-01, 0.0000000E+00
* ELEM  257  circle
 2, 209, 208
*
  1.0870000E+01, 5.6700000E+00, 4.4700000E-01, 0.0000000E+00
* ELEM  258  circle
 2, 210, 209
*
  1.0870000E+01, 5.6700000E+00, 4.3800000E-01, 0.0000000E+00
* ELEM  259  circle
 2, 211, 210
*
  1.0870000E+01, 5.6700000E+00, 4.2690959E-01, 0.0000000E+00
* ELEM  260  circle
 2, 212, 211
*
  1.0870000E+01, 5.6700000E+00, 3.9175911E-01, 0.0000000E+00
* ELEM  261  circle
 2, 213, 212
*
  1.0870000E+01, 5.6700000E+00, 3.3927334E-01, 0.0000000E+00
* ELEM  262  circle
 2, 214, 213
*
  1.0870000E+01, 5.6700000E+00, 2.7701552E-01, 0.0000000E+00
* ELEM  263  circle
 2, 215, 214
*
  1.0870000E+01, 5.6700000E+00, 1.9587955E-01, 0.0000000E+00
* ELEM  264  line segment
 1, 223, 216
*
  1.2820000E+01, 5.0200000E+00, 0.0000000E+00, 1.3000000E+00
* ELEM  265  line segment
 1, 265, 216
*
  1.2820000E+01, 6.3200000E+00, -1.3000000E+00, 0.0000000E+00
* ELEM  266  circle
 2, 217, 216
*
  1.2170000E+01, 5.6700000E+00, 5.1500000E-01, 0.0000000E+00
* ELEM  267  circle
 2, 218, 217
*
  1.2170000E+01, 5.6700000E+00, 4.4700000E-01, 0.0000000E+00
* ELEM  268  circle
 2, 219, 218
*
  1.2170000E+01, 5.6700000E+00, 4.3800000E-01, 0.0000000E+00
* ELEM  269  circle
 2, 220, 219
*
  1.2170000E+01, 5.6700000E+00, 4.2690959E-01, 0.0000000E+00
* ELEM  270  circle
 2, 221, 220
*
  1.2170000E+01, 5.6700000E+00, 3.9175911E-01, 0.0000000E+00
* ELEM  271  circle
 2, 222, 221
*
  1.2170000E+01, 5.6700000E+00, 3.0971277E-01, 0.0000000E+00
* ELEM  272  line segment
 1, 768, 223
*
  1.4120000E+01, 5.0200000E+00, 0.0000000E+00, 1.3000000E+00
* ELEM  273  line segment
 1, 274, 223
*
  1.4120000E+01, 6.3200000E+00, -1.3000000E+00, 0.0000000E+00
* ELEM  274  circle
 2, 224, 223
*
  1.3470000E+01, 5.6700000E+00, 5.1500000E-01, 0.0000000E+00
* ELEM  275  circle
 2, 225, 224
*
  1.3470000E+01, 5.6700000E+00, 4.4700000E-01, 0.0000000E+00
* ELEM  276  circle
 2, 226, 225
*
  1.3470000E+01, 5.6700000E+00, 4.3800000E-01, 0.0000000E+00
* ELEM  277  circle
 2, 227, 226
*
  1.3470000E+01, 5.6700000E+00, 4.2690959E-01, 0.0000000E+00
* ELEM  278  circle
 2, 228, 227
*
  1.3470000E+01, 5.6700000E+00, 3.9175911E-01, 0.0000000E+00
* ELEM  279  circle
 2, 229, 228
*
  1.3470000E+01, 5.6700000E+00, 3.0971277E-01, 0.0000000E+00
* ELEM  280  line segment
 1, 771, 230
*
  1.1200000E+00, 7.6200000E+00, 0.0000000E+00, -1.3000000E+00
* ELEM  281  line segment
 1, 640, 230
*
  2.4200000E+00, 6.3200000E+00, 0.0000000E+00, 1.3000000E+00
* ELEM  282  line segment
 1, 281, 230
*
  2.4200000E+00, 7.6200000E+00, -1.3000000E+00, 0.0000000E+00
* ELEM  283  circle
 2, 231, 230
*
  1.7700000E+00, 6.9700000E+00, 5.1500000E-01, 0.0000000E+00
* ELEM  284  circle
 2, 232, 231
*
  1.7700000E+00, 6.9700000E+00, 4.4700000E-01, 0.0000000E+00
* ELEM  285  circle
 2, 233, 232
*
  1.7700000E+00, 6.9700000E+00, 4.3800000E-01, 0.0000000E+00
* ELEM  286  circle
 2, 234, 233
*
  1.7700000E+00, 6.9700000E+00, 4.2690959E-01, 0.0000000E+00
* ELEM  287  circle
 2, 235, 234
*
  1.7700000E+00, 6.9700000E+00, 3.9175911E-01, 0.0000000E+00
* ELEM  288  circle
 2, 236, 235
*
  1.7700000E+00, 6.9700000E+00, 3.0971277E-01, 0.0000000E+00
* ELEM  289  line segment
 1, 640, 237
*
  3.7200000E+00, 7.6200000E+00, 0.0000000E+00, -1.3000000E+00
* ELEM  290  line segment
 1, 681, 237
*
  5.0200000E+00, 6.3200000E+00, 0.0000000E+00, 1.3000000E+00
* ELEM  291  line segment
 1, 656, 237
*
  5.0200000E+00, 7.6200000E+00, -1.3000000E+00, 0.0000000E+00
* ELEM  292  circle
 2, 238, 237
*
  4.3700000E+00, 6.9700000E+00, 5.1500000E-01, 0.0000000E+00
* ELEM  293  circle
 2, 239, 238
*
  4.3700000E+00, 6.9700000E+00, 4.4700000E-01, 0.0000000E+00
* ELEM  294  circle
 2, 240, 239
*
  4.3700000E+00, 6.9700000E+00, 4.3800000E-01, 0.0000000E+00
* ELEM  295  circle
 2, 241, 240
*
  4.3700000E+00, 6.9700000E+00, 4.2690959E-01, 0.0000000E+00
* ELEM  296  circle
 2, 242, 241
*
  4.3700000E+00, 6.9700000E+00, 3.9175911E-01, 0.0000000E+00
* ELEM  297  circle
 2, 243, 242
*
  4.3700000E+00, 6.9700000E+00, 3.0971277E-01, 0.0000000E+00
* ELEM  298  line segment
 1, 681, 244
*
  7.6200000E+00, 7.6200000E+00, 0.0000000E+00, -1.3000000E+00
* ELEM  299  line segment
 1, 251, 244
*
  8.9200000E+00, 6.3200000E+00, 0.0000000E+00, 1.3000000E+00
* ELEM  300  line segment
 1, 684, 244
*
  8.9200000E+00, 7.6200000E+00, -1.3000000E+00, 0.0000000E+00
* ELEM  301  circle
 2, 245, 244
*
  8.2700000E+00, 6.9700000E+00, 5.1500000E-01, 0.0000000E+00
* ELEM  302  circle
 2, 246, 245
*
  8.2700000E+00, 6.9700000E+00, 4.4700000E-01, 0.0000000E+00
* ELEM  303  circle
 2, 247, 246
*
  8.2700000E+00, 6.9700000E+00, 4.3800000E-01, 0.0000000E+00
* ELEM  304  circle
 2, 248, 247
*
  8.2700000E+00, 6.9700000E+00, 4.2690959E-01, 0.0000000E+00
* ELEM  305  circle
 2, 249, 248
*
  8.2700000E+00, 6.9700000E+00, 3.9175911E-01, 0.0000000E+00
* ELEM  306  circle
 2, 250, 249
*
  8.2700000E+00, 6.9700000E+00, 3.0971277E-01, 0.0000000E+00
* ELEM  307  line segment
 1, 258, 251
*
  1.0220000E+01, 6.3200000E+00, 0.0000000E+00, 1.3000000E+00
* ELEM  308  line segment
 1, 684, 251
*
  1.0220000E+01, 7.6200000E+00, -1.3000000E+00, 0.0000000E+00
* ELEM  309  circle
 2, 252, 251
*
  9.5700000E+00, 6.9700000E+00, 5.1500000E-01, 0.0000000E+00
* ELEM  310  circle
 2, 253, 252
*
  9.5700000E+00, 6.9700000E+00, 4.4700000E-01, 0.0000000E+00
* ELEM  311  circle
 2, 254, 253
*
  9.5700000E+00, 6.9700000E+00, 4.3800000E-01, 0.0000000E+00
* ELEM  312  circle
 2, 255, 254
*
  9.5700000E+00, 6.9700000E+00, 4.2690959E-01, 0.0000000E+00
* ELEM  313  circle
 2, 256, 255
*
  9.5700000E+00, 6.9700000E+00, 3.9175911E-01, 0.0000000E+00
* ELEM  314  circle
 2, 257, 256
*
  9.5700000E+00, 6.9700000E+00, 3.0971277E-01, 0.0000000E+00
* ELEM  315  line segment
 1, 265, 258
*
  1.1520000E+01, 6.3200000E+00, 0.0000000E+00, 1.3000000E+00
* ELEM  316  line segment
 1, 302, 258
*
  1.1520000E+01, 7.6200000E+00, -1.3000000E+00, 0.0000000E+00
* ELEM  317  circle
 2, 259, 258
*
  1.0870000E+01, 6.9700000E+00, 5.1500000E-01, 0.0000000E+00
* ELEM  318  circle
 2, 260, 259
*
  1.0870000E+01, 6.9700000E+00, 4.4700000E-01, 0.0000000E+00
* ELEM  319  circle
 2, 261, 260
*
  1.0870000E+01, 6.9700000E+00, 4.3800000E-01, 0.0000000E+00
* ELEM  320  circle
 2, 262, 261
*
  1.0870000E+01, 6.9700000E+00, 4.2690959E-01, 0.0000000E+00
* ELEM  321  circle
 2, 263, 262
*
  1.0870000E+01, 6.9700000E+00, 3.9175911E-01, 0.0000000E+00
* ELEM  322  circle
 2, 264, 263
*
  1.0870000E+01, 6.9700000E+00, 3.0971277E-01, 0.0000000E+00
* ELEM  323  line segment
 1, 274, 265
*
  1.2820000E+01, 6.3200000E+00, 0.0000000E+00, 1.3000000E+00
* ELEM  324  line segment
 1, 309, 265
*
  1.2820000E+01, 7.6200000E+00, -1.3000000E+00, 0.0000000E+00
* ELEM  325  circle
 2, 266, 265
*
  1.2170000E+01, 6.9700000E+00, 5.1500000E-01, 0.0000000E+00
* ELEM  326  circle
 2, 267, 266
*
  1.2170000E+01, 6.9700000E+00, 4.4700000E-01, 0.0000000E+00
* ELEM  327  circle
 2, 268, 267
*
  1.2170000E+01, 6.9700000E+00, 4.3800000E-01, 0.0000000E+00
* ELEM  328  circle
 2, 269, 268
*
  1.2170000E+01, 6.9700000E+00, 4.2690959E-01, 0.0000000E+00
* ELEM  329  circle
 2, 270, 269
*
  1.2170000E+01, 6.9700000E+00, 3.9175911E-01, 0.0000000E+00
* ELEM  330  circle
 2, 271, 270
*
  1.2170000E+01, 6.9700000E+00, 3.3927334E-01, 0.0000000E+00
* ELEM  331  circle
 2, 272, 271
*
  1.2170000E+01, 6.9700000E+00, 2.7701552E-01, 0.0000000E+00
* ELEM  332  circle
 2, 273, 272
*
  1.2170000E+01, 6.9700000E+00, 1.9587955E-01, 0.0000000E+00
* ELEM  333  line segment
 1, 774, 274
*
  1.4120000E+01, 6.3200000E+00, 0.0000000E+00, 1.3000000E+00
* ELEM  334  line segment
 1, 316, 274
*
  1.4120000E+01, 7.6200000E+00, -1.3000000E+00, 0.0000000E+00
* ELEM  335  circle
 2, 275, 274
*
  1.3470000E+01, 6.9700000E+00, 5.1500000E-01, 0.0000000E+00
* ELEM  336  circle
 2, 276, 275
*
  1.3470000E+01, 6.9700000E+00, 4.4700000E-01, 0.0000000E+00
* ELEM  337  circle
 2, 277, 276
*
  1.3470000E+01, 6.9700000E+00, 4.3800000E-01, 0.0000000E+00
* ELEM  338  circle
 2, 278, 277
*
  1.3470000E+01, 6.9700000E+00, 4.2690959E-01, 0.0000000E+00
* ELEM  339  circle
 2, 279, 278
*
  1.3470000E+01, 6.9700000E+00, 3.9175911E-01, 0.0000000E+00
* ELEM  340  circle
 2, 280, 279
*
  1.3470000E+01, 6.9700000E+00, 3.0971277E-01, 0.0000000E+00
* ELEM  341  line segment
 1, 777, 281
*
  1.1200000E+00, 8.9200000E+00, 0.0000000E+00, -1.3000000E+00
* ELEM  342  line segment
 1, 649, 281
*
  2.4200000E+00, 7.6200000E+00, 0.0000000E+00, 1.3000000E+00
* ELEM  343  line segment
 1, 323, 281
*
  2.4200000E+00, 8.9200000E+00, -1.3000000E+00, 0.0000000E+00
* ELEM  344  circle
 2, 282, 281
*
  1.7700000E+00, 8.2700000E+00, 5.1500000E-01, 0.0000000E+00
* ELEM  345  circle
 2, 283, 282
*
  1.7700000E+00, 8.2700000E+00, 4.4700000E-01, 0.0000000E+00
* ELEM  346  circle
 2, 284, 283
*
  1.7700000E+00, 8.2700000E+00, 4.3800000E-01, 0.0000000E+00
* ELEM  347  circle
 2, 285, 284
*
  1.7700000E+00, 8.2700000E+00, 4.2690959E-01, 0.0000000E+00
* ELEM  348  circle
 2, 286, 285
*
  1.7700000E+00, 8.2700000E+00, 3.9175911E-01, 0.0000000E+00
* ELEM  349  circle
 2, 287, 286
*
  1.7700000E+00, 8.2700000E+00, 3.0971277E-01, 0.0000000E+00
* ELEM  350  line segment
 1, 681, 288
*
  5.0200000E+00, 7.6200000E+00, 1.3000000E+00, 0.0000000E+00
* ELEM  351  line segment
 1, 656, 288
*
  5.0200000E+00, 8.9200000E+00, 0.0000000E+00, -1.3000000E+00
* ELEM  352  line segment
 1, 295, 288
*
  6.3200000E+00, 7.6200000E+00, 0.0000000E+00, 1.3000000E+00
* ELEM  353  line segment
 1, 344, 288
*
  6.3200000E+00, 8.9200000E+00, -1.3000000E+00, 0.0000000E+00
* ELEM  354  circle
 2, 289, 288
*
  5.6700000E+00, 8.2700000E+00, 5.1500000E-01, 0.0000000E+00
* ELEM  355  circle
 2, 290, 289
*
  5.6700000E+00, 8.2700000E+00, 4.4700000E-01, 0.0000000E+00
* ELEM  356  circle
 2, 291, 290
*
  5.6700000E+00, 8.2700000E+00, 4.3800000E-01, 0.0000000E+00
* ELEM  357  circle
 2, 292, 291
*
  5.6700000E+00, 8.2700000E+00, 4.2690959E-01, 0.0000000E+00
* ELEM  358  circle
 2, 293, 292
*
  5.6700000E+00, 8.2700000E+00, 3.9175911E-01, 0.0000000E+00
* ELEM  359  circle
 2, 294, 293
*
  5.6700000E+00, 8.2700000E+00, 3.0971277E-01, 0.0000000E+00
* ELEM  360  line segment
 1, 681, 295
*
  6.3200000E+00, 7.6200000E+00, 1.3000000E+00, 0.0000000E+00
* ELEM  361  line segment
 1, 684, 295
*
  7.6200000E+00, 7.6200000E+00, 0.0000000E+00, 1.3000000E+00
* ELEM  362  line segment
 1, 353, 295
*
  7.6200000E+00, 8.9200000E+00, -1.3000000E+00, 0.0000000E+00
* ELEM  363  circle
 2, 296, 295
*
  6.9700000E+00, 8.2700000E+00, 5.1500000E-01, 0.0000000E+00
* ELEM  364  circle
 2, 297, 296
*
  6.9700000E+00, 8.2700000E+00, 4.4700000E-01, 0.0000000E+00
* ELEM  365  circle
 2, 298, 297
*
  6.9700000E+00, 8.2700000E+00, 4.3800000E-01, 0.0000000E+00
* ELEM  366  circle
 2, 299, 298
*
  6.9700000E+00, 8.2700000E+00, 4.2690959E-01, 0.0000000E+00
* ELEM  367  circle
 2, 300, 299
*
  6.9700000E+00, 8.2700000E+00, 3.9175911E-01, 0.0000000E+00
* ELEM  368  circle
 2, 301, 300
*
  6.9700000E+00, 8.2700000E+00, 3.0971277E-01, 0.0000000E+00
* ELEM  369  line segment
 1, 684, 302
*
  1.0220000E+01, 8.9200000E+00, 0.0000000E+00, -1.3000000E+00
* ELEM  370  line segment
 1, 309, 302
*
  1.1520000E+01, 7.6200000E+00, 0.0000000E+00, 1.3000000E+00
* ELEM  371  line segment
 1, 360, 302
*
  1.1520000E+01, 8.9200000E+00, -1.3000000E+00, 0.0000000E+00
* ELEM  372  circle
 2, 303, 302
*
  1.0870000E+01, 8.2700000E+00, 5.1500000E-01, 0.0000000E+00
* ELEM  373  circle
 2, 304, 303
*
  1.0870000E+01, 8.2700000E+00, 4.4700000E-01, 0.0000000E+00
* ELEM  374  circle
 2, 305, 304
*
  1.0870000E+01, 8.2700000E+00, 4.3800000E-01, 0.0000000E+00
* ELEM  375  circle
 2, 306, 305
*
  1.0870000E+01, 8.2700000E+00, 4.2690959E-01, 0.0000000E+00
* ELEM  376  circle
 2, 307, 306
*
  1.0870000E+01, 8.2700000E+00, 3.9175911E-01, 0.0000000E+00
* ELEM  377  circle
 2, 308, 307
*
  1.0870000E+01, 8.2700000E+00, 3.0971277E-01, 0.0000000E+00
* ELEM  378  line segment
 1, 316, 309
*
  1.2820000E+01, 7.6200000E+00, 0.0000000E+00, 1.3000000E+00
* ELEM  379  line segment
 1, 367, 309
*
  1.2820000E+01, 8.9200000E+00, -1.3000000E+00, 0.0000000E+00
* ELEM  380  circle
 2, 310, 309
*
  1.2170000E+01, 8.2700000E+00, 5.1500000E-01, 0.0000000E+00
* ELEM  381  circle
 2, 311, 310
*
  1.2170000E+01, 8.2700000E+00, 4.4700000E-01, 0.0000000E+00
* ELEM  382  circle
 2, 312, 311
*
  1.2170000E+01, 8.2700000E+00, 4.3800000E-01, 0.0000000E+00
* ELEM  383  circle
 2, 313, 312
*
  1.2170000E+01, 8.2700000E+00, 4.2690959E-01, 0.0000000E+00
* ELEM  384  circle
 2, 314, 313
*
  1.2170000E+01, 8.2700000E+00, 3.9175911E-01, 0.0000000E+00
* ELEM  385  circle
 2, 315, 314
*
  1.2170000E+01, 8.2700000E+00, 3.0971277E-01, 0.0000000E+00
* ELEM  386  line segment
 1, 780, 316
*
  1.4120000E+01, 7.6200000E+00, 0.0000000E+00, 1.3000000E+00
* ELEM  387  line segment
 1, 374, 316
*
  1.4120000E+01, 8.9200000E+00, -1.3000000E+00, 0.0000000E+00
* ELEM  388  circle
 2, 317, 316
*
  1.3470000E+01, 8.2700000E+00, 5.1500000E-01, 0.0000000E+00
* ELEM  389  circle
 2, 318, 317
*
  1.3470000E+01, 8.2700000E+00, 4.4700000E-01, 0.0000000E+00
* ELEM  390  circle
 2, 319, 318
*
  1.3470000E+01, 8.2700000E+00, 4.3800000E-01, 0.0000000E+00
* ELEM  391  circle
 2, 320, 319
*
  1.3470000E+01, 8.2700000E+00, 4.2690959E-01, 0.0000000E+00
* ELEM  392  circle
 2, 321, 320
*
  1.3470000E+01, 8.2700000E+00, 3.9175911E-01, 0.0000000E+00
* ELEM  393  circle
 2, 322, 321
*
  1.3470000E+01, 8.2700000E+00, 3.0971277E-01, 0.0000000E+00
* ELEM  394  line segment
 1, 783, 323
*
  1.1200000E+00, 1.0220000E+01, 0.0000000E+00, -1.3000000E+00
* ELEM  395  line segment
 1, 330, 323
*
  2.4200000E+00, 8.9200000E+00, 0.0000000E+00, 1.3000000E+00
* ELEM  396  line segment
 1, 381, 323
*
  2.4200000E+00, 1.0220000E+01, -1.3000000E+00, 0.0000000E+00
* ELEM  397  circle
 2, 324, 323
*
  1.7700000E+00, 9.5700000E+00, 5.1500000E-01, 0.0000000E+00
* ELEM  398  circle
 2, 325, 324
*
  1.7700000E+00, 9.5700000E+00, 4.4700000E-01, 0.0000000E+00
* ELEM  399  circle
 2, 326, 325
*
  1.7700000E+00, 9.5700000E+00, 4.3800000E-01, 0.0000000E+00
* ELEM  400  circle
 2, 327, 326
*
  1.7700000E+00, 9.5700000E+00, 4.2690959E-01, 0.0000000E+00
* ELEM  401  circle
 2, 328, 327
*
  1.7700000E+00, 9.5700000E+00, 3.9175911E-01, 0.0000000E+00
* ELEM  402  circle
 2, 329, 328
*
  1.7700000E+00, 9.5700000E+00, 3.0971277E-01, 0.0000000E+00
* ELEM  403  line segment
 1, 649, 330
*
  2.4200000E+00, 8.9200000E+00, 1.3000000E+00, 0.0000000E+00
* ELEM  404  line segment
 1, 337, 330
*
  3.7200000E+00, 8.9200000E+00, 0.0000000E+00, 1.3000000E+00
* ELEM  405  line segment
 1, 388, 330
*
  3.7200000E+00, 1.0220000E+01, -1.3000000E+00, 0.0000000E+00
* ELEM  406  circle
 2, 331, 330
*
  3.0700000E+00, 9.5700000E+00, 5.1500000E-01, 0.0000000E+00
* ELEM  407  circle
 2, 332, 331
*
  3.0700000E+00, 9.5700000E+00, 4.4700000E-01, 0.0000000E+00
* ELEM  408  circle
 2, 333, 332
*
  3.0700000E+00, 9.5700000E+00, 4.3800000E-01, 0.0000000E+00
* ELEM  409  circle
 2, 334, 333
*
  3.0700000E+00, 9.5700000E+00, 4.2690959E-01, 0.0000000E+00
* ELEM  410  circle
 2, 335, 334
*
  3.0700000E+00, 9.5700000E+00, 3.9175911E-01, 0.0000000E+00
* ELEM  411  circle
 2, 336, 335
*
  3.0700000E+00, 9.5700000E+00, 3.0971277E-01, 0.0000000E+00
* ELEM  412  line segment
 1, 656, 337
*
  3.7200000E+00, 8.9200000E+00, 1.3000000E+00, 0.0000000E+00
* ELEM  413  line segment
 1, 344, 337
*
  5.0200000E+00, 8.9200000E+00, 0.0000000E+00, 1.3000000E+00
* ELEM  414  line segment
 1, 665, 337
*
  5.0200000E+00, 1.0220000E+01, -1.3000000E+00, 0.0000000E+00
* ELEM  415  circle
 2, 338, 337
*
  4.3700000E+00, 9.5700000E+00, 5.1500000E-01, 0.0000000E+00
* ELEM  416  circle
 2, 339, 338
*
  4.3700000E+00, 9.5700000E+00, 4.4700000E-01, 0.0000000E+00
* ELEM  417  circle
 2, 340, 339
*
  4.3700000E+00, 9.5700000E+00, 4.3800000E-01, 0.0000000E+00
* ELEM  418  circle
 2, 341, 340
*
  4.3700000E+00, 9.5700000E+00, 4.2690959E-01, 0.0000000E+00
* ELEM  419  circle
 2, 342, 341
*
  4.3700000E+00, 9.5700000E+00, 3.9175911E-01, 0.0000000E+00
* ELEM  420  circle
 2, 343, 342
*
  4.3700000E+00, 9.5700000E+00, 3.0971277E-01, 0.0000000E+00
* ELEM  421  line segment
 1, 353, 344
*
  6.3200000E+00, 8.9200000E+00, 0.0000000E+00, 1.3000000E+00
* ELEM  422  line segment
 1, 395, 344
*
  6.3200000E+00, 1.0220000E+01, -1.3000000E+00, 0.0000000E+00
* ELEM  423  circle
 2, 345, 344
*
  5.6700000E+00, 9.5700000E+00, 5.1500000E-01, 0.0000000E+00
* ELEM  424  circle
 2, 346, 345
*
  5.6700000E+00, 9.5700000E+00, 4.4700000E-01, 0.0000000E+00
* ELEM  425  circle
 2, 347, 346
*
  5.6700000E+00, 9.5700000E+00, 4.3800000E-01, 0.0000000E+00
* ELEM  426  circle
 2, 348, 347
*
  5.6700000E+00, 9.5700000E+00, 4.2690959E-01, 0.0000000E+00
* ELEM  427  circle
 2, 349, 348
*
  5.6700000E+00, 9.5700000E+00, 3.9175911E-01, 0.0000000E+00
* ELEM  428  circle
 2, 350, 349
*
  5.6700000E+00, 9.5700000E+00, 3.3927334E-01, 0.0000000E+00
* ELEM  429  circle
 2, 351, 350
*
  5.6700000E+00, 9.5700000E+00, 2.7701552E-01, 0.0000000E+00
* ELEM  430  circle
 2, 352, 351
*
  5.6700000E+00, 9.5700000E+00, 1.9587955E-01, 0.0000000E+00
* ELEM  431  line segment
 1, 684, 353
*
  7.6200000E+00, 8.9200000E+00, 0.0000000E+00, 1.3000000E+00
* ELEM  432  line segment
 1, 402, 353
*
  7.6200000E+00, 1.0220000E+01, -1.3000000E+00, 0.0000000E+00
* ELEM  433  circle
 2, 354, 353
*
  6.9700000E+00, 9.5700000E+00, 5.1500000E-01, 0.0000000E+00
* ELEM  434  circle
 2, 355, 354
*
  6.9700000E+00, 9.5700000E+00, 4.4700000E-01, 0.0000000E+00
* ELEM  435  circle
 2, 356, 355
*
  6.9700000E+00, 9.5700000E+00, 4.3800000E-01, 0.0000000E+00
* ELEM  436  circle
 2, 357, 356
*
  6.9700000E+00, 9.5700000E+00, 4.2690959E-01, 0.0000000E+00
* ELEM  437  circle
 2, 358, 357
*
  6.9700000E+00, 9.5700000E+00, 3.9175911E-01, 0.0000000E+00
* ELEM  438  circle
 2, 359, 358
*
  6.9700000E+00, 9.5700000E+00, 3.0971277E-01, 0.0000000E+00
* ELEM  439  line segment
 1, 684, 360
*
  1.0220000E+01, 1.0220000E+01, 0.0000000E+00, -1.3000000E+00
* ELEM  440  line segment
 1, 367, 360
*
  1.1520000E+01, 8.9200000E+00, 0.0000000E+00, 1.3000000E+00
* ELEM  441  line segment
 1, 427, 360
*
  1.1520000E+01, 1.0220000E+01, -1.3000000E+00, 0.0000000E+00
* ELEM  442  circle
 2, 361, 360
*
  1.0870000E+01, 9.5700000E+00, 5.1500000E-01, 0.0000000E+00
* ELEM  443  circle
 2, 362, 361
*
  1.0870000E+01, 9.5700000E+00, 4.4700000E-01, 0.0000000E+00
* ELEM  444  circle
 2, 363, 362
*
  1.0870000E+01, 9.5700000E+00, 4.3800000E-01, 0.0000000E+00
* ELEM  445  circle
 2, 364, 363
*
  1.0870000E+01, 9.5700000E+00, 4.2690959E-01, 0.0000000E+00
* ELEM  446  circle
 2, 365, 364
*
  1.0870000E+01, 9.5700000E+00, 3.9175911E-01, 0.0000000E+00
* ELEM  447  circle
 2, 366, 365
*
  1.0870000E+01, 9.5700000E+00, 3.0971277E-01, 0.0000000E+00
* ELEM  448  line segment
 1, 374, 367
*
  1.2820000E+01, 8.9200000E+00, 0.0000000E+00, 1.3000000E+00
* ELEM  449  line segment
 1, 434, 367
*
  1.2820000E+01, 1.0220000E+01, -1.3000000E+00, 0.0000000E+00
* ELEM  450  circle
 2, 368, 367
*
  1.2170000E+01, 9.5700000E+00, 5.1500000E-01, 0.0000000E+00
* ELEM  451  circle
 2, 369, 368
*
  1.2170000E+01, 9.5700000E+00, 4.4700000E-01, 0.0000000E+00
* ELEM  452  circle
 2, 370, 369
*
  1.2170000E+01, 9.5700000E+00, 4.3800000E-01, 0.0000000E+00
* ELEM  453  circle
 2, 371, 370
*
  1.2170000E+01, 9.5700000E+00, 4.2690959E-01, 0.0000000E+00
* ELEM  454  circle
 2, 372, 371
*
  1.2170000E+01, 9.5700000E+00, 3.9175911E-01, 0.0000000E+00
* ELEM  455  circle
 2, 373, 372
*
  1.2170000E+01, 9.5700000E+00, 3.0971277E-01, 0.0000000E+00
* ELEM  456  line segment
 1, 786, 374
*
  1.4120000E+01, 8.9200000E+00, 0.0000000E+00, 1.3000000E+00
* ELEM  457  line segment
 1, 443, 374
*
  1.4120000E+01, 1.0220000E+01, -1.3000000E+00, 0.0000000E+00
* ELEM  458  circle
 2, 375, 374
*
  1.3470000E+01, 9.5700000E+00, 5.1500000E-01, 0.0000000E+00
* ELEM  459  circle
 2, 376, 375
*
  1.3470000E+01, 9.5700000E+00, 4.4700000E-01, 0.0000000E+00
* ELEM  460  circle
 2, 377, 376
*
  1.3470000E+01, 9.5700000E+00, 4.3800000E-01, 0.0000000E+00
* ELEM  461  circle
 2, 378, 377
*
  1.3470000E+01, 9.5700000E+00, 4.2690959E-01, 0.0000000E+00
* ELEM  462  circle
 2, 379, 378
*
  1.3470000E+01, 9.5700000E+00, 3.9175911E-01, 0.0000000E+00
* ELEM  463  circle
 2, 380, 379
*
  1.3470000E+01, 9.5700000E+00, 3.0971277E-01, 0.0000000E+00
* ELEM  464  line segment
 1, 789, 381
*
  1.1200000E+00, 1.1520000E+01, 0.0000000E+00, -1.3000000E+00
* ELEM  465  line segment
 1, 388, 381
*
  2.4200000E+00, 1.0220000E+01, 0.0000000E+00, 1.3000000E+00
* ELEM  466  line segment
 1, 450, 381
*
  2.4200000E+00, 1.1520000E+01, -1.3000000E+00, 0.0000000E+00
* ELEM  467  circle
 2, 382, 381
*
  1.7700000E+00, 1.0870000E+01, 5.1500000E-01, 0.0000000E+00
* ELEM  468  circle
 2, 383, 382
*
  1.7700000E+00, 1.0870000E+01, 4.4700000E-01, 0.0000000E+00
* ELEM  469  circle
 2, 384, 383
*
  1.7700000E+00, 1.0870000E+01, 4.3800000E-01, 0.0000000E+00
* ELEM  470  circle
 2, 385, 384
*
  1.7700000E+00, 1.0870000E+01, 4.2690959E-01, 0.0000000E+00
* ELEM  471  circle
 2, 386, 385
*
  1.7700000E+00, 1.0870000E+01, 3.9175911E-01, 0.0000000E+00
* ELEM  472  circle
 2, 387, 386
*
  1.7700000E+00, 1.0870000E+01, 3.0971277E-01, 0.0000000E+00
* ELEM  473  line segment
 1, 665, 388
*
  3.7200000E+00, 1.0220000E+01, 0.0000000E+00, 1.3000000E+00
* ELEM  474  line segment
 1, 457, 388
*
  3.7200000E+00, 1.1520000E+01, -1.3000000E+00, 0.0000000E+00
* ELEM  475  circle
 2, 389, 388
*
  3.0700000E+00, 1.0870000E+01, 5.1500000E-01, 0.0000000E+00
* ELEM  476  circle
 2, 390, 389
*
  3.0700000E+00, 1.0870000E+01, 4.4700000E-01, 0.0000000E+00
* ELEM  477  circle
 2, 391, 390
*
  3.0700000E+00, 1.0870000E+01, 4.3800000E-01, 0.0000000E+00
* ELEM  478  circle
 2, 392, 391
*
  3.0700000E+00, 1.0870000E+01, 4.2690959E-01, 0.0000000E+00
* ELEM  479  circle
 2, 393, 392
*
  3.0700000E+00, 1.0870000E+01, 3.9175911E-01, 0.0000000E+00
* ELEM  480  circle
 2, 394, 393
*
  3.0700000E+00, 1.0870000E+01, 3.0971277E-01, 0.0000000E+00
* ELEM  481  line segment
 1, 665, 395
*
  5.0200000E+00, 1.1520000E+01, 0.0000000E+00, -1.3000000E+00
* ELEM  482  line segment
 1, 402, 395
*
  6.3200000E+00, 1.0220000E+01, 0.0000000E+00, 1.3000000E+00
* ELEM  483  line segment
 1, 471, 395
*
  6.3200000E+00, 1.1520000E+01, -1.3000000E+00, 0.0000000E+00
* ELEM  484  circle
 2, 396, 395
*
  5.6700000E+00, 1.0870000E+01, 5.1500000E-01, 0.0000000E+00
* ELEM  485  circle
 2, 397, 396
*
  5.6700000E+00, 1.0870000E+01, 4.4700000E-01, 0.0000000E+00
* ELEM  486  circle
 2, 398, 397
*
  5.6700000E+00, 1.0870000E+01, 4.3800000E-01, 0.0000000E+00
* ELEM  487  circle
 2, 399, 398
*
  5.6700000E+00, 1.0870000E+01, 4.2690959E-01, 0.0000000E+00
* ELEM  488  circle
 2, 400, 399
*
  5.6700000E+00, 1.0870000E+01, 3.9175911E-01, 0.0000000E+00
* ELEM  489  circle
 2, 401, 400
*
  5.6700000E+00, 1.0870000E+01, 3.0971277E-01, 0.0000000E+00
* ELEM  490  line segment
 1, 411, 402
*
  7.6200000E+00, 1.0220000E+01, 0.0000000E+00, 1.3000000E+00
* ELEM  491  line segment
 1, 478, 402
*
  7.6200000E+00, 1.1520000E+01, -1.3000000E+00, 0.0000000E+00
* ELEM  492  circle
 2, 403, 402
*
  6.9700000E+00, 1.0870000E+01, 5.1500000E-01, 0.0000000E+00
* ELEM  493  circle
 2, 404, 403
*
  6.9700000E+00, 1.0870000E+01, 4.4700000E-01, 0.0000000E+00
* ELEM  494  circle
 2, 405, 404
*
  6.9700000E+00, 1.0870000E+01, 4.3800000E-01, 0.0000000E+00
* ELEM  495  circle
 2, 406, 405
*
  6.9700000E+00, 1.0870000E+01, 4.2690959E-01, 0.0000000E+00
* ELEM  496  circle
 2, 407, 406
*
  6.9700000E+00, 1.0870000E+01, 3.9175911E-01, 0.0000000E+00
* ELEM  497  circle
 2, 408, 407
*
  6.9700000E+00, 1.0870000E+01, 3.3927334E-01, 0.0000000E+00
* ELEM  498  circle
 2, 409, 408
*
  6.9700000E+00, 1.0870000E+01, 2.7701552E-01, 0.0000000E+00
* ELEM  499  circle
 2, 410, 409
*
  6.9700000E+00, 1.0870000E+01, 1.9587955E-01, 0.0000000E+00
* ELEM  500  line segment
 1, 684, 411
*
  7.6200000E+00, 1.0220000E+01, 1.3000000E+00, 0.0000000E+00
* ELEM  501  line segment
 1, 418, 411
*
  8.9200000E+00, 1.0220000E+01, 0.0000000E+00, 1.3000000E+00
* ELEM  502  line segment
 1, 485, 411
*
  8.9200000E+00, 1.1520000E+01, -1.3000000E+00, 0.0000000E+00
* ELEM  503  circle
 2, 412, 411
*
  8.2700000E+00, 1.0870000E+01, 5.1500000E-01, 0.0000000E+00
* ELEM  504  circle
 2, 413, 412
*
  8.2700000E+00, 1.0870000E+01, 4.4700000E-01, 0.0000000E+00
* ELEM  505  circle
 2, 414, 413
*
  8.2700000E+00, 1.0870000E+01, 4.3800000E-01, 0.0000000E+00
* ELEM  506  circle
 2, 415, 414
*
  8.2700000E+00, 1.0870000E+01, 4.2690959E-01, 0.0000000E+00
* ELEM  507  circle
 2, 416, 415
*
  8.2700000E+00, 1.0870000E+01, 3.9175911E-01, 0.0000000E+00
* ELEM  508  circle
 2, 417, 416
*
  8.2700000E+00, 1.0870000E+01, 3.0971277E-01, 0.0000000E+00
* ELEM  509  line segment
 1, 684, 418
*
  8.9200000E+00, 1.0220000E+01, 1.3000000E+00, 0.0000000E+00
* ELEM  510  line segment
 1, 427, 418
*
  1.0220000E+01, 1.0220000E+01, 0.0000000E+00, 1.3000000E+00
* ELEM  511  line segment
 1, 494, 418
*
  1.0220000E+01, 1.1520000E+01, -1.3000000E+00, 0.0000000E+00
* ELEM  512  circle
 2, 419, 418
*
  9.5700000E+00, 1.0870000E+01, 5.1500000E-01, 0.0000000E+00
* ELEM  513  circle
 2, 420, 419
*
  9.5700000E+00, 1.0870000E+01, 4.4700000E-01, 0.0000000E+00
* ELEM  514  circle
 2, 421, 420
*
  9.5700000E+00, 1.0870000E+01, 4.3800000E-01, 0.0000000E+00
* ELEM  515  circle
 2, 422, 421
*
  9.5700000E+00, 1.0870000E+01, 4.2690959E-01, 0.0000000E+00
* ELEM  516  circle
 2, 423, 422
*
  9.5700000E+00, 1.0870000E+01, 3.9175911E-01, 0.0000000E+00
* ELEM  517  circle
 2, 424, 423
*
  9.5700000E+00, 1.0870000E+01, 3.3927334E-01, 0.0000000E+00
* ELEM  518  circle
 2, 425, 424
*
  9.5700000E+00, 1.0870000E+01, 2.7701552E-01, 0.0000000E+00
* ELEM  519  circle
 2, 426, 425
*
  9.5700000E+00, 1.0870000E+01, 1.9587955E-01, 0.0000000E+00
* ELEM  520  line segment
 1, 434, 427
*
  1.1520000E+01, 1.0220000E+01, 0.0000000E+00, 1.3000000E+00
* ELEM  521  line segment
 1, 501, 427
*
  1.1520000E+01, 1.1520000E+01, -1.3000000E+00, 0.0000000E+00
* ELEM  522  circle
 2, 428, 427
*
  1.0870000E+01, 1.0870000E+01, 5.1500000E-01, 0.0000000E+00
* ELEM  523  circle
 2, 429, 428
*
  1.0870000E+01, 1.0870000E+01, 4.4700000E-01, 0.0000000E+00
* ELEM  524  circle
 2, 430, 429
*
  1.0870000E+01, 1.0870000E+01, 4.3800000E-01, 0.0000000E+00
* ELEM  525  circle
 2, 431, 430
*
  1.0870000E+01, 1.0870000E+01, 4.2690959E-01, 0.0000000E+00
* ELEM  526  circle
 2, 432, 431
*
  1.0870000E+01, 1.0870000E+01, 3.9175911E-01, 0.0000000E+00
* ELEM  527  circle
 2, 433, 432
*
  1.0870000E+01, 1.0870000E+01, 3.0971277E-01, 0.0000000E+00
* ELEM  528  line segment
 1, 443, 434
*
  1.2820000E+01, 1.0220000E+01, 0.0000000E+00, 1.3000000E+00
* ELEM  529  line segment
 1, 510, 434
*
  1.2820000E+01, 1.1520000E+01, -1.3000000E+00, 0.0000000E+00
* ELEM  530  circle
 2, 435, 434
*
  1.2170000E+01, 1.0870000E+01, 5.1500000E-01, 0.0000000E+00
* ELEM  531  circle
 2, 436, 435
*
  1.2170000E+01, 1.0870000E+01, 4.4700000E-01, 0.0000000E+00
* ELEM  532  circle
 2, 437, 436
*
  1.2170000E+01, 1.0870000E+01, 4.3800000E-01, 0.0000000E+00
* ELEM  533  circle
 2, 438, 437
*
  1.2170000E+01, 1.0870000E+01, 4.2690959E-01, 0.0000000E+00
* ELEM  534  circle
 2, 439, 438
*
  1.2170000E+01, 1.0870000E+01, 3.9175911E-01, 0.0000000E+00
* ELEM  535  circle
 2, 440, 439
*
  1.2170000E+01, 1.0870000E+01, 3.3927334E-01, 0.0000000E+00
* ELEM  536  circle
 2, 441, 440
*
  1.2170000E+01, 1.0870000E+01, 2.7701552E-01, 0.0000000E+00
* ELEM  537  circle
 2, 442, 441
*
  1.2170000E+01, 1.0870000E+01, 1.9587955E-01, 0.0000000E+00
* ELEM  538  line segment
 1, 792, 443
*
  1.4120000E+01, 1.0220000E+01, 0.0000000E+00, 1.3000000E+00
* ELEM  539  line segment
 1, 517, 443
*
  1.4120000E+01, 1.1520000E+01, -1.3000000E+00, 0.0000000E+00
* ELEM  540  circle
 2, 444, 443
*
  1.3470000E+01, 1.0870000E+01, 5.1500000E-01, 0.0000000E+00
* ELEM  541  circle
 2, 445, 444
*
  1.3470000E+01, 1.0870000E+01, 4.4700000E-01, 0.0000000E+00
* ELEM  542  circle
 2, 446, 445
*
  1.3470000E+01, 1.0870000E+01, 4.3800000E-01, 0.0000000E+00
* ELEM  543  circle
 2, 447, 446
*
  1.3470000E+01, 1.0870000E+01, 4.2690959E-01, 0.0000000E+00
* ELEM  544  circle
 2, 448, 447
*
  1.3470000E+01, 1.0870000E+01, 3.9175911E-01, 0.0000000E+00
* ELEM  545  circle
 2, 449, 448
*
  1.3470000E+01, 1.0870000E+01, 3.0971277E-01, 0.0000000E+00
* ELEM  546  line segment
 1, 795, 450
*
  1.1200000E+00, 1.2820000E+01, 0.0000000E+00, -1.3000000E+00
* ELEM  547  line segment
 1, 457, 450
*
  2.4200000E+00, 1.1520000E+01, 0.0000000E+00, 1.3000000E+00
* ELEM  548  line segment
 1, 674, 450
*
  2.4200000E+00, 1.2820000E+01, -1.3000000E+00, 0.0000000E+00
* ELEM  549  circle
 2, 451, 450
*
  1.7700000E+00, 1.2170000E+01, 5.1500000E-01, 0.0000000E+00
* ELEM  550  circle
 2, 452, 451
*
  1.7700000E+00, 1.2170000E+01, 4.4700000E-01, 0.0000000E+00
* ELEM  551  circle
 2, 453, 452
*
  1.7700000E+00, 1.2170000E+01, 4.3800000E-01, 0.0000000E+00
* ELEM  552  circle
 2, 454, 453
*
  1.7700000E+00, 1.2170000E+01, 4.2690959E-01, 0.0000000E+00
* ELEM  553  circle
 2, 455, 454
*
  1.7700000E+00, 1.2170000E+01, 3.9175911E-01, 0.0000000E+00
* ELEM  554  circle
 2, 456, 455
*
  1.7700000E+00, 1.2170000E+01, 3.0971277E-01, 0.0000000E+00
* ELEM  555  line segment
 1, 464, 457
*
  3.7200000E+00, 1.1520000E+01, 0.0000000E+00, 1.3000000E+00
* ELEM  556  line segment
 1, 524, 457
*
  3.7200000E+00, 1.2820000E+01, -1.3000000E+00, 0.0000000E+00
* ELEM  557  circle
 2, 458, 457
*
  3.0700000E+00, 1.2170000E+01, 5.1500000E-01, 0.0000000E+00
* ELEM  558  circle
 2, 459, 458
*
  3.0700000E+00, 1.2170000E+01, 4.4700000E-01, 0.0000000E+00
* ELEM  559  circle
 2, 460, 459
*
  3.0700000E+00, 1.2170000E+01, 4.3800000E-01, 0.0000000E+00
* ELEM  560  circle
 2, 461, 460
*
  3.0700000E+00, 1.2170000E+01, 4.2690959E-01, 0.0000000E+00
* ELEM  561  circle
 2, 462, 461
*
  3.0700000E+00, 1.2170000E+01, 3.9175911E-01, 0.0000000E+00
* ELEM  562  circle
 2, 463, 462
*
  3.0700000E+00, 1.2170000E+01, 3.0971277E-01, 0.0000000E+00
* ELEM  563  line segment
 1, 665, 464
*
  3.7200000E+00, 1.1520000E+01, 1.3000000E+00, 0.0000000E+00
* ELEM  564  line segment
 1, 471, 464
*
  5.0200000E+00, 1.1520000E+01, 0.0000000E+00, 1.3000000E+00
* ELEM  565  line segment
 1, 531, 464
*
  5.0200000E+00, 1.2820000E+01, -1.3000000E+00, 0.0000000E+00
* ELEM  566  circle
 2, 465, 464
*
  4.3700000E+00, 1.2170000E+01, 5.1500000E-01, 0.0000000E+00
* ELEM  567  circle
 2, 466, 465
*
  4.3700000E+00, 1.2170000E+01, 4.4700000E-01, 0.0000000E+00
* ELEM  568  circle
 2, 467, 466
*
  4.3700000E+00, 1.2170000E+01, 4.3800000E-01, 0.0000000E+00
* ELEM  569  circle
 2, 468, 467
*
  4.3700000E+00, 1.2170000E+01, 4.2690959E-01, 0.0000000E+00
* ELEM  570  circle
 2, 469, 468
*
  4.3700000E+00, 1.2170000E+01, 3.9175911E-01, 0.0000000E+00
* ELEM  571  circle
 2, 470, 469
*
  4.3700000E+00, 1.2170000E+01, 3.0971277E-01, 0.0000000E+00
* ELEM  572  line segment
 1, 478, 471
*
  6.3200000E+00, 1.1520000E+01, 0.0000000E+00, 1.3000000E+00
* ELEM  573  line segment
 1, 538, 471
*
  6.3200000E+00, 1.2820000E+01, -1.3000000E+00, 0.0000000E+00
* ELEM  574  circle
 2, 472, 471
*
  5.6700000E+00, 1.2170000E+01, 5.1500000E-01, 0.0000000E+00
* ELEM  575  circle
 2, 473, 472
*
  5.6700000E+00, 1.2170000E+01, 4.4700000E-01, 0.0000000E+00
* ELEM  576  circle
 2, 474, 473
*
  5.6700000E+00, 1.2170000E+01, 4.3800000E-01, 0.0000000E+00
* ELEM  577  circle
 2, 475, 474
*
  5.6700000E+00, 1.2170000E+01, 4.2690959E-01, 0.0000000E+00
* ELEM  578  circle
 2, 476, 475
*
  5.6700000E+00, 1.2170000E+01, 3.9175911E-01, 0.0000000E+00
* ELEM  579  circle
 2, 477, 476
*
  5.6700000E+00, 1.2170000E+01, 3.0971277E-01, 0.0000000E+00
* ELEM  580  line segment
 1, 485, 478
*
  7.6200000E+00, 1.1520000E+01, 0.0000000E+00, 1.3000000E+00
* ELEM  581  line segment
 1, 545, 478
*
  7.6200000E+00, 1.2820000E+01, -1.3000000E+00, 0.0000000E+00
* ELEM  582  circle
 2, 479, 478
*
  6.9700000E+00, 1.2170000E+01, 5.1500000E-01, 0.0000000E+00
* ELEM  583  circle
 2, 480, 479
*
  6.9700000E+00, 1.2170000E+01, 4.4700000E-01, 0.0000000E+00
* ELEM  584  circle
 2, 481, 480
*
  6.9700000E+00, 1.2170000E+01, 4.3800000E-01, 0.0000000E+00
* ELEM  585  circle
 2, 482, 481
*
  6.9700000E+00, 1.2170000E+01, 4.2690959E-01, 0.0000000E+00
* ELEM  586  circle
 2, 483, 482
*
  6.9700000E+00, 1.2170000E+01, 3.9175911E-01, 0.0000000E+00
* ELEM  587  circle
 2, 484, 483
*
  6.9700000E+00, 1.2170000E+01, 3.0971277E-01, 0.0000000E+00
* ELEM  588  line segment
 1, 494, 485
*
  8.9200000E+00, 1.1520000E+01, 0.0000000E+00, 1.3000000E+00
* ELEM  589  line segment
 1, 552, 485
*
  8.9200000E+00, 1.2820000E+01, -1.3000000E+00, 0.0000000E+00
* ELEM  590  circle
 2, 486, 485
*
  8.2700000E+00, 1.2170000E+01, 5.1500000E-01, 0.0000000E+00
* ELEM  591  circle
 2, 487, 486
*
  8.2700000E+00, 1.2170000E+01, 4.4700000E-01, 0.0000000E+00
* ELEM  592  circle
 2, 488, 487
*
  8.2700000E+00, 1.2170000E+01, 4.3800000E-01, 0.0000000E+00
* ELEM  593  circle
 2, 489, 488
*
  8.2700000E+00, 1.2170000E+01, 4.2690959E-01, 0.0000000E+00
* ELEM  594  circle
 2, 490, 489
*
  8.2700000E+00, 1.2170000E+01, 3.9175911E-01, 0.0000000E+00
* ELEM  595  circle
 2, 491, 490
*
  8.2700000E+00, 1.2170000E+01, 3.3927334E-01, 0.0000000E+00
* ELEM  596  circle
 2, 492, 491
*
  8.2700000E+00, 1.2170000E+01, 2.7701552E-01, 0.0000000E+00
* ELEM  597  circle
 2, 493, 492
*
  8.2700000E+00, 1.2170000E+01, 1.9587955E-01, 0.0000000E+00
* ELEM  598  line segment
 1, 501, 494
*
  1.0220000E+01, 1.1520000E+01, 0.0000000E+00, 1.3000000E+00
* ELEM  599  line segment
 1, 559, 494
*
  1.0220000E+01, 1.2820000E+01, -1.3000000E+00, 0.0000000E+00
* ELEM  600  circle
 2, 495, 494
*
  9.5700000E+00, 1.2170000E+01, 5.1500000E-01, 0.0000000E+00
* ELEM  601  circle
 2, 496, 495
*
  9.5700000E+00, 1.2170000E+01, 4.4700000E-01, 0.0000000E+00
* ELEM  602  circle
 2, 497, 496
*
  9.5700000E+00, 1.2170000E+01, 4.3800000E-01, 0.0000000E+00
* ELEM  603  circle
 2, 498, 497
*
  9.5700000E+00, 1.2170000E+01, 4.2690959E-01, 0.0000000E+00
* ELEM  604  circle
 2, 499, 498
*
  9.5700000E+00, 1.2170000E+01, 3.9175911E-01, 0.0000000E+00
* ELEM  605  circle
 2, 500, 499
*
  9.5700000E+00, 1.2170000E+01, 3.0971277E-01, 0.0000000E+00
* ELEM  606  line segment
 1, 510, 501
*
  1.1520000E+01, 1.1520000E+01, 0.0000000E+00, 1.3000000E+00
* ELEM  607  line segment
 1, 566, 501
*
  1.1520000E+01, 1.2820000E+01, -1.3000000E+00, 0.0000000E+00
* ELEM  608  circle
 2, 502, 501
*
  1.0870000E+01, 1.2170000E+01, 5.1500000E-01, 0.0000000E+00
* ELEM  609  circle
 2, 503, 502
*
  1.0870000E+01, 1.2170000E+01, 4.4700000E-01, 0.0000000E+00
* ELEM  610  circle
 2, 504, 503
*
  1.0870000E+01, 1.2170000E+01, 4.3800000E-01, 0.0000000E+00
* ELEM  611  circle
 2, 505, 504
*
  1.0870000E+01, 1.2170000E+01, 4.2690959E-01, 0.0000000E+00
* ELEM  612  circle
 2, 506, 505
*
  1.0870000E+01, 1.2170000E+01, 3.9175911E-01, 0.0000000E+00
* ELEM  613  circle
 2, 507, 506
*
  1.0870000E+01, 1.2170000E+01, 3.3927334E-01, 0.0000000E+00
* ELEM  614  circle
 2, 508, 507
*
  1.0870000E+01, 1.2170000E+01, 2.7701552E-01, 0.0000000E+00
* ELEM  615  circle
 2, 509, 508
*
  1.0870000E+01, 1.2170000E+01, 1.9587955E-01, 0.0000000E+00
* ELEM  616  line segment
 1, 517, 510
*
  1.2820000E+01, 1.1520000E+01, 0.0000000E+00, 1.3000000E+00
* ELEM  617  line segment
 1, 573, 510
*
  1.2820000E+01, 1.2820000E+01, -1.3000000E+00, 0.0000000E+00
* ELEM  618  circle
 2, 511, 510
*
  1.2170000E+01, 1.2170000E+01, 5.1500000E-01, 0.0000000E+00
* ELEM  619  circle
 2, 512, 511
*
  1.2170000E+01, 1.2170000E+01, 4.4700000E-01, 0.0000000E+00
* ELEM  620  circle
 2, 513, 512
*
  1.2170000E+01, 1.2170000E+01, 4.3800000E-01, 0.0000000E+00
* ELEM  621  circle
 2, 514, 513
*
  1.2170000E+01, 1.2170000E+01, 4.2690959E-01, 0.0000000E+00
* ELEM  622  circle
 2, 515, 514
*
  1.2170000E+01, 1.2170000E+01, 3.9175911E-01, 0.0000000E+00
* ELEM  623  circle
 2, 516, 515
*
  1.2170000E+01, 1.2170000E+01, 3.0971277E-01, 0.0000000E+00
* ELEM  624  line segment
 1, 798, 517
*
  1.4120000E+01, 1.1520000E+01, 0.0000000E+00, 1.3000000E+00
* ELEM  625  line segment
 1, 580, 517
*
  1.4120000E+01, 1.2820000E+01, -1.3000000E+00, 0.0000000E+00
* ELEM  626  circle
 2, 518, 517
*
  1.3470000E+01, 1.2170000E+01, 5.1500000E-01, 0.0000000E+00
* ELEM  627  circle
 2, 519, 518
*
  1.3470000E+01, 1.2170000E+01, 4.4700000E-01, 0.0000000E+00
* ELEM  628  circle
 2, 520, 519
*
  1.3470000E+01, 1.2170000E+01, 4.3800000E-01, 0.0000000E+00
* ELEM  629  circle
 2, 521, 520
*
  1.3470000E+01, 1.2170000E+01, 4.2690959E-01, 0.0000000E+00
* ELEM  630  circle
 2, 522, 521
*
  1.3470000E+01, 1.2170000E+01, 3.9175911E-01, 0.0000000E+00
* ELEM  631  circle
 2, 523, 522
*
  1.3470000E+01, 1.2170000E+01, 3.0971277E-01, 0.0000000E+00
* ELEM  632  line segment
 1, 674, 524
*
  2.4200000E+00, 1.4120000E+01, 0.0000000E+00, -1.3000000E+00
* ELEM  633  line segment
 1, 531, 524
*
  3.7200000E+00, 1.2820000E+01, 0.0000000E+00, 1.3000000E+00
* ELEM  634  line segment
 1, 696, 524
*
  3.7200000E+00, 1.4120000E+01, -1.3000000E+00, 0.0000000E+00
* ELEM  635  circle
 2, 525, 524
*
  3.0700000E+00, 1.3470000E+01, 5.1500000E-01, 0.0000000E+00
* ELEM  636  circle
 2, 526, 525
*
  3.0700000E+00, 1.3470000E+01, 4.4700000E-01, 0.0000000E+00
* ELEM  637  circle
 2, 527, 526
*
  3.0700000E+00, 1.3470000E+01, 4.3800000E-01, 0.0000000E+00
* ELEM  638  circle
 2, 528, 527
*
  3.0700000E+00, 1.3470000E+01, 4.2690959E-01, 0.0000000E+00
* ELEM  639  circle
 2, 529, 528
*
  3.0700000E+00, 1.3470000E+01, 3.9175911E-01, 0.0000000E+00
* ELEM  640  circle
 2, 530, 529
*
  3.0700000E+00, 1.3470000E+01, 3.0971277E-01, 0.0000000E+00
* ELEM  641  line segment
 1, 538, 531
*
  5.0200000E+00, 1.2820000E+01, 0.0000000E+00, 1.3000000E+00
* ELEM  642  line segment
 1, 702, 531
*
  5.0200000E+00, 1.4120000E+01, -1.3000000E+00, 0.0000000E+00
* ELEM  643  circle
 2, 532, 531
*
  4.3700000E+00, 1.3470000E+01, 5.1500000E-01, 0.0000000E+00
* ELEM  644  circle
 2, 533, 532
*
  4.3700000E+00, 1.3470000E+01, 4.4700000E-01, 0.0000000E+00
* ELEM  645  circle
 2, 534, 533
*
  4.3700000E+00, 1.3470000E+01, 4.3800000E-01, 0.0000000E+00
* ELEM  646  circle
 2, 535, 534
*
  4.3700000E+00, 1.3470000E+01, 4.2690959E-01, 0.0000000E+00
* ELEM  647  circle
 2, 536, 535
*
  4.3700000E+00, 1.3470000E+01, 3.9175911E-01, 0.0000000E+00
* ELEM  648  circle
 2, 537, 536
*
  4.3700000E+00, 1.3470000E+01, 3.0971277E-01, 0.0000000E+00
* ELEM  649  line segment
 1, 545, 538
*
  6.3200000E+00, 1.2820000E+01, 0.0000000E+00, 1.3000000E+00
* ELEM  650  line segment
 1, 708, 538
*
  6.3200000E+00, 1.4120000E+01, -1.3000000E+00, 0.0000000E+00
* ELEM  651  circle
 2, 539, 538
*
  5.6700000E+00, 1.3470000E+01, 5.1500000E-01, 0.0000000E+00
* ELEM  652  circle
 2, 540, 539
*
  5.6700000E+00, 1.3470000E+01, 4.4700000E-01, 0.0000000E+00
* ELEM  653  circle
 2, 541, 540
*
  5.6700000E+00, 1.3470000E+01, 4.3800000E-01, 0.0000000E+00
* ELEM  654  circle
 2, 542, 541
*
  5.6700000E+00, 1.3470000E+01, 4.2690959E-01, 0.0000000E+00
* ELEM  655  circle
 2, 543, 542
*
  5.6700000E+00, 1.3470000E+01, 3.9175911E-01, 0.0000000E+00
* ELEM  656  circle
 2, 544, 543
*
  5.6700000E+00, 1.3470000E+01, 3.0971277E-01, 0.0000000E+00
* ELEM  657  line segment
 1, 552, 545
*
  7.6200000E+00, 1.2820000E+01, 0.0000000E+00, 1.3000000E+00
* ELEM  658  line segment
 1, 714, 545
*
  7.6200000E+00, 1.4120000E+01, -1.3000000E+00, 0.0000000E+00
* ELEM  659  circle
 2, 546, 545
*
  6.9700000E+00, 1.3470000E+01, 5.1500000E-01, 0.0000000E+00
* ELEM  660  circle
 2, 547, 546
*
  6.9700000E+00, 1.3470000E+01, 4.4700000E-01, 0.0000000E+00
* ELEM  661  circle
 2, 548, 547
*
  6.9700000E+00, 1.3470000E+01, 4.3800000E-01, 0.0000000E+00
* ELEM  662  circle
 2, 549, 548
*
  6.9700000E+00, 1.3470000E+01, 4.2690959E-01, 0.0000000E+00
* ELEM  663  circle
 2, 550, 549
*
  6.9700000E+00, 1.3470000E+01, 3.9175911E-01, 0.0000000E+00
* ELEM  664  circle
 2, 551, 550
*
  6.9700000E+00, 1.3470000E+01, 3.0971277E-01, 0.0000000E+00
* ELEM  665  line segment
 1, 559, 552
*
  8.9200000E+00, 1.2820000E+01, 0.0000000E+00, 1.3000000E+00
* ELEM  666  line segment
 1, 720, 552
*
  8.9200000E+00, 1.4120000E+01, -1.3000000E+00, 0.0000000E+00
* ELEM  667  circle
 2, 553, 552
*
  8.2700000E+00, 1.3470000E+01, 5.1500000E-01, 0.0000000E+00
* ELEM  668  circle
 2, 554, 553
*
  8.2700000E+00, 1.3470000E+01, 4.4700000E-01, 0.0000000E+00
* ELEM  669  circle
 2, 555, 554
*
  8.2700000E+00, 1.3470000E+01, 4.3800000E-01, 0.0000000E+00
* ELEM  670  circle
 2, 556, 555
*
  8.2700000E+00, 1.3470000E+01, 4.2690959E-01, 0.0000000E+00
* ELEM  671  circle
 2, 557, 556
*
  8.2700000E+00, 1.3470000E+01, 3.9175911E-01, 0.0000000E+00
* ELEM  672  circle
 2, 558, 557
*
  8.2700000E+00, 1.3470000E+01, 3.0971277E-01, 0.0000000E+00
* ELEM  673  line segment
 1, 566, 559
*
  1.0220000E+01, 1.2820000E+01, 0.0000000E+00, 1.3000000E+00
* ELEM  674  line segment
 1, 726, 559
*
  1.0220000E+01, 1.4120000E+01, -1.3000000E+00, 0.0000000E+00
* ELEM  675  circle
 2, 560, 559
*
  9.5700000E+00, 1.3470000E+01, 5.1500000E-01, 0.0000000E+00
* ELEM  676  circle
 2, 561, 560
*
  9.5700000E+00, 1.3470000E+01, 4.4700000E-01, 0.0000000E+00
* ELEM  677  circle
 2, 562, 561
*
  9.5700000E+00, 1.3470000E+01, 4.3800000E-01, 0.0000000E+00
* ELEM  678  circle
 2, 563, 562
*
  9.5700000E+00, 1.3470000E+01, 4.2690959E-01, 0.0000000E+00
* ELEM  679  circle
 2, 564, 563
*
  9.5700000E+00, 1.3470000E+01, 3.9175911E-01, 0.0000000E+00
* ELEM  680  circle
 2, 565, 564
*
  9.5700000E+00, 1.3470000E+01, 3.0971277E-01, 0.0000000E+00
* ELEM  681  line segment
 1, 573, 566
*
  1.1520000E+01, 1.2820000E+01, 0.0000000E+00, 1.3000000E+00
* ELEM  682  line segment
 1, 732, 566
*
  1.1520000E+01, 1.4120000E+01, -1.3000000E+00, 0.0000000E+00
* ELEM  683  circle
 2, 567, 566
*
  1.0870000E+01, 1.3470000E+01, 5.1500000E-01, 0.0000000E+00
* ELEM  684  circle
 2, 568, 567
*
  1.0870000E+01, 1.3470000E+01, 4.4700000E-01, 0.0000000E+00
* ELEM  685  circle
 2, 569, 568
*
  1.0870000E+01, 1.3470000E+01, 4.3800000E-01, 0.0000000E+00
* ELEM  686  circle
 2, 570, 569
*
  1.0870000E+01, 1.3470000E+01, 4.2690959E-01, 0.0000000E+00
* ELEM  687  circle
 2, 571, 570
*
  1.0870000E+01, 1.3470000E+01, 3.9175911E-01, 0.0000000E+00
* ELEM  688  circle
 2, 572, 571
*
  1.0870000E+01, 1.3470000E+01, 3.0971277E-01, 0.0000000E+00
* ELEM  689  line segment
 1, 580, 573
*
  1.2820000E+01, 1.2820000E+01, 0.0000000E+00, 1.3000000E+00
* ELEM  690  line segment
 1, 738, 573
*
  1.2820000E+01, 1.4120000E+01, -1.3000000E+00, 0.0000000E+00
* ELEM  691  circle
 2, 574, 573
*
  1.2170000E+01, 1.3470000E+01, 5.1500000E-01, 0.0000000E+00
* ELEM  692  circle
 2, 575, 574
*
  1.2170000E+01, 1.3470000E+01, 4.4700000E-01, 0.0000000E+00
* ELEM  693  circle
 2, 576, 575
*
  1.2170000E+01, 1.3470000E+01, 4.3800000E-01, 0.0000000E+00
* ELEM  694  circle
 2, 577, 576
*
  1.2170000E+01, 1.3470000E+01, 4.2690959E-01, 0.0000000E+00
* ELEM  695  circle
 2, 578, 577
*
  1.2170000E+01, 1.3470000E+01, 3.9175911E-01, 0.0000000E+00
* ELEM  696  circle
 2, 579, 578
*
  1.2170000E+01, 1.3470000E+01, 3.0971277E-01, 0.0000000E+00
* ELEM  697  line segment
 1, 744, 580
*
  1.3943218E+01, 1.4120000E+01, -1.1232176E+00, 0.0000000E+00
* ELEM  698  circular arc
 3, 580, 818
*
  1.3355000E+01, 1.3355000E+01, 9.6500000E-01, 3.7557114E+01, 1.4885772E+01
* ELEM  699  line segment
 1, 804, 580
*
  1.4120000E+01, 1.2820000E+01, 0.0000000E+00, 1.1232176E+00
* ELEM  700  circle
 2, 581, 580
*
  1.3470000E+01, 1.3470000E+01, 5.1500000E-01, 0.0000000E+00
* ELEM  701  circle
 2, 582, 581
*
  1.3470000E+01, 1.3470000E+01, 4.4700000E-01, 0.0000000E+00
* ELEM  702  circle
 2, 583, 582
*
  1.3470000E+01, 1.3470000E+01, 4.3800000E-01, 0.0000000E+00
* ELEM  703  circle
 2, 584, 583
*
  1.3470000E+01, 1.3470000E+01, 4.2690959E-01, 0.0000000E+00
* ELEM  704  circle
 2, 585, 584
*
  1.3470000E+01, 1.3470000E+01, 3.9175911E-01, 0.0000000E+00
* ELEM  705  circle
 2, 586, 585
*
  1.3470000E+01, 1.3470000E+01, 3.0971277E-01, 0.0000000E+00
* ELEM  706  circular arc
 3, 587, 815
*
  1.8850000E+00, 1.8850000E+00, 9.6500000E-01, 2.1755711E+02, 1.4885772E+01
* ELEM  707  line segment
 1, 747, 587
*
  1.1200000E+00, 2.4200000E+00, 0.0000000E+00, -1.1232176E+00
* ELEM  708  line segment
 1, 594, 587
*
  2.4200000E+00, 1.1200000E+00, 0.0000000E+00, 1.3000000E+00
* ELEM  709  line segment
 1, 687, 587
*
  1.2967824E+00, 1.1200000E+00, 1.1232176E+00, 0.0000000E+00
* ELEM  710  circle
 2, 588, 587
*
  1.7700000E+00, 1.7700000E+00, 5.1500000E-01, 0.0000000E+00
* ELEM  711  circle
 2, 589, 588
*
  1.7700000E+00, 1.7700000E+00, 4.4700000E-01, 0.0000000E+00
* ELEM  712  circle
 2, 590, 589
*
  1.7700000E+00, 1.7700000E+00, 4.3800000E-01, 0.0000000E+00
* ELEM  713  circle
 2, 591, 590
*
  1.7700000E+00, 1.7700000E+00, 4.2690959E-01, 0.0000000E+00
* ELEM  714  circle
 2, 592, 591
*
  1.7700000E+00, 1.7700000E+00, 3.9175911E-01, 0.0000000E+00
* ELEM  715  circle
 2, 593, 592
*
  1.7700000E+00, 1.7700000E+00, 3.0971277E-01, 0.0000000E+00
* ELEM  716  line segment
 1, 693, 594
*
  2.4200000E+00, 1.1200000E+00, 1.3000000E+00, 0.0000000E+00
* ELEM  717  line segment
 1, 601, 594
*
  3.7200000E+00, 1.1200000E+00, 0.0000000E+00, 1.3000000E+00
* ELEM  718  circle
 2, 595, 594
*
  3.0700000E+00, 1.7700000E+00, 5.1500000E-01, 0.0000000E+00
* ELEM  719  circle
 2, 596, 595
*
  3.0700000E+00, 1.7700000E+00, 4.4700000E-01, 0.0000000E+00
* ELEM  720  circle
 2, 597, 596
*
  3.0700000E+00, 1.7700000E+00, 4.3800000E-01, 0.0000000E+00
* ELEM  721  circle
 2, 598, 597
*
  3.0700000E+00, 1.7700000E+00, 4.2690959E-01, 0.0000000E+00
* ELEM  722  circle
 2, 599, 598
*
  3.0700000E+00, 1.7700000E+00, 3.9175911E-01, 0.0000000E+00
* ELEM  723  circle
 2, 600, 599
*
  3.0700000E+00, 1.7700000E+00, 3.0971277E-01, 0.0000000E+00
* ELEM  724  line segment
 1, 699, 601
*
  3.7200000E+00, 1.1200000E+00, 1.3000000E+00, 0.0000000E+00
* ELEM  725  line segment
 1, 615, 601
*
  5.0200000E+00, 2.4200000E+00, -1.3000000E+00, 0.0000000E+00
* ELEM  726  circle
 2, 602, 601
*
  4.3700000E+00, 1.7700000E+00, 5.1500000E-01, 0.0000000E+00
* ELEM  727  circle
 2, 603, 602
*
  4.3700000E+00, 1.7700000E+00, 4.4700000E-01, 0.0000000E+00
* ELEM  728  circle
 2, 604, 603
*
  4.3700000E+00, 1.7700000E+00, 4.3800000E-01, 0.0000000E+00
* ELEM  729  circle
 2, 605, 604
*
  4.3700000E+00, 1.7700000E+00, 4.2690959E-01, 0.0000000E+00
* ELEM  730  circle
 2, 606, 605
*
  4.3700000E+00, 1.7700000E+00, 3.9175911E-01, 0.0000000E+00
* ELEM  731  circle
 2, 607, 606
*
  4.3700000E+00, 1.7700000E+00, 3.0971277E-01, 0.0000000E+00
* ELEM  732  line segment
 1, 750, 608
*
  1.4120000E+01, 1.2967824E+00, 0.0000000E+00, 1.1232176E+00
* ELEM  733  circular arc
 3, 608, 816
*
  1.3355000E+01, 1.8850000E+00, 9.6500000E-01, 3.0755711E+02, 1.4885772E+01
* ELEM  734  line segment
 1, 741, 608
*
  1.2820000E+01, 1.1200000E+00, 1.1232176E+00, 0.0000000E+00
* ELEM  735  circle
 2, 609, 608
*
  1.3470000E+01, 1.7700000E+00, 5.1500000E-01, 0.0000000E+00
* ELEM  736  circle
 2, 610, 609
*
  1.3470000E+01, 1.7700000E+00, 4.4700000E-01, 0.0000000E+00
* ELEM  737  circle
 2, 611, 610
*
  1.3470000E+01, 1.7700000E+00, 4.3800000E-01, 0.0000000E+00
* ELEM  738  circle
 2, 612, 611
*
  1.3470000E+01, 1.7700000E+00, 4.2690959E-01, 0.0000000E+00
* ELEM  739  circle
 2, 613, 612
*
  1.3470000E+01, 1.7700000E+00, 3.9175911E-01, 0.0000000E+00
* ELEM  740  circle
 2, 614, 613
*
  1.3470000E+01, 1.7700000E+00, 3.0971277E-01, 0.0000000E+00
* ELEM  741  line segment
 1, 633, 615
*
  5.0200000E+00, 3.7200000E+00, -1.3000000E+00, 0.0000000E+00
* ELEM  742  circle
 2, 616, 615
*
  4.3700000E+00, 3.0700000E+00, 5.1500000E-01, 0.0000000E+00
* ELEM  743  circle
 2, 617, 616
*
  4.3700000E+00, 3.0700000E+00, 4.4700000E-01, 0.0000000E+00
* ELEM  744  circle
 2, 618, 617
*
  4.3700000E+00, 3.0700000E+00, 4.3800000E-01, 0.0000000E+00
* ELEM  745  circle
 2, 619, 618
*
  4.3700000E+00, 3.0700000E+00, 4.2690959E-01, 0.0000000E+00
* ELEM  746  circle
 2, 620, 619
*
  4.3700000E+00, 3.0700000E+00, 3.9175911E-01, 0.0000000E+00
* ELEM  747  circle
 2, 621, 620
*
  4.3700000E+00, 3.0700000E+00, 3.3927334E-01, 0.0000000E+00
* ELEM  748  circle
 2, 622, 621
*
  4.3700000E+00, 3.0700000E+00, 2.7701552E-01, 0.0000000E+00
* ELEM  749  circle
 2, 623, 622
*
  4.3700000E+00, 3.0700000E+00, 1.9587955E-01, 0.0000000E+00
* ELEM  750  circle
 2, 625, 624
*
  8.2700000E+00, 3.0700000E+00, 5.1500000E-01, 0.0000000E+00
* ELEM  751  circle
 2, 626, 625
*
  8.2700000E+00, 3.0700000E+00, 4.4700000E-01, 0.0000000E+00
* ELEM  752  circle
 2, 627, 626
*
  8.2700000E+00, 3.0700000E+00, 4.3800000E-01, 0.0000000E+00
* ELEM  753  circle
 2, 628, 627
*
  8.2700000E+00, 3.0700000E+00, 4.2690959E-01, 0.0000000E+00
* ELEM  754  circle
 2, 629, 628
*
  8.2700000E+00, 3.0700000E+00, 3.9175911E-01, 0.0000000E+00
* ELEM  755  circle
 2, 630, 629
*
  8.2700000E+00, 3.0700000E+00, 3.3927334E-01, 0.0000000E+00
* ELEM  756  circle
 2, 631, 630
*
  8.2700000E+00, 3.0700000E+00, 2.7701552E-01, 0.0000000E+00
* ELEM  757  circle
 2, 632, 631
*
  8.2700000E+00, 3.0700000E+00, 1.9587955E-01, 0.0000000E+00
* ELEM  758  circle
 2, 634, 633
*
  4.3700000E+00, 4.3700000E+00, 5.1500000E-01, 0.0000000E+00
* ELEM  759  circle
 2, 635, 634
*
  4.3700000E+00, 4.3700000E+00, 4.4700000E-01, 0.0000000E+00
* ELEM  760  circle
 2, 636, 635
*
  4.3700000E+00, 4.3700000E+00, 4.3800000E-01, 0.0000000E+00
* ELEM  761  circle
 2, 637, 636
*
  4.3700000E+00, 4.3700000E+00, 4.2690959E-01, 0.0000000E+00
* ELEM  762  circle
 2, 638, 637
*
  4.3700000E+00, 4.3700000E+00, 3.9175911E-01, 0.0000000E+00
* ELEM  763  circle
 2, 639, 638
*
  4.3700000E+00, 4.3700000E+00, 3.0971277E-01, 0.0000000E+00
* ELEM  764  line segment
 1, 649, 640
*
  3.7200000E+00, 7.6200000E+00, -1.3000000E+00, 0.0000000E+00
* ELEM  765  circle
 2, 641, 640
*
  3.0700000E+00, 6.9700000E+00, 5.1500000E-01, 0.0000000E+00
* ELEM  766  circle
 2, 642, 641
*
  3.0700000E+00, 6.9700000E+00, 4.4700000E-01, 0.0000000E+00
* ELEM  767  circle
 2, 643, 642
*
  3.0700000E+00, 6.9700000E+00, 4.3800000E-01, 0.0000000E+00
* ELEM  768  circle
 2, 644, 643
*
  3.0700000E+00, 6.9700000E+00, 4.2690959E-01, 0.0000000E+00
* ELEM  769  circle
 2, 645, 644
*
  3.0700000E+00, 6.9700000E+00, 3.9175911E-01, 0.0000000E+00
* ELEM  770  circle
 2, 646, 645
*
  3.0700000E+00, 6.9700000E+00, 3.3927334E-01, 0.0000000E+00
* ELEM  771  circle
 2, 647, 646
*
  3.0700000E+00, 6.9700000E+00, 2.7701552E-01, 0.0000000E+00
* ELEM  772  circle
 2, 648, 647
*
  3.0700000E+00, 6.9700000E+00, 1.9587955E-01, 0.0000000E+00
* ELEM  773  line segment
 1, 656, 649
*
  3.7200000E+00, 7.6200000E+00, 0.0000000E+00, 1.3000000E+00
* ELEM  774  circle
 2, 650, 649
*
  3.0700000E+00, 8.2700000E+00, 5.1500000E-01, 0.0000000E+00
* ELEM  775  circle
 2, 651, 650
*
  3.0700000E+00, 8.2700000E+00, 4.4700000E-01, 0.0000000E+00
* ELEM  776  circle
 2, 652, 651
*
  3.0700000E+00, 8.2700000E+00, 4.3800000E-01, 0.0000000E+00
* ELEM  777  circle
 2, 653, 652
*
  3.0700000E+00, 8.2700000E+00, 4.2690959E-01, 0.0000000E+00
* ELEM  778  circle
 2, 654, 653
*
  3.0700000E+00, 8.2700000E+00, 3.9175911E-01, 0.0000000E+00
* ELEM  779  circle
 2, 655, 654
*
  3.0700000E+00, 8.2700000E+00, 3.0971277E-01, 0.0000000E+00
* ELEM  780  circle
 2, 657, 656
*
  4.3700000E+00, 8.2700000E+00, 5.1500000E-01, 0.0000000E+00
* ELEM  781  circle
 2, 658, 657
*
  4.3700000E+00, 8.2700000E+00, 4.4700000E-01, 0.0000000E+00
* ELEM  782  circle
 2, 659, 658
*
  4.3700000E+00, 8.2700000E+00, 4.3800000E-01, 0.0000000E+00
* ELEM  783  circle
 2, 660, 659
*
  4.3700000E+00, 8.2700000E+00, 4.2690959E-01, 0.0000000E+00
* ELEM  784  circle
 2, 661, 660
*
  4.3700000E+00, 8.2700000E+00, 3.9175911E-01, 0.0000000E+00
* ELEM  785  circle
 2, 662, 661
*
  4.3700000E+00, 8.2700000E+00, 3.3927334E-01, 0.0000000E+00
* ELEM  786  circle
 2, 663, 662
*
  4.3700000E+00, 8.2700000E+00, 2.7701552E-01, 0.0000000E+00
* ELEM  787  circle
 2, 664, 663
*
  4.3700000E+00, 8.2700000E+00, 1.9587955E-01, 0.0000000E+00
* ELEM  788  circle
 2, 666, 665
*
  4.3700000E+00, 1.0870000E+01, 5.1500000E-01, 0.0000000E+00
* ELEM  789  circle
 2, 667, 666
*
  4.3700000E+00, 1.0870000E+01, 4.4700000E-01, 0.0000000E+00
* ELEM  790  circle
 2, 668, 667
*
  4.3700000E+00, 1.0870000E+01, 4.3800000E-01, 0.0000000E+00
* ELEM  791  circle
 2, 669, 668
*
  4.3700000E+00, 1.0870000E+01, 4.2690959E-01, 0.0000000E+00
* ELEM  792  circle
 2, 670, 669
*
  4.3700000E+00, 1.0870000E+01, 3.9175911E-01, 0.0000000E+00
* ELEM  793  circle
 2, 671, 670
*
  4.3700000E+00, 1.0870000E+01, 3.3927334E-01, 0.0000000E+00
* ELEM  794  circle
 2, 672, 671
*
  4.3700000E+00, 1.0870000E+01, 2.7701552E-01, 0.0000000E+00
* ELEM  795  circle
 2, 673, 672
*
  4.3700000E+00, 1.0870000E+01, 1.9587955E-01, 0.0000000E+00
* ELEM  796  line segment
 1, 801, 674
*
  1.1200000E+00, 1.3943218E+01, 0.0000000E+00, -1.1232176E+00
* ELEM  797  circular arc
 3, 674, 817
*
  1.8850000E+00, 1.3355000E+01, 9.6500000E-01, 1.2755711E+02, 1.4885772E+01
* ELEM  798  line segment
 1, 690, 674
*
  2.4200000E+00, 1.4120000E+01, -1.1232176E+00, 0.0000000E+00
* ELEM  799  circle
 2, 675, 674
*
  1.7700000E+00, 1.3470000E+01, 5.1500000E-01, 0.0000000E+00
* ELEM  800  circle
 2, 676, 675
*
  1.7700000E+00, 1.3470000E+01, 4.4700000E-01, 0.0000000E+00
* ELEM  801  circle
 2, 677, 676
*
  1.7700000E+00, 1.3470000E+01, 4.3800000E-01, 0.0000000E+00
* ELEM  802  circle
 2, 678, 677
*
  1.7700000E+00, 1.3470000E+01, 4.2690959E-01, 0.0000000E+00
* ELEM  803  circle
 2, 679, 678
*
  1.7700000E+00, 1.3470000E+01, 3.9175911E-01, 0.0000000E+00
* ELEM  804  circle
 2, 680, 679
*
  1.7700000E+00, 1.3470000E+01, 3.0971277E-01, 0.0000000E+00
* ELEM  805  circle
 2, 682, 681
*
  6.3200000E+00, 6.3200000E+00, 1.2450000E+00, 0.0000000E+00
* ELEM  806  circle
 2, 683, 682
*
  6.3200000E+00, 6.3200000E+00, 1.1700000E+00, 0.0000000E+00
* ELEM  807  circle
 2, 685, 684
*
  8.9200000E+00, 8.9200000E+00, 1.2450000E+00, 0.0000000E+00
* ELEM  808  circle
 2, 686, 685
*
  8.9200000E+00, 8.9200000E+00, 1.1700000E+00, 0.0000000E+00
* ELEM  809  line segment
 1, 688, 687
*
  1.8850000E+00, 9.2000000E-01, 5.3500000E-01, 0.0000000E+00
* ELEM  810  circular arc
 3, 687, 688
*
  1.8850000E+00, 1.8850000E+00, 9.6500000E-01, 2.3244289E+02, 3.7557114E+01
* ELEM  811  line segment
 1, 693, 687
*
  2.4200000E+00, 9.2000000E-01, 0.0000000E+00, 2.0000000E-01
* ELEM  812  line segment
 1, 815, 688
*
  1.2967824E+00, 1.1200000E+00, -1.7678235E-01, 0.0000000E+00
* ELEM  813  line segment
 1, 694, 688
*
  2.4200000E+00, 7.5490000E-01, 0.0000000E+00, 1.6510000E-01
* ELEM  814  line segment
 1, 689, 688
*
  1.8850000E+00, 7.5490000E-01, 5.3500000E-01, 0.0000000E+00
* ELEM  815  circular arc
 3, 688, 689
*
  1.8850000E+00, 1.8850000E+00, 1.1301000E+00, 2.2739570E+02, 4.2604303E+01
* ELEM  816  line segment
 1, 807, 688
*
  1.1200000E+00, 1.1200000E+00, 0.0000000E+00, -6.6805873E-02
* ELEM  817  line segment
 1, 808, 689
*
  1.1200000E+00, 1.0531941E+00, 0.0000000E+00, -1.0531941E+00
* ELEM  818  line segment
 1, 695, 689
*
  2.4200000E+00, 0.0000000E+00, 0.0000000E+00, 7.5490000E-01
* ELEM  819  line segment
 1, 0, 689
*
  1.1200000E+00, 0.0000000E+00, 1.3000000E+00, 0.0000000E+00
* ELEM  820  circular arc
 3, 690, 691
*
  1.8850000E+00, 1.3355000E+01, 9.6500000E-01, 9.0000000E+01, 3.7557114E+01
* ELEM  821  line segment
 1, 691, 690
*
  2.4200000E+00, 1.4320000E+01, -5.3500000E-01, 0.0000000E+00
* ELEM  822  line segment
 1, 696, 690
*
  2.4200000E+00, 1.4120000E+01, 0.0000000E+00, 2.0000000E-01
* ELEM  823  circular arc
 3, 691, 692
*
  1.8850000E+00, 1.3355000E+01, 1.1301000E+00, 9.0000000E+01, 4.2604303E+01
* ELEM  824  line segment
 1, 692, 691
*
  2.4200000E+00, 1.4485100E+01, -5.3500000E-01, 0.0000000E+00
* ELEM  825  line segment
 1, 697, 691
*
  2.4200000E+00, 1.4320000E+01, 0.0000000E+00, 1.6510000E-01
* ELEM  826  line segment
 1, 817, 691
*
  1.1200000E+00, 1.4120000E+01, 1.7678235E-01, 0.0000000E+00
* ELEM  827  line segment
 1, 811, 691
*
  1.1200000E+00, 1.4186806E+01, 0.0000000E+00, -6.6805873E-02
* ELEM  828  line segment
 1, 812, 692
*
  1.1200000E+00, 1.5240000E+01, 0.0000000E+00, -1.0531941E+00
* ELEM  829  line segment
 1, 0, 692
*
  2.4200000E+00, 1.5240000E+01, -1.3000000E+00, 0.0000000E+00
* ELEM  830  line segment
 1, 698, 692
*
  2.4200000E+00, 1.4485100E+01, 0.0000000E+00, 7.5490000E-01
* ELEM  831  line segment
 1, 699, 693
*
  3.7200000E+00, 9.2000000E-01, 0.0000000E+00, 2.0000000E-01
* ELEM  832  line segment
 1, 694, 693
*
  2.4200000E+00, 9.2000000E-01, 1.3000000E+00, 0.0000000E+00
* ELEM  833  line segment
 1, 700, 694
*
  3.7200000E+00, 7.5490000E-01, 0.0000000E+00, 1.6510000E-01
* ELEM  834  line segment
 1, 695, 694
*
  2.4200000E+00, 7.5490000E-01, 1.3000000E+00, 0.0000000E+00
* ELEM  835  line segment
 1, 701, 695
*
  3.7200000E+00, 0.0000000E+00, 0.0000000E+00, 7.5490000E-01
* ELEM  836  line segment
 1, 0, 695
*
  2.4200000E+00, 0.0000000E+00, 1.3000000E+00, 0.0000000E+00
* ELEM  837  line segment
 1, 697, 696
*
  3.7200000E+00, 1.4320000E+01, -1.3000000E+00, 0.0000000E+00
* ELEM  838  line segment
 1, 702, 696
*
  3.7200000E+00, 1.4120000E+01, 0.0000000E+00, 2.0000000E-01
* ELEM  839  line segment
 1, 698, 697
*
  3.7200000E+00, 1.4485100E+01, -1.3000000E+00, 0.0000000E+00
* ELEM  840  line segment
 1, 703, 697
*
  3.7200000E+00, 1.4320000E+01, 0.0000000E+00, 1.6510000E-01
* ELEM  841  line segment
 1, 0, 698
*
  3.7200000E+00, 1.5240000E+01, -1.3000000E+00, 0.0000000E+00
* ELEM  842  line segment
 1, 704, 698
*
  3.7200000E+00, 1.4485100E+01, 0.0000000E+00, 7.5490000E-01
* ELEM  843  line segment
 1, 705, 699
*
  5.0200000E+00, 9.2000000E-01, 0.0000000E+00, 2.0000000E-01
* ELEM  844  line segment
 1, 700, 699
*
  3.7200000E+00, 9.2000000E-01, 1.3000000E+00, 0.0000000E+00
* ELEM  845  line segment
 1, 706, 700
*
  5.0200000E+00, 7.5490000E-01, 0.0000000E+00, 1.6510000E-01
* ELEM  846  line segment
 1, 701, 700
*
  3.7200000E+00, 7.5490000E-01, 1.3000000E+00, 0.0000000E+00
* ELEM  847  line segment
 1, 707, 701
*
  5.0200000E+00, 0.0000000E+00, 0.0000000E+00, 7.5490000E-01
* ELEM  848  line segment
 1, 0, 701
*
  3.7200000E+00, 0.0000000E+00, 1.3000000E+00, 0.0000000E+00
* ELEM  849  line segment
 1, 703, 702
*
  5.0200000E+00, 1.4320000E+01, -1.3000000E+00, 0.0000000E+00
* ELEM  850  line segment
 1, 708, 702
*
  5.0200000E+00, 1.4120000E+01, 0.0000000E+00, 2.0000000E-01
* ELEM  851  line segment
 1, 704, 703
*
  5.0200000E+00, 1.4485100E+01, -1.3000000E+00, 0.0000000E+00
* ELEM  852  line segment
 1, 709, 703
*
  5.0200000E+00, 1.4320000E+01, 0.0000000E+00, 1.6510000E-01
* ELEM  853  line segment
 1, 0, 704
*
  5.0200000E+00, 1.5240000E+01, -1.3000000E+00, 0.0000000E+00
* ELEM  854  line segment
 1, 710, 704
*
  5.0200000E+00, 1.4485100E+01, 0.0000000E+00, 7.5490000E-01
* ELEM  855  line segment
 1, 711, 705
*
  6.3200000E+00, 9.2000000E-01, 0.0000000E+00, 2.0000000E-01
* ELEM  856  line segment
 1, 706, 705
*
  5.0200000E+00, 9.2000000E-01, 1.3000000E+00, 0.0000000E+00
* ELEM  857  line segment
 1, 712, 706
*
  6.3200000E+00, 7.5490000E-01, 0.0000000E+00, 1.6510000E-01
* ELEM  858  line segment
 1, 707, 706
*
  5.0200000E+00, 7.5490000E-01, 1.3000000E+00, 0.0000000E+00
* ELEM  859  line segment
 1, 713, 707
*
  6.3200000E+00, 0.0000000E+00, 0.0000000E+00, 7.5490000E-01
* ELEM  860  line segment
 1, 0, 707
*
  5.0200000E+00, 0.0000000E+00, 1.3000000E+00, 0.0000000E+00
* ELEM  861  line segment
 1, 709, 708
*
  6.3200000E+00, 1.4320000E+01, -1.3000000E+00, 0.0000000E+00
* ELEM  862  line segment
 1, 714, 708
*
  6.3200000E+00, 1.4120000E+01, 0.0000000E+00, 2.0000000E-01
* ELEM  863  line segment
 1, 710, 709
*
  6.3200000E+00, 1.4485100E+01, -1.3000000E+00, 0.0000000E+00
* ELEM  864  line segment
 1, 715, 709
*
  6.3200000E+00, 1.4320000E+01, 0.0000000E+00, 1.6510000E-01
* ELEM  865  line segment
 1, 0, 710
*
  6.3200000E+00, 1.5240000E+01, -1.3000000E+00, 0.0000000E+00
* ELEM  866  line segment
 1, 716, 710
*
  6.3200000E+00, 1.4485100E+01, 0.0000000E+00, 7.5490000E-01
* ELEM  867  line segment
 1, 717, 711
*
  7.6200000E+00, 9.2000000E-01, 0.0000000E+00, 2.0000000E-01
* ELEM  868  line segment
 1, 712, 711
*
  6.3200000E+00, 9.2000000E-01, 1.3000000E+00, 0.0000000E+00
* ELEM  869  line segment
 1, 718, 712
*
  7.6200000E+00, 7.5490000E-01, 0.0000000E+00, 1.6510000E-01
* ELEM  870  line segment
 1, 713, 712
*
  6.3200000E+00, 7.5490000E-01, 1.3000000E+00, 0.0000000E+00
* ELEM  871  line segment
 1, 719, 713
*
  7.6200000E+00, 0.0000000E+00, 0.0000000E+00, 7.5490000E-01
* ELEM  872  line segment
 1, 0, 713
*
  6.3200000E+00, 0.0000000E+00, 1.3000000E+00, 0.0000000E+00
* ELEM  873  line segment
 1, 715, 714
*
  7.6200000E+00, 1.4320000E+01, -1.3000000E+00, 0.0000000E+00
* ELEM  874  line segment
 1, 720, 714
*
  7.6200000E+00, 1.4120000E+01, 0.0000000E+00, 2.0000000E-01
* ELEM  875  line segment
 1, 716, 715
*
  7.6200000E+00, 1.4485100E+01, -1.3000000E+00, 0.0000000E+00
* ELEM  876  line segment
 1, 721, 715
*
  7.6200000E+00, 1.4320000E+01, 0.0000000E+00, 1.6510000E-01
* ELEM  877  line segment
 1, 0, 716
*
  7.6200000E+00, 1.5240000E+01, -1.3000000E+00, 0.0000000E+00
* ELEM  878  line segment
 1, 722, 716
*
  7.6200000E+00, 1.4485100E+01, 0.0000000E+00, 7.5490000E-01
* ELEM  879  line segment
 1, 723, 717
*
  8.9200000E+00, 9.2000000E-01, 0.0000000E+00, 2.0000000E-01
* ELEM  880  line segment
 1, 718, 717
*
  7.6200000E+00, 9.2000000E-01, 1.3000000E+00, 0.0000000E+00
* ELEM  881  line segment
 1, 724, 718
*
  8.9200000E+00, 7.5490000E-01, 0.0000000E+00, 1.6510000E-01
* ELEM  882  line segment
 1, 719, 718
*
  7.6200000E+00, 7.5490000E-01, 1.3000000E+00, 0.0000000E+00
* ELEM  883  line segment
 1, 725, 719
*
  8.9200000E+00, 0.0000000E+00, 0.0000000E+00, 7.5490000E-01
* ELEM  884  line segment
 1, 0, 719
*
  7.6200000E+00, 0.0000000E+00, 1.3000000E+00, 0.0000000E+00
* ELEM  885  line segment
 1, 721, 720
*
  8.9200000E+00, 1.4320000E+01, -1.3000000E+00, 0.0000000E+00
* ELEM  886  line segment
 1, 726, 720
*
  8.9200000E+00, 1.4120000E+01, 0.0000000E+00, 2.0000000E-01
* ELEM  887  line segment
 1, 722, 721
*
  8.9200000E+00, 1.4485100E+01, -1.3000000E+00, 0.0000000E+00
* ELEM  888  line segment
 1, 727, 721
*
  8.9200000E+00, 1.4320000E+01, 0.0000000E+00, 1.6510000E-01
* ELEM  889  line segment
 1, 0, 722
*
  8.9200000E+00, 1.5240000E+01, -1.3000000E+00, 0.0000000E+00
* ELEM  890  line segment
 1, 728, 722
*
  8.9200000E+00, 1.4485100E+01, 0.0000000E+00, 7.5490000E-01
* ELEM  891  line segment
 1, 729, 723
*
  1.0220000E+01, 9.2000000E-01, 0.0000000E+00, 2.0000000E-01
* ELEM  892  line segment
 1, 724, 723
*
  8.9200000E+00, 9.2000000E-01, 1.3000000E+00, 0.0000000E+00
* ELEM  893  line segment
 1, 730, 724
*
  1.0220000E+01, 7.5490000E-01, 0.0000000E+00, 1.6510000E-01
* ELEM  894  line segment
 1, 725, 724
*
  8.9200000E+00, 7.5490000E-01, 1.3000000E+00, 0.0000000E+00
* ELEM  895  line segment
 1, 731, 725
*
  1.0220000E+01, 0.0000000E+00, 0.0000000E+00, 7.5490000E-01
* ELEM  896  line segment
 1, 0, 725
*
  8.9200000E+00, 0.0000000E+00, 1.3000000E+00, 0.0000000E+00
* ELEM  897  line segment
 1, 727, 726
*
  1.0220000E+01, 1.4320000E+01, -1.3000000E+00, 0.0000000E+00
* ELEM  898  line segment
 1, 732, 726
*
  1.0220000E+01, 1.4120000E+01, 0.0000000E+00, 2.0000000E-01
* ELEM  899  line segment
 1, 728, 727
*
  1.0220000E+01, 1.4485100E+01, -1.3000000E+00, 0.0000000E+00
* ELEM  900  line segment
 1, 733, 727
*
  1.0220000E+01, 1.4320000E+01, 0.0000000E+00, 1.6510000E-01
* ELEM  901  line segment
 1, 0, 728
*
  1.0220000E+01, 1.5240000E+01, -1.3000000E+00, 0.0000000E+00
* ELEM  902  line segment
 1, 734, 728
*
  1.0220000E+01, 1.4485100E+01, 0.0000000E+00, 7.5490000E-01
* ELEM  903  line segment
 1, 735, 729
*
  1.1520000E+01, 9.2000000E-01, 0.0000000E+00, 2.0000000E-01
* ELEM  904  line segment
 1, 730, 729
*
  1.0220000E+01, 9.2000000E-01, 1.3000000E+00, 0.0000000E+00
* ELEM  905  line segment
 1, 736, 730
*
  1.1520000E+01, 7.5490000E-01, 0.0000000E+00, 1.6510000E-01
* ELEM  906  line segment
 1, 731, 730
*
  1.0220000E+01, 7.5490000E-01, 1.3000000E+00, 0.0000000E+00
* ELEM  907  line segment
 1, 737, 731
*
  1.1520000E+01, 0.0000000E+00, 0.0000000E+00, 7.5490000E-01
* ELEM  908  line segment
 1, 0, 731
*
  1.0220000E+01, 0.0000000E+00, 1.3000000E+00, 0.0000000E+00
* ELEM  909  line segment
 1, 733, 732
*
  1.1520000E+01, 1.4320000E+01, -1.3000000E+00, 0.0000000E+00
* ELEM  910  line segment
 1, 738, 732
*
  1.1520000E+01, 1.4120000E+01, 0.0000000E+00, 2.0000000E-01
* ELEM  911  line segment
 1, 734, 733
*
  1.1520000E+01, 1.4485100E+01, -1.3000000E+00, 0.0000000E+00
* ELEM  912  line segment
 1, 739, 733
*
  1.1520000E+01, 1.4320000E+01, 0.0000000E+00, 1.6510000E-01
* ELEM  913  line segment
 1, 0, 734
*
  1.1520000E+01, 1.5240000E+01, -1.3000000E+00, 0.0000000E+00
* ELEM  914  line segment
 1, 740, 734
*
  1.1520000E+01, 1.4485100E+01, 0.0000000E+00, 7.5490000E-01
* ELEM  915  line segment
 1, 741, 735
*
  1.2820000E+01, 9.2000000E-01, 0.0000000E+00, 2.0000000E-01
* ELEM  916  line segment
 1, 736, 735
*
  1.1520000E+01, 9.2000000E-01, 1.3000000E+00, 0.0000000E+00
* ELEM  917  line segment
 1, 742, 736
*
  1.2820000E+01, 7.5490000E-01, 0.0000000E+00, 1.6510000E-01
* ELEM  918  line segment
 1, 737, 736
*
  1.1520000E+01, 7.5490000E-01, 1.3000000E+00, 0.0000000E+00
* ELEM  919  line segment
 1, 743, 737
*
  1.2820000E+01, 0.0000000E+00, 0.0000000E+00, 7.5490000E-01
* ELEM  920  line segment
 1, 0, 737
*
  1.1520000E+01, 0.0000000E+00, 1.3000000E+00, 0.0000000E+00
* ELEM  921  line segment
 1, 739, 738
*
  1.2820000E+01, 1.4320000E+01, -1.3000000E+00, 0.0000000E+00
* ELEM  922  line segment
 1, 744, 738
*
  1.2820000E+01, 1.4120000E+01, 0.0000000E+00, 2.0000000E-01
* ELEM  923  line segment
 1, 740, 739
*
  1.2820000E+01, 1.4485100E+01, -1.3000000E+00, 0.0000000E+00
* ELEM  924  line segment
 1, 745, 739
*
  1.2820000E+01, 1.4320000E+01, 0.0000000E+00, 1.6510000E-01
* ELEM  925  line segment
 1, 0, 740
*
  1.2820000E+01, 1.5240000E+01, -1.3000000E+00, 0.0000000E+00
* ELEM  926  line segment
 1, 746, 740
*
  1.2820000E+01, 1.4485100E+01, 0.0000000E+00, 7.5490000E-01
* ELEM  927  circular arc
 3, 741, 742
*
  1.3355000E+01, 1.8850000E+00, 9.6500000E-01, 2.7000000E+02, 3.7557114E+01
* ELEM  928  line segment
 1, 742, 741
*
  1.2820000E+01, 9.2000000E-01, 5.3500000E-01, 0.0000000E+00
* ELEM  929  line segment
 1, 816, 742
*
  1.4120000E+01, 1.1200000E+00, -1.7678235E-01, 0.0000000E+00
* ELEM  930  line segment
 1, 809, 742
*
  1.4120000E+01, 1.0531941E+00, 0.0000000E+00, 6.6805873E-02
* ELEM  931  circular arc
 3, 742, 743
*
  1.3355000E+01, 1.8850000E+00, 1.1301000E+00, 2.7000000E+02, 4.2604303E+01
* ELEM  932  line segment
 1, 743, 742
*
  1.2820000E+01, 7.5490000E-01, 5.3500000E-01, 0.0000000E+00
* ELEM  933  line segment
 1, 810, 743
*
  1.4120000E+01, 0.0000000E+00, 0.0000000E+00, 1.0531941E+00
* ELEM  934  line segment
 1, 0, 743
*
  1.2820000E+01, 0.0000000E+00, 1.3000000E+00, 0.0000000E+00
* ELEM  935  line segment
 1, 745, 744
*
  1.3355000E+01, 1.4320000E+01, -5.3500000E-01, 0.0000000E+00
* ELEM  936  circular arc
 3, 744, 745
*
  1.3355000E+01, 1.3355000E+01, 9.6500000E-01, 5.2442886E+01, 3.7557114E+01
* ELEM  937  line segment
 1, 746, 745
*
  1.3355000E+01, 1.4485100E+01, -5.3500000E-01, 0.0000000E+00
* ELEM  938  circular arc
 3, 745, 746
*
  1.3355000E+01, 1.3355000E+01, 1.1301000E+00, 4.7395697E+01, 4.2604303E+01
* ELEM  939  line segment
 1, 813, 745
*
  1.4120000E+01, 1.4120000E+01, 0.0000000E+00, 6.6805873E-02
* ELEM  940  line segment
 1, 818, 745
*
  1.3943218E+01, 1.4120000E+01, 1.7678235E-01, 0.0000000E+00
* ELEM  941  line segment
 1, 0, 746
*
  1.4120000E+01, 1.5240000E+01, -1.3000000E+00, 0.0000000E+00
* ELEM  942  line segment
 1, 814, 746
*
  1.4120000E+01, 1.4186806E+01, 0.0000000E+00, 1.0531941E+00
* ELEM  943  circular arc
 3, 747, 748
*
  1.8850000E+00, 1.8850000E+00, 9.6500000E-01, 1.8000000E+02, 3.7557114E+01
* ELEM  944  line segment
 1, 748, 747
*
  9.2000000E-01, 2.4200000E+00, 0.0000000E+00, -5.3500000E-01
* ELEM  945  line segment
 1, 753, 747
*
  1.1200000E+00, 2.4200000E+00, -2.0000000E-01, 0.0000000E+00
* ELEM  946  line segment
 1, 749, 748
*
  7.5490000E-01, 2.4200000E+00, 0.0000000E+00, -5.3500000E-01
* ELEM  947  line segment
 1, 754, 748
*
  9.2000000E-01, 2.4200000E+00, -1.6510000E-01, 0.0000000E+00
* ELEM  948  line segment
 1, 815, 748
*
  1.1200000E+00, 1.1200000E+00, 0.0000000E+00, 1.7678235E-01
* ELEM  949  line segment
 1, 807, 748
*
  1.0531941E+00, 1.1200000E+00, 6.6805873E-02, 0.0000000E+00
* ELEM  950  circular arc
 3, 748, 749
*
  1.8850000E+00, 1.8850000E+00, 1.1301000E+00, 1.8000000E+02, 4.2604303E+01
* ELEM  951  line segment
 1, 0, 749
*
  0.0000000E+00, 2.4200000E+00, 0.0000000E+00, -1.3000000E+00
* ELEM  952  line segment
 1, 755, 749
*
  7.5490000E-01, 2.4200000E+00, -7.5490000E-01, 0.0000000E+00
* ELEM  953  line segment
 1, 808, 749
*
  0.0000000E+00, 1.1200000E+00, 1.0531941E+00, 0.0000000E+00
* ELEM  954  line segment
 1, 756, 750
*
  1.4320000E+01, 2.4200000E+00, -2.0000000E-01, 0.0000000E+00
* ELEM  955  line segment
 1, 751, 750
*
  1.4320000E+01, 1.8850000E+00, 0.0000000E+00, 5.3500000E-01
* ELEM  956  circular arc
 3, 750, 751
*
  1.3355000E+01, 1.8850000E+00, 9.6500000E-01, 3.2244289E+02, 3.7557114E+01
* ELEM  957  line segment
 1, 757, 751
*
  1.4485100E+01, 2.4200000E+00, -1.6510000E-01, 0.0000000E+00
* ELEM  958  line segment
 1, 752, 751
*
  1.4485100E+01, 1.8850000E+00, 0.0000000E+00, 5.3500000E-01
* ELEM  959  circular arc
 3, 751, 752
*
  1.3355000E+01, 1.8850000E+00, 1.1301000E+00, 3.1739570E+02, 4.2604303E+01
* ELEM  960  line segment
 1, 809, 751
*
  1.4120000E+01, 1.1200000E+00, 6.6805873E-02, 0.0000000E+00
* ELEM  961  line segment
 1, 816, 751
*
  1.4120000E+01, 1.2967824E+00, 0.0000000E+00, -1.7678235E-01
* ELEM  962  line segment
 1, 758, 752
*
  1.5240000E+01, 2.4200000E+00, -7.5490000E-01, 0.0000000E+00
* ELEM  963  line segment
 1, 0, 752
*
  1.5240000E+01, 1.1200000E+00, 0.0000000E+00, 1.3000000E+00
* ELEM  964  line segment
 1, 810, 752
*
  1.4186806E+01, 1.1200000E+00, 1.0531941E+00, 0.0000000E+00
* ELEM  965  line segment
 1, 754, 753
*
  9.2000000E-01, 3.7200000E+00, 0.0000000E+00, -1.3000000E+00
* ELEM  966  line segment
 1, 759, 753
*
  1.1200000E+00, 3.7200000E+00, -2.0000000E-01, 0.0000000E+00
* ELEM  967  line segment
 1, 760, 754
*
  9.2000000E-01, 3.7200000E+00, -1.6510000E-01, 0.0000000E+00
* ELEM  968  line segment
 1, 755, 754
*
  7.5490000E-01, 3.7200000E+00, 0.0000000E+00, -1.3000000E+00
* ELEM  969  line segment
 1, 0, 755
*
  0.0000000E+00, 3.7200000E+00, 0.0000000E+00, -1.3000000E+00
* ELEM  970  line segment
 1, 761, 755
*
  7.5490000E-01, 3.7200000E+00, -7.5490000E-01, 0.0000000E+00
* ELEM  971  line segment
 1, 762, 756
*
  1.4320000E+01, 3.7200000E+00, -2.0000000E-01, 0.0000000E+00
* ELEM  972  line segment
 1, 757, 756
*
  1.4320000E+01, 2.4200000E+00, 0.0000000E+00, 1.3000000E+00
* ELEM  973  line segment
 1, 763, 757
*
  1.4485100E+01, 3.7200000E+00, -1.6510000E-01, 0.0000000E+00
* ELEM  974  line segment
 1, 758, 757
*
  1.4485100E+01, 2.4200000E+00, 0.0000000E+00, 1.3000000E+00
* ELEM  975  line segment
 1, 764, 758
*
  1.5240000E+01, 3.7200000E+00, -7.5490000E-01, 0.0000000E+00
* ELEM  976  line segment
 1, 0, 758
*
  1.5240000E+01, 2.4200000E+00, 0.0000000E+00, 1.3000000E+00
* ELEM  977  line segment
 1, 760, 759
*
  9.2000000E-01, 5.0200000E+00, 0.0000000E+00, -1.3000000E+00
* ELEM  978  line segment
 1, 765, 759
*
  1.1200000E+00, 5.0200000E+00, -2.0000000E-01, 0.0000000E+00
* ELEM  979  line segment
 1, 766, 760
*
  9.2000000E-01, 5.0200000E+00, -1.6510000E-01, 0.0000000E+00
* ELEM  980  line segment
 1, 761, 760
*
  7.5490000E-01, 5.0200000E+00, 0.0000000E+00, -1.3000000E+00
* ELEM  981  line segment
 1, 0, 761
*
  0.0000000E+00, 5.0200000E+00, 0.0000000E+00, -1.3000000E+00
* ELEM  982  line segment
 1, 767, 761
*
  7.5490000E-01, 5.0200000E+00, -7.5490000E-01, 0.0000000E+00
* ELEM  983  line segment
 1, 768, 762
*
  1.4320000E+01, 5.0200000E+00, -2.0000000E-01, 0.0000000E+00
* ELEM  984  line segment
 1, 763, 762
*
  1.4320000E+01, 3.7200000E+00, 0.0000000E+00, 1.3000000E+00
* ELEM  985  line segment
 1, 769, 763
*
  1.4485100E+01, 5.0200000E+00, -1.6510000E-01, 0.0000000E+00
* ELEM  986  line segment
 1, 764, 763
*
  1.4485100E+01, 3.7200000E+00, 0.0000000E+00, 1.3000000E+00
* ELEM  987  line segment
 1, 770, 764
*
  1.5240000E+01, 5.0200000E+00, -7.5490000E-01, 0.0000000E+00
* ELEM  988  line segment
 1, 0, 764
*
  1.5240000E+01, 3.7200000E+00, 0.0000000E+00, 1.3000000E+00
* ELEM  989  line segment
 1, 766, 765
*
  9.2000000E-01, 6.3200000E+00, 0.0000000E+00, -1.3000000E+00
* ELEM  990  line segment
 1, 771, 765
*
  1.1200000E+00, 6.3200000E+00, -2.0000000E-01, 0.0000000E+00
* ELEM  991  line segment
 1, 772, 766
*
  9.2000000E-01, 6.3200000E+00, -1.6510000E-01, 0.0000000E+00
* ELEM  992  line segment
 1, 767, 766
*
  7.5490000E-01, 6.3200000E+00, 0.0000000E+00, -1.3000000E+00
* ELEM  993  line segment
 1, 0, 767
*
  0.0000000E+00, 6.3200000E+00, 0.0000000E+00, -1.3000000E+00
* ELEM  994  line segment
 1, 773, 767
*
  7.5490000E-01, 6.3200000E+00, -7.5490000E-01, 0.0000000E+00
* ELEM  995  line segment
 1, 774, 768
*
  1.4320000E+01, 6.3200000E+00, -2.0000000E-01, 0.0000000E+00
* ELEM  996  line segment
 1, 769, 768
*
  1.4320000E+01, 5.0200000E+00, 0.0000000E+00, 1.3000000E+00
* ELEM  997  line segment
 1, 775, 769
*
  1.4485100E+01, 6.3200000E+00, -1.6510000E-01, 0.0000000E+00
* ELEM  998  line segment
 1, 770, 769
*
  1.4485100E+01, 5.0200000E+00, 0.0000000E+00, 1.3000000E+00
* ELEM  999  line segment
 1, 776, 770
*
  1.5240000E+01, 6.3200000E+00, -7.5490000E-01, 0.0000000E+00
* ELEM  1000  line segment
 1, 0, 770
*
  1.5240000E+01, 5.0200000E+00, 0.0000000E+00, 1.3000000E+00
* ELEM  1001  line segment
 1, 772, 771
*
  9.2000000E-01, 7.6200000E+00, 0.0000000E+00, -1.3000000E+00
* ELEM  1002  line segment
 1, 777, 771
*
  1.1200000E+00, 7.6200000E+00, -2.0000000E-01, 0.0000000E+00
* ELEM  1003  line segment
 1, 778, 772
*
  9.2000000E-01, 7.6200000E+00, -1.6510000E-01, 0.0000000E+00
* ELEM  1004  line segment
 1, 773, 772
*
  7.5490000E-01, 7.6200000E+00, 0.0000000E+00, -1.3000000E+00
* ELEM  1005  line segment
 1, 0, 773
*
  0.0000000E+00, 7.6200000E+00, 0.0000000E+00, -1.3000000E+00
* ELEM  1006  line segment
 1, 779, 773
*
  7.5490000E-01, 7.6200000E+00, -7.5490000E-01, 0.0000000E+00
* ELEM  1007  line segment
 1, 780, 774
*
  1.4320000E+01, 7.6200000E+00, -2.0000000E-01, 0.0000000E+00
* ELEM  1008  line segment
 1, 775, 774
*
  1.4320000E+01, 6.3200000E+00, 0.0000000E+00, 1.3000000E+00
* ELEM  1009  line segment
 1, 781, 775
*
  1.4485100E+01, 7.6200000E+00, -1.6510000E-01, 0.0000000E+00
* ELEM  1010  line segment
 1, 776, 775
*
  1.4485100E+01, 6.3200000E+00, 0.0000000E+00, 1.3000000E+00
* ELEM  1011  line segment
 1, 782, 776
*
  1.5240000E+01, 7.6200000E+00, -7.5490000E-01, 0.0000000E+00
* ELEM  1012  line segment
 1, 0, 776
*
  1.5240000E+01, 6.3200000E+00, 0.0000000E+00, 1.3000000E+00
* ELEM  1013  line segment
 1, 778, 777
*
  9.2000000E-01, 8.9200000E+00, 0.0000000E+00, -1.3000000E+00
* ELEM  1014  line segment
 1, 783, 777
*
  1.1200000E+00, 8.9200000E+00, -2.0000000E-01, 0.0000000E+00
* ELEM  1015  line segment
 1, 784, 778
*
  9.2000000E-01, 8.9200000E+00, -1.6510000E-01, 0.0000000E+00
* ELEM  1016  line segment
 1, 779, 778
*
  7.5490000E-01, 8.9200000E+00, 0.0000000E+00, -1.3000000E+00
* ELEM  1017  line segment
 1, 0, 779
*
  0.0000000E+00, 8.9200000E+00, 0.0000000E+00, -1.3000000E+00
* ELEM  1018  line segment
 1, 785, 779
*
  7.5490000E-01, 8.9200000E+00, -7.5490000E-01, 0.0000000E+00
* ELEM  1019  line segment
 1, 786, 780
*
  1.4320000E+01, 8.9200000E+00, -2.0000000E-01, 0.0000000E+00
* ELEM  1020  line segment
 1, 781, 780
*
  1.4320000E+01, 7.6200000E+00, 0.0000000E+00, 1.3000000E+00
* ELEM  1021  line segment
 1, 787, 781
*
  1.4485100E+01, 8.9200000E+00, -1.6510000E-01, 0.0000000E+00
* ELEM  1022  line segment
 1, 782, 781
*
  1.4485100E+01, 7.6200000E+00, 0.0000000E+00, 1.3000000E+00
* ELEM  1023  line segment
 1, 788, 782
*
  1.5240000E+01, 8.9200000E+00, -7.5490000E-01, 0.0000000E+00
* ELEM  1024  line segment
 1, 0, 782
*
  1.5240000E+01, 7.6200000E+00, 0.0000000E+00, 1.3000000E+00
* ELEM  1025  line segment
 1, 784, 783
*
  9.2000000E-01, 1.0220000E+01, 0.0000000E+00, -1.3000000E+00
* ELEM  1026  line segment
 1, 789, 783
*
  1.1200000E+00, 1.0220000E+01, -2.0000000E-01, 0.0000000E+00
* ELEM  1027  line segment
 1, 790, 784
*
  9.2000000E-01, 1.0220000E+01, -1.6510000E-01, 0.0000000E+00
* ELEM  1028  line segment
 1, 785, 784
*
  7.5490000E-01, 1.0220000E+01, 0.0000000E+00, -1.3000000E+00
* ELEM  1029  line segment
 1, 0, 785
*
  0.0000000E+00, 1.0220000E+01, 0.0000000E+00, -1.3000000E+00
* ELEM  1030  line segment
 1, 791, 785
*
  7.5490000E-01, 1.0220000E+01, -7.5490000E-01, 0.0000000E+00
* ELEM  1031  line segment
 1, 792, 786
*
  1.4320000E+01, 1.0220000E+01, -2.0000000E-01, 0.0000000E+00
* ELEM  1032  line segment
 1, 787, 786
*
  1.4320000E+01, 8.9200000E+00, 0.0000000E+00, 1.3000000E+00
* ELEM  1033  line segment
 1, 793, 787
*
  1.4485100E+01, 1.0220000E+01, -1.6510000E-01, 0.0000000E+00
* ELEM  1034  line segment
 1, 788, 787
*
  1.4485100E+01, 8.9200000E+00, 0.0000000E+00, 1.3000000E+00
* ELEM  1035  line segment
 1, 794, 788
*
  1.5240000E+01, 1.0220000E+01, -7.5490000E-01, 0.0000000E+00
* ELEM  1036  line segment
 1, 0, 788
*
  1.5240000E+01, 8.9200000E+00, 0.0000000E+00, 1.3000000E+00
* ELEM  1037  line segment
 1, 790, 789
*
  9.2000000E-01, 1.1520000E+01, 0.0000000E+00, -1.3000000E+00
* ELEM  1038  line segment
 1, 795, 789
*
  1.1200000E+00, 1.1520000E+01, -2.0000000E-01, 0.0000000E+00
* ELEM  1039  line segment
 1, 796, 790
*
  9.2000000E-01, 1.1520000E+01, -1.6510000E-01, 0.0000000E+00
* ELEM  1040  line segment
 1, 791, 790
*
  7.5490000E-01, 1.1520000E+01, 0.0000000E+00, -1.3000000E+00
* ELEM  1041  line segment
 1, 0, 791
*
  0.0000000E+00, 1.1520000E+01, 0.0000000E+00, -1.3000000E+00
* ELEM  1042  line segment
 1, 797, 791
*
  7.5490000E-01, 1.1520000E+01, -7.5490000E-01, 0.0000000E+00
* ELEM  1043  line segment
 1, 798, 792
*
  1.4320000E+01, 1.1520000E+01, -2.0000000E-01, 0.0000000E+00
* ELEM  1044  line segment
 1, 793, 792
*
  1.4320000E+01, 1.0220000E+01, 0.0000000E+00, 1.3000000E+00
* ELEM  1045  line segment
 1, 799, 793
*
  1.4485100E+01, 1.1520000E+01, -1.6510000E-01, 0.0000000E+00
* ELEM  1046  line segment
 1, 794, 793
*
  1.4485100E+01, 1.0220000E+01, 0.0000000E+00, 1.3000000E+00
* ELEM  1047  line segment
 1, 800, 794
*
  1.5240000E+01, 1.1520000E+01, -7.5490000E-01, 0.0000000E+00
* ELEM  1048  line segment
 1, 0, 794
*
  1.5240000E+01, 1.0220000E+01, 0.0000000E+00, 1.3000000E+00
* ELEM  1049  line segment
 1, 796, 795
*
  9.2000000E-01, 1.2820000E+01, 0.0000000E+00, -1.3000000E+00
* ELEM  1050  line segment
 1, 801, 795
*
  1.1200000E+00, 1.2820000E+01, -2.0000000E-01, 0.0000000E+00
* ELEM  1051  line segment
 1, 802, 796
*
  9.2000000E-01, 1.2820000E+01, -1.6510000E-01, 0.0000000E+00
* ELEM  1052  line segment
 1, 797, 796
*
  7.5490000E-01, 1.2820000E+01, 0.0000000E+00, -1.3000000E+00
* ELEM  1053  line segment
 1, 0, 797
*
  0.0000000E+00, 1.2820000E+01, 0.0000000E+00, -1.3000000E+00
* ELEM  1054  line segment
 1, 803, 797
*
  7.5490000E-01, 1.2820000E+01, -7.5490000E-01, 0.0000000E+00
* ELEM  1055  line segment
 1, 804, 798
*
  1.4320000E+01, 1.2820000E+01, -2.0000000E-01, 0.0000000E+00
* ELEM  1056  line segment
 1, 799, 798
*
  1.4320000E+01, 1.1520000E+01, 0.0000000E+00, 1.3000000E+00
* ELEM  1057  line segment
 1, 805, 799
*
  1.4485100E+01, 1.2820000E+01, -1.6510000E-01, 0.0000000E+00
* ELEM  1058  line segment
 1, 800, 799
*
  1.4485100E+01, 1.1520000E+01, 0.0000000E+00, 1.3000000E+00
* ELEM  1059  line segment
 1, 806, 800
*
  1.5240000E+01, 1.2820000E+01, -7.5490000E-01, 0.0000000E+00
* ELEM  1060  line segment
 1, 0, 800
*
  1.5240000E+01, 1.1520000E+01, 0.0000000E+00, 1.3000000E+00
* ELEM  1061  line segment
 1, 802, 801
*
  9.2000000E-01, 1.3355000E+01, 0.0000000E+00, -5.3500000E-01
* ELEM  1062  circular arc
 3, 801, 802
*
  1.8850000E+00, 1.3355000E+01, 9.6500000E-01, 1.4244289E+02, 3.7557114E+01
* ELEM  1063  circular arc
 3, 802, 803
*
  1.8850000E+00, 1.3355000E+01, 1.1301000E+00, 1.3739570E+02, 4.2604303E+01
* ELEM  1064  line segment
 1, 811, 802
*
  1.1200000E+00, 1.4120000E+01, -6.6805873E-02, 0.0000000E+00
* ELEM  1065  line segment
 1, 817, 802
*
  1.1200000E+00, 1.3943218E+01, 0.0000000E+00, 1.7678235E-01
* ELEM  1066  line segment
 1, 803, 802
*
  7.5490000E-01, 1.3355000E+01, 0.0000000E+00, -5.3500000E-01
* ELEM  1067  line segment
 1, 0, 803
*
  0.0000000E+00, 1.4120000E+01, 0.0000000E+00, -1.3000000E+00
* ELEM  1068  line segment
 1, 812, 803
*
  1.0531941E+00, 1.4120000E+01, -1.0531941E+00, 0.0000000E+00
* ELEM  1069  circular arc
 3, 804, 805
*
  1.3355000E+01, 1.3355000E+01, 9.6500000E-01, 0.0000000E+00, 3.7557114E+01
* ELEM  1070  line segment
 1, 805, 804
*
  1.4320000E+01, 1.2820000E+01, 0.0000000E+00, 5.3500000E-01
* ELEM  1071  line segment
 1, 813, 805
*
  1.4186806E+01, 1.4120000E+01, -6.6805873E-02, 0.0000000E+00
* ELEM  1072  circular arc
 3, 805, 806
*
  1.3355000E+01, 1.3355000E+01, 1.1301000E+00, 0.0000000E+00, 4.2604303E+01
* ELEM  1073  line segment
 1, 806, 805
*
  1.4485100E+01, 1.2820000E+01, 0.0000000E+00, 5.3500000E-01
* ELEM  1074  line segment
 1, 818, 805
*
  1.4120000E+01, 1.4120000E+01, 0.0000000E+00, -1.7678235E-01
* ELEM  1075  line segment
 1, 814, 806
*
  1.5240000E+01, 1.4120000E+01, -1.0531941E+00, 0.0000000E+00
* ELEM  1076  line segment
 1, 0, 806
*
  1.5240000E+01, 1.2820000E+01, 0.0000000E+00, 1.3000000E+00
* ELEM  1077  circular arc
 3, 807, 808
*
  1.8850000E+00, 1.8850000E+00, 1.1301000E+00, 2.2260430E+02, 4.7913947E+00
* ELEM  1078  line segment
 1, 0, 808
*
  0.0000000E+00, 1.1200000E+00, 0.0000000E+00, -1.1200000E+00
* ELEM  1079  line segment
 1, 0, 808
*
  0.0000000E+00, 0.0000000E+00, 1.1200000E+00, 0.0000000E+00
* ELEM  1080  circular arc
 3, 809, 810
*
  1.3355000E+01, 1.8850000E+00, 1.1301000E+00, 3.1260430E+02, 4.7913947E+00
* ELEM  1081  line segment
 1, 0, 810
*
  1.5240000E+01, 0.0000000E+00, 0.0000000E+00, 1.1200000E+00
* ELEM  1082  line segment
 1, 0, 810
*
  1.4120000E+01, 0.0000000E+00, 1.1200000E+00, 0.0000000E+00
* ELEM  1083  circular arc
 3, 811, 812
*
  1.8850000E+00, 1.3355000E+01, 1.1301000E+00, 1.3260430E+02, 4.7913947E+00
* ELEM  1084  line segment
 1, 0, 812
*
  0.0000000E+00, 1.5240000E+01, 0.0000000E+00, -1.1200000E+00
* ELEM  1085  line segment
 1, 0, 812
*
  1.1200000E+00, 1.5240000E+01, -1.1200000E+00, 0.0000000E+00
* ELEM  1086  circular arc
 3, 813, 814
*
  1.3355000E+01, 1.3355000E+01, 1.1301000E+00, 4.2604303E+01, 4.7913947E+00
* ELEM  1087  line segment
 1, 0, 814
*
  1.5240000E+01, 1.5240000E+01, -1.1200000E+00, 0.0000000E+00
* ELEM  1088  line segment
 1, 0, 814
*
  1.5240000E+01, 1.4120000E+01, 0.0000000E+00, 1.1200000E+00
* boundaries conditions: defaul nbbcda allsur
  0, 0, 0
* albedo
  1.0
#  1 - COOLANT
#  2 - CLAD
#  3 - GAP
#  4 - UOX49_zone_4_pin_4
#  5 - UOX49_zone_3_pin_4
#  6 - UOX49_zone_2_pin_4
#  7 - UOX49_zone_1_pin_4
#  8 - UOX49_zone_4_pin_5
#  9 - UOX49_zone_3_pin_5
# 10 - UOX49_zone_2_pin_5
# 11 - UOX49_zone_1_pin_5
# 12 - UOX49_zone_4_pin_6
# 13 - UOX49_zone_3_pin_6
# 14 - UOX49_zone_2_pin_6
# 15 - UOX49_zone_1_pin_6
# 16 - UOX49_zone_4_pin_7
# 17 - UOX49_zone_3_pin_7
# 18 - UOX49_zone_2_pin_7
# 19 - UOX49_zone_1_pin_7
# 20 - UOX49_zone_4_pin_8
# 21 - UOX49_zone_3_pin_8
# 22 - UOX49_zone_2_pin_8
# 23 - UOX49_zone_1_pin_8
# 24 - UOX49_zone_4_pin_9
# 25 - UOX49_zone_3_pin_9
# 26 - UOX49_zone_2_pin_9
# 27 - UOX49_zone_1_pin_9
# 28 - UOX40_zone_4_pin_11
# 29 - UOX40_zone_3_pin_11
# 30 - UOX40_zone_2_pin_11
# 31 - UOX40_zone_1_pin_11
# 32 - UOX40_zone_4_pin_12
# 33 - UOX40_zone_3_pin_12
# 34 - UOX40_zone_2_pin_12
# 35 - UOX40_zone_1_pin_12
# 36 - UOX49_zone_4_pin_14
# 37 - UOX49_zone_3_pin_14
# 38 - UOX49_zone_2_pin_14
# 39 - UOX49_zone_1_pin_14
# 40 - UOX49_zone_4_pin_15
# 41 - UOX49_zone_3_pin_15
# 42 - UOX49_zone_2_pin_15
# 43 - UOX49_zone_1_pin_15
# 44 - UOX49_zone_4_pin_17
# 45 - UOX49_zone_3_pin_17
# 46 - UOX49_zone_2_pin_17
# 47 - UOX49_zone_1_pin_17
# 48 - UOX49Gd8_zone_6_pin_18
# 49 - UOX49Gd8_zone_5_pin_18
# 50 - UOX49Gd8_zone_4_pin_18
# 51 - UOX49Gd8_zone_3_pin_18
# 52 - UOX49Gd8_zone_2_pin_18
# 53 - UOX49Gd8_zone_1_pin_18
# 54 - UOX49_zone_4_pin_19
# 55 - UOX49_zone_3_pin_19
# 56 - UOX49_zone_2_pin_19
# 57 - UOX49_zone_1_pin_19
# 58 - UOX40_zone_4_pin_20
# 59 - UOX40_zone_3_pin_20
# 60 - UOX40_zone_2_pin_20
# 61 - UOX40_zone_1_pin_20
# 62 - UOX44Gd6_zone_6_pin_21
# 63 - UOX44Gd6_zone_5_pin_21
# 64 - UOX44Gd6_zone_4_pin_21
# 65 - UOX44Gd6_zone_3_pin_21
# 66 - UOX44Gd6_zone_2_pin_21
# 67 - UOX44Gd6_zone_1_pin_21
# 68 - UOX49_zone_4_pin_23
# 69 - UOX49_zone_3_pin_23
# 70 - UOX49_zone_2_pin_23
# 71 - UOX49_zone_1_pin_23
# 72 - UOX49_zone_4_pin_24
# 73 - UOX49_zone_3_pin_24
# 74 - UOX49_zone_2_pin_24
# 75 - UOX49_zone_1_pin_24
# 76 - UOX49_zone_4_pin_25
# 77 - UOX49_zone_3_pin_25
# 78 - UOX49_zone_2_pin_25
# 79 - UOX49_zone_1_pin_25
# 80 - UOX49Gd8_zone_6_pin_26
# 81 - UOX49Gd8_zone_5_pin_26
# 82 - UOX49Gd8_zone_4_pin_26
# 83 - UOX49Gd8_zone_3_pin_26
# 84 - UOX49Gd8_zone_2_pin_26
# 85 - UOX49Gd8_zone_1_pin_26
# 86 - UOX49_zone_4_pin_27
# 87 - UOX49_zone_3_pin_27
# 88 - UOX49_zone_2_pin_27
# 89 - UOX49_zone_1_pin_27
# 90 - UOX40_zone_4_pin_28
# 91 - UOX40_zone_3_pin_28
# 92 - UOX40_zone_2_pin_28
# 93 - UOX40_zone_1_pin_28
# 94 - UOX40_zone_4_pin_29
# 95 - UOX40_zone_3_pin_29
# 96 - UOX40_zone_2_pin_29
# 97 - UOX40_zone_1_pin_29
# 98 - UOX44Gd6_zone_6_pin_30
# 99 - UOX44Gd6_zone_5_pin_30
# 100 - UOX44Gd6_zone_4_pin_30
# 101 - UOX44Gd6_zone_3_pin_30
# 102 - UOX44Gd6_zone_2_pin_30
# 103 - UOX44Gd6_zone_1_pin_30
# 104 - UOX49_zone_4_pin_31
# 105 - UOX49_zone_3_pin_31
# 106 - UOX49_zone_2_pin_31
# 107 - UOX49_zone_1_pin_31
# 108 - UOX49_zone_4_pin_32
# 109 - UOX49_zone_3_pin_32
# 110 - UOX49_zone_2_pin_32
# 111 - UOX49_zone_1_pin_32
# 112 - UOX40_zone_4_pin_33
# 113 - UOX40_zone_3_pin_33
# 114 - UOX40_zone_2_pin_33
# 115 - UOX40_zone_1_pin_33
# 116 - UOX44_zone_4_pin_35
# 117 - UOX44_zone_3_pin_35
# 118 - UOX44_zone_2_pin_35
# 119 - UOX44_zone_1_pin_35
# 120 - UOX49_zone_4_pin_36
# 121 - UOX49_zone_3_pin_36
# 122 - UOX49_zone_2_pin_36
# 123 - UOX49_zone_1_pin_36
# 124 - UOX49Gd8_zone_6_pin_16
# 125 - UOX49Gd8_zone_5_pin_16
# 126 - UOX49Gd8_zone_4_pin_16
# 127 - UOX49Gd8_zone_3_pin_16
# 128 - UOX49Gd8_zone_2_pin_16
# 129 - UOX49Gd8_zone_1_pin_16
# 130 - UOX40_zone_4_pin_37
# 131 - UOX40_zone_3_pin_37
# 132 - UOX40_zone_2_pin_37
# 133 - UOX40_zone_1_pin_37
# 134 - UOX40_zone_4_pin_40
# 135 - UOX40_zone_3_pin_40
# 136 - UOX40_zone_2_pin_40
# 137 - UOX40_zone_1_pin_40
# 138 - UOX49_zone_4_pin_41
# 139 - UOX49_zone_3_pin_41
# 140 - UOX49_zone_2_pin_41
# 141 - UOX49_zone_1_pin_41
# 142 - UOX40_zone_4_pin_42
# 143 - UOX40_zone_3_pin_42
# 144 - UOX40_zone_2_pin_42
# 145 - UOX40_zone_1_pin_42
# 146 - UOX40_zone_4_pin_43
# 147 - UOX40_zone_3_pin_43
# 148 - UOX40_zone_2_pin_43
# 149 - UOX40_zone_1_pin_43
# 150 - UOX44_zone_4_pin_44
# 151 - UOX44_zone_3_pin_44
# 152 - UOX44_zone_2_pin_44
# 153 - UOX44_zone_1_pin_44
# 154 - UOX49Gd8_zone_6_pin_45
# 155 - UOX49Gd8_zone_5_pin_45
# 156 - UOX49Gd8_zone_4_pin_45
# 157 - UOX49Gd8_zone_3_pin_45
# 158 - UOX49Gd8_zone_2_pin_45
# 159 - UOX49Gd8_zone_1_pin_45
# 160 - UOX32_zone_4_pin_46
# 161 - UOX32_zone_3_pin_46
# 162 - UOX32_zone_2_pin_46
# 163 - UOX32_zone_1_pin_46
# 164 - UOX32_zone_4_pin_47
# 165 - UOX32_zone_3_pin_47
# 166 - UOX32_zone_2_pin_47
# 167 - UOX32_zone_1_pin_47
# 168 - UOX49Gd6_zone_6_pin_39
# 169 - UOX49Gd6_zone_5_pin_39
# 170 - UOX49Gd6_zone_4_pin_39
# 171 - UOX49Gd6_zone_3_pin_39
# 172 - UOX49Gd6_zone_2_pin_39
# 173 - UOX49Gd6_zone_1_pin_39
# 174 - UOX44_zone_4_pin_22
# 175 - UOX44_zone_3_pin_22
# 176 - UOX44_zone_2_pin_22
# 177 - UOX44_zone_1_pin_22
# 178 - UOX44Gd6_zone_6_pin_13
# 179 - UOX44Gd6_zone_5_pin_13
# 180 - UOX44Gd6_zone_4_pin_13
# 181 - UOX44Gd6_zone_3_pin_13
# 182 - UOX44Gd6_zone_2_pin_13
# 183 - UOX44Gd6_zone_1_pin_13
# 184 - UOX49_zone_4_pin_3
# 185 - UOX49_zone_3_pin_3
# 186 - UOX49_zone_2_pin_3
# 187 - UOX49_zone_1_pin_3
# 188 - UOX28_zone_4_pin_49
# 189 - UOX28_zone_3_pin_49
# 190 - UOX28_zone_2_pin_49
# 191 - UOX28_zone_1_pin_49
# 192 - UOX28_zone_4_pin_50
# 193 - UOX28_zone_3_pin_50
# 194 - UOX28_zone_2_pin_50
# 195 - UOX28_zone_1_pin_50
# 196 - UOX36_zone_4_pin_38
# 197 - UOX36_zone_3_pin_38
# 198 - UOX36_zone_2_pin_38
# 199 - UOX36_zone_1_pin_38
# 200 - UOX40Gd8_zone_6_pin_34
# 201 - UOX40Gd8_zone_5_pin_34
# 202 - UOX40Gd8_zone_4_pin_34
# 203 - UOX40Gd8_zone_3_pin_34
# 204 - UOX40Gd8_zone_2_pin_34
# 205 - UOX40Gd8_zone_1_pin_34
# 206 - UOX40_zone_4_pin_2
# 207 - UOX40_zone_3_pin_2
# 208 - UOX40_zone_2_pin_2
# 209 - UOX40_zone_1_pin_2
# 210 - UOX28_zone_4_pin_1
# 211 - UOX28_zone_3_pin_1
# 212 - UOX28_zone_2_pin_1
# 213 - UOX28_zone_1_pin_1
# 214 - UOX32_zone_4_pin_10
# 215 - UOX32_zone_3_pin_10
# 216 - UOX32_zone_2_pin_10
# 217 - UOX32_zone_1_pin_10
# 218 - UOX44Gd3_zone_6_pin_48
# 219 - UOX44Gd3_zone_5_pin_48
# 220 - UOX44Gd3_zone_4_pin_48
# 221 - UOX44Gd3_zone_3_pin_48
# 222 - UOX44Gd3_zone_2_pin_48
# 223 - UOX44Gd3_zone_1_pin_48
# 224 - UOX16_zone_4_pin_51
# 225 - UOX16_zone_3_pin_51
# 226 - UOX16_zone_2_pin_51
# 227 - UOX16_zone_1_pin_51
# 228 - MODERATOR
# 229 - CHANNEL_BOX
* medium number per region
  1
  2
  3
  4
  5
  6
  7
  1
  2
  3
  8
  9
  10
  11
  1
  2
  3
  12
  13
  14
  15
  1
  2
  3
  16
  17
  18
  19
  1
  2
  3
  20
  21
  22
  23
  1
  2
  3
  24
  25
  26
  27
  1
  2
  3
  28
  29
  30
  31
  1
  2
  3
  32
  33
  34
  35
  1
  2
  3
  36
  37
  38
  39
  1
  2
  3
  40
  41
  42
  43
  1
  2
  3
  44
  45
  46
  47
  1
  2
  3
  48
  49
  50
  51
  52
  53
  1
  2
  3
  54
  55
  56
  57
  1
  2
  3
  24
  25
  26
  27
  1
  2
  3
  58
  59
  60
  61
  1
  2
  3
  62
  63
  64
  65
  66
  67
  1
  2
  3
  68
  69
  70
  71
  1
  2
  3
  72
  73
  74
  75
  1
  2
  3
  76
  77
  78
  79
  1
  2
  3
  80
  81
  82
  83
  84
  85
  1
  2
  3
  86
  87
  88
  89
  1
  2
  3
  48
  49
  50
  51
  52
  53
  1
  2
  3
  20
  21
  22
  23
  1
  2
  3
  90
  91
  92
  93
  1
  2
  3
  94
  95
  96
  97
  1
  2
  3
  98
  99
  100
  101
  102
  103
  1
  2
  3
  104
  105
  106
  107
  1
  2
  3
  108
  109
  110
  111
  1
  2
  3
  80
  81
  82
  83
  84
  85
  1
  2
  3
  44
  45
  46
  47
  1
  2
  3
  16
  17
  18
  19
  1
  2
  3
  112
  113
  114
  115
  1
  2
  3
  116
  117
  118
  119
  1
  2
  3
  120
  121
  122
  123
  1
  2
  3
  104
  105
  106
  107
  1
  2
  3
  76
  77
  78
  79
  1
  2
  3
  124
  125
  126
  127
  128
  129
  1
  2
  3
  12
  13
  14
  15
  1
  2
  3
  130
  131
  132
  133
  1
  2
  3
  134
  135
  136
  137
  1
  2
  3
  138
  139
  140
  141
  1
  2
  3
  72
  73
  74
  75
  1
  2
  3
  40
  41
  42
  43
  1
  2
  3
  8
  9
  10
  11
  1
  2
  3
  142
  143
  144
  145
  1
  2
  3
  146
  147
  148
  149
  1
  2
  3
  150
  151
  152
  153
  1
  2
  3
  154
  155
  156
  157
  158
  159
  1
  2
  3
  134
  135
  136
  137
  1
  2
  3
  68
  69
  70
  71
  1
  2
  3
  36
  37
  38
  39
  1
  2
  3
  4
  5
  6
  7
  1
  2
  3
  160
  161
  162
  163
  1
  2
  3
  164
  165
  166
  167
  1
  2
  3
  150
  151
  152
  153
  1
  2
  3
  168
  169
  170
  171
  172
  173
  1
  2
  3
  116
  117
  118
  119
  1
  2
  3
  98
  99
  100
  101
  102
  103
  1
  2
  3
  174
  175
  176
  177
  1
  2
  3
  178
  179
  180
  181
  182
  183
  1
  2
  3
  184
  185
  186
  187
  1
  2
  3
  188
  189
  190
  191
  1
  2
  3
  192
  193
  194
  195
  1
  2
  3
  164
  165
  166
  167
  1
  2
  3
  146
  147
  148
  149
  1
  2
  3
  196
  197
  198
  199
  1
  2
  3
  200
  201
  202
  203
  204
  205
  1
  2
  3
  94
  95
  96
  97
  1
  2
  3
  62
  63
  64
  65
  66
  67
  1
  2
  3
  32
  33
  34
  35
  1
  2
  3
  206
  207
  208
  209
  1
  2
  3
  188
  189
  190
  191
  1
  2
  3
  160
  161
  162
  163
  1
  2
  3
  142
  143
  144
  145
  1
  2
  3
  130
  131
  132
  133
  1
  2
  3
  112
  113
  114
  115
  1
  2
  3
  90
  91
  92
  93
  1
  2
  3
  58
  59
  60
  61
  1
  2
  3
  28
  29
  30
  31
  1
  2
  3
  210
  211
  212
  213
  1
  2
  3
  210
  211
  212
  213
  1
  2
  3
  206
  207
  208
  209
  1
  2
  3
  184
  185
  186
  187
  1
  2
  3
  214
  215
  216
  217
  1
  2
  3
  178
  179
  180
  181
  182
  183
  1
  2
  3
  124
  125
  126
  127
  128
  129
  1
  2
  3
  174
  175
  176
  177
  1
  2
  3
  200
  201
  202
  203
  204
  205
  1
  2
  3
  196
  197
  198
  199
  1
  2
  3
  168
  169
  170
  171
  172
  173
  1
  2
  3
  218
  219
  220
  221
  222
  223
  1
  2
  3
  224
  225
  226
  227
  1
  2
  228
  1
  2
  228
  1
  229
  228
  1
  229
  228
  1
  229
  228
  1
  229
  228
  1
  229
  228
  1
  229
  228
  1
  229
  228
  1
  229
  228
  1
  229
  228
  1
  229
  228
  1
  229
  228
  1
  229
  228
  1
  229
  228
  1
  229
  228
  1
  229
  228
  1
  229
  228
  1
  229
  228
  1
  229
  228
  1
  229
  228
  1
  229
  228
  1
  229
  228
  1
  229
  228
  1
  229
  228
  1
  229
  228
  1
  229
  228
  1
  229
  228
  1
  229
  228
  1
  229
  228
  1
  229
  228
  1
  229
  228
  1
  229
  228
  1
  229
  228
  1
  229
  228
  1
  229
  228
  1
  229
  228
  1
  229
  228
  1
  229
  228
  1
  229
  228
  1
  229
  228
  1
  229
  228
  229
  228
  229
  228
  229
  228
  229
  228
  229
  229
  229
  229
------------------------------------------------------------
   this is the last line generated by conversion
